DATE,noaa_PRCP,noaa_TMIN,noaa_TMAX,noaa_AWND,noaa_WDF2,noaa_WSF2,noaa_SNWD,noaa_SNOW,noaa_WSF5,noaa_WDF5,noaa_TAVG
2012-01-01,,,,,,,,,,,
2012-01-02,0.5,-1.1,7.2,3.4,180.0,10.3,0.0,0.0,14.3,190.0,
2012-01-03,1.5,-3.5999999999999996,6.95,4.05,255.0,10.3,0.0,2.5,13.65,265.0,
2012-01-04,1.0,-7.599999999999999,2.6,4.5,280.0,9.833333333333334,0.0,3.3333333333333335,12.833333333333334,286.6666666666667,
2012-01-05,0.75,-10.0,0.42500000000000027,4.45,257.5,9.600000000000001,0.0,2.5,12.525,260.0,
2012-01-06,0.86,-10.34,-0.21999999999999975,4.28,244.0,9.280000000000001,10.2,10.6,12.34,248.0,
2012-01-07,0.7666666666666666,-10.383333333333333,0.2833333333333335,3.966666666666667,235.0,8.85,12.666666666666666,11.0,12.0,238.33333333333334,
2012-01-08,1.1285714285714286,-9.299999999999999,0.8000000000000002,3.542857142857143,247.14285714285714,8.857142857142858,14.428571428571429,10.857142857142858,11.757142857142856,250.0,
2012-01-09,0.9875,-9.3875,1.1125,3.575,257.5,8.8625,12.625,9.5,11.6875,260.0,
2012-01-10,0.8777777777777778,-9.455555555555556,1.177777777777778,3.5999999999999996,250.0,8.866666666666667,11.222222222222221,8.444444444444445,11.633333333333333,248.88888888888889,
2012-01-11,0.82,-9.01,1.3900000000000001,3.75,257.0,8.92,10.1,7.9,11.72,243.0,
2012-01-12,0.7454545454545454,-9.154545454545454,0.8090909090909091,3.5545454545454547,262.72727272727275,8.636363636363637,9.181818181818182,7.181818181818182,11.227272727272727,250.0,
2012-01-13,0.8083333333333332,-8.991666666666665,0.8833333333333333,3.4416666666666664,253.33333333333334,8.658333333333333,10.5,8.25,11.183333333333332,242.5,
2012-01-14,1.4923076923076921,-8.6,1.1153846153846154,3.4846153846153842,248.46153846153845,8.715384615384616,17.53846153846154,15.461538461538462,11.323076923076922,238.46153846153845,
2012-01-15,1.3857142857142857,-9.214285714285714,0.7999999999999999,3.5928571428571425,253.57142857142858,8.82857142857143,23.571428571428573,14.714285714285714,11.442857142857141,245.71428571428572,
2012-01-16,1.3499999999999999,-10.721428571428572,-0.7428571428571428,3.542857142857143,264.2857142857143,8.571428571428573,30.857142857142858,14.714285714285714,10.992857142857142,255.71428571428572,
2012-01-17,1.1714285714285713,-11.992857142857144,-1.3428571428571427,3.542857142857143,254.28571428571428,8.635714285714286,36.285714285714285,14.357142857142858,11.214285714285714,244.28571428571428,
2012-01-18,1.4785714285714284,-10.999999999999998,-0.5071428571428572,3.585714285714286,242.85714285714286,8.82857142857143,41.714285714285715,14.0,11.528571428571428,232.85714285714286,
2012-01-19,1.4785714285714284,-10.685714285714285,0.40714285714285714,3.7071428571428577,246.42857142857142,9.25,45.357142857142854,14.0,12.200000000000001,237.14285714285714,
2012-01-20,1.4428571428571428,-10.964285714285714,0.40714285714285714,3.7642857142857147,246.42857142857142,9.478571428571428,45.357142857142854,12.0,12.428571428571429,237.14285714285714,
2012-01-21,1.4428571428571426,-11.235714285714284,-0.028571428571428532,3.8928571428571432,252.85714285714286,9.700000000000001,45.357142857142854,12.0,12.62142857142857,243.57142857142858,
2012-01-22,1.3142857142857143,-12.228571428571428,-0.8214285714285714,3.9,252.85714285714286,9.35,47.214285714285715,12.928571428571429,12.207142857142856,244.28571428571428,
2012-01-23,1.3142857142857143,-12.864285714285714,-1.1785714285714286,3.814285714285714,241.42857142857142,9.285714285714286,50.857142857142854,12.928571428571429,12.235714285714286,232.85714285714286,
2012-01-24,1.5714285714285714,-12.307142857142859,-0.8214285714285714,3.9071428571428575,240.0,9.385714285714286,52.642857142857146,12.928571428571429,12.457142857142857,234.28571428571428,
2012-01-25,1.5857142857142856,-11.792857142857143,-0.5,3.771428571428572,230.0,9.285714285714286,52.642857142857146,12.714285714285714,12.328571428571431,233.57142857142858,
2012-01-26,1.5857142857142856,-11.271428571428572,0.014285714285714362,3.9214285714285713,228.57142857142858,9.442857142857145,52.642857142857146,12.714285714285714,12.771428571428572,232.14285714285714,
2012-01-27,1.7142857142857142,-11.235714285714284,-0.028571428571428487,3.835714285714286,235.71428571428572,9.092857142857143,52.642857142857146,13.857142857142858,12.328571428571431,239.28571428571428,
2012-01-28,2.0,-11.035714285714283,0.05000000000000008,3.8071428571428574,242.85714285714286,9.092857142857143,47.142857142857146,6.928571428571429,12.357142857142858,247.85714285714286,
2012-01-29,2.0357142857142856,-9.764285714285714,0.6000000000000002,3.7500000000000004,237.85714285714286,8.928571428571429,39.857142857142854,6.928571428571429,12.257142857142858,235.0,
2012-01-30,2.0357142857142856,-8.335714285714285,1.828571428571429,3.8642857142857143,231.42857142857142,9.15,32.57142857142857,6.928571428571429,12.707142857142857,229.28571428571428,
2012-01-31,2.0714285714285716,-7.107142857142857,1.9071428571428573,3.7642857142857147,242.14285714285714,9.085714285714287,28.928571428571427,7.857142857142857,12.385714285714284,240.71428571428572,
2012-02-01,1.8714285714285714,-7.421428571428571,1.5500000000000003,3.45,238.57142857142858,8.578571428571427,23.5,9.642857142857142,11.685714285714285,237.85714285714286,
2012-02-02,2.1285714285714286,-6.464285714285714,1.6642857142857146,3.25,245.0,8.221428571428572,19.857142857142858,9.857142857142858,11.014285714285714,244.28571428571428,
2012-02-03,2.0714285714285716,-5.942857142857143,1.9428571428571433,3.207142857142857,232.14285714285714,7.935714285714286,16.214285714285715,9.0,10.62857142857143,230.71428571428572,
2012-02-04,2.0500000000000003,-5.55,2.135714285714286,3.0142857142857147,225.0,7.557142857142858,14.428571428571429,8.285714285714286,10.114285714285716,223.57142857142858,
2012-02-05,2.0142857142857147,-5.1499999999999995,2.5285714285714285,3.15,226.42857142857142,7.971428571428572,12.571428571428571,7.571428571428571,10.621428571428572,223.57142857142858,
2012-02-06,2.0142857142857147,-4.75,2.528571428571429,3.0500000000000003,227.85714285714286,7.785714285714286,10.714285714285714,7.571428571428571,10.307142857142855,224.28571428571428,
2012-02-07,1.7571428571428573,-4.828571428571429,2.7642857142857147,3.0,230.0,7.685714285714286,8.928571428571429,7.571428571428571,10.085714285714285,225.71428571428572,
2012-02-08,1.7214285714285715,-5.578571428571429,2.521428571428572,3.071428571428572,240.71428571428572,7.750000000000001,8.928571428571429,7.571428571428571,10.085714285714285,236.42857142857142,
2012-02-09,1.7214285714285715,-6.178571428571429,2.4071428571428575,3.0,232.85714285714286,7.628571428571429,8.928571428571429,7.571428571428571,9.735714285714284,227.85714285714286,
2012-02-10,1.4857142857142858,-6.335714285714286,2.8071428571428574,3.007142857142857,229.28571428571428,7.6642857142857155,7.142857142857143,5.0,9.89285714285714,222.85714285714286,
2012-02-11,0.5071428571428571,-6.692857142857142,2.807142857142857,2.9285714285714284,222.85714285714286,7.471428571428572,5.357142857142857,4.642857142857143,9.635714285714286,214.28571428571428,
2012-02-12,0.5285714285714286,-7.807142857142858,2.45,2.9285714285714284,227.85714285714286,7.571428571428571,7.142857142857143,5.357142857142857,9.571428571428571,225.71428571428572,
2012-02-13,0.5285714285714286,-8.721428571428572,1.6142857142857143,2.914285714285714,233.57142857142858,7.507142857142858,8.928571428571429,5.571428571428571,9.37857142857143,231.42857142857142,
2012-02-14,0.5142857142857143,-8.957142857142857,1.7,2.8214285714285716,233.57142857142858,7.157142857142858,8.928571428571429,5.714285714285714,9.064285714285713,227.14285714285714,
2012-02-15,0.40714285714285714,-8.8,1.9357142857142857,3.0142857142857147,238.57142857142858,7.407142857142858,8.928571428571429,3.9285714285714284,9.414285714285715,232.14285714285714,
2012-02-16,0.17142857142857143,-8.921428571428573,1.742857142857143,2.85,227.85714285714286,7.0928571428571425,8.928571428571429,3.9285714285714284,9.064285714285715,221.42857142857142,
2012-02-17,0.2285714285714286,-8.328571428571427,2.064285714285714,2.814285714285714,240.0,7.278571428571428,8.928571428571429,3.7142857142857144,9.321428571428571,233.57142857142858,
2012-02-18,0.2285714285714286,-7.571428571428571,2.542857142857143,3.0142857142857147,240.71428571428572,7.628571428571428,8.928571428571429,3.5,9.864285714285714,234.28571428571428,
2012-02-19,0.15714285714285717,-6.935714285714285,2.9785714285714286,3.0142857142857147,237.85714285714286,7.471428571428571,7.142857142857143,2.5714285714285716,9.735714285714286,232.14285714285714,
2012-02-20,0.15714285714285717,-6.385714285714286,3.2214285714285715,3.107142857142857,248.57142857142858,7.6000000000000005,5.357142857142857,2.5714285714285716,9.921428571428569,243.57142857142858,
2012-02-21,0.15714285714285717,-6.742857142857142,2.4642857142857144,2.935714285714286,235.0,7.442857142857143,5.357142857142857,2.5714285714285716,9.692857142857141,230.0,
2012-02-22,0.15714285714285717,-6.821428571428571,2.4642857142857144,2.9142857142857146,224.28571428571428,7.571428571428571,5.357142857142857,2.5714285714285716,9.985714285714286,220.0,
2012-02-23,0.33571428571428574,-5.828571428571429,3.1357142857142857,3.085714285714286,223.57142857142858,7.792857142857143,5.357142857142857,2.5714285714285716,10.371428571428572,219.28571428571428,
2012-02-24,0.6071428571428571,-5.471428571428572,3.0571428571428574,3.1785714285714284,228.57142857142858,7.95,5.357142857142857,3.2857142857142856,10.528571428571428,224.28571428571428,
2012-02-25,1.207142857142857,-5.314285714285714,2.9,3.1214285714285714,225.0,7.95,5.357142857142857,8.714285714285714,10.4,223.57142857142858,
2012-02-26,1.1500000000000001,-4.678571428571429,3.064285714285714,3.2571428571428567,222.14285714285714,8.107142857142858,9.0,7.642857142857143,10.785714285714286,221.42857142857142,
2012-02-27,1.1500000000000001,-4.321428571428571,3.5000000000000004,3.2214285714285715,220.71428571428572,8.042857142857143,12.642857142857142,7.428571428571429,10.757142857142856,220.0,
2012-02-28,1.1500000000000001,-4.4,3.8142857142857145,3.378571428571429,209.28571428571428,8.42142857142857,14.5,6.357142857142857,11.357142857142858,213.57142857142858,
2012-02-29,1.1714285714285715,-4.757142857142857,3.735714285714286,3.3428571428571425,219.28571428571428,8.65,18.142857142857142,7.071428571428571,11.614285714285716,222.85714285714286,
2012-03-01,1.207142857142857,-5.314285714285715,3.378571428571429,3.4285714285714284,215.71428571428572,8.714285714285714,21.785714285714285,7.571428571428571,11.678571428571429,218.57142857142858,
2012-03-02,1.4214285714285713,-5.471428571428572,3.021428571428572,3.4285714285714284,214.28571428571428,8.685714285714287,29.071428571428573,11.571428571428571,11.642857142857142,217.85714285714286,
2012-03-03,1.4214285714285713,-5.75,2.8214285714285716,3.4571428571428577,212.14285714285714,8.714285714285714,36.357142857142854,11.571428571428571,11.678571428571429,216.42857142857142,
2012-03-04,1.4785714285714284,-5.55,3.2214285714285715,3.6714285714285717,205.0,8.935714285714287,36.357142857142854,11.571428571428571,12.092857142857143,212.14285714285714,
2012-03-05,1.5357142857142858,-5.821428571428571,3.378571428571429,3.7642857142857147,197.85714285714286,9.057142857142857,36.357142857142854,13.357142857142858,12.285714285714286,202.85714285714286,
2012-03-06,1.592857142857143,-6.142857142857143,3.0214285714285714,3.878571428571429,220.0,9.121428571428572,36.357142857142854,14.285714285714286,12.385714285714286,224.28571428571428,
2012-03-07,1.592857142857143,-6.585714285714286,2.7857142857142856,3.757142857142857,219.28571428571428,8.807142857142857,38.142857142857146,14.285714285714286,12.028571428571427,223.57142857142858,
2012-03-08,1.4142857142857144,-6.664285714285714,3.021428571428572,3.942857142857143,220.0,8.964285714285714,38.142857142857146,14.285714285714286,12.342857142857142,222.85714285714286,
2012-03-09,1.3214285714285714,-6.028571428571428,3.771428571428572,4.385714285714285,213.57142857142858,9.442857142857141,38.142857142857146,13.571428571428571,13.014285714285716,217.14285714285714,
2012-03-10,0.7928571428571428,-5.95,3.9285714285714293,4.521428571428571,225.71428571428572,9.700000000000001,39.92857142857143,9.071428571428571,13.371428571428572,227.14285714285714,
2012-03-11,0.9214285714285715,-5.95,3.9285714285714297,4.271428571428571,218.57142857142858,9.35,34.5,12.142857142857142,12.857142857142858,219.28571428571428,
2012-03-12,0.9214285714285715,-5.314285714285715,5.042857142857144,4.364285714285715,211.42857142857142,9.47857142857143,29.071428571428573,12.142857142857142,13.014285714285714,211.42857142857142,
2012-03-13,0.9,-4.6000000000000005,5.9142857142857155,4.114285714285715,212.85714285714286,8.971428571428572,25.428571428571427,12.142857142857142,12.285714285714286,213.57142857142858,
2012-03-14,1.0571428571428572,-3.4071428571428575,7.1000000000000005,4.142857142857143,202.85714285714286,8.842857142857143,21.785714285714285,11.428571428571429,12.221428571428572,203.57142857142858,
2012-03-15,1.0571428571428572,-2.692857142857143,8.05,4.1571428571428575,217.85714285714286,8.842857142857143,18.142857142857142,10.714285714285714,12.221428571428572,219.28571428571428,
2012-03-16,0.9500000000000001,-2.492857142857143,9.0,4.042857142857143,217.85714285714286,8.742857142857144,10.857142857142858,6.714285714285714,12.092857142857143,220.0,
2012-03-17,1.1642857142857144,-1.9785714285714289,9.400000000000002,4.014285714285714,220.0,8.742857142857144,3.5714285714285716,6.714285714285714,12.057142857142859,222.85714285714286,
2012-03-18,1.1071428571428572,-1.785714285714286,9.835714285714287,3.7,218.57142857142858,8.364285714285714,3.5714285714285716,6.714285714285714,11.457142857142857,220.0,
2012-03-19,1.05,-0.35714285714285715,11.299999999999999,3.771428571428572,215.0,8.428571428571429,3.5714285714285716,4.928571428571429,11.457142857142857,219.28571428571428,
2012-03-20,0.9928571428571428,1.2285714285714289,13.564285714285715,3.6571428571428575,205.71428571428572,8.364285714285714,3.5714285714285716,4.0,11.357142857142858,210.71428571428572,
2012-03-21,0.9928571428571428,2.935714285714286,15.392857142857142,3.5714285714285716,208.57142857142858,8.3,1.7857142857142858,4.0,11.135714285714286,212.85714285714286,
2012-03-22,0.9928571428571428,3.528571428571429,16.385714285714283,3.2214285714285715,207.85714285714286,7.985714285714287,1.7857142857142858,4.0,10.564285714285715,214.28571428571428,
2012-03-23,0.8142857142857142,4.2,17.178571428571427,2.878571428571429,220.0,7.6000000000000005,1.7857142857142858,4.0,10.021428571428572,226.42857142857142,
2012-03-24,0.7428571428571428,4.992857142857143,18.17142857142857,2.857142857142857,222.14285714285714,7.435714285714286,0.0,3.0714285714285716,9.857142857142858,228.57142857142858,
2012-03-25,0.6499999999999998,5.6642857142857155,18.642857142857142,2.857142857142857,231.42857142857142,7.342857142857143,0.0,0.0,9.7,240.0,
2012-03-26,0.7071428571428571,6.057142857142857,18.364285714285717,2.7642857142857147,229.28571428571428,7.185714285714286,0.0,0.0,9.507142857142856,237.85714285714286,
2012-03-27,0.8714285714285713,5.935714285714285,17.692857142857143,3.378571428571429,239.28571428571428,7.985714285714286,0.0,0.0,10.428571428571429,246.42857142857142,
2012-03-28,0.6928571428571428,4.978571428571429,16.54285714285714,3.378571428571429,250.0,8.114285714285716,0.0,0.0,10.464285714285714,256.42857142857144,
2012-03-29,0.7285714285714285,4.9,16.22142857142857,3.564285714285714,239.28571428571428,8.557142857142859,0.0,0.0,11.099999999999998,243.57142857142858,
2012-03-30,0.5642857142857143,4.8999999999999995,15.464285714285714,3.75,250.71428571428572,8.621428571428572,0.0,0.0,11.135714285714286,253.57142857142858,
2012-03-31,0.35,4.342857142857143,15.22857142857143,3.7428571428571433,260.0,8.621428571428572,0.0,0.0,11.071428571428571,261.42857142857144,
2012-04-01,0.35,3.985714285714286,14.714285714285717,3.7500000000000004,270.0,8.65,0.0,0.0,11.035714285714286,270.0,
2012-04-02,0.3857142857142857,2.9499999999999997,13.607142857142858,3.4785714285714286,281.42857142857144,8.27142857142857,0.0,0.0,10.557142857142859,280.7142857142857,
2012-04-03,0.3857142857142857,2.3214285714285716,12.414285714285713,3.685714285714286,292.14285714285717,8.592857142857143,0.0,0.0,11.042857142857144,291.42857142857144,
2012-04-04,0.3857142857142857,1.5714285714285716,11.264285714285714,3.8285714285714287,301.42857142857144,8.75,0.0,0.0,11.264285714285714,302.14285714285717,
2012-04-05,0.4214285714285714,1.0571428571428574,10.192857142857145,3.9214285714285717,312.85714285714283,9.035714285714286,0.0,0.0,11.65,312.85714285714283,
2012-04-06,0.4214285714285714,0.1500000000000001,8.685714285714287,4.0357142857142865,310.7142857142857,9.135714285714286,0.0,0.0,11.778571428571428,311.42857142857144,
2012-04-07,0.4214285714285714,-0.3642857142857142,7.971428571428572,4.142857142857143,309.2857142857143,9.235714285714286,0.0,0.0,11.942857142857145,287.14285714285717,
2012-04-08,0.3857142857142857,-0.6428571428571427,7.971428571428572,4.192857142857143,287.85714285714283,9.421428571428573,0.0,0.0,12.264285714285714,264.2857142857143,
2012-04-09,0.32857142857142857,-0.7214285714285714,8.171428571428573,4.121428571428572,300.0,9.357142857142858,0.0,0.0,12.042857142857143,275.0,
2012-04-10,0.2928571428571428,-0.2071428571428571,8.207142857142857,3.735714285714286,295.7142857142857,8.871428571428572,0.0,0.0,11.535714285714286,270.7142857142857,
2012-04-11,0.5857142857142856,0.5071428571428572,8.642857142857142,3.6214285714285714,285.0,8.55,0.0,0.0,11.178571428571429,260.7142857142857,
2012-04-12,0.6214285714285713,0.7428571428571429,8.807142857142857,3.4214285714285713,295.0,8.171428571428573,0.0,0.0,10.671428571428569,272.14285714285717,
2012-04-13,0.6214285714285713,0.9357142857142858,9.564285714285715,3.3500000000000005,296.42857142857144,8.049999999999999,0.0,0.0,10.735714285714286,272.14285714285717,
2012-04-14,0.6214285714285713,1.0928571428571427,10.392857142857142,3.192857142857143,294.2857142857143,7.764285714285714,0.0,0.0,10.478571428571428,272.85714285714283,
2012-04-15,0.6214285714285713,1.2571428571428573,11.228571428571428,3.221428571428572,285.0,7.828571428571428,0.0,0.0,10.635714285714286,263.57142857142856,
2012-04-16,0.5857142857142856,2.4499999999999997,12.221428571428572,3.45,273.57142857142856,8.242857142857144,0.0,0.0,11.15,252.14285714285714,
2012-04-17,0.5857142857142856,3.6,13.65,3.5142857142857147,262.14285714285717,8.178571428571429,0.0,0.0,11.05,247.14285714285714,
2012-04-18,0.5857142857142856,4.1571428571428575,14.4,3.6357142857142857,259.2857142857143,8.335714285714285,0.0,0.0,11.371428571428572,241.42857142857142,
2012-04-19,0.5499999999999999,4.121428571428571,14.47857142857143,3.55,260.0,8.05,0.0,0.0,10.95,242.85714285714286,
2012-04-20,0.5499999999999999,4.0,15.671428571428573,3.3785714285714286,250.71428571428572,8.014285714285716,0.0,0.0,10.95,232.85714285714286,
2012-04-21,0.5499999999999999,4.435714285714286,16.385714285714286,3.2142857142857144,240.71428571428572,8.042857142857143,0.0,0.0,10.978571428571428,246.42857142857142,
2012-04-22,1.2785714285714285,4.714285714285714,17.021428571428572,3.342857142857143,252.85714285714286,8.235714285714286,0.0,0.0,11.200000000000001,257.85714285714283,
2012-04-23,1.9714285714285713,4.557142857142857,16.542857142857144,3.521428571428572,252.85714285714286,8.328571428571427,0.0,0.0,11.392857142857142,259.2857142857143,
2012-04-24,3.8,4.4,16.821428571428573,3.535714285714286,245.71428571428572,8.27142857142857,0.0,0.0,11.328571428571427,252.14285714285714,
2012-04-25,3.8,4.442857142857143,16.864285714285717,3.8285714285714287,245.0,8.685714285714285,0.0,0.0,11.842857142857142,252.85714285714286,
2012-04-26,3.764285714285714,4.521428571428571,16.742857142857144,3.9214285714285717,243.57142857142858,8.685714285714285,0.0,0.0,11.935714285714287,245.0,
2012-04-27,4.507142857142857,4.4071428571428575,16.742857142857144,3.8928571428571432,233.57142857142858,8.871428571428572,0.0,0.0,12.0,236.42857142857142,
2012-04-28,4.542857142857143,4.45,16.107142857142858,4.192857142857142,236.42857142857142,9.221428571428572,0.0,0.0,12.385714285714286,235.0,
2012-04-29,4.542857142857143,4.328571428571428,15.307142857142859,4.357142857142858,245.71428571428572,9.442857142857145,0.0,0.0,12.55,244.28571428571428,
2012-04-30,4.542857142857143,3.178571428571428,14.392857142857142,4.35,255.0,9.535714285714286,0.0,0.0,12.735714285714286,254.28571428571428,
2012-05-01,4.542857142857143,1.7857142857142858,13.321428571428571,4.014285714285714,260.0,9.121428571428572,0.0,0.0,12.192857142857141,253.57142857142858,
2012-05-02,5.378571428571428,1.9,12.685714285714285,3.878571428571429,251.42857142857142,8.935714285714285,0.0,0.0,11.87142857142857,245.71428571428572,
2012-05-03,5.507142857142857,2.3714285714285714,12.964285714285717,3.9,235.0,8.992857142857144,0.0,0.0,11.935714285714287,229.28571428571428,
2012-05-04,5.742857142857142,3.1285714285714286,12.528571428571428,3.9571428571428577,234.28571428571428,8.9,0.0,0.0,11.778571428571428,230.0,
2012-05-05,6.471428571428571,3.407142857142857,12.564285714285715,4.021428571428571,245.71428571428572,8.935714285714285,0.0,0.0,11.814285714285715,240.71428571428572,
2012-05-06,5.742857142857142,3.4857142857142853,12.364285714285716,3.992857142857143,258.57142857142856,8.714285714285714,0.0,0.0,11.75,251.42857142857142,
2012-05-07,5.049999999999999,3.4857142857142853,13.278571428571428,3.807142857142857,257.14285714285717,8.842857142857143,0.0,0.0,11.907142857142858,249.28571428571428,
2012-05-08,3.0928571428571425,3.4071428571428575,13.992857142857144,3.6642857142857146,256.42857142857144,8.9,0.0,0.0,12.064285714285715,250.0,
2012-05-09,5.028571428571429,3.8428571428571425,14.507142857142856,3.592857142857143,256.42857142857144,8.935714285714287,0.0,0.0,12.321428571428571,248.57142857142858,
2012-05-10,5.514285714285714,4.3999999999999995,15.264285714285714,3.4928571428571433,246.42857142857142,8.807142857142857,0.0,0.0,12.035714285714286,245.71428571428572,
2012-05-11,5.299999999999999,4.835714285714286,15.221428571428573,3.514285714285714,255.71428571428572,8.742857142857144,0.0,0.0,11.935714285714285,252.14285714285714,
2012-05-12,5.264285714285713,5.192857142857143,15.935714285714287,3.378571428571429,255.0,8.65,0.0,0.0,11.742857142857144,252.85714285714286,
2012-05-13,5.264285714285713,5.428571428571429,17.05,3.2,245.0,8.364285714285716,0.0,0.0,11.457142857142856,242.85714285714286,
2012-05-14,5.299999999999999,6.578571428571429,17.842857142857145,3.028571428571429,223.57142857142858,7.95,0.0,0.0,10.857142857142858,220.0,
2012-05-15,5.299999999999999,7.614285714285714,18.521428571428572,3.1785714285714284,219.28571428571428,8.2,0.0,0.0,11.207142857142857,214.28571428571428,
2012-05-16,5.3500000000000005,8.214285714285714,18.921428571428574,3.235714285714286,218.57142857142858,8.135714285714286,0.0,0.0,11.178571428571429,215.0,
2012-05-17,5.6000000000000005,8.571428571428571,19.521428571428572,3.3000000000000003,223.57142857142858,8.3,0.0,0.0,11.407142857142857,227.14285714285714,
2012-05-18,5.364285714285715,8.292857142857143,19.6,3.271428571428572,233.57142857142858,8.3,0.0,0.0,11.5,233.57142857142858,
2012-05-19,4.635714285714286,7.778571428571429,19.842857142857145,3.1857142857142864,220.71428571428572,7.950000000000001,0.0,0.0,11.021428571428572,221.42857142857142,
2012-05-20,4.635714285714286,8.02142857142857,20.83571428571429,2.9214285714285717,215.71428571428572,7.6642857142857155,0.0,0.0,10.45,209.28571428571428,
2012-05-21,4.635714285714286,8.778571428571428,21.785714285714285,2.8642857142857143,210.0,7.3500000000000005,0.0,0.0,10.071428571428571,205.71428571428572,
2012-05-22,4.6571428571428575,9.85,22.142857142857142,2.935714285714286,210.71428571428572,7.228571428571429,0.0,0.0,9.75,204.28571428571428,
2012-05-23,2.6999999999999997,10.207142857142857,22.621428571428574,2.6857142857142864,218.57142857142858,6.778571428571429,0.0,0.0,8.97857142857143,212.85714285714286,
2012-05-24,2.3785714285714286,10.328571428571431,22.778571428571432,2.7285714285714286,230.71428571428572,6.871428571428572,0.0,0.0,9.042857142857143,225.0,
2012-05-25,1.8499999999999999,10.721428571428572,23.814285714285713,2.778571428571429,220.71428571428572,6.871428571428572,0.0,0.0,9.042857142857143,219.28571428571428,
2012-05-26,1.8499999999999999,11.792857142857143,24.37142857142857,2.95,210.71428571428572,6.935714285714285,0.0,0.0,9.392857142857142,210.0,
2012-05-27,1.8499999999999999,12.707142857142857,24.571428571428573,2.9857142857142853,223.57142857142858,7.035714285714286,0.0,0.0,9.642857142857142,210.71428571428572,
2012-05-28,1.8142857142857143,12.585714285714285,24.85,2.9714285714285715,245.71428571428572,7.071428571428571,0.0,0.0,9.642857142857142,233.57142857142858,
2012-05-29,1.8142857142857143,12.664285714285715,25.12857142857143,2.85,233.57142857142858,6.885714285714286,0.0,0.0,9.328571428571427,242.85714285714286,
2012-05-30,1.8142857142857143,12.742857142857146,26.07857142857143,2.914285714285714,234.28571428571428,7.235714285714287,0.0,0.0,9.771428571428572,244.28571428571428,
2012-05-31,1.4357142857142857,12.985714285714286,26.192857142857147,2.7571428571428576,234.28571428571428,7.042857142857143,0.0,0.0,9.578571428571427,237.85714285714286,
2012-06-01,1.4357142857142857,13.221428571428573,26.50714285714286,2.6999999999999997,236.42857142857142,7.071428571428571,0.0,0.0,9.514285714285716,241.42857142857142,
2012-06-02,1.4357142857142857,13.5,26.50714285714286,2.692857142857143,235.71428571428572,7.257142857142857,0.0,0.0,9.928571428571429,240.71428571428572,
2012-06-03,1.9428571428571428,13.735714285714286,25.75714285714286,2.778571428571429,227.14285714285714,7.571428571428571,0.0,0.0,10.37142857142857,240.71428571428572,
2012-06-04,1.9785714285714284,13.771428571428572,25.121428571428574,2.8071428571428574,217.85714285714286,7.664285714285714,0.0,0.0,10.428571428571429,230.71428571428572,
2012-06-05,2.3214285714285716,13.292857142857143,24.25,2.75,207.14285714285714,7.728571428571429,0.0,0.0,10.528571428571428,220.71428571428572,
2012-06-06,2.0500000000000003,12.814285714285715,24.092857142857145,2.7571428571428576,211.42857142857142,7.921428571428571,0.0,0.0,10.692857142857141,225.0,
2012-06-07,1.8499999999999999,12.492857142857142,24.014285714285712,2.6714285714285717,190.71428571428572,7.957142857142857,0.0,0.0,10.821428571428571,203.57142857142858,
2012-06-08,1.8499999999999999,12.414285714285715,23.771428571428572,2.5142857142857147,200.71428571428572,7.771428571428571,0.0,0.0,10.564285714285713,211.42857142857142,
2012-06-09,2.5785714285714287,11.778571428571428,23.650000000000002,2.2214285714285715,211.42857142857142,7.735714285714287,0.0,0.0,10.314285714285713,221.42857142857142,
2012-06-10,2.5785714285714287,11.342857142857143,23.49285714285714,2.1428571428571432,210.0,7.542857142857143,0.0,0.0,10.028571428571428,233.57142857142858,
2012-06-11,2.5785714285714287,11.342857142857143,23.771428571428572,2.085714285714286,210.0,7.3500000000000005,0.0,0.0,10.085714285714287,235.0,
2012-06-12,2.5785714285714287,11.657142857142857,23.885714285714283,2.3285714285714287,221.42857142857142,7.664285714285714,0.0,0.0,10.592857142857143,225.71428571428572,
2012-06-13,2.0571428571428574,11.85,23.492857142857144,2.4928571428571433,222.14285714285714,7.757142857142857,0.0,0.0,10.692857142857141,224.28571428571428,
2012-06-14,2.257142857142857,11.492857142857142,23.178571428571427,2.635714285714286,232.85714285714286,7.757142857142857,0.0,0.0,10.757142857142856,222.14285714285714,
2012-06-15,2.257142857142857,11.492857142857142,23.378571428571426,2.6428571428571432,231.42857142857142,7.757142857142857,0.0,0.0,10.728571428571428,198.57142857142858,
2012-06-16,2.257142857142857,11.650000000000002,23.614285714285717,2.5785714285714287,243.57142857142858,7.571428571428571,0.0,0.0,10.278571428571428,210.0,
2012-06-17,1.75,11.728571428571428,24.442857142857143,2.585714285714286,244.28571428571428,7.478571428571429,0.0,0.0,10.121428571428572,211.42857142857142,
2012-06-18,1.7142857142857142,12.12857142857143,24.842857142857145,2.7928571428571436,250.0,7.635714285714286,0.0,0.0,10.47857142857143,215.0,
2012-06-19,1.3499999999999999,12.685714285714285,25.6,3.0285714285714285,260.0,7.821428571428571,0.0,0.0,10.735714285714286,225.0,
2012-06-20,1.3499999999999999,13.285714285714286,25.957142857142856,3.278571428571429,248.57142857142858,7.885714285714286,0.0,0.0,10.892857142857144,213.57142857142858,
2012-06-21,1.292857142857143,14.242857142857144,26.907142857142855,3.3714285714285714,257.85714285714283,7.8500000000000005,0.0,0.0,10.892857142857142,224.28571428571428,
2012-06-22,1.292857142857143,15.0,27.742857142857144,3.435714285714286,255.0,7.814285714285715,0.0,0.0,10.892857142857142,222.14285714285714,
2012-06-23,0.5642857142857143,15.678571428571429,28.099999999999998,3.435714285714286,253.57142857142858,7.628571428571428,0.0,0.0,10.664285714285715,221.42857142857142,
2012-06-24,0.5642857142857143,16.035714285714285,28.13571428571429,3.528571428571429,252.85714285714286,7.821428571428572,0.0,0.0,10.857142857142858,219.28571428571428,
2012-06-25,0.7285714285714285,16.035714285714285,28.17142857142857,3.6142857142857143,250.71428571428572,8.2,0.0,0.0,11.114285714285714,216.42857142857142,
2012-06-26,1.292857142857143,15.8,27.735714285714288,3.4285714285714284,258.57142857142856,8.014285714285714,0.0,0.0,10.857142857142858,226.42857142857142,
2012-06-27,2.9428571428571426,15.364285714285714,27.057142857142857,3.1642857142857146,267.85714285714283,7.664285714285714,0.0,0.0,10.407142857142857,235.0,
2012-06-28,3.414285714285714,15.599999999999998,26.857142857142858,3.1142857142857143,266.42857142857144,7.757142857142857,0.0,0.0,10.342857142857143,245.0,
2012-06-29,3.557142857142857,16.035714285714285,27.057142857142857,3.021428571428572,256.42857142857144,7.571428571428571,0.0,0.0,10.085714285714285,258.57142857142856,
2012-06-30,3.5928571428571425,16.47142857142857,27.571428571428573,3.185714285714286,255.0,7.757142857142858,0.0,0.0,10.5,249.28571428571428,
2012-07-01,3.5928571428571425,16.871428571428574,27.814285714285717,3.25,262.85714285714283,7.792857142857143,0.0,0.0,10.592857142857142,254.28571428571428,
2012-07-02,3.7357142857142853,16.871428571428574,27.892857142857142,3.0642857142857145,273.57142857142856,7.7,0.0,0.0,10.364285714285714,242.85714285714286,
2012-07-03,3.7357142857142853,16.757142857142856,28.085714285714285,2.771428571428572,285.7142857142857,7.414285714285714,0.0,0.0,10.135714285714286,255.0,
2012-07-04,3.807142857142857,16.47857142857143,28.24285714285714,2.471428571428572,294.2857142857143,7.064285714285715,0.0,0.0,9.849999999999998,265.7142857142857,
2012-07-05,6.3500000000000005,16.15714285714286,28.042857142857144,2.4571428571428577,304.2857142857143,8.214285714285714,0.0,0.0,11.192857142857145,275.0,
2012-07-06,6.3500000000000005,15.757142857142856,27.328571428571426,2.4714285714285715,284.2857142857143,8.214285714285714,0.0,0.0,11.192857142857145,279.2857142857143,
2012-07-07,6.3500000000000005,15.357142857142858,27.414285714285715,2.457142857142857,275.7142857142857,8.114285714285714,0.0,0.0,11.035714285714286,270.0,
2012-07-08,6.3500000000000005,15.792857142857143,27.65,2.4071428571428575,275.7142857142857,8.05,0.0,0.0,10.907142857142857,269.2857142857143,
2012-07-09,6.185714285714285,16.071428571428573,27.414285714285715,2.5571428571428574,277.14285714285717,8.05,0.0,0.0,10.842857142857143,269.2857142857143,
2012-07-10,5.621428571428571,15.914285714285715,27.535714285714285,2.5785714285714287,280.0,8.07857142857143,0.0,0.0,10.878571428571428,270.7142857142857,
2012-07-11,3.6071428571428568,15.721428571428573,28.292857142857144,2.4714285714285715,279.2857142857143,8.014285714285714,0.0,0.0,10.75,272.14285714285717,
2012-07-12,2.9357142857142855,15.564285714285715,29.00714285714286,2.314285714285714,274.2857142857143,7.635714285714286,0.0,0.0,10.464285714285714,268.57142857142856,
2012-07-13,2.7928571428571423,15.407142857142857,29.364285714285717,2.3214285714285716,275.0,7.571428571428571,0.0,0.0,10.4,267.85714285714283,
2012-07-14,2.7571428571428567,15.37142857142857,29.407142857142855,2.1642857142857146,266.42857142857144,7.45,0.0,0.0,10.078571428571427,266.42857142857144,
2012-07-15,2.7571428571428567,15.37142857142857,29.485714285714284,2.0785714285714287,259.2857142857143,7.450000000000001,0.0,0.0,10.05,262.14285714285717,
2012-07-16,2.778571428571428,15.485714285714286,29.72142857142857,2.092857142857143,249.28571428571428,7.45,0.0,0.0,10.085714285714285,274.2857142857143,
2012-07-17,2.9571428571428564,15.842857142857143,29.92142857142857,2.107142857142857,249.28571428571428,7.45,0.0,0.0,9.928571428571429,272.85714285714283,
2012-07-18,4.1,16.321428571428573,30.278571428571432,2.2357142857142858,245.0,7.892857142857143,0.0,0.0,10.314285714285715,265.0,
2012-07-19,1.5571428571428567,16.128571428571426,29.921428571428574,2.2214285714285715,222.85714285714286,6.807142857142857,0.0,0.0,9.128571428571428,265.7142857142857,
2012-07-20,1.5571428571428567,15.771428571428572,29.8,2.178571428571429,247.85714285714286,6.9071428571428575,0.0,0.0,9.292857142857144,242.14285714285714,
2012-07-21,1.5571428571428567,15.492857142857144,29.442857142857143,2.1285714285714286,259.2857142857143,6.9071428571428575,0.0,0.0,9.292857142857143,250.71428571428572,
2012-07-22,1.5571428571428567,14.9,29.407142857142855,2.15,248.57142857142858,6.871428571428571,0.0,0.0,9.321428571428571,241.42857142857142,
2012-07-23,1.5571428571428567,15.257142857142856,29.807142857142853,2.1428571428571432,239.28571428571428,6.778571428571429,0.0,0.0,9.450000000000001,232.85714285714286,
2012-07-24,3.7714285714285714,15.849999999999998,30.321428571428573,2.3000000000000003,237.85714285714286,7.192857142857142,0.0,0.0,10.021428571428572,231.42857142857142,
2012-07-25,3.7928571428571423,16.442857142857143,30.400000000000002,2.607142857142857,239.28571428571428,7.735714285714287,0.0,0.0,10.692857142857141,231.42857142857142,
2012-07-26,3.7928571428571423,16.72142857142857,30.12142857142857,2.757142857142857,245.71428571428572,8.049999999999999,0.0,0.0,10.942857142857141,236.42857142857142,
2012-07-27,4.1,17.0,29.328571428571426,2.757142857142857,245.71428571428572,8.114285714285714,0.0,0.0,10.97857142857143,236.42857142857142,
2012-07-28,4.1,17.15714285714286,28.892857142857142,2.8428571428571425,255.71428571428572,8.142857142857142,0.0,0.0,10.950000000000001,247.85714285714286,
2012-07-29,4.1,17.035714285714285,28.492857142857144,2.742857142857143,265.0,8.17142857142857,0.0,0.0,10.885714285714286,257.14285714285717,
2012-07-30,3.9357142857142855,16.84285714285714,28.257142857142856,2.714285714285715,275.0,7.914285714285714,0.0,0.0,10.6,266.42857142857144,
2012-07-31,3.7571428571428567,16.642857142857142,28.22142857142857,2.7857142857142856,265.0,7.978571428571429,0.0,0.0,10.628571428571428,256.42857142857144,
2012-08-01,2.5428571428571423,16.72142857142857,28.021428571428572,2.9,260.7142857142857,7.85,0.0,0.0,10.528571428571428,253.57142857142858,
2012-08-02,2.5428571428571423,16.992857142857144,28.178571428571427,2.8857142857142857,273.57142857142856,7.721428571428572,0.0,0.0,10.214285714285714,244.28571428571428,
2012-08-03,2.5428571428571423,17.392857142857142,28.657142857142862,2.842857142857143,262.14285714285717,7.6571428571428575,0.0,0.0,9.928571428571429,256.42857142857144,
2012-08-04,2.5428571428571423,18.02857142857143,29.17142857142857,2.8857142857142857,237.85714285714286,7.692857142857143,0.0,0.0,9.957142857142857,235.0,
2012-08-05,2.5428571428571423,18.464285714285715,29.564285714285717,2.942857142857143,237.14285714285714,7.9142857142857155,0.0,0.0,10.214285714285714,234.28571428571428,
2012-08-06,2.978571428571428,18.585714285714285,29.485714285714288,3.142857142857143,237.14285714285714,8.107142857142858,0.0,0.0,10.471428571428573,233.57142857142858,
2012-08-07,0.7642857142857137,18.271428571428572,29.05,2.985714285714286,237.85714285714286,7.564285714285715,0.0,0.0,9.707142857142857,234.28571428571428,
2012-08-08,0.7428571428571422,17.871428571428574,29.128571428571426,2.7428571428571433,226.42857142857142,6.992857142857142,0.0,0.0,8.942857142857143,222.85714285714286,
2012-08-09,0.7428571428571422,17.79285714285714,29.407142857142855,2.642857142857143,215.0,6.807142857142858,0.0,0.0,8.692857142857143,213.57142857142858,
2012-08-10,0.8928571428571423,17.79285714285714,29.764285714285716,2.6000000000000005,222.85714285714286,6.871428571428572,0.0,0.0,8.97857142857143,224.28571428571428,
2012-08-11,2.8142857142857136,17.95,29.564285714285717,2.5500000000000003,215.71428571428572,6.8428571428571425,0.0,0.0,9.007142857142856,216.42857142857142,
2012-08-12,4.192857142857142,18.185714285714287,29.642857142857142,2.6714285714285713,210.71428571428572,6.814285714285715,0.0,0.0,9.035714285714286,211.42857142857142,
2012-08-13,4.192857142857142,18.37857142857143,29.642857142857142,2.6642857142857146,199.28571428571428,6.9142857142857155,0.0,0.0,9.12857142857143,195.71428571428572,
2012-08-14,4.192857142857142,18.37857142857143,29.400000000000002,2.5642857142857145,198.57142857142858,6.8500000000000005,0.0,0.0,9.035714285714286,195.71428571428572,
2012-08-15,4.192857142857142,18.021428571428572,29.12142857142857,2.342857142857143,204.28571428571428,6.471428571428572,0.0,0.0,8.528571428571428,200.71428571428572,
2012-08-16,4.192857142857142,18.021428571428572,28.964285714285715,2.3071428571428574,214.28571428571428,6.378571428571428,0.0,0.0,8.492857142857144,199.28571428571428,
2012-08-17,4.192857142857142,17.978571428571428,28.764285714285712,2.292857142857143,223.57142857142858,6.3428571428571425,0.0,0.0,8.614285714285716,209.28571428571428,
2012-08-18,4.299999999999999,17.664285714285715,28.32857142857143,2.292857142857143,235.71428571428572,6.3428571428571425,0.0,0.0,8.778571428571428,221.42857142857142,
2012-08-19,4.299999999999999,17.264285714285716,27.578571428571426,2.2071428571428573,246.42857142857142,6.1571428571428575,0.0,0.0,8.621428571428572,230.71428571428572,
2012-08-20,3.864285714285714,16.428571428571427,27.22142857142857,1.8214285714285716,245.0,5.678571428571429,0.0,0.0,7.792857142857144,227.85714285714286,
2012-08-21,3.971428571428571,16.107142857142858,27.264285714285712,1.7642857142857145,245.0,5.807142857142857,0.0,0.0,7.921428571428572,227.14285714285714,
2012-08-22,3.971428571428571,16.15,27.064285714285717,1.7071428571428573,257.85714285714283,5.742857142857143,0.0,0.0,7.857142857142857,235.0,
2012-08-23,3.971428571428571,15.828571428571427,26.942857142857147,1.7142857142857146,260.0,5.807142857142857,0.0,0.0,7.978571428571429,237.14285714285714,
2012-08-24,3.985714285714285,15.507142857142856,27.178571428571427,1.8214285714285714,258.57142857142856,5.835714285714286,0.0,0.0,7.9142857142857155,233.57142857142858,
2012-08-25,2.0642857142857136,15.22857142857143,27.49285714285714,1.7714285714285718,244.28571428571428,5.642857142857143,0.0,0.0,7.728571428571429,219.28571428571428,
2012-08-26,0.6857142857142852,14.992857142857144,27.657142857142855,1.7785714285714287,240.71428571428572,5.542857142857143,0.0,0.0,7.571428571428572,214.28571428571428,
2012-08-27,0.6857142857142852,15.035714285714286,27.778571428571432,1.85,241.42857142857142,5.635714285714285,0.0,0.0,7.6000000000000005,222.14285714285714,
2012-08-28,1.0642857142857136,15.192857142857141,27.821428571428573,2.0785714285714287,241.42857142857142,5.892857142857143,0.0,0.0,7.95,222.85714285714286,
2012-08-29,1.0999999999999994,15.114285714285714,27.785714285714285,2.2642857142857147,245.0,6.3357142857142845,0.0,0.0,8.492857142857144,227.14285714285714,
2012-08-30,1.0999999999999994,14.4,27.62857142857143,2.242857142857143,244.28571428571428,6.492857142857142,0.0,0.0,8.714285714285714,238.57142857142858,
2012-08-31,1.0999999999999994,13.885714285714286,27.592857142857138,2.442857142857143,233.57142857142858,6.621428571428572,0.0,0.0,8.907142857142857,227.85714285714286,
2012-09-01,0.9928571428571422,14.078571428571431,27.67142857142857,2.5500000000000003,233.57142857142858,6.8428571428571425,0.0,0.0,9.064285714285715,227.85714285714286,
2012-09-02,0.9928571428571422,14.2,27.82857142857143,2.635714285714286,233.57142857142858,6.9071428571428575,0.0,0.0,9.092857142857143,227.14285714285714,
2012-09-03,0.9928571428571422,14.321428571428571,27.907142857142855,2.6357142857142857,245.0,7.064285714285714,0.0,0.0,9.285714285714286,240.71428571428572,
2012-09-04,0.8857142857142851,14.285714285714286,28.064285714285713,2.75,235.0,7.064285714285715,0.0,0.0,9.314285714285715,228.57142857142858,
2012-09-05,2.9571428571428564,14.52142857142857,27.942857142857143,2.9285714285714284,222.85714285714286,7.35,0.0,0.0,9.764285714285714,222.14285714285714,
2012-09-06,6.442857142857142,15.035714285714286,27.785714285714285,2.985714285714286,231.42857142857142,7.635714285714286,0.0,0.0,10.12142857142857,229.28571428571428,
2012-09-07,5.971428571428571,15.314285714285715,27.707142857142856,3.021428571428572,223.57142857142858,7.635714285714285,0.0,0.0,10.12142857142857,221.42857142857142,
2012-09-08,5.971428571428571,15.278571428571427,27.62857142857143,3.064285714285714,234.28571428571428,7.764285714285714,0.0,0.0,10.185714285714285,232.85714285714286,
2012-09-09,6.771428571428571,15.2,27.464285714285715,3.292857142857143,237.14285714285714,8.371428571428572,0.0,0.0,11.014285714285714,237.14285714285714,
2012-09-10,6.771428571428571,14.528571428571428,26.86428571428571,3.192857142857143,244.28571428571428,8.307142857142857,0.0,0.0,10.985714285714284,245.0,
2012-09-11,6.3928571428571415,13.892857142857142,26.228571428571428,3.1642857142857146,254.28571428571428,8.335714285714285,0.0,0.0,10.985714285714286,255.0,
2012-09-12,6.357142857142856,13.214285714285714,25.907142857142855,2.9,244.28571428571428,7.892857142857143,0.0,0.0,10.442857142857141,244.28571428571428,
2012-09-13,6.357142857142856,13.178571428571429,26.02857142857143,3.071428571428572,235.0,7.957142857142857,0.0,0.0,10.507142857142858,232.85714285714286,
2012-09-14,6.357142857142856,13.335714285714285,26.028571428571432,2.985714285714286,236.42857142857142,7.928571428571429,0.0,0.0,10.414285714285713,233.57142857142858,
2012-09-15,6.357142857142856,13.02142857142857,26.064285714285717,2.95,245.71428571428572,8.085714285714285,0.0,0.0,10.735714285714286,237.85714285714286,
2012-09-16,6.428571428571428,12.864285714285714,25.585714285714285,3.007142857142857,247.14285714285714,8.142857142857142,0.0,0.0,10.771428571428572,240.0,
2012-09-17,6.428571428571428,12.428571428571429,25.02857142857143,3.0142857142857147,248.57142857142858,8.178571428571429,0.0,0.0,10.928571428571429,217.14285714285714,
2012-09-18,6.428571428571428,12.107142857142858,24.75,3.0142857142857147,250.0,8.178571428571429,0.0,0.0,10.992857142857142,220.71428571428572,
2012-09-19,5.864285714285714,12.028571428571428,24.75,3.0928571428571425,249.28571428571428,8.528571428571428,0.0,0.0,11.5,221.42857142857142,
2012-09-20,2.4857142857142853,11.2,24.157142857142855,3.1214285714285714,246.42857142857142,8.335714285714285,0.0,0.0,11.27142857142857,220.0,
2012-09-21,2.4857142857142853,10.25,23.478571428571428,3.121428571428571,246.42857142857142,8.4,0.0,0.0,11.364285714285716,220.71428571428572,
2012-09-22,2.4857142857142853,10.085714285714285,23.16428571428571,3.342857142857143,247.14285714285714,8.685714285714285,0.0,0.0,11.842857142857143,220.71428571428572,
2012-09-23,2.1428571428571423,9.928571428571429,22.692857142857143,3.2,243.57142857142858,8.428571428571429,0.0,0.0,11.585714285714287,217.14285714285714,
2012-09-24,2.1428571428571423,9.685714285714285,22.457142857142856,3.25,241.42857142857142,8.585714285714285,0.0,0.0,11.871428571428572,213.57142857142858,
2012-09-25,2.1428571428571423,9.292857142857143,22.3,3.128571428571429,234.28571428571428,8.335714285714285,0.0,0.0,11.585714285714285,206.42857142857142,
2012-09-26,2.1428571428571423,9.528571428571428,22.221428571428568,3.557142857142857,235.0,8.842857142857143,0.0,0.0,12.285714285714286,207.14285714285714,
2012-09-27,2.5428571428571423,9.807142857142859,21.7,3.628571428571429,246.42857142857142,8.971428571428572,0.0,0.0,12.45,207.14285714285714,
2012-09-28,2.5428571428571423,9.335714285714287,20.907142857142855,3.5714285714285716,257.85714285714283,8.907142857142857,0.0,0.0,12.35,217.14285714285714,
2012-09-29,2.6357142857142852,8.7,19.8,3.4214285714285713,250.0,8.4,0.0,0.0,11.585714285714285,213.57142857142858,
2012-09-30,2.621428571428571,8.657142857142857,19.407142857142855,3.292857142857143,250.71428571428572,8.214285714285714,0.0,0.0,11.299999999999999,215.71428571428572,
2012-10-01,3.3142857142857136,9.05,18.971428571428568,3.3285714285714287,239.28571428571428,8.15,0.0,0.0,11.107142857142858,228.57142857142858,
2012-10-02,3.928571428571428,9.407142857142857,18.3,3.278571428571429,238.57142857142858,8.15,0.0,0.0,11.235714285714286,228.57142857142858,
2012-10-03,2.4928571428571424,9.05,17.82857142857143,2.992857142857143,240.71428571428572,7.542857142857143,0.0,0.0,10.314285714285713,229.28571428571428,
2012-10-04,2.7999999999999994,9.521428571428572,17.864285714285714,2.8214285714285716,237.85714285714286,7.221428571428572,0.0,0.0,9.9,213.57142857142858,
2012-10-05,4.321428571428571,10.157142857142857,17.907142857142855,2.6714285714285717,247.14285714285714,6.964285714285714,0.0,0.0,9.549999999999999,221.42857142857142,
2012-10-06,4.321428571428571,10.235714285714286,17.864285714285714,2.5571428571428574,247.85714285714286,6.964285714285714,0.0,0.0,9.421428571428573,222.14285714285714,
2012-10-07,4.335714285714285,9.87857142857143,17.542857142857144,2.485714285714286,258.57142857142856,6.835714285714286,0.0,0.0,9.135714285714286,233.57142857142858,
2012-10-08,4.864285714285714,9.842857142857143,17.02857142857143,2.4357142857142864,259.2857142857143,6.807142857142857,0.0,0.0,9.042857142857143,234.28571428571428,
2012-10-09,4.957142857142856,9.799999999999999,16.82857142857143,2.342857142857143,262.85714285714283,6.614285714285715,0.0,0.0,8.821428571428571,237.85714285714286,
2012-10-10,4.957142857142856,9.285714285714286,16.392857142857142,2.007142857142857,262.85714285714283,6.235714285714286,0.0,0.0,8.342857142857143,237.14285714285714,
2012-10-11,4.864285714285714,8.964285714285714,16.0,1.921428571428572,257.85714285714283,6.264285714285714,0.0,0.0,8.371428571428572,244.28571428571428,
2012-10-12,4.885714285714285,9.042857142857143,15.721428571428572,2.092857142857143,245.0,6.385714285714285,0.0,0.0,8.628571428571428,233.57142857142858,
2012-10-13,4.85,8.764285714285714,15.521428571428572,2.378571428571429,254.28571428571428,6.828571428571428,0.0,0.0,9.135714285714284,244.28571428571428,
2012-10-14,4.864285714285714,7.735714285714286,15.364285714285716,2.4071428571428575,242.14285714285714,6.985714285714286,0.0,0.0,9.450000000000001,232.14285714285714,
2012-10-15,4.499999999999999,7.257142857142858,15.6,2.7071428571428577,241.42857142857142,7.428571428571429,0.0,0.0,10.12142857142857,232.14285714285714,
2012-10-16,3.8857142857142852,7.3357142857142845,16.035714285714285,2.9071428571428575,240.71428571428572,7.778571428571429,0.0,0.0,10.407142857142857,230.0,
2012-10-17,3.8142857142857136,6.621428571428572,15.678571428571429,3.107142857142857,247.85714285714286,8.0,0.0,0.0,10.785714285714286,237.14285714285714,
2012-10-18,3.3999999999999995,5.628571428571428,15.400000000000002,3.1571428571428575,244.28571428571428,8.064285714285713,0.0,0.0,10.914285714285715,245.0,
2012-10-19,1.878571428571428,5.114285714285715,15.400000000000002,3.3285714285714287,235.71428571428572,8.514285714285714,0.0,0.0,11.457142857142857,236.42857142857142,
2012-10-20,5.0,4.921428571428572,14.85,3.2785714285714285,230.0,8.414285714285715,0.0,0.0,11.457142857142857,230.71428571428572,
2012-10-21,4.657142857142857,4.957142857142857,15.092857142857143,3.242857142857143,225.0,8.292857142857143,0.0,0.0,11.364285714285716,225.0,
2012-10-22,4.1499999999999995,5.071428571428571,15.207142857142857,3.392857142857143,227.85714285714286,8.385714285714286,0.0,0.0,11.392857142857142,226.42857142857142,
2012-10-23,4.057142857142857,5.071428571428571,15.364285714285714,3.485714285714286,230.71428571428572,8.828571428571427,0.0,0.0,12.0,229.28571428571428,
2012-10-24,4.057142857142857,5.1499999999999995,15.242857142857142,3.4214285714285713,242.14285714285714,8.7,0.0,0.0,11.778571428571428,238.57142857142858,
2012-10-25,3.7499999999999996,4.6000000000000005,15.278571428571428,3.25,245.0,8.385714285714286,0.0,0.0,11.27142857142857,242.14285714285714,
2012-10-26,3.728571428571428,4.321428571428571,15.635714285714286,3.142857142857143,245.0,8.450000000000001,0.0,0.0,11.37142857142857,241.42857142857142,
2012-10-27,3.671428571428571,5.192857142857143,16.071428571428573,3.15,234.28571428571428,8.321428571428571,0.0,0.0,11.342857142857142,230.71428571428572,
2012-10-28,3.599999999999999,5.985714285714286,16.542857142857144,3.021428571428572,232.14285714285714,8.000000000000002,0.0,0.0,10.864285714285714,227.14285714285714,
2012-10-29,3.2714285714285714,6.307142857142857,16.385714285714286,2.7214285714285715,243.57142857142858,7.557142857142857,0.0,0.0,10.22857142857143,237.14285714285714,
2012-10-30,3.414285714285714,6.028571428571429,16.142857142857142,2.7285714285714286,237.14285714285714,7.492857142857143,0.0,0.0,10.22857142857143,232.14285714285714,
2012-10-31,4.578571428571428,6.864285714285714,16.735714285714288,2.8000000000000003,225.0,7.621428571428572,0.0,0.0,10.392857142857142,222.14285714285714,
2012-11-01,4.6499999999999995,7.464285714285714,16.7,3.0,223.57142857142858,8.035714285714286,0.0,0.0,10.971428571428572,220.71428571428572,
2012-11-02,4.757142857142857,7.542857142857143,15.907142857142858,3.0714285714285716,222.85714285714286,7.8428571428571425,0.0,0.0,10.75,221.42857142857142,
2012-11-03,1.8714285714285712,7.064285714285715,15.385714285714286,3.042857142857143,237.14285714285714,7.721428571428571,0.0,0.0,10.492857142857144,236.42857142857142,
2012-11-04,1.8499999999999996,6.75,14.314285714285715,3.185714285714286,240.0,7.721428571428572,0.0,0.0,10.457142857142856,239.28571428571428,
2012-11-05,1.8499999999999996,6.314285714285715,13.678571428571429,3.2142857142857144,242.14285714285714,7.6000000000000005,0.0,0.0,10.328571428571427,240.71428571428572,
2012-11-06,1.8857142857142855,5.878571428571428,12.72857142857143,3.342857142857143,242.85714285714286,7.571428571428571,0.0,0.0,10.164285714285715,241.42857142857142,
2012-11-07,1.8857142857142855,5.328571428571429,12.057142857142859,3.3642857142857143,240.71428571428572,7.7,0.0,0.0,10.257142857142856,242.14285714285714,
2012-11-08,1.8857142857142855,4.885714285714285,11.22857142857143,3.507142857142857,218.57142857142858,7.828571428571428,0.0,0.0,10.37857142857143,244.28571428571428,
2012-11-09,1.8857142857142855,4.564285714285714,10.235714285714286,3.692857142857143,230.0,7.864285714285714,0.0,0.0,10.342857142857143,256.42857142857144,
2012-11-10,1.8857142857142855,3.414285714285714,9.642857142857142,3.45,240.0,7.55,0.0,0.0,9.892857142857142,265.7142857142857,
2012-11-11,1.8857142857142855,2.857142857142857,8.85,3.5785714285714287,254.28571428571428,7.871428571428571,0.0,0.0,10.278571428571428,280.0,
2012-11-12,1.8857142857142855,2.457142857142857,9.05,3.8500000000000005,243.57142857142858,8.221428571428572,0.0,0.0,10.757142857142856,270.0,
2012-11-13,1.7428571428571424,2.892857142857143,9.25,4.042857142857143,250.71428571428572,8.321428571428571,0.0,0.0,10.821428571428571,275.0,
2012-11-14,1.9428571428571426,1.8214285714285714,9.05,3.9071428571428575,254.28571428571428,8.321428571428571,0.0,0.0,10.821428571428571,276.42857142857144,
2012-11-15,1.8714285714285712,0.9857142857142857,8.492857142857142,3.7,265.0,8.071428571428571,0.0,0.0,10.342857142857143,287.85714285714283,
2012-11-16,1.764285714285714,0.1928571428571428,8.092857142857143,3.4142857142857146,277.14285714285717,7.721428571428571,0.0,0.0,9.864285714285714,295.7142857142857,
2012-11-17,1.5285714285714282,-0.5642857142857143,7.8999999999999995,3.335714285714286,255.71428571428572,7.557142857142857,0.0,0.0,9.735714285714286,274.2857142857143,
2012-11-18,1.421428571428571,-1.0785714285714287,7.857142857142857,3.1000000000000005,258.57142857142856,7.328571428571428,0.0,0.0,9.450000000000001,277.14285714285717,
2012-11-19,1.3999999999999997,-1.6357142857142857,8.057142857142857,2.835714285714286,240.0,7.071428571428571,0.0,0.0,9.1,260.7142857142857,
2012-11-20,1.3642857142857139,-1.9142857142857141,8.571428571428571,2.564285714285714,230.0,6.785714285714286,0.0,0.0,8.75,251.42857142857142,
2012-11-21,1.3642857142857139,-1.8357142857142856,8.807142857142857,2.507142857142857,230.71428571428572,6.557142857142858,0.0,0.0,8.492857142857144,251.42857142857142,
2012-11-22,1.3642857142857139,-1.5571428571428572,9.4,2.3428571428571425,243.57142857142858,6.364285714285715,0.0,0.0,8.371428571428572,238.57142857142858,
2012-11-23,1.3642857142857139,-1.6714285714285713,10.035714285714286,2.1500000000000004,232.85714285714286,6.207142857142856,0.0,0.0,8.214285714285714,227.85714285714286,
2012-11-24,1.4928571428571424,-0.992857142857143,10.428571428571429,2.4142857142857146,223.57142857142858,6.685714285714285,0.0,0.0,8.978571428571428,219.28571428571428,
2012-11-25,1.4928571428571424,-1.0714285714285714,10.471428571428572,2.6642857142857146,220.71428571428572,6.878571428571429,0.0,0.0,9.328571428571427,215.0,
2012-11-26,1.4928571428571424,-1.542857142857143,9.278571428571428,2.585714285714286,229.28571428571428,6.878571428571428,0.0,0.0,9.392857142857142,223.57142857142858,
2012-11-27,1.5857142857142854,-2.9285714285714284,7.814285714285714,2.1428571428571432,240.71428571428572,6.4,0.0,1.6428571428571428,8.692857142857141,237.14285714285714,
2012-11-28,0.22142857142857092,-3.0857142857142854,6.628571428571428,1.9714285714285715,252.14285714285714,5.857142857142857,0.0,1.6428571428571428,7.857142857142857,249.28571428571428,
2012-11-29,0.22142857142857092,-3.0071428571428567,6.392857142857143,2.085714285714286,251.42857142857142,5.978571428571429,0.0,1.6428571428571428,8.078571428571427,247.14285714285714,
2012-11-30,0.38571428571428523,-3.05,6.357142857142857,2.385714285714286,249.28571428571428,6.521428571428572,5.428571428571429,6.928571428571429,8.778571428571428,239.28571428571428,
2012-12-01,0.38571428571428523,-3.6,5.6000000000000005,2.4642857142857144,249.28571428571428,6.75,9.071428571428571,6.928571428571429,9.0,238.57142857142858,
2012-12-02,0.42142857142857093,-4.035714285714286,5.242857142857143,2.585714285714286,236.42857142857142,6.978571428571429,12.714285714285714,7.857142857142857,9.257142857142856,225.0,
2012-12-03,0.5999999999999995,-3.557142857142857,5.364285714285714,3.092857142857143,243.57142857142858,7.521428571428571,12.714285714285714,7.857142857142857,10.121428571428572,232.85714285714286,
2012-12-04,0.6214285714285709,-2.8857142857142857,5.285714285714286,3.2142857142857144,252.14285714285714,7.707142857142857,12.714285714285714,7.857142857142857,10.471428571428572,240.0,
2012-12-05,0.8785714285714281,-2.45,5.721428571428571,3.6428571428571432,241.42857142857142,8.378571428571428,12.714285714285714,7.857142857142857,11.428571428571429,230.71428571428572,
2012-12-06,1.478571428571428,-2.4857142857142853,5.642857142857143,4.0,248.57142857142858,8.885714285714284,12.714285714285714,7.857142857142857,12.12857142857143,237.85714285714286,
2012-12-07,1.478571428571428,-2.485714285714286,4.771428571428571,4.035714285714286,257.85714285714283,9.071428571428573,12.714285714285714,7.857142857142857,12.321428571428571,247.85714285714286,
2012-12-08,1.3499999999999994,-2.9642857142857144,4.135714285714285,4.057142857142858,257.85714285714283,8.971428571428572,12.714285714285714,7.857142857142857,12.192857142857141,247.14285714285714,
2012-12-09,1.3714285714285708,-2.7642857142857147,4.135714285714285,3.7785714285714285,256.42857142857144,8.778571428571428,12.714285714285714,7.857142857142857,11.935714285714287,248.57142857142858,
2012-12-10,1.4071428571428566,-2.65,4.692857142857143,3.6714285714285713,256.42857142857144,8.614285714285714,12.714285714285714,8.214285714285714,11.678571428571429,247.14285714285714,
2012-12-11,2.078571428571428,-2.3714285714285714,5.4071428571428575,3.821428571428572,244.28571428571428,8.864285714285714,12.714285714285714,7.285714285714286,12.092857142857143,233.57142857142858,
2012-12-12,2.078571428571428,-2.4142857142857146,5.6000000000000005,4.0,220.71428571428572,9.185714285714285,12.714285714285714,7.285714285714286,12.571428571428571,233.57142857142858,
2012-12-13,2.078571428571428,-2.7285714285714286,5.6000000000000005,3.9142857142857146,211.42857142857142,9.064285714285715,12.714285714285714,7.285714285714286,12.35,225.71428571428572,
2012-12-14,1.914285714285714,-2.528571428571429,5.678571428571429,3.7500000000000004,201.42857142857142,8.742857142857142,7.285714285714286,2.0,11.935714285714285,225.0,
2012-12-15,1.914285714285714,-1.6214285714285717,6.435714285714285,3.9,224.28571428571428,8.864285714285716,3.642857142857143,2.0,12.035714285714286,248.57142857142858,
2012-12-16,1.8785714285714281,-1.5857142857142859,6.314285714285714,3.9285714285714293,212.85714285714286,8.8,0.0,1.0714285714285714,11.907142857142858,237.85714285714286,
2012-12-17,1.8071428571428567,-2.2214285714285715,5.757142857142858,3.5571428571428574,209.28571428571428,8.45,0.0,2.0,11.328571428571427,233.57142857142858,
2012-12-18,2.1499999999999995,-2.5357142857142856,5.3999999999999995,3.65,197.85714285714286,8.328571428571427,3.642857142857143,4.714285714285714,11.135714285714286,222.14285714285714,
2012-12-19,2.7071428571428564,-2.5357142857142856,4.807142857142857,3.321428571428572,193.57142857142858,7.95,3.642857142857143,4.714285714285714,10.564285714285715,217.14285714285714,
2012-12-20,2.1642857142857137,-2.335714285714286,4.292857142857143,3.107142857142857,195.71428571428572,7.6000000000000005,3.642857142857143,4.714285714285714,9.985714285714286,220.0,
2012-12-21,2.1642857142857137,-2.1785714285714284,4.45,3.007142857142857,182.85714285714286,7.414285714285714,3.642857142857143,4.714285714285714,9.757142857142856,206.42857142857142,
2012-12-22,2.5071428571428567,-2.1,4.771428571428571,3.107142857142857,177.85714285714286,7.957142857142857,3.642857142857143,4.714285714285714,10.271428571428572,201.42857142857142,
2012-12-23,2.5428571428571423,-2.6214285714285714,4.414285714285714,3.4142857142857146,178.57142857142858,8.15,3.642857142857143,4.928571428571429,10.564285714285715,200.71428571428572,
2012-12-24,2.564285714285714,-2.978571428571428,3.778571428571429,3.4642857142857144,177.14285714285714,8.314285714285715,3.642857142857143,6.214285714285714,10.757142857142856,201.42857142857142,
2012-12-25,1.7999999999999994,-3.4928571428571433,2.942857142857143,3.3428571428571425,187.14285714285714,8.128571428571428,5.428571428571429,6.214285714285714,10.435714285714287,212.14285714285714,
2012-12-26,1.821428571428571,-3.9285714285714293,2.228571428571428,3.2857142857142856,212.14285714285714,8.035714285714286,7.214285714285714,6.214285714285714,10.278571428571428,188.57142857142858,
2012-12-27,1.821428571428571,-4.364285714285715,1.6714285714285713,3.3285714285714287,199.28571428571428,8.0,7.214285714285714,6.214285714285714,10.242857142857144,175.0,
2012-12-28,3.164285714285714,-4.8428571428571425,1.0785714285714285,3.55,212.14285714285714,8.221428571428572,19.928571428571427,30.0,10.528571428571427,187.85714285714286,
2012-12-29,3.2928571428571423,-5.392857142857143,0.5214285714285715,3.457142857142857,212.14285714285714,8.157142857142857,41.714285714285715,33.42857142857143,10.557142857142859,187.14285714285714,
2012-12-30,3.8571428571428568,-5.3500000000000005,0.2857142857142857,3.4071428571428575,235.0,8.221428571428572,67.14285714285714,40.714285714285715,10.650000000000002,210.0,
2012-12-31,3.9857142857142853,-5.507142857142858,-0.35000000000000003,3.514285714285714,247.14285714285714,8.314285714285715,98.0,51.785714285714285,10.814285714285715,222.85714285714286,
2013-01-01,3.6214285714285706,-6.264285714285714,-0.6714285714285715,3.5214285714285714,249.28571428571428,8.407142857142857,125.21428571428571,50.142857142857146,10.97857142857143,227.14285714285714,
2013-01-02,2.864285714285714,-7.614285714285714,-0.9857142857142858,3.7071428571428577,264.2857142857143,8.721428571428572,152.42857142857142,51.92857142857143,11.364285714285716,242.14285714285714,
2013-01-03,2.8999999999999995,-9.164285714285715,-1.8214285714285714,3.7714285714285714,242.14285714285714,8.878571428571428,177.85714285714286,56.285714285714285,11.621428571428572,244.28571428571428,
2013-01-04,2.8999999999999995,-10.75,-2.657142857142857,3.7285714285714286,245.71428571428572,8.75,203.28571428571428,56.285714285714285,11.4,247.85714285714286,
2013-01-05,2.5571428571428565,-11.5,-3.1357142857142857,3.5785714285714287,255.0,8.142857142857142,225.07142857142858,56.285714285714285,10.664285714285715,256.42857142857144,
2013-01-06,2.4999999999999996,-11.971428571428572,-3.2142857142857144,3.3714285714285714,256.42857142857144,8.335714285714285,245.0,56.285714285714285,10.785714285714286,258.57142857142856,
2013-01-07,2.4785714285714278,-12.207142857142857,-3.057142857142857,3.3642857142857143,249.28571428571428,8.114285714285714,264.92857142857144,56.785714285714285,10.464285714285714,250.71428571428572,
2013-01-08,2.4999999999999996,-12.485714285714286,-3.2571428571428567,3.3714285714285714,240.71428571428572,8.3,281.2857142857143,57.5,10.821428571428571,242.14285714285714,
2013-01-09,2.478571428571428,-12.25,-2.7,3.507142857142857,228.57142857142858,8.55,297.64285714285717,57.5,11.271428571428572,253.57142857142858,
2013-01-10,2.478571428571428,-12.092857142857143,-1.9071428571428568,3.692857142857143,241.42857142857142,9.028571428571428,315.7857142857143,57.5,12.007142857142858,267.14285714285717,
2013-01-11,1.1571428571428566,-11.735714285714284,-1.2785714285714285,3.6214285714285714,237.14285714285714,9.157142857142857,317.57142857142856,33.714285714285715,12.292857142857143,260.7142857142857,
2013-01-12,1.1214285714285708,-11.657142857142858,-0.8857142857142856,3.6714285714285717,225.0,9.221428571428572,310.2857142857143,30.285714285714285,12.457142857142857,250.0,
2013-01-13,0.5571428571428566,-10.828571428571427,-0.09285714285714278,3.8428571428571425,215.0,9.37857142857143,297.57142857142856,23.0,12.75,240.71428571428572,
2013-01-14,0.3214285714285709,-9.914285714285715,1.1,3.935714285714286,206.42857142857142,9.728571428571428,274.0,11.0,13.192857142857145,232.14285714285714,
2013-01-15,0.3214285714285709,-9.035714285714286,1.8142857142857147,4.064285714285715,216.42857142857142,10.114285714285716,243.14285714285714,9.928571428571429,13.607142857142858,240.71428571428572,
2013-01-16,0.2642857142857138,-8.121428571428572,1.9285714285714288,3.85,216.42857142857142,9.700000000000001,215.92857142857142,8.142857142857142,13.028571428571427,240.71428571428572,
2013-01-17,0.2642857142857138,-6.814285714285715,2.521428571428572,3.771428571428572,230.0,9.578571428571431,190.5,7.071428571428571,12.87142857142857,230.0,
2013-01-18,0.2642857142857138,-6.178571428571429,3.1571428571428575,3.985714285714286,241.42857142857142,9.892857142857142,166.85714285714286,7.428571428571429,13.321428571428571,240.71428571428572,
2013-01-19,0.2642857142857138,-6.814285714285715,2.5214285714285714,3.8000000000000003,236.42857142857142,9.828571428571427,146.85714285714286,7.428571428571429,13.192857142857145,236.42857142857142,
2013-01-20,0.2857142857142852,-6.421428571428571,2.7571428571428576,4.071428571428571,227.14285714285714,9.700000000000001,128.71428571428572,7.785714285714286,13.164285714285715,227.14285714285714,
2013-01-21,0.2857142857142852,-6.3428571428571425,3.1142857142857143,4.314285714285714,231.42857142857142,10.178571428571429,108.78571428571429,5.642857142857143,13.799999999999999,230.0,
2013-01-22,0.2857142857142852,-6.500000000000001,2.835714285714286,4.328571428571428,219.28571428571428,9.892857142857142,90.64285714285714,4.785714285714286,13.321428571428571,217.14285714285714,
2013-01-23,0.3214285714285709,-7.171428571428572,1.8857142857142857,4.25,227.85714285714286,9.928571428571429,74.28571428571429,6.571428571428571,13.257142857142856,226.42857142857142,
2013-01-24,0.3214285714285709,-8.007142857142858,0.22142857142857178,4.164285714285715,237.85714285714286,9.549999999999999,57.92857142857143,6.571428571428571,12.714285714285717,236.42857142857142,
2013-01-25,0.2999999999999995,-9.471428571428572,-0.9285714285714283,4.142857142857143,240.0,9.549999999999999,45.214285714285715,6.571428571428571,12.557142857142859,240.71428571428572,
2013-01-26,0.24285714285714236,-10.342857142857143,-1.9214285714285713,4.007142857142857,252.14285714285714,9.364285714285714,32.5,6.928571428571429,12.171428571428573,250.0,
2013-01-27,0.24285714285714236,-11.77142857142857,-3.1071428571428568,3.9,260.7142857142857,9.171428571428573,21.571428571428573,7.142857142857143,11.814285714285715,258.57142857142856,
2013-01-28,0.24285714285714236,-13.085714285714285,-4.257142857142857,3.6999999999999997,272.14285714285717,8.821428571428571,16.071428571428573,7.142857142857143,11.307142857142859,270.0,
2013-01-29,0.7857142857142853,-14.357142857142858,-5.285714285714286,3.4714285714285715,263.57142857142856,8.307142857142857,17.857142857142858,16.571428571428573,10.635714285714286,258.57142857142856,
2013-01-30,0.7857142857142853,-14.47857142857143,-5.207142857142857,3.5285714285714285,252.14285714285714,8.464285714285714,25.142857142857142,16.571428571428573,10.957142857142857,247.14285714285714,
2013-01-31,1.1071428571428565,-14.042857142857143,-4.171428571428571,3.957142857142857,250.71428571428572,8.878571428571428,26.928571428571427,13.285714285714286,11.592857142857143,244.28571428571428,
2013-02-01,1.6142857142857137,-13.328571428571427,-3.221428571428571,4.128571428571428,245.0,9.107142857142858,25.142857142857142,12.928571428571429,12.200000000000001,237.85714285714286,
2013-02-02,1.635714285714285,-12.814285714285715,-3.057142857142857,4.271428571428571,251.42857142857142,9.207142857142857,23.357142857142858,13.285714285714286,12.392857142857142,245.71428571428572,
2013-02-03,1.6142857142857137,-13.25,-3.8142857142857136,4.014285714285714,252.14285714285714,8.97857142857143,21.571428571428573,12.714285714285714,12.042857142857143,245.0,
2013-02-04,1.5785714285714278,-13.60714285714286,-4.485714285714286,3.607142857142857,257.14285714285717,8.242857142857142,21.571428571428573,12.714285714285714,11.057142857142859,253.57142857142858,
2013-02-05,1.578571428571428,-13.528571428571428,-4.207142857142857,3.6214285714285714,277.14285714285717,8.564285714285713,21.571428571428573,13.071428571428571,11.5,273.57142857142856,
2013-02-06,1.5428571428571425,-13.571428571428571,-3.814285714285714,3.4571428571428577,267.85714285714283,8.05,19.785714285714285,11.285714285714286,10.857142857142858,263.57142857142856,
2013-02-07,1.578571428571428,-12.857142857142858,-2.742857142857143,3.521428571428572,266.42857142857144,8.299999999999999,18.0,13.857142857142858,11.178571428571429,262.14285714285717,
2013-02-08,1.578571428571428,-12.307142857142859,-2.6999999999999997,3.400000000000001,268.57142857142856,7.921428571428572,18.0,13.857142857142858,10.700000000000001,239.28571428571428,
2013-02-09,2.4857142857142853,-11.87142857142857,-2.2571428571428567,3.4071428571428575,267.85714285714283,7.921428571428571,30.714285714285715,30.928571428571427,10.728571428571428,217.14285714285714,
2013-02-10,2.5071428571428567,-11.950000000000001,-2.1,3.607142857142857,271.42857142857144,8.27142857142857,43.42857142857143,31.071428571428573,11.307142857142855,195.0,
2013-02-11,2.5071428571428567,-12.385714285714286,-1.9,3.5142857142857147,260.7142857142857,8.014285714285714,54.357142857142854,31.071428571428573,11.02142857142857,183.57142857142858,
2013-02-12,2.1071428571428568,-11.828571428571427,-1.2642857142857142,3.7428571428571433,259.2857142857143,8.4,63.42857142857143,21.857142857142858,11.692857142857141,185.0,
2013-02-13,2.1071428571428568,-11.392857142857142,-1.2642857142857142,3.8071428571428574,266.42857142857144,8.4,59.785714285714285,21.857142857142858,11.785714285714286,192.85714285714286,
2013-02-14,1.6928571428571424,-11.671428571428573,-2.0214285714285714,3.2857142857142856,274.2857142857143,7.95,61.642857142857146,21.857142857142858,11.178571428571429,200.71428571428572,
2013-02-15,1.1857142857142853,-11.478571428571428,-2.814285714285714,2.885714285714286,273.57142857142856,7.278571428571428,65.28571428571429,21.857142857142858,10.384615384615385,196.92307692307693,
2013-02-16,1.164285714285714,-10.685714285714285,-2.0214285714285714,2.900000000000001,267.85714285714283,7.278571428571428,67.07142857142857,21.5,10.384615384615385,189.23076923076923,
2013-02-17,1.164285714285714,-10.328571428571427,-1.5785714285714285,2.9357142857142864,274.2857142857143,7.221428571428571,68.85714285714286,21.5,10.315384615384618,198.46153846153845,
2013-02-18,1.164285714285714,-10.171428571428569,-1.9,3.3000000000000003,275.0,7.764285714285714,70.64285714285714,21.5,11.107692307692307,196.92307692307693,
2013-02-19,1.1428571428571423,-10.171428571428573,-1.8214285714285714,3.4071428571428575,275.7142857142857,7.664285714285714,72.42857142857143,20.571428571428573,10.96923076923077,196.15384615384616,
2013-02-20,1.4499999999999993,-9.657142857142857,-0.9428571428571428,3.5500000000000003,276.42857142857144,8.114285714285714,74.21428571428571,22.928571428571427,11.692307692307692,196.92307692307693,
2013-02-21,1.5071428571428565,-9.178571428571429,-0.7857142857142857,3.5500000000000003,275.0,8.05,79.64285714285714,22.142857142857142,11.823076923076922,196.92307692307693,
2013-02-22,1.5428571428571423,-8.821428571428571,-0.42857142857142866,3.6642857142857146,270.7142857142857,8.428571428571429,83.84615384615384,23.214285714285715,12.376923076923077,219.23076923076923,
2013-02-23,0.5999999999999995,-8.707142857142857,-0.03571428571428575,3.5928571428571425,258.57142857142856,8.235714285714286,73.91666666666667,6.230769230769231,12.069230769230769,230.0,
2013-02-24,0.7071428571428565,-7.435714285714285,0.7142857142857143,3.4,246.42857142857142,7.885714285714285,61.25,7.0,11.584615384615386,242.30769230769232,
2013-02-25,0.8857142857142851,-5.928571428571429,1.1071428571428572,3.4,258.57142857142856,7.985714285714287,50.666666666666664,8.153846153846153,11.684615384615386,254.6153846153846,
2013-02-26,0.7428571428571422,-5.378571428571428,0.9857142857142858,3.0357142857142856,247.14285714285714,7.342857142857143,42.25,8.307692307692308,10.684615384615386,243.84615384615384,
2013-02-27,0.7428571428571422,-5.535714285714285,1.1500000000000001,2.9142857142857146,236.42857142857142,7.221428571428572,42.25,8.307692307692308,10.407692307692308,231.53846153846155,
2013-02-28,1.1999999999999993,-5.414285714285714,1.1500000000000001,3.0500000000000003,226.42857142857142,7.378571428571429,40.083333333333336,8.307692307692308,10.546153846153846,221.53846153846155,
2013-03-01,1.2214285714285709,-5.292857142857143,1.4714285714285715,3.128571428571429,232.85714285714286,7.571428571428572,37.916666666666664,8.923076923076923,10.335714285714287,230.0,
2013-03-02,1.2428571428571422,-5.3357142857142845,1.2285714285714284,3.1071428571428577,243.57142857142858,7.471428571428572,35.833333333333336,9.692307692307692,10.114285714285714,240.0,
2013-03-03,1.4214285714285708,-5.135714285714285,1.1857142857142855,3.085714285714286,246.42857142857142,7.435714285714285,35.833333333333336,12.23076923076923,9.95,242.14285714285714,
2013-03-04,1.4428571428571424,-4.657142857142857,1.7,2.7428571428571433,244.28571428571428,7.1499999999999995,38.0,13.23076923076923,9.564285714285715,238.57142857142858,
2013-03-05,1.5357142857142851,-4.021428571428571,1.7785714285714285,2.7,245.0,7.057142857142858,40.166666666666664,15.0,9.471428571428572,237.85714285714286,
2013-03-06,1.2285714285714282,-3.5785714285714283,1.4571428571428573,2.628571428571429,254.28571428571428,6.8,42.333333333333336,13.23076923076923,8.992857142857144,247.85714285714286,
2013-03-07,1.135714285714285,-3.542857142857143,1.9357142857142857,2.442857142857143,240.71428571428572,6.614285714285715,40.25,11.307692307692308,8.578571428571427,230.0,
2013-03-08,1.0999999999999994,-2.7857142857142856,2.5714285714285716,2.4571428571428577,243.57142857142858,6.328571428571428,37.15384615384615,10.153846153846153,8.157142857142858,232.14285714285714,
2013-03-09,1.0999999999999994,-2.107142857142857,2.771428571428572,2.7285714285714286,256.42857142857144,6.742857142857143,34.5,9.428571428571429,8.671428571428573,247.14285714285714,
2013-03-10,0.971428571428571,-2.507142857142857,3.1285714285714286,2.628571428571429,265.0,6.585714285714286,30.857142857142858,8.357142857142858,8.584615384615384,253.07692307692307,
2013-03-11,0.7928571428571425,-2.6999999999999997,4.0,2.914285714285714,252.14285714285714,7.0,27.214285714285715,7.285714285714286,9.26923076923077,240.76923076923077,
2013-03-12,0.7928571428571425,-2.3,4.557142857142857,3.3928571428571432,264.2857142857143,7.642857142857143,23.571428571428573,6.928571428571429,10.26923076923077,252.30769230769232,
2013-03-13,2.7499999999999996,-2.0214285714285714,5.028571428571429,3.642857142857143,268.57142857142856,7.828571428571428,19.928571428571427,6.928571428571429,10.546153846153846,256.15384615384613,
2013-03-14,2.3142857142857136,-2.1785714285714284,5.192857142857143,3.5,275.7142857142857,7.707142857142856,18.142857142857142,6.928571428571429,10.407692307692308,265.38461538461536,
2013-03-15,2.292857142857142,-2.7357142857142853,4.757142857142857,3.7285714285714286,274.2857142857143,8.02142857142857,16.357142857142858,6.571428571428571,10.923076923076923,264.61538461538464,
2013-03-16,2.4357142857142855,-3.3642857142857143,4.564285714285714,3.685714285714286,263.57142857142856,7.992857142857142,16.357142857142858,9.857142857142858,11.161538461538461,263.84615384615387,
2013-03-17,2.2571428571428567,-3.642857142857143,4.364285714285715,3.6142857142857143,263.57142857142856,8.185714285714285,18.214285714285715,7.5,11.407692307692306,263.84615384615387,
2013-03-18,2.2571428571428567,-4.121428571428572,4.171428571428572,3.7214285714285715,265.0,8.371428571428572,14.571428571428571,7.642857142857143,11.684615384615382,267.6923076923077,
2013-03-19,2.185714285714285,-4.757142857142857,4.335714285714285,3.5285714285714285,252.85714285714286,8.214285714285714,10.928571428571429,6.0,11.476923076923079,261.53846153846155,
2013-03-20,3.1642857142857137,-4.6000000000000005,4.2214285714285715,3.5,242.14285714285714,8.278571428571428,12.714285714285714,21.428571428571427,11.646153846153844,250.76923076923077,
2013-03-21,3.1999999999999993,-4.514285714285714,3.7857142857142856,3.5785714285714287,255.0,8.214285714285714,21.785714285714285,22.714285714285715,11.576923076923077,267.6923076923077,
2013-03-22,3.1999999999999993,-4.871428571428572,3.7428571428571433,3.5357142857142856,244.28571428571428,8.214285714285714,29.071428571428573,22.714285714285715,11.576923076923077,257.6923076923077,
2013-03-23,3.1999999999999993,-5.228571428571429,3.5857142857142854,3.4071428571428575,244.28571428571428,8.02142857142857,36.357142857142854,23.071428571428573,11.399999999999999,254.6153846153846,
2013-03-24,3.1999999999999993,-4.95,3.192857142857143,3.6714285714285717,244.28571428571428,8.464285714285714,41.785714285714285,23.071428571428573,11.642857142857142,257.14285714285717,
2013-03-25,3.1999999999999993,-4.950000000000001,2.4785714285714286,3.5785714285714287,232.14285714285714,8.178571428571429,45.42857142857143,23.071428571428573,11.228571428571428,244.28571428571428,
2013-03-26,3.1999999999999993,-5.707142857142857,2.1999999999999997,3.278571428571429,242.14285714285714,8.049999999999999,45.42857142857143,23.071428571428573,10.842857142857143,254.28571428571428,
2013-03-27,1.2428571428571422,-5.9071428571428575,1.8857142857142857,3.1571428571428575,252.14285714285714,7.985714285714287,45.42857142857143,23.071428571428573,10.778571428571428,265.0,
2013-03-28,1.278571428571428,-5.871428571428571,2.1999999999999997,3.2928571428571436,257.85714285714283,8.042857142857143,45.42857142857143,23.071428571428573,10.842857142857142,269.2857142857143,
2013-03-29,1.3499999999999994,-5.192857142857143,2.9499999999999997,2.9928571428571433,257.85714285714283,7.728571428571429,45.42857142857143,22.857142857142858,10.392857142857142,269.2857142857143,
2013-03-30,1.2071428571428569,-4.285714285714286,3.5785714285714283,2.900000000000001,267.14285714285717,7.700000000000001,45.42857142857143,18.857142857142858,10.135714285714286,269.2857142857143,
2013-03-31,1.2071428571428566,-3.807142857142857,4.535714285714286,2.8000000000000003,267.85714285714283,7.507142857142857,41.785714285714285,18.857142857142858,9.971428571428573,270.7142857142857,
2013-04-01,1.2571428571428567,-3.207142857142857,5.721428571428571,2.900000000000001,258.57142857142856,7.571428571428571,41.785714285714285,17.785714285714285,10.1,260.7142857142857,
2013-04-02,1.3285714285714278,-2.4857142857142853,6.235714285714287,3.2142857142857144,265.7142857142857,7.985714285714286,41.785714285714285,17.785714285714285,10.614285714285714,264.2857142857143,6.0
2013-04-03,0.42142857142857093,-2.721428571428571,6.271428571428571,3.4499999999999997,273.57142857142856,8.242857142857144,38.5,2.9285714285714284,10.971428571428572,270.0,2.1
2013-04-04,0.38571428571428523,-2.6,6.585714285714286,3.6285714285714286,274.2857142857143,8.492857142857142,25.785714285714285,1.6428571428571428,11.357142857142858,270.7142857142857,1.5
2013-04-05,0.38571428571428523,-2.314285714285714,7.264285714285714,3.735714285714286,273.57142857142856,8.714285714285714,18.5,1.6428571428571428,11.742857142857144,269.2857142857143,2.025
2013-04-06,0.38571428571428523,-1.8714285714285714,7.778571428571428,3.971428571428572,272.85714285714283,9.064285714285715,11.214285714285714,1.2857142857142858,12.164285714285713,270.0,2.9
2013-04-07,0.38571428571428523,-2.057142857142857,7.892857142857143,3.9285714285714293,275.7142857142857,9.128571428571428,5.785714285714286,1.2857142857142858,12.22857142857143,273.57142857142856,2.4
2013-04-08,0.40714285714285664,-1.8214285714285714,8.685714285714287,4.214285714285714,288.57142857142856,9.792857142857143,2.142857142857143,1.2857142857142858,13.064285714285715,285.7142857142857,2.914285714285714
2013-04-09,0.4642857142857138,-1.0642857142857143,9.12142857142857,4.178571428571429,287.85714285714283,9.7,2.142857142857143,1.2857142857142858,13.0,284.2857142857143,3.6375
2013-04-10,0.8642857142857138,-0.7071428571428572,9.321428571428571,4.107142857142858,278.57142857142856,9.671428571428569,2.142857142857143,1.2857142857142858,12.907142857142858,275.7142857142857,4.1
2013-04-11,1.135714285714285,-0.3071428571428572,9.4,3.9785714285714286,279.2857142857143,9.485714285714284,2.142857142857143,1.2857142857142858,12.778571428571428,276.42857142857144,4.46
2013-04-12,1.0642857142857136,-0.42857142857142855,8.964285714285714,4.2,280.7142857142857,9.578571428571427,2.142857142857143,1.2857142857142858,12.907142857142857,277.85714285714283,4.327272727272727
2013-04-13,2.2928571428571423,-0.6642857142857144,8.45,4.257142857142857,269.2857142857143,9.700000000000001,2.142857142857143,1.8571428571428572,13.035714285714288,265.7142857142857,4.058333333333334
2013-04-14,2.349999999999999,-0.3857142857142857,8.485714285714286,4.385714285714286,258.57142857142856,9.7,2.142857142857143,1.8571428571428572,13.035714285714286,259.2857142857143,4.115384615384615
2013-04-15,2.371428571428571,-0.2642857142857143,8.207142857142857,4.192857142857143,269.2857142857143,9.385714285714286,2.142857142857143,1.8571428571428572,12.557142857142859,270.7142857142857,4.207142857142857
2013-04-16,2.278571428571428,-0.18571428571428575,8.764285714285714,3.985714285714286,263.57142857142856,9.128571428571428,2.142857142857143,1.8571428571428572,12.235714285714286,265.0,4.135714285714285
2013-04-17,2.3,0.8785714285714287,9.714285714285714,4.228571428571429,257.14285714285717,9.321428571428571,0.0,0.5714285714285714,12.650000000000002,259.2857142857143,5.135714285714285
2013-04-18,2.3,1.1928571428571428,10.307142857142859,4.114285714285715,259.2857142857143,9.292857142857143,0.0,0.5714285714285714,12.428571428571429,262.14285714285717,5.821428571428571
2013-04-19,2.3571428571428568,1.5,10.778571428571428,4.192857142857143,260.0,9.485714285714284,0.0,0.5714285714285714,12.842857142857142,262.14285714285717,6.178571428571429
2013-04-20,3.464285714285714,2.1285714285714286,11.807142857142859,4.3500000000000005,257.14285714285717,9.678571428571429,0.0,0.5714285714285714,13.285714285714286,252.85714285714286,6.978571428571429
2013-04-21,3.464285714285714,2.557142857142857,12.285714285714286,4.421428571428572,248.57142857142858,9.678571428571429,0.0,0.5714285714285714,13.285714285714286,245.0,7.6571428571428575
2013-04-22,3.4428571428571426,2.4857142857142853,11.814285714285715,4.121428571428572,257.85714285714283,9.042857142857143,0.0,0.5714285714285714,12.485714285714284,233.57142857142858,7.435714285714285
2013-04-23,3.3857142857142852,1.8571428571428572,12.014285714285716,4.185714285714286,245.0,9.042857142857143,0.0,0.5714285714285714,12.585714285714287,220.0,7.171428571428572
2013-04-24,2.9857142857142853,1.4642857142857142,12.285714285714286,4.278571428571429,245.0,9.135714285714286,0.0,0.5714285714285714,12.678571428571429,217.85714285714286,7.178571428571429
2013-04-25,2.764285714285714,1.4214285714285713,13.157142857142857,4.55,235.0,9.485714285714284,0.0,0.5714285714285714,12.971428571428572,208.57142857142858,7.500000000000001
2013-04-26,2.764285714285714,1.6214285714285714,13.792857142857143,4.442857142857143,230.0,9.521428571428572,0.0,0.5714285714285714,13.164285714285715,202.14285714285714,8.07857142857143
2013-04-27,1.514285714285714,1.7785714285714285,14.549999999999999,4.357142857142858,240.71428571428572,9.335714285714285,0.0,0.0,12.971428571428572,213.57142857142858,8.535714285714286
2013-04-28,1.4571428571428569,1.657142857142857,14.985714285714286,4.207142857142857,245.0,9.178571428571429,0.0,0.0,12.75,212.85714285714286,8.807142857142857
2013-04-29,1.3642857142857139,1.8928571428571426,15.942857142857141,4.228571428571429,234.28571428571428,9.178571428571429,0.0,0.0,12.75,201.42857142857142,9.299999999999999
2013-04-30,1.3642857142857139,2.957142857142857,16.135714285714286,4.371428571428572,237.14285714285714,9.214285714285714,0.0,0.0,12.842857142857143,203.57142857142858,10.064285714285715
2013-05-01,1.2714285714285711,3.0785714285714287,16.735714285714288,4.000000000000001,237.85714285714286,8.764285714285714,0.0,0.0,12.071428571428571,203.57142857142858,10.321428571428571
2013-05-02,1.2714285714285711,3.5928571428571425,17.65,3.8571428571428577,234.28571428571428,8.478571428571428,0.0,0.0,11.814285714285715,197.14285714285714,10.885714285714286
2013-05-03,1.214285714285714,4.1499999999999995,18.364285714285717,3.692857142857143,229.28571428571428,8.285714285714286,0.0,0.0,11.400000000000002,192.85714285714286,11.678571428571429
2013-05-04,0.10714285714285689,4.264285714285714,18.285714285714285,3.2571428571428576,217.14285714285714,7.678571428571429,0.0,0.0,10.414285714285715,187.14285714285714,11.65
2013-05-05,0.10714285714285689,4.7,19.27857142857143,2.9714285714285715,223.57142857142858,7.328571428571429,0.0,0.0,9.928571428571429,192.85714285714286,12.178571428571429
2013-05-06,0.10714285714285689,5.528571428571429,20.664285714285715,2.9642857142857144,214.28571428571428,7.328571428571428,0.0,0.0,9.928571428571429,205.71428571428572,13.3
2013-05-07,0.10714285714285689,6.557142857142857,21.5,3.021428571428572,217.14285714285714,7.264285714285714,0.0,0.0,9.799999999999999,210.71428571428572,14.328571428571427
2013-05-08,0.10714285714285689,7.542857142857143,22.535714285714285,2.935714285714286,217.14285714285714,7.207142857142856,0.0,0.0,9.799999999999999,210.71428571428572,15.271428571428572
2013-05-09,0.19999999999999973,8.178571428571429,22.814285714285713,2.814285714285714,216.42857142857142,7.142857142857143,0.0,0.0,9.764285714285714,208.57142857142858,15.87857142857143
2013-05-10,0.47142857142857114,9.007142857142856,23.528571428571432,2.7714285714285722,210.0,7.042857142857144,0.0,0.0,9.450000000000001,200.71428571428572,16.414285714285715
2013-05-11,0.5785714285714283,9.799999999999999,24.2,2.735714285714286,205.71428571428572,6.978571428571429,0.0,0.0,9.264285714285714,191.42857142857142,17.064285714285717
2013-05-12,0.814285714285714,10.514285714285714,24.557142857142857,3.0,201.42857142857142,7.357142857142857,0.0,0.0,9.807142857142859,187.14285714285714,17.735714285714288
2013-05-13,0.814285714285714,10.828571428571427,24.042857142857144,3.1214285714285714,206.42857142857142,7.542857142857143,0.0,0.0,10.285714285714286,192.14285714285714,17.714285714285715
2013-05-14,0.8357142857142854,10.27142857142857,23.607142857142858,3.1214285714285714,208.57142857142858,7.7,0.0,0.0,10.514285714285716,195.0,17.178571428571427
2013-05-15,0.8357142857142854,9.6,23.007142857142856,3.021428571428572,220.0,7.671428571428572,0.0,0.0,10.514285714285716,205.71428571428572,16.65714285714286
2013-05-16,0.9428571428571425,8.964285714285714,22.45,3.192857142857143,214.28571428571428,8.114285714285716,0.0,0.0,11.150000000000002,201.42857142857142,16.021428571428572
2013-05-17,0.9428571428571425,8.964285714285714,22.214285714285715,3.3000000000000003,227.14285714285714,8.214285714285714,0.0,0.0,11.214285714285714,215.0,15.72857142857143
2013-05-18,0.9428571428571425,8.885714285714286,22.014285714285716,3.35,240.71428571428572,8.314285714285715,0.0,0.0,11.400000000000002,229.28571428571428,15.471428571428572
2013-05-19,0.9428571428571425,8.685714285714285,21.892857142857142,3.314285714285714,220.0,8.221428571428572,0.0,0.0,11.242857142857144,224.28571428571428,15.3
2013-05-20,1.3214285714285712,8.6,21.5,3.3714285714285714,220.71428571428572,8.442857142857143,0.0,0.0,11.564285714285715,224.28571428571428,15.057142857142855
2013-05-21,1.3214285714285712,8.871428571428572,21.142857142857142,3.3000000000000003,220.71428571428572,8.471428571428572,0.0,0.0,11.85,223.57142857142858,14.828571428571431
2013-05-22,3.0642857142857136,8.95,20.50714285714286,3.335714285714286,229.28571428571428,8.85,0.0,0.0,12.492857142857144,232.85714285714286,14.557142857142855
2013-05-23,5.457142857142856,8.992857142857142,20.428571428571427,3.35,238.57142857142858,8.914285714285715,0.0,0.0,12.557142857142859,242.85714285714286,14.4
2013-05-24,9.285714285714286,9.192857142857141,20.585714285714285,3.4714285714285715,244.28571428571428,9.171428571428573,0.0,0.0,13.0,251.42857142857142,14.592857142857143
2013-05-25,11.228571428571428,8.757142857142856,20.228571428571428,3.7642857142857147,251.42857142857142,9.485714285714286,0.0,0.0,13.478571428571428,262.85714285714283,14.214285714285714
2013-05-26,13.22142857142857,8.442857142857141,19.2,3.9642857142857144,263.57142857142856,9.585714285714285,0.0,0.0,13.671428571428574,275.0,13.421428571428569
2013-05-27,14.057142857142855,8.407142857142857,18.842857142857145,4.05,270.0,9.685714285714285,0.0,0.0,13.671428571428573,281.42857142857144,13.064285714285713
2013-05-28,14.035714285714286,8.407142857142857,19.400000000000002,3.9285714285714284,275.0,9.492857142857144,0.0,0.0,13.37857142857143,287.14285714285717,13.299999999999999
2013-05-29,14.035714285714286,8.6,20.035714285714285,4.000000000000001,262.14285714285717,9.492857142857144,0.0,0.0,13.321428571428571,275.7142857142857,13.707142857142857
2013-05-30,14.907142857142857,9.514285714285714,20.2,3.935714285714286,262.14285714285717,9.242857142857144,0.0,0.0,12.942857142857141,276.42857142857144,14.278571428571427
2013-05-31,14.907142857142857,10.028571428571428,20.63571428571429,3.7285714285714286,262.85714285714283,8.828571428571427,0.0,0.0,12.435714285714285,271.42857142857144,14.814285714285715
2013-06-01,14.907142857142857,10.664285714285713,21.592857142857138,3.742857142857143,254.28571428571428,8.828571428571427,0.0,0.0,12.407142857142857,262.85714285714283,15.635714285714286
2013-06-02,16.307142857142857,11.578571428571427,22.22857142857143,3.914285714285714,266.42857142857144,9.178571428571429,0.0,0.0,12.885714285714286,259.2857142857143,16.442857142857143
2013-06-03,16.692857142857143,12.214285714285714,22.9,3.892857142857143,266.42857142857144,9.114285714285716,0.0,0.0,12.757142857142856,257.85714285714283,17.057142857142857
2013-06-04,16.692857142857143,12.135714285714286,22.857142857142858,3.985714285714286,277.14285714285717,9.242857142857144,0.0,0.0,12.628571428571428,267.85714285714283,17.242857142857144
2013-06-05,14.95,11.864285714285714,22.814285714285713,4.1000000000000005,278.57142857142856,8.985714285714286,0.0,0.0,12.114285714285714,270.0,17.071428571428573
2013-06-06,12.357142857142858,11.428571428571429,22.5,3.9571428571428577,281.42857142857144,8.635714285714286,0.0,0.0,11.635714285714284,271.42857142857144,16.82857142857143
2013-06-07,8.585714285714285,11.071428571428571,21.907142857142855,3.8071428571428574,285.7142857142857,8.221428571428572,0.0,0.0,11.0,255.71428571428572,16.357142857142858
2013-06-08,7.607142857142856,11.39285714285714,21.75,3.5571428571428574,270.7142857142857,8.0,0.0,0.0,10.707142857142857,240.71428571428572,16.49285714285714
2013-06-09,5.485714285714285,11.864285714285714,22.385714285714283,3.1571428571428575,269.2857142857143,7.585714285714287,0.0,0.0,10.035714285714288,239.28571428571428,17.0
2013-06-10,4.6499999999999995,12.378571428571428,23.49285714285714,2.9785714285714286,269.2857142857143,7.235714285714286,0.0,0.0,9.65,239.28571428571428,17.82857142857143
2013-06-11,4.992857142857142,12.814285714285715,23.849999999999998,2.942857142857143,257.14285714285717,7.142857142857143,0.0,0.0,9.464285714285714,231.42857142857142,18.314285714285717
2013-06-12,8.514285714285714,13.492857142857142,23.414285714285715,2.95,252.85714285714286,7.207142857142857,0.0,0.0,9.557142857142859,227.85714285714286,18.392857142857142
2013-06-13,8.385714285714284,13.492857142857142,23.49285714285714,2.964285714285715,263.57142857142856,7.3,0.0,0.0,9.65,237.85714285714286,18.285714285714285
2013-06-14,8.385714285714284,13.02142857142857,22.821428571428573,2.9142857142857146,255.71428571428572,7.300000000000002,0.0,0.0,9.65,235.71428571428572,17.807142857142857
2013-06-15,8.385714285714284,12.62857142857143,22.307142857142857,2.9214285714285713,266.42857142857144,7.485714285714287,0.0,0.0,9.907142857142857,245.0,17.307142857142857
2013-06-16,6.985714285714285,11.992857142857142,21.792857142857144,2.771428571428572,275.7142857142857,7.164285714285714,0.0,0.0,9.492857142857144,256.42857142857144,16.77857142857143
2013-06-17,6.764285714285713,11.557142857142855,21.0,2.714285714285715,275.7142857142857,7.135714285714286,0.0,0.0,9.392857142857142,257.85714285714283,16.285714285714285
2013-06-18,6.857142857142857,11.6,21.199999999999996,2.6,276.42857142857144,6.878571428571429,0.0,0.0,9.142857142857142,259.2857142857143,16.257142857142856
2013-06-19,6.857142857142857,11.6,21.400000000000002,2.3714285714285714,276.42857142857144,6.464285714285714,0.0,0.0,8.635714285714286,260.0,16.35
2013-06-20,6.857142857142857,11.635714285714284,21.357142857142858,2.4714285714285715,273.57142857142856,6.592857142857143,0.0,0.0,8.857142857142858,260.0,16.392857142857142
2013-06-21,6.528571428571428,11.321428571428571,21.87142857142857,2.3928571428571432,260.7142857142857,6.557142857142858,0.0,0.0,8.857142857142858,277.14285714285717,16.507142857142856
2013-06-22,5.457142857142856,11.278571428571427,22.864285714285717,2.2642857142857147,266.42857142857144,6.364285714285715,0.0,0.0,8.635714285714286,280.7142857142857,16.992857142857144
2013-06-23,5.5857142857142845,11.599999999999998,23.57857142857143,2.2642857142857147,255.71428571428572,6.457142857142857,0.0,0.0,8.735714285714286,270.0,17.464285714285715
2013-06-24,6.635714285714285,12.07142857142857,23.857142857142858,2.2642857142857147,244.28571428571428,6.614285714285715,0.0,0.0,8.864285714285714,259.2857142857143,17.77142857142857
2013-06-25,7.0214285714285705,12.707142857142856,24.335714285714285,2.3285714285714287,255.0,6.92857142857143,0.0,0.0,9.464285714285714,266.42857142857144,18.285714285714285
2013-06-26,5.642857142857143,13.14285714285714,25.32857142857143,2.385714285714286,271.42857142857144,7.178571428571429,0.0,0.0,9.785714285714286,282.85714285714283,18.849999999999998
2013-06-27,5.428571428571428,13.614285714285714,25.642857142857142,2.292857142857143,261.42857142857144,6.921428571428572,0.0,0.0,9.435714285714285,271.42857142857144,19.29285714285714
2013-06-28,5.428571428571428,14.242857142857144,26.192857142857143,2.3642857142857143,270.7142857142857,6.95,0.0,0.0,9.435714285714285,280.0,19.85
2013-06-29,6.407142857142857,14.52142857142857,26.228571428571428,2.4214285714285717,260.7142857142857,6.921428571428572,0.0,0.0,9.464285714285714,271.42857142857144,20.007142857142856
2013-06-30,8.964285714285714,15.114285714285712,26.349999999999998,2.4142857142857146,260.7142857142857,7.142857142857143,0.0,0.0,9.721428571428572,266.42857142857144,20.128571428571426
2013-07-01,8.964285714285714,15.471428571428572,26.907142857142855,2.3000000000000003,270.7142857142857,6.857142857142857,0.0,0.0,9.407142857142858,277.85714285714283,20.457142857142856
2013-07-02,9.542857142857143,15.671428571428569,26.942857142857143,2.278571428571429,270.0,6.764285714285714,0.0,0.0,9.242857142857144,278.57142857142856,20.657142857142862
2013-07-03,9.742857142857144,15.985714285714284,27.221428571428568,2.2857142857142856,270.0,6.864285714285714,0.0,0.0,9.242857142857144,277.85714285714283,20.842857142857138
2013-07-04,9.957142857142857,16.86428571428571,27.7,2.15,270.0,6.8,0.0,0.0,9.057142857142857,277.14285714285717,21.392857142857142
2013-07-05,13.385714285714284,17.77857142857143,28.1,2.2571428571428576,282.85714285714283,7.25,0.0,0.0,9.5,281.42857142857144,22.007142857142856
2013-07-06,14.4,18.457142857142856,28.335714285714285,2.3714285714285714,282.14285714285717,7.7,0.0,0.0,9.978571428571428,283.57142857142856,22.385714285714283
2013-07-07,14.164285714285713,18.692857142857143,28.650000000000002,2.4,290.7142857142857,7.635714285714285,0.0,0.0,9.914285714285715,288.57142857142856,22.778571428571432
2013-07-08,13.171428571428569,18.657142857142855,28.607142857142858,2.3500000000000005,290.0,7.542857142857143,0.0,0.0,9.657142857142857,287.85714285714283,22.821428571428573
2013-07-09,12.535714285714286,18.657142857142855,28.285714285714285,2.221428571428572,291.42857142857144,7.192857142857143,0.0,0.0,8.928571428571429,288.57142857142856,22.635714285714283
2013-07-10,10.392857142857142,18.614285714285717,28.25,2.092857142857143,285.0,6.75,0.0,0.0,8.385714285714284,281.42857142857144,22.714285714285715
2013-07-11,9.778571428571428,18.77857142857143,28.407142857142862,2.271428571428572,285.0,7.035714285714286,0.0,0.0,8.77142857142857,282.14285714285717,22.95
2013-07-12,10.049999999999999,18.62142857142857,28.25,2.278571428571429,285.7142857142857,7.164285714285714,0.0,0.0,8.992857142857144,282.85714285714283,22.949999999999996
2013-07-13,9.071428571428571,18.535714285714285,28.25,2.1428571428571432,295.0,6.9071428571428575,0.0,0.0,8.578571428571427,290.7142857142857,22.992857142857144
2013-07-14,6.514285714285713,18.457142857142856,28.36428571428571,2.178571428571429,285.7142857142857,6.75,0.0,0.0,8.414285714285715,285.0,23.150000000000002
2013-07-15,6.007142857142857,18.857142857142858,28.642857142857142,2.1500000000000004,273.57142857142856,6.6499999999999995,0.0,0.0,8.35,273.57142857142856,23.45
2013-07-16,5.3357142857142845,19.135714285714283,29.321428571428573,2.1000000000000005,273.57142857142856,6.8428571428571425,0.0,0.0,8.514285714285714,272.85714285714283,23.885714285714283
2013-07-17,5.135714285714285,19.535714285714285,29.800000000000004,2.1,251.42857142857142,6.9071428571428575,0.0,0.0,8.642857142857142,272.85714285714283,24.47142857142857
2013-07-18,5.014285714285713,19.571428571428573,30.314285714285713,2.2,229.28571428571428,6.871428571428571,0.0,0.0,8.707142857142857,270.0,24.764285714285712
2013-07-19,1.6071428571428565,19.65,30.471428571428568,2.128571428571429,219.28571428571428,6.457142857142856,0.0,0.0,8.357142857142858,259.2857142857143,24.87857142857143
2013-07-20,0.7214285714285709,19.807142857142857,30.792857142857144,2.3285714285714287,223.57142857142858,6.742857142857143,0.0,0.0,9.128571428571428,262.14285714285717,25.114285714285717
2013-07-21,0.8499999999999995,19.764285714285712,30.714285714285715,2.4571428571428577,223.57142857142858,6.9071428571428575,0.0,0.0,9.414285714285715,265.7142857142857,25.04285714285714
2013-07-22,0.7928571428571424,19.442857142857143,30.442857142857143,2.535714285714286,233.57142857142858,6.871428571428572,0.0,0.0,9.385714285714286,275.0,24.835714285714285
2013-07-23,0.8285714285714281,18.928571428571427,30.564285714285713,2.507142857142857,227.85714285714286,6.8428571428571425,0.0,0.0,9.385714285714286,270.0,24.635714285714283
2013-07-24,1.6785714285714282,18.97142857142857,30.285714285714285,2.5071428571428576,232.14285714285714,6.807142857142857,0.0,0.0,9.257142857142856,265.7142857142857,24.49285714285714
2013-07-25,2.1499999999999995,18.29285714285714,29.814285714285713,2.4071428571428575,242.14285714285714,6.778571428571428,0.0,0.0,9.157142857142857,276.42857142857144,24.13571428571429
2013-07-26,1.878571428571428,17.7,29.457142857142856,2.378571428571429,241.42857142857142,6.714285714285714,0.0,0.0,9.057142857142855,274.2857142857143,23.514285714285716
2013-07-27,1.878571428571428,17.507142857142856,29.335714285714285,2.3500000000000005,241.42857142857142,6.75,0.0,0.0,9.028571428571428,276.42857142857144,23.264285714285712
2013-07-28,1.878571428571428,17.192857142857143,29.37857142857143,2.321428571428572,240.71428571428572,6.6571428571428575,0.0,0.0,8.907142857142857,278.57142857142856,23.12142857142857
2013-07-29,1.8642857142857137,16.99285714285714,29.021428571428572,2.4285714285714293,241.42857142857142,6.885714285714286,0.0,0.0,9.157142857142857,277.85714285714283,22.921428571428574
2013-07-30,2.1571428571428566,16.82857142857143,28.62142857142857,2.4571428571428577,243.57142857142858,6.885714285714286,0.0,0.0,9.25,277.14285714285717,22.571428571428573
2013-07-31,2.1571428571428566,16.428571428571427,28.107142857142854,2.4214285714285717,259.2857142857143,6.721428571428571,0.0,0.0,9.15,275.0,22.12857142857143
2013-08-01,2.064285714285714,15.914285714285713,27.62857142857143,2.4,272.85714285714283,6.692857142857143,0.0,0.0,9.05,266.42857142857144,21.650000000000002
2013-08-02,2.785714285714285,15.635714285714284,27.192857142857143,2.607142857142857,273.57142857142856,6.950000000000001,0.0,0.0,9.464285714285714,263.57142857142856,21.32857142857143
2013-08-03,2.657142857142856,15.235714285714284,26.557142857142857,2.45,271.42857142857144,6.407142857142857,0.0,0.0,8.5,263.57142857142856,20.835714285714285
2013-08-04,2.835714285714285,15.042857142857143,26.199999999999996,2.378571428571429,267.85714285714283,6.3428571428571425,0.0,0.0,8.435714285714287,260.7142857142857,20.485714285714288
2013-08-05,3.342857142857142,15.042857142857143,26.035714285714285,2.4285714285714284,270.0,6.857142857142857,0.0,0.0,9.071428571428571,262.85714285714283,20.435714285714283
2013-08-06,3.214285714285714,14.964285714285712,25.6,2.592857142857143,275.7142857142857,7.049999999999999,0.0,0.0,9.357142857142858,267.85714285714283,20.292857142857144
2013-08-07,2.364285714285714,14.292857142857143,25.52142857142857,2.6142857142857143,265.7142857142857,7.1499999999999995,0.0,0.0,9.514285714285714,267.85714285714283,19.964285714285715
2013-08-08,1.8714285714285706,14.37142857142857,25.957142857142856,2.6714285714285717,255.0,7.214285714285714,0.0,0.0,9.678571428571429,257.14285714285717,20.007142857142856
2013-08-09,1.942857142857142,15.242857142857142,26.47142857142857,2.828571428571429,245.0,7.471428571428572,0.0,0.0,10.0,249.28571428571428,20.607142857142858
2013-08-10,3.214285714285713,15.87857142857143,26.557142857142857,2.8071428571428574,234.28571428571428,7.564285714285715,0.0,0.0,10.285714285714286,237.14285714285714,21.021428571428572
2013-08-11,3.214285714285713,16.035714285714285,26.235714285714288,2.9785714285714286,243.57142857142858,7.814285714285715,0.0,0.0,10.571428571428571,241.42857142857142,21.135714285714283
2013-08-12,3.192857142857142,15.478571428571428,26.192857142857143,2.8928571428571432,252.14285714285714,7.685714285714285,0.0,0.0,10.321428571428571,249.28571428571428,20.849999999999998
2013-08-13,2.8999999999999995,15.200000000000001,26.035714285714285,2.885714285714286,240.71428571428572,7.621428571428572,0.0,0.0,10.164285714285715,238.57142857142858,20.7
2013-08-14,3.428571428571428,15.278571428571428,25.95,3.028571428571429,237.14285714285714,7.914285714285714,0.0,0.0,10.485714285714286,230.71428571428572,20.607142857142858
2013-08-15,3.735714285714285,15.157142857142857,25.357142857142858,3.092857142857143,245.0,8.071428571428571,0.0,0.0,10.707142857142857,242.14285714285714,20.37142857142857
2013-08-16,2.9928571428571424,14.599999999999998,25.235714285714288,3.007142857142857,243.57142857142858,7.878571428571429,0.0,0.0,10.569230769230769,248.46153846153845,20.035714285714285
2013-08-17,3.028571428571428,14.164285714285715,25.114285714285717,2.942857142857143,250.0,8.164285714285715,0.0,0.0,10.815384615384614,253.84615384615384,19.79285714285714
2013-08-18,2.721428571428571,13.964285714285714,25.114285714285717,2.785714285714286,257.14285714285717,8.035714285714286,0.0,0.0,10.538461538461538,260.7692307692308,19.714285714285715
2013-08-19,2.214285714285714,13.85,25.314285714285717,2.642857142857143,245.0,7.492857142857143,0.0,0.0,9.784615384615384,248.46153846153845,19.63571428571429
2013-08-20,2.214285714285714,14.007142857142856,25.785714285714285,2.5357142857142856,235.71428571428572,7.328571428571429,0.0,0.0,9.546153846153846,238.46153846153845,19.87142857142857
2013-08-21,2.214285714285714,14.364285714285714,26.099999999999998,2.5142857142857147,235.71428571428572,7.421428571428572,0.0,0.0,9.653846153846153,237.69230769230768,20.185714285714287
2013-08-22,2.214285714285714,14.607142857142858,26.33571428571429,2.3928571428571432,235.71428571428572,7.228571428571429,0.0,0.0,9.307692307692308,236.92307692307693,20.407142857142855
2013-08-23,3.4857142857142853,14.485714285714284,26.42142857142857,2.3071428571428574,245.0,7.292857142857143,0.0,0.0,9.415384615384614,246.15384615384616,20.41428571428571
2013-08-24,2.214285714285714,13.885714285714284,26.22142857142857,2.45,255.0,7.385714285714286,0.0,0.0,9.376923076923076,256.9230769230769,20.164285714285715
2013-08-25,2.214285714285714,13.564285714285713,26.307142857142857,2.2285714285714286,235.71428571428572,7.007142857142857,0.0,0.0,8.861538461538462,260.7692307692308,19.828571428571426
2013-08-26,2.271428571428571,13.450000000000001,26.307142857142857,2.257142857142857,226.42857142857142,6.942857142857143,0.0,0.0,8.823076923076922,253.07692307692307,19.764285714285712
2013-08-27,2.671428571428571,13.692857142857141,26.107142857142858,2.335714285714286,225.0,6.942857142857143,0.0,0.0,8.992307692307692,253.84615384615384,19.77857142857143
2013-08-28,2.1428571428571423,14.014285714285714,26.38571428571429,2.1785714285714284,231.42857142857142,6.6499999999999995,0.0,0.0,8.576923076923077,260.7692307692308,20.04285714285714
2013-08-29,1.8357142857142852,14.492857142857142,27.1,2.0500000000000003,234.28571428571428,6.428571428571429,0.0,0.0,8.307692307692308,236.92307692307693,20.49285714285714
2013-08-30,1.8357142857142852,15.128571428571428,27.300000000000004,1.9214285714285715,243.57142857142858,6.364285714285714,0.0,0.0,8.164285714285715,242.85714285714286,20.892857142857146
2013-08-31,1.7999999999999994,15.607142857142858,27.535714285714285,1.9785714285714289,233.57142857142858,6.014285714285714,0.0,0.0,7.75,232.14285714285714,21.235714285714288
2013-09-01,1.7999999999999994,16.12142857142857,27.49285714285714,2.0785714285714287,222.14285714285714,6.042857142857143,0.0,0.0,7.814285714285715,229.28571428571428,21.52857142857143
2013-09-02,1.7999999999999994,16.635714285714286,27.77142857142857,2.0571428571428574,231.42857142857142,6.042857142857143,0.0,0.0,7.814285714285715,237.85714285714286,21.885714285714283
2013-09-03,2.6499999999999995,16.95,27.614285714285717,2.107142857142857,237.85714285714286,6.328571428571428,0.0,0.0,8.321428571428571,244.28571428571428,22.021428571428572
2013-09-04,3.464285714285714,17.107142857142858,27.25714285714286,2.1285714285714286,245.71428571428572,6.392857142857143,0.0,0.0,8.47857142857143,252.14285714285714,21.87857142857143
2013-09-05,3.8285714285714283,17.02857142857143,26.699999999999996,2.135714285714286,257.85714285714283,6.364285714285714,0.0,0.0,8.47857142857143,265.0,21.592857142857145
2013-09-06,2.4857142857142853,16.15714285714286,25.864285714285717,2.1142857142857148,259.2857142857143,6.142857142857143,0.0,0.0,8.185714285714287,265.7142857142857,21.014285714285716
2013-09-07,2.4857142857142853,15.642857142857142,25.707142857142856,2.021428571428572,249.28571428571428,5.957142857142856,0.0,0.0,8.0,255.71428571428572,20.507142857142856
2013-09-08,2.5214285714285714,15.921428571428569,25.264285714285712,2.2214285714285715,259.2857142857143,6.371428571428571,0.0,0.0,8.507142857142858,244.28571428571428,20.45714285714286
2013-09-09,2.9928571428571424,15.642857142857142,24.70714285714286,2.378571428571429,271.42857142857144,6.785714285714286,0.0,0.0,9.021428571428572,254.28571428571428,20.271428571428572
2013-09-10,2.592857142857142,14.72857142857143,24.514285714285712,2.4071428571428575,272.14285714285717,6.914285714285714,0.0,0.0,9.114285714285714,254.28571428571428,19.671428571428574
2013-09-11,3.592857142857142,14.37142857142857,24.235714285714288,2.6714285714285717,266.42857142857144,7.3,0.0,0.0,9.528571428571428,247.85714285714286,19.321428571428573
2013-09-12,4.171428571428571,14.528571428571428,24.435714285714283,2.9142857142857146,254.28571428571428,7.742857142857143,0.0,0.0,10.22857142857143,259.2857142857143,19.50714285714286
2013-09-13,6.007142857142857,14.450000000000001,24.27857142857143,2.9714285714285715,252.85714285714286,8.121428571428572,0.0,0.0,10.799999999999999,255.0,19.49285714285714
2013-09-14,6.299999999999999,13.971428571428572,23.485714285714288,3.085714285714286,261.42857142857144,8.25,0.0,0.0,10.985714285714286,265.7142857142857,19.014285714285712
2013-09-15,6.371428571428571,13.021428571428572,23.014285714285716,3.085714285714286,271.42857142857144,8.221428571428572,0.0,0.0,10.921428571428573,267.14285714285717,18.27857142857143
2013-09-16,6.442857142857142,12.028571428571428,22.300000000000004,3.1714285714285717,263.57142857142856,8.35,0.0,0.0,11.171428571428573,258.57142857142856,17.464285714285715
2013-09-17,6.242857142857141,10.957142857142856,21.349999999999998,3.2,267.85714285714283,8.321428571428571,0.0,0.0,10.914285714285713,262.85714285714283,16.678571428571427
2013-09-18,5.428571428571429,9.807142857142859,20.79285714285714,3.0714285714285716,270.0,8.064285714285713,0.0,0.0,10.62857142857143,265.7142857142857,15.857142857142858
2013-09-19,5.064285714285715,9.007142857142856,20.678571428571427,3.014285714285715,258.57142857142856,7.964285714285714,0.0,0.0,10.535714285714286,253.57142857142858,15.32142857142857
2013-09-20,5.064285714285715,8.971428571428572,21.071428571428573,2.892857142857143,247.85714285714286,7.771428571428571,0.0,0.0,10.221428571428573,243.57142857142858,15.264285714285716
2013-09-21,5.064285714285715,9.37142857142857,21.50714285714286,2.9571428571428577,247.85714285714286,7.957142857142857,0.0,0.0,10.378571428571428,245.0,15.62857142857143
2013-09-22,6.042857142857143,9.571428571428571,21.86428571428571,3.192857142857143,247.85714285714286,8.242857142857142,0.0,0.0,10.857142857142858,245.71428571428572,15.907142857142858
2013-09-23,6.007142857142857,9.728571428571428,21.785714285714285,3.2,246.42857142857142,8.142857142857142,0.0,0.0,10.728571428571428,244.28571428571428,15.957142857142857
2013-09-24,6.007142857142857,9.885714285714286,21.071428571428573,3.271428571428572,255.71428571428572,8.107142857142858,0.0,0.0,10.664285714285715,253.57142857142858,15.778571428571428
2013-09-25,5.007142857142857,9.328571428571427,20.557142857142853,3.185714285714286,263.57142857142856,7.978571428571429,0.0,0.0,10.507142857142858,241.42857142857142,15.321428571428571
2013-09-26,4.428571428571428,8.178571428571427,19.599999999999998,2.9714285714285715,251.42857142857142,7.664285714285714,0.0,0.0,9.992857142857142,230.71428571428572,14.285714285714286
2013-09-27,2.5928571428571425,7.221428571428571,19.042857142857144,2.9571428571428577,255.71428571428572,7.414285714285714,0.0,0.0,9.55,237.14285714285714,13.435714285714285
2013-09-28,2.3,7.064285714285715,19.085714285714285,2.7214285714285715,255.71428571428572,7.257142857142858,0.0,0.0,9.364285714285714,235.71428571428572,13.314285714285715
2013-09-29,2.228571428571428,7.0214285714285705,19.478571428571428,2.585714285714286,252.14285714285714,7.0928571428571425,0.0,0.0,9.207142857142857,234.28571428571428,13.378571428571428
2013-09-30,2.157142857142857,7.178571428571429,19.75714285714286,2.485714285714286,251.42857142857142,6.8999999999999995,0.0,0.0,8.985714285714286,234.28571428571428,13.578571428571431
2013-10-01,1.5071428571428567,7.535714285714286,20.471428571428568,2.335714285714286,240.71428571428572,6.55,0.0,0.0,8.735714285714286,222.85714285714286,13.807142857142859
2013-10-02,1.5071428571428567,8.007142857142856,21.02857142857143,2.3500000000000005,232.14285714285714,6.521428571428572,0.0,0.0,8.607142857142858,213.57142857142858,14.307142857142859
2013-10-03,1.5071428571428567,8.485714285714286,21.385714285714283,2.4142857142857146,240.0,6.557142857142858,0.0,0.0,8.607142857142858,214.28571428571428,14.700000000000001
2013-10-04,1.5071428571428567,8.6,21.228571428571428,2.357142857142857,245.71428571428572,6.428571428571429,0.0,0.0,8.542857142857143,221.42857142857142,14.785714285714286
2013-10-05,1.5071428571428567,8.435714285714285,20.592857142857145,2.242857142857143,255.71428571428572,6.078571428571428,0.0,0.0,8.192857142857145,230.71428571428572,14.435714285714285
2013-10-06,0.5142857142857138,8.0,20.235714285714288,1.8571428571428577,265.7142857142857,5.507142857142858,0.0,0.0,7.335714285714286,240.71428571428572,14.049999999999999
2013-10-07,0.528571428571428,8.078571428571427,20.157142857142855,1.7071428571428573,254.28571428571428,5.257142857142857,0.0,0.0,7.207142857142856,227.14285714285714,13.778571428571428
2013-10-08,2.5571428571428565,8.478571428571428,21.307142857142853,1.6642857142857146,244.28571428571428,5.642857142857143,0.0,0.0,7.814285714285715,216.42857142857142,14.342857142857143
2013-10-09,2.5571428571428565,8.278571428571428,21.271428571428572,1.6071428571428574,244.28571428571428,5.642857142857143,0.0,0.0,7.878571428571429,234.28571428571428,14.414285714285715
2013-10-10,2.5571428571428565,8.121428571428572,21.235714285714288,1.5857142857142859,257.85714285714283,5.642857142857143,0.0,0.0,7.821428571428571,247.14285714285714,14.257142857142856
2013-10-11,2.5571428571428565,8.121428571428572,21.314285714285713,1.4785714285714289,249.28571428571428,5.385714285714286,0.0,0.0,7.500000000000001,236.42857142857142,14.221428571428573
2013-10-12,2.5571428571428565,7.921428571428572,21.47142857142857,1.4642857142857146,249.28571428571428,5.257142857142857,0.0,0.0,7.307142857142858,237.14285714285714,14.028571428571428
2013-10-13,2.5571428571428565,7.807142857142857,21.47142857142857,1.5285714285714287,240.0,5.357142857142857,0.0,0.0,7.464285714285714,225.71428571428572,14.007142857142858
2013-10-14,2.5571428571428565,7.807142857142857,21.27142857142857,1.7000000000000004,240.0,5.578571428571428,0.0,0.0,7.6571428571428575,226.42857142857142,13.957142857142857
2013-10-15,2.771428571428571,7.928571428571429,20.678571428571427,1.8142857142857145,240.0,5.771428571428571,0.0,0.0,7.8428571428571425,225.71428571428572,13.821428571428571
2013-10-16,2.771428571428571,7.971428571428571,20.164285714285715,1.85,237.85714285714286,5.8357142857142845,0.0,0.0,7.935714285714285,224.28571428571428,13.585714285714285
2013-10-17,2.842857142857142,7.971428571428571,19.607142857142858,2.028571428571429,229.28571428571428,6.121428571428571,0.0,0.0,8.35,222.85714285714286,13.421428571428573
2013-10-18,3.3714285714285706,8.214285714285714,19.49285714285714,2.1500000000000004,222.85714285714286,6.4071428571428575,0.0,0.0,8.792857142857143,215.71428571428572,13.4
2013-10-19,4.1,8.335714285714285,19.492857142857144,2.2928571428571436,217.14285714285714,6.757142857142857,0.0,0.0,9.299999999999999,210.0,13.457142857142857
2013-10-20,4.185714285714285,8.214285714285714,19.25714285714286,2.485714285714286,207.14285714285714,7.071428571428571,0.0,0.0,9.778571428571428,200.0,13.264285714285716
2013-10-21,3.678571428571428,7.814285714285714,19.178571428571427,2.592857142857143,216.42857142857142,7.321428571428571,0.0,0.0,10.0,211.42857142857142,13.242857142857144
2013-10-22,1.6499999999999997,7.057142857142857,18.5,2.6071428571428577,217.14285714285714,7.092857142857143,0.0,0.0,9.685714285714285,212.85714285714286,12.657142857142857
2013-10-23,1.6857142857142853,7.057142857142857,18.335714285714285,2.757142857142857,208.57142857142858,7.285714285714286,0.0,0.0,9.942857142857141,207.85714285714286,12.62142857142857
2013-10-24,1.6857142857142853,7.0928571428571425,17.821428571428573,2.8000000000000003,214.28571428571428,7.285714285714286,0.0,0.0,9.907142857142857,213.57142857142858,12.442857142857141
2013-10-25,1.721428571428571,6.778571428571428,16.985714285714284,3.028571428571429,218.57142857142858,7.607142857142857,0.0,0.0,10.385714285714286,217.85714285714286,12.085714285714285
2013-10-26,1.721428571428571,6.3428571428571425,15.992857142857144,3.2214285714285715,220.0,7.828571428571429,0.0,0.0,10.700000000000001,216.42857142857142,11.607142857142858
2013-10-27,1.7571428571428567,5.9071428571428575,14.921428571428573,3.485714285714286,222.14285714285714,8.242857142857144,0.0,0.0,11.214285714285714,220.71428571428572,10.964285714285714
2013-10-28,1.7571428571428567,5.435714285714285,14.049999999999999,3.4928571428571433,228.57142857142858,8.278571428571428,0.0,0.0,11.307142857142859,225.71428571428572,10.45
2013-10-29,1.5642857142857136,4.528571428571428,13.571428571428571,3.6142857142857143,238.57142857142858,8.657142857142857,0.0,0.0,11.728571428571428,237.14285714285714,9.85
2013-10-30,1.5642857142857136,3.4999999999999996,12.778571428571427,3.5785714285714287,251.42857142857142,8.621428571428572,0.0,0.0,11.7,250.0,8.992857142857142
2013-10-31,1.4928571428571422,2.592857142857142,11.907142857142858,3.2928571428571436,252.14285714285714,8.171428571428573,0.0,0.0,11.12142857142857,249.28571428571428,8.028571428571428
2013-11-01,1.3285714285714278,1.8357142857142854,11.585714285714287,3.5785714285714287,252.85714285714286,8.457142857142857,0.0,0.0,11.442857142857141,249.28571428571428,7.357142857142857
2013-11-02,0.9071428571428566,2.035714285714285,11.864285714285714,3.8500000000000005,248.57142857142858,8.778571428571428,0.0,0.0,12.02142857142857,248.57142857142858,7.578571428571429
2013-11-03,1.0142857142857138,1.5642857142857138,11.664285714285715,3.8142857142857145,260.0,8.621428571428572,0.0,0.0,11.792857142857143,260.0,7.442857142857143
2013-11-04,1.0142857142857138,0.9428571428571423,10.828571428571431,3.8071428571428574,240.0,8.564285714285715,0.0,0.0,11.664285714285713,240.0,6.678571428571429
2013-11-05,1.0142857142857138,0.3142857142857138,9.878571428571428,3.6142857142857143,249.28571428571428,8.278571428571428,0.0,0.0,11.185714285714285,249.28571428571428,5.9071428571428575
2013-11-06,0.978571428571428,-0.27142857142857185,9.521428571428572,3.6642857142857146,249.28571428571428,8.342857142857143,0.0,0.0,11.342857142857143,248.57142857142858,5.207142857142857
2013-11-07,0.978571428571428,0.049999999999999566,9.714285714285714,4.05,242.85714285714286,8.85,0.0,0.0,12.107142857142858,241.42857142857142,5.428571428571429
2013-11-08,1.1571428571428566,0.24999999999999956,10.150000000000002,4.207142857142857,235.0,9.164285714285715,0.0,0.0,12.55,236.42857142857142,5.828571428571428
2013-11-09,1.1571428571428566,0.4071428571428567,9.992857142857144,4.3,232.14285714285714,9.385714285714286,0.0,0.0,12.87142857142857,238.57142857142858,5.707142857142857
2013-11-10,1.1428571428571423,0.48571428571428527,9.8,4.178571428571429,240.71428571428572,9.192857142857141,0.0,0.0,12.614285714285714,245.0,5.621428571428572
2013-11-11,1.3571428571428565,0.5999999999999995,9.757142857142856,4.250000000000001,241.42857142857142,9.35,0.0,0.0,12.871428571428572,246.42857142857142,5.464285714285714
2013-11-12,1.4071428571428566,0.7928571428571425,9.557142857142859,4.342857142857143,240.71428571428572,9.221428571428572,0.0,0.5714285714285714,12.928571428571429,244.28571428571428,5.392857142857143
2013-11-13,1.4071428571428566,0.8785714285714282,9.078571428571427,4.700000000000001,237.85714285714286,9.635714285714286,0.0,0.5714285714285714,13.435714285714287,241.42857142857142,5.3500000000000005
2013-11-14,1.4071428571428566,0.564285714285714,8.642857142857142,4.9142857142857155,237.14285714285714,10.021428571428572,0.0,0.5714285714285714,13.950000000000001,243.57142857142858,5.0
2013-11-15,1.0428571428571425,0.4499999999999996,8.05,4.75,237.14285714285714,9.864285714285716,0.0,0.5714285714285714,13.757142857142858,242.85714285714286,4.685714285714286
2013-11-16,0.7357142857142852,-0.30714285714285755,7.3357142857142845,4.478571428571429,237.85714285714286,9.485714285714286,0.0,0.5714285714285714,13.05,239.28571428571428,3.942857142857143
2013-11-17,0.5214285714285709,-0.428571428571429,7.378571428571428,4.321428571428572,226.42857142857142,9.392857142857142,0.0,0.5714285714285714,12.928571428571429,229.28571428571428,3.6214285714285714
2013-11-18,0.5785714285714281,0.03571428571428527,8.335714285714285,4.371428571428572,237.14285714285714,9.392857142857142,0.0,0.5714285714285714,12.992857142857144,241.42857142857142,4.107142857142857
2013-11-19,1.1428571428571423,0.7428571428571423,9.328571428571427,4.707142857142857,232.14285714285714,9.778571428571428,0.0,0.5714285714285714,13.721428571428572,237.14285714285714,5.1642857142857155
2013-11-20,1.1785714285714282,0.8571428571428568,8.971428571428572,4.814285714285715,240.71428571428572,9.87142857142857,0.0,0.5714285714285714,13.785714285714286,245.71428571428572,5.142857142857143
2013-11-21,1.1785714285714282,-0.09285714285714329,8.1,4.442857142857144,250.71428571428572,9.457142857142857,0.0,0.5714285714285714,13.178571428571429,256.42857142857144,4.335714285714285
2013-11-22,0.9642857142857137,-0.8428571428571433,7.585714285714286,4.271428571428571,251.42857142857142,9.328571428571427,0.0,0.5714285714285714,12.928571428571429,255.71428571428572,3.4642857142857144
2013-11-23,1.2357142857142853,-0.9214285714285719,7.707142857142857,4.014285714285715,252.14285714285714,9.171428571428573,0.0,0.5714285714285714,12.864285714285716,254.28571428571428,3.4285714285714284
2013-11-24,1.378571428571428,-1.3928571428571435,7.707142857142856,4.178571428571429,253.57142857142858,9.392857142857142,0.0,4.214285714285714,13.185714285714285,253.57142857142858,3.35
2013-11-25,1.185714285714285,-2.3357142857142863,6.721428571428571,4.385714285714286,255.71428571428572,9.678571428571429,3.5714285714285716,4.928571428571429,13.535714285714286,256.42857142857144,2.5214285714285714
2013-11-26,1.1142857142857137,-3.278571428571429,6.25,4.3500000000000005,245.71428571428572,9.678571428571429,7.142857142857143,4.357142857142857,13.349999999999998,247.85714285714286,1.635714285714286
2013-11-27,1.3499999999999994,-3.0428571428571436,6.328571428571429,4.321428571428571,237.14285714285714,9.714285714285714,10.714285714285714,7.428571428571429,13.385714285714284,239.28571428571428,1.635714285714286
2013-11-28,3.364285714285714,-2.764285714285715,6.485714285714286,4.207142857142857,245.0,9.714285714285714,12.857142857142858,10.5,13.257142857142856,246.42857142857142,1.95
2013-11-29,3.364285714285714,-3.278571428571429,5.778571428571428,4.271428571428571,252.14285714285714,9.807142857142859,16.428571428571427,11.071428571428571,13.357142857142856,255.0,1.5142857142857145
2013-11-30,3.364285714285714,-4.378571428571429,4.671428571428571,4.1000000000000005,241.42857142857142,9.450000000000001,18.571428571428573,11.071428571428571,12.878571428571428,265.0,0.5071428571428572
2013-12-01,3.364285714285714,-5.364285714285715,3.5642857142857145,4.285714285714286,240.71428571428572,9.735714285714284,20.714285714285715,11.071428571428571,13.357142857142858,262.85714285714283,-0.49999999999999994
2013-12-02,3.3785714285714277,-5.671428571428572,2.607142857142857,4.207142857142857,242.14285714285714,9.792857142857143,22.857142857142858,11.428571428571429,13.485714285714286,263.57142857142856,-1.0785714285714285
2013-12-03,2.8142857142857136,-6.057142857142858,1.5714285714285714,3.8000000000000003,242.14285714285714,9.185714285714285,25.0,11.428571428571429,12.464285714285714,262.85714285714283,-2.0142857142857142
2013-12-04,2.778571428571428,-6.057142857142858,1.692857142857143,3.392857142857143,221.42857142857142,8.614285714285714,25.0,11.428571428571429,11.728571428571428,242.14285714285714,-2.064285714285714
2013-12-05,2.778571428571428,-5.935714285714286,1.8142857142857143,3.257142857142857,217.85714285714286,8.292857142857143,25.0,11.428571428571429,11.285714285714286,237.85714285714286,-1.9642857142857142
2013-12-06,2.8142857142857136,-5.457142857142857,2.25,3.3642857142857148,217.14285714285714,8.357142857142858,25.0,11.428571428571429,11.478571428571428,236.42857142857142,-1.5428571428571427
2013-12-07,3.2499999999999996,-5.414285714285714,2.5285714285714285,3.4928571428571433,217.14285714285714,8.45,25.0,11.428571428571429,11.385714285714284,236.42857142857142,-1.3214285714285714
2013-12-08,3.085714285714285,-5.257142857142858,2.25,3.414285714285714,215.71428571428572,8.385714285714284,25.0,7.785714285714286,11.321428571428571,237.14285714285714,-1.4857142857142858
2013-12-09,3.0642857142857136,-4.942857142857143,2.5285714285714285,3.0142857142857147,216.42857142857142,7.814285714285714,21.428571428571427,7.071428571428571,10.492857142857142,237.85714285714286,-1.2857142857142858
2013-12-10,3.157142857142857,-4.2285714285714295,2.764285714285714,2.985714285714286,217.14285714285714,7.721428571428571,17.857142857142858,7.785714285714286,10.428571428571429,239.28571428571428,-0.8571428571428571
2013-12-11,2.9214285714285713,-4.507142857142858,2.8857142857142857,2.9714285714285715,221.42857142857142,7.621428571428572,14.285714285714286,4.714285714285714,10.392857142857142,244.28571428571428,-0.8142857142857143
2013-12-12,0.928571428571428,-4.942857142857143,2.5714285714285716,3.085714285714286,225.0,7.585714285714286,12.142857142857142,3.2857142857142856,10.421428571428573,242.14285714285714,-1.2214285714285715
2013-12-13,0.928571428571428,-5.378571428571429,2.2142857142857144,3.0571428571428574,217.85714285714286,7.457142857142857,10.714285714285714,2.7142857142857144,10.22857142857143,233.57142857142858,-1.6357142857142857
2013-12-14,0.9499999999999995,-5.621428571428573,1.9785714285714284,3.3571428571428577,237.85714285714286,7.971428571428571,10.714285714285714,3.642857142857143,10.871428571428572,232.85714285714286,-1.7
2013-12-15,1.221428571428571,-5.9785714285714295,1.2642857142857145,3.1571428571428575,235.0,7.492857142857143,10.714285714285714,6.571428571428571,10.164285714285715,227.85714285714286,-2.2214285714285715
2013-12-16,1.7642857142857138,-6.814285714285715,0.6357142857142858,3.0500000000000007,244.28571428571428,7.242857142857143,17.857142857142858,15.071428571428571,9.592857142857142,237.14285714285714,-2.857142857142857
2013-12-17,1.7642857142857138,-8.085714285714287,-0.26428571428571435,3.292857142857143,250.0,7.628571428571429,26.428571428571427,15.071428571428571,10.107142857142858,240.71428571428572,-3.7
2013-12-18,1.7642857142857138,-9.671428571428573,-1.2857142857142858,3.3500000000000005,257.85714285714283,7.721428571428572,35.714285714285715,15.285714285714286,10.107142857142858,250.0,-5.035714285714286
2013-12-19,1.7642857142857138,-10.150000000000002,-1.7142857142857142,3.5,252.14285714285714,7.885714285714285,45.0,15.5,10.299999999999999,242.85714285714286,-5.614285714285715
2013-12-20,1.7499999999999996,-10.307142857142859,-2.35,3.4285714285714293,252.85714285714286,7.700000000000001,54.285714285714285,16.071428571428573,10.007142857142856,245.71428571428572,-6.042857142857143
2013-12-21,1.185714285714285,-10.857142857142858,-2.985714285714286,3.3714285714285714,255.0,7.514285714285714,61.42857142857143,16.428571428571427,9.721428571428573,247.14285714285714,-6.492857142857143
2013-12-22,1.8357142857142852,-10.978571428571428,-3.1785714285714284,3.271428571428572,255.71428571428572,7.328571428571429,68.57142857142857,16.428571428571427,9.335714285714287,247.85714285714286,-6.757142857142858
2013-12-23,3.2499999999999996,-11.014285714285714,-3.1785714285714284,3.3071428571428574,255.0,7.392857142857144,77.85714285714286,19.357142857142858,9.464285714285714,245.71428571428572,-6.8
2013-12-24,3.157142857142857,-11.178571428571429,-3.492857142857143,3.1142857142857143,267.14285714285717,7.171428571428572,88.57142857142857,19.0,9.142857142857142,257.14285714285717,-6.835714285714286
2013-12-25,3.157142857142857,-11.814285714285715,-4.085714285714286,3.021428571428572,272.14285714285717,7.171428571428571,99.28571428571429,19.714285714285715,9.05,260.0,-7.421428571428572
2013-12-26,3.1357142857142852,-12.492857142857144,-4.6000000000000005,2.8571428571428577,259.2857142857143,6.950000000000001,110.0,18.071428571428573,8.764285714285714,253.57142857142858,-8.114285714285716
2013-12-27,3.335714285714285,-12.135714285714286,-4.242857142857143,2.771428571428572,258.57142857142856,6.828571428571428,118.57142857142857,23.142857142857142,8.728571428571428,254.28571428571428,-7.928571428571429
2013-12-28,3.3357142857142854,-11.535714285714286,-3.771428571428572,2.571428571428572,253.57142857142858,6.507142857142858,129.28571428571428,23.642857142857142,8.342857142857143,248.57142857142858,-7.507142857142858
2013-12-29,3.0642857142857136,-10.7,-2.8214285714285716,2.771428571428572,257.14285714285717,6.985714285714286,141.42857142857142,20.714285714285715,9.014285714285714,253.57142857142858,-6.485714285714287
2013-12-30,2.7571428571428567,-9.828571428571431,-2.028571428571429,2.8500000000000005,248.57142857142858,7.114285714285715,145.0,11.857142857142858,9.299999999999999,244.28571428571428,-5.7
2013-12-31,2.7571428571428567,-9.55,-1.2071428571428573,3.0,247.85714285714286,7.428571428571429,147.14285714285714,11.857142857142858,9.807142857142859,245.71428571428572,-5.171428571428572
2014-01-01,2.7785714285714285,-8.992857142857144,-1.092857142857143,3.0142857142857147,259.2857142857143,7.6499999999999995,150.71428571428572,12.214285714285714,10.221428571428573,256.42857142857144,-4.935714285714285
2014-01-02,2.7785714285714285,-9.621428571428572,-1.6071428571428572,3.0785714285714287,265.7142857142857,7.807142857142858,154.28571428571428,12.0,10.507142857142856,265.7142857142857,-5.178571428571429
2014-01-03,2.9928571428571424,-11.092857142857142,-3.221428571428572,3.150000000000001,277.14285714285717,7.742857142857142,157.85714285714286,16.357142857142858,10.314285714285715,276.42857142857144,-6.614285714285715
2014-01-04,2.8857142857142852,-12.52142857142857,-4.721428571428571,3.3071428571428574,278.57142857142856,7.871428571428572,163.57142857142858,16.928571428571427,10.599999999999998,279.2857142857143,-8.185714285714285
2014-01-05,2.2357142857142853,-13.985714285714284,-5.042857142857143,3.564285714285714,269.2857142857143,8.314285714285713,169.28571428571428,16.928571428571427,11.27142857142857,270.0,-9.171428571428573
2014-01-06,0.9642857142857137,-13.95,-4.8500000000000005,3.692857142857143,260.0,8.535714285714286,172.85714285714286,14.0,11.557142857142859,261.42857142857144,-9.121428571428572
2014-01-07,1.9642857142857137,-14.028571428571428,-3.9785714285714286,3.935714285714286,254.28571428571428,8.785714285714286,172.85714285714286,13.642857142857142,12.007142857142856,255.0,-8.700000000000001
2014-01-08,1.9642857142857137,-14.064285714285715,-4.057142857142858,4.214285714285714,249.28571428571428,9.042857142857143,171.42857142857142,12.928571428571429,12.421428571428569,249.28571428571428,-8.807142857142857
2014-01-09,1.9642857142857137,-13.785714285714286,-4.014285714285714,4.464285714285714,250.71428571428572,9.264285714285714,167.85714285714286,12.928571428571429,12.707142857142857,250.0,-8.664285714285715
2014-01-10,1.7642857142857138,-13.985714285714286,-4.171428571428572,4.442857142857143,261.42857142857144,9.264285714285716,164.28571428571428,7.857142857142857,12.549999999999999,259.2857142857143,-8.735714285714286
2014-01-11,1.7642857142857138,-14.10714285714286,-4.014285714285714,4.607142857142857,257.14285714285717,9.485714285714286,157.14285714285714,7.357142857142857,12.835714285714287,256.42857142857144,-8.892857142857142
2014-01-12,3.599999999999999,-13.521428571428572,-3.342857142857143,4.621428571428572,257.14285714285717,9.450000000000001,150.0,7.357142857142857,12.771428571428572,265.0,-8.507142857142858
2014-01-13,3.2928571428571423,-13.207142857142857,-3.15,4.785714285714286,262.14285714285717,9.635714285714286,142.85714285714286,7.357142857142857,13.157142857142857,270.7142857142857,-8.22857142857143
2014-01-14,3.2928571428571423,-12.1,-2.6357142857142857,4.878571428571428,252.14285714285714,9.635714285714286,135.71428571428572,7.357142857142857,13.12857142857143,261.42857142857144,-7.692857142857143
2014-01-15,3.7428571428571424,-10.721428571428572,-1.6071428571428572,5.014285714285714,245.0,9.735714285714286,126.42857142857143,6.785714285714286,13.414285714285715,252.85714285714286,-6.242857142857143
2014-01-16,3.8714285714285706,-9.414285714285715,-0.42857142857142855,5.021428571428571,237.14285714285714,9.828571428571431,115.71428571428571,8.214285714285714,13.635714285714286,243.57142857142858,-5.192857142857143
2014-01-17,3.728571428571428,-7.942857142857144,0.9500000000000001,4.778571428571429,236.42857142857142,9.571428571428571,108.57142857142857,6.357142857142857,13.35,219.28571428571428,-3.7
2014-01-18,3.6928571428571426,-6.514285714285715,2.45,4.75,225.0,9.62857142857143,99.28571428571429,5.428571428571429,13.35,207.85714285714286,-2.25
2014-01-19,3.6928571428571426,-5.1642857142857155,3.0785714285714287,4.335714285714286,235.0,8.992857142857144,88.57142857142857,5.428571428571429,12.521428571428572,219.28571428571428,-1.0714285714285714
2014-01-20,3.8571428571428568,-5.000000000000001,3.0,4.385714285714286,235.0,8.992857142857144,79.28571428571429,10.857142857142858,12.557142857142859,219.28571428571428,-0.942857142857143
2014-01-21,3.035714285714285,-5.714285714285715,2.2071428571428573,4.335714285714286,215.71428571428572,8.835714285714285,75.71428571428571,16.857142857142858,12.200000000000001,200.71428571428572,-1.6428571428571428
2014-01-22,3.035714285714285,-6.3500000000000005,1.4928571428571427,4.014285714285714,198.57142857142858,8.392857142857142,75.71428571428571,16.857142857142858,11.592857142857143,210.0,-2.278571428571429
2014-01-23,3.035714285714285,-7.142857142857143,0.7357142857142858,3.8714285714285714,210.71428571428572,8.27142857142857,75.71428571428571,16.857142857142858,11.4,222.14285714285714,-2.9928571428571433
2014-01-24,3.035714285714285,-8.171428571428573,0.13571428571428562,3.7857142857142856,211.42857142857142,8.171428571428573,75.71428571428571,16.857142857142858,11.307142857142855,223.57142857142858,-3.857142857142857
2014-01-25,3.014285714285714,-9.164285714285715,-0.6142857142857144,3.742857142857143,210.71428571428572,8.364285714285714,77.14285714285714,15.928571428571429,11.721428571428572,222.14285714285714,-4.757142857142858
2014-01-26,1.1785714285714282,-9.907142857142857,-1.8357142857142859,3.95,210.71428571428572,8.492857142857144,77.14285714285714,15.928571428571429,11.885714285714284,213.57142857142858,-5.635714285714286
2014-01-27,1.1785714285714282,-11.371428571428572,-2.8214285714285716,3.9285714285714284,215.0,8.685714285714285,78.57142857142857,15.928571428571429,11.978571428571428,213.57142857142858,-6.914285714285714
2014-01-28,1.1785714285714282,-12.242857142857144,-3.4928571428571433,3.9071428571428575,221.42857142857142,8.75,76.42857142857143,15.928571428571429,12.071428571428571,217.14285714285714,-7.564285714285715
2014-01-29,0.7071428571428566,-13.542857142857144,-4.635714285714286,3.935714285714286,225.0,8.714285714285714,76.42857142857143,15.928571428571429,11.85,220.71428571428572,-8.835714285714287
2014-01-30,0.5785714285714281,-14.578571428571431,-5.6571428571428575,4.014285714285714,226.42857142857142,8.778571428571428,77.85714285714286,14.5,11.885714285714286,222.85714285714286,-9.935714285714285
2014-01-31,0.48571428571428527,-15.178571428571429,-5.928571428571429,4.335714285714286,215.71428571428572,9.478571428571428,75.71428571428571,11.428571428571429,12.814285714285713,235.71428571428572,-10.521428571428572
2014-02-01,0.48571428571428527,-15.1,-5.971428571428572,4.442857142857143,215.0,9.8,75.71428571428571,11.428571428571429,13.357142857142858,234.28571428571428,-10.585714285714285
2014-02-02,0.5571428571428567,-15.3,-5.971428571428572,4.621428571428572,204.28571428571428,10.242857142857144,77.14285714285714,12.714285714285714,13.992857142857142,222.14285714285714,-10.700000000000001
2014-02-03,0.2499999999999995,-15.185714285714287,-5.692857142857143,4.5357142857142865,203.57142857142858,10.242857142857144,77.14285714285714,7.285714285714286,14.057142857142859,222.14285714285714,-10.4
2014-02-04,0.07142857142857093,-14.628571428571428,-5.771428571428572,4.435714285714286,225.71428571428572,10.114285714285714,73.57142857142857,1.5,13.871428571428572,246.42857142857142,-10.214285714285714
2014-02-05,0.07142857142857093,-13.6,-4.735714285714286,4.3,247.85714285714286,9.921428571428569,67.85714285714286,1.5,13.614285714285714,244.28571428571428,-9.342857142857143
2014-02-06,0.8857142857142852,-12.685714285714285,-3.742857142857143,4.342857142857143,246.42857142857142,10.107142857142858,67.85714285714286,18.357142857142858,13.842857142857143,243.57142857142858,-8.250000000000002
2014-02-07,0.8857142857142852,-12.014285714285714,-3.4214285714285717,4.392857142857143,235.0,10.142857142857142,71.42857142857143,18.357142857142858,13.9,232.85714285714286,-7.642857142857143
2014-02-08,0.8857142857142852,-11.064285714285717,-3.064285714285714,4.371428571428572,240.71428571428572,9.792857142857143,75.0,18.357142857142858,13.357142857142858,233.57142857142858,-6.985714285714286
2014-02-09,0.8857142857142852,-11.22857142857143,-2.9857142857142853,4.0285714285714285,240.71428571428572,9.37857142857143,78.57142857142857,18.357142857142858,13.176923076923078,237.69230769230768,-6.978571428571428
2014-02-10,1.0499999999999994,-10.792857142857144,-2.8999999999999995,3.7642857142857147,231.42857142857142,8.807142857142857,82.14285714285714,20.142857142857142,12.423076923076923,231.53846153846155,-6.735714285714286
2014-02-11,1.1214285714285708,-10.87142857142857,-3.3285714285714283,3.4214285714285713,235.0,8.264285714285716,91.42857142857143,22.142857142857142,11.5,237.69230769230768,-6.9
2014-02-12,1.1428571428571423,-11.15,-3.371428571428571,3.235714285714286,243.57142857142858,8.014285714285714,100.71428571428571,22.357142857142858,11.092307692307692,247.69230769230768,-6.9071428571428575
2014-02-13,1.1428571428571423,-11.742857142857144,-3.257142857142857,3.1142857142857143,241.42857142857142,7.892857142857143,110.0,22.357142857142858,10.884615384615385,245.3846153846154,-7.128571428571428
2014-02-14,1.3785714285714281,-11.5,-3.1,2.9642857142857144,252.85714285714286,7.607142857142857,120.71428571428571,26.142857142857142,10.507692307692308,256.9230769230769,-6.935714285714285
2014-02-15,1.8714285714285708,-11.542857142857143,-3.292857142857143,2.9714285714285715,262.85714285714283,7.45,131.42857142857142,38.5,10.2,270.0,-7.049999999999999
2014-02-16,1.821428571428571,-11.342857142857143,-3.485714285714286,2.892857142857143,275.7142857142857,7.2,147.85714285714286,37.57142857142857,9.753846153846153,257.6923076923077,-7.064285714285714
2014-02-17,1.821428571428571,-12.135714285714286,-4.071428571428571,2.9214285714285717,283.57142857142856,7.007142857142858,162.14285714285714,37.57142857142857,9.36923076923077,264.61538461538464,-7.8
2014-02-18,1.821428571428571,-13.05,-4.464285714285714,2.7857142857142856,284.2857142857143,7.042857142857144,175.0,37.357142857142854,9.4,264.61538461538464,-8.4
2014-02-19,1.9285714285714282,-13.8,-4.507142857142857,2.9285714285714284,273.57142857142856,7.3,187.85714285714286,39.714285714285715,9.776923076923076,251.53846153846155,-8.65
2014-02-20,1.1357142857142852,-13.685714285714287,-4.0,2.9214285714285713,262.14285714285717,7.114285714285714,198.57142857142858,22.857142857142858,9.707692307692309,237.69230769230768,-8.378571428571428
2014-02-21,1.1714285714285708,-12.971428571428573,-3.057142857142857,2.942857142857143,261.42857142857144,7.142857142857143,200.71428571428572,22.857142857142858,9.707692307692307,236.15384615384616,-7.442857142857143
2014-02-22,2.349999999999999,-12.221428571428573,-2.4285714285714284,2.8642857142857143,254.28571428571428,7.178571428571429,202.85714285714286,23.071428571428573,9.746153846153847,233.84615384615384,-6.614285714285714
2014-02-23,2.349999999999999,-11.314285714285717,-1.5214285714285716,3.092857142857143,257.85714285714283,7.6571428571428575,202.85714285714286,23.071428571428573,10.228571428571428,233.57142857142858,-5.8
2014-02-24,2.185714285714285,-10.678571428571429,-0.6571428571428573,3.2642857142857147,264.2857142857143,7.971428571428572,202.85714285714286,21.285714285714285,10.77142857142857,239.28571428571428,-4.971428571428572
2014-02-25,2.1142857142857134,-10.278571428571428,-0.26428571428571435,3.485714285714286,262.14285714285717,8.292857142857143,197.14285714285714,19.285714285714285,11.471428571428573,237.85714285714286,-4.585714285714286
2014-02-26,2.1285714285714277,-9.721428571428572,-0.10714285714285714,3.535714285714286,258.57142857142856,8.321428571428571,193.57142857142858,20.142857142857142,11.5,234.28571428571428,-4.364285714285714
2014-02-27,2.1285714285714277,-8.964285714285714,-0.1857142857142857,3.6714285714285713,265.0,8.542857142857143,190.0,20.142857142857142,11.785714285714286,241.42857142857142,-3.942857142857143
2014-02-28,1.9499999999999995,-9.364285714285714,-0.42142857142857143,3.757142857142857,253.57142857142858,8.607142857142858,185.0,17.642857142857142,11.914285714285715,234.28571428571428,-4.228571428571429
2014-03-01,1.4571428571428566,-10.157142857142858,-0.9357142857142858,3.592857142857143,252.14285714285714,8.385714285714286,180.0,5.285714285714286,11.657142857142858,230.71428571428572,-4.778571428571429
2014-03-02,1.435714285714285,-10.871428571428572,-1.05,3.8500000000000005,240.0,8.864285714285716,169.28571428571428,4.928571428571429,12.264285714285716,242.85714285714286,-5.314285714285714
2014-03-03,1.4928571428571422,-11.10714285714286,-0.8142857142857144,3.807142857142857,242.85714285714286,8.992857142857142,162.14285714285714,7.5,12.364285714285714,246.42857142857142,-5.121428571428572
2014-03-04,1.4928571428571422,-10.942857142857141,-1.0142857142857145,3.9071428571428575,242.14285714285714,9.085714285714285,155.0,7.5,12.492857142857144,244.28571428571428,-5.214285714285714
2014-03-05,1.4071428571428564,-11.10714285714286,-1.25,3.8071428571428574,244.28571428571428,8.957142857142857,147.85714285714286,5.357142857142857,12.27142857142857,245.71428571428572,-5.564285714285715
2014-03-06,1.385714285714285,-11.500000000000002,-1.9928571428571427,3.7857142857142856,255.0,9.07857142857143,139.28571428571428,6.071428571428571,12.235714285714286,257.14285714285717,-6.05
2014-03-07,1.3499999999999994,-12.571428571428571,-2.6571428571428575,3.7,254.28571428571428,8.921428571428573,135.71428571428572,6.071428571428571,12.014285714285714,257.14285714285717,-7.121428571428571
2014-03-08,0.1714285714285709,-13.235714285714286,-2.857142857142857,3.9571428571428577,256.42857142857144,9.299999999999999,132.14285714285714,5.857142857142857,12.400000000000002,259.2857142857143,-7.714285714285714
2014-03-09,0.1714285714285709,-13.864285714285716,-3.2571428571428567,3.7428571428571433,264.2857142857143,8.95,130.71428571428572,5.857142857142857,11.892857142857142,267.14285714285717,-7.95
2014-03-10,0.1714285714285709,-14.457142857142857,-3.9285714285714284,3.657142857142858,245.71428571428572,8.72857142857143,127.14285714285714,5.857142857142857,11.37857142857143,273.57142857142856,-8.564285714285715
2014-03-11,0.38571428571428523,-14.221428571428573,-3.6571428571428575,3.5500000000000003,238.57142857142858,8.692857142857143,129.28571428571428,8.428571428571429,11.185714285714285,265.7142857142857,-8.52142857142857
2014-03-12,0.34999999999999953,-13.507142857142858,-2.707142857142857,3.5500000000000003,229.28571428571428,8.757142857142856,129.28571428571428,7.357142857142857,11.314285714285715,256.42857142857144,-7.685714285714286
2014-03-13,1.514285714285714,-13.350000000000003,-2.1928571428571426,3.642857142857143,235.0,8.950000000000001,129.28571428571428,34.92857142857143,11.535714285714286,262.14285714285717,-7.171428571428572
2014-03-14,1.528571428571428,-13.707142857142859,-2.4714285714285715,3.7571428571428576,245.71428571428572,9.207142857142857,150.71428571428572,40.0,11.821428571428571,268.57142857142856,-7.242857142857142
2014-03-15,1.528571428571428,-14.021428571428572,-1.5642857142857145,3.9571428571428577,237.85714285714286,9.685714285714285,167.14285714285714,40.0,12.392857142857142,260.0,-7.192857142857142
2014-03-16,1.6928571428571424,-13.107142857142858,-1.0142857142857145,3.9571428571428577,237.85714285714286,9.492857142857144,181.42857142857142,42.714285714285715,12.292857142857143,260.0,-6.1571428571428575
2014-03-17,1.635714285714285,-13.185714285714285,-1.25,3.9928571428571433,237.14285714285714,9.521428571428572,190.71428571428572,40.142857142857146,12.357142857142858,260.0,-6.292857142857143
2014-03-18,1.635714285714285,-13.385714285714288,-0.8928571428571429,3.8571428571428577,238.57142857142858,9.364285714285714,201.42857142857142,40.142857142857146,12.135714285714286,262.14285714285717,-6.285714285714286
2014-03-19,1.6142857142857139,-13.107142857142858,-0.3428571428571429,3.842857142857143,247.14285714285714,9.264285714285716,212.14285714285714,39.92857142857143,11.97857142857143,271.42857142857144,-5.921428571428571
2014-03-20,1.778571428571428,-12.75,0.557142857142857,3.8785714285714286,236.42857142857142,9.428571428571429,222.85714285714286,41.0,12.492857142857142,261.42857142857144,-5.442857142857143
2014-03-21,1.8142857142857136,-11.164285714285715,1.2999999999999996,4.078571428571428,242.85714285714286,9.685714285714285,231.42857142857142,41.57142857142857,12.907142857142858,267.85714285714283,-4.285714285714286
2014-03-22,1.8142857142857136,-10.92857142857143,1.4214285714285713,3.95,250.71428571428572,9.428571428571429,240.0,41.57142857142857,12.714285714285714,275.7142857142857,-3.8285714285714287
2014-03-23,1.8142857142857136,-10.885714285714286,1.5428571428571427,4.057142857142857,239.28571428571428,9.814285714285715,248.57142857142858,41.785714285714285,13.321428571428571,264.2857142857143,-3.9499999999999997
2014-03-24,1.8142857142857136,-11.042857142857143,1.7785714285714282,4.257142857142857,262.85714285714283,10.228571428571428,257.85714285714283,41.785714285714285,13.864285714285714,262.85714285714283,-3.807142857142857
2014-03-25,1.5999999999999994,-11.914285714285715,1.3142857142857143,4.1571428571428575,274.2857142857143,9.97857142857143,265.0,39.214285714285715,13.485714285714284,272.14285714285717,-4.364285714285715
2014-03-26,1.5999999999999994,-12.864285714285714,0.8785714285714284,4.214285714285714,273.57142857142856,10.014285714285714,272.14285714285717,39.214285714285715,13.514285714285714,273.57142857142856,-5.085714285714286
2014-03-27,0.43571428571428517,-12.664285714285715,0.6428571428571427,4.214285714285714,272.14285714285717,9.978571428571428,277.14285714285717,11.642857142857142,13.357142857142858,271.42857142857144,-5.25
2014-03-28,0.36428571428571377,-12.342857142857143,1.4285714285714284,4.007142857142857,260.7142857142857,9.657142857142858,260.7142857142857,5.285714285714286,12.942857142857141,261.42857142857144,-4.878571428571428
2014-03-29,0.5785714285714281,-10.842857142857143,1.6285714285714283,4.114285714285715,260.0,9.557142857142855,245.71428571428572,6.214285714285714,12.849999999999998,262.14285714285717,-3.8857142857142857
2014-03-30,0.5928571428571424,-10.492857142857144,1.55,3.9285714285714293,269.2857142857143,9.235714285714286,231.42857142857142,3.5,12.214285714285714,271.42857142857144,-3.8857142857142857
2014-03-31,1.7142857142857137,-9.307142857142859,2.0142857142857142,4.042857142857143,271.42857142857144,9.171428571428573,220.71428571428572,3.5,12.242857142857144,273.57142857142856,-3.292857142857143
2014-04-01,1.7142857142857137,-7.764285714285714,2.5642857142857145,4.435714285714286,272.14285714285717,9.521428571428572,207.85714285714286,3.5,12.849999999999998,274.2857142857143,-2.307142857142857
2014-04-02,1.7142857142857137,-6.692857142857143,2.8785714285714286,4.571428571428571,272.85714285714283,9.75,195.0,3.5,13.107142857142858,275.7142857142857,-1.5428571428571427
2014-04-03,1.5499999999999994,-5.864285714285716,3.435714285714286,4.6000000000000005,273.57142857142856,9.492857142857144,178.57142857142858,1.7142857142857142,12.592857142857143,276.42857142857144,-0.8714285714285716
2014-04-04,1.5142857142857138,-6.021428571428572,3.357142857142857,4.542857142857144,281.42857142857144,9.457142857142857,162.85714285714286,1.1428571428571428,12.435714285714285,283.57142857142856,-0.8642857142857144
2014-04-05,1.6785714285714282,-5.864285714285715,3.835714285714286,4.464285714285714,270.7142857142857,9.62142857142857,145.0,1.1428571428571428,12.592857142857142,272.14285714285717,-0.7857142857142858
2014-04-06,1.6785714285714282,-5.235714285714286,4.071428571428571,4.514285714285714,275.0,9.392857142857142,127.14285714285714,0.9285714285714286,12.307142857142859,277.85714285714283,-0.3714285714285715
2014-04-07,1.6785714285714282,-4.32857142857143,4.785714285714286,4.357142857142857,270.7142857142857,9.07857142857143,110.71428571428571,0.9285714285714286,12.049999999999999,273.57142857142856,0.1999999999999999
2014-04-08,1.771428571428571,-3.221428571428572,6.128571428571428,4.435714285714286,260.0,9.364285714285714,94.28571428571429,0.9285714285714286,12.492857142857144,264.2857142857143,1.3857142857142857
2014-04-09,2.2428571428571424,-1.921428571428572,7.114285714285714,4.5,260.7142857142857,9.549999999999999,77.85714285714286,0.9285714285714286,12.721428571428573,263.57142857142856,2.492857142857143
2014-04-10,2.2428571428571424,-1.4857142857142862,7.864285714285714,4.378571428571428,261.42857142857144,9.357142857142858,63.57142857142857,0.9285714285714286,12.592857142857142,263.57142857142856,3.1357142857142857
2014-04-11,2.2428571428571424,-0.7357142857142863,8.935714285714285,4.6571428571428575,262.14285714285717,9.614285714285714,49.285714285714285,0.9285714285714286,12.942857142857141,262.85714285714283,3.9642857142857144
2014-04-12,2.1357142857142852,-0.5785714285714291,9.685714285714285,4.3500000000000005,262.85714285714283,9.457142857142857,38.57142857142857,0.0,12.721428571428573,262.85714285714283,4.7
2014-04-13,1.9571428571428566,-0.6571428571428576,10.514285714285716,4.292857142857144,264.2857142857143,9.52142857142857,29.285714285714285,0.0,12.942857142857141,256.42857142857144,5.021428571428571
2014-04-14,1.342857142857142,-0.1857142857142862,11.628571428571428,4.1571428571428575,263.57142857142856,9.585714285714285,20.0,0.0,12.942857142857141,256.42857142857144,5.7
2014-04-15,1.4499999999999993,0.48571428571428527,13.371428571428572,4.271428571428571,252.14285714285714,9.87142857142857,12.857142857142858,0.0,13.321428571428571,242.85714285714286,6.985714285714286
2014-04-16,4.478571428571428,0.44999999999999946,14.32142857142857,4.464285714285714,250.71428571428572,10.25,5.714285714285714,4.714285714285714,13.892857142857142,232.14285714285714,8.0
2014-04-17,4.535714285714285,0.014285714285713855,13.492857142857144,4.500000000000001,260.0,10.442857142857145,7.857142857142857,5.071428571428571,14.12142857142857,239.28571428571428,7.392857142857143
2014-04-18,4.535714285714285,-0.30000000000000043,13.807142857142855,4.471428571428572,243.57142857142858,10.414285714285713,5.714285714285714,5.071428571428571,14.12142857142857,222.85714285714286,7.228571428571429
2014-04-19,4.371428571428571,-0.06428571428571475,13.921428571428573,4.578571428571429,246.42857142857142,10.314285714285715,5.714285714285714,5.071428571428571,13.992857142857144,227.14285714285714,7.492857142857142
2014-04-20,4.535714285714286,-0.2571428571428576,14.164285714285713,4.507142857142858,252.14285714285714,10.250000000000002,5.714285714285714,5.071428571428571,13.764285714285714,232.85714285714286,7.742857142857143
2014-04-21,4.535714285714286,-0.41428571428571476,14.478571428571428,4.507142857142857,245.0,10.25,5.714285714285714,5.071428571428571,13.700000000000001,225.71428571428572,7.835714285714286
2014-04-22,4.442857142857142,0.4142857142857138,14.950000000000001,4.592857142857143,245.0,10.278571428571427,5.714285714285714,5.071428571428571,13.700000000000001,226.42857142857142,8.378571428571428
2014-04-23,4.171428571428571,0.771428571428571,15.228571428571428,4.55,243.57142857142858,10.092857142857143,5.714285714285714,5.071428571428571,13.571428571428571,226.42857142857142,8.814285714285715
2014-04-24,4.242857142857142,1.321428571428571,15.385714285714286,4.721428571428572,243.57142857142858,10.157142857142858,5.714285714285714,5.071428571428571,13.671428571428573,227.85714285714286,9.085714285714285
2014-04-25,4.242857142857142,1.7499999999999996,15.028571428571428,4.692857142857143,253.57142857142858,10.157142857142858,5.714285714285714,5.071428571428571,13.571428571428571,237.85714285714286,9.164285714285715
2014-04-26,4.135714285714285,1.4785714285714282,14.75,4.6000000000000005,257.85714285714283,9.77142857142857,5.714285714285714,5.071428571428571,13.028571428571428,242.14285714285714,8.721428571428572
2014-04-27,4.628571428571428,1.8714285714285712,14.157142857142857,4.65,246.42857142857142,9.707142857142857,5.714285714285714,5.071428571428571,12.87142857142857,239.28571428571428,8.685714285714287
2014-04-28,4.378571428571428,1.5928571428571423,13.521428571428572,4.678571428571429,245.71428571428572,9.549999999999999,5.714285714285714,5.071428571428571,12.678571428571429,237.14285714285714,8.292857142857143
2014-04-29,4.2714285714285705,1.0357142857142851,12.492857142857142,4.4,255.0,9.200000000000001,5.714285714285714,5.071428571428571,12.071428571428571,248.57142857142858,7.507142857142857
2014-04-30,1.2428571428571422,1.7428571428571422,12.3,4.357142857142858,242.85714285714286,9.107142857142858,5.714285714285714,0.35714285714285715,11.978571428571428,245.71428571428572,7.235714285714286
2014-05-01,2.114285714285714,2.4928571428571424,12.892857142857142,4.328571428571429,230.0,8.950000000000001,0.0,0.0,11.721428571428573,235.0,7.892857142857143
2014-05-02,2.2928571428571423,3.4357142857142855,13.650000000000002,4.378571428571429,241.42857142857142,8.97857142857143,0.0,0.0,11.814285714285715,237.14285714285714,8.657142857142857
2014-05-03,2.2928571428571423,4.028571428571428,13.971428571428572,4.271428571428571,247.14285714285714,8.821428571428571,0.0,0.0,11.657142857142857,240.71428571428572,9.1
2014-05-04,2.1857142857142855,4.692857142857142,14.485714285714286,4.2214285714285715,240.0,8.857142857142858,0.0,0.0,11.85,233.57142857142858,9.4
2014-05-05,2.857142857142857,5.442857142857142,14.25,4.257142857142857,247.85714285714286,8.885714285714284,0.0,0.0,11.885714285714286,242.14285714285714,9.692857142857141
2014-05-06,2.892857142857143,5.242857142857142,13.421428571428573,4.207142857142857,256.42857142857144,8.792857142857143,0.0,0.0,11.664285714285713,250.71428571428572,9.285714285714286
2014-05-07,2.692857142857142,4.842857142857142,13.185714285714287,4.214285714285714,270.0,8.885714285714286,0.0,0.0,11.692857142857141,260.7142857142857,8.914285714285715
2014-05-08,2.6214285714285706,4.485714285714286,13.700000000000001,3.8642857142857143,270.7142857142857,8.507142857142858,0.0,0.0,11.15,260.7142857142857,8.97857142857143
2014-05-09,2.6214285714285706,4.485714285714285,14.257142857142856,3.5571428571428574,247.85714285714286,8.092857142857143,0.0,0.0,10.642857142857142,261.42857142857144,9.307142857142855
2014-05-10,2.657142857142856,5.271428571428571,14.814285714285715,3.8142857142857145,243.57142857142858,8.478571428571428,0.0,0.0,11.15,257.14285714285717,9.864285714285714
2014-05-11,2.6357142857142852,6.064285714285714,16.085714285714285,4.007142857142857,243.57142857142858,8.735714285714286,0.0,0.0,11.564285714285715,256.42857142857144,10.72857142857143
2014-05-12,2.3785714285714277,6.778571428571428,17.157142857142855,3.964285714285715,242.85714285714286,8.735714285714286,0.0,0.0,11.62857142857143,254.28571428571428,11.62142857142857
2014-05-13,2.3785714285714277,7.292857142857143,17.985714285714284,3.8500000000000005,245.71428571428572,8.57857142857143,0.0,0.0,11.435714285714287,232.85714285714286,12.342857142857143
2014-05-14,2.3999999999999995,7.571428571428571,18.22142857142857,3.7,250.0,8.292857142857143,0.0,0.0,10.985714285714286,237.14285714285714,12.571428571428571
2014-05-15,1.4714285714285709,8.242857142857142,19.52857142857143,3.735714285714286,252.85714285714286,8.478571428571428,0.0,0.0,11.335714285714285,238.57142857142858,13.385714285714284
2014-05-16,1.2928571428571425,9.078571428571427,20.007142857142856,3.971428571428572,245.71428571428572,8.864285714285714,0.0,0.0,11.814285714285715,240.71428571428572,14.214285714285714
2014-05-17,2.2357142857142853,9.392857142857142,20.599999999999998,4.178571428571429,237.85714285714286,9.085714285714285,0.0,0.0,12.071428571428571,236.42857142857142,14.957142857142857
2014-05-18,4.028571428571428,9.392857142857142,20.678571428571427,4.164285714285715,244.28571428571428,8.992857142857144,0.0,0.0,11.87857142857143,244.28571428571428,15.157142857142857
2014-05-19,3.3571428571428563,9.15,21.071428571428573,4.142857142857143,247.85714285714286,9.028571428571428,0.0,0.0,11.942857142857141,247.85714285714286,15.342857142857142
2014-05-20,3.3214285714285703,8.992857142857142,21.742857142857144,4.085714285714286,249.28571428571428,9.028571428571428,0.0,0.0,12.071428571428571,226.42857142857142,15.635714285714286
2014-05-21,3.3214285714285703,9.157142857142857,22.25714285714286,4.028571428571429,247.85714285714286,9.092857142857143,0.0,0.0,12.042857142857143,225.71428571428572,15.971428571428572
2014-05-22,3.3214285714285703,9.628571428571428,22.857142857142854,4.000000000000001,242.14285714285714,9.057142857142857,0.0,0.0,11.97857142857143,220.0,16.45
2014-05-23,4.32142857142857,10.421428571428573,22.735714285714288,3.9499999999999997,250.71428571428572,9.02142857142857,0.0,0.0,11.942857142857141,205.0,16.785714285714285
2014-05-24,4.935714285714285,10.700000000000001,22.42142857142857,3.6785714285714284,261.42857142857144,8.607142857142858,0.0,0.0,11.37142857142857,216.42857142857142,16.8
2014-05-25,4.535714285714286,10.421428571428573,22.1,3.4214285714285713,272.85714285714283,8.35,0.0,0.0,10.985714285714286,205.0,16.52857142857143
2014-05-26,4.535714285714286,10.221428571428572,22.3,3.3142857142857145,263.57142857142856,8.221428571428572,0.0,0.0,10.7,196.42857142857142,16.492857142857144
2014-05-27,4.807142857142857,10.700000000000001,22.22142857142857,3.3642857142857143,250.71428571428572,8.285714285714286,0.0,0.0,10.864285714285714,208.57142857142858,16.585714285714285
2014-05-28,5.6000000000000005,10.814285714285713,22.535714285714285,3.2928571428571436,260.7142857142857,8.285714285714286,0.0,0.0,10.928571428571427,219.28571428571428,16.814285714285713
2014-05-29,5.6000000000000005,10.457142857142857,21.742857142857144,3.1714285714285717,257.14285714285717,8.0,0.0,0.0,10.45,215.71428571428572,16.442857142857143
2014-05-30,5.6000000000000005,9.62142857142857,21.38571428571429,2.8000000000000003,257.85714285714283,7.457142857142857,0.0,0.0,9.75,216.42857142857142,15.828571428571427
2014-05-31,4.728571428571428,9.421428571428573,21.107142857142858,2.5142857142857147,249.28571428571428,7.492857142857143,0.0,0.0,9.714285714285714,206.42857142857142,15.385714285714286
2014-06-01,2.8785714285714286,9.342857142857143,21.185714285714283,2.521428571428572,249.28571428571428,7.55,0.0,0.0,9.65,204.28571428571428,15.314285714285715
2014-06-02,2.8785714285714286,9.62142857142857,21.707142857142856,2.528571428571429,237.14285714285714,7.45,0.0,0.0,9.485714285714286,193.57142857142858,15.62857142857143
2014-06-03,2.8785714285714286,10.457142857142856,22.42142857142857,2.721428571428572,226.42857142857142,7.357142857142857,0.0,0.0,9.385714285714286,205.71428571428572,16.321428571428573
2014-06-04,3.457142857142857,11.364285714285714,23.099999999999998,2.842857142857143,217.85714285714286,7.385714285714285,0.0,0.0,9.642857142857142,197.85714285714286,17.085714285714285
2014-06-05,3.457142857142857,11.878571428571428,23.1,2.95,220.0,7.514285714285714,0.0,0.0,9.864285714285714,200.71428571428572,17.42142857142857
2014-06-06,2.55,11.721428571428572,23.45714285714286,3.021428571428572,234.28571428571428,7.8357142857142845,0.0,0.0,10.028571428571428,215.71428571428572,17.521428571428572
2014-06-07,1.9571428571428569,11.721428571428572,23.814285714285717,3.078571428571429,232.85714285714286,7.928571428571429,0.0,0.0,10.25,214.28571428571428,17.664285714285715
2014-06-08,1.8857142857142857,11.721428571428572,24.214285714285715,3.0285714285714285,233.57142857142858,7.928571428571429,0.0,0.0,10.221428571428573,238.57142857142858,17.928571428571427
2014-06-09,1.8857142857142857,11.921428571428569,24.407142857142855,2.9928571428571433,236.42857142857142,7.9,0.0,0.0,10.192857142857141,239.28571428571428,18.214285714285715
2014-06-10,1.614285714285714,12.12142857142857,24.728571428571428,2.942857142857143,237.85714285714286,7.771428571428571,0.0,0.0,9.971428571428572,238.57142857142858,18.478571428571428
2014-06-11,0.7999999999999997,12.478571428571428,24.692857142857143,3.0142857142857147,235.71428571428572,7.799999999999999,0.0,0.0,9.971428571428572,235.71428571428572,18.678571428571427
2014-06-12,1.3428571428571427,12.799999999999999,25.17142857142857,3.0500000000000003,241.42857142857142,7.835714285714286,0.0,0.0,10.064285714285715,242.85714285714286,19.064285714285713
2014-06-13,3.014285714285714,13.278571428571427,24.892857142857142,3.1285714285714286,238.57142857142858,7.864285714285714,0.0,0.0,10.064285714285715,240.0,19.142857142857142
2014-06-14,3.6499999999999995,13.799999999999999,24.857142857142858,3.2071428571428577,246.42857142857142,7.607142857142857,0.0,0.0,9.87142857142857,246.42857142857142,19.271428571428572
2014-06-15,4.557142857142857,14.4,25.014285714285716,3.2857142857142856,245.71428571428572,7.642857142857143,0.0,0.0,10.0,245.0,19.6
2014-06-16,4.557142857142857,14.721428571428572,24.814285714285713,3.335714285714286,258.57142857142856,7.742857142857143,0.0,0.0,10.1,255.0,19.657142857142855
2014-06-17,4.557142857142857,14.285714285714286,24.57857142857143,2.9928571428571433,246.42857142857142,7.421428571428572,0.0,0.0,9.657142857142858,242.14285714285714,19.38571428571429
2014-06-18,4.321428571428571,14.092857142857143,24.45714285714286,2.8000000000000003,244.28571428571428,7.392857142857143,0.0,0.0,9.464285714285714,240.0,19.228571428571428
2014-06-19,4.535714285714286,14.335714285714285,24.535714285714285,2.9,246.42857142857142,7.392857142857143,0.0,0.0,9.685714285714285,232.14285714285714,19.342857142857145
2014-06-20,4.442857142857142,14.614285714285714,24.578571428571426,2.95,247.14285714285714,7.171428571428572,0.0,0.0,9.685714285714287,232.85714285714286,19.557142857142857
2014-06-21,4.385714285714285,14.421428571428569,24.535714285714285,3.042857142857143,247.85714285714286,7.392857142857143,0.0,0.0,9.907142857142857,234.28571428571428,19.62142857142857
2014-06-22,4.385714285714285,14.142857142857142,24.178571428571427,3.0714285714285716,246.42857142857142,7.492857142857143,0.0,0.0,10.064285714285715,232.14285714285714,19.3
2014-06-23,4.385714285714285,14.028571428571427,23.864285714285717,3.107142857142857,230.71428571428572,7.5857142857142845,0.0,0.0,10.25,242.85714285714286,19.085714285714285
2014-06-24,4.385714285714285,13.549999999999999,23.942857142857143,3.142857142857143,228.57142857142858,7.678571428571429,0.0,0.0,10.407142857142857,242.14285714285714,18.928571428571427
2014-06-25,4.478571428571429,13.707142857142856,23.978571428571428,3.4,220.0,7.935714285714285,0.0,0.0,10.821428571428571,234.28571428571428,19.05
2014-06-26,6.621428571428572,14.064285714285713,23.900000000000002,3.3500000000000005,218.57142857142858,8.0,0.0,0.0,10.950000000000001,232.14285714285714,19.214285714285715
2014-06-27,4.950000000000001,14.185714285714285,24.535714285714285,3.435714285714286,230.71428571428572,8.321428571428571,0.0,0.0,11.299999999999999,243.57142857142858,19.67142857142857
2014-06-28,4.242857142857143,13.942857142857141,25.16428571428571,3.3000000000000003,242.85714285714286,8.228571428571428,0.0,0.0,11.049999999999999,255.71428571428572,19.87857142857143
2014-06-29,3.335714285714286,13.821428571428571,25.764285714285712,3.1071428571428577,234.28571428571428,7.942857142857143,0.0,0.0,10.764285714285714,245.71428571428572,20.157142857142855
2014-06-30,3.335714285714286,14.057142857142855,26.357142857142854,3.085714285714286,222.14285714285714,7.878571428571428,0.0,0.0,10.728571428571428,234.28571428571428,20.57857142857143
2014-07-01,3.335714285714286,14.885714285714284,26.592857142857138,3.385714285714286,234.28571428571428,8.2,0.0,0.0,11.078571428571431,246.42857142857142,21.078571428571426
2014-07-02,2.9928571428571433,15.478571428571428,26.828571428571426,3.6714285714285717,235.0,8.264285714285714,0.0,0.0,11.271428571428572,247.85714285714286,21.400000000000002
2014-07-03,2.835714285714286,15.792857142857141,27.22142857142857,3.721428571428572,226.42857142857142,8.42142857142857,0.0,0.0,11.207142857142857,248.57142857142858,21.721428571428568
2014-07-04,3.7428571428571433,16.15,27.657142857142862,3.635714285714286,224.28571428571428,8.47857142857143,0.0,0.0,11.171428571428569,245.0,22.021428571428572
2014-07-05,4.235714285714286,16.54285714285714,27.657142857142855,3.5714285714285716,225.71428571428572,8.321428571428571,0.0,0.0,11.014285714285714,244.28571428571428,22.171428571428574
2014-07-06,4.235714285714286,17.1,28.05,3.7785714285714285,223.57142857142858,8.378571428571428,0.0,0.0,11.142857142857142,242.14285714285714,22.514285714285712
2014-07-07,4.235714285714286,17.571428571428573,28.407142857142855,3.8785714285714286,235.71428571428572,8.35,0.0,0.0,11.178571428571429,235.71428571428572,22.907142857142855
2014-07-08,4.271428571428571,17.97142857142857,28.12857142857143,3.8857142857142857,237.14285714285714,8.385714285714284,0.0,0.0,11.242857142857144,235.0,23.0
2014-07-09,6.450000000000001,18.057142857142857,28.60714285714286,3.7928571428571436,237.14285714285714,8.164285714285715,0.0,0.0,11.085714285714285,234.28571428571428,23.192857142857147
2014-07-10,3.7642857142857147,18.092857142857145,29.0,3.8642857142857143,237.85714285714286,8.257142857142856,0.0,0.0,11.15,235.0,23.37142857142857
2014-07-11,3.7642857142857147,17.97142857142857,28.92142857142857,3.7642857142857147,236.42857142857142,7.971428571428571,0.0,0.0,10.799999999999999,234.28571428571428,23.32857142857143
2014-07-12,3.7642857142857147,17.857142857142858,28.72857142857143,3.75,230.71428571428572,7.807142857142857,0.0,0.0,10.635714285714286,232.85714285714286,23.199999999999996
2014-07-13,3.7642857142857147,17.77857142857143,28.685714285714287,3.85,230.71428571428572,7.871428571428572,0.0,0.0,10.700000000000001,233.57142857142858,23.142857142857142
2014-07-14,3.7642857142857147,18.214285714285715,28.292857142857144,4.071428571428571,230.0,8.092857142857143,0.0,0.0,11.085714285714285,233.57142857142858,23.178571428571427
2014-07-15,4.2214285714285715,17.978571428571428,28.292857142857144,3.8500000000000005,240.0,7.928571428571429,0.0,0.0,10.957142857142856,222.85714285714286,23.042857142857144
2014-07-16,4.2214285714285715,17.57857142857143,27.857142857142858,3.6642857142857146,240.0,7.828571428571428,0.0,0.0,10.857142857142858,222.85714285714286,22.685714285714283
2014-07-17,4.342857142857143,17.221428571428568,27.54285714285714,3.4714285714285715,247.85714285714286,7.607142857142857,0.0,0.0,10.571428571428571,230.0,22.407142857142862
2014-07-18,3.435714285714286,16.74285714285714,27.185714285714287,3.4071428571428575,247.85714285714286,7.357142857142857,0.0,0.0,10.285714285714286,232.14285714285714,22.014285714285712
2014-07-19,2.942857142857143,16.464285714285715,27.62142857142857,3.3214285714285716,236.42857142857142,7.2,0.0,0.0,10.028571428571428,230.71428571428572,22.04285714285714
2014-07-20,2.942857142857143,16.307142857142857,27.542857142857144,3.092857142857143,228.57142857142858,6.95,0.0,0.0,9.614285714285714,222.85714285714286,22.057142857142857
2014-07-21,2.942857142857143,16.192857142857143,27.42142857142857,3.0285714285714285,230.0,6.95,0.0,0.0,9.614285714285714,219.28571428571428,21.992857142857144
2014-07-22,2.9071428571428575,16.15,27.821428571428573,3.0,230.0,6.821428571428571,0.0,0.0,9.357142857142858,220.71428571428572,22.135714285714283
2014-07-23,0.6357142857142858,16.107142857142858,27.9,2.8071428571428574,230.0,6.721428571428571,0.0,0.0,9.064285714285715,221.42857142857142,22.192857142857143
2014-07-24,0.8928571428571429,16.192857142857143,28.142857142857142,2.9,237.85714285714286,6.685714285714286,0.0,0.0,9.064285714285715,220.71428571428572,22.342857142857145
2014-07-25,0.8928571428571429,16.15,27.97857142857143,2.9571428571428577,239.28571428571428,6.750000000000001,0.0,0.0,9.192857142857145,222.14285714285714,22.285714285714285
2014-07-26,0.8928571428571429,16.15,28.014285714285712,3.0142857142857147,235.71428571428572,6.9142857142857155,0.0,0.0,9.357142857142858,214.28571428571428,22.278571428571432
2014-07-27,0.8928571428571429,16.264285714285712,27.857142857142858,2.9714285714285715,238.57142857142858,6.942857142857143,0.0,0.0,9.450000000000001,217.85714285714286,22.271428571428572
2014-07-28,2.814285714285714,15.907142857142857,27.935714285714287,2.7571428571428576,239.28571428571428,6.878571428571428,0.0,0.0,9.292857142857144,230.71428571428572,22.078571428571426
2014-07-29,5.278571428571429,15.671428571428569,27.300000000000004,2.878571428571429,240.71428571428572,7.1642857142857155,0.0,0.0,9.642857142857142,252.85714285714286,21.714285714285715
2014-07-30,5.278571428571429,15.278571428571428,26.985714285714288,2.8285714285714287,245.71428571428572,6.9142857142857155,0.0,0.0,9.200000000000001,260.0,21.37857142857143
2014-07-31,5.1000000000000005,14.842857142857142,26.785714285714285,2.8500000000000005,237.14285714285714,6.885714285714286,0.0,0.0,9.171428571428573,252.14285714285714,20.97142857142857
2014-08-01,5.664285714285714,14.921428571428573,26.664285714285715,2.942857142857143,231.42857142857142,7.3,0.0,0.0,9.842857142857143,244.28571428571428,20.957142857142856
2014-08-02,5.664285714285714,15.078571428571427,26.742857142857144,3.0571428571428574,231.42857142857142,7.428571428571429,0.0,0.0,10.0,235.71428571428572,21.035714285714285
2014-08-03,5.664285714285714,15.357142857142858,26.86428571428571,3.128571428571429,230.71428571428572,7.585714285714286,0.0,0.0,10.221428571428572,235.0,21.25
2014-08-04,5.7,15.435714285714285,26.864285714285717,3.0500000000000003,230.0,7.55,0.0,0.0,10.064285714285715,233.57142857142858,21.185714285714283
2014-08-05,5.8428571428571425,15.635714285714286,26.74285714285714,2.9642857142857144,222.14285714285714,7.357142857142857,0.0,0.0,9.842857142857142,243.57142857142858,21.17142857142857
2014-08-06,6.078571428571428,15.514285714285714,26.464285714285715,2.9214285714285713,231.42857142857142,7.514285714285714,0.0,0.0,9.971428571428573,252.14285714285714,20.892857142857142
2014-08-07,5.878571428571428,15.235714285714286,26.064285714285713,2.721428571428572,232.85714285714286,7.421428571428571,0.0,0.0,9.75,261.42857142857144,20.592857142857138
2014-08-08,5.95,15.357142857142858,26.142857142857142,2.6142857142857148,232.14285714285714,7.45,0.0,0.0,9.814285714285715,260.7142857142857,20.514285714285712
2014-08-09,5.95,15.435714285714285,26.107142857142858,2.6142857142857148,242.85714285714286,7.478571428571429,0.0,0.0,9.935714285714287,273.57142857142856,20.535714285714285
2014-08-10,5.95,15.4,26.142857142857142,2.5571428571428574,250.0,7.45,0.0,0.0,9.778571428571428,283.57142857142856,20.535714285714285
2014-08-11,4.0285714285714285,15.164285714285713,26.335714285714285,2.3714285714285714,237.14285714285714,7.1000000000000005,0.0,0.0,9.3,259.2857142857143,20.528571428571432
2014-08-12,1.1071428571428572,15.12142857142857,27.014285714285716,2.2357142857142858,225.71428571428572,6.721428571428571,0.0,0.0,8.792857142857143,249.28571428571428,20.807142857142857
2014-08-13,1.1285714285714286,15.557142857142859,27.407142857142862,2.3214285714285716,220.71428571428572,6.907142857142857,0.0,0.0,9.014285714285714,242.14285714285714,21.214285714285715
2014-08-14,3.2857142857142856,15.957142857142856,27.25,2.3642857142857148,217.14285714285714,6.971428571428571,0.0,0.0,9.171428571428573,240.71428571428572,21.478571428571428
2014-08-15,2.8285714285714287,15.957142857142857,27.014285714285712,2.3500000000000005,219.28571428571428,6.6499999999999995,0.0,0.0,8.721428571428572,244.28571428571428,21.349999999999998
2014-08-16,2.935714285714286,15.878571428571428,26.342857142857145,2.3571428571428577,219.28571428571428,6.55,0.0,0.0,8.707692307692309,247.69230769230768,20.95714285714286
2014-08-17,3.1142857142857143,15.635714285714284,25.664285714285715,2.4928571428571433,219.28571428571428,6.55,0.0,0.0,8.707692307692309,247.69230769230768,20.457142857142856
2014-08-18,3.1142857142857143,15.557142857142855,25.271428571428572,2.6571428571428575,228.57142857142858,6.678571428571429,0.0,0.0,8.946153846153846,248.46153846153845,20.20714285714286
2014-08-19,3.007142857142857,15.042857142857143,24.79285714285714,2.8071428571428574,245.71428571428572,6.964285714285714,0.0,0.0,9.353846153846153,224.6153846153846,19.842857142857145
2014-08-20,2.7714285714285714,14.407142857142858,24.514285714285712,2.735714285714286,241.42857142857142,6.585714285714286,0.0,0.0,9.015384615384617,223.07692307692307,19.442857142857143
2014-08-21,2.7142857142857144,14.049999999999999,24.75,2.7,225.71428571428572,6.428571428571429,0.0,0.0,8.846153846153847,215.3846153846154,19.342857142857145
2014-08-22,2.9,14.207142857142856,24.635714285714283,2.7857142857142856,211.42857142857142,6.464285714285714,0.0,0.0,8.876923076923077,200.0,19.457142857142856
2014-08-23,3.0285714285714285,14.485714285714284,24.11428571428571,2.7500000000000004,196.42857142857142,6.271428571428571,0.0,0.0,8.538461538461538,183.07692307692307,19.349999999999998
2014-08-24,3.0285714285714285,14.642857142857142,23.957142857142856,2.735714285714286,197.14285714285714,6.207142857142856,0.0,0.0,8.507692307692308,181.53846153846155,19.25
2014-08-25,3.0285714285714285,14.678571428571429,23.842857142857145,2.785714285714286,218.57142857142858,6.3,0.0,0.0,8.607692307692307,204.6153846153846,19.2
2014-08-26,3.0285714285714285,14.6,23.8,2.735714285714286,218.57142857142858,6.235714285714286,0.0,0.0,8.46923076923077,202.30769230769232,19.142857142857142
2014-08-27,3.007142857142857,14.321428571428571,23.92142857142857,2.685714285714286,218.57142857142858,6.142857142857143,0.0,0.0,8.361538461538462,201.53846153846155,19.1
2014-08-28,0.85,14.514285714285714,24.357142857142858,2.6857142857142864,233.57142857142858,6.142857142857143,0.0,0.0,8.361538461538462,202.30769230769232,19.335714285714285
2014-08-29,0.7428571428571429,14.6,24.557142857142857,2.7642857142857147,238.57142857142858,6.364285714285714,0.0,0.0,8.5,206.92307692307693,19.521428571428572
2014-08-30,0.6357142857142858,14.52142857142857,24.91428571428571,2.6285714285714286,242.85714285714286,6.207142857142857,0.0,0.0,8.278571428571428,214.28571428571428,19.7
2014-08-31,0.4571428571428572,14.52142857142857,25.435714285714287,2.778571428571429,243.57142857142858,6.464285714285714,0.0,0.0,8.6,215.0,19.95
2014-09-01,0.5642857142857143,14.878571428571428,25.592857142857145,2.935714285714286,234.28571428571428,6.6571428571428575,0.0,0.0,8.885714285714286,215.71428571428572,20.25
2014-09-02,0.55,15.514285714285714,26.228571428571428,2.885714285714286,225.0,6.564285714285715,0.0,0.0,8.72857142857143,227.85714285714286,20.714285714285715
2014-09-03,1.3642857142857143,16.192857142857143,26.75,3.085714285714286,230.71428571428572,6.978571428571429,0.0,0.0,9.107142857142858,220.71428571428572,21.37857142857143
2014-09-04,1.3642857142857143,16.428571428571427,26.714285714285715,3.1142857142857148,246.42857142857142,7.071428571428572,0.0,0.0,9.200000000000001,227.85714285714286,21.521428571428572
2014-09-05,1.1071428571428572,16.15,27.150000000000002,3.064285714285714,250.71428571428572,7.035714285714286,0.0,0.0,9.135714285714286,232.85714285714286,21.50714285714286
2014-09-06,0.9785714285714285,16.34285714285714,27.907142857142862,3.3500000000000005,253.57142857142858,7.385714285714286,0.0,0.0,9.642857142857142,235.0,21.957142857142856
2014-09-07,1.8142857142857143,16.42142857142857,27.907142857142855,3.4857142857142853,252.85714285714286,7.764285714285714,0.0,0.0,10.057142857142859,233.57142857142858,22.20714285714286
2014-09-08,1.8142857142857143,16.228571428571428,27.62857142857143,3.5071428571428576,256.42857142857144,7.764285714285713,0.0,0.0,10.057142857142859,233.57142857142858,22.014285714285712
2014-09-09,1.8142857142857143,15.992857142857142,27.314285714285713,3.5785714285714287,256.42857142857144,7.921428571428572,0.0,0.0,10.25,235.0,21.70714285714286
2014-09-10,1.8142857142857143,15.792857142857143,26.87857142857143,3.5785714285714287,255.71428571428572,7.892857142857143,0.0,0.0,10.25,235.0,21.37142857142857
2014-09-11,1.8142857142857143,15.32142857142857,26.6,3.5642857142857145,242.85714285714286,7.828571428571429,0.0,0.0,10.150000000000002,235.0,20.928571428571427
2014-09-12,1.957142857142857,15.157142857142857,26.714285714285715,3.771428571428572,232.85714285714286,8.15,0.0,0.0,10.757142857142858,225.0,20.964285714285715
2014-09-13,1.957142857142857,14.721428571428572,25.95714285714286,3.942857142857143,237.85714285714286,8.528571428571428,0.0,0.0,11.135714285714286,225.71428571428572,20.55
2014-09-14,2.157142857142857,14.007142857142856,25.0,3.657142857142858,240.71428571428572,8.27142857142857,0.0,0.0,10.942857142857141,229.28571428571428,19.75
2014-09-15,2.0142857142857142,12.892857142857142,24.16428571428571,3.4428571428571435,248.57142857142858,8.171428571428573,0.0,0.0,10.814285714285713,235.71428571428572,18.892857142857142
2014-09-16,1.9928571428571427,11.62142857142857,23.25,3.4071428571428575,248.57142857142858,8.171428571428573,0.0,0.0,10.785714285714286,235.71428571428572,17.857142857142858
2014-09-17,1.4714285714285713,10.942857142857141,22.33571428571429,3.2285714285714286,237.14285714285714,7.885714285714285,0.0,0.0,10.471428571428572,235.0,17.02142857142857
2014-09-18,1.4714285714285713,10.307142857142859,21.778571428571432,3.2071428571428577,225.71428571428572,7.821428571428571,0.0,0.0,10.407142857142857,224.28571428571428,16.40714285714286
2014-09-19,1.4928571428571427,9.714285714285714,20.707142857142856,3.235714285714286,236.42857142857142,7.757142857142857,0.0,0.0,10.342857142857142,235.0,15.828571428571431
2014-09-20,1.4928571428571427,8.328571428571427,19.592857142857138,2.9642857142857144,245.0,7.507142857142857,0.0,0.0,9.964285714285717,244.28571428571428,14.621428571428572
2014-09-21,0.6571428571428571,7.771428571428571,19.235714285714288,3.3071428571428574,234.28571428571428,7.700000000000001,0.0,0.0,10.37857142857143,235.0,13.95
2014-09-22,1.2571428571428573,8.164285714285713,19.514285714285712,3.585714285714286,222.14285714285714,8.178571428571429,0.0,0.0,11.05,224.28571428571428,14.2
2014-09-23,1.292857142857143,8.12142857142857,18.957142857142856,3.8285714285714287,230.0,8.564285714285713,0.0,0.0,11.657142857142857,231.42857142857142,14.042857142857144
2014-09-24,1.292857142857143,7.921428571428571,18.521428571428572,3.7928571428571436,231.42857142857142,8.464285714285714,0.0,0.0,11.471428571428572,234.28571428571428,13.65
2014-09-25,1.292857142857143,7.6,18.400000000000002,3.714285714285715,232.85714285714286,8.4,0.0,0.0,11.35,235.0,13.428571428571429
2014-09-26,1.1500000000000001,7.285714285714286,18.285714285714285,3.242857142857143,232.85714285714286,7.635714285714285,0.0,0.0,10.235714285714286,235.71428571428572,13.085714285714285
2014-09-27,1.1500000000000001,7.521428571428571,19.2,3.0500000000000003,210.71428571428572,7.4142857142857155,0.0,0.0,9.985714285714284,215.0,13.37142857142857
2014-09-28,0.95,7.921428571428572,20.192857142857143,2.9142857142857146,198.57142857142858,7.1571428571428575,0.0,0.0,9.542857142857143,221.42857142857142,14.014285714285714
2014-09-29,0.9500000000000001,8.435714285714285,21.264285714285712,2.778571428571429,190.0,6.807142857142858,0.0,0.0,9.035714285714286,201.42857142857142,14.62142857142857
2014-09-30,0.9500000000000001,9.028571428571428,21.7,2.692857142857143,200.0,6.771428571428571,0.0,0.0,9.035714285714286,211.42857142857142,15.228571428571428
2014-10-01,0.6571428571428571,8.992857142857142,21.935714285714287,2.7214285714285715,212.14285714285714,6.771428571428571,0.0,0.0,8.971428571428572,222.14285714285714,15.307142857142859
2014-10-02,0.6571428571428571,9.392857142857142,21.62142857142857,2.714285714285715,223.57142857142858,6.742857142857143,0.0,0.0,8.842857142857143,233.57142857142858,15.328571428571427
2014-10-03,0.6357142857142858,9.907142857142857,22.178571428571427,2.592857142857143,222.14285714285714,6.55,0.0,0.0,8.557142857142859,231.42857142857142,15.564285714285713
2014-10-04,0.6357142857142858,10.7,22.857142857142858,2.7071428571428577,212.14285714285714,6.707142857142856,0.0,0.0,8.778571428571428,220.71428571428572,16.221428571428568
2014-10-05,2.4714285714285715,10.785714285714283,22.42142857142857,2.342857142857143,221.42857142857142,6.328571428571429,0.0,0.0,8.200000000000001,230.0,16.257142857142856
2014-10-06,1.8714285714285714,10.114285714285714,21.550000000000004,2.0857142857142863,222.14285714285714,5.82142857142857,0.0,0.0,7.464285714285714,231.42857142857142,15.571428571428571
2014-10-07,1.8357142857142854,9.757142857142856,21.585714285714285,2.007142857142857,214.28571428571428,5.785714285714286,0.0,0.0,7.428571428571429,224.28571428571428,15.314285714285715
2014-10-08,1.9071428571428568,10.078571428571427,21.821428571428573,2.178571428571429,212.85714285714286,6.135714285714286,0.0,0.0,8.064285714285715,220.71428571428572,15.635714285714284
2014-10-09,2.1999999999999997,10.278571428571428,21.585714285714285,2.435714285714286,220.0,6.514285714285714,0.0,0.0,8.67142857142857,227.14285714285714,15.707142857142857
2014-10-10,2.1999999999999997,10.278571428571428,20.985714285714284,2.7428571428571433,225.0,7.057142857142857,0.0,0.0,9.528571428571428,232.14285714285714,15.407142857142857
2014-10-11,2.1999999999999997,9.964285714285714,20.150000000000002,2.857142857142857,244.28571428571428,7.121428571428571,0.0,0.0,9.65,250.71428571428572,14.964285714285714
2014-10-12,2.1999999999999997,9.564285714285715,19.157142857142855,2.842857142857143,265.0,7.157142857142857,0.0,0.0,9.678571428571429,252.14285714285714,14.3
2014-10-13,2.1999999999999997,8.892857142857142,18.207142857142856,2.8500000000000005,273.57142857142856,7.285714285714285,0.0,0.0,9.87142857142857,273.57142857142856,13.535714285714286
2014-10-14,2.1999999999999997,8.221428571428572,17.614285714285717,3.092857142857143,263.57142857142856,7.571428571428571,0.0,0.0,10.414285714285715,262.85714285714283,12.814285714285715
2014-10-15,2.1999999999999997,8.7,17.892857142857142,3.45,252.14285714285714,7.985714285714286,0.0,0.0,11.021428571428572,252.14285714285714,13.078571428571427
2014-10-16,2.1999999999999997,9.292857142857143,18.685714285714287,3.65,242.14285714285714,8.335714285714285,0.0,0.0,11.692857142857145,242.85714285714286,13.735714285714284
2014-10-17,4.228571428571429,9.65,18.842857142857145,3.8000000000000003,229.28571428571428,8.628571428571428,0.0,0.0,12.107142857142858,230.0,14.157142857142858
2014-10-18,4.228571428571429,9.971428571428572,18.607142857142858,3.8428571428571425,233.57142857142858,8.721428571428572,0.0,0.0,12.2,232.85714285714286,14.214285714285714
2014-10-19,3.1714285714285713,9.692857142857141,18.764285714285712,3.9642857142857144,235.0,8.878571428571428,0.0,0.0,12.364285714285714,233.57142857142858,14.285714285714286
2014-10-20,3.1714285714285713,9.492857142857144,18.20714285714286,4.257142857142857,244.28571428571428,9.071428571428571,0.0,0.0,12.942857142857141,242.85714285714286,13.957142857142857
2014-10-21,3.1714285714285713,9.214285714285714,17.571428571428573,4.121428571428572,244.28571428571428,8.785714285714286,0.0,0.0,12.464285714285714,242.14285714285714,13.528571428571428
2014-10-22,3.642857142857143,8.735714285714286,16.77857142857143,3.9142857142857146,255.71428571428572,8.342857142857143,0.0,0.0,11.764285714285716,254.28571428571428,12.900000000000002
2014-10-23,3.35,8.5,16.185714285714287,3.885714285714286,259.2857142857143,8.157142857142857,0.0,0.0,11.442857142857141,235.0,12.4
2014-10-24,4.078571428571428,8.299999999999999,15.75,4.0,265.0,8.028571428571428,0.0,0.0,11.157142857142857,241.42857142857142,12.142857142857142
2014-10-25,4.2785714285714285,8.221428571428572,15.357142857142858,4.021428571428571,269.2857142857143,8.092857142857143,0.0,0.0,11.257142857142858,245.0,11.892857142857142
2014-10-26,4.642857142857143,8.028571428571428,15.47857142857143,4.15,257.85714285714283,8.285714285714286,0.0,0.0,11.514285714285714,234.28571428571428,11.821428571428571
2014-10-27,4.8999999999999995,8.42142857142857,15.321428571428571,4.328571428571428,257.14285714285717,8.385714285714286,0.0,0.0,11.671428571428573,232.85714285714286,11.914285714285713
2014-10-28,4.957142857142856,8.657142857142857,15.12142857142857,4.214285714285714,264.2857142857143,8.2,0.0,0.0,11.285714285714286,240.0,11.964285714285714
2014-10-29,5.192857142857143,7.978571428571428,14.528571428571427,3.8642857142857148,262.14285714285717,7.942857142857143,0.0,0.0,11.057142857142855,237.85714285714286,11.278571428571428
2014-10-30,5.371428571428572,7.064285714285714,13.735714285714286,3.6714285714285717,270.7142857142857,7.75,0.0,0.0,10.707142857142857,243.57142857142858,10.62857142857143
2014-10-31,3.3428571428571425,6.314285714285714,12.821428571428571,3.6642857142857146,285.0,7.685714285714285,0.0,0.0,10.578571428571431,257.14285714285717,9.735714285714286
2014-11-01,3.3428571428571425,5.3999999999999995,12.107142857142858,3.5357142857142856,292.85714285714283,7.564285714285714,0.0,0.0,10.328571428571431,267.14285714285717,8.97857142857143
2014-11-02,2.6,4.999999999999999,11.278571428571428,3.5142857142857147,295.0,7.307142857142857,0.0,0.0,10.035714285714286,244.28571428571428,8.135714285714284
2014-11-03,2.6,4.685714285714285,11.200000000000001,3.664285714285714,295.0,7.721428571428572,0.0,0.0,10.257142857142856,245.71428571428572,7.8428571428571425
2014-11-04,2.6,4.6499999999999995,11.200000000000001,3.7857142857142856,305.0,8.007142857142856,0.0,0.0,10.607142857142858,255.71428571428572,7.75
2014-11-05,2.057142857142857,4.1,11.678571428571429,3.9071428571428575,293.57142857142856,8.385714285714286,0.0,0.0,11.178571428571429,243.57142857142858,7.642857142857143
2014-11-06,2.0928571428571425,4.257142857142857,11.957142857142857,3.8642857142857143,286.42857142857144,8.47857142857143,0.0,0.0,11.242857142857144,262.85714285714283,7.978571428571429
2014-11-07,1.6928571428571428,4.135714285714285,12.078571428571427,3.535714285714286,287.14285714285717,8.221428571428572,0.0,0.0,10.864285714285714,262.85714285714283,8.064285714285713
2014-11-08,2.107142857142857,3.9357142857142855,11.757142857142856,3.7071428571428577,285.0,8.378571428571428,0.0,0.0,11.057142857142855,260.0,7.8428571428571425
2014-11-09,1.7428571428571427,3.814285714285714,11.12142857142857,3.835714285714286,294.2857142857143,8.535714285714286,0.0,0.0,11.314285714285715,258.57142857142856,7.478571428571429
2014-11-10,1.4857142857142855,3.221428571428571,10.842857142857143,3.8642857142857143,287.14285714285717,8.657142857142857,0.0,0.0,11.407142857142857,251.42857142857142,7.235714285714286
2014-11-11,1.4285714285714286,3.1428571428571423,10.65,3.9,279.2857142857143,8.657142857142857,0.0,0.0,11.435714285714285,244.28571428571428,7.035714285714286
2014-11-12,1.192857142857143,3.1857142857142846,10.571428571428571,4.207142857142857,281.42857142857144,9.042857142857143,0.0,0.0,11.885714285714286,247.14285714285714,7.142857142857143
2014-11-13,1.0857142857142856,3.028571428571428,10.407142857142857,4.392857142857143,279.2857142857143,9.171428571428573,0.0,0.0,12.078571428571427,248.57142857142858,7.014285714285714
2014-11-14,1.1928571428571428,2.592857142857142,9.971428571428572,4.328571428571428,275.0,9.235714285714286,0.0,0.35714285714285715,12.27142857142857,245.0,6.671428571428572
2014-11-15,1.2142857142857142,2.2428571428571424,9.450000000000001,4.421428571428572,276.42857142857144,9.357142857142858,0.0,0.35714285714285715,12.392857142857142,245.71428571428572,6.235714285714286
2014-11-16,1.2,1.971428571428571,9.285714285714286,4.4,272.14285714285717,9.457142857142857,0.0,0.5714285714285714,12.557142857142859,266.42857142857144,5.950000000000001
2014-11-17,1.2,1.9285714285714282,9.085714285714285,4.185714285714286,262.14285714285717,9.1,0.0,0.5714285714285714,12.107142857142858,255.71428571428572,5.792857142857143
2014-11-18,1.8714285714285714,1.9285714285714282,8.72857142857143,4.05,251.42857142857142,8.785714285714286,0.0,1.1428571428571428,11.692857142857141,245.0,5.628571428571428
2014-11-19,1.8714285714285714,1.6571428571428566,7.8500000000000005,4.264285714285714,255.71428571428572,8.85,0.0,1.1428571428571428,11.849999999999998,247.85714285714286,5.207142857142857
2014-11-20,1.8357142857142856,0.6714285714285709,6.778571428571429,4.25,252.14285714285714,8.914285714285715,0.0,1.1428571428571428,11.978571428571428,241.42857142857142,4.035714285714286
2014-11-21,1.5071428571428573,0.12857142857142806,6.264285714285714,4.585714285714286,240.71428571428572,9.299999999999999,0.0,1.1428571428571428,12.521428571428572,230.71428571428572,3.307142857142857
2014-11-22,0.8928571428571429,-0.2571428571428577,5.835714285714286,4.571428571428571,240.71428571428572,9.27142857142857,0.0,1.1428571428571428,12.521428571428572,227.14285714285714,2.8428571428571425
2014-11-23,0.8928571428571429,-0.6857142857142862,5.714285714285714,4.778571428571429,232.14285714285714,9.528571428571428,0.0,1.1428571428571428,12.87142857142857,229.28571428571428,2.5
2014-11-24,0.9642857142857143,-0.4071428571428576,5.871428571428572,4.792857142857144,232.14285714285714,9.528571428571428,0.0,1.1428571428571428,12.871428571428572,229.28571428571428,2.4857142857142853
2014-11-25,1.8142857142857143,-0.12857142857142914,6.5,4.957142857142857,232.85714285714286,9.814285714285715,0.0,1.1428571428571428,13.257142857142856,230.0,2.9142857142857146
2014-11-26,1.8142857142857143,-0.2500000000000005,6.378571428571428,4.821428571428571,240.0,9.52142857142857,0.0,1.1428571428571428,12.807142857142855,236.42857142857142,2.935714285714286
2014-11-27,2.3214285714285716,-0.7214285714285719,5.828571428571429,4.742857142857143,240.71428571428572,9.585714285714287,0.0,14.928571428571429,12.835714285714285,235.71428571428572,2.292857142857143
2014-11-28,2.2714285714285714,-1.0357142857142863,5.4,4.800000000000002,245.71428571428572,9.585714285714285,9.285714285714286,16.0,12.707142857142857,240.71428571428572,1.8357142857142856
2014-11-29,2.357142857142857,-1.4357142857142864,5.092857142857143,4.75,241.42857142857142,9.464285714285714,18.571428571428573,18.928571428571427,12.742857142857142,239.28571428571428,1.5571428571428572
2014-11-30,2.335714285714286,-2.028571428571429,4.821428571428571,4.735714285714286,232.85714285714286,9.585714285714285,27.857142857142858,18.714285714285715,12.87142857142857,230.0,1.207142857142857
2014-12-01,2.357142857142857,-2.0642857142857145,5.057142857142857,4.942857142857143,232.14285714285714,9.842857142857143,33.57142857142857,18.714285714285715,13.257142857142856,228.57142857142858,1.3285714285714287
2014-12-02,1.6857142857142857,-2.221428571428572,5.457142857142857,5.1642857142857155,242.14285714285714,10.128571428571428,33.57142857142857,18.142857142857142,13.835714285714287,229.28571428571428,1.5785714285714287
2014-12-03,1.8285714285714287,-2.6214285714285714,5.071428571428571,4.871428571428572,248.57142857142858,10.164285714285715,33.57142857142857,20.857142857142858,13.614285714285714,237.14285714285714,1.1285714285714286
2014-12-04,1.957142857142857,-2.4214285714285717,5.385714285714286,4.921428571428572,255.0,10.321428571428571,37.142857142857146,21.428571428571427,13.964285714285714,244.28571428571428,1.3642857142857143
2014-12-05,1.957142857142857,-2.8571428571428577,5.385714285714286,4.807142857142857,263.57142857142856,10.257142857142856,37.142857142857146,22.0,14.057142857142855,250.0,1.4785714285714284
2014-12-06,1.9785714285714284,-3.3000000000000007,5.621428571428571,4.6000000000000005,254.28571428571428,10.035714285714286,37.142857142857146,22.0,13.764285714285714,244.28571428571428,1.2857142857142858
2014-12-07,2.4499999999999997,-2.8714285714285723,5.428571428571429,4.285714285714286,265.7142857142857,9.62142857142857,37.142857142857146,22.928571428571427,13.121428571428572,254.28571428571428,1.514285714285714
2014-12-08,2.3785714285714286,-4.092857142857143,4.635714285714285,4.328571428571429,275.7142857142857,9.721428571428572,39.285714285714285,22.928571428571427,13.221428571428572,264.2857142857143,0.7357142857142858
2014-12-09,1.5285714285714287,-5.592857142857143,3.1000000000000005,4.2,274.2857142857143,9.5,39.285714285714285,22.928571428571427,12.9,262.85714285714283,-0.8571428571428573
2014-12-10,2.9785714285714286,-6.1000000000000005,2.185714285714286,4.128571428571429,279.2857142857143,9.535714285714286,45.0,28.357142857142858,13.0,266.42857142857144,-1.7214285714285715
2014-12-11,3.3071428571428574,-6.057142857142857,1.8285714285714285,4.328571428571428,282.85714285714283,9.471428571428572,54.285714285714285,31.642857142857142,13.035714285714286,271.42857142857144,-1.9142857142857144
2014-12-12,3.542857142857143,-5.857142857142857,1.942857142857143,4.257142857142858,280.0,9.214285714285714,66.42857142857143,34.92857142857143,12.75,268.57142857142856,-1.7857142857142858
2014-12-13,3.6357142857142857,-5.5,1.9785714285714289,4.142857142857143,282.85714285714283,9.021428571428572,77.14285714285714,34.92857142857143,12.4,268.57142857142856,-1.642857142857143
2014-12-14,3.6357142857142857,-5.064285714285715,2.0142857142857147,3.9,282.14285714285717,8.514285714285714,89.28571428571429,34.92857142857143,11.72857142857143,258.57142857142856,-1.385714285714286
2014-12-15,3.6142857142857143,-5.257142857142858,1.5785714285714287,3.3928571428571432,270.0,7.942857142857142,105.0,34.92857142857143,10.964285714285714,247.14285714285714,-1.6857142857142857
2014-12-16,3.6142857142857143,-5.257142857142858,0.9071428571428571,3.135714285714286,255.71428571428572,7.492857142857142,122.85714285714286,34.92857142857143,10.228571428571428,242.85714285714286,-2.107142857142857
2014-12-17,3.4928571428571433,-4.621428571428572,1.2142857142857142,3.1785714285714284,243.57142857142858,7.171428571428571,139.28571428571428,32.214285714285715,9.907142857142858,231.42857142857142,-1.6928571428571428
2014-12-18,3.6357142857142857,-4.428571428571429,1.1357142857142857,2.857142857142857,239.28571428571428,6.5357142857142865,150.0,31.642857142857142,8.885714285714286,227.14285714285714,-1.542857142857143
2014-12-19,3.742857142857143,-3.878571428571429,1.1357142857142857,2.7500000000000004,239.28571428571428,6.378571428571428,162.85714285714286,31.428571428571427,8.535714285714286,228.57142857142858,-1.4714285714285715
2014-12-20,3.7214285714285715,-3.6785714285714293,0.9,2.8642857142857148,250.71428571428572,6.442857142857143,175.71428571428572,31.428571428571427,8.571428571428571,240.0,-1.2571428571428573
2014-12-21,3.25,-4.542857142857144,0.5857142857142856,2.757142857142857,247.14285714285714,6.1499999999999995,188.57142857142858,30.5,8.192857142857143,220.71428571428572,-1.8428571428571427
2014-12-22,3.25,-4.2285714285714295,0.39285714285714285,2.485714285714286,230.0,5.671428571428572,199.28571428571428,30.5,7.55,203.57142857142858,-1.9571428571428573
2014-12-23,3.25,-3.6785714285714293,0.3928571428571428,2.3142857142857145,240.0,5.3500000000000005,210.0,30.5,7.071428571428571,213.57142857142858,-1.5142857142857142
2014-12-24,2.292857142857143,-3.7571428571428576,0.5499999999999999,2.2,227.14285714285714,5.0,217.14285714285714,28.0,6.557142857142857,202.85714285714286,-1.4642857142857142
2014-12-25,1.9285714285714286,-3.4071428571428575,1.1,2.0571428571428574,214.28571428571428,4.871428571428572,217.14285714285714,10.928571428571429,6.3,191.42857142857142,-1.1285714285714286
2014-12-26,1.7285714285714284,-2.9357142857142864,1.9285714285714286,2.4071428571428575,212.85714285714286,5.442857142857143,199.28571428571428,6.214285714285714,7.128571428571429,188.57142857142858,-0.5142857142857142
2014-12-27,1.5285714285714287,-2.664285714285715,2.5214285714285714,2.5357142857142856,209.28571428571428,5.885714285714286,179.28571428571428,3.2857142857142856,7.735714285714286,185.0,-0.021428571428571415
2014-12-28,1.5285714285714287,-2.1142857142857148,3.1571428571428575,2.757142857142857,210.71428571428572,6.492857142857142,157.85714285714286,3.2857142857142856,8.6,195.71428571428572,0.4428571428571429
2014-12-29,1.5285714285714287,-1.8428571428571436,3.7142857142857144,3.0571428571428574,223.57142857142858,6.9071428571428575,136.42857142857142,3.2857142857142856,9.171428571428573,208.57142857142858,1.0785714285714287
2014-12-30,1.55,-2.235714285714286,3.8285714285714283,3.1999999999999997,238.57142857142858,7.357142857142857,118.57142857142857,4.0,9.678571428571429,223.57142857142858,1.0285714285714287
2014-12-31,1.5285714285714285,-3.071428571428572,3.1214285714285714,3.142857142857143,250.71428571428572,7.392857142857143,102.14285714285714,4.0,9.714285714285714,235.0,0.4071428571428571
2015-01-01,1.2785714285714285,-3.978571428571429,2.5357142857142856,3.3857142857142857,247.85714285714286,7.771428571428571,87.85714285714286,4.928571428571429,10.285714285714286,230.71428571428572,-0.4285714285714287
2015-01-02,1.1714285714285713,-4.292857142857144,2.264285714285714,3.5785714285714287,239.28571428571428,7.928571428571429,75.0,4.571428571428571,10.47857142857143,222.14285714285714,-0.8571428571428573
2015-01-03,1.1714285714285713,-4.4071428571428575,2.3785714285714286,3.6714285714285717,237.14285714285714,8.085714285714285,62.142857142857146,4.571428571428571,10.799999999999999,221.42857142857142,-0.8428571428571431
2015-01-04,1.6642857142857144,-4.450000000000001,2.378571428571429,3.7857142857142856,224.28571428571428,8.342857142857143,49.285714285714285,9.642857142857142,11.150000000000002,226.42857142857142,-0.9357142857142858
2015-01-05,1.7571428571428573,-4.014285714285715,3.1285714285714286,4.1571428571428575,234.28571428571428,9.014285714285714,42.142857142857146,9.642857142857142,12.142857142857142,236.42857142857142,-0.4142857142857145
2015-01-06,1.7571428571428573,-4.564285714285715,3.6357142857142857,4.621428571428572,233.57142857142858,9.714285714285714,31.428571428571427,9.642857142857142,13.292857142857144,235.0,-0.3000000000000002
2015-01-07,1.2857142857142858,-5.321428571428571,2.692857142857143,4.8,233.57142857142858,9.971428571428572,18.571428571428573,6.928571428571429,13.642857142857142,234.28571428571428,-1.1
2015-01-08,0.7428571428571429,-7.17857142857143,1.5928571428571427,4.942857142857143,244.28571428571428,10.257142857142856,9.285714285714286,6.928571428571429,13.964285714285714,242.14285714285714,-2.2
2015-01-09,0.6500000000000001,-9.278571428571428,0.13571428571428573,4.857142857142857,238.57142857142858,10.1,5.714285714285714,7.142857142857143,13.778571428571428,236.42857142857142,-4.142857142857143
2015-01-10,0.6714285714285715,-10.021428571428572,-0.7285714285714285,5.114285714285714,232.85714285714286,10.22857142857143,5.714285714285714,7.714285714285714,14.0,231.42857142857142,-5.092857142857143
2015-01-11,0.6714285714285715,-10.928571428571429,-1.8357142857142859,5.235714285714287,236.42857142857142,10.128571428571428,5.714285714285714,7.714285714285714,13.871428571428572,235.71428571428572,-5.985714285714286
2015-01-12,0.6714285714285715,-11.721428571428572,-2.664285714285714,5.285714285714286,236.42857142857142,10.064285714285715,5.714285714285714,7.714285714285714,13.807142857142859,235.0,-7.1000000000000005
2015-01-13,0.7928571428571428,-11.87857142857143,-2.857142857142857,5.4071428571428575,236.42857142857142,10.257142857142856,7.857142857142857,11.142857142857142,14.035714285714286,235.0,-7.1642857142857155
2015-01-14,0.7928571428571428,-12.471428571428573,-3.0500000000000003,5.442857142857143,213.57142857142858,10.47857142857143,11.428571428571429,11.357142857142858,14.321428571428571,212.14285714285714,-7.557142857142857
2015-01-15,0.7714285714285715,-13.264285714285716,-3.135714285714286,5.3,214.28571428571428,10.47857142857143,13.571428571428571,10.428571428571429,14.257142857142856,214.28571428571428,-8.049999999999999
2015-01-16,0.7714285714285715,-14.257142857142856,-3.3714285714285714,5.071428571428572,214.28571428571428,10.414285714285715,15.714285714285714,10.428571428571429,14.192857142857141,214.28571428571428,-8.607142857142858
2015-01-17,0.8071428571428572,-14.657142857142858,-3.6000000000000005,5.178571428571429,215.0,10.571428571428571,17.857142857142858,11.714285714285714,14.192857142857145,214.28571428571428,-8.857142857142858
2015-01-18,0.31428571428571433,-15.292857142857143,-3.835714285714286,5.307142857142858,219.28571428571428,10.985714285714286,20.0,6.642857142857143,14.764285714285714,217.85714285714286,-9.357142857142858
2015-01-19,1.1500000000000001,-15.528571428571428,-4.114285714285715,5.264285714285714,215.71428571428572,11.049999999999999,16.428571428571427,8.428571428571429,14.857142857142858,214.28571428571428,-9.607142857142858
2015-01-20,1.3285714285714287,-15.014285714285716,-4.271428571428571,4.942857142857143,216.42857142857142,10.857142857142858,20.0,10.785714285714286,14.414285714285713,216.42857142857142,-9.364285714285714
2015-01-21,1.3071428571428572,-15.05,-3.9142857142857146,4.942857142857143,226.42857142857142,11.014285714285714,23.642857142857142,10.571428571428571,14.642857142857142,227.14285714285714,-9.007142857142856
2015-01-22,1.3071428571428572,-14.735714285714286,-3.7142857142857144,4.557142857142858,210.0,10.471428571428573,25.785714285714285,10.571428571428571,13.971428571428572,210.71428571428572,-9.092857142857143
2015-01-23,1.3071428571428572,-14.142857142857142,-3.4785714285714286,4.221428571428572,220.0,10.057142857142859,27.928571428571427,10.357142857142858,13.3,222.14285714285714,-8.485714285714286
2015-01-24,1.2857142857142858,-14.385714285714286,-3.2428571428571433,4.057142857142858,220.0,9.928571428571429,30.071428571428573,9.785714285714286,13.207142857142857,222.14285714285714,-8.47857142857143
2015-01-25,1.3071428571428572,-13.907142857142858,-2.5714285714285716,3.892857142857143,216.42857142857142,9.678571428571429,32.214285714285715,10.5,12.792857142857143,217.85714285714286,-8.042857142857143
2015-01-26,1.3071428571428572,-14.37857142857143,-2.335714285714286,3.785714285714286,227.14285714285714,9.807142857142859,35.857142857142854,10.857142857142858,12.857142857142858,228.57142857142858,-7.828571428571429
2015-01-27,1.1642857142857144,-15.135714285714286,-3.128571428571429,3.6071428571428577,226.42857142857142,9.357142857142858,37.285714285714285,6.714285714285714,12.314285714285715,227.85714285714286,-8.785714285714286
2015-01-28,1.2214285714285715,-14.700000000000001,-3.3285714285714287,3.9142857142857146,251.42857142857142,9.421428571428573,37.285714285714285,13.0,12.478571428571428,252.14285714285714,-8.778571428571428
2015-01-29,1.2214285714285715,-14.307142857142859,-3.442857142857143,4.028571428571429,263.57142857142856,9.421428571428573,42.285714285714285,13.214285714285714,12.514285714285716,263.57142857142856,-8.507142857142856
2015-01-30,1.2571428571428573,-14.35,-3.1714285714285717,4.071428571428571,262.14285714285717,9.450000000000001,45.857142857142854,13.571428571428571,12.542857142857143,264.2857142857143,-8.457142857142857
2015-01-31,1.55,-14.35,-3.057142857142857,3.9785714285714286,262.14285714285717,9.385714285714286,49.42857142857143,25.928571428571427,12.542857142857143,264.2857142857143,-8.278571428571428
2015-02-01,1.55,-14.35,-3.5714285714285716,3.9,272.85714285714283,9.12857142857143,60.142857142857146,25.928571428571427,12.192857142857141,274.2857142857143,-8.314285714285715
2015-02-02,0.6214285714285716,-15.385714285714286,-4.757142857142857,3.685714285714286,284.2857142857143,8.678571428571429,68.71428571428571,24.142857142857142,11.492857142857144,285.0,-9.242857142857144
2015-02-03,1.1142857142857143,-16.335714285714285,-6.221428571428571,3.75,285.7142857142857,8.492857142857142,74.42857142857143,33.42857142857143,11.235714285714286,286.42857142857144,-10.657142857142858
2015-02-04,1.1142857142857143,-17.092857142857145,-6.457142857142856,3.692857142857143,277.14285714285717,8.3,83.64285714285714,33.42857142857143,10.914285714285715,275.7142857142857,-11.385714285714286
2015-02-05,1.1857142857142857,-16.414285714285715,-6.221428571428571,4.107142857142857,284.2857142857143,8.814285714285713,92.21428571428571,34.5,11.614285714285714,283.57142857142856,-10.992857142857142
2015-02-06,1.2571428571428573,-16.928571428571427,-6.1,4.357142857142858,284.2857142857143,9.192857142857141,106.5,39.57142857142857,12.12142857142857,282.85714285714283,-10.821428571428571
2015-02-07,1.3142857142857145,-17.842857142857145,-6.535714285714286,4.35,285.0,9.064285714285713,118.64285714285714,41.714285714285715,11.764285714285714,282.85714285714283,-11.47857142857143
2015-02-08,1.385714285714286,-18.521428571428572,-7.285714285714286,4.357142857142858,295.7142857142857,9.0,130.78571428571428,43.0,11.664285714285715,293.57142857142856,-12.014285714285716
2015-02-09,1.842857142857143,-18.407142857142855,-8.192857142857143,4.278571428571429,294.2857142857143,8.678571428571429,143.57142857142858,46.42857142857143,11.185714285714285,292.85714285714283,-12.62142857142857
2015-02-10,1.842857142857143,-17.892857142857146,-8.028571428571428,4.242857142857143,294.2857142857143,8.485714285714286,157.85714285714286,46.42857142857143,10.957142857142857,292.85714285714283,-12.357142857142858
2015-02-11,1.7857142857142858,-17.97142857142857,-7.714285714285714,3.8928571428571432,294.2857142857143,8.1,170.71428571428572,39.92857142857143,10.314285714285715,291.42857142857144,-12.064285714285715
2015-02-12,1.7857142857142858,-18.25,-7.678571428571429,3.721428571428572,291.42857142857144,7.721428571428571,180.0,39.714285714285715,9.735714285714284,287.85714285714283,-12.207142857142857
2015-02-13,1.7857142857142858,-17.892857142857142,-7.835714285714286,3.8500000000000005,302.14285714285717,7.785714285714286,188.57142857142858,41.5,9.735714285714286,297.14285714285717,-11.814285714285713
2015-02-14,1.4571428571428573,-18.528571428571432,-8.742857142857142,3.7214285714285715,302.14285714285717,7.757142857142857,199.28571428571428,28.928571428571427,9.635714285714286,297.14285714285717,-12.742857142857144
2015-02-15,1.5642857142857145,-18.721428571428568,-8.385714285714286,3.7571428571428576,289.2857142857143,7.757142857142857,200.71428571428572,32.357142857142854,9.607142857142858,284.2857142857143,-12.75
2015-02-16,1.5642857142857145,-18.757142857142856,-8.307142857142857,4.121428571428572,288.57142857142856,8.107142857142858,206.42857142857142,33.285714285714285,10.085714285714287,261.42857142857144,-12.714285714285714
2015-02-17,0.892857142857143,-19.07857142857143,-7.985714285714286,4.007142857142857,287.14285714285717,8.071428571428571,211.42857142857142,21.642857142857142,10.049999999999999,259.2857142857143,-12.757142857142856
2015-02-18,0.892857142857143,-19.2,-8.185714285714287,3.8000000000000003,295.7142857142857,7.75,212.85714285714286,21.642857142857142,9.7,265.0,-12.914285714285715
2015-02-19,0.8214285714285715,-20.235714285714288,-8.385714285714286,3.4071428571428575,296.42857142857144,7.4,216.42857142857142,20.785714285714285,9.157142857142857,265.0,-13.428571428571429
2015-02-20,0.9642857142857144,-19.800000000000004,-8.785714285714286,3.400000000000001,293.57142857142856,7.464285714285714,214.28571428571428,20.071428571428573,9.507142857142856,262.14285714285717,-13.521428571428572
2015-02-21,0.942857142857143,-19.321428571428573,-8.942857142857145,3.4071428571428575,300.7142857142857,7.5928571428571425,216.42857142857142,18.857142857142858,9.764285714285714,270.0,-13.421428571428569
2015-02-22,1.0142857142857145,-19.557142857142857,-8.742857142857144,3.628571428571429,289.2857142857143,8.135714285714284,218.57142857142858,19.0,10.5,259.2857142857143,-13.614285714285714
2015-02-23,0.5571428571428573,-18.95714285714286,-7.800000000000002,3.5142857142857147,284.2857142857143,8.135714285714284,218.57142857142858,15.428571428571429,10.592857142857143,253.57142857142858,-12.921428571428573
2015-02-24,0.5571428571428573,-19.907142857142862,-7.25,3.7214285714285715,284.2857142857143,8.614285714285714,215.0,15.428571428571429,11.235714285714286,253.57142857142858,-12.85
2015-02-25,0.5571428571428573,-20.778571428571432,-7.285714285714286,3.907142857142858,271.42857142857144,9.0,212.85714285714286,15.428571428571429,11.878571428571428,243.57142857142858,-13.585714285714285
2015-02-26,0.5571428571428573,-20.1,-6.964285714285714,4.185714285714286,261.42857142857144,9.442857142857141,210.71428571428572,15.428571428571429,12.65,234.28571428571428,-13.1
2015-02-27,0.5214285714285716,-20.178571428571427,-7.557142857142857,3.9785714285714286,263.57142857142856,9.128571428571428,209.28571428571428,13.285714285714286,12.235714285714284,235.71428571428572,-13.55
2015-02-28,0.5214285714285716,-20.057142857142857,-7.007142857142858,3.7857142857142856,264.2857142857143,8.65,205.71428571428572,12.214285714285714,11.62857142857143,236.42857142857142,-13.371428571428572
2015-03-01,0.4142857142857144,-19.900000000000002,-6.728571428571429,3.6428571428571432,267.14285714285717,8.464285714285714,204.28571428571428,8.785714285714286,11.342857142857143,239.28571428571428,-13.171428571428569
2015-03-02,0.4142857142857144,-19.74285714285714,-6.05,3.4,256.42857142857144,8.335714285714285,200.71428571428572,8.214285714285714,11.278571428571428,252.14285714285714,-12.828571428571427
2015-03-03,0.47142857142857153,-18.75,-5.178571428571429,3.521428571428572,257.14285714285717,8.75,200.71428571428572,10.785714285714286,11.821428571428571,253.57142857142858,-11.75
2015-03-04,0.5642857142857144,-18.114285714285714,-4.6642857142857155,3.785714285714286,247.14285714285714,9.457142857142857,200.71428571428572,12.071428571428571,12.778571428571427,248.57142857142858,-11.042857142857143
2015-03-05,0.5642857142857144,-16.685714285714287,-4.078571428571429,4.021428571428571,247.14285714285714,9.935714285714285,202.85714285714286,11.857142857142858,13.414285714285715,248.57142857142858,-10.085714285714287
2015-03-06,0.35000000000000014,-16.842857142857145,-3.521428571428572,4.014285714285714,248.57142857142858,9.871428571428572,202.85714285714286,7.5,13.0,250.71428571428572,-9.864285714285714
2015-03-07,0.31428571428571445,-17.15714285714286,-3.164285714285714,3.9357142857142864,239.28571428571428,9.585714285714287,200.71428571428572,6.571428571428571,12.650000000000002,241.42857142857142,-9.785714285714286
2015-03-08,0.15000000000000013,-16.642857142857142,-2.8857142857142857,3.7857142857142856,240.0,9.235714285714286,197.14285714285714,4.428571428571429,12.200000000000001,242.14285714285714,-9.335714285714285
2015-03-09,0.18571428571428586,-16.52857142857143,-2.8857142857142857,3.892857142857143,242.14285714285714,9.299999999999999,193.57142857142858,4.571428571428571,12.299999999999999,244.28571428571428,-9.192857142857145
2015-03-10,0.22142857142857156,-14.864285714285716,-2.3714285714285714,3.785714285714286,241.42857142857142,9.171428571428573,192.14285714285714,5.285714285714286,12.171428571428573,241.42857142857142,-8.385714285714286
2015-03-11,0.22142857142857156,-12.885714285714288,-1.1142857142857145,3.8214285714285716,242.14285714285714,9.171428571428573,190.71428571428572,5.285714285714286,12.135714285714286,240.71428571428572,-6.664285714285714
2015-03-12,0.22142857142857156,-11.942857142857145,-0.2500000000000001,3.8285714285714287,252.14285714285714,9.364285714285714,185.71428571428572,5.285714285714286,12.2,251.42857142857142,-5.642857142857143
2015-03-13,0.22142857142857156,-11.342857142857143,0.6571428571428569,4.15,249.28571428571428,10.064285714285715,178.57142857142858,5.285714285714286,13.028571428571428,249.28571428571428,-4.792857142857144
2015-03-14,0.22142857142857156,-10.55,1.1285714285714283,4.171428571428572,240.71428571428572,10.221428571428572,169.28571428571428,5.285714285714286,13.285714285714286,242.85714285714286,-4.178571428571429
2015-03-15,0.4214285714285716,-9.042857142857143,1.8357142857142856,4.2214285714285715,238.57142857142858,10.314285714285715,160.0,5.285714285714286,13.507142857142856,240.71428571428572,-3.064285714285714
2015-03-16,0.7285714285714286,-8.12857142857143,2.221428571428571,4.271428571428571,249.28571428571428,10.37857142857143,150.71428571428572,7.5,13.542857142857143,252.85714285714286,-2.3
2015-03-17,0.6714285714285715,-8.171428571428573,2.607142857142857,4.071428571428572,240.71428571428572,9.742857142857144,140.0,4.928571428571429,12.75,243.57142857142858,-2.2142857142857144
2015-03-18,0.7071428571428573,-7.3,3.1142857142857143,4.192857142857143,250.71428571428572,9.964285714285714,127.85714285714286,3.857142857142857,12.942857142857145,253.57142857142858,-1.4142857142857144
2015-03-19,0.7071428571428573,-7.771428571428572,2.492857142857143,4.392857142857143,260.0,9.964285714285714,113.57142857142857,3.857142857142857,12.942857142857141,263.57142857142856,-1.8357142857142854
2015-03-20,0.7071428571428573,-7.257142857142858,2.4499999999999997,4.285714285714286,262.14285714285717,10.0,101.42857142857143,3.857142857142857,13.171428571428569,264.2857142857143,-1.8785714285714283
2015-03-21,0.7071428571428573,-6.307142857142858,2.957142857142857,4.392857142857143,262.85714285714283,10.285714285714286,87.14285714285714,3.857142857142857,13.521428571428572,264.2857142857143,-1.1714285714285713
2015-03-22,0.7285714285714286,-6.071428571428571,3.3857142857142857,4.55,272.14285714285717,10.635714285714286,74.28571428571429,3.857142857142857,13.971428571428572,272.14285714285717,-0.7285714285714286
2015-03-23,0.692857142857143,-6.542857142857144,2.914285714285714,4.757142857142858,276.42857142857144,10.892857142857142,61.42857142857143,3.5,14.257142857142858,275.0,-1.092857142857143
2015-03-24,0.6571428571428573,-7.292857142857144,2.164285714285714,4.821428571428571,277.14285714285717,11.057142857142859,48.57142857142857,2.7857142857142856,14.385714285714284,277.85714285714283,-1.8071428571428572
2015-03-25,0.6571428571428573,-8.164285714285715,1.6928571428571426,4.514285714285714,287.14285714285717,10.642857142857142,35.714285714285715,2.7857142857142856,13.87857142857143,285.7142857142857,-2.5285714285714285
2015-03-26,0.6571428571428573,-8.871428571428572,1.65,4.2785714285714285,277.14285714285717,10.549999999999999,26.428571428571427,2.7857142857142856,14.035714285714286,276.42857142857144,-3.0500000000000003
2015-03-27,1.3499999999999999,-8.207142857142857,2.0428571428571427,4.071428571428571,267.85714285714283,10.071428571428571,20.714285714285715,2.7857142857142856,13.685714285714285,266.42857142857144,-2.664285714285714
2015-03-28,1.4214285714285713,-7.571428571428571,2.1999999999999997,4.185714285714286,278.57142857142856,10.171428571428573,17.142857142857142,2.7857142857142856,13.87857142857143,275.0,-2.1714285714285717
2015-03-29,1.2214285714285715,-8.12857142857143,1.6857142857142855,4.357142857142857,289.2857142857143,10.364285714285714,13.571428571428571,2.7857142857142856,14.035714285714286,286.42857142857144,-2.5571428571428574
2015-03-30,0.9142857142857144,-8.450000000000001,1.807142857142857,4.207142857142857,278.57142857142856,10.114285714285714,10.0,0.21428571428571427,13.742857142857144,274.2857142857143,-2.8285714285714287
2015-03-31,0.9142857142857144,-7.621428571428572,1.8928571428571428,4.535714285714286,277.14285714285717,10.685714285714285,6.428571428571429,0.21428571428571427,14.471428571428572,272.85714285714283,-2.4285714285714284
2015-04-01,0.7857142857142857,-7.535714285714286,1.9357142857142857,4.321428571428571,256.42857142857144,10.014285714285714,4.285714285714286,0.0,13.635714285714286,274.2857142857143,-2.457142857142857
2015-04-02,0.7857142857142857,-7.342857142857143,2.5214285714285714,3.985714285714286,256.42857142857144,9.664285714285715,2.142857142857143,0.0,13.221428571428572,273.57142857142856,-2.15
2015-04-03,0.7857142857142857,-6.907142857142858,3.7857142857142856,4.142857142857143,245.0,9.821428571428571,0.0,0.0,13.37857142857143,263.57142857142856,-1.4785714285714289
2015-04-04,0.7857142857142857,-5.607142857142857,5.057142857142858,4.021428571428571,245.71428571428572,9.692857142857141,0.0,0.0,13.221428571428572,264.2857142857143,-0.1642857142857142
2015-04-05,1.542857142857143,-5.364285714285715,5.4142857142857155,3.978571428571429,246.42857142857142,9.657142857142857,2.142857142857143,1.2857142857142858,13.185714285714285,266.42857142857144,0.06428571428571421
2015-04-06,1.542857142857143,-4.692857142857143,6.1642857142857155,3.7785714285714285,244.28571428571428,9.492857142857144,2.142857142857143,1.5,13.057142857142855,265.0,0.6357142857142858
2015-04-07,1.6714285714285715,-3.9428571428571435,6.792857142857143,3.6071428571428577,235.0,9.207142857142857,2.142857142857143,1.5,12.735714285714286,257.14285714285717,1.307142857142857
2015-04-08,1.6714285714285715,-3.2285714285714286,7.107142857142857,3.785714285714286,234.28571428571428,9.4,2.142857142857143,1.5,12.857142857142858,259.2857142857143,1.9214285714285713
2015-04-09,2.107142857142857,-3.0285714285714294,6.992857142857142,3.7857142857142856,237.14285714285714,9.178571428571429,2.142857142857143,5.285714285714286,12.37857142857143,260.7142857142857,2.0285714285714285
2015-04-10,1.5571428571428572,-3.1428571428571432,6.992857142857143,3.785714285714286,236.42857142857142,9.085714285714285,5.714285714285714,5.642857142857143,12.157142857142857,260.7142857142857,1.8285714285714285
2015-04-11,1.6642857142857144,-2.7928571428571436,7.707142857142857,4.128571428571429,223.57142857142858,9.5,5.714285714285714,5.642857142857143,12.7,247.85714285714286,2.1357142857142857
2015-04-12,1.6642857142857144,-2.2000000000000006,8.578571428571427,4.121428571428572,223.57142857142858,9.464285714285714,5.714285714285714,5.642857142857143,12.928571428571429,245.0,2.928571428571428
2015-04-13,1.6642857142857144,-1.6000000000000003,9.607142857142858,4.078571428571428,224.28571428571428,9.364285714285714,5.714285714285714,5.642857142857143,12.707142857142857,244.28571428571428,3.75
2015-04-14,1.6642857142857144,-1.5571428571428576,10.914285714285715,4.028571428571429,225.0,9.4,5.714285714285714,5.642857142857143,12.77142857142857,245.0,4.442857142857142
2015-04-15,1.9357142857142857,-1.014285714285715,11.864285714285714,4.064285714285714,244.28571428571428,9.914285714285715,5.714285714285714,5.642857142857143,13.349999999999998,240.0,5.392857142857143
2015-04-16,1.9357142857142857,-0.5785714285714292,12.578571428571427,4.092857142857143,222.14285714285714,10.035714285714286,5.714285714285714,5.642857142857143,13.542857142857143,240.71428571428572,6.114285714285714
2015-04-17,1.9357142857142857,-0.3357142857142863,12.814285714285715,3.971428571428572,221.42857142857142,9.814285714285715,5.714285714285714,5.642857142857143,13.285714285714286,240.0,6.514285714285713
2015-04-18,2.2071428571428573,-0.37142857142857216,12.814285714285715,3.985714285714286,221.42857142857142,9.814285714285715,5.714285714285714,5.642857142857143,13.285714285714286,239.28571428571428,6.5
2015-04-19,1.4857142857142858,0.135714285714285,13.407142857142858,3.8714285714285714,221.42857142857142,9.75,3.5714285714285716,4.357142857142857,13.164285714285715,240.71428571428572,6.985714285714286
2015-04-20,1.485714285714286,0.5642857142857136,13.964285714285714,3.8714285714285714,223.57142857142858,9.657142857142857,3.5714285714285716,4.142857142857143,12.971428571428572,243.57142857142858,7.485714285714285
2015-04-21,1.7714285714285716,1.1142857142857137,14.521428571428572,4.235714285714286,220.71428571428572,10.164285714285715,3.5714285714285716,4.142857142857143,13.799999999999999,238.57142857142858,8.057142857142855
2015-04-22,2.935714285714286,1.6642857142857135,14.957142857142856,4.121428571428572,214.28571428571428,10.285714285714286,3.5714285714285716,4.142857142857143,13.992857142857142,231.42857142857142,8.614285714285714
2015-04-23,3.2285714285714286,2.249999999999999,15.314285714285715,4.214285714285714,212.14285714285714,10.285714285714286,3.5714285714285716,0.35714285714285715,13.992857142857144,230.0,9.092857142857143
2015-04-24,3.085714285714286,2.485714285714285,15.435714285714285,4.207142857142857,220.71428571428572,10.285714285714286,0.0,0.0,13.992857142857144,240.0,9.349999999999998
2015-04-25,2.9071428571428575,2.442857142857142,14.842857142857142,4.057142857142857,231.42857142857142,9.992857142857144,0.0,0.0,13.642857142857142,249.28571428571428,9.164285714285715
2015-04-26,2.9071428571428575,2.599999999999999,14.842857142857143,3.9142857142857146,232.14285714285714,9.807142857142859,0.0,0.0,13.157142857142857,251.42857142857142,8.928571428571427
2015-04-27,2.9071428571428575,3.1857142857142855,14.328571428571427,3.957142857142857,242.14285714285714,9.807142857142855,0.0,0.0,13.285714285714286,263.57142857142856,8.942857142857143
2015-04-28,3.1214285714285714,3.464285714285713,13.335714285714285,3.8928571428571432,229.28571428571428,9.514285714285714,0.0,0.0,12.907142857142858,251.42857142857142,8.592857142857143
2015-04-29,2.8500000000000005,3.585714285714285,13.178571428571429,3.935714285714286,230.71428571428572,9.221428571428572,0.0,0.0,12.621428571428572,254.28571428571428,8.2
2015-04-30,2.8500000000000005,3.7428571428571424,13.37857142857143,3.9142857142857146,252.85714285714286,9.157142857142858,0.0,0.0,12.428571428571429,254.28571428571428,8.285714285714286
2015-05-01,2.8500000000000005,4.128571428571428,13.299999999999999,3.821428571428572,262.85714285714283,8.964285714285714,0.0,0.0,12.107142857142858,263.57142857142856,8.464285714285714
2015-05-02,2.5785714285714283,4.164285714285714,13.214285714285714,3.8071428571428574,272.14285714285717,8.964285714285714,0.0,0.0,11.97857142857143,273.57142857142856,8.478571428571428
2015-05-03,2.5214285714285714,4.121428571428571,13.65,3.6357142857142857,272.14285714285717,8.585714285714285,0.0,0.0,11.5,272.85714285714283,8.757142857142856
2015-05-04,2.5214285714285714,4.3999999999999995,14.564285714285715,3.528571428571429,261.42857142857144,8.557142857142859,0.0,0.0,11.435714285714287,262.85714285714283,9.392857142857142
2015-05-05,2.107142857142857,4.678571428571429,15.87142857142857,3.321428571428572,263.57142857142856,8.235714285714286,0.0,0.0,10.864285714285716,266.42857142857144,10.242857142857142
2015-05-06,0.9428571428571428,4.957142857142856,16.47142857142857,3.392857142857143,270.7142857142857,8.171428571428573,0.0,0.0,10.735714285714286,274.2857142857143,10.799999999999999
2015-05-07,0.21428571428571427,5.121428571428571,17.385714285714286,3.278571428571429,280.0,7.9142857142857155,0.0,0.0,10.414285714285713,282.85714285714283,11.357142857142858
2015-05-08,0.21428571428571427,5.478571428571429,18.849999999999998,3.1142857142857148,274.2857142857143,7.721428571428571,0.0,0.0,10.157142857142858,278.57142857142856,12.307142857142859
2015-05-09,0.21428571428571427,6.078571428571428,20.792857142857144,2.892857142857143,260.7142857142857,7.5,0.0,0.0,9.771428571428572,266.42857142857144,13.592857142857142
2015-05-10,0.21428571428571427,7.185714285714285,22.178571428571427,3.142857142857143,250.71428571428572,7.814285714285715,0.0,0.0,10.257142857142856,257.14285714285717,14.95
2015-05-11,0.7571428571428571,7.7,23.37142857142857,3.2857142857142856,240.71428571428572,8.071428571428571,0.0,0.0,10.578571428571427,245.71428571428572,15.992857142857144
2015-05-12,1.7214285714285715,8.092857142857142,23.771428571428572,3.135714285714286,262.14285714285717,7.914285714285714,0.0,0.0,10.321428571428571,265.7142857142857,16.4
2015-05-13,2.1357142857142857,8.65,24.485714285714284,3.242857142857143,259.2857142857143,8.014285714285714,0.0,0.0,10.635714285714286,262.14285714285717,17.035714285714285
2015-05-14,2.1714285714285717,8.885714285714284,24.442857142857143,3.35,259.2857142857143,8.114285714285716,0.0,0.0,10.828571428571427,262.14285714285717,17.25
2015-05-15,2.1714285714285717,8.807142857142855,24.485714285714284,3.3142857142857145,237.14285714285714,8.085714285714285,0.0,0.0,10.892857142857142,262.14285714285717,17.285714285714285
2015-05-16,2.1714285714285717,8.45,24.685714285714287,3.285714285714286,228.57142857142858,7.8999999999999995,0.0,0.0,10.792857142857143,253.57142857142858,17.20714285714286
2015-05-17,2.35,9.164285714285713,24.685714285714287,3.4285714285714284,220.71428571428572,7.992857142857143,0.0,0.0,11.014285714285714,244.28571428571428,17.514285714285716
2015-05-18,2.35,9.642857142857142,24.72142857142857,3.4214285714285713,232.14285714285714,7.928571428571429,0.0,0.0,11.049999999999999,232.14285714285714,17.77142857142857
2015-05-19,2.35,9.799999999999999,24.678571428571427,3.45,232.14285714285714,7.964285714285714,0.0,0.0,11.114285714285714,231.42857142857142,17.807142857142857
2015-05-20,2.3714285714285714,10.192857142857141,24.992857142857144,3.6642857142857146,229.28571428571428,8.092857142857143,0.0,0.0,11.471428571428572,229.28571428571428,18.014285714285712
2015-05-21,2.3714285714285714,10.228571428571428,24.27857142857143,3.9642857142857144,230.71428571428572,8.571428571428571,0.0,0.0,12.014285714285716,230.71428571428572,17.835714285714285
2015-05-22,2.3714285714285714,10.028571428571427,23.650000000000002,4.107142857142857,229.28571428571428,8.821428571428571,0.0,0.0,12.27142857142857,225.71428571428572,17.4
2015-05-23,2.3714285714285714,9.671428571428569,22.578571428571426,4.342857142857143,242.14285714285714,9.171428571428573,0.0,0.0,12.75,240.71428571428572,16.857142857142858
2015-05-24,2.392857142857143,8.721428571428572,21.707142857142856,4.164285714285715,251.42857142857142,8.885714285714284,0.0,0.0,12.364285714285716,250.71428571428572,15.857142857142858
2015-05-25,1.8499999999999999,8.642857142857142,21.62857142857143,4.128571428571429,255.0,8.692857142857143,0.0,0.0,12.071428571428571,255.71428571428572,15.485714285714286
2015-05-26,0.7999999999999999,9.12142857142857,22.178571428571427,4.185714285714286,245.71428571428572,8.792857142857143,0.0,0.0,12.200000000000001,247.85714285714286,15.985714285714284
2015-05-27,0.38571428571428573,9.514285714285714,22.57857142857143,4.021428571428571,237.85714285714286,8.535714285714286,0.0,0.0,11.657142857142857,240.71428571428572,16.364285714285714
2015-05-28,0.40714285714285714,10.664285714285715,23.650000000000002,4.1,228.57142857142858,8.564285714285713,0.0,0.0,11.692857142857145,229.28571428571428,17.257142857142856
2015-05-29,0.7142857142857143,11.657142857142858,24.20714285714286,4.250000000000001,247.85714285714286,8.657142857142857,0.0,0.0,11.792857142857143,220.71428571428572,17.985714285714284
2015-05-30,0.7142857142857143,12.335714285714285,24.564285714285713,4.2214285714285715,245.71428571428572,8.592857142857143,0.0,0.0,11.671428571428573,219.28571428571428,18.464285714285715
2015-05-31,2.042857142857143,12.692857142857141,25.042857142857144,4.414285714285715,242.85714285714286,8.878571428571428,0.0,0.0,12.114285714285716,217.85714285714286,18.835714285714285
2015-06-01,2.9499999999999997,12.335714285714285,24.685714285714283,4.628571428571428,242.85714285714286,9.228571428571428,0.0,0.0,12.528571428571428,241.42857142857142,18.364285714285717
2015-06-02,4.0928571428571425,12.214285714285714,23.535714285714285,4.442857142857143,239.28571428571428,8.942857142857141,0.0,0.0,12.114285714285714,237.14285714285714,17.678571428571427
2015-06-03,4.107142857142857,11.7,22.785714285714285,4.1000000000000005,242.14285714285714,8.721428571428572,0.0,0.0,11.664285714285715,239.28571428571428,17.0
2015-06-04,4.107142857142857,11.62142857142857,22.97857142857143,3.8285714285714287,237.85714285714286,8.242857142857144,0.0,0.0,11.185714285714285,239.28571428571428,16.821428571428573
2015-06-05,4.107142857142857,11.742857142857144,23.292857142857144,3.8071428571428574,238.57142857142858,8.121428571428572,0.0,0.0,11.057142857142859,240.0,17.007142857142856
2015-06-06,5.121428571428572,12.571428571428571,23.807142857142857,3.714285714285715,229.28571428571428,7.935714285714285,0.0,0.0,10.9,228.57142857142858,17.37857142857143
2015-06-07,5.121428571428572,12.85,23.88571428571429,3.7857142857142856,230.0,8.157142857142857,0.0,0.0,11.092857142857143,228.57142857142858,17.82857142857143
2015-06-08,5.121428571428572,12.37857142857143,23.564285714285713,3.7428571428571433,225.71428571428572,8.442857142857141,0.0,0.0,11.507142857142856,223.57142857142858,17.585714285714285
2015-06-09,6.028571428571428,12.135714285714286,23.407142857142855,4.007142857142857,225.71428571428572,8.821428571428571,0.0,0.0,12.078571428571431,222.85714285714286,17.428571428571427
2015-06-10,8.785714285714286,11.942857142857145,22.928571428571427,3.9142857142857146,236.42857142857142,8.821428571428571,0.0,0.0,12.078571428571427,233.57142857142858,17.114285714285714
2015-06-11,8.72857142857143,11.464285714285714,22.61428571428571,3.8142857142857145,236.42857142857142,8.757142857142856,0.0,0.0,11.978571428571428,235.0,16.714285714285715
2015-06-12,8.421428571428573,11.507142857142856,22.614285714285717,3.8571428571428577,230.0,8.85,0.0,0.0,12.007142857142856,234.28571428571428,16.814285714285713
2015-06-13,11.035714285714286,11.742857142857142,22.414285714285715,3.857142857142857,241.42857142857142,9.007142857142856,0.0,0.0,12.128571428571428,244.28571428571428,16.79285714285714
2015-06-14,9.528571428571428,11.471428571428572,22.135714285714283,3.6142857142857143,252.85714285714286,8.692857142857143,0.0,0.0,11.52142857142857,254.28571428571428,16.521428571428572
2015-06-15,8.621428571428572,11.828571428571427,22.45714285714286,3.3642857142857143,247.85714285714286,8.214285714285714,0.0,0.0,10.914285714285713,250.0,16.992857142857144
2015-06-16,8.185714285714287,12.307142857142859,23.057142857142857,3.4357142857142864,248.57142857142858,8.278571428571428,0.0,0.0,11.007142857142856,252.14285714285714,17.557142857142857
2015-06-17,8.821428571428573,13.021428571428572,23.728571428571428,3.5785714285714287,238.57142857142858,8.278571428571428,0.0,0.0,11.2,240.71428571428572,18.121428571428574
2015-06-18,8.821428571428573,13.5,24.085714285714285,3.6,244.28571428571428,8.628571428571428,0.0,0.0,11.549999999999999,242.14285714285714,18.678571428571427
2015-06-19,9.55,13.971428571428572,24.164285714285715,3.8000000000000003,243.57142857142858,9.007142857142856,0.0,0.0,12.0,242.85714285714286,18.964285714285715
2015-06-20,8.62857142857143,13.457142857142857,23.97142857142857,3.771428571428572,252.85714285714286,8.971428571428572,0.0,0.0,11.87142857142857,253.57142857142858,18.942857142857147
2015-06-21,8.714285714285715,13.492857142857142,24.52857142857143,3.692857142857143,242.85714285714286,8.907142857142857,0.0,0.0,11.807142857142859,242.85714285714286,19.035714285714285
2015-06-22,10.635714285714286,14.4,24.85,3.5571428571428574,242.14285714285714,8.492857142857144,0.0,0.0,11.142857142857142,241.42857142857142,19.535714285714285
2015-06-23,9.6,14.599999999999998,25.285714285714285,3.1714285714285717,254.28571428571428,7.921428571428571,0.0,0.0,10.349999999999998,252.14285714285714,19.821428571428573
2015-06-24,7.857142857142857,14.792857142857143,25.599999999999998,3.3928571428571432,244.28571428571428,8.142857142857142,0.0,0.0,10.771428571428572,247.14285714285714,20.014285714285712
2015-06-25,7.964285714285714,14.878571428571428,25.521428571428572,3.292857142857143,254.28571428571428,8.371428571428572,0.0,0.0,11.057142857142859,257.85714285714283,20.12142857142857
2015-06-26,7.964285714285714,14.678571428571429,25.321428571428573,3.1142857142857143,241.42857142857142,8.185714285714285,0.0,0.0,10.864285714285716,270.7142857142857,19.821428571428573
2015-06-27,5.3500000000000005,14.478571428571428,25.407142857142855,3.128571428571429,242.14285714285714,8.185714285714287,0.0,0.0,10.964285714285714,272.14285714285717,19.842857142857138
2015-06-28,5.3500000000000005,14.12142857142857,25.207142857142856,3.0500000000000003,228.57142857142858,8.121428571428572,0.0,0.0,10.935714285714285,260.0,19.685714285714287
2015-06-29,7.021428571428572,14.078571428571431,24.685714285714283,3.128571428571429,218.57142857142858,8.378571428571428,0.0,0.0,11.221428571428573,249.28571428571428,19.400000000000002
2015-06-30,6.3500000000000005,13.842857142857142,24.642857142857142,3.0142857142857147,222.85714285714286,8.25,0.0,0.0,11.0,252.85714285714286,19.2
2015-07-01,5.735714285714286,13.485714285714286,24.72142857142857,2.9285714285714293,222.85714285714286,8.185714285714287,0.0,0.0,10.835714285714287,254.28571428571428,19.092857142857145
2015-07-02,9.435714285714285,13.87857142857143,24.8,2.985714285714286,217.85714285714286,8.028571428571428,0.0,0.0,10.678571428571429,249.28571428571428,19.121428571428574
2015-07-03,8.707142857142857,13.764285714285714,24.678571428571427,2.8214285714285716,222.85714285714286,7.614285714285714,0.0,0.0,10.292857142857143,255.0,19.142857142857142
2015-07-04,8.614285714285714,13.721428571428572,25.035714285714285,2.6285714285714286,211.42857142857142,7.392857142857143,0.0,0.0,10.007142857142858,245.0,19.107142857142858
2015-07-05,9.27142857142857,14.078571428571427,24.792857142857144,2.564285714285714,211.42857142857142,7.235714285714286,0.0,0.0,9.907142857142857,246.42857142857142,19.192857142857143
2015-07-06,7.35,13.842857142857143,24.792857142857144,2.5714285714285716,215.0,7.207142857142856,0.0,0.0,9.87142857142857,248.57142857142858,19.171428571428574
2015-07-07,7.35,13.685714285714285,24.914285714285715,2.5785714285714287,203.57142857142858,7.235714285714287,0.0,0.0,9.900000000000002,237.85714285714286,19.17142857142857
2015-07-08,6.3357142857142845,13.728571428571428,24.91428571428571,2.6000000000000005,203.57142857142858,7.207142857142857,0.0,0.0,9.77142857142857,232.14285714285714,19.342857142857145
2015-07-09,6.442857142857142,13.64285714285714,24.82857142857143,2.692857142857143,204.28571428571428,7.107142857142857,0.0,0.0,9.714285714285714,232.14285714285714,19.400000000000002
2015-07-10,6.442857142857142,13.6,24.785714285714285,2.714285714285715,216.42857142857142,7.107142857142857,0.0,0.0,9.685714285714285,220.71428571428572,19.38571428571429
2015-07-11,6.442857142857142,13.799999999999999,24.978571428571428,2.7214285714285715,214.28571428571428,7.078571428571428,0.0,0.0,9.621428571428572,221.42857142857142,19.571428571428573
2015-07-12,6.442857142857142,14.114285714285714,25.457142857142856,2.7428571428571433,215.71428571428572,7.014285714285714,0.0,0.0,9.492857142857144,223.57142857142858,19.907142857142855
2015-07-13,4.7714285714285705,14.514285714285714,26.414285714285715,2.6714285714285713,220.0,6.821428571428571,0.0,0.0,9.242857142857144,227.14285714285714,20.564285714285713
2015-07-14,4.735714285714285,14.985714285714286,27.12857142857143,2.735714285714286,216.42857142857142,6.95,0.0,0.0,9.492857142857144,226.42857142857142,21.242857142857144
2015-07-15,5.007142857142857,15.664285714285713,27.407142857142855,2.8785714285714286,216.42857142857142,7.107142857142857,0.0,0.0,9.62142857142857,226.42857142857142,21.75
2015-07-16,1.4499999999999997,15.428571428571429,27.214285714285715,3.0142857142857147,219.28571428571428,7.328571428571428,0.0,0.0,9.814285714285715,229.28571428571428,21.785714285714285
2015-07-17,1.4499999999999997,15.307142857142855,27.13571428571429,2.9357142857142864,224.28571428571428,7.364285714285715,0.0,0.0,9.714285714285714,234.28571428571428,21.62142857142857
2015-07-18,1.4714285714285713,15.392857142857142,27.17142857142857,3.0428571428571436,225.71428571428572,7.585714285714286,0.0,0.0,10.0,234.28571428571428,21.65
2015-07-19,1.4000000000000001,15.792857142857143,27.607142857142858,3.1571428571428575,225.71428571428572,7.714285714285714,0.0,0.0,10.164285714285715,232.85714285714286,21.97142857142857
2015-07-20,1.5999999999999999,16.192857142857143,27.885714285714283,3.2285714285714286,222.85714285714286,7.842857142857143,0.0,0.0,10.357142857142858,232.85714285714286,22.25714285714286
2015-07-21,1.5999999999999999,16.47142857142857,28.042857142857144,3.2928571428571436,222.14285714285714,7.942857142857143,0.0,0.0,10.45,232.85714285714286,22.52857142857143
2015-07-22,2.6857142857142855,16.349999999999998,27.964285714285715,3.1000000000000005,229.28571428571428,8.035714285714286,0.0,0.0,10.635714285714286,240.0,22.378571428571426
2015-07-23,2.8357142857142854,16.392857142857142,28.007142857142856,2.95,227.85714285714286,7.721428571428572,0.0,0.0,10.12142857142857,238.57142857142858,22.235714285714288
2015-07-24,2.8357142857142854,16.67142857142857,28.128571428571426,2.9571428571428577,237.14285714285714,7.750000000000001,0.0,0.0,10.15,248.57142857142858,22.407142857142855
2015-07-25,3.107142857142857,16.592857142857145,27.85,2.8928571428571432,240.0,7.65,0.0,0.0,9.992857142857142,249.28571428571428,22.178571428571427
2015-07-26,3.107142857142857,16.514285714285712,27.650000000000002,2.8714285714285714,240.71428571428572,7.6499999999999995,0.0,0.0,9.992857142857144,249.28571428571428,22.035714285714285
2015-07-27,3.1285714285714286,16.592857142857145,27.45,3.0,240.0,7.778571428571428,0.0,0.0,10.178571428571429,249.28571428571428,21.87857142857143
2015-07-28,3.1285714285714286,16.514285714285712,27.414285714285715,2.942857142857143,254.28571428571428,7.778571428571429,0.0,0.0,10.114285714285714,260.7142857142857,21.771428571428572
2015-07-29,3.1285714285714286,16.35,27.571428571428573,2.757142857142857,252.85714285714286,7.528571428571429,0.0,0.0,9.764285714285716,259.2857142857143,21.75
2015-07-30,3.1857142857142855,16.742857142857144,28.442857142857143,2.528571428571429,250.71428571428572,7.307142857142858,0.0,0.0,9.571428571428571,255.71428571428572,22.185714285714283
2015-07-31,3.3285714285714283,17.5,28.764285714285712,2.6000000000000005,240.0,7.371428571428572,0.0,0.0,9.735714285714286,244.28571428571428,22.70714285714286
2015-08-01,3.307142857142857,18.05,28.921428571428574,2.592857142857143,247.85714285714286,7.342857142857143,0.0,0.0,9.735714285714286,247.85714285714286,23.07857142857143
2015-08-02,2.6499999999999995,18.007142857142856,28.807142857142857,2.5142857142857147,256.42857142857144,7.121428571428572,0.0,0.0,9.507142857142858,257.14285714285717,23.092857142857145
2015-08-03,2.4499999999999997,17.564285714285713,28.564285714285713,2.585714285714286,255.71428571428572,7.121428571428572,0.0,0.0,9.6,255.71428571428572,22.87857142857143
2015-08-04,2.4499999999999997,17.564285714285713,28.52857142857143,2.7142857142857144,256.42857142857144,7.242857142857142,0.0,0.0,9.957142857142857,256.42857142857144,22.85
2015-08-05,1.3857142857142857,17.564285714285713,28.414285714285715,2.7071428571428577,259.2857142857143,6.957142857142857,0.0,0.0,9.514285714285714,259.2857142857143,22.85
2015-08-06,1.0928571428571427,17.685714285714283,28.492857142857144,2.7428571428571433,257.14285714285717,7.078571428571428,0.0,0.0,9.707142857142857,257.85714285714283,22.907142857142855
2015-08-07,1.0928571428571427,17.728571428571428,28.535714285714285,2.85,257.85714285714283,7.142857142857143,0.0,0.0,9.871428571428572,257.14285714285717,22.88571428571429
2015-08-08,0.8214285714285714,17.65,28.535714285714285,2.878571428571429,255.71428571428572,7.142857142857143,0.0,0.0,9.900000000000002,257.14285714285717,22.949999999999996
2015-08-09,0.8214285714285714,17.49285714285714,28.221428571428568,2.8785714285714286,265.7142857142857,7.171428571428572,0.0,0.0,9.935714285714285,267.14285714285717,22.742857142857144
2015-08-10,0.7999999999999999,17.057142857142857,28.142857142857142,2.7642857142857147,275.7142857142857,6.942857142857143,0.0,0.0,9.685714285714287,275.7142857142857,22.528571428571432
2015-08-11,0.7999999999999999,16.821428571428573,28.057142857142853,2.9,262.85714285714283,7.1000000000000005,0.0,0.0,9.914285714285713,263.57142857142856,22.41428571428571
2015-08-12,2.2285714285714286,16.70714285714286,27.5,3.021428571428572,263.57142857142856,7.514285714285713,0.0,0.0,10.614285714285716,265.0,22.164285714285715
2015-08-13,2.357142857142857,16.55,26.942857142857143,3.092857142857143,264.2857142857143,7.700000000000001,0.0,0.0,10.771428571428572,268.57142857142856,21.857142857142858
2015-08-14,2.2142857142857144,16.271428571428572,26.785714285714285,2.985714285714286,271.42857142857144,7.507142857142857,0.0,0.0,10.450000000000001,276.42857142857144,21.54285714285714
2015-08-15,2.4285714285714284,15.914285714285713,26.785714285714285,3.0285714285714285,264.2857142857143,7.628571428571428,0.0,0.0,10.542857142857143,272.85714285714283,21.349999999999998
2015-08-16,2.4285714285714284,16.035714285714285,26.9,2.942857142857143,256.42857142857144,7.564285714285715,0.0,0.0,10.257142857142858,264.2857142857143,21.385714285714283
2015-08-17,2.4285714285714284,16.357142857142858,27.021428571428572,2.792857142857143,257.85714285714283,7.371428571428571,0.0,0.0,9.907142857142857,264.2857142857143,21.471428571428568
2015-08-18,2.4285714285714284,16.357142857142858,27.135714285714283,2.628571428571429,258.57142857142856,7.057142857142858,0.0,0.0,9.6,270.0,21.464285714285715
2015-08-19,2.4071428571428575,16.514285714285712,27.571428571428573,2.5428571428571436,250.0,6.8357142857142845,0.0,0.0,9.292307692307691,260.7692307692308,21.721428571428568
2015-08-20,2.335714285714286,16.87142857142857,28.00714285714286,2.6571428571428575,242.85714285714286,6.835714285714286,0.0,0.0,9.361538461538462,253.07692307692307,22.15
2015-08-21,2.335714285714286,17.307142857142857,28.521428571428572,2.842857142857143,232.85714285714286,7.028571428571428,0.0,0.0,9.63846153846154,243.07692307692307,22.657142857142855
2015-08-22,3.4214285714285717,17.62142857142857,28.721428571428568,2.8857142857142857,222.14285714285714,7.0928571428571425,0.0,0.0,9.776923076923078,228.46153846153845,22.907142857142862
2015-08-23,3.4214285714285717,17.978571428571428,28.95714285714286,2.857142857142857,222.85714285714286,7.064285714285715,0.0,0.0,9.707692307692309,230.0,23.207142857142856
2015-08-24,3.4214285714285717,18.1,29.035714285714285,2.821428571428572,224.28571428571428,7.1000000000000005,0.0,0.0,9.707692307692309,233.07692307692307,23.3
2015-08-25,3.4214285714285717,18.37857142857143,29.07857142857143,2.8071428571428574,234.28571428571428,7.064285714285715,0.0,0.0,9.707692307692309,234.6153846153846,23.435714285714287
2015-08-26,1.6999999999999997,18.414285714285715,29.24285714285714,2.7214285714285715,245.71428571428572,6.842857142857143,0.0,0.0,9.261538461538462,246.15384615384616,23.507142857142856
2015-08-27,1.3714285714285712,18.37857142857143,29.20714285714286,2.65,247.14285714285714,6.528571428571429,0.0,0.0,8.784615384615385,246.15384615384616,23.478571428571428
2015-08-28,1.3714285714285712,18.257142857142856,29.085714285714285,2.6571428571428575,249.28571428571428,6.557142857142858,0.0,0.0,8.892307692307693,246.92307692307693,23.45
2015-08-29,1.1571428571428568,18.257142857142856,28.928571428571427,2.4785714285714286,260.7142857142857,6.242857142857143,0.0,0.0,8.484615384615385,258.46153846153845,23.364285714285717
2015-08-30,1.1214285714285714,17.77857142857143,28.692857142857143,2.4,260.0,6.242857142857142,0.0,0.0,8.592307692307692,263.0769230769231,23.035714285714285
2015-08-31,1.1214285714285714,17.657142857142855,28.571428571428573,2.342857142857143,259.2857142857143,6.207142857142857,0.0,0.0,8.592307692307692,264.61538461538464,22.97142857142857
2015-09-01,1.1214285714285714,17.457142857142856,28.37142857142857,2.3500000000000005,268.57142857142856,6.464285714285715,0.0,0.0,8.742857142857142,269.2857142857143,22.78571428571429
2015-09-02,1.1214285714285714,17.185714285714287,28.12857142857143,2.3285714285714287,267.85714285714283,6.428571428571429,0.0,0.0,8.678571428571429,269.2857142857143,22.485714285714288
2015-09-03,1.1214285714285714,16.70714285714286,28.050000000000004,2.15,267.85714285714283,6.178571428571429,0.0,0.0,8.292857142857143,267.85714285714283,22.192857142857147
2015-09-04,1.1214285714285714,16.02857142857143,27.771428571428572,1.8428571428571432,279.2857142857143,5.985714285714287,0.0,0.0,7.935714285714286,277.14285714285717,21.907142857142855
2015-09-05,0.03571428571428571,15.514285714285716,27.771428571428572,1.742857142857143,290.7142857142857,5.828571428571429,0.0,0.0,7.714285714285714,290.7142857142857,21.599999999999998
2015-09-06,0.03571428571428571,15.314285714285713,28.05,1.7285714285714289,281.42857142857144,5.921428571428572,0.0,0.0,7.842857142857143,280.0,21.564285714285717
2015-09-07,0.03571428571428571,15.314285714285715,28.285714285714285,1.8714285714285717,270.7142857142857,6.078571428571428,0.0,0.0,8.028571428571428,269.2857142857143,21.664285714285715
2015-09-08,0.03571428571428571,15.549999999999999,28.599999999999998,1.9285714285714288,262.14285714285717,5.985714285714286,0.0,0.0,7.864285714285714,268.57142857142856,21.87142857142857
2015-09-09,0.6142857142857142,15.828571428571427,28.914285714285715,1.9000000000000001,263.57142857142856,5.821428571428571,0.0,0.0,7.642857142857143,245.0,22.121428571428574
2015-09-10,0.7428571428571429,16.02142857142857,29.464285714285715,2.0500000000000003,262.85714285714283,6.2,0.0,0.0,8.121428571428572,245.0,22.442857142857147
2015-09-11,0.7428571428571429,16.257142857142856,29.464285714285715,2.0000000000000004,265.0,6.171428571428571,0.0,0.0,7.992857142857143,246.42857142857142,22.521428571428572
2015-09-12,0.7428571428571429,16.335714285714285,29.464285714285715,2.0785714285714287,263.57142857142856,6.3,0.0,0.0,8.15,244.28571428571428,22.585714285714285
2015-09-13,0.8142857142857143,16.335714285714285,29.38571428571429,2.1142857142857148,274.2857142857143,6.328571428571429,0.0,0.0,8.114285714285716,250.71428571428572,22.542857142857144
2015-09-14,2.414285714285714,16.178571428571427,28.992857142857144,2.2214285714285715,270.7142857142857,6.557142857142858,0.0,0.0,8.335714285714287,245.71428571428572,22.264285714285712
2015-09-15,2.4857142857142853,16.02142857142857,28.36428571428571,2.292857142857143,267.85714285714283,6.492857142857142,0.0,0.0,8.335714285714285,242.85714285714286,21.807142857142853
2015-09-16,2.4857142857142853,15.9,28.285714285714285,2.3500000000000005,274.2857142857143,6.621428571428572,0.0,0.0,8.528571428571428,248.57142857142858,21.735714285714288
2015-09-17,2.4857142857142853,15.821428571428571,28.16428571428571,2.328571428571429,274.2857142857143,6.557142857142858,0.0,0.0,8.464285714285714,249.28571428571428,21.592857142857138
2015-09-18,2.4857142857142853,15.82142857142857,28.24285714285714,2.278571428571429,265.7142857142857,6.335714285714286,0.0,0.0,8.278571428571428,240.71428571428572,21.47142857142857
2015-09-19,2.4857142857142853,16.099999999999998,28.442857142857143,2.4214285714285717,255.71428571428572,6.528571428571428,0.0,0.0,8.5,227.14285714285714,21.664285714285715
2015-09-20,2.6857142857142855,16.535714285714285,28.321428571428573,2.7357142857142867,255.0,6.785714285714286,0.0,0.0,8.942857142857145,227.14285714285714,21.842857142857138
2015-09-21,2.721428571428571,16.014285714285712,27.45,2.8000000000000003,265.0,6.978571428571429,0.0,0.0,9.200000000000001,233.57142857142858,21.435714285714283
2015-09-22,2.721428571428571,14.864285714285714,26.542857142857144,2.5571428571428574,271.42857142857144,6.821428571428571,0.0,0.0,8.950000000000001,240.0,20.421428571428574
2015-09-23,2.1071428571428568,14.035714285714286,25.985714285714288,2.6000000000000005,255.0,6.821428571428571,0.0,0.0,8.921428571428573,252.14285714285714,19.721428571428568
2015-09-24,1.9785714285714284,13.164285714285715,25.435714285714283,2.3928571428571432,234.28571428571428,6.3428571428571425,0.0,0.0,8.378571428571428,230.0,19.028571428571432
2015-09-25,1.9785714285714284,12.571428571428571,25.314285714285717,2.4928571428571433,234.28571428571428,6.435714285714286,0.0,0.0,8.628571428571428,230.0,18.728571428571428
2015-09-26,1.9785714285714284,12.057142857142855,24.757142857142856,2.4928571428571433,236.42857142857142,6.3999999999999995,0.0,0.0,8.564285714285715,207.85714285714286,18.164285714285715
2015-09-27,1.907142857142857,11.342857142857143,24.442857142857143,2.4857142857142853,235.71428571428572,6.371428571428572,0.0,0.0,8.564285714285715,205.71428571428572,17.67142857142857
2015-09-28,0.3071428571428571,10.671428571428573,24.478571428571428,2.585714285714286,240.0,6.435714285714285,0.0,0.0,8.692857142857141,210.71428571428572,17.335714285714285
2015-09-29,0.2571428571428571,10.828571428571427,24.714285714285715,2.7428571428571433,232.85714285714286,6.592857142857143,0.0,0.0,8.857142857142858,202.85714285714286,17.492857142857144
2015-09-30,3.957142857142857,10.864285714285714,24.357142857142858,2.9571428571428577,236.42857142857142,6.85,0.0,0.0,9.107142857142858,196.42857142857142,17.514285714285712
2015-10-01,6.3357142857142845,10.507142857142856,23.285714285714285,3.292857142857143,247.14285714285714,7.292857142857143,0.0,0.0,9.75,205.71428571428572,16.978571428571428
2015-10-02,6.3357142857142845,9.914285714285713,22.171428571428574,3.5357142857142856,255.71428571428572,7.607142857142857,0.0,0.0,10.1,191.42857142857142,16.121428571428574
2015-10-03,6.3357142857142845,9.078571428571427,20.900000000000002,3.6142857142857148,267.85714285714283,7.635714285714286,0.0,0.0,10.192857142857141,205.0,15.128571428571428
2015-10-04,6.135714285714286,7.807142857142857,19.914285714285715,3.4,257.14285714285717,7.414285714285714,0.0,0.0,9.842857142857142,192.85714285714286,14.007142857142856
2015-10-05,6.1000000000000005,7.449999999999998,19.635714285714283,3.242857142857143,255.0,7.128571428571428,0.0,0.0,9.4,195.0,13.421428571428573
2015-10-06,6.1000000000000005,7.135714285714285,19.357142857142858,3.242857142857143,249.28571428571428,7.128571428571428,0.0,0.0,9.4,189.28571428571428,13.164285714285715
2015-10-07,6.1000000000000005,6.97142857142857,18.92142857142857,3.142857142857143,242.14285714285714,7.0,0.0,0.0,9.235714285714286,201.42857142857142,12.864285714285714
2015-10-08,6.1000000000000005,7.214285714285714,18.564285714285713,3.2642857142857147,265.7142857142857,7.257142857142857,0.0,0.0,9.549999999999999,200.71428571428572,12.764285714285716
2015-10-09,6.1000000000000005,6.7,18.00714285714286,3.1571428571428575,242.14285714285714,7.164285714285714,0.0,0.0,9.3,201.42857142857142,12.314285714285713
2015-10-10,7.421428571428572,6.664285714285714,17.85,3.278571428571429,240.0,7.45,0.0,0.0,9.685714285714285,223.57142857142858,12.121428571428572
2015-10-11,7.421428571428572,6.707142857142856,17.214285714285715,3.3714285714285714,240.0,7.764285714285713,0.0,0.0,10.135714285714286,224.28571428571428,11.928571428571429
2015-10-12,7.421428571428572,6.864285714285714,16.9,3.442857142857143,239.28571428571428,7.857142857142857,0.0,0.0,10.299999999999999,224.28571428571428,11.750000000000002
2015-10-13,7.3999999999999995,6.664285714285714,16.935714285714287,3.4071428571428575,238.57142857142858,7.821428571428571,0.0,0.0,10.2,225.0,11.664285714285713
2015-10-14,3.7928571428571423,6.507142857142857,16.7,3.3642857142857148,227.14285714285714,7.785714285714286,0.0,0.0,10.299999999999999,225.71428571428572,11.37142857142857
2015-10-15,1.4142857142857144,6.35,16.7,3.278571428571429,226.42857142857142,7.692857142857143,0.0,0.0,9.97857142857143,226.42857142857142,11.335714285714287
2015-10-16,1.45,5.878571428571427,16.864285714285714,3.25,215.71428571428572,7.635714285714285,0.0,0.0,9.942857142857141,240.0,11.285714285714286
2015-10-17,1.792857142857143,6.042857142857143,16.82857142857143,3.192857142857143,210.0,7.671428571428572,0.0,0.0,10.107142857142858,235.0,11.435714285714285
2015-10-18,1.957142857142857,5.885714285714285,16.271428571428572,3.292857142857143,230.0,7.921428571428572,0.0,0.0,10.457142857142857,255.71428571428572,11.242857142857144
2015-10-19,1.957142857142857,5.457142857142856,15.52142857142857,3.357142857142857,232.14285714285714,8.171428571428573,0.0,0.0,10.835714285714285,257.14285714285717,10.685714285714285
2015-10-20,1.9785714285714284,4.942857142857142,14.885714285714286,3.5928571428571425,231.42857142857142,8.55,0.0,0.0,11.442857142857141,255.71428571428572,10.107142857142858
2015-10-21,2.085714285714286,4.785714285714285,14.885714285714284,3.885714285714286,242.14285714285714,9.064285714285715,0.0,0.0,12.150000000000002,244.28571428571428,9.978571428571428
2015-10-22,2.085714285714286,4.542857142857143,14.207142857142856,3.85,240.71428571428572,8.842857142857143,0.0,0.0,11.9,267.85714285714283,9.678571428571429
2015-10-23,2.2857142857142856,4.778571428571428,14.685714285714283,4.2,253.57142857142858,9.385714285714286,0.0,0.0,12.571428571428571,267.85714285714283,9.928571428571429
2015-10-24,0.9642857142857143,4.185714285714285,14.049999999999999,4.271428571428571,253.57142857142858,9.514285714285714,0.0,0.0,12.7,269.2857142857143,9.692857142857141
2015-10-25,0.9642857142857143,3.7571428571428562,13.928571428571429,4.492857142857143,242.85714285714286,9.742857142857142,0.0,0.0,13.05,258.57142857142856,9.307142857142859
2015-10-26,1.1785714285714286,3.678571428571428,13.692857142857141,4.607142857142857,242.85714285714286,10.092857142857143,0.0,0.0,13.528571428571427,257.14285714285717,9.235714285714284
2015-10-27,1.1785714285714286,2.692857142857142,12.62142857142857,4.435714285714286,253.57142857142858,9.935714285714285,0.0,0.0,13.335714285714285,267.14285714285717,8.478571428571428
2015-10-28,1.0857142857142856,1.628571428571428,11.985714285714284,4.171428571428572,255.71428571428572,9.52142857142857,0.0,0.0,12.692857142857141,269.2857142857143,7.485714285714286
2015-10-29,2.807142857142857,1.1142857142857137,11.75,4.050000000000001,244.28571428571428,9.549999999999999,0.0,0.0,13.014285714285716,255.71428571428572,6.8999999999999995
2015-10-30,4.242857142857143,1.7071428571428566,11.864285714285714,4.05,247.85714285714286,9.642857142857142,0.0,0.0,13.078571428571431,257.85714285714283,7.171428571428572
2015-10-31,3.9571428571428577,1.1928571428571424,11.785714285714286,4.114285714285715,250.71428571428572,9.864285714285714,0.0,0.0,13.171428571428573,256.42857142857144,7.0
2015-11-01,3.792857142857143,0.9642857142857137,11.864285714285714,3.9285714285714293,242.85714285714286,9.485714285714286,0.0,0.0,12.62857142857143,247.14285714285714,6.778571428571428
2015-11-02,3.814285714285714,1.5142857142857138,12.492857142857144,4.085714285714286,231.42857142857142,9.65,0.0,0.0,12.950000000000001,235.71428571428572,7.314285714285714
2015-11-03,3.792857142857143,2.264285714285714,12.885714285714284,3.971428571428572,237.85714285714286,9.4,0.0,0.0,12.62857142857143,243.57142857142858,8.1
2015-11-04,3.685714285714286,2.228571428571428,13.042857142857143,3.778571428571429,250.71428571428572,9.142857142857142,0.0,0.0,12.307142857142855,255.0,8.171428571428573
2015-11-05,3.685714285714286,1.8714285714285708,13.6,3.7214285714285715,240.0,9.27142857142857,0.0,0.0,12.464285714285714,244.28571428571428,8.135714285714284
2015-11-06,3.485714285714286,2.428571428571428,13.6,3.6428571428571432,240.71428571428572,8.885714285714284,0.0,0.0,12.10714285714286,234.28571428571428,8.32857142857143
2015-11-07,3.628571428571429,3.5714285714285707,14.671428571428573,3.8071428571428574,230.71428571428572,8.985714285714286,0.0,0.0,12.264285714285716,224.28571428571428,9.185714285714285
2015-11-08,3.628571428571429,4.235714285714286,14.985714285714284,3.6571428571428575,237.85714285714286,8.692857142857143,0.0,0.0,11.914285714285715,232.85714285714286,9.85
2015-11-09,3.4142857142857146,3.721428571428571,14.585714285714285,3.335714285714286,247.85714285714286,8.214285714285714,0.0,0.0,11.242857142857144,241.42857142857142,9.62857142857143
2015-11-10,3.4142857142857146,3.6428571428571423,14.828571428571427,3.3500000000000005,237.85714285714286,8.25,0.0,0.0,11.242857142857144,232.14285714285714,9.471428571428572
2015-11-11,3.4142857142857146,3.7214285714285706,15.107142857142858,3.342857142857143,245.71428571428572,8.285714285714286,0.0,0.0,11.278571428571428,233.57142857142858,9.678571428571429
2015-11-12,1.692857142857143,4.114285714285714,15.307142857142859,3.1571428571428575,242.85714285714286,7.871428571428571,0.0,0.0,10.542857142857143,232.85714285714286,10.0
2015-11-13,0.6357142857142858,3.9142857142857137,14.950000000000001,3.1714285714285717,238.57142857142858,8.0,0.0,0.0,10.735714285714284,230.71428571428572,9.735714285714284
2015-11-14,0.65,4.4642857142857135,14.985714285714286,3.2142857142857144,235.0,7.871428571428572,0.0,0.0,10.642857142857142,230.71428571428572,9.907142857142858
2015-11-15,0.7071428571428572,4.735714285714285,14.785714285714286,3.5214285714285714,242.85714285714286,8.314285714285713,0.0,0.0,11.285714285714286,240.0,9.992857142857142
2015-11-16,0.6857142857142858,4.421428571428571,14.514285714285714,3.3000000000000003,243.57142857142858,8.057142857142857,0.0,0.0,10.87142857142857,241.42857142857142,9.707142857142857
2015-11-17,0.6857142857142858,3.9499999999999993,14.121428571428572,3.357142857142857,246.42857142857142,8.178571428571429,0.0,0.0,10.935714285714285,243.57142857142858,9.292857142857143
2015-11-18,0.6857142857142858,3.1999999999999997,13.25,3.235714285714286,240.71428571428572,7.857142857142857,0.0,0.0,10.521428571428572,239.28571428571428,8.564285714285715
2015-11-19,0.6857142857142858,2.771428571428571,12.735714285714286,3.542857142857143,240.0,8.207142857142857,0.0,0.0,11.035714285714286,238.57142857142858,8.135714285714286
2015-11-20,1.5214285714285716,2.5714285714285707,12.342857142857143,3.5642857142857145,238.57142857142858,8.364285714285716,0.0,0.0,11.45,236.42857142857142,7.8357142857142845
2015-11-21,1.6857142857142857,1.6214285714285712,11.549999999999999,3.3000000000000003,244.28571428571428,7.978571428571429,0.0,0.0,11.0,241.42857142857142,7.221428571428571
2015-11-22,1.6857142857142857,0.9142857142857137,11.0,3.092857142857143,235.71428571428572,7.857142857142857,0.0,0.0,10.9,232.14285714285714,6.478571428571428
2015-11-23,1.7071428571428573,0.9928571428571423,11.042857142857144,3.3142857142857145,226.42857142857142,7.985714285714287,0.0,0.0,11.057142857142859,224.28571428571428,6.464285714285714
2015-11-24,1.7071428571428573,0.8785714285714281,10.25,3.4928571428571433,235.71428571428572,8.171428571428573,0.0,0.0,11.314285714285715,232.85714285714286,6.1571428571428575
2015-11-25,1.7071428571428573,0.5999999999999994,9.257142857142856,3.542857142857143,227.14285714285714,8.3,0.0,0.0,11.507142857142856,230.0,5.571428571428571
2015-11-26,1.7071428571428573,0.014285714285713727,8.742857142857142,3.735714285714286,230.0,8.714285714285714,0.0,0.0,12.178571428571429,233.57142857142858,5.007142857142857
2015-11-27,1.292857142857143,-0.028571428571429105,8.55,4.071428571428571,230.71428571428572,8.871428571428572,0.0,0.0,12.435714285714287,232.14285714285714,4.8428571428571425
2015-11-28,1.5285714285714285,-0.2285714285714291,8.907142857142857,4.271428571428571,224.28571428571428,9.092857142857143,0.0,0.0,12.75,226.42857142857142,4.992857142857143
2015-11-29,1.4714285714285713,-0.3071428571428577,8.707142857142857,4.1000000000000005,202.14285714285714,8.842857142857143,0.0,0.0,12.428571428571429,229.28571428571428,4.928571428571429
2015-11-30,1.4928571428571427,-0.6571428571428576,8.15,4.142857142857143,189.28571428571428,8.714285714285714,0.0,0.35714285714285715,12.207142857142857,215.71428571428572,4.521428571428571
2015-12-01,1.4928571428571427,-1.0500000000000005,7.5928571428571425,4.014285714285714,180.0,8.528571428571428,0.0,0.35714285714285715,12.042857142857143,207.14285714285714,3.8785714285714286
2015-12-02,2.3428571428571425,-1.2071428571428575,7.3928571428571415,4.171428571428572,172.14285714285714,8.85,0.0,0.35714285714285715,12.457142857142857,198.57142857142858,3.65
2015-12-03,3.85,-0.6214285714285718,7.15,4.021428571428571,185.0,8.464285714285715,0.0,0.35714285714285715,11.971428571428572,197.85714285714286,3.8285714285714287
2015-12-04,3.2142857142857144,-1.2142857142857146,6.435714285714285,3.9214285714285717,195.0,8.4,0.0,0.35714285714285715,11.621428571428572,209.28571428571428,3.257142857142857
2015-12-05,2.907142857142857,-1.4071428571428577,6.1571428571428575,3.8714285714285714,196.42857142857142,8.307142857142857,0.0,0.35714285714285715,11.4,212.14285714285714,2.7500000000000004
2015-12-06,2.907142857142857,-1.3285714285714292,6.3500000000000005,3.9214285714285713,205.0,8.207142857142857,0.0,0.35714285714285715,11.114285714285714,220.0,3.0642857142857145
2015-12-07,2.8857142857142857,-1.6000000000000003,5.871428571428572,3.7142857142857144,205.0,8.014285714285714,0.0,0.35714285714285715,10.828571428571427,218.57142857142858,2.5714285714285716
2015-12-08,2.8857142857142857,-1.6428571428571435,6.264285714285714,3.4285714285714293,182.85714285714286,7.7,0.0,0.35714285714285715,10.414285714285713,220.71428571428572,2.6357142857142857
2015-12-09,2.8857142857142857,-1.5214285714285718,6.5,3.3714285714285714,174.28571428571428,7.535714285714286,0.0,0.35714285714285715,10.157142857142858,212.85714285714286,2.8428571428571425
2015-12-10,2.8857142857142857,-1.6000000000000003,6.578571428571429,3.385714285714286,175.71428571428572,7.571428571428571,0.0,0.35714285714285715,10.12142857142857,214.28571428571428,2.857142857142857
2015-12-11,2.9071428571428575,-1.3571428571428574,6.735714285714286,3.0500000000000003,175.0,7.1571428571428575,0.0,0.35714285714285715,9.542857142857143,215.0,3.0142857142857147
2015-12-12,2.6,-0.9571428571428575,6.535714285714286,2.9214285714285717,175.0,7.0,0.0,0.35714285714285715,9.292857142857143,214.28571428571428,2.9071428571428575
2015-12-13,2.6,-0.5214285714285719,7.092857142857143,2.892857142857143,194.28571428571428,6.8999999999999995,0.0,0.35714285714285715,9.164285714285715,208.57142857142858,3.4214285714285717
2015-12-14,2.5785714285714287,-0.1357142857142862,7.371428571428572,2.857142857142857,205.0,6.871428571428572,0.0,0.0,9.22857142857143,220.0,3.792857142857143
2015-12-15,2.65,0.8499999999999994,8.321428571428571,3.1642857142857146,205.0,7.121428571428572,0.0,0.0,9.65,219.28571428571428,4.6642857142857155
2015-12-16,2.257142857142857,1.5571428571428567,8.842857142857143,3.242857142857143,214.28571428571428,7.278571428571429,0.0,0.0,9.871428571428572,228.57142857142858,5.585714285714286
2015-12-17,0.75,1.3642857142857137,8.528571428571428,3.142857142857143,200.71428571428572,7.185714285714285,0.0,0.0,9.685714285714285,226.42857142857142,5.335714285714286
2015-12-18,1.0785714285714287,1.442857142857142,8.921428571428573,3.207142857142857,191.42857142857142,7.285714285714286,0.0,0.0,9.942857142857141,215.71428571428572,5.55
2015-12-19,1.0785714285714287,1.7571428571428565,9.0,3.271428571428572,192.85714285714286,7.4142857142857155,0.0,0.0,10.135714285714286,216.42857142857142,5.764285714285714
2015-12-20,1.1857142857142857,1.6785714285714277,8.528571428571428,3.5357142857142856,191.42857142857142,7.7,0.0,2.9285714285714284,10.55,214.28571428571428,5.407142857142857
2015-12-21,1.1857142857142857,1.5999999999999994,8.32857142857143,3.6571428571428575,201.42857142857142,7.892857142857144,2.142857142857143,2.9285714285714284,10.835714285714285,225.0,5.271428571428571
2015-12-22,1.1857142857142857,1.9499999999999993,8.371428571428572,4.085714285714286,214.28571428571428,8.4,2.142857142857143,2.9285714285714284,11.6,214.28571428571428,5.407142857142857
2015-12-23,2.4928571428571433,2.735714285714285,8.771428571428572,4.3,222.85714285714286,8.692857142857145,2.142857142857143,2.9285714285714284,12.107142857142858,220.71428571428572,5.964285714285714
2015-12-24,2.692857142857143,3.3214285714285707,9.207142857142857,4.271428571428571,220.0,8.535714285714286,2.142857142857143,2.9285714285714284,11.914285714285715,217.85714285714286,6.535714285714286
2015-12-25,2.8000000000000003,3.1999999999999993,9.721428571428572,4.285714285714286,220.0,8.821428571428571,2.142857142857143,2.9285714285714284,12.3,217.14285714285714,6.864285714285715
2015-12-26,2.8000000000000003,2.6857142857142855,9.528571428571428,3.9785714285714286,220.71428571428572,8.500000000000002,2.142857142857143,2.9285714285714284,11.821428571428571,205.0,6.671428571428572
2015-12-27,2.835714285714286,2.1357142857142852,9.214285714285714,3.8285714285714287,205.71428571428572,8.307142857142859,2.142857142857143,2.9285714285714284,11.471428571428572,190.71428571428572,6.171428571428572
2015-12-28,3.6000000000000005,1.9071428571428566,9.171428571428573,3.9285714285714284,218.57142857142858,8.464285714285714,2.142857142857143,3.5,11.62857142857143,202.85714285714286,6.05
2015-12-29,3.528571428571429,0.7999999999999995,8.028571428571428,3.792857142857143,229.28571428571428,8.5,2.142857142857143,3.5,11.528571428571428,213.57142857142858,5.0
2015-12-30,4.792857142857143,0.09285714285714228,7.192857142857143,3.7,216.42857142857142,8.25,11.428571428571429,12.785714285714286,11.114285714285714,200.71428571428572,3.8785714285714286
2015-12-31,4.935714285714285,-0.33571428571428635,7.15,3.6714285714285713,217.85714285714286,8.37857142857143,18.571428571428573,13.0,11.242857142857144,205.0,3.571428571428572
2016-01-01,4.428571428571429,-0.5357142857142864,6.635714285714285,3.4642857142857144,222.85714285714286,8.157142857142857,25.714285714285715,13.0,10.892857142857142,213.57142857142858,3.228571428571428
2016-01-02,4.45,-0.7714285714285721,6.242857142857143,3.507142857142857,220.0,8.214285714285714,31.428571428571427,13.0,11.021428571428572,210.71428571428572,2.95
2016-01-03,4.342857142857143,-0.6500000000000006,6.164285714285714,3.357142857142857,222.85714285714286,8.028571428571428,37.142857142857146,10.071428571428571,10.799999999999999,214.28571428571428,2.8214285714285716
2016-01-04,4.378571428571429,-0.8928571428571435,6.207142857142856,3.4928571428571433,223.57142857142858,8.028571428571428,40.714285714285715,14.428571428571429,10.735714285714286,216.42857142857142,2.9857142857142853
2016-01-05,4.414285714285715,-2.157142857142858,5.1,3.292857142857143,234.28571428571428,7.835714285714286,50.0,18.428571428571427,10.45,226.42857142857142,1.9000000000000001
2016-01-06,3.107142857142857,-3.857142857142858,3.721428571428571,3.2214285714285715,234.28571428571428,7.735714285714286,59.285714285714285,18.785714285714285,10.264285714285716,227.85714285714286,0.25714285714285723
2016-01-07,2.9071428571428575,-4.885714285714286,2.728571428571428,3.2785714285714285,237.14285714285714,7.735714285714286,66.42857142857143,18.785714285714285,10.264285714285714,230.0,-0.8428571428571426
2016-01-08,2.778571428571429,-6.15,1.4999999999999998,3.028571428571429,237.85714285714286,7.321428571428571,72.14285714285714,18.785714285714285,9.657142857142857,231.42857142857142,-2.1785714285714284
2016-01-09,2.778571428571429,-7.021428571428572,1.0214285714285711,3.0500000000000003,237.85714285714286,7.292857142857143,77.85714285714286,18.785714285714285,9.621428571428572,245.0,-3.057142857142857
2016-01-10,2.7428571428571433,-6.671428571428573,0.9785714285714283,3.271428571428572,245.71428571428572,7.521428571428571,83.57142857142857,18.785714285714285,10.1,252.14285714285714,-3.028571428571429
2016-01-11,2.8857142857142857,-6.285714285714286,1.3785714285714283,3.3714285714285714,240.0,7.742857142857143,87.14285714285714,18.214285714285715,10.485714285714284,240.0,-2.7714285714285714
2016-01-12,2.8857142857142857,-6.242857142857143,1.7714285714285711,3.4857142857142867,235.71428571428572,7.835714285714286,89.28571428571429,18.214285714285715,10.707142857142856,235.0,-2.3857142857142857
2016-01-13,1.364285714285714,-6.364285714285716,1.6214285714285712,3.5428571428571436,240.71428571428572,8.15,80.0,12.571428571428571,11.221428571428572,240.0,-2.435714285714286
2016-01-14,1.2214285714285713,-6.764285714285715,1.1571428571428568,3.7857142857142856,247.14285714285714,8.4,76.42857142857143,12.357142857142858,11.635714285714286,243.57142857142858,-2.6999999999999997
2016-01-15,1.1999999999999997,-7.628571428571429,0.6499999999999996,3.878571428571429,242.85714285714286,8.464285714285714,72.85714285714286,12.571428571428571,11.599999999999998,235.71428571428572,-3.4285714285714284
2016-01-16,1.1785714285714284,-8.257142857142858,0.3357142857142854,3.664285714285714,247.14285714285714,8.085714285714285,69.28571428571429,12.571428571428571,11.057142857142855,239.28571428571428,-3.985714285714286
2016-01-17,1.3428571428571427,-8.535714285714286,0.4499999999999997,3.642857142857143,247.85714285714286,8.242857142857142,65.71428571428571,12.571428571428571,11.185714285714287,242.14285714285714,-4.021428571428571
2016-01-18,1.307142857142857,-8.292857142857143,0.3285714285714283,3.357142857142857,245.0,8.271428571428572,60.0,8.214285714285714,11.25,240.0,-4.107142857142857
2016-01-19,1.5642857142857143,-7.892857142857143,0.6857142857142853,3.4357142857142864,242.85714285714286,8.27142857142857,54.285714285714285,7.857142857142857,11.285714285714286,237.85714285714286,-3.564285714285714
2016-01-20,1.8214285714285712,-7.692857142857144,0.8428571428571425,3.6857142857142864,252.14285714285714,8.557142857142857,48.57142857142857,11.285714285714286,11.7,245.0,-3.3714285714285714
2016-01-21,1.8214285714285712,-7.807142857142858,0.6499999999999996,3.7214285714285715,261.42857142857144,8.557142857142859,47.142857142857146,11.285714285714286,11.799999999999999,253.57142857142858,-3.4214285714285713
2016-01-22,1.8214285714285712,-7.842857142857143,-0.021428571428571734,3.885714285714286,271.42857142857144,8.721428571428572,47.142857142857146,11.285714285714286,11.928571428571429,262.85714285714283,-3.6785714285714284
2016-01-23,1.8214285714285712,-7.957142857142858,-0.4928571428571432,3.9571428571428577,281.42857142857144,8.914285714285715,47.142857142857146,11.285714285714286,12.185714285714285,271.42857142857144,-3.8142857142857136
2016-01-24,1.8214285714285712,-9.264285714285716,-1.4785714285714289,3.821428571428572,294.2857142857143,8.914285714285715,47.142857142857146,11.285714285714286,12.021428571428572,283.57142857142856,-4.878571428571428
2016-01-25,0.9857142857142857,-10.721428571428572,-2.6214285714285714,3.578571428571429,277.14285714285717,8.471428571428572,49.285714285714285,12.214285714285714,11.314285714285715,272.85714285714283,-6.171428571428572
2016-01-26,0.9857142857142857,-10.764285714285716,-2.821428571428572,3.385714285714286,270.0,8.278571428571428,52.857142857142854,12.214285714285714,10.964285714285714,265.0,-6.535714285714286
2016-01-27,0.7857142857142857,-10.092857142857143,-2.271428571428572,3.714285714285715,269.2857142857143,8.442857142857143,58.57142857142857,8.571428571428571,11.15,264.2857142857143,-5.971428571428571
2016-01-28,0.7857142857142857,-9.85714285714286,-1.6857142857142857,3.628571428571429,267.85714285714283,8.414285714285715,57.142857142857146,8.571428571428571,11.049999999999999,265.0,-5.435714285714285
2016-01-29,0.7857142857142857,-9.700000000000001,-1.1785714285714288,3.7500000000000004,267.14285714285717,8.72857142857143,53.57142857142857,8.357142857142858,11.528571428571428,264.2857142857143,-5.092857142857143
2016-01-30,0.9642857142857143,-9.264285714285716,-0.8642857142857145,3.8928571428571432,256.42857142857144,9.107142857142858,51.42857142857143,11.285714285714286,12.071428571428571,253.57142857142858,-4.578571428571428
2016-01-31,0.7999999999999999,-9.342857142857143,-0.8642857142857145,4.064285714285715,247.85714285714286,9.171428571428573,52.857142857142854,11.285714285714286,12.2,242.85714285714286,-4.721428571428571
2016-02-01,0.7999999999999999,-8.835714285714285,-0.15000000000000022,4.357142857142857,239.28571428571428,9.235714285714286,55.0,11.285714285714286,12.328571428571431,234.28571428571428,-4.35
2016-02-02,0.5071428571428571,-8.121428571428572,0.8785714285714283,4.292857142857143,235.0,9.299999999999999,51.42857142857143,7.642857142857143,12.421428571428573,230.0,-3.4071428571428575
2016-02-03,0.25,-7.364285714285715,1.6642857142857141,4.042857142857143,236.42857142857142,9.07857142857143,47.857142857142854,3.857142857142857,12.007142857142856,232.14285714285714,-2.5285714285714285
2016-02-04,0.65,-6.65,2.728571428571428,4.121428571428572,225.71428571428572,9.264285714285714,42.142857142857146,3.857142857142857,12.292857142857144,222.14285714285714,-1.8857142857142857
2016-02-05,0.6857142857142857,-5.707142857142857,4.071428571428571,4.078571428571429,222.85714285714286,9.321428571428571,36.42857142857143,3.857142857142857,12.514285714285714,220.0,-0.6571428571428571
2016-02-06,0.6857142857142857,-5.271428571428572,4.385714285714285,4.128571428571429,224.28571428571428,9.414285714285715,30.714285714285715,3.857142857142857,12.707142857142856,222.14285714285714,-0.23571428571428582
2016-02-07,0.6857142857142857,-4.671428571428572,5.135714285714285,4.328571428571429,212.85714285714286,9.571428571428571,25.0,3.857142857142857,12.964285714285714,210.71428571428572,0.43571428571428555
2016-02-08,0.6142857142857142,-3.9571428571428577,5.6,4.471428571428572,234.28571428571428,9.700000000000001,19.285714285714285,2.9285714285714284,13.064285714285715,233.57142857142858,1.3142857142857143
2016-02-09,0.65,-3.8785714285714294,5.4071428571428575,4.442857142857143,245.0,9.478571428571428,13.571428571428571,3.642857142857143,12.75,245.0,1.2571428571428573
2016-02-10,0.7571428571428571,-4.428571428571429,4.857142857142856,3.9928571428571433,256.42857142857144,8.835714285714285,10.0,5.785714285714286,11.857142857142858,247.85714285714286,0.7714285714285715
2016-02-11,0.8285714285714285,-4.3500000000000005,4.7,3.9357142857142864,260.7142857142857,8.864285714285716,10.0,8.714285714285714,11.792857142857143,252.14285714285714,0.4571428571428572
2016-02-12,0.85,-4.864285714285715,4.071428571428571,3.9285714285714293,270.0,8.707142857142857,13.571428571428571,10.142857142857142,11.571428571428571,262.14285714285717,0.14999999999999997
2016-02-13,0.6714285714285715,-5.8999999999999995,3.478571428571428,4.057142857142858,270.7142857142857,8.742857142857144,17.142857142857142,7.214285714285714,11.571428571428571,262.14285714285717,-0.8857142857142858
2016-02-14,0.6928571428571428,-7.207142857142857,2.7714285714285714,4.171428571428572,280.0,8.642857142857142,17.142857142857142,7.571428571428571,11.507142857142856,272.14285714285717,-1.6500000000000001
2016-02-15,0.6928571428571428,-9.185714285714285,0.914285714285714,3.95,290.7142857142857,8.421428571428573,18.571428571428573,7.785714285714286,11.157142857142857,281.42857142857144,-3.564285714285714
2016-02-16,0.7142857142857143,-10.735714285714286,-0.31428571428571456,3.9142857142857146,285.7142857142857,8.357142857142858,22.142857142857142,8.0,11.0,277.14285714285717,-5.3500000000000005
2016-02-17,1.8785714285714286,-10.900000000000002,0.3214285714285712,4.014285714285714,273.57142857142856,8.77142857142857,25.714285714285715,9.785714285714286,11.72857142857143,265.0,-5.4071428571428575
2016-02-18,1.4785714285714289,-11.021428571428572,-0.47142857142857164,3.8500000000000005,284.2857142857143,8.707142857142857,25.714285714285715,9.785714285714286,11.471428571428573,275.7142857142857,-5.492857142857143
2016-02-19,1.442857142857143,-11.885714285714286,-1.6142857142857145,3.9214285714285717,285.7142857142857,8.77142857142857,25.714285714285715,9.785714285714286,11.407142857142858,275.7142857142857,-6.5928571428571425
2016-02-20,1.4642857142857146,-12.400000000000002,-1.5000000000000002,3.9642857142857144,273.57142857142856,8.992857142857144,25.714285714285715,10.0,11.849999999999998,262.85714285714283,-7.071428571428571
2016-02-21,1.4857142857142858,-11.814285714285715,-1.0642857142857145,4.1000000000000005,272.85714285714283,9.37857142857143,25.714285714285715,10.0,12.364285714285714,261.42857142857144,-6.642857142857143
2016-02-22,1.485714285714286,-11.578571428571427,-0.742857142857143,4.135714285714286,275.0,9.507142857142858,25.714285714285715,10.0,12.585714285714285,257.14285714285717,-6.328571428571428
2016-02-23,1.4500000000000004,-11.778571428571428,-0.9000000000000001,4.192857142857143,276.42857142857144,9.571428571428571,25.714285714285715,9.285714285714286,12.678571428571429,257.85714285714283,-6.3
2016-02-24,1.3428571428571432,-12.135714285714286,-0.5500000000000002,4.228571428571429,263.57142857142856,9.700000000000001,23.571428571428573,7.142857142857143,12.807142857142859,252.14285714285714,-6.421428571428572
2016-02-25,3.885714285714286,-11.778571428571428,-0.5500000000000002,4.121428571428572,259.2857142857143,9.799999999999999,21.428571428571427,5.857142857142857,13.192857142857145,247.14285714285714,-6.192857142857143
2016-02-26,5.042857142857143,-10.75,0.6357142857142856,4.078571428571429,248.57142857142858,9.735714285714286,17.857142857142858,8.071428571428571,13.164285714285715,236.42857142857142,-5.271428571428571
2016-02-27,5.042857142857143,-10.192857142857141,0.9571428571428571,4.171428571428572,256.42857142857144,9.764285714285714,17.857142857142858,8.428571428571429,13.257142857142856,247.14285714285714,-4.664285714285714
2016-02-28,5.021428571428572,-9.364285714285714,1.6285714285714286,4.000000000000001,247.14285714285714,9.892857142857142,16.428571428571427,8.071428571428571,13.47857142857143,237.85714285714286,-4.1571428571428575
2016-02-29,5.021428571428572,-8.014285714285714,3.0071428571428567,4.042857142857144,246.42857142857142,9.892857142857142,12.857142857142858,7.857142857142857,13.442857142857145,237.14285714285714,-2.5142857142857147
2016-03-01,5.0,-6.7,4.114285714285714,4.2214285714285715,254.28571428571428,10.085714285714285,9.285714285714286,7.642857142857143,13.885714285714286,243.57142857142858,-1.0071428571428573
2016-03-02,3.835714285714286,-7.0928571428571425,3.0857142857142854,4.142857142857143,265.0,10.021428571428572,5.714285714285714,5.857142857142857,13.7,255.0,-1.3000000000000003
2016-03-03,4.292857142857143,-7.528571428571429,3.207142857142857,4.321428571428571,265.7142857142857,10.12142857142857,5.714285714285714,6.571428571428571,13.957142857142857,253.57142857142858,-1.6214285714285717
2016-03-04,4.292857142857143,-7.807142857142857,2.971428571428571,4.292857142857143,268.57142857142856,9.964285714285714,5.714285714285714,6.571428571428571,13.828571428571427,257.14285714285717,-1.885714285714286
2016-03-05,4.271428571428571,-7.807142857142857,2.621428571428571,4.092857142857143,279.2857142857143,9.392857142857142,5.714285714285714,6.357142857142857,12.871428571428572,268.57142857142856,-2.0285714285714285
2016-03-06,4.25,-8.75,1.9857142857142855,3.7,287.85714285714283,8.657142857142857,5.714285714285714,6.357142857142857,11.914285714285713,277.85714285714283,-2.7285714285714286
2016-03-07,4.25,-9.028571428571428,1.8642857142857139,3.5142857142857147,275.7142857142857,8.4,5.714285714285714,6.357142857142857,11.592857142857143,270.7142857142857,-3.2285714285714286
2016-03-08,4.307142857142858,-8.278571428571428,2.414285714285714,3.585714285714286,264.2857142857143,8.75,5.714285714285714,7.285714285714286,12.164285714285715,260.7142857142857,-2.742857142857143
2016-03-09,4.307142857142858,-7.335714285714286,2.9285714285714284,3.4785714285714286,265.7142857142857,8.621428571428572,5.714285714285714,7.285714285714286,12.1,265.0,-1.9785714285714289
2016-03-10,1.6928571428571428,-6.707142857142857,4.235714285714286,3.7642857142857147,265.0,8.557142857142857,5.714285714285714,5.642857142857143,11.971428571428572,263.57142857142856,-1.1642857142857146
2016-03-11,1.3142857142857143,-6.435714285714286,4.5928571428571425,3.6428571428571432,276.42857142857144,8.464285714285714,5.714285714285714,2.0,11.714285714285714,275.0,-0.6428571428571429
2016-03-12,1.3499999999999999,-5.878571428571428,5.064285714285714,3.4071428571428575,279.2857142857143,8.242857142857142,2.142857142857143,1.6428571428571428,11.364285714285716,275.7142857142857,-0.13571428571428573
2016-03-13,1.3499999999999999,-5.242857142857142,5.892857142857143,3.35,279.2857142857143,8.214285714285714,0.0,1.6428571428571428,11.142857142857142,275.0,0.5714285714285714
2016-03-14,1.3499999999999999,-4.928571428571429,6.371428571428572,3.3928571428571432,279.2857142857143,8.307142857142857,0.0,1.6428571428571428,11.307142857142855,277.85714285714283,1.092857142857143
2016-03-15,1.657142857142857,-4.814285714285715,6.0928571428571425,3.185714285714286,267.85714285714283,8.049999999999999,0.0,1.6428571428571428,10.764285714285714,267.14285714285717,0.8857142857142858
2016-03-16,1.7142857142857142,-3.8285714285714287,7.235714285714286,3.25,253.57142857142858,7.764285714285714,0.0,1.6428571428571428,10.314285714285715,258.57142857142856,1.6857142857142857
2016-03-17,1.8714285714285717,-2.8857142857142857,7.75,3.0500000000000003,248.57142857142858,7.478571428571429,0.0,0.9285714285714286,9.864285714285714,255.71428571428572,2.414285714285714
2016-03-18,1.8714285714285717,-1.385714285714286,9.37142857142857,3.1,243.57142857142858,7.635714285714286,0.0,0.9285714285714286,10.157142857142858,250.0,3.8428571428571425
2016-03-19,1.9071428571428573,-0.7142857142857145,10.0,3.392857142857143,244.28571428571428,7.985714285714287,0.0,1.1428571428571428,10.635714285714286,250.71428571428572,4.75
2016-03-20,1.9071428571428573,-0.2785714285714288,10.078571428571427,3.5785714285714287,247.85714285714286,8.242857142857144,0.0,1.1428571428571428,11.142857142857142,255.0,4.971428571428571
2016-03-21,1.9071428571428573,-0.2785714285714288,9.921428571428569,3.607142857142857,257.85714285714283,8.335714285714285,0.0,1.1428571428571428,11.242857142857144,267.14285714285717,4.942857142857143
2016-03-22,1.8499999999999999,-0.585714285714286,10.042857142857144,3.6214285714285714,267.85714285714283,8.242857142857144,0.0,0.21428571428571427,10.957142857142857,277.14285714285717,4.807142857142857
2016-03-23,1.8499999999999999,-0.8928571428571431,9.921428571428573,3.7714285714285714,277.14285714285717,8.535714285714286,0.0,0.21428571428571427,11.278571428571427,285.0,4.621428571428572
2016-03-24,1.957142857142857,-1.442857142857143,8.77142857142857,3.607142857142857,282.14285714285717,8.314285714285715,0.0,0.21428571428571427,10.892857142857142,293.57142857142856,3.957142857142857
2016-03-25,1.357142857142857,-1.792857142857143,7.892857142857143,3.5571428571428574,269.2857142857143,8.185714285714287,0.0,1.6428571428571428,10.828571428571427,280.0,3.0214285714285714
2016-03-26,1.6642857142857144,-1.642857142857143,8.328571428571427,3.6999999999999997,267.14285714285717,8.471428571428572,0.0,1.6428571428571428,11.278571428571428,277.85714285714283,3.257142857142857
2016-03-27,1.6642857142857141,-1.442857142857143,7.814285714285715,3.6142857142857143,278.57142857142856,8.25,0.0,1.6428571428571428,10.985714285714286,289.2857142857143,3.0928571428571425
2016-03-28,1.6642857142857141,-1.5214285714285718,8.25,3.6714285714285717,269.2857142857143,8.35,0.0,1.6428571428571428,11.142857142857142,277.85714285714283,2.95
2016-03-29,2.3714285714285714,-1.1285714285714288,8.571428571428571,3.707142857142857,282.85714285714283,8.542857142857143,0.0,1.6428571428571428,11.335714285714287,292.14285714285717,3.4285714285714284
2016-03-30,2.3857142857142852,-1.4785714285714289,7.978571428571429,3.9071428571428575,297.14285714285717,8.928571428571429,0.0,1.6428571428571428,11.842857142857143,300.7142857142857,3.207142857142857
2016-03-31,1.7714285714285716,-2.0214285714285714,8.292857142857143,4.071428571428571,291.42857142857144,9.178571428571429,0.0,1.6428571428571428,12.321428571428571,295.7142857142857,3.0357142857142856
2016-04-01,1.7714285714285711,-1.7428571428571433,8.564285714285713,4.4,285.0,9.407142857142857,0.0,1.6428571428571428,12.607142857142858,289.2857142857143,3.25
2016-04-02,1.9142857142857141,-0.9571428571428573,9.4,4.414285714285714,273.57142857142856,9.564285714285715,0.0,1.4285714285714286,12.928571428571429,277.85714285714283,4.221428571428571
2016-04-03,2.0214285714285714,-0.4500000000000002,10.114285714285714,4.428571428571429,268.57142857142856,9.785714285714286,0.0,1.4285714285714286,12.992857142857144,272.85714285714283,4.957142857142856
2016-04-04,2.0214285714285714,-0.37142857142857155,9.992857142857144,4.885714285714286,268.57142857142856,10.299999999999999,0.0,1.4285714285714286,13.657142857142857,271.42857142857144,5.07142857142857
2016-04-05,2.0214285714285714,-0.6142857142857144,9.478571428571428,4.792857142857143,267.85714285714283,10.235714285714286,0.0,1.4285714285714286,13.564285714285715,270.7142857142857,4.714285714285714
2016-04-06,2.0214285714285714,-1.0928571428571432,8.928571428571427,4.8,269.2857142857143,10.292857142857144,0.0,1.4285714285714286,13.657142857142858,270.7142857142857,4.235714285714286
2016-04-07,2.0785714285714283,-1.6857142857142862,8.85,4.885714285714286,260.0,10.542857142857143,0.0,2.857142857142857,14.014285714285716,259.2857142857143,3.935714285714286
2016-04-08,2.457142857142857,-1.3714285714285719,9.685714285714285,5.028571428571429,258.57142857142856,10.764285714285716,2.142857142857143,1.4285714285714286,14.335714285714287,257.85714285714283,4.385714285714285
2016-04-09,2.5714285714285716,-1.5214285714285718,9.285714285714286,4.921428571428572,255.0,10.635714285714286,2.142857142857143,2.142857142857143,14.042857142857143,258.57142857142856,4.25
2016-04-10,2.5928571428571425,-1.7571428571428576,8.928571428571429,5.028571428571429,253.57142857142858,10.792857142857143,2.142857142857143,2.5,14.299999999999999,260.0,4.078571428571428
2016-04-11,2.5928571428571425,-1.9142857142857146,8.135714285714286,4.892857142857143,265.0,10.635714285714286,2.142857142857143,2.5,14.107142857142858,270.0,3.6285714285714286
2016-04-12,1.5999999999999999,-2.1142857142857143,8.092857142857143,5.0928571428571425,255.71428571428572,10.700000000000001,2.142857142857143,2.5,14.299999999999999,259.2857142857143,3.3214285714285716
2016-04-13,1.8928571428571428,-1.6857142857142862,8.414285714285715,4.942857142857143,257.14285714285717,10.535714285714286,2.142857142857143,2.5,14.049999999999999,260.7142857142857,3.621428571428571
2016-04-14,1.8928571428571428,-1.3785714285714288,7.978571428571428,4.8428571428571425,267.85714285714283,10.285714285714286,2.142857142857143,2.5,13.478571428571428,270.7142857142857,3.6
2016-04-15,1.8928571428571428,-2.285714285714286,7.385714285714286,4.392857142857143,277.85714285714283,9.992857142857144,2.142857142857143,2.5,12.964285714285714,281.42857142857144,3.014285714285714
2016-04-16,1.7142857142857142,-2.9500000000000006,7.107142857142857,4.2,288.57142857142856,9.864285714285714,2.142857142857143,2.5,12.578571428571427,292.14285714285717,2.2285714285714286
2016-04-17,1.6071428571428572,-3.0642857142857145,7.464285714285714,4.064285714285714,290.0,9.607142857142858,2.142857142857143,2.5,12.257142857142856,294.2857142857143,2.278571428571429
2016-04-18,1.6071428571428572,-2.514285714285715,9.014285714285716,3.592857142857143,292.85714285714283,9.221428571428572,2.142857142857143,2.5,11.814285714285715,296.42857142857144,3.1857142857142855
2016-04-19,1.7714285714285711,-1.6500000000000004,10.242857142857144,3.6428571428571432,294.2857142857143,9.092857142857143,2.142857142857143,2.5,11.714285714285714,297.14285714285717,4.314285714285715
2016-04-20,1.9,-0.6642857142857147,11.271428571428572,3.892857142857143,295.0,9.157142857142858,2.142857142857143,2.5,11.814285714285715,299.2857142857143,5.328571428571428
2016-04-21,1.7357142857142855,0.04285714285714242,11.942857142857145,3.8071428571428574,282.85714285714283,8.935714285714285,2.142857142857143,1.0714285714285714,11.492857142857142,311.42857142857144,5.985714285714286
2016-04-22,1.157142857142857,-0.078571428571429,12.535714285714286,3.635714285714286,287.14285714285717,8.714285714285714,0.0,1.0714285714285714,11.142857142857142,316.42857142857144,6.335714285714286
2016-04-23,1.0285714285714285,0.7428571428571425,13.650000000000002,3.6714285714285717,294.2857142857143,8.657142857142857,0.0,0.35714285714285715,11.207142857142857,306.42857142857144,7.192857142857143
2016-04-24,1.007142857142857,1.3642857142857139,14.328571428571427,3.778571428571429,296.42857142857144,8.685714285714285,0.0,0.0,11.242857142857144,306.42857142857144,7.921428571428572
2016-04-25,1.007142857142857,1.7571428571428567,14.807142857142855,3.785714285714286,295.0,8.65,0.0,0.0,11.150000000000002,305.0,8.37142857142857
2016-04-26,0.9857142857142857,1.6857142857142853,14.885714285714286,3.4714285714285715,307.14285714285717,8.3,0.0,0.0,10.607142857142858,317.14285714285717,8.435714285714285
2016-04-27,1.3857142857142857,1.3714285714285712,14.607142857142858,3.3214285714285716,305.7142857142857,7.921428571428572,0.0,3.7857142857142856,10.12857142857143,317.14285714285717,8.128571428571428
2016-04-28,1.3857142857142857,1.1785714285714284,14.77142857142857,3.214285714285715,305.7142857142857,7.95,0.0,3.7857142857142856,10.157142857142858,316.42857142857144,8.092857142857143
2016-04-29,1.3857142857142857,1.1785714285714284,14.614285714285714,3.2500000000000004,283.57142857142856,7.828571428571429,0.0,3.7857142857142856,10.128571428571428,316.42857142857144,8.028571428571428
2016-04-30,1.3857142857142857,1.1785714285714284,14.535714285714286,3.2,284.2857142857143,7.542857142857143,0.0,3.7857142857142856,9.87857142857143,316.42857142857144,7.978571428571428
2016-05-01,1.3857142857142857,1.257142857142857,14.535714285714286,3.2642857142857147,285.0,7.578571428571428,0.0,3.7857142857142856,9.814285714285715,316.42857142857144,8.057142857142857
2016-05-02,1.8928571428571428,1.6142857142857139,13.664285714285713,3.271428571428572,272.85714285714283,7.450000000000001,0.0,3.7857142857142856,9.592857142857143,304.2857142857143,7.8428571428571425
2016-05-03,2.5785714285714283,1.7785714285714282,13.221428571428572,3.142857142857143,257.14285714285717,7.228571428571429,0.0,3.7857142857142856,9.371428571428572,289.2857142857143,7.6499999999999995
2016-05-04,2.4499999999999997,1.8999999999999997,12.985714285714284,2.8214285714285716,256.42857142857144,6.914285714285714,0.0,3.7857142857142856,8.921428571428573,288.57142857142856,7.571428571428571
2016-05-05,2.5214285714285714,2.1428571428571423,13.028571428571427,2.7071428571428577,264.2857142857143,6.885714285714285,0.0,3.7857142857142856,8.792857142857143,271.42857142857144,7.6499999999999995
2016-05-06,2.5214285714285714,2.7357142857142853,12.478571428571428,2.778571428571429,274.2857142857143,6.885714285714285,0.0,3.7857142857142856,8.885714285714286,282.85714285714283,7.6499999999999995
2016-05-07,2.1928571428571426,2.5428571428571423,12.4,2.8642857142857148,271.42857142857144,7.071428571428571,0.0,3.7857142857142856,8.985714285714286,292.85714285714283,7.457142857142856
2016-05-08,2.1928571428571426,2.9857142857142853,13.228571428571428,2.7642857142857147,259.2857142857143,6.95,0.0,3.7857142857142856,8.857142857142858,280.7142857142857,8.014285714285714
2016-05-09,3.007142857142857,3.221428571428571,13.385714285714286,2.985714285714286,257.14285714285717,7.207142857142856,0.0,3.7857142857142856,9.242857142857144,280.7142857142857,8.442857142857143
2016-05-10,3.007142857142857,3.4928571428571424,13.464285714285714,3.0571428571428574,253.57142857142858,7.3,0.0,3.7857142857142856,9.564285714285715,277.85714285714283,8.578571428571427
2016-05-11,2.242857142857143,3.5714285714285707,14.414285714285715,3.021428571428572,255.71428571428572,7.364285714285714,0.0,0.0,9.692857142857141,278.57142857142856,9.05
2016-05-12,2.242857142857143,3.9999999999999996,15.164285714285715,3.0285714285714285,255.71428571428572,7.335714285714286,0.0,0.0,9.757142857142856,279.2857142857143,9.75
2016-05-13,2.242857142857143,4.671428571428571,16.514285714285712,2.95,269.2857142857143,7.235714285714286,0.0,0.0,9.5,270.0,10.7
2016-05-14,2.6999999999999997,5.892857142857143,17.02857142857143,3.142857142857143,258.57142857142856,7.557142857142857,0.0,0.0,9.87857142857143,260.0,11.571428571428571
2016-05-15,2.8785714285714286,6.442857142857142,17.507142857142856,3.1714285714285717,252.85714285714286,7.742857142857143,0.0,0.0,10.200000000000001,253.57142857142858,12.092857142857143
2016-05-16,2.664285714285714,6.285714285714286,17.54285714285714,3.378571428571429,261.42857142857144,8.092857142857143,0.0,0.0,10.678571428571429,262.14285714285717,12.178571428571429
2016-05-17,1.8142857142857143,6.007142857142857,17.664285714285715,3.564285714285714,274.2857142857143,8.407142857142857,0.0,0.0,11.092857142857142,271.42857142857144,12.064285714285715
2016-05-18,1.8142857142857143,5.764285714285714,18.135714285714286,3.642857142857143,275.0,8.692857142857143,0.0,0.0,11.507142857142856,272.14285714285717,12.207142857142857
2016-05-19,1.7428571428571427,5.957142857142856,18.414285714285715,3.7071428571428577,288.57142857142856,8.657142857142857,0.0,0.0,11.47857142857143,287.85714285714283,12.407142857142857
2016-05-20,1.7428571428571427,6.0,18.692857142857147,3.685714285714286,289.2857142857143,8.75,0.0,0.0,11.571428571428571,285.7142857142857,12.62857142857143
2016-05-21,1.7428571428571427,5.957142857142856,18.964285714285715,3.4142857142857146,289.2857142857143,8.27142857142857,0.0,0.0,11.461538461538462,283.0769230769231,12.764285714285714
2016-05-22,1.7428571428571427,5.835714285714286,19.085714285714285,3.271428571428572,289.2857142857143,8.171428571428573,0.0,0.0,11.253846153846155,283.0769230769231,12.792857142857143
2016-05-23,1.0,6.392857142857143,19.87857142857143,3.0142857142857147,276.42857142857144,7.95,0.0,0.0,10.976923076923075,268.46153846153845,13.207142857142856
2016-05-24,1.0,6.864285714285714,20.95,2.942857142857143,277.14285714285717,7.95,0.0,0.0,10.76923076923077,268.46153846153845,13.942857142857141
2016-05-25,1.0,7.535714285714286,21.464285714285715,3.0000000000000004,265.7142857142857,8.042857142857143,0.0,0.0,10.96923076923077,256.9230769230769,14.535714285714286
2016-05-26,1.0,8.214285714285714,22.021428571428572,3.0714285714285716,267.85714285714283,8.071428571428571,0.0,0.0,10.938461538461537,246.15384615384616,15.078571428571427
2016-05-27,1.0,8.65,22.02142857142857,3.0500000000000003,276.42857142857144,7.942857142857143,0.0,0.0,11.291666666666666,250.0,15.392857142857142
2016-05-28,0.7214285714285714,8.885714285714284,22.857142857142858,2.9928571428571433,276.42857142857144,7.721428571428572,0.0,0.0,11.216666666666667,250.83333333333334,15.985714285714286
2016-05-29,0.5428571428571428,9.764285714285714,23.571428571428573,2.8571428571428577,282.85714285714283,7.3428571428571425,0.0,0.0,10.658333333333333,261.6666666666667,16.70714285714286
2016-05-30,1.2285714285714284,10.792857142857143,25.0,2.7428571428571433,274.2857142857143,7.121428571428572,0.0,0.0,10.316666666666666,251.66666666666666,17.72857142857143
2016-05-31,1.2857142857142858,12.064285714285715,26.392857142857142,2.757142857142857,266.42857142857144,7.064285714285715,0.0,0.0,10.241666666666665,245.83333333333334,18.985714285714288
2016-06-01,1.2857142857142858,13.135714285714284,27.150000000000002,2.8714285714285714,265.7142857142857,7.064285714285715,0.0,0.0,10.133333333333333,245.83333333333334,19.95
2016-06-02,1.2857142857142858,13.657142857142858,27.785714285714285,2.8642857142857148,267.14285714285717,7.0,0.0,0.0,10.091666666666667,247.5,20.557142857142857
2016-06-03,1.2857142857142858,14.37142857142857,28.178571428571423,3.042857142857143,255.71428571428572,7.192857142857143,0.0,0.0,10.316666666666666,235.83333333333334,21.12857142857143
2016-06-04,1.2857142857142858,15.164285714285715,28.535714285714285,3.235714285714286,246.42857142857142,7.542857142857144,0.0,0.0,10.415384615384616,232.30769230769232,21.757142857142856
2016-06-05,1.2857142857142858,15.521428571428572,28.692857142857143,3.185714285714286,256.42857142857144,7.45,0.0,0.0,10.276923076923076,243.84615384615384,22.035714285714285
2016-06-06,3.8428571428571425,15.8,28.414285714285715,3.2428571428571433,264.2857142857143,7.542857142857144,0.0,0.0,10.307692307692308,251.53846153846155,22.114285714285717
2016-06-07,3.8428571428571425,16.242857142857144,28.414285714285715,3.35,257.14285714285717,7.485714285714286,0.0,0.0,10.376923076923077,243.84615384615384,22.35714285714286
2016-06-08,4.242857142857143,16.521428571428572,28.1,3.3071428571428574,266.42857142857144,7.578571428571429,0.0,0.0,10.376923076923077,253.07692307692307,22.342857142857145
2016-06-09,4.385714285714285,16.27857142857143,27.385714285714283,3.4714285714285715,263.57142857142856,7.771428571428571,0.0,0.0,10.653846153846153,263.0769230769231,21.957142857142856
2016-06-10,4.385714285714285,16.035714285714285,26.428571428571427,3.75,262.14285714285717,8.25,0.0,0.0,10.95,265.0,21.25714285714286
2016-06-11,4.207142857142857,15.442857142857141,25.557142857142857,3.707142857142857,272.14285714285717,8.435714285714285,0.0,0.0,10.95,275.0,20.37857142857143
2016-06-12,4.242857142857143,14.64285714285714,24.364285714285717,3.785714285714286,262.14285714285717,8.592857142857143,0.0,0.0,11.207142857142857,262.85714285714283,19.400000000000002
2016-06-13,3.442857142857143,14.049999999999999,23.52857142857143,3.942857142857143,272.14285714285717,8.878571428571428,0.0,0.0,11.564285714285715,272.85714285714283,18.67142857142857
2016-06-14,3.407142857142857,13.335714285714285,22.692857142857143,3.95,260.0,9.0,0.0,0.0,11.664285714285715,261.42857142857144,17.95
2016-06-15,3.407142857142857,12.864285714285714,22.457142857142856,3.8142857142857145,257.85714285714283,8.87142857142857,0.0,0.0,11.564285714285715,258.57142857142856,17.414285714285715
2016-06-16,3.407142857142857,12.62142857142857,22.571428571428573,3.757142857142857,257.14285714285717,8.935714285714285,0.0,0.0,11.599999999999998,257.85714285714283,17.42857142857143
2016-06-17,3.407142857142857,12.185714285714285,22.692857142857147,3.6214285714285714,267.14285714285717,8.835714285714285,0.0,0.0,11.37857142857143,267.85714285714283,17.314285714285713
2016-06-18,3.4642857142857144,11.714285714285714,22.61428571428571,3.507142857142857,278.57142857142856,8.9,0.0,0.0,11.378571428571428,278.57142857142856,17.014285714285716
2016-06-19,3.4642857142857144,11.635714285714284,22.892857142857142,3.471428571428572,257.14285714285717,8.835714285714285,0.0,0.0,11.314285714285715,256.42857142857144,17.071428571428573
2016-06-20,0.8357142857142856,11.671428571428573,23.685714285714283,3.5071428571428576,254.28571428571428,8.707142857142857,0.0,0.0,11.221428571428573,252.85714285714286,17.478571428571428
2016-06-21,1.0142857142857142,11.985714285714286,24.085714285714285,3.65,257.14285714285717,8.892857142857142,0.0,0.0,11.535714285714286,257.14285714285717,17.87857142857143
2016-06-22,0.6142857142857142,12.064285714285715,24.285714285714285,3.75,255.0,8.8,0.0,0.0,11.571428571428571,253.57142857142858,18.242857142857144
2016-06-23,1.25,12.264285714285714,24.442857142857143,3.5142857142857147,252.14285714285714,8.514285714285714,0.0,0.0,11.37857142857143,250.71428571428572,18.342857142857145
2016-06-24,1.25,12.507142857142856,25.242857142857144,3.257142857142857,255.0,8.22857142857143,0.0,0.0,10.928571428571429,255.0,18.87857142857143
2016-06-25,1.25,12.585714285714285,25.678571428571427,3.107142857142857,256.42857142857144,7.914285714285714,0.0,0.0,10.485714285714286,256.42857142857144,19.25714285714286
2016-06-26,1.2142857142857142,12.828571428571427,26.75,3.028571428571429,255.71428571428572,7.657142857142857,0.0,0.0,10.135714285714286,256.42857142857144,19.87142857142857
2016-06-27,1.0357142857142858,13.228571428571428,27.707142857142856,2.95,245.71428571428572,7.464285714285714,0.0,0.0,9.87857142857143,246.42857142857142,20.642857142857142
2016-06-28,1.1071428571428572,14.02142857142857,28.22142857142857,3.0714285714285716,257.14285714285717,7.564285714285715,0.0,0.0,10.035714285714286,259.2857142857143,21.435714285714287
2016-06-29,1.9428571428571428,14.65,28.535714285714285,3.2214285714285715,258.57142857142856,7.721428571428572,0.0,0.0,10.357142857142858,250.71428571428572,21.964285714285715
2016-06-30,2.1214285714285714,14.971428571428572,28.3,3.25,258.57142857142856,7.692857142857143,0.0,0.0,10.321428571428571,250.0,21.985714285714288
2016-07-01,2.1214285714285714,15.049999999999999,28.378571428571426,3.2142857142857144,259.2857142857143,7.471428571428571,0.0,0.0,10.099999999999998,250.71428571428572,22.057142857142857
2016-07-02,2.357142857142857,15.364285714285714,28.421428571428574,3.257142857142857,252.85714285714286,7.314285714285715,0.0,0.0,10.099999999999998,240.71428571428572,22.214285714285715
2016-07-03,2.357142857142857,15.364285714285714,27.707142857142856,3.4714285714285715,271.42857142857144,7.728571428571429,0.0,0.0,10.678571428571429,260.0,21.97142857142857
2016-07-04,2.357142857142857,15.049999999999999,27.428571428571427,3.4,280.0,7.7,0.0,0.0,10.642857142857142,267.14285714285717,21.657142857142855
2016-07-05,2.1785714285714284,14.735714285714284,27.271428571428572,3.235714285714286,275.0,7.478571428571429,0.0,0.0,10.164285714285715,262.14285714285717,21.435714285714287
2016-07-06,2.1785714285714284,14.857142857142858,27.707142857142856,3.092857142857143,277.85714285714283,7.257142857142857,0.0,0.0,9.778571428571428,267.85714285714283,21.528571428571432
2016-07-07,1.4000000000000001,15.292857142857143,28.621428571428574,3.0785714285714287,270.7142857142857,7.257142857142857,0.0,0.0,9.62142857142857,261.42857142857144,22.171428571428574
2016-07-08,1.8142857142857143,15.807142857142855,29.135714285714283,3.128571428571429,259.2857142857143,7.414285714285714,0.0,0.0,9.778571428571428,250.0,22.678571428571427
2016-07-09,1.8142857142857143,16.364285714285714,29.014285714285712,3.2285714285714286,257.14285714285717,7.478571428571429,0.0,0.0,9.87142857142857,247.14285714285714,22.87142857142857
2016-07-10,2.721428571428571,16.678571428571427,28.3,3.378571428571429,253.57142857142858,7.771428571428572,0.0,0.0,10.25,242.85714285714286,22.714285714285715
2016-07-11,3.2857142857142856,16.678571428571427,27.342857142857138,3.3285714285714287,262.85714285714283,7.678571428571429,0.0,0.0,10.12142857142857,252.85714285714286,22.178571428571427
2016-07-12,3.192857142857143,16.12142857142857,27.42142857142857,2.942857142857143,272.85714285714283,7.264285714285713,0.0,0.0,9.485714285714286,261.42857142857144,21.785714285714285
2016-07-13,2.357142857142857,15.728571428571428,27.37857142857143,2.771428571428572,264.2857142857143,7.014285714285714,0.0,0.0,9.1,261.42857142857144,21.67142857142857
2016-07-14,2.5785714285714283,15.885714285714286,27.935714285714287,2.957142857142857,253.57142857142858,7.264285714285714,0.0,0.0,9.450000000000001,250.0,22.007142857142856
2016-07-15,3.2857142857142856,16.521428571428572,28.057142857142857,3.185714285714286,242.85714285714286,7.614285714285715,0.0,0.0,9.992857142857144,239.28571428571428,22.29285714285714
2016-07-16,2.992857142857143,16.95714285714286,28.257142857142856,3.2071428571428577,237.85714285714286,7.55,0.0,0.0,9.799999999999999,238.57142857142858,22.550000000000004
2016-07-17,2.992857142857143,17.428571428571427,28.57857142857143,3.0785714285714287,237.85714285714286,7.2,0.0,0.0,9.285714285714286,234.28571428571428,22.849999999999998
2016-07-18,2.992857142857143,17.864285714285714,28.62142857142857,2.957142857142857,240.0,7.007142857142857,0.0,0.0,9.035714285714286,238.57142857142858,23.028571428571432
2016-07-19,3.4642857142857144,18.135714285714286,28.535714285714285,2.992857142857143,239.28571428571428,7.200000000000001,0.0,0.0,9.292857142857143,237.85714285714286,23.092857142857145
2016-07-20,3.4642857142857144,17.97142857142857,27.978571428571428,3.142857142857143,238.57142857142858,7.55,0.0,0.0,9.614285714285714,235.71428571428572,22.814285714285713
2016-07-21,3.4642857142857144,17.5,27.499999999999996,3.1071428571428577,249.28571428571428,7.55,0.0,0.0,9.578571428571427,245.71428571428572,22.378571428571426
2016-07-22,3.0500000000000003,17.1,27.342857142857145,3.2071428571428577,248.57142857142858,7.428571428571429,0.0,0.0,9.55,244.28571428571428,22.107142857142858
2016-07-23,3.6142857142857143,17.22142857142857,28.014285714285712,3.3500000000000005,248.57142857142858,7.871428571428572,0.0,0.0,10.185714285714285,245.0,22.535714285714285
2016-07-24,3.885714285714286,17.264285714285712,28.607142857142858,3.2214285714285715,264.2857142857143,8.507142857142856,0.0,0.0,10.985714285714286,261.42857142857144,22.807142857142857
2016-07-25,3.3214285714285716,17.264285714285712,29.085714285714285,3.15,267.14285714285717,8.35,0.0,0.0,10.792857142857143,263.57142857142856,23.02142857142857
2016-07-26,3.3428571428571425,17.464285714285715,29.20714285714286,3.2285714285714286,257.14285714285717,8.378571428571428,0.0,0.0,10.921428571428573,252.85714285714286,23.228571428571428
2016-07-27,3.3428571428571425,17.857142857142858,29.17142857142857,3.292857142857143,265.7142857142857,8.471428571428572,0.0,0.0,10.985714285714284,262.85714285714283,23.478571428571428
2016-07-28,2.942857142857143,17.735714285714288,29.12857142857143,3.085714285714286,266.42857142857144,8.25,0.0,0.0,10.72857142857143,264.2857142857143,23.400000000000002
2016-07-29,2.257142857142857,17.535714285714285,29.00714285714286,2.792857142857143,276.42857142857144,8.285714285714286,0.0,0.0,10.62857142857143,274.2857142857143,23.264285714285716
2016-07-30,2.257142857142857,17.378571428571426,28.807142857142857,2.7642857142857147,286.42857142857144,8.442857142857141,0.0,0.0,10.692857142857141,284.2857142857143,23.085714285714285
2016-07-31,2.257142857142857,17.064285714285713,28.885714285714283,2.7428571428571433,290.7142857142857,8.507142857142858,0.0,0.0,10.821428571428571,292.14285714285717,22.964285714285715
2016-08-01,2.257142857142857,16.82142857142857,28.807142857142857,2.814285714285714,276.42857142857144,8.507142857142858,0.0,0.0,10.821428571428571,282.85714285714283,22.835714285714285
2016-08-02,1.9642857142857146,16.742857142857144,28.214285714285715,2.65,272.85714285714283,8.285714285714286,0.0,0.0,10.564285714285715,277.14285714285717,22.578571428571426
2016-08-03,1.9642857142857146,16.907142857142855,28.52857142857143,2.542857142857143,271.42857142857144,8.0,0.0,0.0,10.435714285714287,272.14285714285717,22.642857142857142
2016-08-04,1.9642857142857146,17.22142857142857,28.728571428571428,2.635714285714286,260.7142857142857,8.0,0.0,0.0,10.528571428571428,260.7142857142857,22.900000000000002
2016-08-05,1.9642857142857146,17.7,28.807142857142857,2.714285714285715,261.42857142857144,8.064285714285715,0.0,0.0,10.557142857142859,261.42857142857144,23.12142857142857
2016-08-06,1.457142857142857,17.77857142857143,28.692857142857143,2.8142857142857145,252.14285714285714,7.935714285714285,0.0,0.0,10.335714285714287,251.42857142857142,23.02857142857143
2016-08-07,0.35000000000000003,17.77857142857143,28.735714285714284,2.9357142857142864,251.42857142857142,7.421428571428572,0.0,0.0,9.664285714285715,249.28571428571428,23.214285714285715
2016-08-08,0.40714285714285714,17.77857142857143,28.814285714285717,2.8857142857142857,226.42857142857142,7.707142857142856,0.0,0.0,9.985714285714286,249.28571428571428,23.278571428571432
2016-08-09,0.38571428571428573,17.535714285714285,28.849999999999998,2.8642857142857148,234.28571428571428,7.8357142857142845,0.0,0.0,10.107142857142858,257.14285714285717,23.207142857142856
2016-08-10,0.38571428571428573,17.142857142857142,29.00714285714286,2.792857142857143,224.28571428571428,7.742857142857143,0.0,0.0,10.014285714285716,246.42857142857142,23.0
2016-08-11,0.38571428571428573,17.54285714285714,28.928571428571427,3.028571428571429,224.28571428571428,7.935714285714285,0.0,0.0,10.242857142857144,245.0,23.078571428571426
2016-08-12,0.3642857142857143,17.77857142857143,29.407142857142855,3.135714285714286,214.28571428571428,7.614285714285714,0.0,0.0,9.892857142857142,235.71428571428572,23.4
2016-08-13,0.7999999999999999,17.857142857142858,29.607142857142858,3.2285714285714286,213.57142857142858,7.557142857142858,0.0,0.0,9.892857142857142,225.71428571428572,23.642857142857142
2016-08-14,1.3785714285714286,18.17142857142857,29.485714285714288,3.2714285714285714,201.42857142857142,7.6499999999999995,0.0,0.0,10.15,212.85714285714286,23.642857142857142
2016-08-15,1.4142857142857144,18.728571428571428,29.72142857142857,3.4142857142857146,204.28571428571428,7.964285714285714,0.0,0.0,10.528571428571428,211.42857142857142,24.02857142857143
2016-08-16,1.2357142857142858,18.728571428571428,30.199999999999996,3.407142857142858,220.0,7.9,0.0,0.0,10.37142857142857,226.42857142857142,24.25
2016-08-17,2.9214285714285717,18.728571428571428,29.964285714285715,3.4214285714285717,211.42857142857142,8.15,0.0,0.0,10.564285714285713,220.71428571428572,24.150000000000002
2016-08-18,2.9571428571428577,18.849999999999998,29.685714285714287,3.492857142857143,221.42857142857142,8.464285714285714,0.0,0.0,10.921428571428569,231.42857142857142,24.099999999999998
2016-08-19,2.9571428571428577,18.61428571428571,29.485714285714284,3.2642857142857147,232.14285714285714,8.335714285714285,0.0,0.0,10.700000000000001,242.85714285714286,23.878571428571426
2016-08-20,2.900000000000001,18.214285714285715,29.12857142857143,2.9071428571428575,242.14285714285714,7.985714285714286,0.0,0.0,10.321428571428571,252.85714285714286,23.571428571428573
2016-08-21,2.828571428571429,17.935714285714287,29.171428571428574,2.878571428571429,230.0,7.864285714285715,0.0,0.0,10.228571428571428,242.14285714285714,23.314285714285713
2016-08-22,3.2785714285714285,18.292857142857144,29.37142857142857,3.1214285714285714,242.14285714285714,8.121428571428572,0.0,0.0,10.642857142857142,228.57142857142858,23.614285714285717
2016-08-23,3.2785714285714285,18.214285714285715,28.821428571428573,3.278571428571429,244.28571428571428,8.249999999999998,0.0,0.0,10.807142857142855,231.42857142857142,23.485714285714288
2016-08-24,3.2785714285714285,18.014285714285716,28.507142857142856,3.335714285714286,244.28571428571428,8.314285714285713,0.0,0.0,10.835714285714285,232.14285714285714,23.192857142857143
2016-08-25,3.2785714285714285,17.614285714285714,28.428571428571427,3.2928571428571436,245.0,8.185714285714287,0.0,0.0,10.671428571428573,233.57142857142858,23.0
2016-08-26,3.2785714285714285,17.535714285714285,27.907142857142855,3.485714285714286,246.42857142857142,8.378571428571428,0.0,0.0,10.992857142857144,234.28571428571428,22.714285714285715
2016-08-27,2.9857142857142853,17.535714285714285,27.82857142857143,3.4142857142857146,247.14285714285714,8.342857142857143,0.0,0.0,11.028571428571427,243.57142857142858,22.635714285714283
2016-08-28,2.4071428571428575,17.45714285714286,28.107142857142858,3.3714285714285714,257.14285714285717,8.278571428571428,0.0,0.0,10.742857142857142,254.28571428571428,22.771428571428572
2016-08-29,2.3714285714285714,17.178571428571427,28.071428571428573,3.400000000000001,257.14285714285717,8.37857142857143,0.0,0.0,10.971428571428572,254.28571428571428,22.62142857142857
2016-08-30,2.3714285714285714,16.942857142857143,27.914285714285715,3.5500000000000003,255.0,8.628571428571428,0.0,0.0,11.357142857142858,255.0,22.650000000000002
2016-08-31,0.6857142857142857,16.7,27.992857142857144,3.5500000000000007,255.0,8.37857142857143,0.0,0.0,11.071428571428571,255.71428571428572,22.585714285714285
2016-09-01,0.9428571428571428,16.77857142857143,27.99285714285714,3.5357142857142856,245.71428571428572,8.128571428571428,0.0,0.0,10.75,247.14285714285714,22.557142857142857
2016-09-02,0.9428571428571428,16.62142857142857,27.671428571428574,3.592857142857143,222.14285714285714,8.257142857142858,0.0,0.0,10.878571428571428,247.14285714285714,22.492857142857144
2016-09-03,0.9428571428571428,16.385714285714286,27.314285714285717,3.7071428571428577,200.71428571428572,8.321428571428573,0.0,0.0,10.935714285714285,247.85714285714286,22.214285714285715
2016-09-04,0.9428571428571428,16.107142857142858,26.87142857142857,3.592857142857143,213.57142857142858,8.128571428571428,0.0,0.0,10.65,260.7142857142857,21.821428571428573
2016-09-05,0.43571428571428567,15.47142857142857,26.714285714285715,3.3071428571428574,215.0,7.585714285714286,0.0,0.0,9.885714285714286,264.2857142857143,21.38571428571429
2016-09-06,0.43571428571428567,15.628571428571428,27.264285714285712,3.0857142857142863,215.71428571428572,7.235714285714287,0.0,0.0,9.5,264.2857142857143,21.52857142857143
2016-09-07,0.43571428571428567,15.785714285714286,27.542857142857144,2.964285714285715,225.0,7.107142857142857,0.0,0.0,9.342857142857143,273.57142857142856,21.72857142857143
2016-09-08,0.43571428571428567,15.828571428571431,27.621428571428574,2.828571428571429,224.28571428571428,7.014285714285714,0.0,0.0,9.185714285714285,273.57142857142856,21.807142857142857
2016-09-09,0.6357142857142856,15.75,27.7,2.7071428571428577,223.57142857142858,6.978571428571429,0.0,0.0,9.085714285714285,273.57142857142856,21.835714285714285
2016-09-10,0.4928571428571428,15.707142857142856,27.699999999999996,2.6357142857142857,222.85714285714286,6.885714285714285,0.0,0.0,9.085714285714285,272.85714285714283,21.87142857142857
2016-09-11,0.4928571428571428,15.628571428571428,27.735714285714288,2.7428571428571433,213.57142857142858,7.207142857142857,0.0,0.0,9.564285714285715,263.57142857142856,21.878571428571426
2016-09-12,1.3285714285714285,15.157142857142857,27.49285714285714,2.771428571428572,219.28571428571428,7.3,0.0,0.0,9.657142857142857,267.85714285714283,21.82857142857143
2016-09-13,1.3285714285714285,14.721428571428572,27.37142857142857,2.6,209.28571428571428,7.05,0.0,0.0,9.307142857142859,257.14285714285717,21.264285714285712
2016-09-14,1.3285714285714285,14.564285714285713,27.49285714285714,2.692857142857143,208.57142857142858,7.242857142857142,0.0,0.0,9.557142857142859,256.42857142857144,21.221428571428568
2016-09-15,1.1285714285714286,14.12857142857143,27.178571428571423,2.7857142857142856,217.85714285714286,7.428571428571429,0.0,0.0,9.814285714285715,266.42857142857144,21.092857142857145
2016-09-16,1.1285714285714286,13.607142857142858,26.821428571428573,2.714285714285715,241.42857142857142,7.264285714285714,0.0,0.0,9.842857142857142,266.42857142857144,20.61428571428571
2016-09-17,1.1285714285714286,13.12857142857143,26.9,2.6214285714285714,254.28571428571428,7.235714285714286,0.0,0.0,9.721428571428573,254.28571428571428,20.321428571428573
2016-09-18,1.1285714285714286,13.442857142857141,26.985714285714288,3.0142857142857147,242.14285714285714,7.65,0.0,0.0,10.357142857142858,242.14285714285714,20.521428571428572
2016-09-19,1.3285714285714285,13.992857142857142,26.942857142857143,3.3000000000000003,240.71428571428572,7.935714285714285,0.0,0.0,10.964285714285714,239.28571428571428,20.764285714285712
2016-09-20,1.3499999999999999,14.314285714285715,26.70714285714286,3.3928571428571432,230.0,8.028571428571428,0.0,0.0,11.0,230.0,20.857142857142858
2016-09-21,1.3499999999999999,14.592857142857142,26.585714285714285,3.5571428571428574,220.71428571428572,8.221428571428572,0.0,0.0,11.321428571428571,220.0,20.957142857142856
2016-09-22,1.3499999999999999,14.235714285714284,26.35,3.521428571428572,220.0,8.185714285714285,0.0,0.0,11.321428571428571,219.28571428571428,20.792857142857144
2016-09-23,1.15,13.721428571428572,26.314285714285713,3.3928571428571432,229.28571428571428,7.964285714285714,0.0,0.0,11.099999999999998,217.85714285714286,20.464285714285715
2016-09-24,2.057142857142857,13.092857142857142,25.4,3.3857142857142857,230.71428571428572,7.964285714285714,0.0,0.0,10.907142857142858,219.28571428571428,19.72142857142857
2016-09-25,2.057142857142857,12.421428571428573,24.607142857142858,3.3642857142857143,240.0,7.8,0.0,0.0,10.678571428571429,230.0,18.95
2016-09-26,1.2214285714285713,11.82142857142857,23.857142857142858,3.1571428571428575,244.28571428571428,7.514285714285713,0.0,0.0,10.292857142857143,235.71428571428572,18.064285714285713
2016-09-27,1.3142857142857143,11.421428571428573,23.535714285714285,3.271428571428572,244.28571428571428,7.7,0.0,0.0,10.578571428571427,236.42857142857142,17.664285714285715
2016-09-28,1.4928571428571427,11.5,23.214285714285715,3.257142857142857,245.0,7.635714285714286,0.0,0.0,10.578571428571427,237.85714285714286,17.557142857142857
2016-09-29,1.4,11.421428571428569,23.25,3.0571428571428574,230.0,7.45,0.0,0.0,10.257142857142856,221.42857142857142,17.27142857142857
2016-09-30,1.4,11.499999999999998,23.37142857142857,3.1000000000000005,228.57142857142858,7.485714285714286,0.0,0.0,10.1,219.28571428571428,17.307142857142857
2016-10-01,1.4,11.821428571428571,23.014285714285712,3.128571428571429,220.71428571428572,7.357142857142857,0.0,0.0,10.035714285714286,213.57142857142858,17.364285714285717
2016-10-02,1.4,11.585714285714285,22.335714285714285,2.807142857142857,215.71428571428572,6.971428571428571,0.0,0.0,9.428571428571429,207.14285714285714,16.957142857142856
2016-10-03,1.2214285714285713,11.15,21.585714285714285,2.6857142857142864,215.71428571428572,6.778571428571429,0.0,0.0,9.042857142857143,207.85714285714286,16.357142857142858
2016-10-04,1.342857142857143,10.75,20.91428571428571,2.571428571428572,227.85714285714286,6.685714285714286,0.0,0.0,8.942857142857141,219.28571428571428,15.8
2016-10-05,1.3785714285714286,10.39285714285714,20.27857142857143,2.4214285714285717,229.28571428571428,6.428571428571429,0.0,0.0,8.557142857142857,220.71428571428572,15.314285714285713
2016-10-06,1.3785714285714286,10.192857142857141,19.92142857142857,2.342857142857143,231.42857142857142,6.271428571428571,0.0,0.0,8.364285714285714,222.85714285714286,14.871428571428572
2016-10-07,1.3785714285714286,9.792857142857143,19.564285714285717,2.3000000000000003,222.14285714285714,6.335714285714286,0.0,0.0,8.335714285714285,222.14285714285714,14.528571428571427
2016-10-08,0.47142857142857125,9.707142857142857,20.07857142857143,2.3500000000000005,211.42857142857142,6.4,0.0,0.0,8.428571428571429,212.14285714285714,14.578571428571427
2016-10-09,0.507142857142857,10.064285714285713,20.24285714285714,2.5571428571428574,201.42857142857142,6.5,0.0,0.0,8.62142857142857,201.42857142857142,15.042857142857143
2016-10-10,0.507142857142857,10.464285714285714,20.042857142857144,2.692857142857143,204.28571428571428,6.5,0.0,0.0,8.592857142857143,202.85714285714286,15.171428571428569
2016-10-11,0.41428571428571415,10.428571428571429,19.492857142857144,2.757142857142857,215.0,6.564285714285715,0.0,0.0,8.62142857142857,212.14285714285714,15.028571428571428
2016-10-12,0.23571428571428557,9.635714285714286,19.25714285714286,2.585714285714286,211.42857142857142,6.271428571428571,0.0,0.0,8.178571428571429,208.57142857142858,14.385714285714284
2016-10-13,0.23571428571428557,9.357142857142858,19.221428571428568,2.8000000000000003,217.14285714285714,6.457142857142856,0.0,0.0,8.592857142857143,214.28571428571428,14.264285714285716
2016-10-14,0.47142857142857125,9.321428571428571,18.864285714285717,3.1142857142857143,207.14285714285714,6.807142857142857,0.0,0.0,9.264285714285714,205.71428571428572,14.200000000000001
2016-10-15,0.47142857142857125,8.764285714285714,18.385714285714283,3.1142857142857143,224.28571428571428,7.0,0.0,0.0,9.450000000000001,223.57142857142858,13.742857142857142
2016-10-16,0.47142857142857125,7.971428571428571,18.428571428571427,3.2142857142857144,230.0,7.257142857142857,0.0,0.0,9.864285714285716,228.57142857142858,13.285714285714286
2016-10-17,0.44999999999999984,7.892857142857143,18.585714285714285,3.4,230.71428571428572,7.578571428571428,0.0,0.0,10.342857142857143,228.57142857142858,13.314285714285715
2016-10-18,0.3285714285714284,7.578571428571428,18.664285714285715,3.45,228.57142857142858,7.671428571428571,0.0,0.0,10.442857142857141,226.42857142857142,13.271428571428572
2016-10-19,0.36428571428571416,7.621428571428572,19.178571428571427,3.685714285714286,227.85714285714286,8.342857142857143,0.0,0.0,11.271428571428572,226.42857142857142,13.5
2016-10-20,0.36428571428571416,7.5,19.099999999999998,3.828571428571429,236.42857142857142,8.721428571428572,0.0,0.0,11.721428571428572,233.57142857142858,13.764285714285714
2016-10-21,0.6571428571428569,7.464285714285714,18.464285714285715,3.8071428571428574,231.42857142857142,8.5,0.0,0.0,11.464285714285714,232.85714285714286,13.464285714285714
2016-10-22,1.2928571428571427,7.464285714285714,17.95,3.8642857142857143,241.42857142857142,8.564285714285713,0.0,0.0,11.5,242.85714285714286,13.221428571428572
2016-10-23,3.142857142857143,6.785714285714286,17.15,3.814285714285714,249.28571428571428,8.464285714285714,0.0,0.0,11.407142857142857,250.71428571428572,12.464285714285714
2016-10-24,3.307142857142857,6.428571428571429,16.95,4.000000000000001,245.0,8.685714285714287,0.0,0.0,11.821428571428571,246.42857142857142,11.985714285714286
2016-10-25,3.307142857142857,6.542857142857143,16.82857142857143,4.178571428571429,243.57142857142858,8.785714285714286,0.0,0.0,11.950000000000001,246.42857142857142,11.964285714285714
2016-10-26,3.307142857142857,6.7,15.835714285714287,4.55,256.42857142857144,9.235714285714286,0.0,0.0,12.557142857142859,259.2857142857143,11.700000000000001
2016-10-27,3.364285714285714,6.221428571428571,14.564285714285715,4.421428571428572,266.42857142857144,9.078571428571427,0.0,0.0,12.207142857142857,270.0,10.885714285714286
2016-10-28,3.542857142857143,5.585714285714286,13.814285714285715,4.1000000000000005,263.57142857142856,8.792857142857143,0.0,0.0,11.664285714285715,267.14285714285717,10.035714285714286
2016-10-29,3.85,5.621428571428572,13.457142857142856,4.15,263.57142857142856,8.821428571428571,0.0,0.0,11.728571428571428,267.14285714285717,9.742857142857144
2016-10-30,4.321428571428571,5.8999999999999995,13.02142857142857,4.171428571428572,263.57142857142856,8.821428571428571,0.0,0.0,11.6,268.57142857142856,9.607142857142858
2016-10-31,4.321428571428571,5.385714285714286,12.342857142857142,3.9571428571428577,273.57142857142856,8.564285714285715,0.0,0.0,11.214285714285714,280.0,9.107142857142858
2016-11-01,4.335714285714285,4.792857142857143,11.471428571428572,4.128571428571429,273.57142857142856,8.72857142857143,0.0,0.0,11.4,280.0,8.435714285714285
2016-11-02,4.264285714285714,3.728571428571428,10.4,4.164285714285715,270.7142857142857,8.535714285714286,0.0,0.0,11.307142857142859,280.0,7.392857142857143
2016-11-03,4.264285714285714,3.849999999999999,10.157142857142857,4.242857142857143,260.0,8.571428571428571,0.0,0.0,11.400000000000002,270.7142857142857,7.007142857142858
2016-11-04,4.785714285714286,3.8857142857142852,9.921428571428573,4.307142857142858,276.42857142857144,8.792857142857143,0.0,0.0,11.75,283.57142857142856,6.971428571428571
2016-11-05,4.314285714285714,3.099999999999999,9.242857142857144,4.3428571428571425,275.7142857142857,8.914285714285715,0.0,0.0,11.971428571428572,281.42857142857144,6.492857142857143
2016-11-06,2.4499999999999997,2.7928571428571423,9.207142857142857,4.05,268.57142857142856,8.664285714285715,0.0,0.0,11.492857142857144,274.2857142857143,6.157142857142857
2016-11-07,2.3928571428571423,2.4428571428571426,8.928571428571429,3.7857142857142856,270.7142857142857,8.478571428571428,0.0,0.0,11.078571428571431,277.85714285714283,6.171428571428572
2016-11-08,2.3928571428571423,1.9785714285714282,9.007142857142856,3.3642857142857143,262.14285714285717,7.935714285714286,0.0,0.0,10.407142857142857,269.2857142857143,5.821428571428571
2016-11-09,2.3928571428571423,1.671428571428571,9.764285714285714,3.0428571428571436,254.28571428571428,7.742857142857143,0.0,0.0,10.021428571428572,260.7142857142857,5.892857142857143
2016-11-10,2.392857142857143,1.7928571428571425,10.157142857142857,3.057142857142857,255.0,7.871428571428572,0.0,0.0,10.214285714285714,260.7142857142857,6.185714285714285
2016-11-11,1.9785714285714282,1.721428571428571,10.392857142857142,3.257142857142857,258.57142857142856,8.092857142857143,0.0,0.0,10.692857142857145,263.57142857142856,6.314285714285715
2016-11-12,1.7785714285714282,1.6071428571428565,10.635714285714286,3.592857142857143,257.14285714285717,8.542857142857143,0.0,0.0,11.235714285714286,262.14285714285717,6.5
2016-11-13,1.307142857142857,1.2142857142857137,10.357142857142858,3.5785714285714287,256.42857142857144,8.507142857142858,0.0,0.0,11.3,260.7142857142857,6.321428571428571
2016-11-14,1.307142857142857,0.8999999999999995,10.635714285714286,3.5714285714285716,246.42857142857142,8.442857142857143,0.0,0.0,11.171428571428573,250.0,6.257142857142857
2016-11-15,1.2714285714285711,1.0928571428571423,11.264285714285716,3.464285714285715,237.85714285714286,8.314285714285715,0.0,0.0,11.078571428571431,240.71428571428572,6.5857142857142845
2016-11-16,1.5785714285714285,1.4428571428571424,11.542857142857143,3.1214285714285714,250.71428571428572,7.771428571428571,0.0,0.0,10.214285714285714,250.71428571428572,6.828571428571428
2016-11-17,1.7071428571428569,1.0428571428571423,10.828571428571431,2.9285714285714293,260.7142857142857,7.421428571428572,0.0,0.0,9.707142857142856,261.42857142857144,6.421428571428571
2016-11-18,0.8928571428571426,0.685714285714285,10.628571428571428,2.892857142857143,259.2857142857143,7.357142857142857,0.0,0.0,9.578571428571427,237.85714285714286,6.178571428571429
2016-11-19,0.7285714285714283,0.9999999999999993,10.950000000000001,2.65,250.71428571428572,6.878571428571428,0.0,0.0,8.971428571428572,231.42857142857142,6.285714285714286
2016-11-20,0.707142857142857,1.1142857142857137,11.664285714285715,2.735714285714286,249.28571428571428,7.007142857142858,0.0,0.0,9.257142857142856,229.28571428571428,6.607142857142857
2016-11-21,1.8714285714285712,1.1142857142857137,11.785714285714286,2.778571428571429,245.71428571428572,7.064285714285714,3.5714285714285716,4.0,9.35,226.42857142857142,6.521428571428571
2016-11-22,1.9642857142857142,1.1499999999999997,10.957142857142857,3.192857142857143,251.42857142857142,7.571428571428571,9.285714285714286,4.714285714285714,10.178571428571429,230.0,6.214285714285714
2016-11-23,2.0,1.1857142857142853,9.807142857142859,3.485714285714286,259.2857142857143,7.792857142857143,12.857142857142858,5.642857142857143,10.657142857142857,237.14285714285714,5.785714285714286
2016-11-24,1.9428571428571428,0.9142857142857137,9.292857142857143,3.45,257.14285714285717,7.700000000000001,16.428571428571427,5.642857142857143,10.621428571428572,235.71428571428572,5.257142857142857
2016-11-25,2.1999999999999997,0.9499999999999994,8.814285714285713,3.2357142857142853,256.42857142857144,7.285714285714286,20.0,7.785714285714286,9.885714285714286,234.28571428571428,4.985714285714286
2016-11-26,2.1285714285714286,0.9071428571428566,8.414285714285715,2.7714285714285714,247.14285714285714,6.55,20.0,7.785714285714286,9.028571428571428,224.28571428571428,4.664285714285714
2016-11-27,2.1857142857142855,1.1428571428571423,8.37142857142857,2.578571428571429,235.71428571428572,6.235714285714286,20.0,7.785714285714286,8.585714285714285,237.14285714285714,4.721428571428571
2016-11-28,2.1857142857142855,1.1428571428571423,7.6571428571428575,2.542857142857143,246.42857142857142,6.235714285714286,20.0,7.785714285714286,8.528571428571428,247.14285714285714,4.392857142857143
2016-11-29,2.1857142857142855,0.7142857142857136,6.907142857142857,2.464285714285715,256.42857142857144,6.171428571428571,20.0,7.785714285714286,8.4,258.57142857142856,3.8000000000000003
2016-11-30,2.257142857142857,0.4428571428571423,6.235714285714286,2.6571428571428575,242.14285714285714,6.428571428571429,20.0,7.785714285714286,8.75,244.28571428571428,3.414285714285714
2016-12-01,2.164285714285714,0.4428571428571423,6.3999999999999995,2.7928571428571436,229.28571428571428,6.935714285714286,20.0,7.785714285714286,9.514285714285714,229.28571428571428,3.3357142857142854
2016-12-02,2.9285714285714284,0.6857142857142852,6.521428571428571,3.007142857142857,215.71428571428572,7.4142857142857155,20.0,7.785714285714286,10.121428571428572,237.85714285714286,3.435714285714286
2016-12-03,2.9642857142857144,0.6857142857142852,6.2,3.242857142857143,224.28571428571428,7.771428571428571,20.0,7.785714285714286,10.6,246.42857142857142,3.307142857142857
2016-12-04,2.9642857142857144,0.6857142857142852,5.085714285714286,3.5142857142857147,235.71428571428572,7.957142857142856,20.0,7.785714285714286,10.792857142857143,256.42857142857144,2.9214285714285717
2016-12-05,1.6928571428571428,0.5285714285714281,4.571428571428571,3.5000000000000004,239.28571428571428,7.9,16.428571428571427,3.7857142857142856,10.728571428571428,258.57142857142856,2.592857142857143
2016-12-06,2.0,0.4142857142857137,4.807142857142857,3.25,233.57142857142858,7.6499999999999995,12.857142857142858,8.357142857142858,10.221428571428572,254.28571428571428,2.564285714285714
2016-12-07,1.9642857142857142,0.33571428571428513,4.964285714285714,2.9214285714285717,214.28571428571428,7.207142857142857,12.857142857142858,7.428571428571429,9.521428571428572,236.42857142857142,2.614285714285714
2016-12-08,2.057142857142857,0.3714285714285709,5.085714285714286,2.964285714285715,205.71428571428572,7.299999999999999,12.857142857142858,8.142857142857142,9.557142857142859,226.42857142857142,2.6785714285714284
2016-12-09,1.857142857142857,0.4499999999999994,5.164285714285714,3.1000000000000005,211.42857142857142,7.521428571428571,11.428571428571429,6.571428571428571,10.035714285714286,235.0,2.8000000000000003
2016-12-10,1.842857142857143,-0.021428571428571987,4.8500000000000005,3.521428571428572,221.42857142857142,7.964285714285714,13.571428571428571,6.928571428571429,10.642857142857142,243.57142857142858,2.471428571428571
2016-12-11,1.7857142857142858,-0.6500000000000006,4.107142857142857,3.6785714285714293,243.57142857142858,8.278571428571428,13.571428571428571,7.285714285714286,11.085714285714287,242.85714285714286,1.792857142857143
2016-12-12,1.7857142857142858,-1.4000000000000006,3.757142857142857,3.714285714285715,232.85714285714286,8.25,13.571428571428571,7.285714285714286,11.05,230.0,1.207142857142857
2016-12-13,2.292857142857143,-1.478571428571429,3.7571428571428567,3.878571428571429,230.0,8.535714285714286,19.285714285714285,13.071428571428571,11.464285714285714,225.71428571428572,1.0285714285714287
2016-12-14,1.9142857142857141,-1.678571428571429,3.435714285714286,3.95,233.57142857142858,8.721428571428572,25.0,13.071428571428571,11.721428571428572,230.0,0.8785714285714287
2016-12-15,1.9142857142857141,-2.4214285714285717,2.757142857142857,4.092857142857143,241.42857142857142,8.592857142857143,30.714285714285715,13.642857142857142,11.5,239.28571428571428,0.3214285714285715
2016-12-16,1.2428571428571427,-4.1642857142857155,1.65,4.3,254.28571428571428,8.757142857142856,36.42857142857143,15.285714285714286,11.821428571428571,252.85714285714286,-0.8142857142857142
2016-12-17,1.207142857142857,-5.742857142857143,0.42857142857142844,4.357142857142857,252.85714285714286,9.007142857142858,36.42857142857143,15.285714285714286,12.207142857142857,252.14285714285714,-2.4285714285714284
2016-12-18,1.4785714285714284,-6.4142857142857155,0.2714285714285713,4.171428571428572,242.85714285714286,8.97857142857143,42.142857142857146,20.714285714285715,12.142857142857142,243.57142857142858,-3.107142857142857
2016-12-19,2.4785714285714286,-6.971428571428572,0.5857142857142856,4.378571428571429,231.42857142857142,9.292857142857143,47.857142857142854,20.714285714285715,12.557142857142859,232.14285714285714,-3.0285714285714285
2016-12-20,2.0785714285714283,-7.885714285714286,-0.12142857142857151,4.3500000000000005,230.71428571428572,9.257142857142858,47.857142857142854,15.428571428571429,12.52142857142857,231.42857142857142,-3.714285714285714
2016-12-21,2.0785714285714287,-8.635714285714288,-0.5142857142857143,4.75,240.71428571428572,9.828571428571427,46.42857142857143,15.428571428571429,13.349999999999998,240.71428571428572,-4.271428571428571
2016-12-22,1.9857142857142858,-8.792857142857143,-0.43571428571428583,4.8500000000000005,240.71428571428572,9.828571428571427,45.0,14.714285714285714,13.37857142857143,240.71428571428572,-4.357142857142857
2016-12-23,2.142857142857143,-8.907142857142857,-0.55,4.828571428571429,235.0,9.828571428571427,46.42857142857143,16.857142857142858,13.25,232.85714285714286,-4.464285714285714
2016-12-24,2.1214285714285714,-8.55,-0.19285714285714292,4.642857142857143,225.71428571428572,9.642857142857142,47.857142857142854,16.5,12.992857142857142,225.71428571428572,-4.178571428571429
2016-12-25,2.1214285714285714,-7.921428571428572,0.47142857142857136,4.771428571428571,215.0,9.771428571428572,51.42857142857143,16.142857142857142,13.157142857142857,214.28571428571428,-3.5500000000000003
2016-12-26,2.142857142857143,-7.921428571428572,0.9428571428571428,4.921428571428572,225.71428571428572,10.214285714285714,53.57142857142857,16.142857142857142,13.735714285714286,227.14285714285714,-3.0785714285714287
2016-12-27,1.8928571428571426,-8.357142857142858,1.0214285714285714,5.071428571428572,217.14285714285714,10.664285714285715,47.857142857142854,10.357142857142858,14.342857142857143,220.0,-3.4071428571428575
2016-12-28,1.9857142857142858,-7.964285714285715,1.457142857142857,5.192857142857143,217.14285714285714,10.892857142857142,42.142857142857146,10.357142857142858,14.692857142857141,220.0,-3.0785714285714287
2016-12-29,1.9714285714285713,-7.928571428571429,1.5,5.035714285714286,223.57142857142858,10.671428571428569,36.42857142857143,11.428571428571429,14.4,225.71428571428572,-3.0357142857142856
2016-12-30,2.2785714285714285,-6.892857142857144,1.9285714285714286,4.714285714285714,210.71428571428572,10.37857142857143,30.714285714285715,15.071428571428571,13.985714285714286,212.85714285714286,-2.6571428571428575
2016-12-31,2.2785714285714285,-6.021428571428572,2.6785714285714284,4.778571428571429,208.57142857142858,10.221428571428572,36.42857142857143,15.071428571428571,13.764285714285716,208.57142857142858,-1.4642857142857142
2017-01-01,2.007142857142857,-6.142857142857143,2.7214285714285715,4.9071428571428575,208.57142857142858,10.35,36.42857142857143,9.642857142857142,14.049999999999999,207.14285714285714,-1.3357142857142856
2017-01-02,1.0071428571428571,-5.707142857142857,2.5214285714285714,4.778571428571429,210.0,10.221428571428572,34.285714285714285,9.642857142857142,13.864285714285714,207.85714285714286,-1.3214285714285714
2017-01-03,1.0071428571428571,-5.071428571428571,3.385714285714286,4.678571428571429,210.71428571428572,10.028571428571427,35.714285714285715,9.642857142857142,13.614285714285716,208.57142857142858,-0.6928571428571428
2017-01-04,1.2642857142857142,-4.278571428571429,3.978571428571428,4.4071428571428575,208.57142857142858,9.742857142857142,37.142857142857146,9.642857142857142,13.392857142857142,207.85714285714286,-0.021428571428571415
2017-01-05,1.557142857142857,-4.278571428571429,4.057142857142857,4.378571428571429,211.42857142857142,9.707142857142857,35.0,9.642857142857142,13.742857142857142,213.57142857142858,0.20714285714285713
2017-01-06,1.364285714285714,-4.557142857142858,3.8642857142857143,4.485714285714286,217.85714285714286,9.964285714285714,31.428571428571427,7.5,14.35,220.0,-0.00714285714285715
2017-01-07,1.364285714285714,-4.992857142857143,3.2357142857142853,4.357142857142858,221.42857142857142,9.964285714285712,27.857142857142858,7.5,14.250000000000002,225.0,-0.4642857142857143
2017-01-08,1.364285714285714,-5.9785714285714295,2.5714285714285716,4.15,234.28571428571428,9.65,24.285714285714285,7.5,13.771428571428572,235.71428571428572,-1.1999999999999997
2017-01-09,1.3428571428571427,-6.378571428571429,1.55,3.971428571428572,232.85714285714286,9.457142857142857,22.142857142857142,7.857142857142857,13.514285714285716,235.0,-2.1
2017-01-10,1.0857142857142856,-6.814285714285715,0.6857142857142857,3.9071428571428575,233.57142857142858,9.071428571428571,22.142857142857142,7.857142857142857,13.164285714285713,234.28571428571428,-2.55
2017-01-11,0.9928571428571429,-7.485714285714286,0.3714285714285714,3.9785714285714286,233.57142857142858,9.135714285714284,22.142857142857142,8.428571428571429,13.22857142857143,234.28571428571428,-3.3214285714285716
2017-01-12,1.3142857142857143,-6.971428571428572,1.0428571428571427,4.271428571428572,222.85714285714286,9.678571428571429,22.142857142857142,6.785714285714286,14.064285714285715,222.85714285714286,-2.95
2017-01-13,0.9857142857142857,-6.2285714285714295,1.8357142857142856,4.592857142857143,226.42857142857142,9.842857142857143,22.142857142857142,1.5,14.314285714285715,226.42857142857142,-2.15
2017-01-14,0.9857142857142857,-6.471428571428572,2.307142857142857,4.692857142857143,230.0,10.192857142857141,16.428571428571427,1.5,14.62857142857143,230.71428571428572,-1.957142857142857
2017-01-15,0.9857142857142857,-6.707142857142857,1.8785714285714286,4.464285714285714,241.42857142857142,9.842857142857143,10.714285714285714,1.5,14.021428571428572,243.57142857142858,-2.307142857142857
2017-01-16,1.0071428571428571,-7.064285714285716,1.492857142857143,4.364285714285715,252.14285714285714,9.657142857142858,7.142857142857143,2.4285714285714284,13.828571428571427,256.42857142857144,-2.7571428571428567
2017-01-17,1.0071428571428571,-7.385714285714286,1.3714285714285714,4.500000000000001,252.85714285714286,10.071428571428571,3.5714285714285716,2.4285714285714284,14.335714285714285,256.42857142857144,-3.007142857142857
2017-01-18,1.1642857142857141,-7.864285714285715,1.2857142857142858,4.385714285714286,255.71428571428572,10.007142857142858,0.0,6.071428571428571,13.985714285714284,258.57142857142856,-3.3071428571428574
2017-01-19,1.05,-7.628571428571428,1.0500000000000003,4.292857142857143,251.42857142857142,9.821428571428571,5.714285714285714,7.5,13.37857142857143,254.28571428571428,-3.4071428571428575
2017-01-20,1.0285714285714285,-7.157142857142858,1.4000000000000001,4.028571428571429,257.85714285714283,9.342857142857143,9.285714285714286,6.928571428571429,12.421428571428573,260.0,-3.0500000000000003
2017-01-21,1.0285714285714285,-6.607142857142857,1.8642857142857143,4.078571428571429,253.57142857142858,9.342857142857143,11.428571428571429,6.928571428571429,12.457142857142856,254.28571428571428,-2.585714285714286
2017-01-22,1.0285714285714285,-5.542857142857144,2.65,4.042857142857144,242.14285714285714,9.307142857142859,11.428571428571429,6.928571428571429,12.392857142857142,244.28571428571428,-1.8000000000000003
2017-01-23,1.0285714285714285,-4.357142857142858,3.592857142857143,4.0357142857142865,243.57142857142858,8.992857142857144,11.428571428571429,6.571428571428571,12.007142857142856,245.71428571428572,-0.7500000000000001
2017-01-24,1.05,-3.1714285714285717,4.378571428571428,3.9142857142857146,238.57142857142858,8.835714285714285,11.428571428571429,6.571428571428571,11.657142857142858,240.71428571428572,0.24999999999999986
2017-01-25,2.6999999999999997,-2.771428571428572,4.142857142857143,3.778571428571429,249.28571428571428,8.385714285714286,11.428571428571429,9.642857142857142,11.049999999999999,250.71428571428572,0.6642857142857143
2017-01-26,2.4642857142857144,-3.0428571428571436,3.4714285714285715,3.4142857142857146,258.57142857142856,7.814285714285714,17.142857142857142,11.071428571428571,10.12142857142857,261.42857142857144,0.20714285714285705
2017-01-27,2.5571428571428574,-3.478571428571429,3.0,3.15,258.57142857142856,7.428571428571429,19.285714285714285,11.071428571428571,9.549999999999999,260.7142857142857,-0.26428571428571435
2017-01-28,2.65,-2.8000000000000003,2.642857142857143,3.057142857142857,255.0,7.142857142857143,22.857142857142858,12.0,9.328571428571427,257.14285714285717,-0.3
2017-01-29,2.65,-1.928571428571429,3.15,3.1642857142857146,251.42857142857142,7.271428571428571,22.857142857142858,12.0,9.521428571428572,250.71428571428572,0.45
2017-01-30,2.6285714285714286,-1.371428571428572,3.5,3.307142857142857,241.42857142857142,7.271428571428572,25.0,11.071428571428571,9.485714285714286,238.57142857142858,0.8357142857142857
2017-01-31,2.6285714285714286,-1.2500000000000004,3.1142857142857143,3.335714285714286,227.85714285714286,7.114285714285714,27.142857142857142,11.428571428571429,9.22857142857143,247.85714285714286,0.9357142857142858
2017-02-01,2.2142857142857144,-1.6071428571428577,2.607142857142857,3.4142857142857146,227.85714285714286,7.114285714285715,29.285714285714285,7.785714285714286,9.35,246.42857142857142,0.5142857142857142
2017-02-02,2.178571428571429,-2.1571428571428575,2.4499999999999997,3.3000000000000003,239.28571428571428,7.05,27.142857142857142,8.928571428571429,9.192857142857145,247.14285714285714,0.12857142857142853
2017-02-03,2.2,-2.7071428571428577,2.1714285714285713,3.4928571428571433,232.85714285714286,7.3999999999999995,27.142857142857142,9.5,9.671428571428573,242.85714285714286,-0.22857142857142862
2017-02-04,2.3285714285714287,-3.2928571428571436,1.6642857142857144,3.507142857142857,240.0,7.521428571428572,28.571428571428573,12.428571428571429,9.764285714285714,248.57142857142858,-0.7428571428571429
2017-02-05,2.3285714285714287,-4.042857142857144,1.0714285714285716,3.6642857142857146,243.57142857142858,7.778571428571428,32.142857142857146,12.428571428571429,10.142857142857142,252.14285714285714,-1.3642857142857143
2017-02-06,2.3285714285714287,-4.471428571428572,0.9142857142857144,3.885714285714286,242.14285714285714,8.192857142857143,34.285714285714285,12.785714285714286,10.814285714285715,250.0,-1.7285714285714284
2017-02-07,2.4357142857142864,-5.17857142857143,0.5214285714285716,3.8714285714285714,256.42857142857144,8.378571428571428,37.857142857142854,18.071428571428573,11.1,265.7142857142857,-2.242857142857143
2017-02-08,1.1142857142857143,-5.614285714285714,0.47857142857142865,3.721428571428572,246.42857142857142,8.471428571428572,47.142857142857146,16.428571428571427,11.228571428571428,255.71428571428572,-2.742857142857143
2017-02-09,1.0285714285714287,-5.771428571428572,0.8357142857142857,4.0,235.71428571428572,8.85,48.57142857142857,15.0,11.992857142857144,245.0,-2.4714285714285715
2017-02-10,1.0785714285714287,-6.835714285714286,0.1285714285714287,4.092857142857143,245.0,8.885714285714286,53.57142857142857,17.928571428571427,12.057142857142855,232.85714285714286,-3.2857142857142856
2017-02-11,1.0214285714285716,-7.785714285714286,-0.857142857142857,4.05,247.85714285714286,9.042857142857143,57.142857142857146,17.357142857142858,12.278571428571428,237.14285714285714,-4.321428571428571
2017-02-12,1.1142857142857143,-8.57857142857143,-1.364285714285714,3.95,235.71428571428572,8.785714285714286,64.28571428571429,18.428571428571427,11.928571428571429,227.85714285714286,-5.0
2017-02-13,1.9285714285714286,-9.335714285714287,-1.714285714285714,3.75,232.85714285714286,8.842857142857143,69.28571428571429,32.214285714285715,12.028571428571428,225.71428571428572,-5.607142857142857
2017-02-14,2.2214285714285715,-9.1,-1.714285714285714,3.85,255.71428571428572,9.064285714285715,88.57142857142857,38.357142857142854,12.35,225.71428571428572,-5.607142857142857
2017-02-15,2.2214285714285715,-8.9,-1.4428571428571426,3.8642857142857148,264.2857142857143,9.035714285714286,106.42857142857143,38.357142857142854,12.164285714285713,235.0,-5.342857142857143
2017-02-16,2.7714285714285714,-8.664285714285715,-1.3285714285714285,3.9714285714285715,266.42857142857144,9.12857142857143,120.71428571428571,47.42857142857143,12.357142857142858,232.14285714285714,-5.014285714285714
2017-02-17,3.007142857142857,-8.507142857142858,-1.4785714285714284,4.007142857142858,267.85714285714283,9.092857142857143,144.28571428571428,52.142857142857146,12.357142857142858,232.85714285714286,-5.078571428571429
2017-02-18,2.8785714285714286,-8.664285714285715,-1.207142857142857,3.9785714285714286,270.0,9.092857142857143,170.0,49.214285714285715,12.357142857142858,236.42857142857142,-4.985714285714287
2017-02-19,2.8785714285714286,-8.821428571428573,-0.4214285714285712,4.05,265.7142857142857,9.221428571428572,193.57142857142858,49.214285714285715,12.485714285714286,233.57142857142858,-4.764285714285714
2017-02-20,2.8785714285714286,-8.271428571428572,0.1714285714285717,3.9142857142857146,267.14285714285717,9.0,204.28571428571428,48.857142857142854,12.164285714285713,235.0,-4.071428571428571
2017-02-21,2.75,-7.957142857142857,0.48571428571428593,4.0,268.57142857142856,8.935714285714285,213.57142857142858,43.57142857142857,11.942857142857141,235.71428571428572,-3.585714285714286
2017-02-22,2.4214285714285713,-7.957142857142857,0.8857142857142859,4.1000000000000005,267.14285714285717,9.035714285714286,215.0,41.57142857142857,12.200000000000001,234.28571428571428,-3.2
2017-02-23,2.4,-7.450000000000001,1.2785714285714287,3.8928571428571432,268.57142857142856,8.621428571428572,215.0,41.57142857142857,11.62857142857143,234.28571428571428,-2.9
2017-02-24,2.1857142857142855,-6.064285714285715,2.8142857142857145,3.857142857142857,258.57142857142856,8.935714285714285,207.85714285714286,38.642857142857146,12.007142857142858,247.85714285714286,-1.5428571428571431
2017-02-25,2.221428571428571,-4.885714285714286,4.278571428571429,3.585714285714286,237.14285714285714,8.457142857142857,200.71428571428572,38.285714285714285,11.278571428571428,250.0,-0.13571428571428587
2017-02-26,3.742857142857143,-3.9357142857142864,6.171428571428572,3.7500000000000004,240.71428571428572,9.064285714285715,193.57142857142858,37.57142857142857,12.171428571428573,253.57142857142858,1.2428571428571427
2017-02-27,2.9285714285714284,-3.221428571428572,6.557142857142858,3.9928571428571433,250.0,9.228571428571428,186.42857142857142,23.785714285714285,12.392857142857142,262.14285714285717,1.8785714285714286
2017-02-28,2.6357142857142857,-2.8214285714285725,7.264285714285714,3.9928571428571433,240.0,9.22857142857143,165.0,17.285714285714285,12.428571428571429,252.85714285714286,2.314285714285714
2017-03-01,2.6357142857142857,-2.228571428571429,7.978571428571429,3.9357142857142864,232.14285714285714,9.228571428571428,145.0,17.285714285714285,12.585714285714287,245.71428571428572,2.971428571428571
2017-03-02,2.4,-1.364285714285715,9.05,4.135714285714286,219.28571428571428,9.678571428571429,127.14285714285714,5.642857142857143,13.221428571428572,245.71428571428572,3.792857142857143
2017-03-03,2.142857142857143,-1.6000000000000008,10.071428571428571,4.342857142857143,217.85714285714286,9.971428571428572,100.0,0.35714285714285715,13.671428571428573,241.42857142857142,4.307142857142857
2017-03-04,2.1785714285714284,-1.8000000000000007,9.721428571428573,4.492857142857143,218.57142857142858,10.228571428571428,70.71428571428571,1.2857142857142858,13.992857142857142,241.42857142857142,4.064285714285714
2017-03-05,2.1785714285714284,-2.235714285714286,8.185714285714287,4.635714285714286,228.57142857142858,10.385714285714286,43.57142857142857,1.2857142857142858,14.185714285714285,251.42857142857142,3.2785714285714285
2017-03-06,2.1785714285714284,-3.5000000000000004,7.078571428571428,4.678571428571429,227.85714285714286,10.47857142857143,30.714285714285715,1.2857142857142858,14.221428571428572,251.42857142857142,1.9214285714285715
2017-03-07,2.25,-4.171428571428573,7.235714285714286,4.514285714285714,217.85714285714286,10.164285714285715,17.857142857142858,1.2857142857142858,13.771428571428572,241.42857142857142,1.3357142857142856
2017-03-08,2.342857142857143,-3.464285714285715,7.507142857142857,4.6000000000000005,218.57142857142858,10.099999999999998,7.142857142857143,1.2857142857142858,13.707142857142857,242.85714285714286,1.75
2017-03-09,2.685714285714286,-3.4285714285714293,7.55,4.771428571428571,223.57142857142858,10.678571428571429,0.0,1.2857142857142858,14.507142857142858,247.14285714285714,1.8285714285714287
2017-03-10,2.742857142857143,-3.978571428571429,6.757142857142857,4.878571428571428,229.28571428571428,10.678571428571429,2.142857142857143,2.9285714285714284,14.607142857142858,252.14285714285714,1.2642857142857142
2017-03-11,2.6714285714285713,-5.000000000000001,5.971428571428571,5.128571428571429,252.14285714285714,11.157142857142857,2.142857142857143,2.9285714285714284,15.242857142857144,250.0,0.5357142857142857
2017-03-12,1.0571428571428572,-6.307142857142858,3.5571428571428574,5.371428571428572,262.14285714285717,11.12142857142857,2.142857142857143,2.5714285714285716,15.142857142857142,260.0,-1.1785714285714286
2017-03-13,1.0571428571428572,-7.221428571428571,2.8142857142857145,5.4071428571428575,264.2857142857143,11.057142857142859,2.142857142857143,2.5714285714285716,14.985714285714286,263.57142857142856,-2.1714285714285713
2017-03-14,1.0571428571428572,-8.092857142857143,1.8642857142857145,5.278571428571429,274.2857142857143,10.807142857142855,2.142857142857143,2.5714285714285716,14.628571428571428,273.57142857142856,-3.0142857142857147
2017-03-15,2.4928571428571433,-8.528571428571428,0.6000000000000003,5.535714285714286,284.2857142857143,11.25,2.142857142857143,34.857142857142854,15.264285714285714,259.2857142857143,-3.864285714285714
2017-03-16,2.65,-9.671428571428573,-0.9785714285714283,5.5357142857142865,295.7142857142857,11.085714285714287,38.57142857142857,57.714285714285715,15.014285714285716,270.7142857142857,-5.221428571428571
2017-03-17,2.65,-9.75,-1.9999999999999998,5.328571428571428,297.85714285714283,10.892857142857142,71.42857142857143,57.714285714285715,14.692857142857141,275.0,-5.914285714285714
2017-03-18,2.6142857142857143,-9.635714285714286,-1.6071428571428565,5.135714285714286,297.85714285714283,10.47857142857143,97.14285714285714,56.785714285714285,14.185714285714285,275.7142857142857,-5.671428571428572
2017-03-19,2.6142857142857143,-9.557142857142859,-0.4285714285714282,4.714285714285714,292.85714285714283,9.907142857142858,120.71428571428571,56.785714285714285,13.421428571428573,270.0,-5.142857142857143
2017-03-20,2.6142857142857143,-9.157142857142858,0.24285714285714324,4.585714285714286,292.14285714285717,9.75,138.57142857142858,56.785714285714285,13.164285714285715,268.57142857142856,-4.428571428571428
2017-03-21,2.542857142857143,-8.8,0.47857142857142904,4.535714285714286,299.2857142857143,9.65,155.0,56.785714285714285,13.135714285714286,277.85714285714283,-4.007142857142857
2017-03-22,2.5214285714285714,-8.921428571428573,0.042857142857143274,4.178571428571429,302.85714285714283,9.364285714285714,167.85714285714286,56.785714285714285,12.564285714285713,280.0,-4.15
2017-03-23,2.2357142857142858,-9.985714285714286,-0.7142857142857141,4.4,307.14285714285717,9.392857142857142,178.71428571428572,57.142857142857146,12.27142857142857,285.0,-5.085714285714286
2017-03-24,2.1785714285714284,-10.97857142857143,-1.1071428571428565,4.114285714285715,313.57142857142856,9.078571428571427,187.28571428571428,55.5,11.72857142857143,291.42857142857144,-5.8
2017-03-25,3.2142857142857144,-10.385714285714286,-0.8785714285714282,4.114285714285715,302.85714285714283,8.985714285714286,198.0,59.642857142857146,11.635714285714284,281.42857142857144,-5.6642857142857155
2017-03-26,3.2142857142857144,-9.55,0.1071428571428575,3.75,304.2857142857143,8.635714285714284,210.85714285714286,59.642857142857146,11.092857142857142,282.14285714285717,-4.614285714285714
2017-03-27,3.235714285714286,-9.071428571428571,0.8928571428571432,3.5214285714285714,293.57142857142856,8.535714285714286,223.71428571428572,59.642857142857146,11.028571428571427,270.7142857142857,-3.8642857142857143
2017-03-28,3.8000000000000003,-7.971428571428572,1.6857142857142864,3.5571428571428574,282.85714285714283,8.757142857142856,233.0,59.642857142857146,11.321428571428571,260.0,-2.935714285714286
2017-03-29,2.4214285714285713,-7.264285714285714,2.95,3.3500000000000005,272.14285714285717,8.407142857142857,240.14285714285714,27.357142857142858,10.685714285714285,273.57142857142856,-2.0642857142857145
2017-03-30,1.8071428571428572,-6.592857142857143,3.6142857142857143,3.2142857142857144,271.42857142857144,8.278571428571428,207.28571428571428,4.5,10.392857142857142,272.85714285714283,-1.3714285714285717
2017-03-31,1.8071428571428574,-6.007142857142858,4.164285714285715,3.135714285714286,272.85714285714283,8.057142857142857,178.0,4.5,10.042857142857143,275.0,-0.7571428571428571
2017-04-01,2.842857142857143,-5.257142857142858,4.435714285714286,3.1214285714285714,258.57142857142856,8.057142857142857,154.42857142857142,9.071428571428571,10.071428571428571,260.0,-0.35714285714285715
2017-04-02,3.5357142857142856,-4.192857142857143,4.435714285714286,3.2,264.2857142857143,7.992857142857143,143.71428571428572,17.071428571428573,10.035714285714286,265.0,0.11428571428571428
2017-04-03,3.5357142857142856,-3.5642857142857145,4.871428571428572,3.2,267.14285714285717,7.992857142857143,135.14285714285714,17.071428571428573,10.1,266.42857142857144,0.5214285714285715
2017-04-04,3.5357142857142856,-3.092857142857144,5.071428571428571,3.1714285714285713,266.42857142857144,7.992857142857143,122.28571428571429,17.071428571428573,10.064285714285715,265.7142857142857,0.8571428571428571
2017-04-05,4.078571428571428,-2.8142857142857154,5.471428571428572,3.578571428571429,260.0,8.564285714285713,109.42857142857143,17.071428571428573,10.828571428571431,259.2857142857143,1.157142857142857
2017-04-06,4.114285714285714,-1.7071428571428577,6.028571428571429,3.1142857142857143,239.28571428571428,7.928571428571429,98.57142857142857,16.714285714285715,10.1,239.28571428571428,1.957142857142857
2017-04-07,5.6000000000000005,-0.25000000000000056,6.500000000000001,3.2285714285714286,222.85714285714286,7.928571428571429,87.85714285714286,16.714285714285715,10.192857142857141,222.14285714285714,2.9214285714285713
2017-04-08,5.307142857142857,0.178571428571428,6.821428571428571,3.185714285714286,232.14285714285714,7.671428571428572,77.14285714285714,12.571428571428571,10.0,230.71428571428572,3.357142857142857
2017-04-09,5.307142857142857,0.5357142857142853,7.178571428571429,3.3071428571428574,231.42857142857142,7.828571428571429,64.28571428571429,12.571428571428571,10.357142857142858,228.57142857142858,3.5214285714285714
2017-04-10,5.285714285714286,0.971428571428571,8.207142857142857,3.3000000000000003,232.85714285714286,7.671428571428572,51.42857142857143,12.571428571428571,10.128571428571428,230.0,4.15
2017-04-11,4.721428571428571,1.764285714285714,9.714285714285714,3.4285714285714293,233.57142857142858,7.764285714285714,42.142857142857146,12.571428571428571,10.37857142857143,231.42857142857142,5.235714285714286
2017-04-12,4.864285714285714,2.1642857142857137,10.828571428571431,3.4285714285714293,244.28571428571428,7.892857142857143,35.0,12.571428571428571,10.471428571428572,242.14285714285714,6.1571428571428575
2017-04-13,4.957142857142857,2.599999999999999,11.542857142857143,3.357142857142857,242.14285714285714,7.992857142857143,31.428571428571427,12.571428571428571,10.857142857142858,238.57142857142858,6.692857142857143
2017-04-14,4.957142857142857,2.7571428571428567,12.171428571428573,3.4,243.57142857142858,8.214285714285714,27.857142857142858,12.571428571428571,11.142857142857142,240.71428571428572,7.121428571428572
2017-04-15,3.9214285714285713,2.6857142857142855,13.007142857142856,3.335714285714286,258.57142857142856,8.185714285714285,25.714285714285715,8.0,11.114285714285714,254.28571428571428,7.542857142857144
2017-04-16,4.028571428571429,2.6857142857142855,14.12142857142857,3.5000000000000004,247.85714285714286,8.564285714285715,12.857142857142858,0.0,11.62857142857143,242.85714285714286,8.178571428571429
2017-04-17,4.228571428571429,3.557142857142857,15.392857142857142,3.65,242.14285714285714,8.75,3.5714285714285716,0.0,11.914285714285715,240.0,9.128571428571428
2017-04-18,4.228571428571429,4.107142857142857,15.471428571428572,3.942857142857143,245.71428571428572,9.164285714285715,0.0,0.0,12.585714285714287,237.85714285714286,9.692857142857141
2017-04-19,3.6142857142857143,4.0285714285714285,15.62857142857143,3.7428571428571433,258.57142857142856,8.75,0.0,0.0,12.071428571428571,252.14285714285714,9.707142857142856
2017-04-20,4.25,3.985714285714285,15.75,4.121428571428572,268.57142857142856,9.257142857142856,0.0,0.0,12.835714285714287,263.57142857142856,9.828571428571427
2017-04-21,2.8000000000000003,4.107142857142857,15.871428571428572,4.057142857142858,274.2857142857143,9.314285714285715,0.0,0.0,12.77142857142857,269.2857142857143,9.992857142857144
2017-04-22,2.9285714285714284,4.385714285714285,16.264285714285712,3.985714285714286,262.85714285714283,9.407142857142857,0.0,0.0,12.735714285714286,257.14285714285717,10.242857142857144
2017-04-23,2.9499999999999997,4.935714285714285,16.464285714285715,3.778571428571429,264.2857142857143,9.157142857142857,0.0,0.0,12.321428571428571,259.2857142857143,10.62142857142857
2017-04-24,2.9499999999999997,5.285714285714286,16.54285714285714,3.7142857142857144,264.2857142857143,9.192857142857141,0.0,0.0,12.321428571428573,259.2857142857143,10.87857142857143
2017-04-25,2.9499999999999997,4.614285714285714,15.471428571428572,3.635714285714286,272.85714285714283,8.907142857142857,0.0,0.0,11.842857142857142,267.14285714285717,10.235714285714286
2017-04-26,2.807142857142857,4.178571428571428,14.635714285714286,3.6000000000000005,260.7142857142857,8.935714285714285,0.0,0.0,12.164285714285715,251.42857142857142,9.521428571428572
2017-04-27,3.0071428571428567,4.335714285714285,15.235714285714286,3.5500000000000003,247.85714285714286,8.778571428571428,0.0,0.0,11.75,240.71428571428572,9.77142857142857
2017-04-28,3.0071428571428567,4.971428571428571,16.071428571428573,3.578571428571429,235.71428571428572,8.678571428571429,0.0,0.0,11.721428571428572,227.14285714285714,10.471428571428573
2017-04-29,3.0071428571428567,6.314285714285714,16.864285714285717,3.7642857142857147,224.28571428571428,8.9,0.0,0.0,12.1,217.85714285714286,11.457142857142857
2017-04-30,2.207142857142857,6.749999999999999,17.064285714285713,3.7428571428571433,235.0,9.000000000000002,0.0,0.0,12.257142857142856,229.28571428571428,12.135714285714286
2017-05-01,2.0428571428571427,6.1499999999999995,15.635714285714286,3.6214285714285714,237.85714285714286,8.814285714285713,0.0,0.0,11.935714285714285,220.71428571428572,11.392857142857142
2017-05-02,3.4214285714285713,6.307142857142856,16.071428571428573,3.6571428571428575,222.85714285714286,8.878571428571428,0.0,0.0,11.907142857142857,210.0,11.371428571428572
2017-05-03,3.728571428571428,6.742857142857142,16.47142857142857,3.6000000000000005,219.28571428571428,8.87857142857143,0.0,0.0,11.971428571428572,205.71428571428572,11.935714285714287
2017-05-04,3.021428571428572,6.628571428571428,16.47142857142857,3.3428571428571425,230.0,8.657142857142857,0.0,0.0,11.557142857142859,212.85714285714286,12.064285714285715
2017-05-05,3.0071428571428567,6.235714285714285,17.142857142857142,3.314285714285714,230.71428571428572,8.657142857142857,0.0,0.0,11.685714285714287,213.57142857142858,12.157142857142857
2017-05-06,2.807142857142857,6.392857142857143,17.185714285714287,3.3500000000000005,230.71428571428572,8.692857142857141,0.0,0.0,11.849999999999998,213.57142857142858,12.292857142857143
2017-05-07,2.985714285714286,6.628571428571427,18.135714285714286,3.5142857142857147,216.42857142857142,9.171428571428573,0.0,0.0,12.485714285714284,200.0,12.735714285714286
2017-05-08,3.3285714285714287,6.871428571428572,17.821428571428573,3.735714285714286,216.42857142857142,9.328571428571427,0.0,0.0,12.807142857142855,200.71428571428572,12.957142857142857
2017-05-09,3.4214285714285717,6.792857142857143,17.57857142857143,3.657142857142857,217.14285714285714,9.328571428571427,0.0,0.0,12.871428571428572,197.14285714285714,12.692857142857141
2017-05-10,3.3642857142857143,6.792857142857143,17.22142857142857,3.65,228.57142857142858,9.042857142857143,0.0,0.0,12.299999999999999,210.71428571428572,12.5
2017-05-11,3.0714285714285716,6.478571428571428,16.54285714285714,3.7285714285714286,243.57142857142858,9.1,0.0,0.0,12.392857142857142,225.0,12.12857142857143
2017-05-12,3.0714285714285716,6.164285714285714,15.75,3.628571428571429,253.57142857142858,9.135714285714286,0.0,0.0,12.228571428571428,235.71428571428572,11.528571428571428
2017-05-13,3.0714285714285716,5.171428571428572,15.35714285714286,3.4928571428571433,253.57142857142858,8.878571428571428,0.0,0.0,11.785714285714286,237.14285714285714,10.9
2017-05-14,3.1785714285714284,5.45,14.957142857142857,3.4,242.85714285714286,8.528571428571428,0.0,0.0,11.242857142857144,227.14285714285714,10.528571428571428
2017-05-15,3.6499999999999995,5.771428571428571,15.27142857142857,3.4,245.71428571428572,8.528571428571428,0.0,0.0,11.342857142857143,237.85714285714286,10.764285714285714
2017-05-16,2.8000000000000003,5.892857142857143,15.392857142857142,3.4928571428571433,260.0,8.592857142857143,0.0,0.0,11.407142857142857,251.42857142857142,10.849999999999998
2017-05-17,2.4928571428571433,5.814285714285714,15.907142857142857,3.4071428571428575,264.2857142857143,8.464285714285714,0.0,0.0,11.221428571428573,254.28571428571428,11.007142857142856
2017-05-18,2.4714285714285715,6.642857142857143,17.414285714285715,3.4214285714285717,255.0,8.492857142857144,0.0,0.0,11.314285714285713,247.14285714285714,11.892857142857142
2017-05-19,2.592857142857143,8.107142857142858,18.52857142857143,3.521428571428572,252.85714285714286,8.27142857142857,0.0,0.0,11.349999999999998,250.0,13.142857142857142
2017-05-20,1.9428571428571428,8.228571428571428,19.27857142857143,3.5571428571428574,265.7142857142857,8.3,0.0,0.0,11.25,265.7142857142857,13.742857142857144
2017-05-21,1.7428571428571427,7.992857142857142,18.842857142857145,3.585714285714286,277.85714285714283,8.007142857142858,0.0,0.0,10.8,279.2857142857143,13.542857142857143
2017-05-22,1.5785714285714287,7.95,19.321428571428573,3.378571428571429,281.42857142857144,7.721428571428572,0.0,0.0,10.292857142857143,280.7142857142857,13.528571428571428
2017-05-23,2.5714285714285716,8.464285714285714,19.721428571428568,3.485714285714286,271.42857142857144,7.878571428571428,0.0,0.0,10.52142857142857,275.0,14.035714285714286
2017-05-24,2.5714285714285716,8.97857142857143,20.592857142857138,3.4642857142857144,262.14285714285717,7.942857142857143,0.0,0.0,10.614285714285714,266.42857142857144,14.757142857142856
2017-05-25,2.5714285714285716,9.37142857142857,21.507142857142856,3.3000000000000003,248.57142857142858,7.692857142857143,0.0,0.0,10.235714285714286,252.85714285714286,15.450000000000001
2017-05-26,2.9,9.807142857142855,21.78571428571428,3.3142857142857145,235.71428571428572,7.785714285714286,0.0,0.0,10.428571428571429,240.0,15.950000000000001
2017-05-27,3.392857142857143,10.364285714285714,21.264285714285712,3.4071428571428575,247.14285714285714,8.007142857142858,0.0,0.0,10.678571428571429,250.71428571428572,15.985714285714286
2017-05-28,3.2857142857142856,10.364285714285714,21.62142857142857,3.3071428571428574,253.57142857142858,8.035714285714286,0.0,0.0,10.614285714285714,257.14285714285717,16.021428571428572
2017-05-29,2.7785714285714285,10.564285714285715,22.614285714285717,3.2857142857142856,241.42857142857142,8.064285714285715,0.0,0.0,10.614285714285714,247.14285714285714,16.585714285714285
2017-05-30,2.8285714285714287,10.878571428571428,22.535714285714285,3.107142857142857,230.0,7.814285714285715,0.0,0.0,10.321428571428571,235.0,16.900000000000002
2017-05-31,3.7357142857142853,11.27142857142857,22.178571428571427,3.4285714285714284,220.0,8.135714285714286,0.0,0.0,10.799999999999999,226.42857142857142,16.77857142857143
2017-06-01,4.735714285714286,11.192857142857141,21.5,3.5500000000000003,226.42857142857142,8.364285714285716,0.0,0.0,10.992857142857144,232.85714285714286,16.414285714285715
2017-06-02,4.5928571428571425,10.599999999999998,20.707142857142856,3.6000000000000005,230.71428571428572,8.585714285714285,0.0,0.0,10.957142857142857,230.71428571428572,15.721428571428572
2017-06-03,4.664285714285714,10.557142857142855,20.192857142857147,3.514285714285715,229.28571428571428,8.428571428571429,0.0,0.0,10.828571428571431,224.28571428571428,15.321428571428571
2017-06-04,4.757142857142857,10.835714285714285,20.035714285714285,3.335714285714286,208.57142857142858,8.07857142857143,0.0,0.0,10.514285714285714,204.28571428571428,15.3
2017-06-05,4.578571428571428,11.192857142857141,20.11428571428571,3.3714285714285714,205.0,8.207142857142857,0.0,0.0,10.700000000000001,202.85714285714286,15.471428571428572
2017-06-06,3.657142857142857,11.392857142857142,20.314285714285717,3.3000000000000003,202.85714285714286,8.142857142857142,0.0,0.0,10.535714285714286,200.0,15.657142857142858
2017-06-07,5.542857142857143,11.471428571428572,19.678571428571427,3.335714285714286,197.14285714285714,8.078571428571427,0.0,0.0,10.471428571428572,193.57142857142858,15.464285714285714
2017-06-08,5.542857142857143,11.235714285714284,19.642857142857142,3.335714285714286,210.0,8.107142857142858,0.0,0.0,10.599999999999998,207.85714285714286,15.221428571428572
2017-06-09,5.214285714285714,11.035714285714286,20.314285714285717,3.2357142857142853,214.28571428571428,7.757142857142858,0.0,0.0,10.121428571428572,212.14285714285714,15.4
2017-06-10,4.721428571428571,11.192857142857141,21.071428571428573,3.1642857142857146,211.42857142857142,7.7,0.0,0.0,10.157142857142857,209.28571428571428,15.87857142857143
2017-06-11,4.721428571428571,11.349999999999998,21.47142857142857,3.257142857142857,204.28571428571428,7.7,0.0,0.0,10.314285714285715,203.57142857142858,16.22142857142857
2017-06-12,4.721428571428571,12.142857142857142,22.107142857142858,3.45,204.28571428571428,7.857142857142857,0.0,0.0,10.6,203.57142857142858,16.814285714285713
2017-06-13,4.142857142857143,12.742857142857142,23.214285714285715,3.435714285714286,204.28571428571428,7.821428571428572,0.0,0.0,10.571428571428571,203.57142857142858,17.585714285714285
2017-06-14,3.2357142857142853,12.864285714285714,23.928571428571427,3.2214285714285715,213.57142857142858,7.628571428571428,0.0,0.0,10.214285714285714,213.57142857142858,18.37142857142857
2017-06-15,2.2357142857142858,12.785714285714283,23.814285714285717,3.071428571428572,219.28571428571428,7.214285714285714,0.0,0.0,9.764285714285716,217.14285714285714,18.442857142857143
2017-06-16,2.2357142857142853,12.464285714285714,24.092857142857145,2.9142857142857146,214.28571428571428,7.1571428571428575,0.0,0.0,9.735714285714286,213.57142857142858,18.435714285714287
2017-06-17,2.8714285714285714,12.821428571428571,24.449999999999996,3.128571428571429,205.0,7.571428571428571,0.0,0.0,10.214285714285714,206.42857142857142,18.8
2017-06-18,2.778571428571428,13.292857142857143,25.442857142857143,3.3500000000000005,216.42857142857142,7.864285714285714,0.0,0.0,10.564285714285713,215.71428571428572,19.50714285714286
2017-06-19,3.8285714285714283,14.085714285714285,26.07857142857143,3.664285714285714,215.0,8.049999999999999,0.0,0.0,10.985714285714286,214.28571428571428,20.27142857142857
2017-06-20,4.571428571428571,14.599999999999998,26.907142857142855,3.685714285714286,217.85714285714286,8.05,0.0,0.0,11.085714285714285,217.85714285714286,20.871428571428574
2017-06-21,3.157142857142857,15.078571428571427,27.742857142857144,3.8000000000000003,228.57142857142858,8.307142857142859,0.0,0.0,11.471428571428572,230.0,21.5
2017-06-22,3.157142857142857,15.714285714285712,27.7,3.95,227.85714285714286,8.528571428571428,0.0,0.0,11.692857142857141,228.57142857142858,21.885714285714283
2017-06-23,3.157142857142857,15.950000000000001,27.585714285714285,3.9285714285714284,231.42857142857142,8.528571428571428,0.0,0.0,11.792857142857144,230.0,21.942857142857143
2017-06-24,5.785714285714286,16.228571428571428,27.785714285714285,4.05,222.85714285714286,8.585714285714285,0.0,0.0,11.857142857142858,220.0,22.099999999999998
2017-06-25,6.128571428571428,16.628571428571426,27.86428571428571,4.071428571428571,228.57142857142858,8.621428571428572,0.0,0.0,11.892857142857142,225.0,22.392857142857142
2017-06-26,6.2,16.071428571428573,27.15,3.9,238.57142857142858,8.5,0.0,0.0,11.571428571428571,234.28571428571428,21.95
2017-06-27,6.221428571428571,15.435714285714285,26.357142857142858,3.807142857142857,242.85714285714286,8.435714285714285,0.0,0.0,11.471428571428572,239.28571428571428,21.25714285714286
2017-06-28,6.764285714285713,15.314285714285715,25.95714285714286,3.8285714285714287,242.14285714285714,8.471428571428572,0.0,0.0,11.507142857142858,237.85714285714286,20.63571428571429
2017-06-29,6.8357142857142845,15.39285714285714,26.192857142857143,3.785714285714286,238.57142857142858,8.435714285714287,0.0,0.0,11.414285714285715,237.14285714285714,20.578571428571426
2017-06-30,10.085714285714285,15.75,25.75714285714286,3.8428571428571425,240.0,8.4,0.0,0.0,11.314285714285715,238.57142857142858,20.614285714285717
2017-07-01,10.049999999999999,15.950000000000001,26.192857142857143,3.628571428571429,240.0,7.985714285714286,0.0,0.0,10.835714285714285,240.0,20.792857142857144
2017-07-02,10.25,16.071428571428573,25.835714285714285,3.4928571428571433,240.0,7.857142857142857,0.0,0.0,10.614285714285716,240.0,20.8
2017-07-03,9.2,15.914285714285713,25.635714285714283,3.2071428571428577,248.57142857142858,7.671428571428571,0.0,0.0,10.292857142857143,248.57142857142858,20.57857142857143
2017-07-04,8.314285714285713,15.678571428571427,25.557142857142857,3.1999999999999997,251.42857142857142,7.614285714285715,0.0,0.0,10.12857142857143,252.14285714285714,20.52142857142857
2017-07-05,7.842857142857142,15.478571428571428,25.678571428571427,3.064285714285714,257.85714285714283,7.421428571428572,0.0,0.0,9.9,257.85714285714283,20.499999999999996
2017-07-06,7.842857142857142,15.200000000000001,25.957142857142856,2.985714285714286,247.85714285714286,7.235714285714287,0.0,0.0,9.735714285714286,250.0,20.571428571428573
2017-07-07,7.842857142857142,15.757142857142856,25.957142857142856,3.335714285714286,244.28571428571428,7.6499999999999995,0.0,0.0,10.278571428571428,247.85714285714286,20.821428571428573
2017-07-08,5.392857142857143,15.914285714285713,26.035714285714285,3.3714285714285714,245.71428571428572,7.492857142857143,0.0,0.0,10.178571428571429,249.28571428571428,20.928571428571427
2017-07-09,6.828571428571428,15.87142857142857,25.678571428571427,3.257142857142857,247.85714285714286,7.557142857142857,0.0,0.0,10.5,247.14285714285714,20.699999999999996
2017-07-10,6.757142857142857,15.992857142857144,25.8,3.3071428571428574,237.85714285714286,7.492857142857142,0.0,0.0,10.535714285714286,240.0,20.728571428571428
2017-07-11,6.735714285714285,16.46428571428571,26.07857142857143,3.3642857142857143,235.0,7.492857142857143,0.0,0.0,10.535714285714286,236.42857142857142,21.064285714285713
2017-07-12,6.264285714285713,16.9,26.435714285714283,3.4,226.42857142857142,7.392857142857143,0.0,0.0,10.435714285714285,228.57142857142858,21.535714285714285
2017-07-13,6.192857142857142,17.335714285714285,26.478571428571428,3.4571428571428577,227.14285714285714,7.549999999999999,0.0,0.0,10.564285714285715,227.14285714285714,21.964285714285715
2017-07-14,3.0714285714285707,17.45714285714286,26.357142857142858,3.357142857142857,237.14285714285714,7.457142857142856,0.0,0.0,10.278571428571427,237.14285714285714,21.949999999999996
2017-07-15,2.4499999999999997,17.378571428571426,25.964285714285715,3.3785714285714286,234.28571428571428,7.55,0.0,0.0,10.25,233.57142857142858,21.728571428571428
2017-07-16,2.2499999999999996,17.335714285714285,26.164285714285715,3.3714285714285714,234.28571428571428,7.642857142857143,0.0,0.0,10.471428571428572,234.28571428571428,21.714285714285715
2017-07-17,2.2499999999999996,17.257142857142856,26.2,3.342857142857143,227.14285714285714,7.607142857142857,0.0,0.0,10.314285714285715,227.14285714285714,21.714285714285715
2017-07-18,2.7571428571428567,17.37142857142857,26.04285714285714,3.2214285714285715,230.0,7.728571428571428,0.0,0.0,10.47857142857143,230.0,21.607142857142858
2017-07-19,2.7571428571428567,17.728571428571428,26.235714285714284,3.235714285714286,217.14285714285714,7.664285714285714,0.0,0.0,10.292857142857143,218.57142857142858,21.764285714285712
2017-07-20,2.7571428571428567,18.12142857142857,26.357142857142858,3.1642857142857146,220.71428571428572,7.5,0.0,0.0,10.071428571428571,220.0,21.978571428571428
2017-07-21,2.7571428571428567,17.92142857142857,26.592857142857145,2.8142857142857145,229.28571428571428,7.121428571428572,0.0,0.0,9.557142857142859,227.85714285714286,22.071428571428573
2017-07-22,2.5785714285714283,17.607142857142858,26.79285714285714,2.685714285714286,235.0,7.278571428571429,0.0,0.0,9.657142857142858,235.0,22.028571428571432
2017-07-23,0.7999999999999997,17.607142857142854,27.071428571428573,2.7142857142857144,240.0,7.114285714285715,0.0,0.0,9.178571428571429,241.42857142857142,22.164285714285715
2017-07-24,0.7999999999999997,17.564285714285713,27.028571428571432,2.607142857142857,249.28571428571428,7.05,0.0,0.0,8.957142857142857,249.28571428571428,22.135714285714283
2017-07-25,2.4357142857142855,17.20714285714286,26.557142857142857,2.528571428571429,245.71428571428572,6.985714285714286,0.0,0.0,8.9,246.42857142857142,21.785714285714285
2017-07-26,2.657142857142857,16.814285714285713,26.08571428571429,2.3642857142857143,255.0,6.792857142857143,0.0,0.0,8.614285714285714,254.28571428571428,21.24285714285714
2017-07-27,2.657142857142857,16.42142857142857,26.12142857142857,2.3500000000000005,246.42857142857142,6.7,0.0,0.0,8.642857142857142,245.0,20.97142857142857
2017-07-28,3.8357142857142854,16.657142857142855,26.557142857142857,2.507142857142857,248.57142857142858,6.921428571428572,0.0,0.0,9.057142857142857,235.0,21.20714285714286
2017-07-29,3.764285714285714,16.5,26.75,2.4785714285714286,240.71428571428572,6.8,0.0,0.0,8.992857142857144,227.14285714285714,21.4
2017-07-30,3.764285714285714,16.02857142857143,26.585714285714285,2.45,250.0,6.892857142857143,0.0,0.0,8.928571428571429,235.71428571428572,21.150000000000002
2017-07-31,3.764285714285714,15.471428571428572,26.428571428571427,2.385714285714286,261.42857142857144,6.828571428571429,0.0,0.0,8.928571428571429,222.85714285714286,20.821428571428573
2017-08-01,3.292857142857142,15.192857142857141,26.82857142857143,2.378571428571429,265.0,6.578571428571429,0.0,0.0,8.615384615384615,218.46153846153845,20.835714285714285
2017-08-02,3.292857142857142,14.992857142857142,26.82857142857143,2.328571428571429,253.57142857142858,6.485714285714286,0.0,0.0,8.507692307692308,230.76923076923077,20.785714285714285
2017-08-03,3.292857142857142,14.87857142857143,26.864285714285717,2.4142857142857146,251.42857142857142,6.614285714285714,0.0,0.0,8.715384615384615,230.76923076923077,20.714285714285715
2017-08-04,3.421428571428571,14.957142857142856,26.864285714285717,2.4785714285714286,252.14285714285714,6.678571428571429,0.0,0.0,8.746153846153847,233.84615384615384,20.62142857142857
2017-08-05,3.421428571428571,15.192857142857141,26.864285714285717,2.6071428571428577,245.0,6.742857142857142,0.0,0.0,8.815384615384614,225.3846153846154,20.714285714285715
2017-08-06,3.5142857142857133,15.314285714285715,26.785714285714285,2.7285714285714286,231.42857142857142,6.907142857142857,0.0,0.0,9.261538461538462,222.30769230769232,20.785714285714285
2017-08-07,3.5142857142857133,15.357142857142856,26.628571428571426,2.9214285714285717,230.71428571428572,7.0928571428571425,0.0,0.0,9.638461538461538,217.69230769230768,20.764285714285716
2017-08-08,2.728571428571428,15.321428571428571,26.942857142857143,2.8571428571428577,242.85714285714286,7.314285714285715,0.0,0.0,9.838461538461537,231.53846153846155,20.821428571428573
2017-08-09,2.528571428571428,15.4,27.13571428571429,2.878571428571429,245.71428571428572,7.3500000000000005,0.0,0.0,9.976923076923075,233.84615384615384,21.05
2017-08-10,2.55,15.478571428571428,27.178571428571427,2.8214285714285716,245.71428571428572,7.321428571428572,0.0,0.0,9.907692307692308,236.15384615384616,21.12142857142857
2017-08-11,1.2428571428571427,15.285714285714286,27.457142857142856,2.6785714285714284,234.28571428571428,7.064285714285715,0.0,0.0,9.53076923076923,235.3846153846154,21.24285714285714
2017-08-12,1.3499999999999999,15.564285714285715,27.778571428571432,2.685714285714286,245.71428571428572,7.0928571428571425,0.0,0.0,9.600000000000001,247.69230769230768,21.407142857142862
2017-08-13,1.3499999999999999,16.157142857142855,28.057142857142857,2.857142857142857,236.42857142857142,7.092857142857143,0.0,0.0,9.738461538461538,236.92307692307693,21.75
2017-08-14,1.3499999999999999,16.59285714285714,28.057142857142857,2.9571428571428577,235.71428571428572,7.257142857142857,0.0,0.0,9.907692307692308,260.0,22.014285714285712
2017-08-15,1.2928571428571427,16.557142857142857,27.857142857142858,3.0071428571428576,225.0,7.221428571428571,0.0,0.0,9.714285714285714,255.71428571428572,21.95714285714286
2017-08-16,1.4928571428571424,16.557142857142857,27.77857142857143,3.1571428571428575,237.14285714285714,7.571428571428571,0.0,0.0,10.164285714285713,243.57142857142858,21.95
2017-08-17,1.4928571428571424,16.27857142857143,27.3,3.1999999999999997,246.42857142857142,7.735714285714286,0.0,0.0,10.292857142857143,251.42857142857142,21.707142857142856
2017-08-18,1.3642857142857139,15.685714285714285,27.064285714285713,3.1214285714285714,247.85714285714286,7.542857142857143,0.0,0.0,10.135714285714286,249.28571428571428,21.307142857142857
2017-08-19,2.6499999999999995,15.564285714285713,26.785714285714285,3.078571428571429,247.14285714285714,7.514285714285714,0.0,0.0,10.1,250.0,21.11428571428571
2017-08-20,2.5785714285714283,15.564285714285715,26.900000000000002,2.9714285714285715,248.57142857142858,7.385714285714285,0.0,0.0,9.714285714285714,242.14285714285714,21.114285714285717
2017-08-21,2.5785714285714283,15.678571428571429,27.178571428571427,2.821428571428572,249.28571428571428,7.228571428571429,0.0,0.0,9.485714285714286,245.0,21.321428571428573
2017-08-22,1.7285714285714282,15.87857142857143,27.492857142857144,2.942857142857143,240.71428571428572,7.135714285714285,0.0,0.0,9.421428571428573,235.71428571428572,21.592857142857145
2017-08-23,3.157142857142857,16.192857142857143,27.935714285714283,3.1714285714285713,234.28571428571428,7.771428571428571,0.0,0.0,10.442857142857141,226.42857142857142,21.978571428571428
2017-08-24,3.1714285714285713,16.392857142857142,27.857142857142858,3.278571428571429,240.71428571428572,7.992857142857142,0.0,0.0,10.799999999999999,232.85714285714286,22.099999999999998
2017-08-25,3.1714285714285713,16.271428571428572,27.421428571428574,3.3000000000000003,248.57142857142858,8.092857142857143,0.0,0.0,10.928571428571429,242.14285714285714,21.814285714285717
2017-08-26,3.064285714285714,15.792857142857143,26.907142857142855,3.2142857142857144,260.0,8.0,0.0,0.0,10.8,229.28571428571428,21.357142857142858
2017-08-27,3.064285714285714,15.035714285714286,26.514285714285712,2.964285714285715,272.14285714285717,7.814285714285714,0.0,0.0,10.450000000000001,242.85714285714286,20.857142857142858
2017-08-28,3.064285714285714,14.521428571428572,26.235714285714288,2.8285714285714287,271.42857142857144,7.621428571428572,0.0,0.0,10.257142857142856,242.14285714285714,20.4
2017-08-29,3.064285714285714,14.242857142857142,26.035714285714285,2.7,270.7142857142857,7.528571428571429,0.0,0.0,10.221428571428572,230.0,20.15
2017-08-30,2.864285714285714,13.885714285714286,25.642857142857142,2.6000000000000005,268.57142857142856,7.307142857142857,0.0,0.0,9.964285714285714,227.85714285714286,19.742857142857144
2017-08-31,2.864285714285714,13.807142857142855,25.607142857142858,2.5,269.2857142857143,7.114285714285715,0.0,0.0,9.742857142857144,227.85714285714286,19.585714285714285
2017-09-01,2.864285714285714,13.807142857142855,25.207142857142856,2.778571428571429,267.85714285714283,7.621428571428572,0.0,0.0,10.385714285714286,227.85714285714286,19.400000000000002
2017-09-02,1.5785714285714285,13.171428571428569,24.49285714285714,2.885714285714286,279.2857142857143,7.778571428571429,0.0,0.0,10.549999999999999,237.85714285714286,18.807142857142857
2017-09-03,1.557142857142857,12.178571428571429,23.978571428571428,2.7928571428571436,282.85714285714283,7.65,0.0,0.0,10.457142857142857,242.85714285714286,18.057142857142857
2017-09-04,3.1928571428571426,11.742857142857142,22.985714285714288,2.8142857142857145,273.57142857142856,7.585714285714286,0.0,0.0,10.4,236.42857142857142,17.342857142857145
2017-09-05,3.214285714285714,11.5,22.75,2.9214285714285717,272.85714285714283,7.742857142857143,0.0,0.0,10.592857142857143,235.71428571428572,17.0
2017-09-06,3.5785714285714283,11.185714285714285,22.035714285714285,2.7857142857142856,265.7142857142857,7.521428571428571,0.0,0.0,10.085714285714285,233.57142857142858,16.62857142857143
2017-09-07,3.907142857142857,11.021428571428572,21.514285714285712,2.5642857142857145,253.57142857142858,7.171428571428572,0.0,0.0,9.478571428571428,222.14285714285714,16.207142857142856
2017-09-08,4.378571428571428,10.978571428571428,21.392857142857142,2.5857142857142863,252.85714285714286,7.292857142857143,0.0,0.0,9.571428571428571,222.14285714285714,16.057142857142857
2017-09-09,5.028571428571428,11.1,21.071428571428573,2.6714285714285717,240.71428571428572,7.292857142857144,0.0,0.0,9.6,235.0,15.935714285714287
2017-09-10,5.049999999999999,11.264285714285714,20.75,2.6785714285714293,239.28571428571428,7.257142857142858,0.0,0.0,9.564285714285715,233.57142857142858,15.807142857142859
2017-09-11,5.049999999999999,11.299999999999999,20.435714285714283,2.7214285714285715,239.28571428571428,7.3500000000000005,0.0,0.0,9.62857142857143,234.28571428571428,15.714285714285714
2017-09-12,5.049999999999999,11.099999999999998,20.357142857142858,2.7071428571428577,251.42857142857142,7.314285714285715,0.0,0.0,9.535714285714286,256.42857142857144,15.528571428571427
2017-09-13,5.049999999999999,10.978571428571428,20.557142857142857,2.628571428571429,252.85714285714286,7.185714285714286,0.0,0.0,9.342857142857142,256.42857142857144,15.514285714285716
2017-09-14,5.049999999999999,10.978571428571428,20.792857142857144,2.6785714285714284,242.14285714285714,7.25,0.0,0.0,9.342857142857143,245.71428571428572,15.592857142857143
2017-09-15,5.049999999999999,11.299999999999999,21.071428571428573,2.4071428571428575,232.14285714285714,6.9,0.0,0.0,8.764285714285714,237.14285714285714,15.942857142857145
2017-09-16,5.049999999999999,11.978571428571428,21.742857142857144,2.1142857142857143,234.28571428571428,6.357142857142857,0.0,0.0,8.121428571428572,235.0,16.54285714285714
2017-09-17,5.049999999999999,12.735714285714284,22.3,2.1428571428571432,231.42857142857142,6.421428571428571,0.0,0.0,8.057142857142857,231.42857142857142,17.150000000000002
2017-09-18,3.414285714285714,13.092857142857143,23.37142857142857,1.9714285714285718,227.14285714285714,6.228571428571429,0.0,0.0,7.8,240.0,17.79285714285714
2017-09-19,3.392857142857143,13.335714285714285,23.692857142857143,1.735714285714286,226.42857142857142,5.814285714285715,0.0,0.0,7.292857142857143,241.42857142857142,18.142857142857142
2017-09-20,1.5071428571428567,13.457142857142856,24.164285714285715,1.6785714285714286,223.57142857142858,5.557142857142858,0.0,0.0,6.907142857142857,237.85714285714286,18.342857142857145
2017-09-21,1.1428571428571426,13.5,24.8,1.8071428571428574,239.28571428571428,5.807142857142857,0.0,0.0,7.221428571428571,252.14285714285714,18.664285714285715
2017-09-22,0.6714285714285712,13.542857142857143,25.157142857142855,1.8142857142857145,241.42857142857142,5.714285714285714,0.0,0.0,7.157142857142858,253.57142857142858,18.978571428571428
2017-09-23,0.021428571428571176,13.421428571428569,25.792857142857144,1.7285714285714289,251.42857142857142,5.678571428571429,0.0,0.0,7.035714285714286,262.14285714285717,19.214285714285715
2017-09-24,0.0,13.421428571428573,26.62857142857143,1.692857142857143,244.28571428571428,5.485714285714286,0.0,0.0,6.814285714285715,242.14285714285714,19.57857142857143
2017-09-25,0.0,13.9,27.621428571428574,1.6071428571428572,234.28571428571428,5.328571428571428,0.0,0.0,6.621428571428572,232.85714285714286,20.185714285714283
2017-09-26,0.0,14.735714285714284,28.29285714285714,1.5714285714285714,232.85714285714286,5.3,0.0,0.0,6.5857142857142845,210.0,20.935714285714283
2017-09-27,0.0,15.37142857142857,28.807142857142857,1.5857142857142859,233.57142857142858,5.264285714285714,0.0,0.0,6.557142857142857,212.14285714285714,21.485714285714288
2017-09-28,0.0,15.885714285714284,29.164285714285715,1.6857142857142857,241.42857142857142,5.55,0.0,0.0,7.035714285714286,219.28571428571428,21.942857142857147
2017-09-29,0.0,15.642857142857142,28.885714285714283,1.992857142857143,251.42857142857142,5.771428571428571,0.0,0.0,7.357142857142857,230.0,21.842857142857145
2017-09-30,0.0,15.042857142857141,28.092857142857138,2.107142857142857,249.28571428571428,5.964285714285714,0.0,0.0,7.578571428571429,233.57142857142858,21.199999999999996
2017-10-01,0.021428571428571176,14.285714285714283,27.142857142857142,2.2,260.0,6.057142857142858,0.0,0.0,7.771428571428571,242.14285714285714,20.485714285714288
2017-10-02,0.021428571428571176,13.335714285714285,26.428571428571427,2.2142857142857144,274.2857142857143,6.0928571428571425,0.0,0.0,7.864285714285714,240.71428571428572,19.62857142857143
2017-10-03,0.021428571428571176,12.457142857142857,25.67142857142857,2.2,286.42857142857144,6.221428571428571,0.0,0.0,7.957142857142857,249.28571428571428,18.849999999999998
2017-10-04,0.021428571428571176,11.742857142857142,25.357142857142858,2.342857142857143,291.42857142857144,6.442857142857144,0.0,0.0,8.214285714285714,254.28571428571428,18.307142857142857
2017-10-05,0.22142857142857114,11.664285714285713,25.242857142857144,2.585714285714286,280.0,6.507142857142858,0.0,0.0,8.407142857142857,243.57142857142858,18.185714285714287
2017-10-06,0.22142857142857114,11.507142857142854,25.00714285714286,2.5714285714285716,278.57142857142856,6.442857142857143,0.0,0.0,8.285714285714286,242.85714285714286,18.042857142857144
2017-10-07,0.25714285714285684,11.471428571428572,24.335714285714285,2.5571428571428574,270.0,6.314285714285715,0.0,0.0,8.185714285714287,239.28571428571428,17.75
2017-10-08,0.2785714285714283,11.549999999999999,23.74285714285714,2.792857142857143,266.42857142857144,6.792857142857144,0.0,0.0,8.885714285714284,248.57142857142858,17.571428571428573
2017-10-09,0.6214285714285711,11.514285714285714,23.307142857142857,3.092857142857143,266.42857142857144,7.271428571428572,0.0,0.0,9.557142857142859,247.85714285714286,17.521428571428572
2017-10-10,2.671428571428571,11.235714285714284,22.314285714285717,3.235714285714286,267.14285714285717,7.528571428571428,0.0,0.0,9.878571428571428,270.0,16.942857142857143
2017-10-11,2.6928571428571426,10.999999999999998,21.75714285714286,3.235714285714286,277.85714285714283,7.564285714285714,0.0,0.0,9.942857142857141,280.7142857142857,16.557142857142857
2017-10-12,2.6928571428571426,10.128571428571428,20.650000000000002,3.214285714285715,281.42857142857144,7.3428571428571425,0.0,0.0,9.62142857142857,284.2857142857143,15.742857142857144
2017-10-13,2.6928571428571426,9.457142857142856,20.292857142857144,2.8785714285714294,283.57142857142856,6.9,0.0,0.0,9.107142857142858,281.42857142857144,15.064285714285715
2017-10-14,2.6928571428571426,9.1,20.449999999999996,3.007142857142857,274.2857142857143,7.057142857142857,0.0,0.0,9.299999999999999,270.7142857142857,14.914285714285715
2017-10-15,2.6714285714285713,9.771428571428572,20.764285714285712,3.0571428571428574,262.14285714285717,7.214285714285714,0.0,0.0,9.549999999999999,260.7142857142857,15.292857142857143
2017-10-16,2.6714285714285713,10.599999999999998,21.157142857142855,3.521428571428572,252.14285714285714,7.885714285714286,0.0,0.0,10.478571428571428,251.42857142857142,15.914285714285713
2017-10-17,2.6714285714285713,10.685714285714285,20.842857142857145,3.8500000000000005,250.0,8.4,0.0,0.0,11.214285714285714,251.42857142857142,15.907142857142857
2017-10-18,2.6714285714285713,10.207142857142857,20.20714285714286,3.8500000000000005,248.57142857142858,8.335714285714285,0.0,0.0,11.242857142857142,249.28571428571428,15.335714285714285
2017-10-19,2.471428571428571,9.849999999999998,19.849999999999998,3.65,248.57142857142858,8.27142857142857,0.0,0.0,11.085714285714285,248.57142857142858,14.978571428571428
2017-10-20,2.471428571428571,10.007142857142856,19.807142857142853,3.9071428571428575,240.0,8.592857142857143,0.0,0.0,11.564285714285713,240.0,14.864285714285714
2017-10-21,2.4357142857142855,9.764285714285716,20.042857142857144,4.042857142857143,248.57142857142858,8.885714285714284,0.0,0.0,11.914285714285715,245.71428571428572,15.028571428571427
2017-10-22,2.414285714285714,9.328571428571427,20.12142857142857,3.8285714285714287,248.57142857142858,8.635714285714284,0.0,0.0,11.5,245.71428571428572,14.792857142857143
2017-10-23,2.071428571428571,8.72857142857143,20.04285714285714,3.685714285714286,247.85714285714286,8.378571428571428,0.0,0.0,11.178571428571429,246.42857142857142,14.299999999999999
2017-10-24,0.021428571428571176,8.72857142857143,20.285714285714285,3.9071428571428575,237.85714285714286,8.757142857142858,0.0,0.0,11.62857142857143,235.0,14.407142857142857
2017-10-25,0.5285714285714284,8.964285714285714,20.32857142857143,4.221428571428572,226.42857142857142,9.364285714285714,0.0,0.0,12.714285714285714,222.14285714285714,14.564285714285715
2017-10-26,0.5285714285714284,9.357142857142858,20.521428571428572,4.185714285714286,227.85714285714286,9.364285714285714,0.0,0.0,12.65,223.57142857142858,14.849999999999998
2017-10-27,2.5428571428571423,9.671428571428569,20.24285714285714,4.307142857142858,222.85714285714286,9.65,0.0,0.0,13.064285714285713,222.14285714285714,14.9
2017-10-28,2.5428571428571423,9.950000000000001,19.964285714285715,4.214285714285714,230.0,9.528571428571428,0.0,0.0,12.971428571428572,229.28571428571428,14.857142857142856
2017-10-29,2.5428571428571423,9.678571428571429,20.00714285714286,4.357142857142857,231.42857142857142,9.692857142857141,0.0,0.0,13.2,230.0,14.671428571428573
2017-10-30,3.6499999999999995,9.407142857142857,19.45714285714286,4.057142857142857,228.57142857142858,9.4,0.0,0.0,12.721428571428573,225.71428571428572,14.364285714285714
2017-10-31,3.7571428571428567,9.642857142857142,19.814285714285713,4.207142857142857,215.0,9.778571428571428,0.0,0.0,13.521428571428572,212.14285714285714,14.55
2017-11-01,3.7785714285714285,10.078571428571427,19.535714285714285,4.2857142857142865,215.71428571428572,9.814285714285715,0.0,0.0,13.492857142857144,212.85714285714286,14.692857142857141
2017-11-02,3.814285714285714,9.757142857142856,18.735714285714288,4.214285714285714,216.42857142857142,9.692857142857141,0.0,0.0,13.428571428571429,215.0,14.235714285714286
2017-11-03,4.214285714285714,9.242857142857142,18.42142857142857,4.207142857142857,215.71428571428572,9.692857142857141,0.0,0.0,13.457142857142856,212.85714285714286,13.778571428571427
2017-11-04,4.542857142857143,9.128571428571428,18.3,4.3428571428571425,215.0,9.814285714285715,0.0,0.0,13.65,210.0,13.707142857142857
2017-11-05,4.542857142857143,8.72857142857143,17.264285714285712,4.392857142857143,225.71428571428572,9.878571428571428,0.0,0.0,13.742857142857144,220.71428571428572,13.164285714285715
2017-11-06,4.885714285714285,8.492857142857142,16.428571428571427,4.564285714285715,225.0,10.035714285714286,0.0,0.0,13.935714285714287,220.0,12.678571428571429
2017-11-07,4.978571428571429,7.735714285714286,15.992857142857142,4.6000000000000005,236.42857142857142,9.842857142857143,0.0,0.0,13.87142857142857,221.42857142857142,12.321428571428571
2017-11-08,4.45,6.278571428571429,14.478571428571428,4.385714285714286,247.14285714285714,9.428571428571429,0.0,0.0,12.971428571428572,234.28571428571428,11.064285714285713
2017-11-09,4.45,5.1,13.685714285714287,4.221428571428572,225.0,9.135714285714284,0.0,0.0,12.714285714285714,223.57142857142858,9.871428571428572
2017-11-10,2.4357142857142855,4.392857142857142,13.407142857142858,4.328571428571429,218.57142857142858,9.357142857142858,0.0,0.0,13.035714285714286,217.85714285714286,9.278571428571428
2017-11-11,2.599999999999999,3.3714285714285706,12.971428571428572,4.65,220.0,9.771428571428572,0.0,0.0,13.707142857142857,217.85714285714286,8.564285714285713
2017-11-12,2.599999999999999,2.1071428571428568,11.464285714285714,4.535714285714286,229.28571428571428,9.642857142857142,0.0,0.0,13.607142857142858,227.85714285714286,7.228571428571429
2017-11-13,1.4928571428571424,1.078571428571428,10.62857142857143,4.4714285714285715,232.14285714285714,9.485714285714286,0.0,0.0,13.378571428571428,232.14285714285714,6.185714285714285
2017-11-14,1.3857142857142855,0.1357142857142853,9.392857142857142,3.9714285714285715,239.28571428571428,8.564285714285713,0.0,0.0,11.842857142857143,238.57142857142858,5.1642857142857155
2017-11-15,1.3642857142857139,-0.2571428571428575,8.87857142857143,3.650000000000001,251.42857142857142,8.114285714285716,0.0,0.0,11.264285714285716,251.42857142857142,4.6571428571428575
2017-11-16,1.328571428571428,-0.6071428571428575,8.764285714285714,3.642857142857143,250.71428571428572,8.142857142857142,0.0,0.0,11.357142857142858,248.57142857142858,4.335714285714286
2017-11-17,0.9857142857142855,-0.8500000000000004,8.25,3.5642857142857145,258.57142857142856,8.107142857142858,0.0,0.0,11.292857142857144,257.85714285714283,4.064285714285714
2017-11-18,0.7142857142857139,-1.642857142857143,7.178571428571429,3.5500000000000003,258.57142857142856,8.171428571428573,0.0,0.0,11.421428571428573,257.85714285714283,3.085714285714286
2017-11-19,0.9499999999999998,-2.1928571428571435,6.985714285714286,3.607142857142857,246.42857142857142,8.235714285714286,0.0,0.0,11.678571428571429,245.71428571428572,2.5571428571428574
2017-11-20,1.0214285714285711,-2.5071428571428576,6.6642857142857155,3.635714285714286,255.0,8.428571428571429,0.0,0.0,11.935714285714285,254.28571428571428,2.242857142857143
2017-11-21,1.0357142857142854,-3.092857142857143,5.435714285714285,3.4285714285714284,250.0,8.4,0.0,2.357142857142857,11.871428571428572,260.0,1.1357142857142857
2017-11-22,1.0357142857142854,-3.135714285714286,5.992857142857142,3.735714285714286,239.28571428571428,8.842857142857143,2.142857142857143,2.357142857142857,12.642857142857142,249.28571428571428,1.1357142857142857
2017-11-23,1.3642857142857139,-2.978571428571429,6.114285714285714,4.007142857142858,258.57142857142856,9.257142857142856,2.142857142857143,2.357142857142857,13.12142857142857,249.28571428571428,1.5142857142857142
2017-11-24,1.3642857142857139,-3.214285714285715,5.642857142857143,3.9142857142857146,269.2857142857143,9.035714285714286,2.142857142857143,2.357142857142857,12.707142857142857,247.85714285714286,1.192857142857143
2017-11-25,1.1999999999999997,-2.6642857142857146,5.607142857142857,3.7857142857142856,259.2857142857143,9.035714285714286,2.142857142857143,2.357142857142857,12.578571428571427,240.0,1.407142857142857
2017-11-26,1.2214285714285713,-1.8428571428571434,6.478571428571429,3.9142857142857146,259.2857142857143,9.257142857142856,2.142857142857143,2.357142857142857,12.8,229.28571428571428,2.3285714285714287
2017-11-27,1.4214285714285708,-1.7214285714285718,6.435714285714286,4.078571428571428,268.57142857142856,9.514285714285714,2.142857142857143,4.928571428571429,13.092857142857143,238.57142857142858,2.5357142857142856
2017-11-28,1.4571428571428566,-1.921428571428572,6.32142857142857,4.371428571428572,276.42857142857144,9.892857142857142,5.714285714285714,5.5,13.478571428571428,247.14285714285714,2.4285714285714284
2017-11-29,1.4571428571428566,-2.6285714285714294,6.635714285714285,4.828571428571429,264.2857142857143,10.692857142857145,7.857142857142857,5.5,14.628571428571428,234.28571428571428,2.0785714285714283
2017-11-30,1.5857142857142852,-2.785714285714286,6.914285714285714,5.014285714285714,274.2857142857143,11.328571428571427,7.857142857142857,5.5,15.235714285714286,245.71428571428572,2.392857142857143
2017-12-01,1.6357142857142855,-3.45,6.635714285714286,5.05,266.42857142857144,11.392857142857142,7.857142857142857,5.5,15.428571428571429,236.42857142857142,1.8928571428571428
2017-12-02,1.6857142857142853,-2.9357142857142864,6.835714285714286,4.835714285714286,257.85714285714283,11.171428571428573,7.857142857142857,5.5,15.207142857142857,228.57142857142858,2.15
2017-12-03,1.4499999999999995,-2.4642857142857153,6.75,4.678571428571429,258.57142857142856,10.814285714285715,7.857142857142857,5.5,14.6,232.14285714285714,2.442857142857143
2017-12-04,1.0357142857142854,-2.6214285714285723,6.514285714285713,4.307142857142858,246.42857142857142,10.178571428571429,7.857142857142857,5.5,13.707142857142857,218.57142857142858,2.25
2017-12-05,0.9285714285714283,-2.6571428571428575,7.064285714285714,4.228571428571429,238.57142857142858,10.142857142857142,7.857142857142857,3.142857142857143,13.671428571428569,210.71428571428572,2.407142857142857
2017-12-06,1.1642857142857141,-1.9500000000000004,7.107142857142857,4.314285714285715,237.85714285714286,9.921428571428573,5.714285714285714,3.142857142857143,13.571428571428571,208.57142857142858,2.7642857142857147
2017-12-07,1.0357142857142854,-1.678571428571429,6.985714285714287,4.321428571428571,234.28571428571428,9.985714285714286,5.714285714285714,3.142857142857143,13.764285714285716,214.28571428571428,2.792857142857143
2017-12-08,1.0571428571428567,-1.2071428571428575,7.1000000000000005,4.342857142857143,227.14285714285714,9.985714285714286,5.714285714285714,3.142857142857143,13.921428571428573,219.28571428571428,3.121428571428571
2017-12-09,1.0785714285714283,-1.4428571428571435,6.700000000000001,4.135714285714285,227.85714285714286,9.507142857142856,5.714285714285714,3.5,13.314285714285715,225.71428571428572,2.9428571428571426
2017-12-10,1.0571428571428567,-1.9500000000000006,5.985714285714286,3.835714285714286,213.57142857142858,8.9,5.714285714285714,3.5,12.549999999999999,225.0,2.292857142857143
2017-12-11,0.8928571428571426,-1.9500000000000008,5.75,3.7642857142857147,210.0,8.835714285714287,5.714285714285714,1.5,12.514285714285714,221.42857142857142,2.0571428571428574
2017-12-12,0.9499999999999996,-2.071428571428572,5.592857142857143,3.6142857142857148,187.14285714285714,8.614285714285716,4.285714285714286,2.7142857142857144,12.35,197.85714285714286,1.9071428571428573
2017-12-13,1.764285714285714,-1.9142857142857148,5.121428571428572,3.2214285714285715,197.14285714285714,8.292857142857143,4.285714285714286,13.785714285714286,11.714285714285714,208.57142857142858,1.8071428571428572
2017-12-14,1.7071428571428569,-2.5500000000000007,3.935714285714286,3.2785714285714285,195.71428571428572,7.914285714285714,17.142857142857142,15.785714285714286,11.4,205.0,0.8214285714285717
2017-12-15,1.5999999999999996,-3.264285714285715,2.8714285714285714,3.1214285714285714,205.0,7.757142857142857,27.857142857142858,15.785714285714286,10.985714285714286,215.0,0.03571428571428571
2017-12-16,1.4928571428571424,-4.728571428571429,2.042857142857143,3.1642857142857146,205.0,7.792857142857144,37.142857142857146,15.785714285714286,10.857142857142858,215.0,-1.1714285714285713
2017-12-17,1.4928571428571424,-5.514285714285714,1.6142857142857143,3.3642857142857143,215.0,8.207142857142857,46.42857142857143,15.785714285714286,11.37142857142857,222.14285714285714,-1.757142857142857
2017-12-18,1.4928571428571424,-6.585714285714286,0.6285714285714287,3.4285714285714284,212.14285714285714,8.207142857142857,55.714285714285715,15.785714285714286,11.335714285714285,220.0,-2.6999999999999997
2017-12-19,1.7071428571428569,-7.221428571428571,0.15714285714285725,3.407142857142858,214.28571428571428,8.114285714285714,62.857142857142854,18.857142857142858,11.114285714285716,222.14285714285714,-3.2785714285714285
2017-12-20,1.4928571428571424,-7.928571428571429,-0.2785714285714285,3.078571428571429,220.0,8.078571428571427,73.57142857142857,18.857142857142858,10.700000000000001,229.28571428571428,-3.7785714285714285
2017-12-21,1.364285714285714,-8.6,-0.6357142857142856,3.1142857142857143,221.42857142857142,8.142857142857142,80.71428571428571,19.428571428571427,10.892857142857142,231.42857142857142,-4.178571428571429
2017-12-22,1.3428571428571427,-9.471428571428572,-1.3785714285714286,3.0500000000000003,228.57142857142858,8.078571428571427,86.42857142857143,19.428571428571427,10.671428571428573,237.14285714285714,-4.921428571428572
2017-12-23,1.8999999999999997,-10.185714285714285,-1.807142857142857,2.9285714285714284,225.71428571428572,7.885714285714285,102.85714285714286,31.928571428571427,10.285714285714286,227.14285714285714,-5.6499999999999995
2017-12-24,2.8999999999999995,-10.264285714285716,-1.7285714285714284,3.0500000000000003,240.71428571428572,8.27142857142857,115.71428571428571,33.92857142857143,10.671428571428573,239.28571428571428,-5.707142857142857
2017-12-25,2.864285714285714,-10.585714285714285,-1.842857142857143,3.0500000000000003,244.28571428571428,8.114285714285716,128.57142857142858,33.357142857142854,10.450000000000001,242.14285714285714,-5.835714285714286
2017-12-26,3.042857142857143,-10.307142857142859,-1.842857142857143,3.150000000000001,263.57142857142856,8.4,139.28571428571428,37.92857142857143,11.057142857142859,262.85714285714283,-5.8500000000000005
2017-12-27,2.228571428571428,-10.664285714285713,-2.1928571428571426,3.3714285714285714,257.85714285714283,8.435714285714285,151.42857142857142,26.857142857142858,11.314285714285715,256.42857142857144,-6.007142857142858
2017-12-28,2.157142857142857,-11.257142857142856,-2.707142857142857,3.15,258.57142857142856,8.178571428571429,151.42857142857142,24.857142857142858,10.928571428571429,259.2857142857143,-6.564285714285714
2017-12-29,2.157142857142857,-11.692857142857141,-3.307142857142857,3.214285714285715,259.2857142857143,8.085714285714285,153.57142857142858,24.857142857142858,10.764285714285716,257.14285714285717,-7.121428571428572
2017-12-30,2.3357142857142854,-11.971428571428573,-4.1000000000000005,3.107142857142857,271.42857142857144,7.764285714285714,157.14285714285714,25.785714285714285,10.285714285714286,269.2857142857143,-7.678571428571429
2017-12-31,2.357142857142857,-12.842857142857143,-4.814285714285715,3.0071428571428576,272.85714285714283,7.578571428571429,160.71428571428572,26.714285714285715,10.028571428571428,270.7142857142857,-8.542857142857143
2018-01-01,2.357142857142857,-13.2,-5.45,3.128571428571429,290.0,7.835714285714286,164.28571428571428,26.928571428571427,10.414285714285715,287.85714285714283,-8.992857142857144
2018-01-02,2.142857142857143,-14.114285714285714,-6.635714285714286,3.1214285714285714,300.0,7.614285714285715,170.0,23.857142857142858,10.128571428571428,297.85714285714283,-9.892857142857142
2018-01-03,2.121428571428571,-15.778571428571428,-7.621428571428571,3.1714285714285717,295.0,7.55,172.14285714285714,24.214285714285715,10.099999999999998,292.14285714285717,-11.407142857142857
2018-01-04,2.05,-15.857142857142858,-8.207142857142857,3.235714285714286,288.57142857142856,7.55,177.85714285714286,23.642857142857142,9.878571428571428,282.85714285714283,-12.035714285714286
2018-01-05,2.3214285714285707,-15.892857142857142,-8.17142857142857,3.4214285714285717,287.14285714285717,8.092857142857143,190.0,28.714285714285715,10.549999999999999,282.85714285714283,-12.071428571428571
2018-01-06,1.9071428571428568,-16.442857142857143,-8.607142857142858,3.8000000000000003,297.14285714285717,8.571428571428571,191.42857142857142,20.785714285714285,11.257142857142856,295.0,-12.421428571428573
2018-01-07,0.9428571428571425,-18.02857142857143,-10.15,4.035714285714286,293.57142857142856,8.7,198.57142857142858,19.357142857142858,11.671428571428573,292.85714285714283,-13.757142857142856
2018-01-08,0.9785714285714283,-19.614285714285717,-10.864285714285714,4.114285714285715,284.2857142857143,8.95,203.57142857142858,20.285714285714285,12.178571428571429,283.57142857142856,-15.15
2018-01-09,0.7285714285714283,-20.014285714285716,-10.9,4.342857142857143,277.85714285714283,9.014285714285714,208.57142857142858,14.285714285714286,12.049999999999999,275.0,-15.342857142857142
2018-01-10,0.8571428571428568,-19.42142857142857,-10.435714285714287,4.342857142857143,282.14285714285717,9.014285714285714,212.14285714285714,17.214285714285715,11.885714285714286,281.42857142857144,-14.885714285714286
2018-01-11,0.8571428571428569,-18.864285714285717,-9.37142857142857,4.442857142857143,273.57142857142856,9.364285714285714,213.57142857142858,17.214285714285715,12.62142857142857,272.14285714285717,-14.185714285714285
2018-01-12,0.8571428571428569,-17.085714285714285,-7.428571428571429,4.757142857142858,264.2857142857143,9.714285714285714,210.0,17.214285714285715,13.292857142857143,265.7142857142857,-12.485714285714286
2018-01-13,2.621428571428571,-15.614285714285716,-5.092857142857143,5.142857142857143,252.14285714285714,10.385714285714286,197.14285714285714,16.5,14.214285714285714,253.57142857142858,-10.228571428571428
2018-01-14,3.5428571428571423,-15.021428571428572,-4.414285714285715,5.514285714285714,252.85714285714286,10.892857142857142,187.85714285714286,24.428571428571427,14.885714285714286,252.85714285714286,-9.4
2018-01-15,3.5428571428571423,-14.864285714285716,-4.135714285714285,5.457142857142857,230.71428571428572,10.792857142857144,184.28571428571428,24.214285714285715,14.728571428571428,255.71428571428572,-9.25
2018-01-16,3.5428571428571423,-14.55,-3.8214285714285716,5.442857142857143,230.0,10.757142857142858,180.71428571428572,24.214285714285715,14.6,255.0,-9.1
2018-01-17,3.7071428571428564,-13.914285714285715,-3.507142857142857,5.264285714285714,231.42857142857142,10.664285714285715,177.14285714285714,26.428571428571427,14.435714285714287,256.42857142857144,-8.442857142857143
2018-01-18,3.7071428571428564,-13.87142857142857,-3.507142857142857,4.957142857142857,240.0,10.285714285714288,173.57142857142858,26.428571428571427,13.857142857142858,266.42857142857144,-8.357142857142858
2018-01-19,3.4357142857142855,-13.757142857142856,-3.307142857142857,4.835714285714286,231.42857142857142,9.678571428571429,165.0,21.571428571428573,13.546153846153846,261.53846153846155,-8.22857142857143
2018-01-20,3.2714285714285714,-12.685714285714287,-2.6714285714285713,4.67857142857143,223.57142857142858,9.485714285714284,154.28571428571428,16.857142857142858,13.338461538461539,252.30769230769232,-7.457142857142857
2018-01-21,3.2357142857142853,-10.900000000000002,-0.8928571428571429,4.607142857142857,217.14285714285714,9.385714285714286,141.42857142857142,16.285714285714285,13.03076923076923,243.07692307692307,-5.9
2018-01-22,3.1999999999999997,-8.914285714285715,0.21428571428571427,4.4071428571428575,227.14285714285714,8.878571428571428,130.71428571428572,15.357142857142858,12.741666666666667,248.33333333333334,-4.085714285714286
2018-01-23,3.4357142857142855,-8.557142857142859,0.40714285714285714,4.114285714285715,225.71428571428572,8.5,120.0,15.571428571428571,12.149999999999999,246.66666666666666,-3.85
2018-01-24,3.907142857142857,-8.207142857142859,0.7285714285714285,3.95,222.14285714285714,8.5,109.28571428571429,12.642857142857142,12.266666666666666,242.5,-3.65
2018-01-25,3.964285714285714,-7.971428571428572,0.8428571428571429,4.071428571428572,230.71428571428572,8.371428571428572,102.14285714285714,12.642857142857142,11.858333333333334,250.0,-3.442857142857143
2018-01-26,3.964285714285714,-9.157142857142857,-0.46428571428571425,3.7357142857142853,241.42857142857142,8.07857142857143,96.42857142857143,12.642857142857142,11.15,263.3333333333333,-4.485714285714286
2018-01-27,2.0214285714285714,-10.028571428571428,-1.7285714285714289,3.4,240.71428571428572,7.6000000000000005,100.0,12.428571428571429,10.591666666666667,261.6666666666667,-5.978571428571429
2018-01-28,1.0785714285714285,-9.07857142857143,-1.0642857142857143,3.4214285714285717,228.57142857142858,7.571428571428571,100.0,3.5714285714285716,10.666666666666666,250.0,-5.450000000000001
2018-01-29,1.0785714285714285,-7.650000000000001,0.3999999999999998,3.5000000000000004,244.28571428571428,7.7,94.28571428571429,3.5714285714285716,10.883333333333333,240.0,-3.9
2018-01-30,1.0785714285714285,-6.657142857142858,1.1928571428571426,3.7285714285714286,245.0,7.957142857142857,88.57142857142857,3.5714285714285716,11.25,240.0,-2.85
2018-01-31,0.914285714285714,-6.185714285714288,0.8357142857142856,3.9642857142857144,254.28571428571428,8.05,82.85714285714286,1.0,11.25,250.83333333333334,-2.721428571428571
2018-02-01,0.914285714285714,-6.542857142857144,1.114285714285714,4.185714285714286,244.28571428571428,8.4,75.71428571428571,1.0,12.108333333333334,240.0,-2.9071428571428575
2018-02-02,0.9499999999999998,-5.864285714285715,1.6214285714285712,4.414285714285715,242.85714285714286,8.75,68.57142857142857,1.3571428571428572,12.276923076923076,236.92307692307693,-2.4285714285714284
2018-02-03,1.0428571428571425,-6.6642857142857155,1.6214285714285712,4.514285714285714,254.28571428571428,8.942857142857143,65.0,4.428571428571429,12.415384615384616,246.92307692307693,-2.685714285714286
2018-02-04,1.0428571428571427,-7.935714285714288,0.914285714285714,4.4071428571428575,252.85714285714286,8.914285714285715,60.0,4.428571428571429,12.415384615384616,246.92307692307693,-3.7214285714285715
2018-02-05,1.2785714285714285,-8.135714285714288,0.6357142857142856,4.814285714285715,242.14285714285714,9.678571428571429,55.0,7.857142857142857,12.964285714285714,242.85714285714286,-4.107142857142857
2018-02-06,1.0785714285714283,-8.650000000000002,0.557142857142857,4.828571428571429,252.85714285714286,9.992857142857142,53.57142857142857,8.571428571428571,13.35,254.28571428571428,-4.092857142857143
2018-02-07,0.4785714285714283,-9.514285714285716,-0.11428571428571445,4.957142857142856,247.85714285714286,9.892857142857142,52.142857142857146,8.571428571428571,13.185714285714285,248.57142857142858,-4.771428571428571
2018-02-08,1.2714285714285711,-9.792857142857144,-0.7357142857142859,4.642857142857143,251.42857142857142,9.671428571428573,50.714285714285715,18.0,12.700000000000001,254.28571428571428,-5.192857142857143
2018-02-09,1.2714285714285711,-9.592857142857143,-0.5357142857142859,4.5,242.14285714285714,9.450000000000001,60.0,18.0,12.514285714285714,245.0,-5.064285714285715
2018-02-10,1.2928571428571427,-9.435714285714285,-0.6928571428571431,4.6571428571428575,242.85714285714286,9.578571428571427,69.28571428571429,18.357142857142858,12.55,245.71428571428572,-4.992857142857143
2018-02-11,1.507142857142857,-9.671428571428573,-0.9285714285714289,4.492857142857143,243.57142857142858,9.285714285714286,76.42857142857143,20.714285714285715,12.071428571428571,246.42857142857142,-5.164285714285714
2018-02-12,1.5428571428571427,-10.028571428571428,-1.085714285714286,4.500000000000001,240.71428571428572,9.414285714285715,83.57142857142857,20.714285714285715,12.235714285714286,242.14285714285714,-5.8500000000000005
2018-02-13,1.5428571428571427,-9.907142857142857,-0.7357142857142859,4.571428571428571,240.0,9.635714285714286,89.28571428571429,20.714285714285715,12.62142857142857,242.85714285714286,-5.535714285714286
2018-02-14,1.5428571428571427,-10.142857142857142,-0.3357142857142859,4.4071428571428575,230.0,9.578571428571427,95.0,20.714285714285715,12.721428571428573,232.14285714285714,-5.4
2018-02-15,1.5428571428571427,-9.392857142857142,0.04999999999999982,4.5357142857142865,230.71428571428572,9.542857142857143,102.14285714285714,20.714285714285715,12.657142857142857,231.42857142857142,-4.778571428571429
2018-02-16,1.507142857142857,-9.242857142857144,0.6499999999999998,4.385714285714286,231.42857142857142,9.450000000000001,107.14285714285714,20.142857142857142,12.528571428571428,230.0,-4.3999999999999995
2018-02-17,1.5428571428571427,-8.485714285714286,1.2357142857142855,4.242857142857143,230.71428571428572,9.414285714285715,109.28571428571429,17.428571428571427,12.528571428571428,230.71428571428572,-3.5285714285714285
2018-02-18,1.5428571428571427,-7.807142857142858,1.55,4.257142857142858,230.0,9.37857142857143,110.71428571428571,17.428571428571427,12.428571428571429,229.28571428571428,-2.885714285714286
2018-02-19,1.4142857142857141,-7.65,1.6714285714285713,3.9,230.0,8.807142857142857,110.71428571428571,15.071428571428571,11.571428571428571,227.85714285714286,-2.7142857142857144
2018-02-20,1.3785714285714283,-6.814285714285715,2.185714285714286,4.142857142857143,220.0,8.971428571428572,107.14285714285714,13.785714285714286,11.857142857142858,218.57142857142858,-2.335714285714286
2018-02-21,1.614285714285714,-5.628571428571429,3.4499999999999997,4.221428571428572,220.0,9.071428571428571,101.42857142857143,13.785714285714286,11.957142857142857,217.85714285714286,-1.2357142857142858
2018-02-22,0.764285714285714,-4.6000000000000005,5.228571428571429,4.592857142857143,207.85714285714286,9.292857142857143,95.71428571428571,4.357142857142857,12.342857142857143,207.14285714285714,0.3714285714285715
2018-02-23,0.764285714285714,-4.207142857142857,5.7,4.707142857142857,217.14285714285714,9.328571428571427,82.85714285714286,4.357142857142857,12.464285714285714,215.71428571428572,0.9071428571428573
2018-02-24,0.814285714285714,-3.8928571428571437,6.25,4.842857142857143,217.14285714285714,9.742857142857144,70.0,4.0,13.135714285714286,216.42857142857142,1.2571428571428573
2018-02-25,0.6214285714285711,-3.735714285714286,6.4071428571428575,4.678571428571429,217.14285714285714,9.742857142857144,59.285714285714285,1.6428571428571428,13.164285714285715,216.42857142857142,1.6214285714285714
2018-02-26,0.9999999999999998,-3.535714285714287,6.285714285714286,4.764285714285714,214.28571428571428,9.742857142857144,48.57142857142857,2.357142857142857,13.228571428571428,214.28571428571428,1.907142857142857
2018-02-27,0.9999999999999998,-3.107142857142858,6.607142857142857,4.578571428571429,212.14285714285714,9.557142857142859,39.285714285714285,2.357142857142857,12.971428571428572,212.85714285714286,2.1714285714285717
2018-02-28,0.9999999999999998,-2.271428571428572,7.471428571428572,4.635714285714286,211.42857142857142,9.521428571428572,30.0,2.357142857142857,12.935714285714285,212.85714285714286,2.935714285714286
2018-03-01,0.9999999999999998,-1.678571428571429,8.22857142857143,4.514285714285714,210.71428571428572,9.335714285714287,20.714285714285715,2.357142857142857,12.742857142857144,212.85714285714286,3.585714285714286
2018-03-02,1.0571428571428567,-1.7571428571428578,8.107142857142858,4.435714285714286,200.71428571428572,9.114285714285714,13.571428571428571,2.357142857142857,12.761538461538462,215.3846153846154,3.607142857142857
2018-03-03,1.1285714285714283,-1.4785714285714293,7.671428571428571,4.621428571428572,201.42857142857142,9.15,7.857142857142857,4.857142857142857,12.86153846153846,216.15384615384616,3.2642857142857147
2018-03-04,1.1285714285714283,-0.8142857142857148,7.9071428571428575,4.807142857142858,214.28571428571428,9.185714285714285,7.857142857142857,4.857142857142857,12.930769230769231,228.46153846153845,3.628571428571429
2018-03-05,1.1999999999999997,-0.771428571428572,7.9071428571428575,4.992857142857143,225.0,9.37142857142857,5.714285714285714,7.428571428571429,13.130769230769232,241.53846153846155,3.714285714285715
2018-03-06,1.2357142857142855,-0.7357142857142863,7.55,4.864285714285715,236.42857142857142,8.957142857142857,7.142857142857143,8.714285714285714,12.546153846153846,252.30769230769232,3.585714285714286
2018-03-07,0.9999999999999998,-1.4857142857142862,6.878571428571428,4.6000000000000005,232.85714285714286,8.735714285714286,7.142857142857143,8.714285714285714,12.338461538461539,248.46153846153845,3.0071428571428576
2018-03-08,1.1642857142857141,-1.6428571428571435,5.607142857142857,4.328571428571428,227.85714285714286,8.514285714285714,7.142857142857143,12.142857142857142,12.06153846153846,242.30769230769232,2.0357142857142856
2018-03-09,1.8142857142857138,-1.364285714285715,5.45,4.385714285714286,226.42857142857142,8.642857142857142,14.285714285714286,22.142857142857142,12.100000000000001,241.53846153846155,2.0142857142857147
2018-03-10,1.9071428571428568,-1.0071428571428578,5.328571428571429,4.085714285714286,227.14285714285714,7.971428571428572,27.142857142857142,25.428571428571427,11.030769230769229,242.30769230769232,2.142857142857143
2018-03-11,1.921428571428571,-1.0071428571428578,5.05,4.185714285714286,234.28571428571428,8.007142857142856,37.857142857142854,26.5,11.03076923076923,249.23076923076923,1.8571428571428572
2018-03-12,1.5285714285714282,-0.8857142857142862,4.928571428571429,4.092857142857143,245.0,7.878571428571428,47.142857142857146,26.5,10.753846153846153,261.53846153846155,1.8571428571428572
2018-03-13,1.5285714285714282,-0.9571428571428576,4.5285714285714285,3.985714285714286,232.14285714285714,7.621428571428572,54.285714285714285,26.5,10.415384615384616,246.15384615384616,1.6142857142857143
2018-03-14,2.178571428571428,-0.8785714285714291,4.014285714285714,4.042857142857143,242.85714285714286,7.592857142857143,60.0,36.285714285714285,10.384615384615385,258.46153846153845,1.3571428571428572
2018-03-15,3.5428571428571423,-1.3142857142857147,2.9857142857142853,4.085714285714286,252.85714285714286,7.714285714285714,81.42857142857143,51.857142857142854,10.246153846153845,270.0,0.7071428571428572
2018-03-16,3.6285714285714286,-1.428571428571429,2.4714285714285715,4.221428571428572,272.14285714285717,7.964285714285714,102.85714285714286,54.57142857142857,10.471428571428572,274.2857142857143,0.35000000000000003
2018-03-17,3.428571428571428,-1.7071428571428575,2.2785714285714285,4.242857142857143,270.0,8.028571428571428,124.28571428571429,51.5,10.507142857142856,271.42857142857144,0.15000000000000005
2018-03-18,3.428571428571428,-2.7285714285714286,1.7714285714285711,4.1571428571428575,268.57142857142856,8.507142857142858,142.14285714285714,51.5,11.049999999999999,270.7142857142857,-0.33571428571428574
2018-03-19,3.2499999999999996,-4.000000000000001,1.2642857142857142,4.0,270.7142857142857,8.385714285714286,163.57142857142858,47.857142857142854,11.076923076923077,265.38461538461536,-1.2714285714285716
2018-03-20,3.1928571428571426,-5.185714285714286,0.7928571428571428,3.8000000000000003,271.42857142857144,8.442857142857143,177.85714285714286,46.57142857142857,11.038461538461538,266.9230769230769,-1.9857142857142855
2018-03-21,3.1928571428571426,-5.942857142857144,0.4714285714285714,3.8000000000000007,287.14285714285717,8.314285714285715,194.28571428571428,46.57142857142857,10.73076923076923,282.3076923076923,-2.5142857142857147
2018-03-22,3.0285714285714285,-6.771428571428572,0.27142857142857146,3.807142857142857,302.85714285714283,8.35,208.57142857142858,43.142857142857146,10.733333333333333,295.8333333333333,-3.014285714285714
2018-03-23,2.3785714285714286,-7.05,0.5857142857142857,3.7571428571428576,304.2857142857143,8.507142857142856,215.71428571428572,33.142857142857146,11.033333333333333,296.6666666666667,-3.0285714285714285
2018-03-24,2.214285714285714,-7.328571428571429,0.7857142857142857,3.785714285714286,315.0,8.764285714285714,213.57142857142858,29.857142857142858,11.441666666666668,308.3333333333333,-2.957142857142857
2018-03-25,2.1785714285714284,-7.364285714285715,0.7857142857142857,3.8071428571428574,295.0,8.635714285714286,212.14285714285714,28.785714285714285,11.291666666666666,313.3333333333333,-2.9
2018-03-26,2.157142857142857,-7.564285714285715,0.9428571428571428,3.828571428571429,296.42857142857144,8.828571428571427,212.14285714285714,28.071428571428573,11.475,314.1666666666667,-2.964285714285714
2018-03-27,2.157142857142857,-7.921428571428572,1.1857142857142857,3.8142857142857145,312.14285714285717,8.921428571428573,214.28571428571428,28.071428571428573,11.583333333333334,332.5,-3.014285714285714
2018-03-28,1.5642857142857143,-8.2,1.542857142857143,3.7714285714285714,302.85714285714283,8.95,214.28571428571428,18.285714285714285,11.658333333333333,320.8333333333333,-2.8857142857142857
2018-03-29,0.2928571428571426,-8.007142857142858,2.1714285714285717,3.564285714285714,292.14285714285717,8.82857142857143,196.42857142857142,2.7142857142857144,11.658333333333331,308.3333333333333,-2.5142857142857147
2018-03-30,0.8214285714285712,-7.692857142857143,2.807142857142857,3.3285714285714287,282.85714285714283,8.542857142857143,177.14285714285714,0.0,11.141666666666666,296.6666666666667,-2.0714285714285716
2018-03-31,1.0928571428571427,-7.185714285714286,3.635714285714286,3.135714285714286,283.57142857142856,8.37857142857143,155.71428571428572,0.0,10.841666666666667,300.0,-1.3142857142857143
2018-04-01,1.0928571428571427,-6.357142857142857,4.735714285714286,3.0142857142857147,272.85714285714283,7.928571428571429,134.28571428571428,0.0,10.4,288.3333333333333,-0.5785714285714285
2018-04-02,1.0928571428571427,-5.128571428571429,5.678571428571429,3.207142857142857,270.0,8.178571428571429,112.85714285714286,0.0,10.738461538461538,280.0,0.7071428571428573
2018-04-03,1.0928571428571427,-4.1000000000000005,6.507142857142858,3.15,266.42857142857144,7.957142857142857,95.0,0.0,10.46923076923077,274.61538461538464,1.5214285714285716
2018-04-04,1.2357142857142855,-3.028571428571429,7.1000000000000005,3.25,255.0,8.207142857142857,78.57142857142857,0.0,10.876923076923077,263.84615384615387,2.3214285714285716
2018-04-05,1.7785714285714282,-2.471428571428572,7.892857142857143,3.5500000000000003,248.57142857142858,8.65,64.28571428571429,0.0,11.507142857142856,263.57142857142856,3.1428571428571432
2018-04-06,1.7785714285714282,-2.5500000000000003,7.735714285714287,3.7071428571428577,244.28571428571428,8.742857142857144,50.0,0.21428571428571427,11.700000000000001,259.2857142857143,3.0500000000000003
2018-04-07,1.9928571428571424,-2.4285714285714293,7.614285714285715,3.8714285714285714,232.85714285714286,8.928571428571429,39.285714285714285,3.142857142857143,11.928571428571429,248.57142857142858,2.971428571428572
2018-04-08,1.9928571428571424,-2.235714285714286,7.892857142857143,3.9214285714285717,250.71428571428572,9.085714285714285,33.57142857142857,3.142857142857143,12.221428571428572,241.42857142857142,3.0714285714285716
2018-04-09,2.05,-2.3142857142857145,7.735714285714286,3.842857142857143,252.14285714285714,8.928571428571429,24.285714285714285,3.857142857142857,12.12857142857143,242.14285714285714,3.1000000000000005
2018-04-10,2.05,-2.278571428571429,7.535714285714286,3.9571428571428577,252.14285714285714,9.092857142857143,15.0,3.857142857142857,12.321428571428571,242.14285714285714,2.957142857142857
2018-04-11,1.9928571428571424,-2.2000000000000006,7.457142857142857,3.792857142857143,260.7142857142857,9.092857142857143,9.285714285714286,3.857142857142857,12.192857142857141,249.28571428571428,2.8500000000000005
2018-04-12,1.8999999999999997,-2.664285714285715,7.421428571428571,3.842857142857143,262.14285714285717,9.25,5.714285714285714,3.857142857142857,12.357142857142858,250.0,2.6571428571428575
2018-04-13,1.6999999999999997,-2.6642857142857146,7.378571428571429,4.021428571428571,261.42857142857144,9.535714285714286,3.5714285714285716,3.857142857142857,12.864285714285714,248.57142857142858,2.6357142857142857
2018-04-14,2.3928571428571423,-2.385714285714286,7.421428571428572,3.9142857142857146,252.14285714285714,9.442857142857141,3.5714285714285716,3.857142857142857,12.864285714285714,237.85714285714286,2.685714285714286
2018-04-15,3.0857142857142854,-2.5000000000000004,7.028571428571429,4.021428571428571,263.57142857142856,9.414285714285715,3.5714285714285716,5.142857142857143,12.635714285714286,250.71428571428572,2.492857142857143
2018-04-16,3.664285714285714,-2.692857142857143,6.471428571428571,3.857142857142857,249.28571428571428,9.228571428571428,7.142857142857143,6.214285714285714,12.37857142857143,246.42857142857142,1.8785714285714283
2018-04-17,4.5928571428571425,-2.535714285714286,6.428571428571429,3.985714285714286,236.42857142857142,9.514285714285714,9.285714285714286,6.214285714285714,12.885714285714286,235.71428571428572,1.942857142857143
2018-04-18,4.6499999999999995,-2.342857142857144,6.271428571428571,3.95,242.14285714285714,9.392857142857142,9.285714285714286,6.214285714285714,12.792857142857143,242.14285714285714,1.9857142857142858
2018-04-19,4.128571428571428,-1.9571428571428575,6.1499999999999995,3.685714285714286,244.28571428571428,8.95,9.285714285714286,6.214285714285714,12.150000000000002,245.0,1.8499999999999999
2018-04-20,4.164285714285714,-1.3642857142857145,6.507142857142857,3.578571428571429,247.14285714285714,8.792857142857143,9.285714285714286,6.0,11.921428571428573,247.85714285714286,2.3428571428571425
2018-04-21,4.078571428571428,-0.9714285714285719,6.75,3.5571428571428574,255.0,8.664285714285715,11.428571428571429,4.5,11.728571428571428,255.71428571428572,2.6
2018-04-22,4.078571428571428,-1.0071428571428576,7.228571428571429,3.392857142857143,260.0,8.6,7.857142857142857,4.5,11.5,262.14285714285717,2.935714285714286
2018-04-23,4.021428571428571,-0.8071428571428577,8.1,3.3500000000000005,261.42857142857144,8.6,7.857142857142857,3.7857142857142856,11.528571428571428,261.42857142857144,3.4357142857142855
2018-04-24,4.021428571428571,-0.4857142857142862,9.207142857142857,3.292857142857143,249.28571428571428,8.407142857142857,7.857142857142857,3.7857142857142856,11.307142857142855,257.14285714285717,4.214285714285714
2018-04-25,4.021428571428571,0.5785714285714281,10.357142857142858,3.6214285714285714,240.0,8.564285714285715,7.857142857142857,3.7857142857142856,11.592857142857143,250.0,5.3
2018-04-26,5.071428571428571,1.6428571428571423,10.87142857142857,3.6000000000000005,239.28571428571428,8.435714285714285,7.857142857142857,3.7857142857142856,11.464285714285714,249.28571428571428,6.15
2018-04-27,5.3999999999999995,2.157142857142857,11.150000000000002,3.464285714285715,249.28571428571428,8.314285714285715,7.857142857142857,3.7857142857142856,11.242857142857144,259.2857142857143,6.557142857142858
2018-04-28,4.6,2.1999999999999997,11.385714285714286,3.4928571428571433,250.0,8.250000000000002,7.857142857142857,3.7857142857142856,11.114285714285716,259.2857142857143,6.7
2018-04-29,4.035714285714286,3.0214285714285714,12.214285714285714,3.3357142857142863,240.0,8.25,7.857142857142857,2.5,11.178571428571429,247.14285714285714,7.385714285714286
2018-04-30,4.707142857142856,3.5642857142857136,12.85,3.3714285714285714,257.14285714285717,8.15,4.285714285714286,1.4285714285714286,10.985714285714286,263.57142857142856,8.085714285714285
2018-05-01,4.192857142857142,3.835714285714285,13.05,3.3071428571428574,272.85714285714283,7.8999999999999995,2.142857142857143,1.4285714285714286,10.507142857142856,279.2857142857143,8.278571428571428
2018-05-02,4.014285714285714,4.235714285714286,13.964285714285714,3.2714285714285722,265.7142857142857,7.8357142857142845,2.142857142857143,1.4285714285714286,10.314285714285715,271.42857142857144,8.75
2018-05-03,3.9928571428571424,5.35,15.514285714285714,3.4214285714285717,264.2857142857143,7.957142857142857,2.142857142857143,1.4285714285714286,10.542857142857143,265.0,10.021428571428572
2018-05-04,4.014285714285714,6.342857142857142,16.7,3.214285714285715,267.14285714285717,7.735714285714286,2.142857142857143,1.4285714285714286,10.192857142857141,260.0,11.1
2018-05-05,4.3428571428571425,7.214285714285714,18.085714285714285,3.1857142857142864,262.85714285714283,7.864285714285715,0.0,0.0,10.828571428571427,255.71428571428572,12.207142857142857
2018-05-06,4.3428571428571425,7.957142857142856,18.87857142857143,3.235714285714286,256.42857142857144,7.864285714285714,0.0,0.0,11.057142857142859,250.0,12.87142857142857
2018-05-07,4.3428571428571425,9.057142857142855,19.27857142857143,3.321428571428572,253.57142857142858,7.8,0.0,0.0,10.87142857142857,249.28571428571428,13.635714285714286
2018-05-08,4.3428571428571425,9.642857142857142,19.164285714285715,3.45,265.7142857142857,8.05,0.0,0.0,11.028571428571428,253.57142857142858,13.921428571428573
2018-05-09,4.3428571428571425,9.085714285714285,19.321428571428573,3.1357142857142857,264.2857142857143,7.671428571428572,0.0,0.0,10.846153846153847,257.6923076923077,13.785714285714286
2018-05-10,3.2928571428571423,8.885714285714284,20.192857142857143,3.15,265.0,7.578571428571429,0.0,0.0,10.66923076923077,258.46153846153845,14.114285714285716
2018-05-11,2.492857142857143,9.042857142857143,20.828571428571426,3.4571428571428577,265.7142857142857,7.992857142857143,0.0,0.0,11.146153846153847,248.46153846153845,14.75
2018-05-12,2.3285714285714283,8.878571428571428,20.82857142857143,3.6000000000000005,275.0,8.471428571428572,0.0,0.0,11.83076923076923,260.0,14.82142857142857
2018-05-13,2.1999999999999997,8.52142857142857,20.87142857142857,3.5142857142857147,279.2857142857143,8.121428571428572,0.0,0.0,11.353846153846153,266.15384615384613,14.728571428571428
2018-05-14,0.9499999999999998,8.6,21.821428571428573,3.5,267.14285714285717,8.342857142857143,0.0,0.0,11.76923076923077,252.30769230769232,15.15
2018-05-15,0.5357142857142855,9.157142857142857,22.935714285714287,3.664285714285715,256.42857142857144,8.564285714285715,0.0,0.0,12.184615384615386,240.76923076923077,16.05
2018-05-16,1.6214285714285712,9.314285714285713,22.892857142857142,3.714285714285715,267.14285714285717,8.62857142857143,0.0,0.0,12.323076923076922,246.92307692307693,16.55
2018-05-17,1.6214285714285712,8.52142857142857,22.378571428571426,3.6642857142857146,262.14285714285717,8.628571428571428,0.0,0.0,12.284615384615384,245.3846153846154,16.014285714285712
2018-05-18,1.5642857142857143,8.2,22.185714285714287,3.900000000000001,259.2857142857143,8.757142857142856,0.0,0.0,12.523076923076925,240.76923076923077,15.9
2018-05-19,1.107142857142857,7.764285714285714,21.62857142857143,3.8571428571428577,264.2857142857143,8.507142857142856,0.0,0.0,11.661538461538461,247.69230769230768,15.564285714285715
2018-05-20,1.471428571428571,7.57142857142857,21.22857142857143,3.9285714285714293,260.0,8.700000000000001,0.0,0.0,11.899999999999999,241.53846153846155,15.3
2018-05-21,1.8142857142857138,7.292857142857143,21.271428571428572,4.000000000000001,250.71428571428572,8.857142857142858,0.0,0.0,12.376923076923077,230.0,15.192857142857145
2018-05-22,1.8142857142857138,7.178571428571428,21.907142857142862,3.8714285714285714,250.0,8.799999999999999,0.0,0.0,12.446153846153846,230.0,15.428571428571429
2018-05-23,2.6857142857142855,7.778571428571428,21.592857142857145,4.007142857142858,252.85714285714286,9.114285714285714,0.0,0.0,12.514285714285716,227.85714285714286,15.564285714285715
2018-05-24,2.6857142857142855,8.17142857142857,21.357142857142858,4.000000000000001,264.2857142857143,9.299999999999999,0.0,0.0,12.642857142857142,240.0,15.492857142857144
2018-05-25,2.6857142857142855,7.892857142857143,21.357142857142858,3.628571428571429,253.57142857142858,8.757142857142856,0.0,0.0,12.007142857142856,240.0,15.200000000000001
2018-05-26,2.8142857142857136,8.807142857142855,22.385714285714283,3.528571428571429,249.28571428571428,8.435714285714285,0.0,0.0,11.564285714285715,235.71428571428572,15.900000000000002
2018-05-27,2.9428571428571426,9.799999999999999,22.7,3.4928571428571433,255.71428571428572,8.528571428571428,0.0,0.0,11.62857142857143,242.14285714285714,16.535714285714285
2018-05-28,2.9428571428571426,10.435714285714285,22.542857142857144,3.5642857142857145,252.14285714285714,8.407142857142857,0.0,0.0,11.37142857142857,239.28571428571428,16.85
2018-05-29,2.9428571428571426,10.592857142857143,22.42142857142857,3.6000000000000005,252.14285714285714,8.435714285714285,0.0,0.0,11.4,239.28571428571428,16.79285714285714
2018-05-30,1.9428571428571426,10.828571428571427,22.864285714285717,3.635714285714286,252.85714285714286,8.5,0.0,0.0,11.42857142857143,244.28571428571428,17.014285714285712
2018-05-31,1.9428571428571426,11.185714285714287,23.342857142857145,3.564285714285714,252.14285714285714,8.435714285714285,0.0,0.0,11.400000000000002,243.57142857142858,17.478571428571428
2018-06-01,1.9428571428571426,11.821428571428571,23.935714285714287,3.721428571428572,242.85714285714286,8.592857142857143,0.0,0.0,11.692857142857141,244.28571428571428,17.92142857142857
2018-06-02,2.2499999999999996,12.85,24.814285714285713,3.7500000000000004,233.57142857142858,8.714285714285714,0.0,0.0,11.950000000000001,233.57142857142858,18.735714285714288
2018-06-03,1.885714285714285,13.321428571428571,25.214285714285715,3.735714285714286,244.28571428571428,8.521428571428572,0.0,0.0,11.664285714285715,221.42857142857142,19.321428571428573
2018-06-04,1.5428571428571425,13.407142857142858,25.607142857142858,3.6857142857142864,240.71428571428572,8.485714285714286,0.0,0.0,11.6,220.0,19.514285714285712
2018-06-05,2.2499999999999996,13.642857142857142,24.849999999999998,3.8642857142857143,231.42857142857142,8.485714285714286,0.0,0.0,11.728571428571428,209.28571428571428,19.314285714285717
2018-06-06,1.4142857142857141,13.6,24.571428571428573,3.771428571428572,239.28571428571428,8.364285714285716,0.0,0.0,11.407142857142857,217.14285714285714,19.164285714285715
2018-06-07,1.4142857142857141,13.485714285714286,24.214285714285715,3.7071428571428577,240.0,8.142857142857142,0.0,0.0,11.185714285714285,215.71428571428572,18.921428571428574
2018-06-08,1.4142857142857141,13.764285714285714,24.171428571428574,3.771428571428572,240.71428571428572,8.235714285714286,0.0,0.0,11.278571428571428,216.42857142857142,18.92142857142857
2018-06-09,1.2857142857142854,13.371428571428572,23.857142857142858,3.7,246.42857142857142,8.07857142857143,0.0,0.0,11.05,198.57142857142858,18.77857142857143
2018-06-10,1.1571428571428568,12.857142857142858,23.978571428571428,3.828571428571429,246.42857142857142,8.335714285714285,0.0,0.0,11.428571428571429,197.14285714285714,18.650000000000002
2018-06-11,1.1571428571428568,12.464285714285714,24.057142857142857,3.6785714285714293,260.7142857142857,8.235714285714286,0.0,0.0,11.457142857142857,213.57142857142858,18.50714285714286
2018-06-12,1.1571428571428568,11.992857142857142,24.057142857142857,3.4857142857142867,271.42857142857144,8.171428571428573,0.0,0.0,11.200000000000001,223.57142857142858,18.392857142857142
2018-06-13,1.0499999999999998,11.678571428571427,24.37142857142857,3.542857142857143,261.42857142857144,8.264285714285714,0.0,0.0,11.392857142857142,214.28571428571428,18.228571428571428
2018-06-14,1.214285714285714,12.228571428571428,24.12857142857143,3.7,262.14285714285717,8.392857142857142,0.0,0.0,11.549999999999999,213.57142857142858,18.342857142857145
2018-06-15,1.3428571428571427,11.75,23.49285714285714,3.4785714285714286,267.14285714285717,8.292857142857143,0.0,0.0,11.292857142857143,218.57142857142858,17.90714285714286
2018-06-16,1.1428571428571426,11.078571428571427,23.092857142857145,3.3714285714285714,280.0,8.042857142857143,0.0,0.0,10.914285714285715,228.57142857142858,17.3
2018-06-17,1.1428571428571426,10.964285714285712,23.407142857142855,3.1642857142857146,281.42857142857144,7.857142857142857,0.0,0.0,10.5,252.85714285714286,17.264285714285712
2018-06-18,1.1428571428571426,11.12142857142857,23.72857142857143,3.135714285714286,284.2857142857143,7.671428571428572,0.0,0.0,10.178571428571429,255.0,17.50714285714286
2018-06-19,4.5928571428571425,11.914285714285713,24.564285714285713,3.107142857142857,292.14285714285717,8.085714285714285,0.0,0.0,10.785714285714286,264.2857142857143,18.32857142857143
2018-06-20,4.557142857142857,12.071428571428571,25.07857142857143,3.2857142857142856,293.57142857142856,8.37142857142857,0.0,0.0,11.171428571428573,265.7142857142857,18.8
2018-06-21,4.557142857142857,12.028571428571428,25.592857142857145,3.285714285714286,281.42857142857144,8.371428571428572,0.0,0.0,11.107142857142858,255.71428571428572,19.157142857142855
2018-06-22,4.557142857142857,11.95,25.478571428571428,3.4,292.85714285714283,8.407142857142857,0.0,0.0,11.207142857142857,267.85714285714283,19.37857142857143
2018-06-23,4.557142857142857,11.707142857142857,25.714285714285715,3.335714285714286,283.57142857142856,8.342857142857143,0.0,0.0,11.114285714285714,281.42857142857144,19.242857142857144
2018-06-24,4.557142857142857,12.142857142857142,25.47857142857143,3.385714285714286,272.14285714285717,8.185714285714287,0.0,0.0,10.892857142857142,270.7142857142857,19.400000000000002
2018-06-25,4.7,12.657142857142858,25.36428571428571,3.400000000000001,271.42857142857144,8.185714285714287,0.0,0.0,10.707142857142857,269.2857142857143,19.492857142857144
2018-06-26,4.757142857142857,12.935714285714285,25.24285714285714,3.5357142857142856,271.42857142857144,8.25,0.0,0.0,10.87142857142857,269.2857142857143,19.65
2018-06-27,4.757142857142857,12.89285714285714,24.928571428571427,3.35,270.7142857142857,7.864285714285714,0.0,0.0,10.392857142857142,267.85714285714283,19.521428571428572
2018-06-28,4.971428571428571,12.614285714285714,24.85,3.2428571428571433,270.0,7.771428571428572,0.0,0.0,10.299999999999999,268.57142857142856,19.37857142857143
2018-06-29,6.092857142857143,12.892857142857142,25.12857142857143,3.128571428571429,263.57142857142856,7.585714285714286,0.0,0.0,10.042857142857144,261.42857142857144,19.47142857142857
2018-06-30,5.985714285714287,13.328571428571427,25.564285714285717,3.1142857142857148,261.42857142857144,7.678571428571429,0.0,0.0,10.107142857142858,261.42857142857144,20.02857142857143
2018-07-01,5.985714285714287,13.921428571428569,25.964285714285715,3.242857142857143,249.28571428571428,7.807142857142857,0.0,0.0,10.357142857142858,250.71428571428572,20.478571428571428
2018-07-02,5.985714285714287,14.75,26.321428571428573,3.15,249.28571428571428,7.742857142857143,0.0,0.0,10.171428571428573,252.14285714285714,21.05
2018-07-03,1.8999999999999997,15.228571428571428,26.914285714285715,3.1785714285714284,240.71428571428572,7.421428571428571,0.0,0.0,9.62857142857143,242.85714285714286,21.5
2018-07-04,1.8999999999999997,15.828571428571427,27.62857142857143,3.057142857142857,242.14285714285714,7.071428571428571,0.0,0.0,9.242857142857144,244.28571428571428,22.12142857142857
2018-07-05,1.8999999999999997,16.385714285714283,28.185714285714287,3.028571428571429,242.14285714285714,7.042857142857143,0.0,0.0,9.242857142857142,242.14285714285714,22.692857142857147
2018-07-06,1.8999999999999997,17.178571428571427,29.13571428571429,3.1214285714285714,230.71428571428572,7.164285714285714,0.0,0.0,9.435714285714285,230.0,23.392857142857142
2018-07-07,2.535714285714285,17.7,29.214285714285715,3.464285714285715,237.85714285714286,7.707142857142857,0.0,0.0,10.071428571428571,237.14285714285714,23.957142857142856
2018-07-08,2.535714285714285,17.385714285714283,29.607142857142858,3.278571428571429,245.0,7.642857142857143,0.0,0.0,9.878571428571428,244.28571428571428,23.914285714285715
2018-07-09,2.3928571428571423,17.307142857142857,30.321428571428573,3.3000000000000003,234.28571428571428,7.614285714285714,0.0,0.0,9.907142857142857,233.57142857142858,24.264285714285712
2018-07-10,2.3357142857142854,17.664285714285715,31.114285714285717,3.2,222.85714285714286,7.392857142857143,0.0,0.0,9.678571428571429,220.71428571428572,24.785714285714285
2018-07-11,3.1,18.342857142857138,31.55,3.271428571428572,233.57142857142858,8.035714285714286,0.0,0.0,10.321428571428571,231.42857142857142,25.38571428571429
2018-07-12,2.721428571428571,18.385714285714283,31.55,3.15,244.28571428571428,7.942857142857142,0.0,0.0,10.064285714285715,244.28571428571428,25.485714285714288
2018-07-13,1.471428571428571,18.02857142857143,31.907142857142855,3.1428571428571432,257.14285714285717,8.007142857142856,0.0,0.0,10.157142857142857,256.42857142857144,25.57857142857143
2018-07-14,1.471428571428571,17.785714285714285,31.828571428571426,3.1071428571428577,242.85714285714286,7.814285714285714,0.0,0.0,10.028571428571428,251.42857142857142,25.485714285714288
2018-07-15,1.578571428571428,17.742857142857144,31.428571428571427,3.042857142857143,243.57142857142858,7.6499999999999995,0.0,0.0,9.976923076923079,255.3846153846154,25.285714285714285
2018-07-16,1.578571428571428,17.428571428571427,31.185714285714283,3.078571428571429,256.42857142857144,7.714285714285714,0.0,0.0,10.115384615384615,243.07692307692307,24.985714285714288
2018-07-17,1.5071428571428567,16.71428571428571,31.150000000000002,2.9,256.42857142857144,7.557142857142857,0.0,0.0,9.86923076923077,242.30769230769232,24.592857142857145
2018-07-18,1.528571428571428,16.714285714285715,30.91428571428571,3.0,254.28571428571428,7.685714285714286,0.0,0.0,10.046153846153846,230.0,24.47142857142857
2018-07-19,1.528571428571428,16.314285714285713,30.24285714285714,3.1428571428571432,266.42857142857144,7.8428571428571425,0.0,0.0,10.284615384615384,241.53846153846155,24.10714285714286
2018-07-20,1.528571428571428,15.485714285714284,29.842857142857138,2.8571428571428577,255.0,7.428571428571429,0.0,0.0,9.73076923076923,228.46153846153845,23.385714285714283
2018-07-21,0.8928571428571423,15.442857142857141,30.164285714285715,2.578571428571429,242.14285714285714,6.921428571428571,0.0,0.0,9.146153846153846,219.23076923076923,23.278571428571432
2018-07-22,0.8928571428571423,15.992857142857142,30.485714285714284,2.75,233.57142857142858,7.014285714285714,0.0,0.0,9.453846153846154,209.23076923076923,23.714285714285715
2018-07-23,0.9642857142857137,16.35,30.321428571428573,2.878571428571429,229.28571428571428,7.3,0.0,0.0,9.761538461538462,204.6153846153846,23.735714285714288
2018-07-24,1.1999999999999993,16.821428571428573,30.042857142857144,2.8500000000000005,228.57142857142858,7.3999999999999995,0.0,0.0,9.899999999999999,205.3846153846154,23.728571428571428
2018-07-25,0.43571428571428517,17.178571428571427,30.157142857142855,3.0571428571428574,216.42857142857142,7.271428571428571,0.0,0.0,9.930769230769231,195.3846153846154,23.878571428571426
2018-07-26,2.035714285714285,17.614285714285714,30.392857142857142,3.2285714285714286,206.42857142857142,7.492857142857143,0.0,0.0,10.376923076923077,180.76923076923077,24.25
2018-07-27,2.614285714285714,18.249999999999996,30.35,3.321428571428572,194.28571428571428,7.428571428571429,0.0,0.0,10.376923076923077,168.46153846153845,24.45
2018-07-28,2.7071428571428564,18.607142857142858,30.47142857142857,3.4571428571428577,198.57142857142858,7.778571428571429,0.0,0.0,10.784615384615384,163.84615384615384,24.578571428571426
2018-07-29,2.9785714285714278,18.52857142857143,30.47142857142857,3.435714285714286,207.85714285714286,7.9071428571428575,0.0,0.0,10.714285714285714,175.0,24.6
2018-07-30,2.9785714285714278,18.37142857142857,30.157142857142855,3.4071428571428575,205.71428571428572,7.907142857142857,0.0,0.0,10.77142857142857,195.0,24.328571428571426
2018-07-31,2.9785714285714278,18.25,29.714285714285715,3.492857142857143,207.14285714285714,7.871428571428572,0.0,0.0,10.707142857142857,195.0,24.057142857142857
2018-08-01,2.978571428571428,18.085714285714285,29.71428571428571,3.3000000000000003,202.85714285714286,7.678571428571429,0.0,0.0,10.421428571428573,200.71428571428572,23.849999999999998
2018-08-02,2.978571428571428,18.607142857142858,29.95,3.342857142857143,190.71428571428572,7.714285714285714,0.0,0.0,10.55,191.42857142857142,24.02857142857143
2018-08-03,3.035714285714285,19.478571428571428,29.99285714285714,3.4785714285714286,202.85714285714286,7.9071428571428575,0.0,0.0,10.742857142857144,205.71428571428572,24.457142857142856
2018-08-04,3.057142857142857,20.035714285714285,29.592857142857145,3.4571428571428577,206.42857142857142,7.871428571428572,0.0,0.0,10.585714285714285,205.0,24.52857142857143
2018-08-05,3.2928571428571423,20.157142857142855,29.550000000000004,3.314285714285714,217.85714285714286,8.064285714285713,0.0,0.0,10.714285714285714,215.71428571428572,24.41428571428571
2018-08-06,3.221428571428571,20.157142857142855,29.87142857142857,3.185714285714286,222.85714285714286,7.742857142857143,0.0,0.0,10.4,220.0,24.55
2018-08-07,2.985714285714285,20.27857142857143,30.27142857142857,3.25,224.28571428571428,7.678571428571429,0.0,0.0,10.307142857142859,221.42857142857142,24.807142857142857
2018-08-08,4.235714285714285,20.2,29.992857142857144,3.0500000000000003,235.0,7.392857142857143,0.0,0.0,9.857142857142858,230.71428571428572,24.735714285714288
2018-08-09,2.6357142857142852,20.16428571428571,30.078571428571426,2.771428571428572,235.0,7.071428571428571,0.0,0.0,9.37857142857143,232.85714285714286,24.571428571428573
2018-08-10,2.078571428571428,20.24285714285714,30.27857142857143,2.7642857142857147,245.0,7.321428571428571,0.0,0.0,9.571428571428571,242.85714285714286,24.72142857142857
2018-08-11,2.0071428571428567,19.971428571428568,29.92142857142857,2.7,254.28571428571428,7.164285714285714,0.0,0.0,9.321428571428571,247.14285714285714,24.62857142857143
2018-08-12,1.6285714285714281,19.57857142857143,29.92142857142857,2.6571428571428575,240.0,7.1000000000000005,0.0,0.0,9.22857142857143,232.85714285714286,24.37857142857143
2018-08-13,1.6285714285714281,19.692857142857143,30.0,2.685714285714286,225.0,7.1642857142857155,0.0,0.0,9.200000000000001,220.0,24.45
2018-08-14,1.6285714285714281,20.05,30.0,2.5714285714285716,230.71428571428572,6.9071428571428575,0.0,0.0,9.223076923076924,223.84615384615384,24.564285714285717
2018-08-15,1.735714285714285,20.21428571428571,29.95714285714286,2.6214285714285714,225.0,6.935714285714285,0.0,0.0,9.323076923076924,221.53846153846155,24.614285714285717
2018-08-16,2.278571428571428,20.17142857142857,30.11428571428571,2.4642857142857144,236.42857142857142,6.871428571428572,0.0,0.0,9.223076923076924,233.84615384615384,24.585714285714285
2018-08-17,2.5642857142857136,19.735714285714288,29.878571428571426,2.378571428571429,246.42857142857142,6.9071428571428575,0.0,0.0,9.184615384615386,242.30769230769232,24.400000000000002
2018-08-18,3.3571428571428568,19.257142857142856,29.764285714285712,2.3928571428571432,246.42857142857142,7.071428571428571,0.0,0.0,9.53076923076923,241.53846153846155,24.099999999999998
2018-08-19,3.521428571428571,18.978571428571428,29.207142857142856,2.4785714285714286,246.42857142857142,6.971428571428572,0.0,0.0,9.361538461538462,242.30769230769232,23.9
2018-08-20,3.521428571428571,18.7,28.88571428571429,2.378571428571429,257.85714285714283,6.971428571428571,0.0,0.0,9.292307692307691,255.3846153846154,23.642857142857142
2018-08-21,3.521428571428571,18.142857142857142,28.407142857142862,2.2642857142857147,260.0,6.778571428571429,0.0,0.0,9.123076923076924,263.84615384615387,23.17142857142857
2018-08-22,2.271428571428571,17.74285714285714,28.29285714285714,2.3571428571428577,250.0,6.807142857142857,0.0,0.0,9.36923076923077,252.30769230769232,22.82857142857143
2018-08-23,2.271428571428571,17.57857142857143,27.97142857142857,2.65,249.28571428571428,7.128571428571428,0.0,0.0,9.815384615384616,250.76923076923077,22.735714285714284
2018-08-24,2.2499999999999996,16.907142857142855,27.614285714285717,2.6000000000000005,250.0,6.942857142857143,0.0,0.0,9.646153846153847,250.0,22.335714285714285
2018-08-25,2.2285714285714278,16.821428571428573,27.807142857142857,2.6142857142857148,240.71428571428572,7.007142857142857,0.0,0.0,9.884615384615385,246.15384615384616,22.2
2018-08-26,2.2285714285714278,17.1,27.849999999999998,2.7642857142857147,245.71428571428572,7.2,0.0,0.0,10.092307692307692,249.23076923076923,22.378571428571426
2018-08-27,2.285714285714285,17.142857142857142,27.72857142857143,2.9357142857142864,250.71428571428572,7.357142857142857,0.0,0.0,10.330769230769231,254.6153846153846,22.357142857142858
2018-08-28,2.285714285714285,17.064285714285713,27.728571428571428,2.9500000000000006,242.85714285714286,7.585714285714286,0.0,0.0,10.200000000000001,249.28571428571428,22.385714285714283
2018-08-29,2.428571428571428,17.142857142857142,27.964285714285715,3.042857142857143,242.85714285714286,7.75,0.0,0.0,10.392857142857142,246.42857142857142,22.564285714285713
2018-08-30,1.9214285714285708,17.264285714285712,28.321428571428573,3.135714285714286,236.42857142857142,7.971428571428571,0.0,0.0,10.678571428571429,239.28571428571428,22.77857142857143
2018-08-31,1.9928571428571422,16.942857142857143,28.157142857142862,3.2214285714285715,235.0,8.128571428571428,0.0,0.0,10.807142857142855,239.28571428571428,22.635714285714283
2018-09-01,1.1785714285714282,16.507142857142856,28.235714285714288,3.2142857142857144,235.0,8.0,0.0,0.0,10.549999999999999,238.57142857142858,22.400000000000002
2018-09-02,0.7785714285714279,16.785714285714285,28.4,3.4142857142857146,223.57142857142858,8.064285714285715,0.0,0.0,10.77142857142857,227.85714285714286,22.514285714285712
2018-09-03,0.7785714285714279,17.142857142857142,28.36428571428571,3.6714285714285717,212.14285714285714,8.321428571428571,0.0,0.0,11.057142857142855,215.71428571428572,22.70714285714286
2018-09-04,1.2142857142857137,17.54285714285714,28.764285714285712,3.8500000000000005,217.85714285714286,8.542857142857143,0.0,0.0,11.307142857142859,210.71428571428572,23.092857142857145
2018-09-05,1.2142857142857137,17.7,28.764285714285712,3.7,226.42857142857142,8.414285714285715,0.0,0.0,10.957142857142856,218.57142857142858,23.25
2018-09-06,1.2142857142857137,17.664285714285715,29.321428571428573,3.607142857142857,227.14285714285714,8.192857142857143,0.0,0.0,10.735714285714284,218.57142857142858,23.33571428571429
2018-09-07,2.1571428571428566,17.9,29.4,3.6642857142857146,226.42857142857142,8.257142857142856,0.0,0.0,10.864285714285714,219.28571428571428,23.721428571428568
2018-09-08,2.1571428571428566,17.785714285714285,29.04285714285714,3.5571428571428574,237.85714285714286,8.035714285714286,0.0,0.0,10.514285714285714,228.57142857142858,23.514285714285712
2018-09-09,2.1571428571428566,17.228571428571428,28.285714285714285,3.521428571428572,248.57142857142858,7.942857142857143,0.0,0.0,10.450000000000001,241.42857142857142,22.97142857142857
2018-09-10,2.099999999999999,16.2,27.65,3.3142857142857145,257.85714285714283,7.721428571428571,0.0,0.0,10.164285714285713,249.28571428571428,22.2
2018-09-11,2.678571428571428,15.52142857142857,26.821428571428573,3.357142857142857,256.42857142857144,7.907142857142857,0.0,0.0,10.421428571428569,247.14285714285714,21.407142857142855
2018-09-12,3.621428571428571,14.885714285714286,26.185714285714283,3.257142857142857,256.42857142857144,7.742857142857143,0.0,0.0,10.164285714285715,246.42857142857142,20.664285714285715
2018-09-13,3.5857142857142854,14.642857142857142,25.435714285714287,3.0928571428571425,258.57142857142856,7.328571428571428,0.0,0.0,9.557142857142855,250.0,20.235714285714288
2018-09-14,3.171428571428571,14.885714285714286,25.635714285714283,2.9642857142857144,260.7142857142857,6.978571428571429,0.0,0.0,9.242857142857144,250.71428571428572,20.242857142857144
2018-09-15,3.171428571428571,15.200000000000001,25.828571428571426,2.878571428571429,263.57142857142856,6.814285714285715,0.0,0.0,9.085714285714285,257.85714285714283,20.535714285714285
2018-09-16,3.171428571428571,14.885714285714286,26.22142857142857,2.578571428571429,264.2857142857143,6.499999999999999,0.0,0.0,8.578571428571427,260.7142857142857,20.521428571428572
2018-09-17,3.171428571428571,14.807142857142859,26.421428571428574,2.285714285714286,274.2857142857143,6.1499999999999995,0.0,0.0,8.192857142857141,270.0,20.557142857142853
2018-09-18,2.7357142857142853,14.72857142857143,26.185714285714283,2.3285714285714287,265.7142857142857,6.242857142857143,0.0,0.0,8.321428571428571,266.42857142857144,20.37142857142857
2018-09-19,2.7357142857142853,14.492857142857144,26.342857142857145,2.435714285714286,267.14285714285717,6.371428571428571,0.0,0.0,8.47857142857143,269.2857142857143,20.385714285714283
2018-09-20,2.7357142857142853,14.092857142857142,25.271428571428572,2.4071428571428575,277.14285714285717,6.371428571428572,0.0,0.0,8.285714285714286,280.7142857142857,19.77142857142857
2018-09-21,1.7928571428571425,13.778571428571427,24.635714285714283,2.2428571428571433,279.2857142857143,6.05,0.0,0.0,7.807142857142858,282.85714285714283,19.00714285714286
2018-09-22,3.464285714285714,13.89285714285714,24.400000000000002,2.7142857142857144,267.85714285714283,6.785714285714286,0.0,0.0,8.792857142857143,272.85714285714283,18.957142857142856
2018-09-23,3.485714285714285,13.735714285714286,24.642857142857142,2.7928571428571436,265.7142857142857,7.135714285714285,0.0,0.0,9.271428571428572,270.7142857142857,19.05
2018-09-24,3.485714285714285,13.65,24.807142857142857,2.835714285714286,267.85714285714283,7.164285714285714,0.0,0.0,9.307142857142859,273.57142857142856,18.99285714285714
2018-09-25,2.907142857142856,13.535714285714286,24.764285714285712,2.8714285714285714,265.7142857142857,7.107142857142857,0.0,0.0,9.142857142857142,271.42857142857144,18.885714285714283
2018-09-26,2.2928571428571423,13.214285714285714,24.171428571428574,3.0142857142857147,264.2857142857143,7.207142857142856,0.0,0.0,9.271428571428572,270.7142857142857,18.49285714285714
2018-09-27,4.014285714285714,13.02142857142857,24.085714285714285,3.385714285714286,256.42857142857144,7.685714285714285,0.0,0.0,10.035714285714286,262.85714285714283,18.37142857142857
2018-09-28,4.014285714285714,12.7,23.52857142857143,3.3928571428571432,254.28571428571428,7.8428571428571425,0.0,0.0,10.164285714285713,261.42857142857144,18.02142857142857
2018-09-29,4.45,12.62142857142857,22.900000000000002,3.6,251.42857142857142,8.1,0.0,0.0,10.514285714285714,255.71428571428572,17.607142857142858
2018-09-30,4.45,12.264285714285714,22.107142857142858,3.7,263.57142857142856,8.22857142857143,0.0,0.0,10.8,253.57142857142858,17.107142857142858
2018-10-01,4.45,11.428571428571429,21.035714285714285,3.742857142857143,255.71428571428572,8.321428571428571,0.0,0.0,10.864285714285714,245.71428571428572,16.242857142857144
2018-10-02,5.049999999999999,10.628571428571428,19.764285714285712,3.485714285714286,266.42857142857144,7.971428571428571,0.0,0.0,10.321428571428571,257.85714285714283,15.257142857142858
2018-10-03,6.664285714285714,10.27142857142857,18.614285714285717,3.378571428571429,252.14285714285714,7.8428571428571425,0.0,0.0,10.164285714285713,243.57142857142858,14.35
2018-10-04,6.8428571428571425,10.157142857142858,18.292857142857144,3.3071428571428574,252.85714285714286,7.807142857142857,0.0,0.0,10.22857142857143,242.85714285714286,14.1
2018-10-05,6.8428571428571425,10.078571428571427,18.535714285714285,3.7214285714285715,240.71428571428572,8.47857142857143,0.0,0.0,11.185714285714287,230.0,14.221428571428572
2018-10-06,5.171428571428572,9.364285714285714,17.942857142857143,3.342857142857143,250.71428571428572,7.871428571428572,0.0,0.0,10.385714285714286,242.14285714285714,13.721428571428572
2018-10-07,5.1499999999999995,9.285714285714286,17.664285714285715,3.3285714285714287,242.14285714285714,7.678571428571429,0.0,0.0,10.257142857142856,232.85714285714286,13.328571428571427
2018-10-08,5.421428571428571,9.607142857142858,17.464285714285715,3.4285714285714293,242.14285714285714,7.678571428571429,0.0,0.0,10.285714285714286,232.85714285714286,13.471428571428572
2018-10-09,5.421428571428571,9.685714285714285,17.428571428571427,3.4642857142857144,247.14285714285714,7.928571428571429,0.0,0.0,10.764285714285716,238.57142857142858,13.392857142857142
2018-10-10,4.821428571428571,10.207142857142857,18.185714285714287,3.628571428571429,247.85714285714286,8.178571428571429,0.0,0.0,11.178571428571429,238.57142857142858,13.992857142857142
2018-10-11,3.099999999999999,10.042857142857143,18.428571428571427,3.507142857142857,248.57142857142858,7.957142857142857,0.0,0.0,10.8,238.57142857142858,14.25
2018-10-12,5.75,10.200000000000001,18.67142857142857,3.6642857142857146,239.28571428571428,8.15,0.0,0.0,11.114285714285716,227.85714285714286,14.371428571428572
2018-10-13,5.314285714285715,9.885714285714284,18.349999999999998,3.6714285714285717,248.57142857142858,8.278571428571428,0.0,0.0,11.207142857142857,236.42857142857142,14.257142857142856
2018-10-14,5.314285714285715,9.407142857142857,17.714285714285715,3.6642857142857146,244.28571428571428,8.307142857142857,0.0,0.0,11.207142857142857,244.28571428571428,13.792857142857143
2018-10-15,5.314285714285715,9.128571428571428,17.592857142857145,3.6642857142857146,241.42857142857142,8.214285714285714,0.0,0.0,11.271428571428572,245.0,13.528571428571427
2018-10-16,4.928571428571429,8.77142857142857,17.75,3.8857142857142857,238.57142857142858,8.885714285714286,0.0,0.0,12.135714285714286,240.0,13.357142857142858
2018-10-17,3.3142857142857136,8.492857142857142,17.59285714285714,4.135714285714286,249.28571428571428,9.207142857142857,0.0,0.0,12.900000000000002,250.71428571428572,13.2
2018-10-18,3.3714285714285706,7.971428571428571,17.321428571428573,4.371428571428572,247.85714285714286,9.592857142857143,0.0,0.0,13.314285714285715,250.71428571428572,12.892857142857142
2018-10-19,3.3714285714285706,7.292857142857143,16.20714285714286,4.285714285714286,257.85714285714283,9.4,0.0,0.0,13.092857142857142,262.14285714285717,11.971428571428572
2018-10-20,3.3714285714285706,7.2142857142857135,16.40714285714286,4.585714285714286,247.85714285714286,9.714285714285714,0.0,0.0,13.514285714285714,250.71428571428572,11.764285714285714
2018-10-21,3.3714285714285706,7.328571428571428,16.364285714285714,4.714285714285714,247.85714285714286,9.714285714285714,0.0,0.0,13.385714285714286,251.42857142857142,11.935714285714285
2018-10-22,3.099999999999999,6.85,15.607142857142858,4.892857142857143,245.71428571428572,9.971428571428572,0.0,0.0,13.771428571428572,248.57142857142858,11.37142857142857
2018-10-23,3.099999999999999,6.335714285714286,14.928571428571429,4.814285714285715,253.57142857142858,9.62142857142857,0.0,0.0,13.200000000000001,256.42857142857144,10.892857142857142
2018-10-24,3.3142857142857136,5.299999999999999,13.735714285714286,4.464285714285714,250.71428571428572,9.271428571428572,0.0,0.0,12.657142857142858,252.85714285714286,9.9
2018-10-25,3.6428571428571423,4.471428571428571,12.15,4.364285714285715,262.14285714285717,9.235714285714286,0.0,0.0,12.557142857142855,264.2857142857143,8.514285714285714
2018-10-26,0.9928571428571422,3.599999999999999,10.835714285714285,4.478571428571429,272.14285714285717,9.142857142857142,0.0,0.0,12.464285714285714,276.42857142857144,7.414285714285714
2018-10-27,0.9928571428571422,2.8928571428571423,10.164285714285713,4.342857142857143,272.14285714285717,9.05,0.0,0.0,12.464285714285714,275.7142857142857,6.564285714285714
2018-10-28,1.8999999999999992,2.657142857142857,9.728571428571428,4.385714285714286,259.2857142857143,9.142857142857142,0.0,0.0,12.62142857142857,263.57142857142856,6.107142857142857
2018-10-29,2.028571428571428,2.6214285714285706,9.328571428571427,4.442857142857143,260.7142857142857,9.271428571428572,0.0,0.0,12.657142857142857,262.14285714285717,5.871428571428571
2018-10-30,2.085714285714285,2.621428571428571,9.05,4.292857142857143,262.85714285714283,8.764285714285714,0.0,0.0,11.985714285714284,265.0,5.835714285714286
2018-10-31,2.085714285714285,2.0714285714285707,8.614285714285714,4.15,265.0,8.47857142857143,0.0,0.0,11.378571428571428,267.14285714285717,5.478571428571428
2018-11-01,1.885714285714285,1.721428571428571,8.77142857142857,3.957142857142857,255.0,8.128571428571428,0.0,0.0,11.092857142857142,256.42857142857144,5.1000000000000005
2018-11-02,2.9928571428571424,2.1999999999999997,9.12857142857143,3.6785714285714284,232.85714285714286,7.778571428571429,0.0,0.0,10.578571428571431,233.57142857142858,5.542857142857143
2018-11-03,3.6999999999999993,2.4428571428571426,8.607142857142858,3.3500000000000005,240.0,7.3999999999999995,0.0,0.0,9.971428571428572,240.0,5.535714285714286
2018-11-04,5.607142857142856,2.2428571428571424,7.892857142857144,3.25,247.85714285714286,7.4,0.0,0.0,10.007142857142856,245.0,5.028571428571428
2018-11-05,5.607142857142856,2.05,7.857142857142857,3.028571428571429,246.42857142857142,7.299999999999999,0.0,0.0,9.842857142857143,243.57142857142858,4.992857142857142
2018-11-06,5.6428571428571415,1.9285714285714284,7.935714285714286,3.071428571428572,237.85714285714286,7.3,0.0,0.0,9.907142857142857,234.28571428571428,4.971428571428571
2018-11-07,5.957142857142856,2.2071428571428564,8.092857142857143,3.25,241.42857142857142,7.557142857142857,0.0,0.0,10.292857142857144,237.85714285714286,5.114285714285714
2018-11-08,5.628571428571428,2.5642857142857136,8.607142857142858,3.378571428571429,234.28571428571428,7.714285714285714,0.0,0.0,10.521428571428572,231.42857142857142,5.6642857142857155
2018-11-09,5.628571428571428,2.7999999999999994,8.964285714285714,3.2500000000000004,229.28571428571428,7.678571428571429,0.0,0.0,10.521428571428572,225.0,6.028571428571429
2018-11-10,6.135714285714285,2.7999999999999994,8.885714285714286,3.192857142857143,217.14285714285714,7.55,0.0,0.0,10.299999999999999,214.28571428571428,6.135714285714286
2018-11-11,5.607142857142856,2.7571428571428567,8.928571428571429,3.3500000000000005,226.42857142857142,7.807142857142858,0.0,0.0,10.65,222.85714285714286,6.207142857142857
2018-11-12,5.478571428571428,2.407142857142857,8.571428571428571,3.4714285714285715,234.28571428571428,8.028571428571428,0.0,0.0,10.935714285714285,230.71428571428572,5.8999999999999995
2018-11-13,5.207142857142856,1.8642857142857139,8.292857142857143,3.471428571428572,225.71428571428572,8.092857142857143,0.0,0.0,11.092857142857142,221.42857142857142,5.3999999999999995
2018-11-14,6.042857142857143,1.628571428571428,8.171428571428573,3.4214285714285713,227.14285714285714,8.571428571428571,0.0,2.7142857142857144,11.542857142857143,222.14285714285714,5.249999999999999
2018-11-15,6.007142857142857,1.1142857142857137,6.9071428571428575,3.542857142857143,237.14285714285714,8.72857142857143,2.142857142857143,2.7142857142857144,11.571428571428571,232.85714285714286,4.671428571428571
2018-11-16,4.8999999999999995,-0.1500000000000006,5.921428571428571,3.578571428571429,245.71428571428572,8.664285714285715,2.142857142857143,2.9285714285714284,11.442857142857141,241.42857142857142,3.45
2018-11-17,5.314285714285714,-0.9357142857142863,5.4071428571428575,3.521428571428572,233.57142857142858,8.757142857142858,9.285714285714286,16.142857142857142,11.664285714285713,228.57142857142858,2.7142857142857144
2018-11-18,3.5714285714285703,-1.364285714285715,5.25,3.4142857142857146,235.0,8.535714285714286,22.142857142857142,17.071428571428573,11.37142857142857,227.85714285714286,2.414285714285714
2018-11-19,3.5714285714285703,-1.8000000000000007,4.771428571428572,3.3642857142857148,237.14285714285714,8.47857142857143,32.857142857142854,17.071428571428573,11.278571428571427,230.71428571428572,1.9214285714285713
2018-11-20,3.5357142857142847,-1.9500000000000008,4.578571428571428,3.3071428571428574,237.14285714285714,8.47857142857143,43.57142857142857,17.071428571428573,11.242857142857144,231.42857142857142,1.7642857142857145
2018-11-21,3.149999999999999,-2.7785714285714294,3.6357142857142857,3.1571428571428575,224.28571428571428,8.128571428571428,50.714285714285715,19.214285714285715,10.764285714285714,243.57142857142858,1.0357142857142854
2018-11-22,3.1857142857142846,-4.2,2.721428571428571,3.228571428571429,228.57142857142858,8.385714285714286,60.0,20.285714285714285,11.114285714285714,247.14285714285714,-0.06428571428571435
2018-11-23,3.1857142857142846,-5.535714285714286,1.3428571428571427,3.4,233.57142857142858,8.607142857142858,67.14285714285714,20.285714285714285,11.27142857142857,253.57142857142858,-1.457142857142857
2018-11-24,2.6785714285714275,-6.764285714285714,0.75,3.592857142857143,236.42857142857142,8.857142857142858,74.28571428571429,20.285714285714285,11.528571428571428,255.71428571428572,-2.5
2018-11-25,2.2999999999999994,-6.992857142857143,0.6285714285714284,3.557142857142857,232.85714285714286,8.728571428571428,81.42857142857143,20.285714285714285,11.242857142857142,252.14285714285714,-2.814285714285714
2018-11-26,2.7571428571428567,-6.721428571428572,0.75,3.335714285714286,218.57142857142858,8.314285714285715,87.14285714285714,20.285714285714285,10.728571428571428,237.85714285714286,-2.6142857142857143
2018-11-27,2.8285714285714283,-6.371428571428572,0.6357142857142856,3.335714285714286,213.57142857142858,8.5,89.28571428571429,20.285714285714285,10.857142857142858,234.28571428571428,-2.478571428571428
2018-11-28,3.192857142857142,-5.978571428571429,0.557142857142857,3.392857142857143,200.0,8.085714285714285,100.0,29.0,10.5,220.71428571428572,-2.528571428571429
2018-11-29,3.8999999999999995,-5.307142857142857,1.0285714285714285,3.4071428571428575,200.0,7.928571428571429,107.14285714285714,32.42857142857143,10.37142857142857,220.0,-2.0785714285714283
2018-11-30,3.9357142857142855,-4.557142857142858,1.3785714285714283,3.535714285714286,213.57142857142858,8.185714285714287,112.85714285714286,32.42857142857143,10.692857142857145,234.28571428571428,-1.4285714285714286
2018-12-01,2.8142857142857136,-4.250000000000001,1.4214285714285713,3.4857142857142853,227.85714285714286,7.928571428571429,111.42857142857143,19.214285714285715,10.278571428571428,251.42857142857142,-1.157142857142857
2018-12-02,2.6499999999999995,-4.135714285714286,1.2214285714285715,3.378571428571429,214.28571428571428,7.7,104.28571428571429,18.285714285714285,9.928571428571429,242.85714285714286,-1.2714285714285716
2018-12-03,3.192857142857142,-3.6642857142857146,1.6214285714285714,3.45,202.85714285714286,7.571428571428571,100.71428571428571,19.357142857142858,9.77142857142857,230.71428571428572,-1.0
2018-12-04,3.6642857142857137,-3.5500000000000003,1.7785714285714287,3.5785714285714287,215.71428571428572,7.542857142857143,92.14285714285714,19.928571428571427,9.9,231.42857142857142,-0.7285714285714285
2018-12-05,3.521428571428571,-3.6642857142857146,1.8928571428571426,3.7571428571428576,237.85714285714286,7.957142857142857,87.14285714285714,18.142857142857142,10.37857142857143,230.71428571428572,-0.7857142857142857
2018-12-06,3.5071428571428567,-3.150000000000001,1.7785714285714287,3.485714285714286,228.57142857142858,7.414285714285714,80.0,18.357142857142858,9.614285714285714,222.85714285714286,-0.8285714285714286
2018-12-07,3.5428571428571423,-2.4,2.564285714285714,3.357142857142857,218.57142857142858,7.164285714285714,75.0,20.0,9.328571428571427,210.71428571428572,-0.12142857142857151
2018-12-08,3.6857142857142855,-1.9642857142857149,2.7214285714285715,3.335714285714286,226.42857142857142,7.042857142857143,73.57142857142857,23.642857142857142,9.264285714285714,218.57142857142858,0.43571428571428567
2018-12-09,3.6857142857142855,-3.0000000000000004,1.9714285714285715,3.0357142857142856,227.14285714285714,6.5,72.14285714285714,23.642857142857142,8.628571428571428,217.14285714285714,-0.3285714285714287
2018-12-10,3.228571428571428,-3.95,1.692857142857143,3.2214285714285715,232.85714285714286,6.878571428571428,70.0,23.642857142857142,9.171428571428573,222.85714285714286,-0.9642857142857143
2018-12-11,3.157142857142857,-4.978571428571429,1.292857142857143,3.2214285714285715,249.28571428571428,6.757142857142857,71.42857142857143,23.642857142857142,9.078571428571427,238.57142857142858,-1.4285714285714286
2018-12-12,1.978571428571428,-6.042857142857143,1.0214285714285716,3.1357142857142857,254.28571428571428,6.785714285714286,64.28571428571429,12.928571428571429,8.985714285714286,242.85714285714286,-2.164285714285714
2018-12-13,1.2928571428571423,-7.271428571428572,0.6714285714285716,2.9928571428571433,256.42857142857144,6.721428571428572,58.57142857142857,10.214285714285714,8.857142857142858,221.42857142857142,-2.6571428571428575
2018-12-14,1.2571428571428567,-8.614285714285716,0.44285714285714295,2.9285714285714293,247.14285714285714,6.685714285714285,55.0,10.0,8.885714285714284,211.42857142857142,-3.5714285714285716
2018-12-15,1.2928571428571425,-8.72857142857143,0.7571428571428572,3.342857142857143,237.85714285714286,7.164285714285714,49.285714285714285,10.0,9.65,198.57142857142858,-3.5571428571428574
2018-12-16,1.2928571428571425,-8.921428571428573,1.0357142857142858,3.4142857142857146,242.14285714285714,7.392857142857143,43.57142857142857,10.0,10.064285714285715,202.14285714285714,-3.25
2018-12-17,0.7499999999999994,-9.271428571428572,0.9142857142857143,3.214285714285715,242.85714285714286,7.264285714285714,36.42857142857143,8.928571428571429,9.9,203.57142857142858,-3.4
2018-12-18,0.2785714285714281,-9.62857142857143,0.5571428571428572,3.2500000000000004,240.0,7.835714285714286,34.285714285714285,8.714285714285714,10.414285714285715,212.85714285714286,-3.65
2018-12-19,0.2785714285714281,-9.62857142857143,0.2428571428571429,3.442857142857143,240.0,8.028571428571428,32.142857142857146,8.357142857142858,10.664285714285715,211.42857142857142,-3.8214285714285716
2018-12-20,0.2571428571428566,-9.864285714285716,0.32142857142857145,3.4285714285714293,240.71428571428572,8.128571428571428,30.0,7.071428571428571,10.757142857142858,210.0,-3.914285714285714
2018-12-21,0.4214285714285709,-10.064285714285715,0.7999999999999999,3.35,240.71428571428572,8.157142857142857,27.857142857142858,5.428571428571429,10.821428571428571,211.42857142857142,-3.75
2018-12-22,1.7857142857142851,-9.0,1.707142857142857,3.2285714285714286,228.57142857142858,8.057142857142857,22.142857142857142,1.7857142857142858,10.657142857142858,200.0,-3.05
2018-12-23,2.4785714285714278,-7.964285714285715,3.1285714285714286,3.585714285714286,236.42857142857142,8.571428571428571,16.428571428571427,2.0,11.357142857142858,208.57142857142858,-1.7714285714285716
2018-12-24,2.4785714285714278,-7.642857142857144,2.935714285714286,3.492857142857143,246.42857142857142,8.571428571428571,12.857142857142858,2.0,11.228571428571428,217.85714285714286,-1.6642857142857144
2018-12-25,2.6214285714285706,-7.1642857142857155,2.742857142857143,3.4214285714285713,222.85714285714286,8.314285714285715,9.285714285714286,6.142857142857143,10.907142857142858,195.71428571428572,-1.7571428571428573
2018-12-26,2.599999999999999,-7.128571428571429,2.4642857142857144,3.3500000000000005,210.71428571428572,8.157142857142857,9.285714285714286,5.428571428571429,10.714285714285714,184.28571428571428,-1.707142857142857
2018-12-27,2.614285714285714,-6.92857142857143,2.542857142857143,3.2928571428571436,210.0,8.278571428571428,9.285714285714286,5.642857142857143,10.814285714285715,207.14285714285714,-1.9500000000000004
2018-12-28,2.614285714285714,-6.378571428571429,2.2642857142857147,3.2214285714285715,220.0,8.435714285714287,10.714285714285714,5.642857142857143,10.87857142857143,218.57142857142858,-1.6500000000000001
2018-12-29,3.271428571428571,-6.614285714285715,2.5,3.150000000000001,219.28571428571428,8.407142857142857,12.857142857142858,5.642857142857143,10.814285714285715,218.57142857142858,-1.7214285714285715
2018-12-30,3.3642857142857134,-7.007142857142859,2.7357142857142853,3.357142857142857,223.57142857142858,8.592857142857143,12.857142857142858,5.642857142857143,11.042857142857143,222.85714285714286,-1.7785714285714285
2018-12-31,3.3642857142857134,-7.321428571428572,2.3857142857142857,3.4928571428571433,224.28571428571428,8.721428571428572,12.857142857142858,5.642857142857143,11.207142857142857,223.57142857142858,-2.192857142857143
2019-01-01,3.8571428571428568,-7.000000000000001,2.5,3.4571428571428577,214.28571428571428,8.278571428571428,12.857142857142858,5.285714285714286,10.792857142857143,214.28571428571428,-2.2428571428571433
2019-01-02,4.114285714285713,-7.042857142857144,3.25,3.4571428571428577,214.28571428571428,8.278571428571428,12.857142857142858,5.285714285714286,10.735714285714286,212.85714285714286,-1.692857142857143
2019-01-03,4.114285714285713,-7.085714285714286,2.978571428571428,3.442857142857143,201.42857142857142,8.085714285714285,12.857142857142858,5.642857142857143,10.707142857142857,200.71428571428572,-1.792857142857143
2019-01-04,4.042857142857143,-6.921428571428572,2.3857142857142857,3.3500000000000005,200.71428571428572,7.957142857142857,16.428571428571427,9.285714285714286,10.514285714285714,199.28571428571428,-2.0357142857142856
2019-01-05,2.535714285714285,-7.1571428571428575,1.8714285714285717,3.5071428571428576,205.0,8.214285714285714,20.0,9.285714285714286,10.835714285714285,203.57142857142858,-2.45
2019-01-06,1.8428571428571423,-7.1571428571428575,1.157142857142857,3.185714285714286,206.42857142857142,7.928571428571429,22.142857142857142,9.071428571428571,10.357142857142858,205.71428571428572,-2.871428571428571
2019-01-07,1.971428571428571,-7.314285714285715,1.4714285714285715,3.4928571428571433,206.42857142857142,8.285714285714286,25.714285714285715,11.642857142857142,10.87142857142857,205.71428571428572,-2.585714285714286
2019-01-08,1.828571428571428,-7.871428571428573,1.2357142857142858,3.6214285714285714,217.85714285714286,8.6,29.285714285714285,7.5,11.32142857142857,215.0,-3.0
2019-01-09,2.2999999999999994,-7.3571428571428585,1.785714285714286,3.942857142857143,228.57142857142858,9.235714285714286,29.285714285714285,8.428571428571429,12.214285714285714,226.42857142857142,-2.621428571428571
2019-01-10,2.9357142857142855,-6.485714285714287,2.0571428571428574,4.021428571428571,226.42857142857142,9.235714285714286,32.857142857142854,15.142857142857142,12.307142857142855,225.71428571428572,-1.9142857142857144
2019-01-11,2.9571428571428564,-6.442857142857143,2.335714285714286,4.385714285714286,225.71428571428572,9.335714285714285,38.57142857142857,20.428571428571427,12.599999999999998,224.28571428571428,-1.6428571428571428
2019-01-12,2.264285714285714,-7.157142857142858,0.9571428571428572,4.357142857142857,235.71428571428572,9.3,45.714285714285715,20.785714285714285,12.407142857142857,235.0,-2.5357142857142856
2019-01-13,2.171428571428571,-8.071428571428573,-0.2642857142857143,4.064285714285714,240.0,8.92142857142857,55.0,20.785714285714285,11.828571428571427,240.71428571428572,-3.857142857142857
2019-01-14,2.171428571428571,-8.907142857142858,-0.9000000000000001,3.992857142857143,249.28571428571428,8.792857142857143,64.28571428571429,20.785714285714285,11.599999999999998,250.0,-4.55
2019-01-15,1.6785714285714282,-10.3,-1.7214285714285713,3.757142857142857,242.85714285714286,8.407142857142857,71.42857142857143,20.785714285714285,10.957142857142856,241.42857142857142,-5.707142857142857
2019-01-16,1.4214285714285708,-10.814285714285715,-2.314285714285714,3.435714285714286,232.85714285714286,7.957142857142857,78.57142857142857,20.785714285714285,10.442857142857141,232.85714285714286,-6.55
2019-01-17,1.4428571428571424,-11.05,-1.8499999999999999,3.7214285714285715,254.28571428571428,8.4,85.71428571428571,20.428571428571427,10.885714285714286,251.42857142857142,-6.128571428571428
2019-01-18,1.3142857142857136,-12.042857142857144,-2.3642857142857143,3.7,255.0,8.271428571428572,87.85714285714286,16.785714285714285,10.757142857142858,251.42857142857142,-6.8357142857142845
2019-01-19,1.3499999999999994,-12.557142857142859,-2.792857142857143,3.75,253.57142857142858,8.17142857142857,90.0,17.357142857142858,10.664285714285715,251.42857142857142,-7.285714285714286
2019-01-20,1.6571428571428566,-13.828571428571431,-3.457142857142857,3.971428571428572,253.57142857142858,8.42142857142857,93.57142857142857,20.428571428571427,10.985714285714284,252.14285714285714,-8.25
2019-01-21,2.4357142857142855,-14.664285714285715,-4.721428571428571,3.8500000000000005,253.57142857142858,8.164285714285715,122.85714285714286,46.142857142857146,10.664285714285715,252.85714285714286,-9.6
2019-01-22,2.7071428571428564,-15.178571428571429,-5.435714285714285,4.0357142857142865,262.85714285714283,8.22857142857143,152.14285714285714,48.5,10.692857142857145,263.57142857142856,-10.192857142857141
2019-01-23,2.2357142857142853,-16.607142857142858,-6.221428571428571,3.7785714285714285,273.57142857142856,7.842857142857143,179.28571428571428,47.57142857142857,10.057142857142855,273.57142857142856,-11.271428571428572
2019-01-24,1.6214285714285708,-17.121428571428574,-6.028571428571429,4.092857142857143,264.2857142857143,8.164285714285715,201.42857142857142,39.92857142857143,10.764285714285714,263.57142857142856,-11.721428571428572
2019-01-25,3.4499999999999997,-16.52857142857143,-5.521428571428571,3.9071428571428575,254.28571428571428,8.292857142857143,205.0,35.214285714285715,10.885714285714286,252.85714285714286,-11.200000000000001
2019-01-26,3.4857142857142853,-15.935714285714285,-4.771428571428571,3.8500000000000005,250.0,8.421428571428573,210.0,36.5,11.27142857142857,249.28571428571428,-10.471428571428573
2019-01-27,3.5071428571428567,-15.457142857142857,-4.6499999999999995,3.8714285714285714,242.14285714285714,8.55,215.0,37.42857142857143,11.435714285714287,240.71428571428572,-10.007142857142856
2019-01-28,3.778571428571428,-15.021428571428572,-3.8999999999999995,4.042857142857143,239.28571428571428,8.928571428571429,220.0,41.42857142857143,12.042857142857143,238.57142857142858,-9.457142857142857
2019-01-29,3.778571428571428,-14.821428571428571,-3.9,4.257142857142857,254.28571428571428,9.278571428571428,229.28571428571428,41.42857142857143,12.521428571428572,254.28571428571428,-9.15
2019-01-30,4.035714285714286,-14.97857142857143,-3.935714285714286,4.342857142857143,253.57142857142858,9.5,238.57142857142858,44.714285714285715,12.778571428571428,253.57142857142858,-9.214285714285714
2019-01-31,4.285714285714285,-15.221428571428573,-4.364285714285715,4.2,252.85714285714286,9.5,255.0,55.07142857142857,12.778571428571428,255.0,-9.585714285714287
2019-02-01,4.285714285714285,-15.3,-4.6000000000000005,4.55,252.85714285714286,9.950000000000001,272.85714285714283,55.285714285714285,13.357142857142858,256.42857142857144,-9.757142857142856
2019-02-02,4.249999999999999,-16.05,-5.035714285714286,4.4071428571428575,260.7142857142857,9.764285714285716,290.7142857142857,54.714285714285715,13.071428571428571,262.85714285714283,-10.271428571428572
2019-02-03,4.107142857142857,-16.014285714285712,-5.035714285714286,4.278571428571429,250.71428571428572,9.700000000000001,308.57142857142856,54.357142857142854,13.035714285714286,252.85714285714286,-10.242857142857142
2019-02-04,3.3999999999999995,-15.1,-3.6142857142857143,4.028571428571429,240.71428571428572,9.478571428571428,301.42857142857144,26.285714285714285,12.842857142857142,242.85714285714286,-9.342857142857143
2019-02-05,3.1499999999999995,-13.557142857142859,-1.7571428571428573,3.8071428571428574,231.42857142857142,9.228571428571428,286.42857142857144,23.928571428571427,12.75,230.71428571428572,-7.671428571428571
2019-02-06,3.2571428571428567,-12.12857142857143,-0.3357142857142858,4.092857142857143,228.57142857142858,9.392857142857142,265.0,23.928571428571427,13.1,227.85714285714286,-5.9071428571428575
2019-02-07,3.8142857142857136,-12.12857142857143,-0.5285714285714287,3.7285714285714286,227.14285714285714,8.95,245.0,24.285714285714285,12.235714285714286,226.42857142857142,-5.935714285714285
2019-02-08,2.092857142857142,-12.207142857142857,-0.6857142857142858,3.5785714285714287,225.71428571428572,8.535714285714286,239.28571428571428,23.714285714285715,11.692857142857145,225.71428571428572,-6.242857142857143
2019-02-09,2.0571428571428565,-12.12857142857143,-0.13571428571428587,3.8214285714285716,220.0,8.764285714285714,232.14285714285714,22.071428571428573,11.950000000000001,219.28571428571428,-5.828571428571429
2019-02-10,2.035714285714285,-11.692857142857141,0.021428571428571352,4.1000000000000005,226.42857142857142,9.207142857142857,225.0,21.142857142857142,12.585714285714285,225.71428571428572,-5.664285714285714
2019-02-11,1.7642857142857136,-11.257142857142858,-0.1714285714285715,4.064285714285715,227.14285714285714,9.05,217.85714285714286,17.142857142857142,12.364285714285716,225.71428571428572,-5.514285714285713
2019-02-12,1.7642857142857136,-10.9,-0.13571428571428581,3.985714285714286,230.71428571428572,9.02142857142857,208.57142857142858,17.142857142857142,12.271428571428572,228.57142857142858,-5.292857142857143
2019-02-13,2.4357142857142855,-10.785714285714286,-0.4571428571428572,3.7857142857142856,232.85714285714286,8.642857142857142,197.85714285714286,22.714285714285715,11.792857142857143,232.14285714285714,-5.442857142857143
2019-02-14,2.7999999999999994,-10.071428571428571,-0.10714285714285718,3.6214285714285714,229.28571428571428,8.514285714285714,190.71428571428572,20.714285714285715,11.664285714285713,228.57142857142858,-5.242857142857142
2019-02-15,2.7999999999999994,-9.278571428571428,0.7214285714285714,3.3642857142857143,234.28571428571428,8.321428571428571,185.0,20.5,11.407142857142857,235.0,-4.328571428571428
2019-02-16,3.0142857142857133,-8.207142857142857,1.6642857142857141,3.3857142857142857,235.71428571428572,8.45,177.85714285714286,20.5,11.657142857142857,237.14285714285714,-3.435714285714286
2019-02-17,2.849999999999999,-7.292857142857144,2.1714285714285713,3.521428571428572,245.0,8.514285714285714,168.57142857142858,17.785714285714285,11.657142857142857,246.42857142857142,-2.5357142857142856
2019-02-18,2.6499999999999995,-7.614285714285715,1.3428571428571427,3.571428571428572,257.14285714285717,8.321428571428571,155.71428571428572,17.571428571428573,11.307142857142859,257.85714285714283,-2.6999999999999997
2019-02-19,2.8285714285714283,-8.87857142857143,-1.2688263138573217e-16,3.607142857142857,266.42857142857144,8.45,150.71428571428572,23.714285714285715,11.178571428571429,270.0,-3.8142857142857136
2019-02-20,2.721428571428571,-9.592857142857143,-1.3071428571428572,3.321428571428572,270.7142857142857,8.064285714285713,159.28571428571428,23.714285714285715,10.635714285714286,273.57142857142856,-5.164285714285714
2019-02-21,2.1428571428571423,-10.307142857142859,-1.657142857142857,3.285714285714286,272.85714285714283,8.028571428571428,167.85714285714286,23.928571428571427,10.6,274.2857142857143,-5.557142857142857
2019-02-22,2.271428571428571,-10.507142857142858,-1.5785714285714287,3.5142857142857147,281.42857142857144,8.342857142857143,178.57142857142858,25.357142857142858,11.114285714285714,282.14285714285717,-5.6000000000000005
2019-02-23,2.271428571428571,-10.585714285714287,-2.05,3.15,293.57142857142856,7.828571428571428,187.85714285714286,25.357142857142858,10.285714285714286,292.14285714285717,-5.871428571428572
2019-02-24,2.271428571428571,-10.707142857142857,-1.542857142857143,2.792857142857143,283.57142857142856,7.192857142857142,197.14285714285714,25.357142857142858,9.421428571428573,287.85714285714283,-5.735714285714286
2019-02-25,2.921428571428571,-10.192857142857145,-0.992857142857143,2.8642857142857143,273.57142857142856,7.607142857142857,204.28571428571428,25.714285714285715,10.092857142857143,277.14285714285717,-5.221428571428571
2019-02-26,2.921428571428571,-9.835714285714285,-0.32142857142857156,3.2571428571428576,268.57142857142856,8.02142857142857,211.42857142857142,26.071428571428573,10.957142857142857,272.85714285714283,-4.671428571428571
2019-02-27,1.9928571428571424,-9.792857142857144,-0.4000000000000002,3.6571428571428575,277.14285714285717,8.657142857142857,220.0,17.214285714285715,11.814285714285715,279.2857142857143,-4.507142857142857
2019-02-28,1.414285714285714,-10.621428571428572,-1.385714285714286,3.6571428571428575,284.2857142857143,8.500000000000002,217.85714285714286,9.928571428571429,11.528571428571428,287.14285714285717,-5.307142857142857
2019-03-01,1.4499999999999995,-11.142857142857142,-1.8214285714285714,3.6000000000000005,266.42857142857144,8.342857142857143,214.28571428571428,10.857142857142858,11.242857142857142,268.57142857142856,-5.95
2019-03-02,1.2357142857142853,-11.97857142857143,-2.2142857142857144,3.442857142857143,260.7142857142857,8.178571428571429,210.71428571428572,10.857142857142858,10.928571428571429,260.0,-6.585714285714286
2019-03-03,1.2357142857142853,-11.97857142857143,-2.1714285714285717,3.2785714285714285,260.0,7.764285714285713,209.28571428571428,10.857142857142858,10.450000000000001,259.2857142857143,-6.8500000000000005
2019-03-04,1.3071428571428567,-11.542857142857143,-1.5785714285714287,3.2428571428571433,247.14285714285714,7.892857142857143,209.28571428571428,12.142857142857142,10.614285714285714,246.42857142857142,-6.371428571428572
2019-03-05,1.2142857142857137,-10.871428571428572,-1.0214285714285716,3.2714285714285714,245.0,7.892857142857143,210.71428571428572,7.785714285714286,10.742857142857144,242.85714285714286,-5.742857142857143
2019-03-06,1.2142857142857137,-10.55,-0.9000000000000001,3.335714285714286,233.57142857142858,7.957142857142857,207.14285714285714,8.0,10.87142857142857,239.28571428571428,-5.442857142857143
2019-03-07,1.1999999999999995,-10.071428571428571,-1.2571428571428573,3.4285714285714293,243.57142857142858,8.057142857142857,203.57142857142858,7.642857142857143,10.935714285714287,250.0,-5.307142857142857
2019-03-08,0.9428571428571423,-10.621428571428572,-2.1214285714285714,3.185714285714286,243.57142857142858,7.642857142857143,200.0,6.214285714285714,10.264285714285716,250.0,-6.028571428571428
2019-03-09,0.9428571428571423,-11.414285714285715,-2.242857142857143,3.235714285714286,232.14285714285714,7.742857142857143,197.85714285714286,6.214285714285714,10.421428571428569,241.42857142857142,-6.685714285714285
2019-03-10,0.9428571428571423,-11.414285714285715,-2.3999999999999995,3.3500000000000005,246.42857142857142,7.9,194.28571428571428,6.214285714285714,10.55,250.0,-6.642857142857143
2019-03-11,0.4714285714285709,-11.928571428571429,-2.6,3.3714285714285714,245.71428571428572,7.707142857142857,190.71428571428572,7.285714285714286,10.135714285714286,250.0,-6.85
2019-03-12,0.5999999999999995,-11.492857142857146,-2.485714285714286,3.1785714285714284,245.0,7.45,185.71428571428572,8.357142857142858,9.685714285714285,250.0,-6.607142857142857
2019-03-13,0.5999999999999995,-10.85714285714286,-1.8928571428571428,3.0071428571428576,245.71428571428572,7.128571428571428,180.71428571428572,8.357142857142858,9.27142857142857,250.71428571428572,-5.957142857142857
2019-03-14,1.1214285714285708,-10.107142857142858,-0.75,3.1000000000000005,234.28571428571428,7.321428571428571,177.14285714285714,13.428571428571429,9.528571428571428,240.71428571428572,-5.085714285714286
2019-03-15,1.0857142857142852,-9.0,0.5142857142857142,3.2,246.42857142857142,7.671428571428572,170.0,12.5,10.1,252.14285714285714,-3.9642857142857144
2019-03-16,1.2999999999999996,-7.500000000000001,1.5,3.5000000000000004,244.28571428571428,8.021428571428572,159.28571428571428,12.5,10.607142857142858,252.14285714285714,-2.557142857142857
2019-03-17,1.3357142857142854,-7.142857142857143,1.9357142857142857,3.7142857142857144,242.14285714285714,8.564285714285715,150.0,14.285714285714286,11.471428571428572,248.57142857142858,-1.9714285714285715
2019-03-18,1.264285714285714,-7.064285714285715,1.7785714285714287,3.9214285714285713,249.28571428571428,8.692857142857141,139.28571428571428,13.0,11.757142857142858,257.14285714285717,-2.05
2019-03-19,1.1571428571428568,-7.064285714285715,2.007142857142857,3.8000000000000003,252.14285714285714,8.528571428571428,127.14285714285714,11.214285714285714,11.564285714285715,260.7142857142857,-2.042857142857143
2019-03-20,1.1571428571428568,-6.750000000000001,2.557142857142857,3.685714285714286,262.85714285714283,8.5,112.85714285714286,11.0,11.435714285714287,262.85714285714283,-1.6214285714285714
2019-03-21,1.1357142857142852,-6.357142857142857,3.857142857142857,3.6428571428571432,252.14285714285714,8.335714285714285,98.57142857142857,10.785714285714286,11.435714285714285,252.14285714285714,-0.8928571428571429
2019-03-22,1.228571428571428,-5.214285714285714,5.035714285714286,3.892857142857143,245.71428571428572,8.657142857142857,84.28571428571429,10.785714285714286,11.885714285714286,245.0,0.2928571428571428
2019-03-23,3.171428571428571,-3.9500000000000006,5.235714285714286,3.9928571428571433,255.0,8.878571428571428,77.14285714285714,17.5,12.171428571428573,253.57142857142858,1.0857142857142856
2019-03-24,3.3857142857142852,-3.671428571428572,5.278571428571429,4.192857142857143,252.85714285714286,9.421428571428573,75.0,22.928571428571427,12.778571428571428,251.42857142857142,1.2571428571428573
2019-03-25,3.2642857142857133,-3.7071428571428577,5.75,4.092857142857143,267.85714285714283,9.135714285714284,75.0,22.071428571428573,12.485714285714286,255.0,1.3499999999999999
2019-03-26,3.1357142857142852,-4.064285714285715,5.5928571428571425,3.935714285714286,272.14285714285717,9.042857142857143,72.85714285714286,20.642857142857142,12.135714285714286,258.57142857142856,1.0571428571428572
2019-03-27,3.1357142857142852,-4.064285714285715,5.671428571428571,3.842857142857143,273.57142857142856,8.95,69.28571428571429,20.642857142857142,12.007142857142856,236.42857142857142,0.95
2019-03-28,2.5571428571428565,-4.1000000000000005,5.95,3.878571428571429,272.85714285714283,8.792857142857143,62.142857142857146,14.5,11.814285714285715,235.0,1.0571428571428572
2019-03-29,2.5571428571428565,-3.978571428571429,5.75,4.214285714285714,272.85714285714283,9.049999999999999,55.0,14.5,12.164285714285715,235.71428571428572,1.1071428571428572
2019-03-30,2.342857142857142,-4.450000000000001,5.435714285714285,4.071428571428571,260.7142857142857,8.828571428571427,52.857142857142854,14.5,11.87857142857143,235.0,0.9214285714285714
2019-03-31,2.3071428571428565,-4.328571428571429,6.071428571428571,3.9285714285714284,253.57142857142858,8.578571428571427,49.285714285714285,12.714285714285714,11.492857142857144,229.28571428571428,0.95
2019-04-01,2.849999999999999,-3.9357142857142864,7.3,4.007142857142857,257.14285714285717,8.671428571428573,47.142857142857146,13.285714285714286,11.457142857142856,221.42857142857142,1.9714285714285713
2019-04-02,2.849999999999999,-3.6142857142857143,7.421428571428572,4.278571428571429,257.14285714285717,9.02142857142857,45.0,13.5,11.807142857142855,221.42857142857142,2.1357142857142857
2019-04-03,2.849999999999999,-3.214285714285715,7.978571428571429,4.5357142857142865,245.71428571428572,9.335714285714285,45.0,13.5,12.285714285714286,212.85714285714286,2.478571428571428
2019-04-04,2.849999999999999,-2.6214285714285714,8.214285714285714,4.75,251.42857142857142,9.942857142857141,45.0,13.5,13.25,220.0,2.9499999999999997
2019-04-05,2.7571428571428567,-2.9714285714285715,7.857142857142857,4.792857142857143,260.7142857142857,10.099999999999998,45.0,13.5,13.5,230.0,2.664285714285714
2019-04-06,0.9928571428571422,-3.442857142857143,8.135714285714286,4.75,249.28571428571428,9.971428571428572,37.857142857142854,8.214285714285714,13.37142857142857,221.42857142857142,2.557142857142857
2019-04-07,0.7785714285714279,-2.9714285714285715,8.807142857142857,4.6000000000000005,240.0,9.592857142857142,27.142857142857142,2.7857142857142856,13.15,212.14285714285714,2.9214285714285713
2019-04-08,0.8499999999999994,-2.378571428571429,9.007142857142858,4.435714285714286,239.28571428571428,9.435714285714285,16.428571428571427,2.2142857142857144,12.835714285714285,223.57142857142858,3.3428571428571425
2019-04-09,1.2142857142857137,-1.828571428571429,9.521428571428572,4.485714285714286,226.42857142857142,9.528571428571428,9.285714285714286,2.2142857142857144,13.057142857142855,210.0,3.857142857142857
2019-04-10,1.592857142857142,-1.471428571428572,9.678571428571427,4.492857142857143,226.42857142857142,9.528571428571428,3.5714285714285716,2.4285714285714284,13.057142857142859,234.28571428571428,4.135714285714285
2019-04-11,1.6142857142857137,-0.9571428571428575,9.442857142857141,4.557142857142857,237.14285714285714,9.65,0.0,2.7857142857142856,13.15,243.57142857142858,4.264285714285714
2019-04-12,1.6142857142857137,-1.228571428571429,9.407142857142857,4.114285714285715,247.85714285714286,9.107142857142856,0.0,2.7857142857142856,12.357142857142856,231.42857142857142,4.128571428571428
2019-04-13,1.778571428571428,-1.1142857142857145,9.885714285714284,4.257142857142857,259.2857142857143,9.521428571428572,0.0,2.7857142857142856,12.964285714285714,230.0,4.071428571428571
2019-04-14,1.8142857142857136,-0.3714285714285719,10.278571428571428,4.342857142857143,264.2857142857143,9.678571428571429,0.0,2.7857142857142856,13.157142857142858,235.0,4.907142857142857
2019-04-15,1.7071428571428566,-0.2142857142857148,9.957142857142857,4.107142857142858,249.28571428571428,9.421428571428573,0.0,2.2142857142857144,12.907142857142858,246.42857142857142,4.764285714285714
2019-04-16,2.2499999999999996,0.21428571428571377,10.628571428571428,4.05,247.85714285714286,9.392857142857142,0.0,2.0,13.035714285714286,242.85714285714286,5.285714285714285
2019-04-17,2.2499999999999996,0.5642857142857137,10.542857142857143,4.05,257.14285714285717,9.392857142857142,0.0,2.0,13.135714285714286,248.57142857142858,5.457142857142857
2019-04-18,2.2499999999999996,0.40714285714285664,10.664285714285713,3.7285714285714286,262.14285714285717,8.757142857142856,0.0,2.0,12.107142857142858,252.14285714285714,5.521428571428572
2019-04-19,2.2499999999999996,0.6357142857142852,11.421428571428573,3.8285714285714287,252.85714285714286,9.014285714285714,0.0,2.0,12.364285714285714,243.57142857142858,6.0
2019-04-20,2.671428571428571,1.5071428571428567,12.571428571428571,4.014285714285714,254.28571428571428,9.235714285714286,0.0,0.5714285714285714,12.65,242.14285714285714,7.064285714285715
2019-04-21,4.014285714285713,1.8642857142857137,12.65,3.9785714285714286,254.28571428571428,9.042857142857143,0.0,0.5714285714285714,12.264285714285716,242.14285714285714,7.2
2019-04-22,3.8857142857142852,2.6499999999999995,13.485714285714286,4.192857142857143,242.14285714285714,9.357142857142858,0.0,0.5714285714285714,12.707142857142857,232.85714285714286,7.857142857142857
2019-04-23,3.5214285714285714,3.2857142857142847,14.200000000000001,4.271428571428571,254.28571428571428,9.485714285714286,0.0,0.5714285714285714,12.742857142857144,247.85714285714286,8.428571428571429
2019-04-24,3.521428571428571,3.9142857142857137,15.392857142857142,4.264285714285714,242.14285714285714,9.578571428571427,0.0,0.35714285714285715,12.971428571428572,235.0,9.257142857142856
2019-04-25,3.6071428571428568,4.4642857142857135,16.228571428571428,4.192857142857143,232.14285714285714,9.614285714285714,0.0,0.0,13.200000000000001,225.0,10.014285714285714
2019-04-26,3.6071428571428568,5.05,16.664285714285715,4.171428571428572,227.14285714285714,9.45,0.0,0.0,13.007142857142858,241.42857142857142,10.435714285714285
2019-04-27,4.042857142857143,5.407142857142857,16.34285714285714,4.142857142857143,224.28571428571428,9.385714285714286,0.0,0.0,12.842857142857143,240.71428571428572,10.607142857142858
2019-04-28,5.128571428571428,4.97142857142857,15.428571428571429,4.0928571428571425,226.42857142857142,9.35,0.0,0.0,12.814285714285713,244.28571428571428,9.971428571428572
2019-04-29,4.692857142857142,5.049999999999999,15.314285714285713,4.192857142857143,240.71428571428572,9.450000000000001,0.0,0.0,12.87142857142857,242.85714285714286,9.721428571428572
2019-04-30,4.1499999999999995,4.928571428571428,15.078571428571427,4.085714285714286,241.42857142857142,9.385714285714286,0.0,0.0,12.678571428571429,245.71428571428572,9.664285714285713
2019-05-01,4.1499999999999995,5.0857142857142845,15.278571428571428,3.935714285714286,243.57142857142858,9.257142857142858,0.0,0.0,12.357142857142858,248.57142857142858,9.864285714285714
2019-05-02,4.442857142857142,5.435714285714284,14.799999999999999,3.9785714285714286,230.0,9.257142857142856,0.0,0.0,12.235714285714286,235.0,9.72857142857143
2019-05-03,4.571428571428571,5.7142857142857135,14.285714285714286,3.6,240.0,8.521428571428572,0.0,0.0,11.214285714285714,243.57142857142858,9.542857142857143
2019-05-04,4.499999999999999,5.828571428571427,13.607142857142858,3.278571428571429,240.71428571428572,8.107142857142858,0.0,0.0,10.642857142857142,244.28571428571428,9.114285714285714
2019-05-05,3.1785714285714275,6.0214285714285705,13.807142857142859,3.2571428571428576,251.42857142857142,8.042857142857143,0.0,0.0,10.578571428571427,253.57142857142858,9.45
2019-05-06,3.1785714285714275,5.664285714285713,13.528571428571428,3.1214285714285714,258.57142857142856,7.792857142857143,0.0,0.0,10.200000000000001,250.71428571428572,9.321428571428571
2019-05-07,3.1785714285714275,5.542857142857143,13.885714285714284,2.9,247.85714285714286,7.378571428571429,0.0,0.0,9.785714285714286,245.71428571428572,9.471428571428572
2019-05-08,3.342857142857142,5.657142857142857,13.642857142857142,2.892857142857143,249.28571428571428,7.285714285714286,0.0,0.0,9.62142857142857,247.85714285714286,9.628571428571428
2019-05-09,3.235714285714285,5.414285714285714,13.442857142857141,2.9642857142857144,236.42857142857142,7.192857142857143,0.0,0.0,9.364285714285714,257.85714285714283,9.464285714285714
2019-05-10,3.235714285714285,5.1,13.6,3.0285714285714285,231.42857142857142,7.578571428571428,0.0,0.0,9.842857142857143,254.28571428571428,9.514285714285714
2019-05-11,4.921428571428571,5.299999999999999,14.0,3.085714285714286,242.85714285714286,7.614285714285714,0.0,0.0,9.842857142857143,265.0,9.742857142857144
2019-05-12,3.8214285714285703,5.499999999999999,14.278571428571428,3.107142857142857,246.42857142857142,7.614285714285715,0.0,0.0,9.778571428571428,266.42857142857144,10.057142857142855
2019-05-13,3.8214285714285703,5.664285714285714,14.514285714285716,2.95,246.42857142857142,7.485714285714286,0.0,0.0,9.62142857142857,266.42857142857144,10.335714285714285
2019-05-14,4.199999999999999,5.985714285714286,14.950000000000001,2.9142857142857146,233.57142857142858,7.514285714285715,0.0,0.0,9.557142857142855,253.57142857142858,10.714285714285714
2019-05-15,4.528571428571428,5.942857142857143,14.87142857142857,2.8285714285714287,210.0,7.1642857142857155,0.0,0.0,9.171428571428573,253.57142857142858,10.657142857142857
2019-05-16,4.235714285714286,6.107142857142857,15.392857142857142,2.9142857142857146,222.85714285714286,7.357142857142857,0.0,0.0,9.392857142857142,267.14285714285717,10.942857142857141
2019-05-17,4.107142857142856,6.307142857142857,16.107142857142858,2.842857142857143,222.14285714285714,7.357142857142857,0.0,0.0,9.428571428571429,266.42857142857144,11.37142857142857
2019-05-18,3.8857142857142852,6.4642857142857135,16.942857142857143,3.028571428571429,232.14285714285714,7.678571428571429,0.0,0.0,9.842857142857143,277.14285714285717,11.721428571428572
2019-05-19,3.864285714285714,6.5857142857142845,17.178571428571427,3.085714285714286,231.42857142857142,7.807142857142857,0.0,0.0,10.035714285714286,275.7142857142857,11.900000000000002
2019-05-20,5.1,7.064285714285714,17.535714285714285,3.1285714285714286,233.57142857142858,8.057142857142859,0.0,0.0,10.450000000000001,283.57142857142856,12.157142857142857
2019-05-21,5.371428571428571,7.3428571428571425,17.621428571428574,3.35,239.28571428571428,8.371428571428572,0.0,0.0,10.992857142857142,282.14285714285717,12.414285714285715
2019-05-22,4.8500000000000005,7.264285714285713,17.585714285714285,3.585714285714286,248.57142857142858,8.821428571428571,0.0,0.0,11.507142857142856,290.7142857142857,12.257142857142856
2019-05-23,4.8500000000000005,7.542857142857143,17.97857142857143,3.521428571428572,270.7142857142857,8.878571428571428,0.0,0.0,11.507142857142858,291.42857142857144,12.571428571428571
2019-05-24,4.992857142857143,8.257142857142856,18.37857142857143,3.685714285714286,270.7142857142857,8.87857142857143,0.0,0.0,11.571428571428571,290.7142857142857,13.092857142857142
2019-05-25,2.8142857142857136,8.257142857142856,18.335714285714285,3.5785714285714287,272.14285714285717,8.75,0.0,0.0,11.385714285714286,292.85714285714283,13.257142857142856
2019-05-26,4.464285714285714,8.299999999999999,18.892857142857142,3.5785714285714287,261.42857142857144,8.75,0.0,0.0,11.414285714285715,283.57142857142856,13.392857142857142
2019-05-27,4.607142857142857,8.928571428571429,19.764285714285712,3.7857142857142856,261.42857142857144,8.942857142857143,0.0,0.0,11.864285714285716,273.57142857142856,14.085714285714285
2019-05-28,4.228571428571428,9.12142857142857,19.96428571428572,3.7857142857142856,277.14285714285717,8.757142857142858,0.0,0.0,11.707142857142857,287.14285714285717,14.407142857142857
2019-05-29,4.785714285714286,9.364285714285714,19.964285714285715,3.7857142857142856,285.0,8.792857142857143,0.0,0.0,11.742857142857144,272.85714285714283,14.628571428571428
2019-05-30,4.785714285714286,9.478571428571428,20.078571428571426,3.6714285714285717,280.7142857142857,8.535714285714286,0.0,0.0,11.457142857142856,267.14285714285717,14.707142857142857
2019-05-31,4.785714285714286,9.557142857142859,20.514285714285712,3.878571428571429,270.0,8.757142857142856,0.0,0.0,11.807142857142859,256.42857142857144,14.978571428571428
2019-06-01,4.514285714285714,9.6,20.07857142857143,3.7642857142857147,272.14285714285717,8.592857142857143,0.0,0.0,11.614285714285714,255.71428571428572,15.12142857142857
2019-06-02,4.55,9.478571428571428,20.278571428571432,3.6714285714285713,270.7142857142857,8.528571428571428,0.0,0.0,11.421428571428569,257.14285714285717,15.164285714285713
2019-06-03,4.35,9.592857142857142,20.0,3.757142857142857,262.85714285714283,8.592857142857143,0.0,0.0,11.485714285714286,249.28571428571428,15.257142857142854
2019-06-04,4.078571428571428,9.278571428571428,19.442857142857143,3.65,265.0,8.592857142857143,0.0,0.0,11.421428571428573,247.85714285714286,14.77142857142857
2019-06-05,4.1499999999999995,9.12142857142857,19.63571428571429,3.4357142857142864,260.0,8.364285714285716,0.0,0.0,11.22857142857143,244.28571428571428,14.707142857142856
2019-06-06,5.6,9.364285714285714,19.835714285714285,3.3142857142857145,250.0,8.014285714285714,0.0,0.0,10.907142857142857,235.0,14.721428571428572
2019-06-07,5.635714285714285,9.364285714285714,19.914285714285715,3.185714285714286,260.0,7.857142857142857,0.0,0.0,10.614285714285714,245.0,14.799999999999999
2019-06-08,5.528571428571428,9.364285714285714,20.67142857142857,3.007142857142857,260.7142857142857,7.6000000000000005,0.0,0.0,10.321428571428571,245.0,15.042857142857143
2019-06-09,3.857142857142857,9.599999999999998,20.907142857142855,2.892857142857143,270.7142857142857,7.378571428571428,0.0,0.0,10.000000000000002,255.0,15.37142857142857
2019-06-10,3.7142857142857144,9.242857142857144,21.142857142857142,2.778571428571429,262.85714285714283,7.278571428571429,0.0,0.0,9.707142857142857,257.14285714285717,15.392857142857142
2019-06-11,3.7857142857142856,9.921428571428569,21.892857142857142,2.857142857142857,250.71428571428572,7.278571428571429,0.0,0.0,9.707142857142857,247.14285714285714,15.89285714285714
2019-06-12,4.078571428571428,10.157142857142858,22.650000000000002,3.0142857142857147,264.2857142857143,7.721428571428571,0.0,0.0,10.25,260.0,16.535714285714285
2019-06-13,4.078571428571428,10.157142857142857,23.20714285714286,3.0571428571428574,258.57142857142856,7.878571428571428,0.0,0.0,10.471428571428572,254.28571428571428,16.942857142857143
2019-06-14,4.078571428571428,10.392857142857142,22.885714285714283,3.0500000000000003,256.42857142857144,8.071428571428571,0.0,0.0,10.692857142857145,252.14285714285714,17.064285714285713
2019-06-15,4.207142857142857,10.549999999999999,23.042857142857144,3.128571428571429,245.0,8.135714285714286,0.0,0.0,10.821428571428571,242.14285714285714,17.035714285714285
2019-06-16,4.335714285714285,10.871428571428572,23.442857142857143,3.378571428571429,236.42857142857142,8.514285714285714,0.0,0.0,11.557142857142859,232.14285714285714,17.3
2019-06-17,3.3,10.835714285714285,23.6,3.2214285714285715,247.85714285714286,8.135714285714286,0.0,0.0,11.078571428571427,244.28571428571428,17.385714285714286
2019-06-18,3.3,10.992857142857142,24.071428571428573,3.0785714285714287,250.71428571428572,7.885714285714286,0.0,0.0,10.721428571428572,250.0,17.692857142857143
2019-06-19,3.2071428571428564,11.549999999999999,24.592857142857138,2.942857142857143,247.85714285714286,7.507142857142857,0.0,0.0,10.114285714285716,247.14285714285714,18.228571428571428
2019-06-20,1.7571428571428567,11.942857142857141,25.071428571428573,3.0357142857142856,249.28571428571428,7.7,0.0,0.0,10.335714285714285,246.42857142857142,18.821428571428573
2019-06-21,4.121428571428571,12.3,24.91428571428571,3.0642857142857145,250.0,7.764285714285713,0.0,0.0,10.464285714285714,241.42857142857142,19.02857142857143
2019-06-22,4.121428571428571,12.814285714285715,24.671428571428574,3.314285714285714,249.28571428571428,7.985714285714286,0.0,0.0,10.757142857142858,240.71428571428572,19.042857142857144
2019-06-23,4.121428571428571,13.014285714285714,24.79285714285714,3.4,250.0,8.27142857142857,0.0,0.0,11.05,242.85714285714286,19.15
2019-06-24,4.121428571428571,13.178571428571429,24.75714285714286,3.442857142857143,257.14285714285717,8.464285714285714,0.0,0.0,11.278571428571428,250.0,19.29285714285714
2019-06-25,4.05,12.821428571428571,24.6,3.25,269.2857142857143,8.27142857142857,0.0,0.0,11.085714285714285,262.14285714285717,19.142857142857142
2019-06-26,3.5071428571428567,13.142857142857142,24.957142857142856,3.1,260.0,7.957142857142857,0.0,0.0,10.764285714285716,251.42857142857142,19.192857142857143
2019-06-27,3.814285714285714,13.778571428571428,25.314285714285713,3.085714285714286,268.57142857142856,8.02142857142857,0.0,0.0,11.114285714285716,260.7142857142857,19.585714285714285
2019-06-28,3.814285714285714,14.099999999999998,26.150000000000002,2.9142857142857146,282.85714285714283,7.607142857142856,0.0,0.0,10.571428571428571,272.85714285714283,19.978571428571428
2019-06-29,4.107142857142857,14.421428571428573,26.942857142857143,2.771428571428572,294.2857142857143,7.485714285714286,0.0,0.0,10.37857142857143,284.2857142857143,20.578571428571426
2019-06-30,4.671428571428571,14.778571428571427,27.021428571428572,2.5571428571428574,306.42857142857144,7.235714285714286,0.0,0.0,9.928571428571429,273.57142857142856,20.985714285714288
2019-07-01,4.692857142857142,15.014285714285716,27.02142857142857,2.6571428571428575,305.7142857142857,7.714285714285714,0.0,0.0,10.5,274.2857142857143,21.05
2019-07-02,4.692857142857142,15.328571428571427,27.342857142857145,2.6428571428571432,305.7142857142857,7.742857142857142,0.0,0.0,10.5,274.2857142857143,21.314285714285717
2019-07-03,4.692857142857142,15.685714285714285,27.57857142857143,2.707142857142857,313.57142857142856,7.807142857142857,0.0,0.0,10.914285714285713,273.57142857142856,21.635714285714283
2019-07-04,4.692857142857142,15.807142857142859,27.857142857142858,2.6,323.57142857142856,7.778571428571428,0.0,0.0,10.914285714285715,284.2857142857143,21.83571428571429
2019-07-05,2.1499999999999995,15.842857142857142,28.650000000000002,2.45,315.7142857142857,7.5214285714285705,0.0,0.0,10.6,280.0,22.12857142857143
2019-07-06,2.1499999999999995,16.07857142857143,29.17142857142857,2.3500000000000005,305.7142857142857,7.392857142857143,0.0,0.0,10.5,270.7142857142857,22.67142857142857
2019-07-07,2.407142857142857,16.635714285714283,29.528571428571432,2.335714285714286,305.0,7.428571428571429,0.0,0.0,10.564285714285713,267.14285714285717,23.164285714285715
2019-07-08,2.407142857142857,16.79285714285714,29.25,2.335714285714286,306.42857142857144,7.3357142857142845,0.0,0.0,10.435714285714285,267.14285714285717,23.157142857142855
2019-07-09,2.407142857142857,16.71428571428571,29.37142857142857,2.3500000000000005,304.2857142857143,7.3357142857142845,0.0,0.0,10.371428571428572,267.14285714285717,23.07857142857143
2019-07-10,1.771428571428571,16.55,29.685714285714287,2.3500000000000005,314.2857142857143,7.3357142857142845,0.0,0.0,10.335714285714285,278.57142857142856,23.24285714285714
2019-07-11,1.4642857142857137,16.514285714285712,29.842857142857145,2.3142857142857145,307.85714285714283,7.178571428571429,0.0,0.0,9.792857142857143,272.14285714285717,23.364285714285717
2019-07-12,2.6428571428571423,16.707142857142856,29.764285714285712,2.4571428571428577,307.85714285714283,7.5,0.0,0.0,10.142857142857142,275.0,23.514285714285712
2019-07-13,2.692857142857142,16.864285714285714,29.45,2.4285714285714284,303.57142857142856,7.464285714285714,0.0,0.0,10.078571428571431,271.42857142857144,23.42142857142857
2019-07-14,2.035714285714285,16.785714285714285,29.607142857142858,2.45,299.2857142857143,7.528571428571428,0.0,0.0,10.207142857142857,292.14285714285717,23.385714285714283
2019-07-15,2.0142857142857133,16.942857142857143,29.85,2.4785714285714286,298.57142857142856,7.364285714285715,0.0,0.0,9.985714285714286,289.2857142857143,23.62857142857143
2019-07-16,2.0142857142857133,16.985714285714284,29.728571428571428,2.507142857142857,299.2857142857143,7.271428571428571,0.0,0.0,9.892857142857142,292.14285714285717,23.67142857142857
2019-07-17,2.0142857142857133,16.749999999999996,29.607142857142858,2.6000000000000005,289.2857142857143,7.492857142857143,0.0,0.0,9.864285714285714,288.57142857142856,23.49285714285714
2019-07-18,2.6285714285714277,16.985714285714288,29.285714285714285,2.735714285714286,278.57142857142856,7.521428571428572,0.0,0.0,9.835714285714285,277.85714285714283,23.52857142857143
2019-07-19,2.6285714285714277,16.95,29.04285714285714,2.7785714285714285,274.2857142857143,7.614285714285715,0.0,0.0,9.964285714285714,275.7142857142857,23.407142857142855
2019-07-20,2.6285714285714277,17.15,29.07857142857143,2.7714285714285714,275.0,7.521428571428571,0.0,0.0,9.87142857142857,276.42857142857144,23.40714285714285
2019-07-21,2.3714285714285706,17.264285714285716,29.314285714285713,2.707142857142857,265.7142857142857,7.264285714285714,0.0,0.0,9.642857142857142,268.57142857142856,23.54285714285714
2019-07-22,2.499999999999999,17.857142857142858,29.79285714285714,2.6642857142857146,265.7142857142857,7.228571428571429,0.0,0.0,9.607142857142858,255.71428571428572,24.014285714285712
2019-07-23,2.521428571428571,18.328571428571426,29.357142857142858,2.635714285714286,254.28571428571428,7.164285714285714,0.0,0.0,9.542857142857143,255.0,24.078571428571426
2019-07-24,2.521428571428571,18.607142857142858,29.12142857142857,2.6,253.57142857142858,7.3500000000000005,0.0,0.0,9.771428571428572,255.0,23.992857142857144
2019-07-25,2.521428571428571,18.485714285714284,28.728571428571428,2.6142857142857143,262.14285714285717,7.442857142857143,0.0,0.0,9.871428571428572,265.0,23.821428571428573
2019-07-26,1.3428571428571423,18.12857142857143,28.65,2.4928571428571433,254.28571428571428,7.0928571428571425,0.0,0.0,9.492857142857144,256.42857142857144,23.535714285714285
2019-07-27,0.8357142857142852,17.892857142857142,28.928571428571423,2.492857142857143,246.42857142857142,6.964285714285714,0.0,0.0,9.271428571428572,248.57142857142858,23.58571428571429
2019-07-28,0.7642857142857137,17.928571428571427,29.085714285714285,2.514285714285715,242.14285714285714,6.8999999999999995,0.0,0.0,9.178571428571429,241.42857142857142,23.70714285714286
2019-07-29,1.342857142857142,18.17142857142857,29.442857142857143,2.5500000000000003,232.14285714285714,6.964285714285714,0.0,0.0,9.242857142857144,232.14285714285714,23.86428571428571
2019-07-30,1.342857142857142,18.52857142857143,29.842857142857145,2.5785714285714287,220.71428571428572,7.028571428571429,0.0,0.0,9.278571428571428,220.71428571428572,24.142857142857142
2019-07-31,1.342857142857142,18.964285714285715,30.24285714285714,2.6571428571428575,225.71428571428572,7.25,0.0,0.0,9.564285714285715,227.85714285714286,24.564285714285713
2019-08-01,0.8357142857142852,18.842857142857138,30.364285714285717,2.6214285714285714,226.42857142857142,7.221428571428571,0.0,0.0,9.62857142857143,222.14285714285714,24.47142857142857
2019-08-02,0.8357142857142852,18.721428571428568,30.25,2.6071428571428577,239.28571428571428,7.221428571428571,0.0,0.0,9.657142857142858,233.57142857142858,24.400000000000002
2019-08-03,0.8357142857142852,18.05,30.05,2.442857142857143,239.28571428571428,7.0,0.0,0.0,9.307142857142859,231.42857142857142,24.02142857142857
2019-08-04,0.8357142857142852,17.457142857142856,29.814285714285713,2.4,250.0,7.035714285714286,0.0,0.0,9.242857142857144,241.42857142857142,23.599999999999998
2019-08-05,0.7071428571428565,16.864285714285714,29.37857142857143,2.4142857142857146,251.42857142857142,6.942857142857143,0.0,0.0,9.15,257.85714285714283,23.17142857142857
2019-08-06,0.6857142857142852,16.349999999999998,29.735714285714288,2.4571428571428577,252.85714285714286,7.071428571428572,0.0,0.0,9.342857142857142,244.28571428571428,23.049999999999994
2019-08-07,0.7428571428571423,16.235714285714288,30.014285714285712,2.664285714285714,250.71428571428572,7.171428571428572,0.0,0.0,9.5,242.85714285714286,23.214285714285715
2019-08-08,2.5571428571428565,16.67142857142857,30.207142857142856,2.7642857142857147,240.71428571428572,7.142857142857143,0.0,0.0,9.5,231.42857142857142,23.4
2019-08-09,3.0499999999999994,17.114285714285714,30.242857142857144,2.85,245.0,7.207142857142857,0.0,0.0,9.721428571428572,236.42857142857142,23.564285714285713
2019-08-10,3.1214285714285706,17.192857142857143,30.042857142857144,2.9642857142857144,252.85714285714286,7.5928571428571425,0.0,0.0,10.364285714285714,242.85714285714286,23.52857142857143
2019-08-11,3.2285714285714278,16.914285714285715,29.37142857142857,3.021428571428572,259.2857142857143,7.971428571428572,0.0,0.0,10.778571428571428,250.0,23.064285714285713
2019-08-12,2.649999999999999,16.235714285714284,29.05,2.9071428571428575,266.42857142857144,7.785714285714286,0.0,0.0,10.585714285714287,256.42857142857144,22.57857142857143
2019-08-13,2.649999999999999,16.114285714285714,28.728571428571428,3.021428571428572,267.85714285714283,7.814285714285715,0.0,0.0,10.642857142857144,256.42857142857144,22.364285714285717
2019-08-14,2.649999999999999,15.757142857142856,28.292857142857144,2.857142857142857,275.0,7.464285714285714,0.0,0.0,10.164285714285713,262.85714285714283,22.071428571428573
2019-08-15,2.542857142857142,15.364285714285714,28.057142857142857,2.8000000000000003,284.2857142857143,7.464285714285714,0.0,0.0,10.128571428571428,279.2857142857143,21.79285714285714
2019-08-16,2.542857142857142,15.242857142857144,27.97857142857143,2.7857142857142856,282.85714285714283,7.371428571428572,0.0,0.0,10.128571428571428,278.57142857142856,21.607142857142858
2019-08-17,2.5642857142857136,15.635714285714284,27.74285714285714,2.8928571428571432,282.85714285714283,7.564285714285715,0.0,0.0,10.35,275.7142857142857,21.664285714285715
2019-08-18,2.9785714285714278,15.992857142857142,27.621428571428574,3.0000000000000004,272.14285714285717,7.528571428571428,0.0,0.0,10.35,264.2857142857143,21.77142857142857
2019-08-19,2.9785714285714278,16.271428571428572,27.857142857142858,3.0000000000000004,260.0,7.557142857142857,0.0,0.0,10.35,252.85714285714286,21.778571428571432
2019-08-20,3.1071428571428563,16.907142857142855,28.057142857142853,3.164285714285714,260.0,7.807142857142857,0.0,0.0,10.635714285714286,255.0,22.17142857142857
2019-08-21,3.0499999999999994,16.907142857142855,27.857142857142858,2.9714285714285715,252.85714285714286,7.521428571428571,0.0,0.0,10.192857142857141,247.14285714285714,22.16428571428571
2019-08-22,2.5428571428571423,16.55,27.542857142857144,2.900000000000001,252.85714285714286,7.835714285714286,0.0,0.0,10.671428571428573,247.14285714285714,21.921428571428574
2019-08-23,2.05,16.271428571428572,27.428571428571427,2.9,250.71428571428572,7.928571428571429,0.0,0.0,10.635714285714286,244.28571428571428,21.892857142857142
2019-08-24,1.9785714285714282,16.02857142857143,27.071428571428573,2.857142857142857,252.85714285714286,7.642857142857143,0.0,0.0,10.214285714285714,247.85714285714286,21.650000000000002
2019-08-25,1.8714285714285712,15.87142857142857,26.95,2.7428571428571433,251.42857142857142,7.2,0.0,0.0,9.671428571428573,247.85714285714286,21.52857142857143
2019-08-26,1.8714285714285712,15.835714285714285,26.835714285714285,2.6571428571428575,252.85714285714286,7.071428571428571,0.0,0.0,9.450000000000001,253.57142857142858,21.49285714285714
2019-08-27,1.8714285714285712,15.285714285714286,26.678571428571427,2.485714285714286,259.2857142857143,7.007142857142858,0.0,0.0,9.292857142857143,260.0,21.192857142857143
2019-08-28,1.8714285714285712,14.885714285714284,26.599999999999998,2.5500000000000003,247.14285714285714,7.1000000000000005,0.0,0.0,9.385714285714286,247.85714285714286,20.857142857142858
2019-08-29,2.4857142857142853,15.200000000000001,26.678571428571427,2.692857142857143,237.14285714285714,7.3500000000000005,0.0,0.0,9.707142857142857,235.0,21.00714285714286
2019-08-30,2.4857142857142853,15.364285714285714,26.599999999999998,2.707142857142857,235.0,7.3500000000000005,0.0,0.0,9.549999999999999,232.85714285714286,21.071428571428573
2019-08-31,2.464285714285714,15.207142857142856,26.72142857142857,2.835714285714286,234.28571428571428,7.571428571428571,0.0,0.0,9.87142857142857,235.71428571428572,20.97142857142857
2019-09-01,2.05,14.72857142857143,26.32857142857143,2.785714285714286,244.28571428571428,7.607142857142857,0.0,0.0,10.0,246.42857142857142,20.628571428571426
2019-09-02,2.228571428571428,14.25,26.00714285714286,2.778571428571429,245.71428571428572,7.671428571428572,0.0,0.0,10.157142857142857,246.42857142857142,20.25
2019-09-03,4.207142857142856,13.814285714285715,25.29285714285714,2.8071428571428574,245.0,7.707142857142856,0.0,0.0,10.285714285714286,244.28571428571428,19.771428571428572
2019-09-04,4.264285714285714,13.692857142857141,24.77857142857143,2.85,256.42857142857144,7.771428571428571,0.0,0.0,10.342857142857143,255.0,19.328571428571426
2019-09-05,3.2999999999999994,13.692857142857141,24.857142857142858,3.185714285714286,255.71428571428572,7.8357142857142845,0.0,0.0,10.528571428571427,254.28571428571428,19.29285714285714
2019-09-06,3.2999999999999994,13.335714285714285,24.457142857142856,3.0428571428571436,260.0,7.578571428571428,0.0,0.0,10.214285714285714,258.57142857142856,18.885714285714283
2019-09-07,3.2999999999999994,13.178571428571427,24.49285714285714,2.9857142857142853,245.71428571428572,7.514285714285714,0.0,0.0,10.12142857142857,249.28571428571428,18.664285714285715
2019-09-08,4.549999999999999,13.299999999999999,24.61428571428571,3.0,242.85714285714286,7.578571428571428,0.0,0.0,10.314285714285715,247.14285714285714,18.664285714285715
2019-09-09,4.549999999999999,13.457142857142857,24.171428571428574,3.128571428571429,244.28571428571428,7.707142857142856,0.0,0.0,10.535714285714286,244.28571428571428,18.514285714285712
2019-09-10,4.549999999999999,13.414285714285715,23.735714285714288,3.1785714285714293,249.28571428571428,7.678571428571429,0.0,0.0,10.507142857142856,247.85714285714286,18.27142857142857
2019-09-11,4.607142857142856,13.214285714285714,23.49285714285714,3.2357142857142853,248.57142857142858,7.678571428571429,0.0,0.0,10.700000000000001,247.85714285714286,18.007142857142856
2019-09-12,4.05,12.821428571428571,23.607142857142858,3.3000000000000003,260.0,7.6499999999999995,0.0,0.0,10.671428571428573,249.28571428571428,18.02857142857143
2019-09-13,4.05,12.37857142857143,23.207142857142856,3.4285714285714284,262.14285714285717,7.907142857142857,0.0,0.0,10.985714285714284,251.42857142857142,17.757142857142856
2019-09-14,4.05,11.628571428571428,22.77142857142857,3.3142857142857145,261.42857142857144,7.9071428571428575,0.0,0.0,11.114285714285714,252.14285714285714,17.264285714285712
2019-09-15,4.05,11.87142857142857,22.571428571428573,3.6428571428571432,251.42857142857142,8.285714285714286,0.0,0.0,11.628571428571428,241.42857142857142,17.135714285714286
2019-09-16,3.871428571428571,12.028571428571428,22.45714285714286,3.6214285714285723,260.7142857142857,8.192857142857143,0.0,0.0,11.471428571428572,247.85714285714286,17.235714285714284
2019-09-17,1.764285714285714,11.75,22.492857142857144,3.442857142857143,271.42857142857144,8.035714285714286,0.0,0.0,11.185714285714285,260.0,17.07142857142857
2019-09-18,1.7071428571428569,11.27142857142857,22.371428571428574,3.4571428571428577,271.42857142857144,8.035714285714286,0.0,0.0,11.185714285714285,260.7142857142857,16.814285714285713
2019-09-19,1.3642857142857139,10.635714285714286,21.892857142857142,3.085714285714286,259.2857142857143,7.685714285714286,0.0,0.0,10.549999999999999,273.57142857142856,16.307142857142857
2019-09-20,1.3642857142857139,10.114285714285714,21.892857142857142,3.0785714285714287,250.71428571428572,7.785714285714286,0.0,0.0,10.642857142857142,267.14285714285717,15.95
2019-09-21,1.3642857142857139,9.878571428571428,21.935714285714287,3.007142857142857,255.71428571428572,7.6571428571428575,0.0,0.0,10.450000000000001,267.14285714285717,15.857142857142856
2019-09-22,0.11428571428571378,9.757142857142856,22.32857142857143,2.907142857142858,260.0,7.364285714285714,0.0,0.0,9.971428571428572,264.2857142857143,16.014285714285712
2019-09-23,0.11428571428571378,9.678571428571429,22.885714285714283,2.942857142857143,249.28571428571428,7.428571428571429,0.0,0.0,10.064285714285713,255.0,16.328571428571426
2019-09-24,1.7499999999999996,10.271428571428572,23.321428571428573,3.0571428571428574,237.85714285714286,7.621428571428572,0.0,0.0,10.37857142857143,244.28571428571428,16.957142857142856
2019-09-25,1.9071428571428566,10.628571428571428,23.00714285714286,2.9142857142857146,248.57142857142858,7.621428571428572,0.0,0.0,10.157142857142857,253.57142857142858,17.092857142857145
2019-09-26,1.8499999999999994,10.62857142857143,22.492857142857144,2.7,237.14285714285714,7.464285714285714,0.0,0.0,9.964285714285714,252.85714285714286,16.62142857142857
2019-09-27,2.6499999999999995,10.75,22.45,2.75,227.14285714285714,7.464285714285714,0.0,0.0,10.0,243.57142857142858,16.7
2019-09-28,2.6499999999999995,10.942857142857145,22.407142857142862,2.714285714285715,228.57142857142858,7.078571428571428,0.0,0.0,9.457142857142857,243.57142857142858,16.77857142857143
2019-09-29,2.6857142857142855,11.057142857142859,22.607142857142858,2.5071428571428576,228.57142857142858,6.821428571428571,0.0,0.0,9.171428571428573,244.28571428571428,16.878571428571426
2019-09-30,2.6857142857142855,10.585714285714285,22.207142857142856,2.6071428571428577,229.28571428571428,7.071428571428571,0.0,0.0,9.392857142857142,247.85714285714286,16.599999999999998
2019-10-01,2.6857142857142855,10.228571428571428,21.928571428571427,2.6214285714285714,219.28571428571428,7.135714285714286,0.0,0.0,9.585714285714285,237.85714285714286,16.20714285714286
2019-10-02,4.064285714285714,10.707142857142857,22.128571428571426,2.778571428571429,208.57142857142858,7.2,0.0,0.0,9.814285714285715,226.42857142857142,16.42142857142857
2019-10-03,4.135714285714285,10.592857142857142,22.214285714285715,2.907142857142858,233.57142857142858,7.264285714285714,0.0,0.0,9.878571428571428,225.0,16.607142857142858
2019-10-04,4.171428571428571,10.478571428571428,21.421428571428574,2.935714285714286,231.42857142857142,7.292857142857143,0.0,0.0,9.97857142857143,220.71428571428572,16.235714285714284
2019-10-05,4.228571428571428,10.121428571428572,20.392857142857142,3.207142857142857,241.42857142857142,7.735714285714286,0.0,0.0,10.585714285714285,230.71428571428572,15.77142857142857
2019-10-06,4.228571428571428,9.328571428571431,19.321428571428573,3.214285714285715,242.14285714285714,7.8,0.0,0.0,10.65,236.42857142857142,14.921428571428573
2019-10-07,4.228571428571428,8.72857142857143,18.650000000000002,3.4071428571428575,242.85714285714286,8.021428571428572,0.0,0.0,11.12857142857143,236.42857142857142,14.192857142857141
2019-10-08,4.8428571428571425,8.335714285714285,18.057142857142857,3.357142857142857,242.85714285714286,7.985714285714286,0.0,0.0,11.099999999999998,236.42857142857142,13.599999999999998
2019-10-09,4.628571428571428,7.821428571428571,17.97857142857143,3.328571428571429,221.42857142857142,7.735714285714287,0.0,0.0,10.87857142857143,238.57142857142858,13.35
2019-10-10,4.628571428571428,7.185714285714285,17.7,3.278571428571429,232.14285714285714,7.607142857142857,0.0,0.0,10.557142857142855,250.71428571428572,12.892857142857142
2019-10-11,3.8285714285714283,6.871428571428572,17.664285714285715,3.092857142857143,242.14285714285714,7.478571428571429,0.0,0.0,10.3,261.42857142857144,12.457142857142857
2019-10-12,3.8285714285714283,6.557142857142856,17.585714285714285,2.9928571428571433,251.42857142857142,7.514285714285714,0.0,0.0,10.200000000000001,270.7142857142857,12.185714285714285
2019-10-13,3.7928571428571423,5.921428571428572,17.35,2.8142857142857145,261.42857142857144,7.392857142857143,0.0,0.0,9.971428571428572,280.0,11.799999999999999
2019-10-14,3.7928571428571423,5.957142857142857,17.349999999999998,2.714285714285715,261.42857142857144,7.171428571428571,0.0,0.0,9.75,280.0,11.75
2019-10-15,4.192857142857142,6.035714285714286,17.55,2.8285714285714287,261.42857142857144,7.292857142857143,0.0,0.0,9.814285714285715,279.2857142857143,11.907142857142857
2019-10-16,2.8142857142857136,5.242857142857142,16.99285714285714,2.585714285714286,261.42857142857144,7.1000000000000005,0.0,0.0,9.4,285.0,11.385714285714284
2019-10-17,3.121428571428571,5.078571428571428,16.79285714285714,2.6071428571428577,244.28571428571428,7.292857142857143,0.0,0.0,9.685714285714285,269.2857142857143,10.950000000000001
2019-10-18,5.664285714285714,5.314285714285714,16.714285714285715,3.1000000000000005,256.42857142857144,7.807142857142857,0.0,0.0,10.385714285714286,282.85714285714283,11.064285714285713
2019-10-19,5.642857142857143,5.671428571428571,16.62857142857143,3.15,254.28571428571428,7.5857142857142845,0.0,0.0,10.357142857142858,279.2857142857143,11.028571428571428
2019-10-20,5.642857142857143,5.828571428571428,16.55,3.2642857142857147,252.14285714285714,7.778571428571428,0.0,0.0,10.578571428571427,277.85714285714283,11.142857142857142
2019-10-21,5.642857142857143,5.5928571428571425,16.228571428571428,2.9571428571428577,251.42857142857142,7.492857142857142,0.0,0.0,10.007142857142856,276.42857142857144,10.864285714285714
2019-10-22,3.392857142857143,4.878571428571427,16.15,2.8357142857142863,260.0,7.235714285714286,0.0,0.0,9.657142857142857,285.7142857142857,10.385714285714284
2019-10-23,3.685714285714286,4.8428571428571425,16.071428571428573,3.028571428571429,268.57142857142856,7.428571428571429,0.0,0.0,9.907142857142857,271.42857142857144,10.242857142857144
2019-10-24,4.0857142857142845,5.321428571428571,16.035714285714285,3.1214285714285723,262.85714285714283,7.678571428571429,0.0,0.0,10.321428571428571,265.7142857142857,10.52142857142857
2019-10-25,4.0857142857142845,5.3999999999999995,15.835714285714285,3.2928571428571436,252.14285714285714,7.964285714285714,0.0,0.0,10.799999999999999,254.28571428571428,10.557142857142859
2019-10-26,4.157142857142857,5.635714285714286,15.2,3.2571428571428576,251.42857142857142,7.8999999999999995,0.0,0.0,10.735714285714284,255.0,10.478571428571428
2019-10-27,4.157142857142857,5.242857142857142,14.642857142857142,3.2,251.42857142857142,7.707142857142857,0.0,0.0,10.357142857142858,255.71428571428572,10.12142857142857
2019-10-28,5.535714285714286,5.007142857142855,14.12857142857143,3.2428571428571433,237.14285714285714,7.807142857142857,0.0,0.0,10.578571428571427,241.42857142857142,9.642857142857142
2019-10-29,5.242857142857143,5.207142857142856,13.892857142857142,3.150000000000001,236.42857142857142,7.521428571428572,0.0,0.0,10.228571428571428,241.42857142857142,9.564285714285715
2019-10-30,5.242857142857143,5.878571428571428,13.935714285714287,3.485714285714286,236.42857142857142,7.8999999999999995,0.0,0.0,10.799999999999999,236.42857142857142,9.87142857142857
2019-10-31,4.864285714285714,6.5928571428571425,14.014285714285714,3.4285714285714293,241.42857142857142,7.614285714285714,0.0,0.0,10.47857142857143,241.42857142857142,10.264285714285716
2019-11-01,8.27142857142857,7.1499999999999995,14.85,3.150000000000001,233.57142857142858,7.514285714285714,0.0,0.0,10.47857142857143,232.14285714285714,10.785714285714286
2019-11-02,9.4,6.749999999999999,15.65,3.221428571428572,228.57142857142858,8.028571428571428,0.0,0.0,10.957142857142857,227.85714285714286,11.057142857142855
2019-11-03,9.4,6.5214285714285705,15.414285714285715,3.1928571428571435,221.42857142857142,7.964285714285714,0.0,0.0,10.892857142857142,219.28571428571428,10.728571428571428
2019-11-04,9.457142857142857,6.642857142857143,15.1,3.2857142857142856,228.57142857142858,8.121428571428572,0.0,0.0,11.085714285714285,227.14285714285714,10.62857142857143
2019-11-05,9.457142857142857,6.442857142857142,14.621428571428572,3.485714285714286,220.0,8.507142857142856,0.0,0.0,11.657142857142857,217.14285714285714,10.335714285714285
2019-11-06,9.221428571428572,6.5214285714285705,14.299999999999999,3.571428571428572,222.14285714285714,8.664285714285715,0.0,0.0,11.914285714285715,219.28571428571428,10.235714285714286
2019-11-07,8.821428571428571,5.921428571428571,13.621428571428572,3.6714285714285717,226.42857142857142,8.664285714285715,0.0,0.0,11.950000000000001,218.57142857142858,9.728571428571428
2019-11-08,8.95,5.292857142857143,12.871428571428572,3.65,236.42857142857142,8.471428571428572,0.0,0.0,11.564285714285715,228.57142857142858,9.1
2019-11-09,9.135714285714284,4.471428571428571,12.007142857142858,3.971428571428572,237.85714285714286,8.85,5.714285714285714,4.714285714285714,12.014285714285716,228.57142857142858,8.264285714285714
2019-11-10,9.135714285714284,3.8,11.25,4.278571428571429,227.14285714285714,9.135714285714286,11.428571428571429,4.714285714285714,12.492857142857144,217.14285714285714,7.514285714285714
2019-11-11,7.778571428571428,3.599999999999999,10.971428571428572,4.492857142857143,230.71428571428572,9.292857142857143,13.571428571428571,4.714285714285714,12.657142857142858,221.42857142857142,7.221428571428571
2019-11-12,8.27142857142857,2.614285714285714,9.9,4.592857142857143,243.57142857142858,9.357142857142858,20.714285714285715,10.857142857142858,12.685714285714287,209.28571428571428,6.371428571428572
2019-11-13,9.142857142857142,1.0357142857142854,8.557142857142859,4.550000000000001,251.42857142857142,9.357142857142858,33.57142857142857,18.285714285714285,12.75,218.57142857142858,5.035714285714285
2019-11-14,9.142857142857142,-0.8214285714285718,6.857142857142857,4.578571428571429,259.2857142857143,9.578571428571427,44.285714285714285,18.285714285714285,12.978571428571428,225.71428571428572,3.285714285714285
2019-11-15,3.1571428571428575,-2.442857142857143,5.385714285714285,4.614285714285715,256.42857142857144,9.578571428571427,53.57142857142857,18.285714285714285,12.942857142857141,222.85714285714286,1.6999999999999993
2019-11-16,2.0285714285714285,-2.9500000000000006,4.228571428571429,4.6000000000000005,261.42857142857144,9.414285714285715,62.857142857142854,18.5,12.65,230.0,0.9714285714285709
2019-11-17,2.0285714285714285,-3.7071428571428577,3.3214285714285716,4.65,270.7142857142857,9.735714285714286,72.14285714285714,18.5,13.035714285714286,240.0,0.29999999999999954
2019-11-18,1.9714285714285715,-4.892857142857143,2.8428571428571425,4.578571428571429,264.2857142857143,9.514285714285714,79.28571428571429,18.5,12.714285714285714,233.57142857142858,-0.5785714285714292
2019-11-19,1.9714285714285715,-5.478571428571429,2.3642857142857143,4.450000000000001,275.0,9.22857142857143,86.42857142857143,18.5,12.171428571428573,245.71428571428572,-1.0928571428571434
2019-11-20,2.4071428571428575,-6.071428571428572,1.5714285714285714,4.192857142857144,285.7142857142857,8.878571428571428,92.14285714285714,18.857142857142858,11.628571428571428,255.71428571428572,-1.8285714285714292
2019-11-21,2.585714285714286,-6.2285714285714295,1.1357142857142857,4.071428571428572,287.85714285714283,8.564285714285715,97.85714285714286,20.285714285714285,11.178571428571429,262.85714285714283,-2.235714285714286
2019-11-22,2.6214285714285714,-6.385714285714286,1.0142857142857145,3.935714285714286,278.57142857142856,8.6,105.0,20.285714285714285,11.342857142857142,252.85714285714286,-2.4571428571428577
2019-11-23,2.435714285714286,-6.1499999999999995,1.5999999999999999,4.071428571428571,276.42857142857144,8.72857142857143,102.85714285714286,15.571428571428571,11.692857142857141,252.14285714285714,-2.014285714285715
2019-11-24,2.435714285714286,-6.071428571428571,1.7214285714285713,3.942857142857143,284.2857142857143,8.792857142857143,97.14285714285714,15.571428571428571,11.692857142857141,262.14285714285717,-1.9142857142857148
2019-11-25,2.4142857142857146,-6.107142857142857,1.6,3.685714285714286,283.57142857142856,8.507142857142856,95.0,15.571428571428571,11.307142857142855,262.14285714285717,-1.9142857142857148
2019-11-26,1.8142857142857143,-5.792857142857144,2.1928571428571426,3.5214285714285722,279.2857142857143,8.35,87.85714285714286,9.428571428571429,11.178571428571429,284.2857142857143,-1.5857142857142865
2019-11-27,0.9428571428571428,-4.964285714285714,3.2571428571428567,3.4571428571428577,271.42857142857144,8.285714285714286,75.0,2.0,11.021428571428572,275.0,-0.728571428571429
2019-11-28,1.9928571428571427,-4.128571428571429,4.2,3.285714285714286,259.2857142857143,8.25,64.28571428571429,2.0,10.985714285714286,262.85714285714283,0.19285714285714237
2019-11-29,2.992857142857143,-3.6142857142857148,4.635714285714286,3.3642857142857148,270.7142857142857,8.221428571428572,57.142857142857146,3.4285714285714284,10.864285714285714,275.0,0.7857142857142853
2019-11-30,2.957142857142857,-3.6142857142857148,4.25,3.335714285714286,272.14285714285717,8.0,50.0,3.2142857142857144,10.549999999999999,275.0,0.5357142857142853
2019-12-01,2.957142857142857,-3.3714285714285723,4.171428571428572,3.4357142857142864,272.85714285714283,7.807142857142857,42.857142857142854,4.142857142857143,10.321428571428571,276.42857142857144,0.521428571428571
2019-12-02,3.121428571428571,-3.214285714285715,3.9,3.3571428571428577,267.85714285714283,7.992857142857142,37.857142857142854,5.928571428571429,10.542857142857143,271.42857142857144,0.5285714285714281
2019-12-03,3.121428571428571,-2.9357142857142864,3.592857142857143,3.4714285714285715,267.85714285714283,8.121428571428572,34.285714285714285,5.928571428571429,11.085714285714285,271.42857142857144,0.5071428571428568
2019-12-04,2.6285714285714286,-3.3714285714285723,3.5142857142857147,3.6142857142857143,269.2857142857143,8.471428571428572,32.142857142857146,5.571428571428571,11.5,272.85714285714283,0.2571428571428567
2019-12-05,2.4499999999999997,-3.9571428571428577,3.557142857142857,3.6428571428571432,256.42857142857144,8.6,30.0,4.5,11.664285714285713,260.7142857142857,0.014285714285713855
2019-12-06,2.414285714285714,-3.9571428571428577,3.4,3.807142857142858,264.2857142857143,8.757142857142858,28.571428571428573,7.428571428571429,11.857142857142858,268.57142857142856,0.028571428571428133
2019-12-07,2.5214285714285714,-4.235714285714286,2.771428571428572,3.5142857142857147,267.14285714285717,8.471428571428572,30.714285714285715,10.714285714285714,11.407142857142857,270.0,-0.4714285714285719
2019-12-08,2.5214285714285714,-4.75,2.2642857142857142,3.3928571428571432,268.57142857142856,8.185714285714285,37.857142857142854,11.071428571428571,11.021428571428572,270.7142857142857,-0.7571428571428577
2019-12-09,2.5214285714285714,-5.857142857142857,2.0714285714285716,3.6857142857142864,269.2857142857143,8.792857142857143,45.0,11.071428571428571,11.821428571428571,268.57142857142856,-1.5142857142857147
2019-12-10,2.6142857142857143,-5.7,2.0285714285714285,4.05,261.42857142857144,9.364285714285714,48.57142857142857,11.071428571428571,12.557142857142855,260.0,-1.5642857142857147
2019-12-11,2.6142857142857143,-6.014285714285714,1.95,4.178571428571429,260.7142857142857,9.428571428571429,48.57142857142857,11.285714285714286,12.685714285714287,259.2857142857143,-1.421428571428572
2019-12-12,1.5857142857142856,-6.450000000000001,1.3214285714285714,4.464285714285714,272.85714285714283,9.557142857142859,48.57142857142857,12.0,12.978571428571428,270.0,-1.8928571428571435
2019-12-13,0.5857142857142856,-6.764285714285715,0.692857142857143,4.321428571428572,267.85714285714283,9.457142857142857,46.42857142857143,10.571428571428571,12.85,265.0,-2.342857142857144
2019-12-14,0.6214285714285713,-6.564285714285715,1.0785714285714285,4.292857142857144,257.85714285714283,9.678571428571429,44.285714285714285,10.571428571428571,13.200000000000001,255.0,-2.221428571428572
2019-12-15,1.0785714285714285,-5.778571428571429,2.064285714285714,4.171428571428572,246.42857142857142,9.807142857142855,42.142857142857146,9.642857142857142,13.457142857142857,245.71428571428572,-1.478571428571429
2019-12-16,0.9714285714285715,-5.342857142857143,2.6142857142857143,4.5357142857142865,256.42857142857144,10.064285714285713,40.0,8.785714285714286,13.87142857142857,255.71428571428572,-0.6571428571428578
2019-12-17,0.9714285714285715,-5.621428571428573,2.5357142857142856,4.45,253.57142857142858,10.185714285714285,36.42857142857143,8.785714285714286,13.714285714285714,252.14285714285714,-0.8500000000000005
2019-12-18,1.3,-5.621428571428572,2.342857142857143,4.228571428571429,250.71428571428572,9.735714285714284,38.57142857142857,14.071428571428571,13.171428571428573,250.0,-0.9571428571428576
2019-12-19,1.3714285714285714,-6.021428571428572,2.15,4.364285714285715,261.42857142857144,10.085714285714287,40.714285714285715,16.071428571428573,13.678571428571429,257.85714285714283,-0.978571428571429
2019-12-20,1.2428571428571427,-7.0928571428571425,1.2785714285714285,4.457142857142857,262.85714285714283,10.085714285714285,40.714285714285715,13.142857142857142,13.614285714285714,260.0,-1.9857142857142862
2019-12-21,1.0642857142857143,-7.964285714285715,0.7285714285714285,4.378571428571429,240.0,9.928571428571429,40.714285714285715,9.857142857142858,13.3,237.85714285714286,-2.728571428571429
2019-12-22,1.0642857142857143,-8.242857142857144,0.7285714285714285,4.385714285714286,231.42857142857142,10.057142857142855,39.285714285714285,9.5,13.585714285714285,228.57142857142858,-3.2714285714285722
2019-12-23,1.0642857142857143,-7.571428571428571,0.807142857142857,4.221428571428572,231.42857142857142,9.700000000000001,37.857142857142854,9.5,13.107142857142858,230.71428571428572,-2.821428571428572
2019-12-24,0.9714285714285713,-8.200000000000001,0.807142857142857,4.028571428571429,241.42857142857142,9.507142857142858,37.857142857142854,9.5,12.785714285714286,240.0,-3.0571428571428574
2019-12-25,0.9714285714285713,-8.4,0.24999999999999994,3.878571428571429,254.28571428571428,9.47857142857143,37.857142857142854,9.285714285714286,12.721428571428572,251.42857142857142,-3.6142857142857143
2019-12-26,0.9500000000000001,-8.285714285714286,0.48571428571428565,3.6214285714285714,239.28571428571428,9.035714285714286,37.857142857142854,8.571428571428571,12.014285714285714,238.57142857142858,-3.592857142857143
2019-12-27,0.9500000000000001,-8.32857142857143,0.9571428571428571,3.5000000000000004,231.42857142857142,8.971428571428572,37.857142857142854,8.571428571428571,11.95,230.71428571428572,-3.5571428571428574
2019-12-28,1.0571428571428572,-7.942857142857144,1.157142857142857,3.6071428571428577,230.71428571428572,8.907142857142857,37.857142857142854,8.571428571428571,12.014285714285714,230.0,-3.2285714285714286
2019-12-29,0.5999999999999999,-8.414285714285715,0.9999999999999999,3.6142857142857148,238.57142857142858,8.685714285714285,37.857142857142854,8.571428571428571,11.664285714285713,236.42857142857142,-3.2285714285714286
2019-12-30,0.7214285714285714,-8.414285714285715,0.7642857142857142,3.2428571428571433,242.14285714285714,8.05,37.857142857142854,8.357142857142858,10.871428571428572,240.0,-3.6142857142857148
2019-12-31,1.6285714285714283,-7.864285714285715,1.0714285714285714,3.3142857142857145,231.42857142857142,8.178571428571429,40.0,10.357142857142858,11.221428571428572,229.28571428571428,-3.2071428571428577
2020-01-01,1.4285714285714284,-7.314285714285715,1.4214285714285713,3.45,221.42857142857142,8.278571428571428,36.42857142857143,6.5,11.385714285714284,221.42857142857142,-2.7785714285714294
2020-01-02,1.3785714285714286,-6.328571428571429,1.6500000000000001,3.385714285714286,217.85714285714286,8.15,34.285714285714285,4.5,11.228571428571428,219.28571428571428,-2.478571428571429
2020-01-03,1.3785714285714283,-5.142857142857143,2.7142857142857144,3.3500000000000005,209.28571428571428,8.05,32.142857142857146,4.5,11.12857142857143,210.0,-1.4428571428571433
2020-01-04,1.3785714285714283,-3.6857142857142864,3.857142857142857,3.4285714285714293,221.42857142857142,8.207142857142857,28.571428571428573,4.5,11.414285714285713,222.14285714285714,-0.1500000000000005
2020-01-05,1.7428571428571427,-2.5714285714285716,4.4,3.4928571428571433,232.14285714285714,8.107142857142858,22.857142857142858,9.785714285714286,11.192857142857141,232.85714285714286,0.9142857142857138
2020-01-06,1.7428571428571427,-2.807142857142858,4.128571428571429,3.464285714285715,240.71428571428572,8.078571428571427,22.857142857142858,9.785714285714286,11.128571428571428,240.71428571428572,0.8571428571428567
2020-01-07,1.8499999999999999,-3.0500000000000003,3.5000000000000004,3.357142857142857,230.0,8.05,22.857142857142858,12.714285714285714,11.164285714285713,230.0,0.4499999999999994
2020-01-08,1.8714285714285712,-2.8500000000000005,3.3785714285714286,3.2428571428571433,224.28571428571428,7.828571428571429,28.571428571428573,13.285714285714286,10.935714285714285,222.85714285714286,0.30714285714285655
2020-01-09,1.9428571428571426,-3.164285714285715,3.257142857142857,3.5000000000000004,240.71428571428572,8.271428571428572,34.285714285714285,15.071428571428571,11.578571428571427,237.14285714285714,0.44999999999999946
2020-01-10,1.9428571428571426,-3.7142857142857153,2.507142857142857,3.571428571428572,250.71428571428572,8.335714285714285,40.0,15.071428571428571,11.578571428571427,237.85714285714286,-0.014285714285714743
2020-01-11,1.7999999999999996,-4.342857142857143,2.392857142857143,3.692857142857143,251.42857142857142,8.464285714285714,45.714285714285715,15.071428571428571,11.671428571428573,237.85714285714286,-0.4428571428571434
2020-01-12,2.9214285714285713,-3.9928571428571438,2.9857142857142853,4.021428571428571,242.85714285714286,9.007142857142858,45.714285714285715,15.071428571428571,12.5,229.28571428571428,-0.12857142857142914
2020-01-13,3.3785714285714286,-4.071428571428572,2.8642857142857143,4.235714285714286,221.42857142857142,9.485714285714286,45.714285714285715,14.571428571428571,13.042857142857143,207.85714285714286,-0.04285714285714336
2020-01-14,2.507142857142857,-4.507142857142858,2.6714285714285713,4.092857142857143,222.85714285714286,9.107142857142858,43.57142857142857,12.928571428571429,12.407142857142857,209.28571428571428,-0.40000000000000047
2020-01-15,2.3785714285714286,-4.857142857142857,2.6714285714285713,4.05,223.57142857142858,9.264285714285716,41.42857142857143,11.5,12.657142857142858,208.57142857142858,-0.728571428571429
2020-01-16,2.4499999999999997,-4.857142857142857,2.75,3.8714285714285723,217.85714285714286,9.228571428571428,37.857142857142854,11.357142857142858,12.557142857142859,203.57142857142858,-0.7000000000000005
2020-01-17,3.1,-5.450000000000001,2.478571428571428,3.8928571428571432,227.14285714285714,9.392857142857142,40.0,21.857142857142858,13.007142857142856,213.57142857142858,-0.7928571428571435
2020-01-18,3.1,-6.985714285714287,1.292857142857143,3.8500000000000005,237.85714285714286,9.678571428571429,48.57142857142857,21.857142857142858,13.514285714285714,223.57142857142858,-2.064285714285715
2020-01-19,3.1357142857142857,-8.214285714285715,0.507142857142857,3.878571428571429,225.0,9.614285714285716,57.857142857142854,20.571428571428573,13.450000000000001,212.14285714285714,-3.3214285714285725
2020-01-20,3.228571428571428,-8.371428571428572,0.46428571428571414,3.95,215.71428571428572,9.678571428571429,62.857142857142854,23.857142857142858,13.607142857142858,202.85714285714286,-3.650000000000001
2020-01-21,3.121428571428571,-8.842857142857143,-0.1285714285714287,3.9285714285714284,228.57142857142858,9.485714285714286,72.14285714285714,20.928571428571427,13.314285714285715,215.0,-4.042857142857144
2020-01-22,3.1,-10.071428571428571,-0.6785714285714287,3.892857142857143,222.85714285714286,9.385714285714286,77.14285714285714,20.357142857142858,13.092857142857142,211.42857142857142,-4.950000000000001
2020-01-23,3.0285714285714285,-9.835714285714287,-0.6785714285714287,3.8714285714285723,213.57142857142858,9.257142857142858,82.14285714285714,18.571428571428573,12.8,205.0,-5.17857142857143
2020-01-24,3.0285714285714285,-9.4,-0.08571428571428583,3.764285714285715,205.0,9.071428571428571,85.71428571428571,18.571428571428573,12.542857142857144,205.71428571428572,-4.5357142857142865
2020-01-25,3.0285714285714285,-9.47857142857143,-0.12857142857142861,3.1785714285714284,205.0,8.335714285714285,89.28571428571429,18.571428571428573,11.492857142857142,197.14285714285714,-4.564285714285715
2020-01-26,2.757142857142857,-9.907142857142857,-0.8,2.8714285714285723,202.14285714285714,7.921428571428572,98.57142857142857,18.928571428571427,10.821428571428571,192.85714285714286,-5.242857142857143
2020-01-27,2.2857142857142856,-9.392857142857142,-0.6,2.7928571428571436,214.28571428571428,7.6000000000000005,105.71428571428571,18.714285714285715,10.435714285714285,205.0,-5.114285714285715
2020-01-28,2.342857142857143,-8.921428571428573,-0.3642857142857144,2.8500000000000005,226.42857142857142,7.628571428571428,111.42857142857143,18.928571428571427,10.435714285714285,216.42857142857142,-4.65
2020-01-29,2.3642857142857143,-8.721428571428572,-0.5214285714285716,3.0000000000000004,236.42857142857142,7.628571428571429,117.14285714285714,19.142857142857142,10.342857142857142,226.42857142857142,-4.400000000000001
2020-01-30,2.2714285714285714,-9.55,-0.9071428571428573,3.185714285714286,248.57142857142858,7.507142857142857,122.85714285714286,18.928571428571427,10.185714285714285,236.42857142857142,-4.835714285714287
2020-01-31,1.6214285714285717,-9.864285714285714,-1.1428571428571428,2.8357142857142863,235.0,6.8999999999999995,122.85714285714286,8.428571428571429,9.128571428571428,217.14285714285714,-5.478571428571429
2020-02-01,1.6214285714285717,-9.392857142857142,-0.35714285714285715,2.8000000000000003,224.28571428571428,6.457142857142857,117.85714285714286,8.428571428571429,8.428571428571429,207.85714285714286,-4.964285714285715
2020-02-02,1.2214285714285715,-8.321428571428573,0.15714285714285708,2.7,235.71428571428572,6.328571428571429,114.28571428571429,4.428571428571429,8.235714285714286,217.85714285714286,-3.9928571428571438
2020-02-03,1.1285714285714286,-7.807142857142858,0.3142857142857142,2.4357142857142864,237.14285714285714,5.8500000000000005,109.28571428571429,1.1428571428571428,7.564285714285714,219.28571428571428,-3.6714285714285717
2020-02-04,1.1285714285714286,-6.7,1.1785714285714286,2.4142857142857146,225.71428571428572,5.821428571428571,102.14285714285714,1.1428571428571428,7.507142857142857,212.85714285714286,-2.8357142857142863
2020-02-05,1.1285714285714286,-5.507142857142858,1.8071428571428572,2.335714285714286,233.57142857142858,5.728571428571428,95.0,1.1428571428571428,7.442857142857142,221.42857142857142,-1.8428571428571434
2020-02-06,1.1285714285714286,-5.585714285714286,1.8071428571428572,2.235714285714286,243.57142857142858,5.728571428571429,87.85714285714286,1.3571428571428572,7.442857142857143,230.71428571428572,-1.7142857142857149
2020-02-07,1.8571428571428572,-5.507142857142858,1.4142857142857144,2.2142857142857144,253.57142857142858,5.728571428571429,87.85714285714286,7.5,7.4071428571428575,238.57142857142858,-2.0428571428571436
2020-02-08,3.4714285714285715,-5.621428571428572,0.8642857142857142,2.571428571428572,262.14285714285717,6.307142857142858,89.28571428571429,28.357142857142858,8.142857142857142,257.14285714285717,-2.264285714285715
2020-02-09,2.6214285714285714,-6.692857142857144,-0.12142857142857137,2.7071428571428577,275.0,6.528571428571428,109.28571428571429,28.0,8.335714285714285,270.7142857142857,-2.971428571428572
2020-02-10,2.457142857142857,-8.357142857142858,-0.5499999999999999,2.6714285714285717,275.7142857142857,6.5928571428571425,131.42857142857142,28.0,8.335714285714285,271.42857142857144,-4.1571428571428575
2020-02-11,2.4214285714285713,-8.585714285714285,-0.5499999999999999,2.8000000000000007,264.2857142857143,7.007142857142857,151.42857142857142,28.5,9.035714285714286,261.42857142857144,-4.264285714285715
2020-02-12,2.4928571428571433,-8.742857142857144,-0.39285714285714274,2.5785714285714287,261.42857142857144,6.9142857142857155,169.28571428571428,29.571428571428573,8.971428571428572,257.85714285714283,-4.278571428571429
2020-02-13,2.4928571428571433,-7.95,-0.0428571428571428,2.6714285714285717,249.28571428571428,7.035714285714286,185.0,29.571428571428573,9.128571428571428,247.85714285714286,-3.8714285714285714
2020-02-14,2.7642857142857147,-7.757142857142858,0.27142857142857146,2.9285714285714293,262.85714285714283,7.542857142857143,200.71428571428572,30.857142857142858,9.77142857142857,256.42857142857144,-3.157142857142858
2020-02-15,2.7642857142857147,-8.471428571428572,-0.6357142857142856,3.035714285714286,275.0,7.735714285714286,216.42857142857142,31.214285714285715,9.992857142857144,267.85714285714283,-3.7428571428571433
2020-02-16,2.7642857142857147,-9.9,-0.9857142857142855,3.278571428571429,265.7142857142857,8.278571428571428,232.14285714285714,31.214285714285715,10.792857142857143,258.57142857142856,-4.778571428571429
2020-02-17,2.7642857142857147,-9.935714285714285,-0.8285714285714284,3.6357142857142857,265.0,8.97857142857143,247.85714285714286,31.214285714285715,11.657142857142857,258.57142857142856,-4.7857142857142865
2020-02-18,2.785714285714286,-10.685714285714285,-1.0642857142857143,3.7285714285714286,271.42857142857144,9.071428571428571,262.14285714285717,31.214285714285715,11.778571428571428,260.7142857142857,-4.992857142857143
2020-02-19,2.985714285714286,-11.321428571428571,-0.9071428571428573,3.9928571428571433,262.14285714285717,9.450000000000001,278.57142857142856,32.857142857142854,12.22857142857143,253.57142857142858,-5.450000000000001
2020-02-20,2.985714285714286,-11.357142857142858,-0.7071428571428571,4.178571428571429,260.0,9.707142857142857,295.0,32.857142857142854,12.52142857142857,251.42857142857142,-5.271428571428572
2020-02-21,2.257142857142857,-11.992857142857144,-1.0214285714285714,4.242857142857143,261.42857142857144,9.671428571428573,305.7142857142857,26.714285714285715,12.492857142857144,230.71428571428572,-5.514285714285715
2020-02-22,0.6428571428571429,-12.828571428571431,-1.0214285714285711,4.135714285714286,252.85714285714286,9.507142857142856,315.0,5.857142857142857,12.264285714285714,220.71428571428572,-6.0357142857142865
2020-02-23,0.6428571428571429,-11.799999999999999,-0.15714285714285706,4.042857142857144,243.57142857142858,9.185714285714285,305.7142857142857,5.857142857142857,11.942857142857141,212.14285714285714,-5.428571428571429
2020-02-24,0.6428571428571429,-10.685714285714287,0.5071428571428572,4.071428571428572,243.57142857142858,9.185714285714285,296.42857142857144,5.857142857142857,12.071428571428571,213.57142857142858,-4.371428571428572
2020-02-25,0.5857142857142856,-10.299999999999999,1.0642857142857145,4.071428571428571,244.28571428571428,9.028571428571428,287.14285714285717,4.785714285714286,11.685714285714285,213.57142857142858,-3.9928571428571433
2020-02-26,0.5642857142857143,-9.914285714285715,1.1857142857142857,4.121428571428572,247.85714285714286,8.9,277.85714285714283,3.5,11.464285714285714,216.42857142857142,-3.735714285714286
2020-02-27,0.5857142857142856,-9.992857142857144,1.1071428571428572,3.942857142857143,257.85714285714283,8.678571428571429,267.14285714285717,3.857142857142857,11.114285714285714,227.14285714285714,-3.807142857142858
2020-02-28,1.3142857142857143,-9.435714285714285,1.3857142857142857,4.007142857142858,243.57142857142858,8.907142857142857,256.42857142857144,6.214285714285714,11.371428571428572,231.42857142857142,-3.7642857142857147
2020-02-29,1.3857142857142857,-8.242857142857142,2.142857142857143,4.107142857142858,233.57142857142858,9.0,247.85714285714286,6.571428571428571,11.728571428571428,222.14285714285714,-3.0071428571428576
2020-03-01,1.4214285714285713,-7.292857142857144,2.1785714285714284,3.985714285714286,240.71428571428572,8.585714285714285,239.28571428571428,7.642857142857143,11.25,230.0,-2.3642857142857143
2020-03-02,1.4428571428571428,-7.814285714285715,1.8285714285714287,3.6714285714285717,249.28571428571428,8.042857142857143,230.71428571428572,8.0,10.578571428571427,235.71428571428572,-2.7
2020-03-03,1.4214285714285713,-7.5,2.307142857142857,3.7642857142857147,240.71428571428572,8.264285714285714,223.57142857142858,8.357142857142858,11.028571428571427,227.85714285714286,-2.642857142857143
2020-03-04,1.4214285714285713,-6.514285714285714,2.8285714285714287,3.5785714285714287,242.14285714285714,8.07857142857143,216.42857142857142,6.714285714285714,10.735714285714284,226.42857142857142,-1.728571428571429
2020-03-05,1.4214285714285713,-5.728571428571429,3.107142857142857,3.507142857142857,240.0,7.921428571428571,205.71428571428572,6.5,10.764285714285716,224.28571428571428,-1.4000000000000001
2020-03-06,1.4214285714285713,-4.6571428571428575,4.0928571428571425,3.5428571428571436,238.57142857142858,7.957142857142857,191.42857142857142,6.5,10.792857142857144,245.0,-0.5071428571428575
2020-03-07,1.4214285714285713,-3.385714285714286,4.642857142857143,3.585714285714286,247.85714285714286,8.02142857142857,175.0,7.071428571428571,10.828571428571431,255.71428571428572,0.44285714285714245
2020-03-08,1.4214285714285713,-3.5000000000000004,4.4071428571428575,3.650000000000001,260.0,8.214285714285714,158.57142857142858,7.071428571428571,11.121428571428572,266.42857142857144,0.35714285714285676
2020-03-09,1.4214285714285713,-3.342857142857143,4.5285714285714285,3.6000000000000005,258.57142857142856,8.25,142.14285714285714,7.071428571428571,11.12142857142857,263.57142857142856,0.41428571428571387
2020-03-10,1.4214285714285713,-3.1428571428571432,5.078571428571428,3.5500000000000003,267.85714285714283,8.092857142857143,127.85714285714286,7.071428571428571,11.028571428571428,262.85714285714283,0.7999999999999995
2020-03-11,1.5642857142857143,-3.0214285714285722,5.792857142857144,3.7571428571428576,268.57142857142856,8.471428571428572,113.57142857142857,7.071428571428571,11.635714285714286,253.57142857142858,1.2499999999999996
2020-03-12,1.542857142857143,-3.1000000000000005,5.828571428571429,3.778571428571429,270.7142857142857,8.571428571428573,102.85714285714286,6.714285714285714,11.792857142857144,254.28571428571428,1.3357142857142854
2020-03-13,0.5428571428571428,-2.9428571428571435,6.1,3.628571428571429,275.0,8.185714285714285,92.14285714285714,3.0714285714285716,11.407142857142857,250.71428571428572,1.3642857142857139
2020-03-14,0.8499999999999999,-2.3142857142857145,7.007142857142857,3.7,278.57142857142856,8.407142857142857,79.28571428571429,2.357142857142857,11.657142857142858,252.14285714285714,2.0999999999999996
2020-03-15,0.8142857142857142,-1.564285714285715,7.9142857142857155,3.8857142857142857,277.14285714285717,8.985714285714286,66.42857142857143,1.2857142857142858,12.328571428571427,249.28571428571428,2.9499999999999997
2020-03-16,0.7928571428571427,-1.2428571428571435,8.142857142857142,4.05,278.57142857142856,9.242857142857144,53.57142857142857,0.9285714285714286,12.614285714285716,252.85714285714286,3.349999999999999
2020-03-17,0.7928571428571427,-1.3214285714285723,7.942857142857143,3.907142857142858,279.2857142857143,9.114285714285716,40.714285714285715,0.5714285714285714,12.357142857142858,252.85714285714286,3.2071428571428564
2020-03-18,0.5928571428571429,-1.364285714285715,7.585714285714286,4.271428571428571,278.57142857142856,9.528571428571428,27.857142857142858,0.5714285714285714,13.0,252.14285714285714,2.971428571428571
2020-03-19,0.5928571428571429,-1.6000000000000008,7.621428571428572,4.071428571428571,279.2857142857143,9.207142857142857,18.571428571428573,0.5714285714285714,12.457142857142856,246.42857142857142,2.907142857142857
2020-03-20,0.5928571428571429,-1.4500000000000008,7.8999999999999995,4.107142857142858,269.2857142857143,9.235714285714286,12.857142857142858,0.5714285714285714,12.521428571428572,237.85714285714286,3.0428571428571423
2020-03-21,0.85,-1.1000000000000008,8.892857142857142,4.314285714285715,259.2857142857143,9.428571428571429,9.285714285714286,0.0,13.064285714285713,227.85714285714286,3.6928571428571426
2020-03-22,0.85,-0.9428571428571436,9.007142857142858,4.428571428571429,256.42857142857144,9.585714285714285,5.714285714285714,0.0,13.192857142857141,226.42857142857142,3.9642857142857144
2020-03-23,0.85,-1.1428571428571437,8.45,4.4714285714285715,266.42857142857144,9.521428571428572,2.142857142857143,0.0,13.064285714285715,235.71428571428572,3.6428571428571423
2020-03-24,1.6642857142857144,-2.0071428571428576,7.421428571428572,4.45,255.71428571428572,9.771428571428572,0.0,10.0,13.321428571428571,235.0,2.7642857142857133
2020-03-25,1.45,-2.400000000000001,6.742857142857142,4.264285714285714,232.14285714285714,9.485714285714284,10.714285714285714,10.571428571428571,12.842857142857143,245.71428571428572,2.157142857142857
2020-03-26,1.45,-2.557142857142858,7.178571428571429,4.228571428571429,220.71428571428572,9.385714285714286,16.428571428571427,10.571428571428571,13.007142857142856,232.14285714285714,2.1714285714285713
2020-03-27,1.5214285714285716,-2.442857142857143,7.457142857142857,4.307142857142858,220.71428571428572,9.578571428571427,16.428571428571427,10.571428571428571,13.22857142857143,232.85714285714286,2.464285714285714
2020-03-28,1.1428571428571428,-2.7928571428571436,7.414285714285714,4.128571428571429,225.71428571428572,9.228571428571428,16.428571428571427,10.571428571428571,12.557142857142855,239.28571428571428,2.471428571428571
2020-03-29,1.1428571428571428,-3.1071428571428577,7.692857142857143,3.8285714285714287,220.0,8.714285714285714,16.428571428571427,10.571428571428571,11.885714285714286,234.28571428571428,2.414285714285714
2020-03-30,2.157142857142857,-2.3214285714285725,8.285714285714286,3.9214285714285717,206.42857142857142,9.0,16.428571428571427,10.571428571428571,12.428571428571429,220.71428571428572,3.099999999999999
2020-03-31,2.807142857142857,-1.4928571428571435,8.485714285714286,3.9785714285714286,207.14285714285714,8.878571428571428,16.428571428571427,10.571428571428571,12.207142857142856,221.42857142857142,3.6928571428571426
2020-04-01,2.8285714285714287,-1.6428571428571437,8.721428571428572,3.692857142857143,216.42857142857142,8.685714285714285,16.428571428571427,10.571428571428571,11.792857142857144,231.42857142857142,3.8285714285714283
2020-04-02,2.8285714285714287,-1.8357142857142865,8.764285714285714,3.828571428571429,219.28571428571428,9.007142857142856,16.428571428571427,10.571428571428571,12.114285714285716,241.42857142857142,3.7142857142857144
2020-04-03,3.3,-1.7571428571428578,8.442857142857145,4.007142857142857,230.71428571428572,9.164285714285715,16.428571428571427,10.571428571428571,12.307142857142859,252.85714285714286,3.6071428571428568
2020-04-04,3.3857142857142857,-1.6428571428571435,7.807142857142858,3.857142857142857,241.42857142857142,8.971428571428572,16.428571428571427,10.571428571428571,11.764285714285716,262.14285714285717,3.3214285714285716
2020-04-05,3.4214285714285713,-1.0571428571428576,8.6,3.5571428571428574,242.14285714285714,8.557142857142857,16.428571428571427,10.571428571428571,11.25,262.14285714285717,3.8285714285714283
2020-04-06,3.4428571428571426,-0.2714285714285719,9.471428571428573,3.4928571428571433,240.0,8.52142857142857,16.428571428571427,10.571428571428571,11.342857142857143,260.7142857142857,4.685714285714285
2020-04-07,2.6285714285714286,0.2785714285714281,10.221428571428572,3.4357142857142864,250.71428571428572,8.3,16.428571428571427,0.5714285714285714,11.049999999999999,271.42857142857144,5.357142857142857
2020-04-08,2.6285714285714286,0.4714285714285709,10.978571428571428,3.3928571428571432,275.7142857142857,8.335714285714285,5.714285714285714,0.0,11.142857142857142,271.42857142857144,5.928571428571429
2020-04-09,2.6285714285714286,1.021428571428571,11.221428571428573,3.378571428571429,284.2857142857143,8.4,0.0,0.0,10.921428571428573,283.57142857142856,6.314285714285714
2020-04-10,3.2642857142857147,1.2999999999999994,10.942857142857141,3.3571428571428577,291.42857142857144,8.364285714285716,0.0,0.0,11.02142857142857,289.2857142857143,6.3999999999999995
2020-04-11,3.5357142857142856,1.4928571428571422,10.464285714285714,3.4928571428571433,290.0,8.65,0.0,0.0,11.407142857142858,288.57142857142856,6.1499999999999995
2020-04-12,3.5357142857142856,1.8071428571428567,10.185714285714285,3.6928571428571435,297.85714285714283,8.842857142857143,0.0,0.0,11.664285714285715,297.14285714285717,6.107142857142857
2020-04-13,2.5214285714285714,1.6071428571428565,10.542857142857143,3.650000000000001,301.42857142857144,8.621428571428572,0.0,0.0,11.185714285714287,300.7142857142857,6.007142857142858
2020-04-14,2.3071428571428574,1.9999999999999996,11.257142857142858,3.8857142857142866,307.14285714285717,9.228571428571428,0.0,0.0,11.921428571428573,305.7142857142857,6.607142857142857
2020-04-15,2.2857142857142856,2.307142857142857,11.257142857142858,4.021428571428572,301.42857142857144,9.257142857142856,0.0,0.0,12.114285714285716,300.0,6.828571428571428
2020-04-16,2.2857142857142856,2.578571428571428,11.178571428571429,3.9928571428571433,298.57142857142856,9.157142857142857,0.0,0.0,12.178571428571429,295.7142857142857,6.978571428571428
2020-04-17,1.8357142857142856,2.349999999999999,11.221428571428573,3.821428571428572,294.2857142857143,9.128571428571428,0.0,0.21428571428571427,12.15,293.57142857142856,6.8999999999999995
2020-04-18,1.4928571428571427,1.9999999999999996,11.021428571428572,3.7,291.42857142857144,8.971428571428572,0.0,0.21428571428571427,12.049999999999999,290.0,6.6499999999999995
2020-04-19,1.457142857142857,1.6928571428571424,10.828571428571427,3.728571428571429,292.85714285714283,8.971428571428572,0.0,0.21428571428571427,12.049999999999999,289.2857142857143,6.421428571428572
2020-04-20,1.4357142857142857,1.385714285714285,10.950000000000001,3.978571428571429,295.7142857142857,9.292857142857143,0.0,0.21428571428571427,12.435714285714285,282.14285714285717,6.314285714285714
2020-04-21,1.4714285714285715,1.271428571428571,10.514285714285716,4.114285714285715,297.14285714285717,9.421428571428573,0.0,0.21428571428571427,12.6,283.57142857142856,6.085714285714286
2020-04-22,1.5642857142857145,1.078571428571428,10.200000000000001,4.342857142857143,285.0,9.735714285714286,0.0,0.21428571428571427,13.114285714285714,272.85714285714283,5.742857142857143
2020-04-23,1.5642857142857145,0.6499999999999995,9.678571428571429,4.6642857142857155,282.14285714285717,10.085714285714287,0.0,0.21428571428571427,13.778571428571427,270.7142857142857,5.314285714285715
2020-04-24,0.8571428571428571,0.2571428571428566,9.764285714285714,4.642857142857144,280.7142857142857,9.9,0.0,0.21428571428571427,13.421428571428573,270.0,5.078571428571428
2020-04-25,0.5857142857142856,0.02142857142857089,10.442857142857141,4.492857142857143,280.7142857142857,9.707142857142857,0.0,0.21428571428571427,13.099999999999998,270.0,5.207142857142856
2020-04-26,0.5857142857142856,0.378571428571428,11.0,4.292857142857144,282.14285714285717,9.485714285714286,0.0,0.21428571428571427,12.714285714285712,270.0,5.707142857142857
2020-04-27,1.1642857142857141,0.49999999999999944,11.042857142857144,4.1571428571428575,270.7142857142857,9.292857142857143,0.0,0.21428571428571427,12.52142857142857,258.57142857142856,5.878571428571428
2020-04-28,0.9857142857142858,0.22142857142857084,10.328571428571427,3.9928571428571433,277.14285714285717,8.871428571428572,0.0,0.21428571428571427,12.007142857142856,240.71428571428572,5.371428571428572
2020-04-29,0.9857142857142858,0.2642857142857137,10.607142857142858,3.8571428571428577,283.57142857142856,8.685714285714285,0.0,0.21428571428571427,11.685714285714285,245.71428571428572,5.35
2020-04-30,0.9857142857142858,0.2642857142857137,11.435714285714285,3.8785714285714294,273.57142857142856,8.814285714285715,0.0,0.21428571428571427,11.714285714285714,236.42857142857142,5.728571428571428
2020-05-01,1.0357142857142858,0.928571428571428,11.792857142857143,4.085714285714286,262.85714285714283,8.907142857142857,0.0,0.0,11.87142857142857,225.0,6.328571428571428
2020-05-02,1.2142857142857142,1.521428571428571,12.707142857142857,4.121428571428572,265.7142857142857,9.128571428571428,0.0,0.0,12.12857142857143,230.71428571428572,7.0857142857142845
2020-05-03,1.2142857142857142,1.7499999999999996,13.335714285714285,4.085714285714286,265.0,9.228571428571428,0.0,0.0,12.257142857142858,233.57142857142858,7.5928571428571425
2020-05-04,1.25,2.5785714285714283,14.007142857142856,4.000000000000001,255.71428571428572,9.164285714285713,0.0,0.0,12.1,234.28571428571428,8.292857142857143
2020-05-05,1.25,3.085714285714285,14.442857142857141,4.021428571428572,255.0,9.192857142857141,0.0,0.0,12.064285714285715,233.57142857142858,8.778571428571428
2020-05-06,1.157142857142857,3.478571428571428,14.521428571428572,4.014285714285714,265.0,9.164285714285715,0.0,0.0,11.87142857142857,243.57142857142858,8.985714285714286
2020-05-07,1.157142857142857,3.785714285714285,15.235714285714286,3.650000000000001,262.85714285714283,8.814285714285715,0.0,0.0,11.235714285714286,242.14285714285714,9.542857142857143
2020-05-08,1.2142857142857142,3.9785714285714278,15.707142857142857,3.6142857142857148,262.14285714285717,9.0,0.0,0.0,11.464285714285714,242.14285714285714,9.978571428571428
2020-05-09,1.3928571428571428,4.171428571428571,15.549999999999999,3.657142857142858,260.0,9.0,0.0,0.0,11.592857142857143,237.14285714285714,10.1
2020-05-10,1.5214285714285716,3.771428571428571,14.714285714285712,3.9357142857142864,257.14285714285717,9.37857142857143,0.0,0.21428571428571427,12.22857142857143,235.0,9.478571428571428
2020-05-11,0.942857142857143,3.807142857142857,14.478571428571428,4.042857142857144,272.85714285714283,9.471428571428572,0.0,0.21428571428571427,12.328571428571427,250.71428571428572,9.207142857142857
2020-05-12,1.85,3.692857142857142,14.757142857142856,3.914285714285715,270.7142857142857,9.314285714285715,0.0,0.21428571428571427,12.135714285714286,273.57142857142856,9.257142857142856
2020-05-13,1.85,3.535714285714285,14.52142857142857,4.057142857142858,270.0,9.471428571428572,0.0,0.21428571428571427,12.328571428571427,273.57142857142856,9.071428571428571
2020-05-14,1.85,3.5357142857142847,14.164285714285713,4.064285714285715,282.85714285714283,9.407142857142857,0.0,0.21428571428571427,12.299999999999999,286.42857142857144,8.885714285714286
2020-05-15,1.7785714285714287,2.985714285714285,14.799999999999999,3.7071428571428577,286.42857142857144,9.121428571428572,0.0,0.21428571428571427,11.857142857142858,290.0,8.892857142857142
2020-05-16,2.65,3.221428571428571,14.957142857142857,3.6714285714285717,285.7142857142857,9.535714285714286,0.0,0.21428571428571427,12.335714285714285,288.57142857142856,9.135714285714286
2020-05-17,2.65,3.8214285714285707,14.799999999999999,3.792857142857143,285.0,9.564285714285715,0.0,0.21428571428571427,12.335714285714285,286.42857142857144,9.242857142857144
2020-05-18,2.6142857142857143,3.778571428571428,14.528571428571427,3.6214285714285723,296.42857142857144,9.278571428571428,0.0,0.21428571428571427,12.014285714285714,296.42857142857144,9.121428571428572
2020-05-19,2.5785714285714287,4.1,15.007142857142858,3.5642857142857145,295.7142857142857,9.157142857142857,0.0,0.21428571428571427,11.921428571428573,295.7142857142857,9.392857142857142
2020-05-20,2.5785714285714287,4.178571428571428,15.799999999999999,3.4071428571428575,295.7142857142857,8.9,0.0,0.21428571428571427,11.6,295.0,9.914285714285713
2020-05-21,2.5785714285714287,4.614285714285714,16.478571428571428,3.4428571428571435,291.42857142857144,8.835714285714285,0.0,0.21428571428571427,11.471428571428572,288.57142857142856,10.464285714285714
2020-05-22,2.521428571428572,5.45,17.157142857142855,3.5142857142857147,286.42857142857144,8.678571428571429,0.0,0.21428571428571427,11.242857142857144,282.85714285714283,11.14285714285714
2020-05-23,2.3428571428571425,6.042857142857143,18.50714285714286,3.385714285714286,278.57142857142856,8.492857142857142,0.0,0.21428571428571427,10.928571428571429,276.42857142857144,12.107142857142858
2020-05-24,2.2142857142857144,6.914285714285713,20.014285714285712,3.235714285714286,282.14285714285717,8.364285714285716,0.0,0.0,10.549999999999999,281.42857142857144,13.4
2020-05-25,2.2142857142857144,7.3928571428571415,21.08571428571429,3.2285714285714286,277.85714285714283,8.307142857142857,0.0,0.0,10.55,277.14285714285717,14.357142857142858
2020-05-26,1.05,8.307142857142857,22.11428571428571,3.4571428571428577,267.14285714285717,8.528571428571428,0.0,0.0,10.971428571428572,265.7142857142857,15.314285714285713
2020-05-27,1.05,9.535714285714286,23.735714285714288,3.3357142857142863,257.14285714285717,8.335714285714285,0.0,0.0,10.714285714285714,257.14285714285717,16.7
2020-05-28,1.05,11.078571428571427,25.207142857142856,3.385714285714286,247.85714285714286,8.214285714285714,0.0,0.0,10.614285714285714,247.14285714285714,18.164285714285715
2020-05-29,1.05,12.62142857142857,25.921428571428574,3.714285714285715,247.85714285714286,8.535714285714285,0.0,0.0,11.057142857142859,247.14285714285714,19.228571428571428
2020-05-30,1.7785714285714285,13.214285714285712,26.521428571428572,3.8642857142857148,244.28571428571428,8.157142857142857,0.0,0.0,10.678571428571429,245.0,19.835714285714285
2020-05-31,1.8857142857142857,13.292857142857141,26.957142857142856,3.9428571428571435,243.57142857142858,8.378571428571428,0.0,0.0,11.028571428571428,244.28571428571428,20.29285714285714
2020-06-01,1.907142857142857,13.092857142857142,26.357142857142858,4.164285714285715,242.14285714285714,8.72857142857143,0.0,0.0,11.35,242.85714285714286,20.042857142857144
2020-06-02,1.9285714285714286,12.614285714285714,26.0,4.0357142857142865,242.14285714285714,8.728571428571428,0.0,0.0,11.314285714285715,242.85714285714286,19.635714285714283
2020-06-03,1.9285714285714286,12.735714285714284,25.757142857142856,4.028571428571429,232.14285714285714,8.7,0.0,0.0,11.25,234.28571428571428,19.428571428571427
2020-06-04,2.0,13.135714285714284,25.24285714285714,3.9785714285714286,242.85714285714286,8.571428571428571,0.0,0.0,11.157142857142858,245.71428571428572,19.32857142857143
2020-06-05,2.0214285714285714,12.978571428571428,25.400000000000002,3.8142857142857145,247.85714285714286,8.442857142857143,0.0,0.0,11.0,247.14285714285714,19.307142857142853
2020-06-06,2.0214285714285714,13.457142857142857,25.514285714285712,3.835714285714286,248.57142857142858,8.507142857142858,0.0,0.0,11.092857142857143,248.57142857142858,19.535714285714285
2020-06-07,2.2785714285714285,13.578571428571427,25.714285714285715,3.807142857142858,249.28571428571428,8.864285714285714,0.0,0.0,11.792857142857144,247.14285714285714,19.74285714285714
2020-06-08,2.2785714285714285,13.7,25.357142857142858,3.7642857142857147,259.2857142857143,8.957142857142857,0.0,0.0,11.792857142857143,256.42857142857144,19.557142857142857
2020-06-09,2.2785714285714285,13.257142857142856,25.12142857142857,3.535714285714286,272.14285714285717,8.707142857142857,0.0,0.0,11.342857142857143,267.85714285714283,19.314285714285713
2020-06-10,2.371428571428571,12.857142857142856,24.292857142857144,3.385714285714286,260.0,8.421428571428573,0.0,0.0,11.021428571428572,267.85714285714283,18.728571428571428
2020-06-11,2.371428571428571,12.185714285714285,23.735714285714288,3.321428571428572,257.85714285714283,8.478571428571428,0.0,0.0,11.085714285714287,265.7142857142857,18.142857142857142
2020-06-12,2.5714285714285716,11.671428571428569,23.65,3.235714285714286,257.14285714285717,8.442857142857143,0.0,0.0,11.12142857142857,265.7142857142857,18.014285714285712
2020-06-13,0.7928571428571428,11.157142857142857,23.32857142857143,3.150000000000001,258.57142857142856,8.407142857142857,0.0,0.0,11.021428571428572,265.7142857142857,17.62142857142857
2020-06-14,0.7071428571428572,10.878571428571428,22.657142857142855,3.021428571428572,259.2857142857143,8.221428571428572,0.0,0.0,10.735714285714286,266.42857142857144,17.107142857142858
2020-06-15,0.6857142857142857,11.078571428571427,23.17142857142857,2.764285714285715,257.85714285714283,7.771428571428571,0.0,0.0,10.285714285714286,266.42857142857144,17.27857142857143
2020-06-16,0.6642857142857144,11.435714285714285,23.728571428571428,2.7500000000000004,260.0,7.578571428571428,0.0,0.0,10.064285714285713,265.7142857142857,17.764285714285712
2020-06-17,0.6642857142857144,11.707142857142857,24.364285714285717,2.6714285714285717,267.85714285714283,7.514285714285714,0.0,0.0,10.0,270.0,18.285714285714285
2020-06-18,0.5928571428571429,11.707142857142856,25.392857142857142,2.6785714285714284,256.42857142857144,7.614285714285714,0.0,0.0,10.092857142857142,257.85714285714283,18.814285714285713
2020-06-19,0.5714285714285714,11.978571428571428,25.707142857142856,2.7642857142857147,251.42857142857142,7.614285714285714,0.0,0.0,10.092857142857143,256.42857142857144,19.2
2020-06-20,0.5714285714285714,12.37857142857143,25.75,2.792857142857143,252.14285714285714,7.578571428571428,0.0,0.0,10.092857142857142,257.14285714285717,19.428571428571427
2020-06-21,0.3142857142857142,12.735714285714284,26.142857142857142,2.6571428571428575,236.42857142857142,7.0,0.0,0.0,9.171428571428573,242.85714285714286,19.7
2020-06-22,0.3142857142857142,13.328571428571427,27.049999999999994,2.528571428571429,231.42857142857142,6.742857142857142,0.0,0.0,8.95,231.42857142857142,20.507142857142856
2020-06-23,0.3142857142857142,14.085714285714285,27.964285714285715,2.5000000000000004,228.57142857142858,6.807142857142858,0.0,0.0,9.042857142857143,230.0,21.27857142857143
2020-06-24,0.2214285714285714,14.721428571428572,28.957142857142856,2.7571428571428576,241.42857142857142,7.25,0.0,0.0,9.621428571428572,230.71428571428572,22.1
2020-06-25,0.8214285714285714,15.114285714285714,29.035714285714285,2.771428571428572,242.14285714285714,7.25,0.0,0.0,9.592857142857143,231.42857142857142,22.528571428571432
2020-06-26,0.6214285714285713,15.114285714285714,28.957142857142856,2.6857142857142864,242.85714285714286,7.1571428571428575,0.0,0.0,9.4,230.0,22.37142857142857
2020-06-27,0.6214285714285713,15.514285714285714,29.192857142857143,2.5642857142857145,247.14285714285714,6.971428571428571,0.0,0.0,9.142857142857142,234.28571428571428,22.614285714285717
2020-06-28,0.6214285714285716,16.307142857142857,30.185714285714287,2.7071428571428577,236.42857142857142,7.028571428571429,0.0,0.0,9.335714285714285,225.0,23.36428571428571
2020-06-29,0.6785714285714286,16.942857142857143,30.70714285714286,2.8071428571428574,227.14285714285714,7.257142857142858,0.0,0.0,9.592857142857143,215.71428571428572,23.95
2020-06-30,1.207142857142857,17.614285714285714,30.55,2.942857142857143,226.42857142857142,7.285714285714286,0.0,0.0,9.657142857142857,217.14285714285714,24.20714285714286
2020-07-01,2.75,18.25,30.435714285714283,3.1000000000000005,228.57142857142858,7.6,0.0,0.0,10.071428571428571,223.57142857142858,24.35
2020-07-02,3.1142857142857143,18.607142857142858,30.2,3.150000000000001,239.28571428571428,7.6642857142857155,0.0,0.0,10.107142857142858,234.28571428571428,24.25714285714286
2020-07-03,3.1142857142857143,18.885714285714283,30.2,3.1142857142857148,250.0,7.792857142857144,0.0,0.0,10.299999999999999,245.71428571428572,24.27857142857143
2020-07-04,3.207142857142857,18.721428571428568,30.0,3.100000000000001,258.57142857142856,7.857142857142857,0.0,0.0,10.299999999999999,254.28571428571428,24.157142857142855
2020-07-05,3.207142857142857,18.678571428571427,29.728571428571428,3.1285714285714294,272.85714285714283,7.857142857142857,0.0,0.0,10.357142857142858,267.85714285714283,23.978571428571428
2020-07-06,3.207142857142857,18.442857142857143,29.457142857142856,3.1000000000000005,270.0,7.892857142857143,0.0,0.0,10.542857142857143,278.57142857142856,23.714285714285715
2020-07-07,3.207142857142857,18.12857142857143,29.1,3.0500000000000003,269.2857142857143,7.7,0.0,0.0,10.257142857142856,278.57142857142856,23.357142857142854
2020-07-08,3.2285714285714286,17.692857142857143,28.821428571428573,3.0571428571428574,269.2857142857143,7.635714285714286,0.0,0.0,10.221428571428572,277.14285714285717,23.078571428571426
2020-07-09,3.5142857142857147,17.892857142857142,29.02142857142857,3.0428571428571436,258.57142857142856,7.957142857142856,0.0,0.0,10.571428571428571,266.42857142857144,23.078571428571426
2020-07-10,3.5142857142857147,18.20714285714286,29.5,2.95,258.57142857142856,7.735714285714286,0.0,0.0,10.25,267.85714285714283,23.364285714285717
2020-07-11,3.5142857142857147,18.642857142857142,29.900000000000002,3.028571428571429,242.85714285714286,7.7,0.0,0.0,10.185714285714287,252.85714285714286,23.785714285714285
2020-07-12,3.9285714285714284,18.957142857142856,30.178571428571427,3.0357142857142856,243.57142857142858,7.828571428571428,0.0,0.0,10.314285714285715,251.42857142857142,24.05
2020-07-13,4.035714285714286,19.078571428571426,30.37142857142857,3.0428571428571436,253.57142857142858,7.857142857142857,0.0,0.0,10.407142857142858,261.42857142857144,24.307142857142857
2020-07-14,3.507142857142857,19.12142857142857,30.807142857142857,2.892857142857143,253.57142857142858,8.02142857142857,0.0,0.0,10.535714285714286,261.42857142857144,24.507142857142856
2020-07-15,1.9642857142857142,19.12142857142857,30.764285714285716,2.835714285714286,232.85714285714286,7.771428571428571,0.0,0.0,10.25,262.14285714285717,24.628571428571426
2020-07-16,1.5999999999999999,19.12142857142857,30.8,2.8142857142857145,230.0,7.607142857142856,0.0,0.0,10.12142857142857,260.0,24.678571428571427
2020-07-17,1.5999999999999999,19.12142857142857,30.364285714285717,3.021428571428572,217.85714285714286,7.8,0.0,0.0,10.314285714285715,248.57142857142858,24.57857142857143
2020-07-18,1.8142857142857143,18.964285714285715,30.321428571428573,3.185714285714286,207.85714285714286,8.085714285714285,0.0,0.0,10.792857142857144,239.28571428571428,24.342857142857138
2020-07-19,1.8142857142857143,19.04285714285714,30.557142857142857,3.2428571428571433,197.85714285714286,8.085714285714285,0.0,0.0,10.764285714285714,230.0,24.442857142857143
2020-07-20,1.9428571428571428,19.357142857142858,30.87142857142857,3.45,195.0,8.271428571428572,0.0,0.0,10.864285714285716,221.42857142857142,24.70714285714286
2020-07-21,1.9642857142857142,19.95,31.02857142857143,3.6142857142857143,192.85714285714286,8.464285714285714,0.0,0.0,11.12142857142857,220.0,25.07857142857143
2020-07-22,1.9428571428571428,20.071428571428573,30.785714285714285,3.457142857142857,205.0,8.307142857142857,0.0,0.0,10.864285714285714,230.71428571428572,25.114285714285717
2020-07-23,1.0571428571428572,19.792857142857144,30.550000000000004,3.3214285714285716,217.14285714285714,7.735714285714286,0.0,0.0,10.12857142857143,245.71428571428572,24.857142857142858
2020-07-24,1.7642857142857142,19.835714285714285,30.071428571428573,3.3214285714285716,228.57142857142858,7.8,0.0,0.0,10.221428571428572,257.14285714285717,24.714285714285715
2020-07-25,1.7642857142857142,19.400000000000002,29.671428571428574,3.1785714285714293,240.0,7.671428571428571,0.0,0.0,10.157142857142857,270.7142857142857,24.321428571428573
2020-07-26,1.3285714285714287,18.928571428571427,29.67142857142857,2.9285714285714284,243.57142857142858,7.228571428571428,0.0,0.0,9.514285714285716,275.7142857142857,24.142857142857142
2020-07-27,1.1642857142857144,18.807142857142857,29.95,2.964285714285715,237.85714285714286,7.164285714285714,0.0,0.0,9.421428571428573,267.85714285714283,24.157142857142855
2020-07-28,2.4,19.085714285714285,30.385714285714283,3.042857142857143,230.71428571428572,7.064285714285715,0.0,0.0,9.421428571428573,262.85714285714283,24.52142857142857
2020-07-29,2.4214285714285713,19.285714285714285,30.86428571428571,3.071428571428572,249.28571428571428,7.128571428571429,0.0,0.0,9.485714285714286,257.14285714285717,24.885714285714283
2020-07-30,2.492857142857143,19.321428571428573,30.985714285714288,3.1214285714285714,250.71428571428572,7.321428571428572,0.0,0.0,9.8,257.85714285714283,25.085714285714285
2020-07-31,2.492857142857143,19.36428571428571,31.142857142857142,2.9428571428571435,262.85714285714283,7.257142857142857,0.0,0.0,9.735714285714286,270.0,25.142857142857142
2020-08-01,2.185714285714286,19.285714285714285,31.142857142857142,2.721428571428572,250.71428571428572,6.8428571428571425,0.0,0.0,9.12857142857143,280.0,25.192857142857143
2020-08-02,2.185714285714286,19.092857142857138,30.942857142857143,2.65,260.0,6.685714285714285,0.0,0.0,8.935714285714287,268.57142857142856,25.057142857142857
2020-08-03,4.435714285714285,19.057142857142857,30.585714285714285,2.5785714285714287,265.7142857142857,6.785714285714286,0.0,0.0,9.12857142857143,274.2857142857143,24.857142857142858
2020-08-04,4.414285714285714,18.735714285714284,30.185714285714283,2.578571428571429,260.7142857142857,6.8428571428571425,0.0,0.0,9.35,269.2857142857143,24.664285714285715
2020-08-05,8.95,18.771428571428572,29.714285714285715,2.6714285714285717,258.57142857142856,7.292857142857143,0.0,0.0,9.957142857142857,268.57142857142856,24.349999999999998
2020-08-06,9.185714285714285,18.735714285714284,29.71428571428571,2.835714285714286,264.2857142857143,7.421428571428572,0.0,0.0,10.242857142857142,272.85714285714283,24.36428571428571
2020-08-07,8.478571428571428,18.22142857142857,29.63571428571429,2.821428571428572,260.0,7.321428571428571,0.0,0.0,10.150000000000002,267.85714285714283,24.12857142857143
2020-08-08,8.478571428571428,17.978571428571428,29.52142857142857,2.771428571428572,252.85714285714286,7.228571428571429,0.0,0.0,9.964285714285714,257.14285714285717,23.942857142857143
2020-08-09,8.478571428571428,17.935714285714287,29.442857142857143,2.771428571428572,261.42857142857144,7.1642857142857155,0.0,0.0,9.935714285714285,240.0,23.871428571428574
2020-08-10,8.478571428571428,17.935714285714287,29.16428571428571,2.6642857142857146,265.7142857142857,7.200000000000001,0.0,0.0,9.935714285714285,247.14285714285714,23.735714285714288
2020-08-11,7.535714285714286,17.735714285714288,29.042857142857144,2.6071428571428577,272.85714285714283,7.457142857142857,0.0,0.0,10.221428571428573,253.57142857142858,23.45
2020-08-12,9.6,17.77857142857143,29.07857142857143,2.7428571428571433,268.57142857142856,8.092857142857143,0.0,0.0,11.178571428571429,249.28571428571428,23.37857142857143
2020-08-13,9.528571428571428,17.857142857142858,29.157142857142855,2.6785714285714293,271.42857142857144,7.935714285714285,0.0,0.0,10.992857142857144,248.57142857142858,23.457142857142856
2020-08-14,9.528571428571428,17.735714285714284,29.242857142857144,2.5785714285714287,270.7142857142857,7.585714285714287,0.0,0.0,10.578571428571427,248.57142857142858,23.428571428571427
2020-08-15,9.528571428571428,17.77857142857143,29.207142857142856,2.6214285714285714,292.85714285714283,7.750000000000001,0.0,0.0,10.735714285714286,247.14285714285714,23.428571428571427
2020-08-16,9.528571428571428,17.614285714285714,29.12857142857143,2.6142857142857143,280.0,7.814285714285715,0.0,0.0,10.77142857142857,270.0,23.307142857142857
2020-08-17,7.1499999999999995,17.37142857142857,29.00714285714286,2.6,275.0,7.557142857142857,0.0,0.0,10.385714285714286,260.0,23.17142857142857
2020-08-18,7.242857142857142,17.178571428571427,28.807142857142857,2.485714285714286,274.2857142857143,7.371428571428573,0.0,0.0,10.007142857142856,257.85714285714283,22.849999999999998
2020-08-19,3.142857142857143,16.942857142857143,29.16428571428571,2.335714285714286,255.71428571428572,7.114285714285715,0.0,0.0,9.657142857142857,240.0,22.900000000000002
2020-08-20,2.942857142857143,16.7,28.88571428571429,2.1642857142857146,260.0,7.235714285714287,0.0,0.0,9.657142857142857,243.57142857142858,22.57857142857143
2020-08-21,2.942857142857143,16.54285714285714,28.728571428571428,2.085714285714286,252.85714285714286,7.142857142857144,0.0,0.0,9.528571428571428,236.42857142857142,22.364285714285717
2020-08-22,3.0,16.82142857142857,28.571428571428573,2.2,252.85714285714286,7.364285714285715,0.0,0.0,9.842857142857143,235.71428571428572,22.385714285714283
2020-08-23,3.0,16.864285714285714,28.32857142857143,2.2285714285714286,251.42857142857142,7.585714285714286,0.0,0.0,10.064285714285715,258.57142857142856,22.285714285714285
2020-08-24,3.142857142857143,16.585714285714285,28.414285714285715,2.2,242.85714285714286,7.392857142857143,0.0,0.0,9.807142857142855,249.28571428571428,22.071428571428573
2020-08-25,3.1785714285714284,16.585714285714285,28.214285714285715,2.235714285714286,234.28571428571428,7.328571428571428,0.0,0.0,9.807142857142859,239.28571428571428,22.028571428571432
2020-08-26,1.0928571428571427,16.228571428571428,27.857142857142858,2.3214285714285716,240.0,7.107142857142857,0.0,0.0,9.357142857142858,247.14285714285714,21.828571428571426
2020-08-27,1.0928571428571427,15.635714285714284,27.142857142857142,2.5642857142857145,239.28571428571428,7.521428571428572,0.0,0.0,9.735714285714286,250.0,21.22857142857143
2020-08-28,1.0928571428571427,15.042857142857143,26.307142857142853,2.578571428571429,229.28571428571428,7.585714285714286,0.0,0.0,9.799999999999999,237.85714285714286,20.564285714285713
2020-08-29,1.0928571428571427,14.964285714285712,26.02857142857143,2.5357142857142856,232.14285714285714,7.421428571428572,0.0,0.0,9.614285714285714,235.71428571428572,20.285714285714285
2020-08-30,2.4714285714285715,15.007142857142856,25.62857142857143,2.728571428571429,245.0,7.928571428571429,0.0,0.0,10.25,232.85714285714286,20.05
2020-08-31,2.471428571428571,14.89285714285714,25.157142857142855,2.878571428571429,255.0,8.214285714285714,0.0,0.0,10.6,245.71428571428572,19.778571428571432
2020-09-01,2.3785714285714286,14.535714285714286,25.07857142857143,2.8142857142857145,259.2857142857143,8.049999999999999,0.0,0.0,10.407142857142858,250.71428571428572,19.58571428571429
2020-09-02,1.9428571428571428,14.414285714285713,24.957142857142856,2.907142857142858,267.14285714285717,8.014285714285714,0.0,0.0,10.407142857142858,257.85714285714283,19.442857142857143
2020-09-03,2.0142857142857142,14.735714285714284,24.99285714285714,3.135714285714286,257.14285714285717,8.178571428571429,0.0,0.0,10.764285714285714,247.85714285714286,19.678571428571427
2020-09-04,2.0142857142857142,15.128571428571428,25.071428571428573,3.2071428571428577,256.42857142857144,8.37142857142857,0.0,0.0,11.05,247.14285714285714,19.964285714285715
2020-09-05,1.957142857142857,14.935714285714285,25.071428571428573,3.2642857142857147,265.7142857142857,8.342857142857143,0.0,0.0,11.049999999999999,247.85714285714286,19.935714285714283
2020-09-06,1.957142857142857,14.614285714285714,24.87142857142857,3.3571428571428577,265.7142857142857,8.535714285714286,0.0,0.0,11.242857142857142,247.85714285714286,19.714285714285715
2020-09-07,1.8142857142857143,14.299999999999999,24.35,3.3714285714285714,274.2857142857143,8.628571428571428,0.0,0.0,11.371428571428572,255.0,19.45
2020-09-08,1.4857142857142855,13.742857142857142,24.157142857142855,3.685714285714286,271.42857142857144,8.950000000000001,0.0,0.0,11.785714285714286,254.28571428571428,19.16428571428571
2020-09-09,1.4857142857142855,13.778571428571428,24.078571428571426,3.485714285714286,273.57142857142856,8.471428571428572,0.0,0.0,11.214285714285714,244.28571428571428,19.064285714285713
2020-09-10,1.4857142857142855,14.057142857142859,24.435714285714287,3.335714285714286,272.14285714285717,8.214285714285714,0.0,0.0,10.9,243.57142857142858,19.25
2020-09-11,1.507142857142857,14.335714285714285,25.107142857142858,3.5000000000000004,259.2857142857143,8.464285714285714,0.0,0.0,11.249999999999998,244.28571428571428,19.642857142857142
2020-09-12,1.5071428571428573,13.814285714285715,24.592857142857145,3.592857142857143,257.14285714285717,8.528571428571428,0.0,0.0,11.37142857142857,247.85714285714286,19.292857142857144
2020-09-13,0.1285714285714283,13.178571428571429,24.478571428571428,3.464285714285715,249.28571428571428,8.178571428571429,0.0,0.0,10.985714285714286,239.28571428571428,18.892857142857142
2020-09-14,0.39999999999999974,13.092857142857142,24.592857142857145,3.571428571428572,238.57142857142858,8.342857142857143,0.0,0.0,11.178571428571429,230.71428571428572,18.814285714285717
2020-09-15,0.39999999999999974,12.85,24.357142857142858,3.792857142857143,242.85714285714286,8.792857142857143,0.0,0.0,11.685714285714285,235.0,18.75714285714286
2020-09-16,0.39999999999999974,12.214285714285712,23.8,3.6714285714285717,243.57142857142858,8.571428571428571,0.0,0.0,11.4,235.71428571428572,18.17142857142857
2020-09-17,0.2928571428571426,11.857142857142858,23.72142857142857,3.8500000000000005,243.57142857142858,8.7,0.0,0.0,11.521428571428572,236.42857142857142,17.835714285714285
2020-09-18,0.2928571428571426,11.421428571428569,23.24285714285714,3.8928571428571432,244.28571428571428,8.885714285714286,0.0,0.0,11.842857142857142,237.14285714285714,17.471428571428568
2020-09-19,0.2928571428571426,10.664285714285713,22.52857142857143,3.850000000000001,245.71428571428572,9.071428571428571,0.0,0.0,12.007142857142856,247.85714285714286,16.79285714285714
2020-09-20,0.2928571428571426,9.87142857142857,21.814285714285713,3.7571428571428576,222.14285714285714,8.878571428571428,0.0,0.0,11.878571428571428,247.14285714285714,16.05
2020-09-21,0.2928571428571426,9.235714285714286,21.264285714285712,3.7571428571428576,226.42857142857142,8.942857142857143,0.0,0.0,11.942857142857141,227.85714285714286,15.407142857142857
2020-09-22,0.2928571428571426,8.442857142857143,20.62857142857143,3.335714285714286,235.71428571428572,8.171428571428573,0.0,0.0,10.892857142857142,232.85714285714286,14.628571428571428
2020-09-23,0.2928571428571426,7.371428571428572,19.95714285714286,3.278571428571429,235.0,8.264285714285714,0.0,0.0,10.985714285714286,242.85714285714286,13.692857142857141
2020-09-24,0.2928571428571426,6.735714285714286,19.835714285714285,3.1714285714285717,235.71428571428572,8.171428571428573,0.0,0.0,10.857142857142858,243.57142857142858,13.27142857142857
2020-09-25,0.2714285714285712,6.578571428571428,19.642857142857142,3.078571428571429,247.85714285714286,8.05,0.0,0.0,10.72857142857143,241.42857142857142,13.135714285714284
2020-09-26,0.2714285714285712,6.699999999999998,20.0,2.907142857142858,247.85714285714286,7.892857142857143,0.0,0.0,10.442857142857145,240.0,13.257142857142856
2020-09-27,0.2714285714285712,7.021428571428571,20.357142857142858,3.0000000000000004,247.14285714285714,8.049999999999999,0.0,0.0,10.607142857142858,239.28571428571428,13.62142857142857
2020-09-28,0.0,7.421428571428572,20.6,2.942857142857143,247.14285714285714,7.857142857142857,0.0,0.0,10.385714285714286,240.0,13.971428571428572
2020-09-29,0.05714285714285689,8.299999999999999,20.95714285714286,2.9071428571428575,235.71428571428572,7.792857142857143,0.0,0.0,10.485714285714284,229.28571428571428,14.328571428571426
2020-09-30,1.0214285714285711,9.014285714285714,21.557142857142853,3.135714285714286,235.0,8.207142857142857,0.0,0.0,11.0,230.0,15.07142857142857
2020-10-01,3.764285714285714,9.014285714285714,21.278571428571432,2.8642857142857143,244.28571428571428,7.914285714285714,0.0,0.0,10.557142857142859,238.57142857142858,14.964285714285714
2020-10-02,3.764285714285714,9.057142857142855,21.364285714285717,2.9285714285714293,245.0,7.792857142857144,0.0,0.0,10.335714285714285,237.85714285714286,14.935714285714283
2020-10-03,4.778571428571428,9.257142857142856,21.242857142857144,2.792857142857143,241.42857142857142,7.671428571428572,0.0,0.0,10.171428571428573,235.0,14.921428571428573
2020-10-04,4.992857142857142,9.735714285714284,21.285714285714285,2.785714285714286,261.42857142857144,7.607142857142857,0.0,0.0,10.014285714285714,232.85714285714286,15.092857142857142
2020-10-05,4.992857142857142,10.092857142857143,21.364285714285717,2.821428571428572,247.85714285714286,7.642857142857143,0.0,0.0,10.042857142857143,245.71428571428572,15.264285714285714
2020-10-06,4.992857142857142,10.607142857142856,21.442857142857147,2.885714285714286,240.0,7.8357142857142845,0.0,0.0,10.264285714285714,243.57142857142858,15.528571428571427
2020-10-07,4.992857142857142,11.207142857142857,21.557142857142857,3.0714285714285716,229.28571428571428,8.028571428571428,0.0,0.0,10.557142857142855,234.28571428571428,15.907142857142857
2020-10-08,5.878571428571428,11.564285714285715,20.964285714285715,3.4071428571428575,230.71428571428572,8.442857142857141,0.0,0.0,11.285714285714286,232.85714285714286,16.0
2020-10-09,5.878571428571428,10.928571428571429,19.97142857142857,3.6000000000000005,240.0,8.692857142857143,0.0,0.0,11.571428571428571,243.57142857142858,15.428571428571427
2020-10-10,5.878571428571428,10.142857142857142,19.414285714285715,3.8000000000000003,229.28571428571428,9.042857142857143,0.0,0.0,12.114285714285714,234.28571428571428,14.785714285714286
2020-10-11,6.621428571428571,10.22142857142857,19.092857142857145,4.078571428571428,229.28571428571428,9.235714285714286,0.0,0.0,12.492857142857142,235.71428571428572,14.692857142857141
2020-10-12,6.621428571428571,8.95,18.214285714285715,3.9142857142857146,240.0,9.235714285714284,0.0,0.0,12.392857142857142,245.71428571428572,13.835714285714285
2020-10-13,6.564285714285715,7.478571428571428,17.62142857142857,3.842857142857143,237.85714285714286,9.107142857142858,0.0,0.0,12.135714285714286,244.28571428571428,12.778571428571427
2020-10-14,5.942857142857143,7.0857142857142845,16.62857142857143,3.7,236.42857142857142,8.728571428571428,0.0,0.0,11.62142857142857,241.42857142857142,11.985714285714286
2020-10-15,3.1999999999999993,6.607142857142857,16.628571428571426,3.5357142857142856,235.71428571428572,8.635714285714286,0.0,0.0,11.557142857142859,242.14285714285714,11.799999999999999
2020-10-16,3.2928571428571423,6.328571428571428,16.985714285714288,3.6857142857142864,235.0,9.078571428571427,0.0,0.0,12.192857142857145,243.57142857142858,11.7
2020-10-17,3.5857142857142854,6.364285714285714,16.907142857142855,3.6857142857142864,215.71428571428572,8.885714285714286,0.0,0.0,11.87857142857143,222.85714285714286,11.771428571428572
2020-10-18,3.371428571428571,6.007142857142857,16.82857142857143,3.7071428571428577,217.85714285714286,8.921428571428573,0.0,0.0,12.0,224.28571428571428,11.678571428571429
2020-10-19,3.371428571428571,5.685714285714285,16.75,3.900000000000001,219.28571428571428,9.207142857142857,0.0,0.0,12.542857142857143,225.0,11.542857142857141
2020-10-20,3.8428571428571425,5.964285714285714,16.428571428571427,4.128571428571429,218.57142857142858,9.62142857142857,0.0,0.0,13.150000000000002,220.71428571428572,11.6
2020-10-21,3.971428571428571,5.842857142857142,16.114285714285714,4.092857142857143,217.85714285714286,9.62142857142857,0.0,0.0,13.15,220.71428571428572,11.492857142857144
2020-10-22,3.4642857142857144,5.642857142857143,16.392857142857142,3.914285714285715,205.71428571428572,9.557142857142859,0.0,0.0,12.928571428571429,210.71428571428572,11.27142857142857
2020-10-23,3.4642857142857144,6.078571428571428,16.67142857142857,3.6214285714285714,207.85714285714286,9.014285714285714,0.0,0.0,12.164285714285713,193.57142857142858,11.485714285714284
2020-10-24,3.4642857142857144,6.985714285714285,17.342857142857145,3.821428571428572,208.57142857142858,9.142857142857142,0.0,0.0,12.392857142857142,193.57142857142858,12.228571428571428
2020-10-25,2.9357142857142855,6.585714285714286,16.985714285714288,3.778571428571429,207.85714285714286,9.142857142857142,0.0,0.0,12.457142857142859,191.42857142857142,12.049999999999999
2020-10-26,2.9357142857142855,6.507142857142857,16.47142857142857,3.7571428571428576,207.85714285714286,9.042857142857143,0.0,0.0,12.364285714285716,190.71428571428572,11.7
2020-10-27,3.0785714285714283,6.785714285714286,15.871428571428572,3.771428571428572,222.85714285714286,9.042857142857143,0.0,0.0,12.3,193.57142857142858,11.549999999999999
2020-10-28,2.7571428571428567,6.192857142857142,15.549999999999999,3.7928571428571436,236.42857142857142,9.071428571428571,0.0,0.0,12.3,207.85714285714286,11.214285714285714
2020-10-29,2.7571428571428567,5.878571428571428,14.957142857142857,3.900000000000001,227.85714285714286,9.071428571428571,0.0,0.0,12.299999999999999,197.85714285714286,10.671428571428569
2020-10-30,2.9214285714285713,5.521428571428571,13.721428571428572,3.65,240.0,8.564285714285715,0.0,0.0,11.5,184.28571428571428,10.057142857142859
2020-10-31,1.6142857142857137,4.621428571428572,13.042857142857143,3.828571428571429,262.85714285714283,8.692857142857141,0.0,0.0,11.75,207.14285714285714,9.27142857142857
2020-11-01,1.6142857142857137,3.9499999999999997,12.485714285714286,3.914285714285715,253.57142857142858,8.878571428571428,0.0,0.0,11.914285714285715,197.85714285714286,8.557142857142855
2020-11-02,1.8499999999999994,3.9928571428571424,12.164285714285715,4.078571428571428,253.57142857142858,9.071428571428571,0.0,0.0,12.107142857142858,197.14285714285714,8.335714285714285
2020-11-03,1.4714285714285709,3.085714285714285,11.535714285714286,4.2,262.14285714285717,9.235714285714286,0.0,2.0,12.364285714285714,205.0,7.614285714285714
2020-11-04,1.3999999999999997,2.335714285714285,10.664285714285715,4.250000000000001,272.85714285714283,9.392857142857142,2.142857142857143,2.357142857142857,12.521428571428572,215.0,6.707142857142856
2020-11-05,1.021428571428571,1.6714285714285708,10.185714285714285,4.457142857142857,273.57142857142856,9.421428571428573,2.142857142857143,2.357142857142857,12.621428571428572,216.42857142857142,6.114285714285714
2020-11-06,1.021428571428571,1.9499999999999993,10.457142857142857,4.871428571428572,262.14285714285717,10.0,2.142857142857143,2.357142857142857,13.485714285714286,224.28571428571428,6.242857142857141
2020-11-07,1.021428571428571,2.028571428571428,10.185714285714285,4.764285714285714,262.85714285714283,9.835714285714285,2.142857142857143,2.357142857142857,13.192857142857141,225.0,6.228571428571428
2020-11-08,0.8071428571428567,2.0714285714285707,10.428571428571429,4.414285714285715,263.57142857142856,9.457142857142857,2.142857142857143,2.357142857142857,12.557142857142855,227.14285714285714,6.25
2020-11-09,0.8071428571428567,2.428571428571428,11.5,4.271428571428571,253.57142857142858,9.299999999999999,2.142857142857143,2.357142857142857,12.364285714285714,217.85714285714286,6.807142857142856
2020-11-10,0.6642857142857138,2.428571428571428,12.457142857142857,4.2,242.14285714285714,9.207142857142857,2.142857142857143,2.357142857142857,12.299999999999999,217.14285714285714,7.257142857142855
2020-11-11,0.6428571428571423,2.978571428571428,13.528571428571427,4.314285714285715,230.71428571428572,9.364285714285714,2.142857142857143,2.357142857142857,12.52142857142857,205.0,8.042857142857143
2020-11-12,0.678571428571428,3.971428571428571,14.164285714285713,4.564285714285715,230.71428571428572,9.585714285714285,2.142857142857143,2.357142857142857,12.964285714285714,204.28571428571428,9.049999999999999
2020-11-13,0.4214285714285709,3.8142857142857136,14.685714285714285,4.614285714285715,205.71428571428572,9.707142857142857,2.142857142857143,2.357142857142857,13.12857142857143,226.42857142857142,9.349999999999998
2020-11-14,0.44285714285714234,3.971428571428571,14.85,4.514285714285714,192.14285714285714,9.707142857142856,2.142857142857143,2.357142857142857,13.099999999999998,213.57142857142858,9.414285714285715
2020-11-15,0.4428571428571423,4.2142857142857135,14.892857142857142,4.542857142857143,199.28571428571428,9.65,2.142857142857143,2.357142857142857,13.164285714285715,219.28571428571428,9.814285714285713
2020-11-16,1.0428571428571423,3.7071428571428564,14.657142857142858,4.271428571428571,197.85714285714286,9.2,2.142857142857143,2.357142857142857,12.557142857142859,216.42857142857142,9.507142857142856
2020-11-17,1.0928571428571423,3.942857142857142,14.814285714285713,4.171428571428572,193.57142857142858,9.007142857142856,2.142857142857143,0.35714285714285715,12.364285714285714,213.57142857142858,9.778571428571428
2020-11-18,1.0357142857142851,3.864285714285714,14.971428571428572,4.121428571428572,193.57142857142858,8.814285714285715,0.0,0.0,12.171428571428573,211.42857142857142,10.014285714285714
2020-11-19,1.0357142857142851,3.3857142857142852,13.828571428571427,4.007142857142858,202.85714285714286,8.75,0.0,0.21428571428571427,12.107142857142858,221.42857142857142,9.485714285714284
2020-11-20,1.0357142857142851,1.9999999999999996,12.999999999999998,4.078571428571429,203.57142857142858,8.942857142857141,0.0,0.21428571428571427,12.328571428571427,221.42857142857142,8.278571428571428
2020-11-21,1.0357142857142851,1.6428571428571423,12.478571428571428,4.2,202.85714285714286,9.264285714285716,0.0,0.21428571428571427,12.678571428571429,221.42857142857142,7.771428571428571
2020-11-22,1.0357142857142851,1.2857142857142851,11.799999999999999,4.328571428571429,211.42857142857142,9.421428571428573,0.0,0.21428571428571427,12.935714285714285,227.85714285714286,7.35
2020-11-23,1.0357142857142851,0.578571428571428,10.614285714285716,4.335714285714286,212.14285714285714,9.392857142857142,0.0,0.21428571428571427,12.87142857142857,227.85714285714286,6.478571428571428
2020-11-24,1.4357142857142853,0.42142857142857093,9.578571428571427,4.528571428571429,222.85714285714286,9.578571428571427,0.0,0.21428571428571427,13.192857142857141,237.14285714285714,5.978571428571428
2020-11-25,1.4357142857142853,-0.5642857142857148,8.15,4.542857142857143,232.85714285714286,9.678571428571429,0.0,0.21428571428571427,13.357142857142858,247.85714285714286,4.799999999999999
2020-11-26,1.5642857142857136,-1.9857142857142862,7.235714285714286,4.321428571428572,232.14285714285714,9.457142857142857,0.0,2.5714285714285716,12.942857142857145,247.85714285714286,3.3857142857142857
2020-11-27,2.021428571428571,-1.671428571428572,6.914285714285714,4.235714285714286,244.28571428571428,9.107142857142858,0.0,2.5714285714285716,13.076923076923077,242.30769230769232,3.1071428571428563
2020-11-28,1.9999999999999996,-1.1214285714285719,7.15,4.1571428571428575,234.28571428571428,8.914285714285715,0.0,2.5714285714285716,12.76923076923077,231.53846153846155,3.4999999999999996
2020-11-29,2.128571428571428,-0.771428571428572,7.185714285714285,4.0,233.57142857142858,8.814285714285715,0.0,2.5714285714285716,12.56153846153846,231.53846153846155,3.55
2020-11-30,1.2928571428571425,-0.46428571428571486,7.264285714285714,4.028571428571429,235.71428571428572,8.785714285714286,0.0,2.5714285714285716,12.461538461538462,234.6153846153846,3.778571428571428
2020-12-01,2.364285714285714,-0.7000000000000005,7.621428571428572,3.828571428571429,227.14285714285714,8.814285714285715,0.0,2.5714285714285716,12.36153846153846,224.6153846153846,3.614285714285714
2020-12-02,2.5071428571428567,-0.15000000000000055,8.614285714285716,3.8285714285714287,218.57142857142858,9.042857142857143,0.0,2.5714285714285716,12.776923076923076,216.92307692307693,4.2142857142857135
2020-12-03,2.5642857142857136,0.39999999999999947,9.164285714285713,3.878571428571429,209.28571428571428,9.014285714285714,0.0,2.7142857142857144,12.707692307692307,203.07692307692307,4.742857142857142
2020-12-04,2.5642857142857136,0.8357142857142853,9.121428571428572,3.6857142857142864,209.28571428571428,8.721428571428572,0.0,2.7142857142857144,12.192307692307692,203.84615384615384,5.057142857142857
2020-12-05,2.599999999999999,0.5928571428571424,8.685714285714285,3.4928571428571433,208.57142857142858,8.435714285714287,0.0,2.7142857142857144,11.923076923076923,203.84615384615384,4.742857142857142
2020-12-06,2.599999999999999,0.3999999999999995,8.128571428571428,3.6071428571428577,211.42857142857142,8.692857142857143,0.0,2.7142857142857144,12.23076923076923,209.23076923076923,4.371428571428571
2020-12-07,2.599999999999999,0.521428571428571,7.692857142857143,3.9571428571428577,220.0,9.042857142857143,0.0,2.7142857142857144,12.815384615384618,219.23076923076923,4.185714285714285
2020-12-08,2.1999999999999997,0.1285714285714281,7.028571428571429,3.900000000000001,218.57142857142858,8.92142857142857,0.0,2.7142857142857144,12.538461538461538,219.23076923076923,3.649999999999999
2020-12-09,2.2357142857142853,0.12857142857142811,6.642857142857143,3.8071428571428574,218.57142857142858,8.635714285714284,2.142857142857143,4.714285714285714,12.123076923076923,220.0,3.3785714285714277
2020-12-10,2.2714285714285714,0.08571428571428522,6.171428571428571,3.8357142857142863,219.28571428571428,8.635714285714286,2.142857142857143,5.642857142857143,12.092307692307692,220.0,3.2285714285714278
2020-12-11,1.8142857142857136,-0.30714285714285766,5.614285714285714,3.878571428571429,227.85714285714286,8.864285714285716,7.857142857142857,5.857142857142857,11.9,225.71428571428572,2.8785714285714286
2020-12-12,1.8142857142857136,-0.778571428571429,5.492857142857142,3.985714285714286,240.71428571428572,9.178571428571429,10.0,5.857142857142857,12.407142857142858,237.85714285714286,2.514285714285714
2020-12-13,1.7571428571428567,-0.821428571428572,5.535714285714286,4.0357142857142865,232.85714285714286,9.15,10.0,5.857142857142857,12.342857142857143,232.14285714285714,2.371428571428571
2020-12-14,1.7571428571428567,-0.821428571428572,5.692857142857143,4.078571428571429,235.0,9.307142857142859,10.0,5.857142857142857,12.535714285714286,233.57142857142858,2.6285714285714277
2020-12-15,0.5428571428571424,-0.8571428571428577,4.935714285714286,4.071428571428571,247.14285714285714,9.278571428571428,10.0,6.071428571428571,12.471428571428573,245.71428571428572,2.342857142857142
2020-12-16,0.39999999999999947,-2.078571428571429,3.5857142857142854,4.2214285714285715,253.57142857142858,9.307142857142859,10.0,6.071428571428571,12.407142857142857,252.85714285714286,1.1999999999999995
2020-12-17,0.34285714285714236,-3.1428571428571432,2.5642857142857145,3.9928571428571433,262.85714285714283,8.957142857142857,10.0,5.714285714285714,11.864285714285714,242.85714285714286,0.06428571428571368
2020-12-18,0.7785714285714279,-4.014285714285714,1.5,3.885714285714286,274.2857142857143,8.77142857142857,12.142857142857142,10.285714285714286,11.635714285714286,253.57142857142858,-0.7500000000000006
2020-12-19,0.7642857142857137,-5.471428571428572,0.5142857142857141,3.7571428571428576,287.14285714285717,8.485714285714286,17.857142857142858,10.285714285714286,11.157142857142858,265.7142857142857,-1.9500000000000006
2020-12-20,0.7642857142857137,-6.621428571428573,-0.028571428571428723,3.5,275.7142857142857,7.942857142857142,23.571428571428573,10.285714285714286,10.392857142857142,252.85714285714286,-3.0428571428571436
2020-12-21,0.8714285714285709,-6.742857142857143,0.08571428571428556,3.4285714285714284,265.7142857142857,7.814285714285715,27.142857142857142,11.714285714285714,10.235714285714284,243.57142857142858,-3.1071428571428577
2020-12-22,0.8714285714285709,-6.42857142857143,0.47142857142857125,3.3071428571428574,256.42857142857144,7.814285714285715,32.857142857142854,11.714285714285714,10.3,233.57142857142858,-2.778571428571429
2020-12-23,0.9071428571428566,-6.185714285714286,0.9785714285714284,3.3000000000000003,254.28571428571428,8.1,34.285714285714285,10.785714285714286,10.842857142857143,230.71428571428572,-2.3928571428571432
2020-12-24,0.7071428571428565,-6.264285714285715,1.0928571428571427,3.328571428571429,254.28571428571428,8.357142857142858,37.857142857142854,7.5,11.164285714285715,232.14285714285714,-2.3357142857142863
2020-12-25,0.978571428571428,-5.992857142857143,1.7714285714285711,3.6000000000000005,245.71428571428572,8.799999999999999,32.142857142857146,7.285714285714286,11.799999999999999,223.57142857142858,-2.0642857142857154
2020-12-26,1.7071428571428566,-5.685714285714286,2.564285714285714,3.9285714285714293,242.14285714285714,8.992857142857144,30.0,7.285714285714286,12.25,220.71428571428572,-1.2285714285714293
2020-12-27,1.7428571428571422,-6.0357142857142865,2.242857142857143,4.121428571428572,243.57142857142858,9.242857142857144,32.142857142857146,8.928571428571429,12.507142857142856,221.42857142857142,-1.371428571428572
2020-12-28,1.7428571428571422,-6.307142857142857,1.4928571428571427,3.985714285714286,239.28571428571428,9.05,34.285714285714285,8.928571428571429,12.278571428571428,217.85714285714286,-2.1071428571428577
2020-12-29,1.7428571428571422,-6.235714285714287,1.7357142857142858,4.285714285714286,230.0,9.049999999999999,34.285714285714285,8.714285714285714,12.435714285714285,210.0,-2.035714285714286
2020-12-30,1.7642857142857138,-6.035714285714286,1.8142857142857143,4.164285714285715,231.42857142857142,8.857142857142858,34.285714285714285,8.928571428571429,12.178571428571429,209.28571428571428,-1.8928571428571435
2020-12-31,1.7642857142857138,-5.721428571428571,2.635714285714286,4.414285714285715,222.14285714285714,9.528571428571428,34.285714285714285,8.928571428571429,13.200000000000001,220.71428571428572,-1.4214285714285722
2021-01-01,1.328571428571428,-5.042857142857144,3.5,4.464285714285714,210.71428571428572,9.907142857142857,32.142857142857146,4.357142857142857,13.842857142857143,208.57142857142858,-0.6000000000000006
2021-01-02,1.3428571428571423,-4.171428571428572,4.05,4.428571428571429,197.14285714285714,9.807142857142855,26.428571428571427,4.714285714285714,13.807142857142855,195.0,0.0999999999999993
2021-01-03,2.214285714285714,-3.1785714285714293,4.321428571428572,4.507142857142857,207.14285714285714,10.12142857142857,27.857142857142858,15.571428571428571,14.314285714285715,205.0,0.8357142857142851
2021-01-04,2.2357142857142853,-3.0571428571428574,4.242857142857143,4.271428571428571,204.28571428571428,9.835714285714287,35.0,15.928571428571429,13.864285714285716,200.71428571428572,0.8928571428571421
2021-01-05,2.2357142857142853,-3.1714285714285717,4.164285714285714,4.214285714285714,214.28571428571428,9.578571428571427,38.57142857142857,16.142857142857142,13.450000000000001,211.42857142857142,0.7642857142857136
2021-01-06,2.1642857142857137,-3.214285714285715,3.8857142857142857,4.221428571428572,217.85714285714286,9.257142857142856,44.285714285714285,15.071428571428571,12.814285714285715,214.28571428571428,0.5642857142857136
2021-01-07,2.1999999999999997,-3.135714285714286,3.6142857142857143,4.178571428571429,230.0,8.971428571428572,50.0,15.785714285714286,12.392857142857142,201.42857142857142,0.5357142857142849
2021-01-08,1.9285714285714282,-3.6857142857142864,2.585714285714286,4.014285714285714,217.85714285714286,8.528571428571428,59.285714285714285,15.785714285714286,11.721428571428572,214.28571428571428,-0.10000000000000075
2021-01-09,1.1999999999999995,-4.75,1.0071428571428571,3.728571428571429,232.85714285714286,8.214285714285714,66.42857142857143,15.785714285714286,11.014285714285714,228.57142857142858,-1.4785714285714293
2021-01-10,1.0928571428571423,-5.264285714285714,0.6214285714285716,3.635714285714286,220.0,8.092857142857143,71.42857142857143,14.142857142857142,10.914285714285715,216.42857142857142,-2.057142857142858
2021-01-11,1.0928571428571423,-5.700000000000001,0.4285714285714285,3.6142857142857148,232.14285714285714,8.064285714285713,76.42857142857143,14.142857142857142,10.857142857142858,229.28571428571428,-2.1928571428571435
2021-01-12,1.0928571428571423,-6.528571428571429,-0.04285714285714283,3.3142857142857145,233.57142857142858,7.714285714285714,83.57142857142857,14.714285714285714,10.157142857142857,230.71428571428572,-2.764285714285715
2021-01-13,1.071428571428571,-5.978571428571429,1.586032892321652e-17,3.092857142857144,225.71428571428572,7.335714285714286,90.71428571428571,14.5,9.614285714285714,223.57142857142858,-2.671428571428572
2021-01-14,1.071428571428571,-5.300000000000002,-0.07857142857142858,2.9428571428571435,225.71428571428572,6.821428571428571,97.85714285714286,14.5,8.814285714285715,223.57142857142858,-2.2714285714285722
2021-01-15,1.071428571428571,-4.992857142857143,-0.19285714285714287,2.757142857142857,225.71428571428572,6.3428571428571425,105.0,14.5,8.114285714285714,224.28571428571428,-2.3357142857142863
2021-01-16,1.0357142857142851,-5.114285714285715,0.0071428571428571175,2.7928571428571436,223.57142857142858,6.692857142857143,112.14285714285714,14.142857142857142,8.721428571428572,221.42857142857142,-2.264285714285715
2021-01-17,1.4499999999999995,-4.8428571428571425,0.24285714285714283,2.7142857142857144,222.14285714285714,6.442857142857143,112.14285714285714,9.071428571428571,8.342857142857143,210.71428571428572,-2.0428571428571436
2021-01-18,1.4999999999999996,-4.692857142857143,0.4428571428571428,2.828571428571429,231.42857142857142,6.635714285714286,115.71428571428571,9.071428571428571,8.692857142857143,220.0,-1.850000000000001
2021-01-19,1.7142857142857137,-5.207142857142857,0.28571428571428564,2.971428571428572,231.42857142857142,7.014285714285714,124.28571428571429,16.5,9.107142857142858,220.71428571428572,-2.000000000000001
2021-01-20,1.7357142857142853,-5.878571428571429,0.17142857142857135,2.842857142857143,220.0,6.985714285714287,131.42857142857142,16.714285714285715,9.107142857142858,209.28571428571428,-2.421428571428572
2021-01-21,1.8642857142857139,-6.671428571428572,0.17142857142857135,2.7642857142857147,217.14285714285714,7.014285714285714,138.57142857142858,20.714285714285715,9.171428571428573,230.71428571428572,-2.4928571428571433
2021-01-22,1.8999999999999997,-7.385714285714286,0.24999999999999994,2.8500000000000005,230.0,7.171428571428572,147.14285714285714,22.0,9.4,218.57142857142858,-2.914285714285715
2021-01-23,1.8999999999999997,-6.985714285714287,0.5999999999999999,2.8714285714285714,219.28571428571428,7.171428571428572,156.42857142857142,22.357142857142858,9.435714285714285,207.85714285714286,-2.5857142857142863
2021-01-24,1.971428571428571,-7.064285714285715,0.3214285714285713,3.0071428571428576,240.71428571428572,7.264285714285714,169.28571428571428,26.0,9.564285714285715,229.28571428571428,-2.6928571428571435
2021-01-25,1.971428571428571,-7.3,-6.344131569286608e-17,3.1142857142857148,239.28571428571428,7.450000000000001,182.14285714285714,26.0,9.785714285714286,228.57142857142858,-3.1714285714285717
2021-01-26,1.971428571428571,-7.692857142857143,-0.15714285714285722,2.985714285714286,235.71428571428572,7.1571428571428575,191.42857142857142,25.428571428571427,9.984615384615385,230.76923076923077,-3.4928571428571433
2021-01-27,2.0071428571428567,-8.12857142857143,-0.3142857142857144,2.964285714285715,230.0,7.1571428571428575,198.57142857142858,26.5,9.953846153846154,225.3846153846154,-3.8142857142857145
2021-01-28,2.0428571428571423,-8.32857142857143,-0.5428571428571429,2.8071428571428574,217.14285714285714,7.0,207.85714285714286,27.571428571428573,9.784615384615385,239.23076923076923,-4.028571428571429
2021-01-29,2.0428571428571423,-9.271428571428572,-1.0142857142857145,3.035714285714286,226.42857142857142,7.321428571428571,217.14285714285714,27.571428571428573,10.123076923076923,247.69230769230768,-4.492857142857143
2021-01-30,2.0428571428571423,-10.064285714285715,-2.1571428571428575,3.235714285714286,238.57142857142858,7.385714285714286,226.42857142857142,27.571428571428573,9.953846153846154,263.84615384615387,-5.42857142857143
2021-01-31,0.7571428571428566,-11.485714285714286,-3.2214285714285715,3.342857142857143,240.71428571428572,7.4142857142857155,235.71428571428572,22.5,9.984615384615385,276.9230769230769,-6.5
2021-02-01,0.5785714285714281,-13.028571428571428,-4.085714285714285,3.1428571428571432,244.28571428571428,7.121428571428573,237.85714285714286,20.714285714285715,9.46923076923077,280.7692307692308,-7.735714285714287
2021-02-02,0.36428571428571377,-13.942857142857145,-4.5928571428571425,2.9928571428571433,243.57142857142858,6.807142857142858,234.28571428571428,13.071428571428571,9.092307692307692,280.0,-8.664285714285715
2021-02-03,0.9071428571428566,-13.828571428571431,-4.628571428571428,3.307142857142858,255.71428571428572,7.1571428571428575,234.28571428571428,29.214285714285715,9.538461538461538,293.0769230769231,-8.664285714285715
2021-02-04,0.8499999999999994,-12.914285714285715,-4.55,3.5428571428571436,257.14285714285717,7.3500000000000005,243.57142857142858,27.214285714285715,9.853846153846153,294.61538461538464,-8.571428571428573
2021-02-05,0.8357142857142852,-12.435714285714287,-4.392857142857143,3.335714285714286,268.57142857142856,7.128571428571428,251.42857142857142,26.142857142857142,9.546153846153846,306.9230769230769,-7.9785714285714295
2021-02-06,1.1642857142857135,-12.714285714285717,-4.192857142857143,3.378571428571429,267.85714285714283,7.378571428571428,258.57142857142856,29.214285714285715,10.030769230769229,306.9230769230769,-8.107142857142858
2021-02-07,1.0928571428571423,-12.242857142857144,-3.7642857142857147,3.321428571428572,264.2857142857143,7.4071428571428575,262.14285714285717,25.571428571428573,10.138461538461538,300.7692307692308,-7.621428571428573
2021-02-08,1.1142857142857139,-12.12857142857143,-3.3642857142857143,3.3500000000000005,262.85714285714283,7.507142857142857,265.7142857142857,26.5,10.346153846153847,297.6923076923077,-7.192857142857143
2021-02-09,1.1142857142857139,-11.85,-3.4428571428571426,3.4857142857142867,276.42857142857144,7.985714285714286,270.7142857142857,26.5,10.37142857142857,299.2857142857143,-6.885714285714286
2021-02-10,1.2928571428571425,-12.207142857142857,-3.6785714285714284,3.4357142857142864,274.2857142857143,7.821428571428572,277.85714285714283,30.142857142857142,10.207142857142856,297.85714285714283,-7.157142857142858
2021-02-11,1.2785714285714282,-12.87857142857143,-3.8,3.478571428571429,297.85714285714283,8.014285714285714,287.14285714285717,29.642857142857142,10.392857142857142,295.0,-7.4142857142857155
2021-02-12,1.2785714285714282,-12.957142857142857,-3.9214285714285713,3.3642857142857143,299.2857142857143,7.950000000000001,294.2857142857143,29.642857142857142,10.328571428571431,297.85714285714283,-7.735714285714287
2021-02-13,1.2785714285714282,-13.114285714285714,-3.807142857142857,3.1785714285714293,302.85714285714283,7.571428571428571,301.42857142857144,29.642857142857142,9.942857142857141,274.2857142857143,-7.771428571428572
2021-02-14,1.2785714285714282,-13.200000000000001,-3.6857142857142855,3.071428571428572,303.57142857142856,7.378571428571428,308.57142857142856,28.928571428571427,9.721428571428572,275.0,-7.921428571428572
2021-02-15,1.2785714285714282,-12.564285714285715,-3.1357142857142857,3.071428571428572,303.57142857142856,7.414285714285714,315.7142857142857,28.928571428571427,9.721428571428573,275.0,-7.42857142857143
2021-02-16,1.3142857142857138,-11.971428571428572,-2.9785714285714286,3.0500000000000007,304.2857142857143,7.478571428571429,322.85714285714283,29.5,9.75,274.2857142857143,-6.9071428571428575
2021-02-17,1.8714285714285706,-11.85,-2.707142857142857,2.8714285714285714,300.0,7.571428571428571,335.7142857142857,20.785714285714285,9.971428571428572,270.0,-6.692857142857144
2021-02-18,1.7642857142857136,-12.485714285714286,-3.0214285714285714,2.6785714285714293,295.7142857142857,7.535714285714286,337.14285714285717,18.071428571428573,9.935714285714285,265.0,-7.1000000000000005
2021-02-19,1.7428571428571422,-12.764285714285714,-3.414285714285714,2.5785714285714287,294.2857142857143,7.371428571428572,338.57142857142856,17.857142857142858,9.707142857142857,262.85714285714283,-7.6571428571428575
2021-02-20,1.4499999999999993,-12.685714285714285,-3.7642857142857147,2.321428571428572,303.57142857142856,6.928571428571429,342.14285714285717,16.071428571428573,8.935714285714287,272.14285714285717,-7.878571428571429
2021-02-21,1.4499999999999993,-12.957142857142857,-3.957142857142857,2.271428571428572,310.0,6.807142857142858,347.85714285714283,16.071428571428573,8.707142857142857,278.57142857142856,-8.164285714285715
2021-02-22,1.4285714285714282,-12.914285714285715,-3.9214285714285713,2.135714285714286,311.42857142857144,6.485714285714286,351.42857142857144,15.142857142857142,8.257142857142858,281.42857142857144,-8.12857142857143
2021-02-23,1.5357142857142851,-12.835714285714287,-3.5714285714285716,2.3142857142857145,301.42857142857144,6.742857142857143,355.7142857142857,18.571428571428573,8.642857142857142,271.42857142857144,-7.971428571428573
2021-02-24,1.378571428571428,-11.928571428571429,-3.0214285714285714,2.5000000000000004,307.85714285714283,7.064285714285714,363.57142857142856,13.857142857142858,9.157142857142857,278.57142857142856,-7.2285714285714295
2021-02-25,1.378571428571428,-10.864285714285714,-2.2714285714285714,2.642857142857143,296.42857142857144,7.128571428571429,361.42857142857144,13.285714285714286,9.450000000000001,270.0,-6.492857142857143
2021-02-26,1.4499999999999993,-10.235714285714286,-1.442857142857143,2.8142857142857145,296.42857142857144,7.478571428571429,361.42857142857144,14.214285714285714,9.964285714285714,269.2857142857143,-5.721428571428573
2021-02-27,1.4499999999999993,-9.47857142857143,-0.6500000000000001,2.8142857142857145,294.2857142857143,7.735714285714286,359.2857142857143,14.214285714285714,10.185714285714287,291.42857142857144,-5.014285714285715
2021-02-28,1.5428571428571423,-8.364285714285716,0.4142857142857142,3.0428571428571436,282.85714285714283,8.407142857142857,357.14285714285717,14.214285714285714,11.207142857142857,280.7142857142857,-3.914285714285715
2021-03-01,1.5428571428571423,-7.571428571428572,1.007142857142857,3.1714285714285717,272.85714285714283,8.785714285714286,353.57142857142856,14.214285714285714,11.785714285714286,270.7142857142857,-3.014285714285715
2021-03-02,1.6142857142857137,-7.450000000000001,1.7571428571428573,3.6071428571428577,273.57142857142856,9.614285714285714,346.42857142857144,13.857142857142858,12.907142857142857,271.42857142857144,-2.1785714285714293
2021-03-03,0.4928571428571424,-7.928571428571429,1.207142857142857,3.785714285714286,274.2857142857143,9.907142857142857,331.42857142857144,6.214285714285714,13.450000000000001,273.57142857142856,-2.6428571428571432
2021-03-04,0.5642857142857138,-7.65,1.4857142857142858,3.7500000000000004,267.85714285714283,9.657142857142857,320.7142857142857,8.0,13.128571428571428,267.14285714285717,-2.414285714285715
2021-03-05,0.5857142857142852,-7.292857142857144,1.6428571428571428,4.078571428571429,267.85714285714283,10.071428571428571,307.85714285714283,8.0,13.707142857142856,270.0,-2.0500000000000007
2021-03-06,0.5499999999999995,-7.450000000000001,1.4071428571428573,4.450000000000001,268.57142857142856,10.485714285714284,295.0,6.357142857142857,14.414285714285715,271.42857142857144,-2.2428571428571433
2021-03-07,0.5499999999999995,-7.45,1.292857142857143,4.485714285714286,264.2857142857143,10.542857142857143,280.0,6.357142857142857,14.385714285714286,270.7142857142857,-2.400000000000001
2021-03-08,0.5499999999999995,-7.414285714285714,1.2142857142857142,4.4714285714285715,265.7142857142857,10.542857142857144,267.14285714285717,6.357142857142857,14.385714285714286,271.42857142857144,-2.535714285714286
2021-03-09,0.44285714285714234,-7.571428571428571,1.25,4.2285714285714295,265.7142857142857,10.164285714285715,255.71428571428572,2.9285714285714284,13.935714285714285,272.14285714285717,-2.7000000000000006
2021-03-10,0.38571428571428523,-7.8,1.3714285714285714,4.207142857142857,277.14285714285717,10.257142857142856,240.71428571428572,2.9285714285714284,13.87142857142857,282.14285714285717,-2.6357142857142866
2021-03-11,0.3642857142857138,-8.271428571428572,1.6857142857142857,4.2285714285714295,277.85714285714283,10.571428571428571,230.0,2.9285714285714284,14.12142857142857,280.7142857142857,-2.7500000000000004
2021-03-12,0.2928571428571423,-7.364285714285715,2.5214285714285714,4.385714285714286,267.14285714285717,10.442857142857145,212.14285714285714,2.0,14.021428571428572,270.0,-2.092857142857144
2021-03-13,0.3142857142857137,-6.892857142857144,3.4285714285714284,4.6571428571428575,266.42857142857144,11.014285714285714,190.71428571428572,2.357142857142857,14.792857142857143,269.2857142857143,-1.0214285714285722
2021-03-14,0.2214285714285709,-6.935714285714285,3.2285714285714286,4.578571428571429,275.7142857142857,10.885714285714286,169.28571428571428,2.357142857142857,14.6,278.57142857142856,-1.0928571428571436
2021-03-15,0.2214285714285709,-7.485714285714287,2.792857142857143,4.957142857142857,285.7142857142857,11.242857142857144,149.28571428571428,2.357142857142857,15.078571428571427,290.0,-1.4428571428571437
2021-03-16,0.11428571428571378,-7.642857142857143,1.9214285714285713,4.928571428571429,285.0,11.05,135.0,2.142857142857143,14.821428571428571,290.0,-2.407142857142858
2021-03-17,0.11428571428571378,-7.4,2.5857142857142854,4.678571428571429,275.7142857142857,10.37857142857143,120.71428571428571,2.142857142857143,13.735714285714286,280.7142857142857,-2.071428571428572
2021-03-18,0.04285714285714235,-7.1642857142857155,3.492857142857143,4.764285714285714,275.7142857142857,10.507142857142856,104.28571428571429,0.35714285714285715,13.864285714285716,280.7142857142857,-1.5285714285714291
2021-03-19,0.09285714285714235,-6.8428571428571425,4.085714285714285,4.721428571428572,253.57142857142858,10.635714285714286,90.0,0.35714285714285715,14.150000000000002,255.71428571428572,-0.8857142857142863
2021-03-20,0.09285714285714235,-6.642857142857144,4.357142857142857,4.664285714285714,254.28571428571428,10.664285714285715,75.71428571428571,0.35714285714285715,14.114285714285714,232.85714285714286,-0.5642857142857151
2021-03-21,0.09285714285714235,-6.485714285714286,5.614285714285714,4.492857142857143,247.14285714285714,10.507142857142856,61.42857142857143,0.35714285714285715,13.957142857142856,223.57142857142858,0.04285714285714207
2021-03-22,0.09285714285714235,-6.007142857142858,7.0,4.435714285714286,238.57142857142858,10.414285714285713,47.142857142857146,0.35714285714285715,13.864285714285714,212.85714285714286,0.9214285714285706
2021-03-23,0.09285714285714235,-5.135714285714286,8.35,4.500000000000001,238.57142857142858,10.414285714285715,32.857142857142854,0.35714285714285715,13.900000000000002,213.57142857142858,1.9999999999999993
2021-03-24,0.09285714285714235,-4.942857142857143,9.457142857142857,4.457142857142857,227.14285714285714,10.292857142857143,18.571428571428573,0.35714285714285715,13.771428571428572,201.42857142857142,2.6357142857142852
2021-03-25,0.11428571428571378,-4.192857142857144,9.735714285714286,4.478571428571429,227.14285714285714,10.1,5.714285714285714,0.35714285714285715,13.614285714285714,201.42857142857142,3.342857142857142
2021-03-26,0.11428571428571378,-3.8714285714285723,10.092857142857143,4.278571428571429,227.85714285714286,10.035714285714286,0.0,0.35714285714285715,13.428571428571429,202.85714285714286,3.735714285714285
2021-03-27,0.8357142857142853,-3.400000000000001,10.614285714285714,4.1571428571428575,218.57142857142858,9.685714285714285,0.0,0.0,13.078571428571427,194.28571428571428,3.9857142857142853
2021-03-28,0.8357142857142853,-2.964285714285715,11.085714285714287,4.114285714285715,217.14285714285714,9.4,0.0,0.0,12.564285714285715,192.14285714285714,4.4642857142857135
2021-03-29,1.2357142857142853,-2.2214285714285715,11.757142857142858,3.8071428571428574,212.85714285714286,9.142857142857142,0.0,0.0,12.307142857142859,185.71428571428572,4.9642857142857135
2021-03-30,1.2571428571428567,-1.3928571428571435,12.785714285714286,3.771428571428572,210.71428571428572,8.885714285714286,0.0,0.21428571428571427,12.435714285714285,183.57142857142858,6.014285714285713
2021-03-31,1.2571428571428567,-0.7571428571428577,13.821428571428571,4.064285714285715,210.71428571428572,9.364285714285714,0.0,0.21428571428571427,13.107142857142858,183.57142857142858,6.85
2021-04-01,1.635714285714285,-0.050000000000000454,14.214285714285714,4.3,210.71428571428572,9.778571428571428,0.0,0.21428571428571427,13.621428571428572,184.28571428571428,7.635714285714285
2021-04-02,2.021428571428571,-0.09285714285714329,14.135714285714286,4.357142857142858,232.85714285714286,9.778571428571428,0.0,1.5,13.428571428571429,206.42857142857142,7.492857142857142
2021-04-03,2.021428571428571,0.14285714285714235,14.292857142857143,4.364285714285715,230.71428571428572,9.685714285714285,0.0,1.5,13.271428571428572,230.0,7.578571428571428
2021-04-04,2.021428571428571,0.17857142857142808,14.057142857142859,4.328571428571429,236.42857142857142,9.528571428571428,0.0,1.5,13.107142857142858,235.71428571428572,7.628571428571428
2021-04-05,2.021428571428571,0.29999999999999943,13.657142857142857,4.457142857142857,246.42857142857142,9.842857142857143,0.0,1.5,13.485714285714286,247.85714285714286,7.499999999999999
2021-04-06,2.021428571428571,0.6857142857142852,13.178571428571429,4.721428571428572,256.42857142857144,10.349999999999998,0.0,1.5,13.992857142857142,258.57142857142856,7.514285714285713
2021-04-07,2.021428571428571,0.878571428571428,12.742857142857144,4.771428571428572,265.0,10.471428571428572,0.0,1.5,14.15,268.57142857142856,7.328571428571427
2021-04-08,1.9999999999999996,0.8357142857142852,12.9,4.678571428571429,274.2857142857143,10.442857142857141,0.0,1.5,13.892857142857142,278.57142857142856,7.2714285714285705
2021-04-09,1.9999999999999996,0.2785714285714281,12.9,4.4,282.14285714285717,10.028571428571428,0.0,1.5,13.378571428571428,286.42857142857144,7.057142857142856
2021-04-10,1.2571428571428567,0.5571428571428567,13.171428571428573,4.4,282.85714285714283,9.900000000000002,0.0,1.5,13.12142857142857,287.14285714285717,7.242857142857143
2021-04-11,1.2928571428571425,1.385714285714285,14.285714285714286,4.321428571428572,274.2857142857143,9.87142857142857,0.0,1.5,13.057142857142855,277.85714285714283,8.164285714285715
2021-04-12,0.8928571428571423,1.9428571428571424,15.157142857142857,4.278571428571429,278.57142857142856,9.585714285714285,0.0,1.5,12.542857142857143,282.85714285714283,8.842857142857142
2021-04-13,0.8714285714285709,2.728571428571428,15.950000000000001,3.9857142857142867,267.14285714285717,9.3,0.0,1.2857142857142858,11.742857142857144,271.42857142857144,9.514285714285714
2021-04-14,0.8714285714285709,3.314285714285714,16.064285714285713,3.7071428571428577,277.14285714285717,8.885714285714286,0.0,1.2857142857142858,11.135714285714286,280.7142857142857,10.02142857142857
2021-04-15,0.4928571428571424,3.6285714285714277,16.342857142857145,3.350000000000001,288.57142857142856,8.278571428571428,0.0,1.2857142857142858,10.335714285714285,291.42857142857144,10.099999999999998
2021-04-16,1.2499999999999996,4.257142857142857,16.857142857142854,3.2,272.85714285714283,7.964285714285715,0.0,0.0,10.014285714285714,276.42857142857144,10.657142857142857
2021-04-17,2.2499999999999996,4.728571428571429,17.135714285714286,3.0571428571428574,276.42857142857144,7.771428571428572,0.0,0.0,9.757142857142856,252.85714285714286,11.128571428571428
2021-04-18,2.2499999999999996,5.357142857142857,17.135714285714286,3.2,282.14285714285717,7.992857142857143,0.0,0.0,10.042857142857144,257.14285714285717,11.385714285714286
2021-04-19,2.2499999999999996,5.664285714285713,17.257142857142856,3.1214285714285723,274.2857142857143,7.678571428571429,0.0,0.0,9.628571428571428,250.0,11.585714285714285
2021-04-20,2.2499999999999996,5.742857142857142,17.535714285714285,2.8214285714285725,263.57142857142856,7.171428571428572,0.0,0.0,9.057142857142859,237.14285714285714,11.692857142857141
2021-04-21,2.2499999999999996,5.942857142857142,17.45714285714286,2.9357142857142864,254.28571428571428,7.235714285714286,0.0,0.0,9.25,226.42857142857142,11.821428571428571
2021-04-22,2.8999999999999995,5.514285714285713,16.70714285714286,3.0071428571428576,256.42857142857144,7.3,5.714285714285714,5.071428571428571,9.37857142857143,228.57142857142858,11.242857142857144
2021-04-23,2.921428571428571,5.085714285714286,15.392857142857142,3.3500000000000005,258.57142857142856,7.65,11.428571428571429,5.285714285714286,9.828571428571431,229.28571428571428,10.307142857142855
2021-04-24,2.921428571428571,4.685714285714285,14.721428571428572,3.3928571428571437,265.7142857142857,7.714285714285714,11.428571428571429,5.285714285714286,10.021428571428572,237.85714285714286,9.65
2021-04-25,2.8857142857142852,3.9357142857142855,14.442857142857141,3.400000000000001,275.0,7.778571428571429,11.428571428571429,5.285714285714286,10.12142857142857,247.85714285714286,9.157142857142857
2021-04-26,3.014285714285714,3.657142857142856,13.971428571428572,3.342857142857144,275.0,8.0,11.428571428571429,5.285714285714286,10.442857142857145,247.85714285714286,8.864285714285714
2021-04-27,3.014285714285714,2.9499999999999993,13.292857142857143,3.6000000000000005,288.57142857142856,8.47857142857143,11.428571428571429,5.285714285714286,10.985714285714284,261.42857142857144,8.214285714285714
2021-04-28,3.014285714285714,2.4785714285714278,13.135714285714284,3.5000000000000004,289.2857142857143,8.285714285714286,11.428571428571429,5.285714285714286,10.792857142857144,262.14285714285717,7.792857142857143
2021-04-29,3.9785714285714278,2.364285714285714,12.857142857142858,3.4928571428571433,287.14285714285717,8.35,11.428571428571429,5.285714285714286,10.828571428571427,257.14285714285717,7.578571428571427
2021-04-30,3.3785714285714277,2.678571428571428,12.971428571428573,3.321428571428572,302.14285714285717,8.121428571428572,11.428571428571429,5.285714285714286,10.450000000000001,272.14285714285717,7.578571428571428
2021-05-01,3.8999999999999995,2.792857142857142,13.442857142857141,3.400000000000001,300.0,8.471428571428572,11.428571428571429,5.285714285714286,10.900000000000002,294.2857142857143,8.064285714285713
2021-05-02,4.114285714285714,2.7928571428571423,13.564285714285713,3.3928571428571432,292.14285714285717,8.442857142857143,11.428571428571429,5.285714285714286,10.9,293.57142857142856,8.078571428571427
2021-05-03,4.114285714285714,3.0714285714285707,13.87857142857143,3.507142857142857,296.42857142857144,8.664285714285715,11.428571428571429,5.285714285714286,11.25,295.0,8.399999999999999
2021-05-04,4.114285714285714,3.235714285714285,13.407142857142857,3.521428571428572,306.42857142857144,8.535714285714286,11.428571428571429,5.285714285714286,11.028571428571428,305.0,8.35
2021-05-05,4.1499999999999995,3.3571428571428568,13.407142857142857,3.2785714285714294,307.14285714285717,8.221428571428572,11.428571428571429,5.285714285714286,10.521428571428572,306.42857142857144,8.257142857142856
2021-05-06,4.95,4.1,14.078571428571427,3.135714285714286,295.0,7.935714285714286,5.714285714285714,0.21428571428571427,10.235714285714286,295.0,8.95
2021-05-07,4.928571428571429,4.528571428571428,14.878571428571428,3.0642857142857145,294.2857142857143,7.8428571428571425,0.0,0.0,10.107142857142858,294.2857142857143,9.735714285714284
2021-05-08,4.928571428571429,4.371428571428571,15.078571428571427,2.885714285714286,295.7142857142857,7.621428571428572,0.0,0.0,9.685714285714285,293.57142857142856,9.892857142857142
2021-05-09,4.964285714285714,4.885714285714285,14.685714285714285,2.885714285714286,296.42857142857144,7.457142857142856,0.0,0.0,9.492857142857144,292.14285714285717,9.95
2021-05-10,4.857142857142857,4.964285714285714,14.87857142857143,2.885714285714286,295.7142857142857,7.042857142857143,0.0,0.0,9.192307692307693,290.0,10.028571428571428
2021-05-11,4.928571428571429,5.635714285714285,15.514285714285714,2.6571428571428575,293.57142857142856,6.535714285714285,0.0,0.0,8.676923076923076,285.38461538461536,10.585714285714285
2021-05-12,4.985714285714286,6.1499999999999995,15.400000000000002,2.8142857142857145,292.85714285714283,6.885714285714286,0.0,0.0,9.23076923076923,280.7692307692308,10.849999999999998
2021-05-13,4.114285714285715,6.028571428571428,15.442857142857141,2.8500000000000005,294.2857142857143,7.135714285714285,0.0,0.0,9.638461538461538,286.9230769230769,10.771428571428572
2021-05-14,3.5,5.757142857142857,15.921428571428569,2.907142857142858,295.7142857142857,7.428571428571429,0.0,0.0,10.115384615384615,286.15384615384613,10.992857142857142
2021-05-15,1.978571428571428,5.999999999999999,16.835714285714285,2.7642857142857147,295.7142857142857,7.114285714285714,0.0,0.0,9.700000000000001,282.3076923076923,11.364285714285712
2021-05-16,1.7642857142857138,6.357142857142856,17.82857142857143,2.650000000000001,292.14285714285717,7.078571428571428,0.0,0.0,9.669230769230769,272.3076923076923,12.207142857142856
2021-05-17,1.7642857142857138,6.5928571428571425,18.228571428571428,2.5428571428571436,292.85714285714283,7.428571428571429,0.0,0.0,9.984615384615385,275.38461538461536,12.642857142857142
2021-05-18,1.7642857142857138,6.749999999999999,19.414285714285715,2.471428571428572,290.0,7.428571428571429,0.0,0.0,10.015384615384615,273.0769230769231,13.242857142857142
2021-05-19,1.728571428571428,7.221428571428571,20.328571428571426,2.521428571428572,302.14285714285717,7.585714285714286,0.0,0.0,10.284615384615384,283.84615384615387,13.992857142857142
2021-05-20,0.2785714285714281,7.307142857142857,21.2,2.4428571428571435,312.85714285714283,7.614285714285714,0.0,0.0,10.284615384615384,294.61538461538464,14.478571428571428
2021-05-21,0.2785714285714281,8.02142857142857,22.464285714285715,2.2571428571428576,303.57142857142856,7.392857142857143,0.0,0.0,9.93846153846154,287.6923076923077,15.342857142857142
2021-05-22,0.2785714285714281,9.414285714285715,23.492857142857144,2.3642857142857148,294.2857142857143,7.514285714285714,0.0,0.0,10.115384615384615,279.2307692307692,16.485714285714284
2021-05-23,0.24285714285714238,10.207142857142856,24.564285714285717,2.3642857142857148,285.0,7.55,0.0,0.0,10.115384615384615,280.0,17.385714285714283
2021-05-24,0.29285714285714237,10.442857142857141,25.0,2.471428571428572,287.14285714285717,8.157142857142857,0.0,0.0,10.635714285714286,283.57142857142856,18.04285714285714
2021-05-25,0.22142857142857095,10.207142857142856,25.321428571428573,2.400000000000001,278.57142857142856,8.121428571428572,0.0,0.0,10.478571428571428,277.85714285714283,18.128571428571426
2021-05-26,0.16428571428571376,10.757142857142856,26.150000000000002,2.635714285714286,269.2857142857143,8.214285714285714,0.0,0.0,10.507142857142856,272.14285714285717,18.699999999999996
2021-05-27,0.2499999999999995,11.792857142857143,27.064285714285717,2.8642857142857148,257.85714285714283,8.25,0.0,0.0,10.635714285714284,260.7142857142857,19.678571428571427
2021-05-28,0.2499999999999995,12.028571428571428,27.064285714285713,3.1142857142857148,257.14285714285717,8.435714285714285,0.0,0.0,10.892857142857142,264.2857142857143,19.92142857142857
2021-05-29,0.2499999999999995,11.95,26.071428571428573,3.1357142857142866,256.42857142857144,8.335714285714285,0.0,0.0,10.764285714285714,267.14285714285717,19.42142857142857
2021-05-30,0.2499999999999995,11.950000000000001,25.671428571428574,3.150000000000001,266.42857142857144,8.492857142857144,0.0,0.0,10.792857142857143,277.85714285714283,19.071428571428573
2021-05-31,0.5214285714285709,11.792857142857143,25.078571428571426,3.1214285714285723,267.14285714285717,7.885714285714286,0.0,0.0,10.484615384615385,274.61538461538464,18.685714285714283
2021-06-01,0.5928571428571424,11.828571428571427,24.285714285714285,3.2071428571428577,270.0,7.95,0.0,0.0,10.553846153846154,277.6923076923077,18.235714285714288
2021-06-02,0.6142857142857138,11.471428571428573,24.164285714285715,3.2571428571428576,259.2857142857143,7.885714285714286,0.0,0.0,10.484615384615383,270.7692307692308,17.942857142857143
2021-06-03,0.6142857142857138,11.585714285714285,24.12857142857143,3.4285714285714293,249.28571428571428,7.985714285714286,0.0,0.0,10.723076923076924,260.0,17.957142857142856
2021-06-04,0.6142857142857138,11.821428571428571,23.3,3.6285714285714294,248.57142857142858,8.207142857142857,0.0,0.0,11.100000000000001,257.6923076923077,17.707142857142856
2021-06-05,0.6499999999999995,11.657142857142857,23.021428571428572,3.5428571428571436,248.57142857142858,8.05,0.0,0.0,10.992307692307692,260.0,17.442857142857143
2021-06-06,0.6857142857142852,11.614285714285714,23.057142857142857,3.657142857142858,248.57142857142858,8.3,0.0,0.0,11.369230769230768,252.30769230769232,17.32857142857143
2021-06-07,0.6357142857142852,12.328571428571426,23.814285714285713,3.650000000000001,237.85714285714286,7.95,0.0,0.0,10.923076923076923,241.53846153846155,17.678571428571427
2021-06-08,0.6357142857142852,13.435714285714285,24.728571428571428,3.764285714285715,243.57142857142858,7.985714285714286,0.0,0.0,11.023076923076921,241.53846153846155,18.735714285714284
2021-06-09,0.6357142857142852,14.114285714285714,25.00714285714286,3.514285714285715,244.28571428571428,7.7,0.0,0.0,10.546153846153848,242.30769230769232,19.349999999999998
2021-06-10,0.9642857142857137,13.992857142857142,24.964285714285715,3.385714285714286,254.28571428571428,7.542857142857143,0.0,0.0,10.238461538461538,253.84615384615384,19.407142857142855
2021-06-11,0.9642857142857137,14.428571428571429,25.121428571428574,3.214285714285715,253.57142857142858,7.321428571428571,0.0,0.0,9.892307692307693,250.0,19.578571428571426
2021-06-12,0.9642857142857137,15.099999999999998,25.835714285714285,3.2500000000000004,244.28571428571428,7.385714285714286,0.0,0.0,9.961538461538462,240.0,20.192857142857143
2021-06-13,0.9642857142857137,15.457142857142856,26.392857142857142,3.2428571428571433,245.0,7.164285714285714,0.0,0.0,9.86153846153846,238.46153846153845,20.714285714285715
2021-06-14,0.6928571428571423,15.814285714285715,27.421428571428574,3.2928571428571436,234.28571428571428,7.328571428571428,0.0,0.0,9.828571428571427,235.0,21.342857142857145
2021-06-15,1.5999999999999994,16.335714285714285,27.857142857142858,3.407142857142858,225.0,7.514285714285714,0.0,0.0,10.15,225.0,21.971428571428568
2021-06-16,2.2499999999999996,16.735714285714284,27.935714285714287,3.378571428571429,232.85714285714286,7.735714285714286,0.0,0.0,10.407142857142857,230.71428571428572,22.24285714285714
2021-06-17,2.2499999999999996,16.657142857142855,27.5,3.3571428571428577,242.85714285714286,7.828571428571429,0.0,0.0,10.342857142857143,240.0,21.99285714285714
2021-06-18,2.2499999999999996,16.142857142857142,27.778571428571432,3.2,252.14285714285714,7.792857142857143,0.0,0.0,10.25,250.71428571428572,21.907142857142855
2021-06-19,2.235714285714285,15.592857142857142,27.7,3.2928571428571436,251.42857142857142,7.857142857142857,0.0,0.0,10.349999999999998,247.14285714285714,21.714285714285715
2021-06-20,2.8928571428571423,15.435714285714285,27.54285714285714,3.2428571428571433,256.42857142857144,7.892857142857143,0.0,0.0,10.478571428571428,252.14285714285714,21.664285714285715
2021-06-21,2.871428571428571,15.12142857142857,27.142857142857146,3.078571428571429,257.14285714285717,7.635714285714286,0.0,0.0,10.12857142857143,256.42857142857144,21.37857142857143
2021-06-22,3.3999999999999995,15.0,26.978571428571428,3.214285714285715,252.85714285714286,8.07857142857143,0.0,0.0,10.735714285714286,257.14285714285717,21.092857142857145
2021-06-23,3.3999999999999995,14.285714285714283,26.307142857142853,3.2500000000000004,262.14285714285717,8.05,0.0,0.0,10.792857142857143,262.85714285714283,20.514285714285712
2021-06-24,2.8928571428571423,13.571428571428571,25.79285714285714,3.092857142857144,262.85714285714283,7.95,0.0,0.0,10.664285714285713,262.14285714285717,19.85
2021-06-25,2.8928571428571423,13.214285714285714,26.071428571428566,3.1785714285714293,252.14285714285714,8.142857142857142,0.0,0.0,10.985714285714286,252.14285714285714,19.77142857142857
2021-06-26,2.8928571428571423,13.37142857142857,26.55,3.3142857142857145,252.14285714285714,8.242857142857144,0.0,0.0,11.142857142857142,250.71428571428572,20.085714285714285
2021-06-27,2.928571428571428,13.97142857142857,26.428571428571427,3.6714285714285717,241.42857142857142,8.592857142857143,0.0,0.0,11.621428571428572,241.42857142857142,20.321428571428573
2021-06-28,2.928571428571428,14.807142857142855,26.74285714285714,3.9928571428571433,242.85714285714286,8.87857142857143,0.0,0.0,12.007142857142856,242.14285714285714,20.807142857142853
2021-06-29,2.0785714285714283,15.357142857142856,27.57857142857143,3.9214285714285717,243.57142857142858,8.721428571428572,0.0,0.0,11.721428571428573,243.57142857142858,21.449999999999996
2021-06-30,1.4071428571428568,16.02857142857143,28.135714285714283,3.8928571428571432,246.42857142857142,8.435714285714285,0.0,0.0,11.371428571428572,242.14285714285714,22.15
2021-07-01,2.0214285714285714,16.742857142857144,28.685714285714283,3.8571428571428577,247.14285714285714,8.342857142857143,0.0,0.0,11.37142857142857,244.28571428571428,22.849999999999998
2021-07-02,2.0214285714285714,17.414285714285715,28.64285714285714,3.8000000000000007,247.85714285714286,8.028571428571428,0.0,0.0,11.021428571428572,243.57142857142858,23.128571428571426
2021-07-03,2.5642857142857136,17.807142857142857,28.17142857142857,3.7071428571428577,245.0,7.8999999999999995,0.0,0.0,10.764285714285716,240.71428571428572,23.107142857142858
2021-07-04,2.128571428571428,17.607142857142858,27.335714285714285,3.5642857142857145,239.28571428571428,7.45,0.0,0.0,10.192857142857141,242.85714285714286,22.65
2021-07-05,2.1285714285714286,17.607142857142858,26.78571428571428,3.6214285714285723,249.28571428571428,7.578571428571428,0.0,0.0,10.257142857142856,247.85714285714286,22.307142857142853
2021-07-06,1.5999999999999996,17.135714285714283,26.392857142857142,3.478571428571429,249.28571428571428,7.228571428571429,0.0,0.0,9.842857142857143,247.85714285714286,21.928571428571427
2021-07-07,1.7428571428571424,17.728571428571428,27.107142857142858,3.478571428571429,239.28571428571428,7.321428571428571,0.0,0.0,10.007142857142856,241.42857142857142,22.37142857142857
2021-07-08,1.7428571428571424,18.164285714285715,27.142857142857142,3.578571428571429,240.0,7.385714285714285,0.0,0.0,10.099999999999998,241.42857142857142,22.74285714285714
2021-07-09,2.3571428571428568,18.478571428571428,26.785714285714285,3.528571428571429,240.71428571428572,7.385714285714286,0.0,0.0,10.135714285714286,243.57142857142858,22.671428571428574
2021-07-10,2.6499999999999995,18.400000000000002,26.542857142857144,3.4428571428571435,240.71428571428572,7.478571428571429,0.0,0.0,10.171428571428573,245.0,22.564285714285717
2021-07-11,2.614285714285714,17.878571428571426,26.54285714285714,3.164285714285715,251.42857142857142,7.514285714285714,0.0,0.0,9.885714285714286,255.71428571428572,22.335714285714285
2021-07-12,2.614285714285714,17.085714285714285,26.071428571428573,2.785714285714286,251.42857142857142,7.192857142857143,0.0,0.0,9.342857142857142,256.42857142857144,21.792857142857144
2021-07-13,2.4857142857142853,16.692857142857143,25.635714285714283,2.714285714285715,253.57142857142858,7.1000000000000005,0.0,0.0,9.307142857142855,255.0,21.335714285714285
2021-07-14,3.414285714285714,16.335714285714285,24.957142857142856,2.828571428571429,242.14285714285714,7.2,0.0,0.0,9.464285714285714,247.14285714285714,20.83571428571429
2021-07-15,3.164285714285714,16.37857142857143,24.87857142857143,2.9428571428571435,230.71428571428572,7.292857142857143,0.0,0.0,9.592857142857143,236.42857142857142,20.692857142857143
2021-07-16,3.164285714285714,16.378571428571426,25.278571428571432,3.078571428571429,220.71428571428572,7.514285714285714,0.0,0.0,9.907142857142857,226.42857142857142,20.885714285714283
2021-07-17,2.599999999999999,16.614285714285714,25.714285714285715,3.1785714285714284,224.28571428571428,7.642857142857143,0.0,0.0,10.064285714285715,230.0,21.357142857142858
2021-07-18,2.9571428571428564,16.892857142857142,26.271428571428572,3.192857142857143,225.0,7.678571428571429,0.0,0.0,10.064285714285715,222.14285714285714,21.69285714285714
2021-07-19,5.5,17.05,26.307142857142857,3.2071428571428577,202.85714285714286,7.614285714285715,0.0,0.0,10.035714285714286,201.42857142857142,21.849999999999998
2021-07-20,5.571428571428571,17.442857142857143,26.264285714285712,3.085714285714286,196.42857142857142,7.328571428571428,0.0,0.0,9.714285714285714,199.28571428571428,21.957142857142856
2021-07-21,7.678571428571429,17.207142857142856,25.985714285714288,2.878571428571429,187.85714285714286,7.007142857142857,0.0,0.0,9.6,200.0,21.74285714285714
2021-07-22,7.785714285714286,17.207142857142856,25.75,2.8142857142857145,186.42857142857142,6.878571428571429,0.0,0.0,9.569230769230769,176.15384615384616,21.52857142857143
2021-07-23,7.171428571428572,17.09285714285714,26.028571428571432,2.7000000000000006,198.57142857142858,6.5928571428571425,0.0,0.0,9.015384615384615,188.46153846153845,21.599999999999998
2021-07-24,6.878571428571427,17.014285714285712,26.192857142857143,2.5642857142857145,208.57142857142858,6.4,0.0,0.0,8.807692307692308,199.23076923076923,21.635714285714283
2021-07-25,6.878571428571427,17.057142857142857,26.35,2.521428571428572,197.85714285714286,6.114285714285714,0.0,0.0,8.669230769230769,186.92307692307693,21.72142857142857
2021-07-26,7.292857142857143,17.49285714285714,26.464285714285715,2.7500000000000004,197.14285714285714,6.4,0.0,0.0,9.184615384615384,186.15384615384616,21.957142857142856
2021-07-27,7.292857142857143,17.49285714285714,26.62142857142857,2.7500000000000004,200.71428571428572,6.464285714285714,0.0,0.0,9.223076923076924,195.3846153846154,22.028571428571432
2021-07-28,6.764285714285713,17.37857142857143,26.621428571428574,2.5500000000000007,211.42857142857142,6.364285714285714,0.0,0.0,8.984615384615385,206.92307692307693,21.91428571428571
2021-07-29,6.3999999999999995,16.82142857142857,26.38571428571429,2.3571428571428577,223.57142857142858,6.142857142857143,0.0,0.0,8.646153846153847,216.15384615384616,21.571428571428573
2021-07-30,6.421428571428571,16.307142857142857,25.907142857142855,2.2000000000000006,224.28571428571428,6.049999999999999,0.0,0.0,8.446153846153846,215.3846153846154,21.064285714285713
2021-07-31,7.021428571428571,16.071428571428573,25.55,2.235714285714286,235.0,6.207142857142857,0.0,0.0,8.653846153846153,226.15384615384616,20.52857142857143
2021-08-01,6.407142857142857,15.792857142857143,25.47142857142857,2.285714285714286,246.42857142857142,6.364285714285715,0.0,0.0,8.923076923076923,238.46153846153845,20.321428571428566
2021-08-02,5.207142857142856,15.592857142857143,25.314285714285713,2.228571428571429,254.28571428571428,6.457142857142856,0.0,0.0,8.953846153846154,250.0,20.11428571428571
2021-08-03,5.499999999999999,15.235714285714284,25.114285714285717,2.321428571428572,270.7142857142857,6.835714285714286,0.0,0.0,9.261538461538462,263.0769230769231,19.92142857142857
2021-08-04,3.2499999999999996,14.8,25.035714285714285,2.5142857142857147,279.2857142857143,7.192857142857143,0.0,0.0,9.364285714285714,257.85714285714283,19.7
2021-08-05,3.1428571428571423,14.72142857142857,25.592857142857145,2.4714285714285715,271.42857142857144,7.1,0.0,0.0,9.107142857142858,270.7142857142857,19.907142857142855
2021-08-06,3.1428571428571423,15.035714285714286,25.75,2.4285714285714284,265.7142857142857,6.971428571428571,0.0,0.0,8.97857142857143,264.2857142857143,20.192857142857143
2021-08-07,3.1428571428571423,15.114285714285714,26.02857142857143,2.4928571428571433,256.42857142857144,6.971428571428571,0.0,0.0,8.914285714285715,255.0,20.307142857142857
2021-08-08,3.521428571428571,15.471428571428572,26.228571428571428,2.5428571428571436,257.14285714285717,7.035714285714286,0.0,0.0,9.007142857142856,255.71428571428572,20.578571428571426
2021-08-09,3.1071428571428568,15.428571428571427,26.314285714285717,2.321428571428572,264.2857142857143,6.621428571428571,0.0,0.0,8.4,249.28571428571428,20.55
2021-08-10,3.1071428571428568,15.628571428571428,26.392857142857142,2.4071428571428575,257.85714285714283,6.685714285714285,0.0,0.0,8.557142857142857,242.85714285714286,20.67142857142857
2021-08-11,2.7071428571428564,15.985714285714284,26.87142857142857,2.650000000000001,245.71428571428572,6.9071428571428575,0.0,0.0,8.842857142857143,231.42857142857142,21.064285714285717
2021-08-12,3.307142857142857,16.7,27.385714285714283,2.8142857142857145,244.28571428571428,7.035714285714286,0.0,0.0,9.092857142857143,221.42857142857142,21.61428571428571
2021-08-13,3.2857142857142847,17.535714285714285,27.900000000000002,2.9285714285714293,243.57142857142858,7.164285714285714,0.0,0.0,9.25,222.14285714285714,22.3
2021-08-14,2.6857142857142855,17.892857142857142,28.728571428571428,2.821428571428572,232.14285714285714,7.007142857142857,0.0,0.0,9.157142857142857,212.85714285714286,22.942857142857143
2021-08-15,4.971428571428571,18.135714285714283,29.04285714285714,2.9142857142857146,227.85714285714286,7.2,0.0,0.0,9.285714285714286,208.57142857142858,23.435714285714283
2021-08-16,3.6285714285714286,18.057142857142857,29.321428571428577,2.9642857142857144,241.42857142857142,7.264285714285714,0.0,0.0,9.442857142857141,219.28571428571428,23.650000000000002
2021-08-17,3.2642857142857133,17.9,29.485714285714288,2.8785714285714294,235.71428571428572,6.95,0.0,0.0,9.092857142857143,215.0,23.635714285714283
2021-08-18,3.464285714285714,18.135714285714283,29.20714285714286,2.7714285714285722,235.71428571428572,6.785714285714286,0.0,0.0,8.87142857142857,215.0,23.599999999999998
2021-08-19,3.4999999999999996,18.692857142857143,29.05,2.885714285714286,235.0,6.942857142857143,0.0,0.0,9.192857142857141,214.28571428571428,23.757142857142856
2021-08-20,5.135714285714285,19.014285714285712,28.771428571428572,2.9571428571428577,241.42857142857142,7.035714285714286,0.0,0.0,9.321428571428571,220.71428571428572,23.75714285714286
2021-08-21,5.135714285714285,19.45,28.771428571428572,2.8714285714285714,250.71428571428572,6.942857142857143,0.0,0.0,9.321428571428571,207.14285714285714,23.900000000000002
2021-08-22,4.757142857142857,19.571428571428573,28.928571428571427,2.7642857142857147,252.14285714285714,6.75,0.0,0.0,9.035714285714286,207.85714285714286,23.97857142857143
2021-08-23,4.757142857142857,19.892857142857142,29.007142857142856,2.842857142857143,239.28571428571428,6.878571428571428,0.0,0.0,9.257142857142856,205.0,24.221428571428568
2021-08-24,4.757142857142857,19.928571428571427,28.88571428571429,2.778571428571429,235.0,6.814285714285715,0.0,0.0,9.128571428571428,200.0,24.22142857142857
2021-08-25,4.757142857142857,19.849999999999998,28.964285714285715,2.585714285714286,245.71428571428572,6.5928571428571425,0.0,0.0,8.842857142857143,210.71428571428572,24.178571428571427
2021-08-26,4.157142857142857,19.49285714285714,28.964285714285715,2.4571428571428577,236.42857142857142,6.428571428571429,0.0,0.0,8.528571428571428,211.42857142857142,24.042857142857144
2021-08-27,4.157142857142857,19.414285714285715,29.199999999999996,2.3500000000000005,237.14285714285714,6.264285714285713,0.0,0.0,8.371428571428572,211.42857142857142,24.071428571428573
2021-08-28,4.157142857142857,19.135714285714283,28.607142857142858,2.3642857142857148,225.0,6.235714285714286,0.0,0.0,8.242857142857144,197.85714285714286,23.821428571428573
2021-08-29,1.8714285714285708,19.092857142857145,28.13571428571429,2.3642857142857148,213.57142857142858,6.142857142857143,0.0,0.0,8.114285714285716,186.42857142857142,23.392857142857142
2021-08-30,2.599999999999999,19.49285714285714,28.214285714285715,2.571428571428572,204.28571428571428,6.178571428571429,0.0,0.0,8.214285714285714,176.42857142857142,23.478571428571428
2021-08-31,3.0142857142857133,20.085714285714285,28.45,2.735714285714286,200.71428571428572,6.492857142857143,0.0,0.0,8.6,170.0,23.907142857142862
2021-09-01,2.8142857142857136,20.24285714285714,28.764285714285712,2.7714285714285722,210.71428571428572,6.528571428571429,0.0,0.0,8.6,177.14285714285714,24.178571428571427
2021-09-02,2.778571428571428,19.685714285714283,28.521428571428572,2.635714285714286,217.85714285714286,6.307142857142857,0.0,0.0,8.214285714285714,185.71428571428572,23.871428571428574
2021-09-03,1.1785714285714282,19.085714285714285,28.328571428571426,2.7500000000000004,216.42857142857142,6.435714285714286,0.0,0.0,8.435714285714285,183.57142857142858,23.428571428571427
2021-09-04,1.1785714285714282,18.52857142857143,27.728571428571428,2.8571428571428577,215.0,6.528571428571429,0.0,0.0,8.528571428571428,205.0,22.9
2021-09-05,1.1785714285714282,18.05,27.135714285714283,2.8571428571428577,219.28571428571428,6.528571428571428,0.0,0.0,8.564285714285715,211.42857142857142,22.449999999999996
2021-09-06,1.1785714285714282,17.45,26.5,2.9928571428571433,225.0,6.914285714285714,0.0,0.0,8.97857142857143,220.71428571428572,21.885714285714283
2021-09-07,2.5214285714285714,16.857142857142858,25.949999999999996,3.035714285714286,237.14285714285714,7.228571428571429,0.0,0.0,9.428571428571429,232.14285714285714,21.41428571428571
2021-09-08,2.5214285714285714,16.37857142857143,25.357142857142858,3.071428571428572,226.42857142857142,7.2,0.0,0.0,9.4,221.42857142857142,20.892857142857142
2021-09-09,4.242857142857142,16.257142857142856,25.07857142857143,3.2500000000000004,225.71428571428572,7.521428571428572,0.0,0.0,9.907142857142857,221.42857142857142,20.578571428571426
2021-09-10,4.242857142857142,15.857142857142856,24.20714285714286,3.278571428571429,225.0,7.521428571428571,0.0,0.0,9.842857142857143,222.14285714285714,20.021428571428572
2021-09-11,4.278571428571428,15.421428571428569,23.85,3.321428571428572,248.57142857142858,7.678571428571429,0.0,0.0,10.0,245.71428571428572,19.6
2021-09-12,4.278571428571428,14.985714285714286,24.04285714285714,3.335714285714286,252.14285714285714,7.678571428571429,0.0,0.0,10.1,250.71428571428572,19.435714285714287
2021-09-13,3.5714285714285707,14.75,24.12142857142857,3.328571428571429,251.42857142857142,7.835714285714286,0.0,0.0,10.385714285714286,251.42857142857142,19.414285714285715
2021-09-14,3.157142857142857,14.314285714285713,23.685714285714283,3.214285714285715,261.42857142857144,7.678571428571429,0.0,0.0,10.221428571428572,260.0,19.021428571428572
2021-09-15,3.157142857142857,13.87857142857143,23.485714285714284,3.2285714285714286,251.42857142857142,7.8999999999999995,0.0,0.0,10.671428571428573,252.85714285714286,18.61428571428571
2021-09-16,3.864285714285714,14.0,23.807142857142857,3.4428571428571435,243.57142857142858,8.442857142857143,0.0,0.0,11.564285714285715,244.28571428571428,18.807142857142857
2021-09-17,3.8285714285714283,13.921428571428569,23.964285714285715,3.228571428571429,240.71428571428572,8.285714285714286,0.0,0.0,11.278571428571427,225.71428571428572,18.878571428571426
2021-09-18,3.8285714285714283,13.964285714285714,24.164285714285715,3.221428571428572,232.14285714285714,8.285714285714286,0.0,0.0,11.278571428571428,217.14285714285714,19.035714285714285
2021-09-19,3.8285714285714283,13.807142857142859,24.20714285714286,3.321428571428572,235.71428571428572,8.571428571428571,0.0,0.0,11.528571428571428,220.71428571428572,19.142857142857142
2021-09-20,3.8285714285714283,13.414285714285713,24.05,3.128571428571429,245.71428571428572,8.185714285714285,0.0,0.0,11.114285714285716,207.14285714285714,18.87857142857143
2021-09-21,2.4857142857142853,13.057142857142855,24.285714285714285,3.1000000000000005,238.57142857142858,7.964285714285714,0.0,0.0,10.757142857142856,199.28571428571428,18.650000000000002
2021-09-22,2.4857142857142853,13.257142857142854,24.321428571428573,3.3214285714285716,239.28571428571428,8.278571428571428,0.0,0.0,11.235714285714284,198.57142857142858,18.75714285714286
2021-09-23,0.7642857142857139,13.221428571428572,24.242857142857144,3.2285714285714286,239.28571428571428,8.178571428571429,0.0,0.0,11.042857142857143,197.85714285714286,18.75714285714286
2021-09-24,0.7642857142857139,13.578571428571426,24.8,3.464285714285715,236.42857142857142,8.592857142857143,0.0,0.0,11.77142857142857,194.28571428571428,19.12857142857143
2021-09-25,2.1071428571428568,13.735714285714284,25.157142857142855,3.5000000000000004,226.42857142857142,8.592857142857143,0.0,0.0,12.0,179.28571428571428,19.342857142857138
2021-09-26,2.1071428571428568,13.735714285714284,25.042857142857144,3.3714285714285723,227.14285714285714,8.492857142857142,0.0,0.0,11.778571428571428,178.57142857142858,19.3
2021-09-27,2.0857142857142854,13.535714285714286,24.685714285714283,3.1714285714285717,230.71428571428572,8.27142857142857,0.0,0.0,11.428571428571429,182.14285714285714,18.985714285714288
2021-09-28,2.1785714285714284,13.457142857142856,24.207142857142856,3.307142857142858,220.0,8.371428571428572,0.0,0.0,11.621428571428572,173.57142857142858,18.664285714285715
2021-09-29,2.1785714285714284,13.178571428571427,23.657142857142862,3.3357142857142863,232.14285714285714,8.242857142857144,0.0,0.0,11.328571428571431,162.14285714285714,18.514285714285712
2021-09-30,1.578571428571428,12.578571428571427,22.74285714285714,3.1142857142857148,243.57142857142858,7.728571428571429,0.0,0.0,10.435714285714285,172.14285714285714,17.714285714285715
2021-10-01,1.6857142857142853,12.299999999999999,22.228571428571428,3.2,246.42857142857142,7.821428571428571,0.0,0.0,10.692857142857145,191.42857142857142,17.264285714285712
2021-10-02,1.6857142857142853,11.785714285714286,21.75,3.085714285714286,255.0,7.757142857142857,0.0,0.0,10.635714285714286,201.42857142857142,16.7
2021-10-03,2.849999999999999,11.742857142857142,20.99285714285714,3.035714285714286,245.71428571428572,7.5,0.0,0.0,10.478571428571428,190.71428571428572,16.09285714285714
2021-10-04,3.028571428571428,12.057142857142855,20.671428571428574,2.978571428571429,246.42857142857142,7.342857142857143,0.0,0.0,10.192857142857141,212.85714285714286,16.04285714285714
2021-10-05,3.028571428571428,12.335714285714285,20.157142857142862,2.978571428571429,240.71428571428572,7.25,0.0,0.0,10.035714285714286,207.85714285714286,15.964285714285714
2021-10-06,3.05,12.014285714285714,19.764285714285712,2.7071428571428577,250.0,6.835714285714286,0.0,0.0,9.492857142857144,205.71428571428572,15.614285714285714
2021-10-07,3.05,11.578571428571427,19.32857142857143,2.528571428571429,257.14285714285717,6.421428571428571,0.0,0.0,8.985714285714286,212.85714285714286,15.335714285714285
2021-10-08,3.05,10.628571428571428,18.849999999999998,2.1928571428571435,269.2857142857143,5.878571428571428,0.0,0.0,8.064285714285715,218.57142857142858,14.585714285714285
2021-10-09,1.6714285714285713,10.435714285714285,18.728571428571428,1.978571428571429,265.7142857142857,5.492857142857142,0.0,0.0,7.457142857142856,219.28571428571428,14.285714285714286
2021-10-10,1.6714285714285713,10.435714285714285,18.528571428571432,2.1000000000000005,266.42857142857144,5.592857142857143,0.0,0.0,7.642857142857143,219.28571428571428,14.25
2021-10-11,1.6714285714285713,10.278571428571427,18.45,2.1500000000000004,262.85714285714283,5.557142857142857,0.0,0.0,7.578571428571429,214.28571428571428,14.128571428571428
2021-10-12,1.5785714285714285,10.321428571428571,18.849999999999998,2.1000000000000005,263.57142857142856,5.428571428571429,0.0,0.0,7.292857142857143,213.57142857142858,14.364285714285714
2021-10-13,1.5785714285714285,10.678571428571427,19.400000000000002,2.042857142857143,252.14285714285714,5.3999999999999995,0.0,0.0,7.264285714285714,226.42857142857142,14.607142857142858
2021-10-14,1.4714285714285713,11.035714285714286,20.035714285714285,2.1428571428571432,242.14285714285714,5.5928571428571425,0.0,0.0,7.521428571428571,217.14285714285714,15.171428571428569
2021-10-15,1.364285714285714,11.671428571428569,20.392857142857142,2.0285714285714294,218.57142857142858,5.335714285714286,0.0,0.0,7.071428571428571,195.0,15.692857142857141
2021-10-16,1.4357142857142855,12.185714285714285,20.714285714285715,2.128571428571429,210.71428571428572,5.464285714285714,0.0,0.0,7.192857142857143,185.71428571428572,16.192857142857143
2021-10-17,2.4499999999999997,12.385714285714286,21.428571428571427,2.3000000000000003,214.28571428571428,6.042857142857143,0.0,0.0,7.992857142857143,190.0,16.742857142857144
2021-10-18,2.2714285714285714,12.15,21.47142857142857,2.471428571428572,212.14285714285714,6.328571428571428,0.0,0.0,8.371428571428572,188.57142857142858,16.678571428571427
2021-10-19,2.471428571428571,11.792857142857143,20.957142857142856,2.592857142857143,227.14285714285714,6.457142857142856,0.0,0.0,8.592857142857143,182.14285714285714,16.32857142857143
2021-10-20,2.4857142857142853,11.4,20.47857142857143,2.7071428571428577,227.14285714285714,6.75,0.0,0.0,8.971428571428572,195.0,15.957142857142856
2021-10-21,2.4857142857142853,11.0,20.442857142857143,2.6428571428571432,219.28571428571428,6.75,0.0,0.0,8.871428571428572,187.85714285714286,15.564285714285713
2021-10-22,2.9785714285714286,11.078571428571427,20.05,2.785714285714286,210.71428571428572,6.978571428571429,0.0,0.0,9.285714285714286,183.57142857142858,15.478571428571428
2021-10-23,3.2857142857142856,10.6,19.657142857142855,3.021428571428572,212.85714285714286,7.328571428571428,0.0,0.0,9.72857142857143,187.14285714285714,15.271428571428572
2021-10-24,3.2857142857142856,9.928571428571429,18.942857142857143,2.8571428571428577,222.85714285714286,7.1642857142857155,0.0,0.0,9.47857142857143,197.85714285714286,14.542857142857143
2021-10-25,3.2857142857142856,9.135714285714284,18.464285714285715,2.7214285714285715,223.57142857142858,7.007142857142858,0.0,0.0,9.257142857142856,200.0,13.935714285714285
2021-10-26,4.05,8.62142857142857,17.507142857142856,2.6714285714285717,218.57142857142858,7.035714285714286,0.0,0.0,9.321428571428571,196.42857142857142,13.14285714285714
2021-10-27,4.921428571428572,8.385714285714286,16.757142857142856,2.757142857142857,230.0,7.064285714285715,0.0,0.0,9.35,207.14285714285714,12.571428571428571
2021-10-28,4.921428571428572,7.914285714285714,16.0,2.95,240.71428571428572,7.221428571428571,0.0,0.0,9.507142857142856,218.57142857142858,11.921428571428569
2021-10-29,4.921428571428572,6.807142857142857,15.285714285714286,3.0214285714285722,263.57142857142856,7.321428571428571,0.0,0.0,9.671428571428573,240.71428571428572,11.078571428571427
2021-10-30,4.8500000000000005,5.735714285714286,14.685714285714287,2.935714285714286,258.57142857142856,7.192857142857143,0.0,0.0,9.421428571428573,235.71428571428572,10.15
2021-10-31,3.4499999999999997,5.178571428571428,13.85,2.771428571428572,250.0,6.9,0.0,0.0,8.907142857142857,227.14285714285714,9.342857142857142
2021-11-01,6.3500000000000005,5.178571428571429,13.571428571428571,2.7,251.42857142857142,6.835714285714286,0.0,0.0,8.785714285714286,229.28571428571428,9.185714285714285
2021-11-02,6.1499999999999995,5.021428571428571,13.764285714285714,2.7,246.42857142857142,6.957142857142857,0.0,0.0,9.014285714285714,246.42857142857142,9.292857142857143
2021-11-03,6.207142857142857,4.742857142857142,13.607142857142858,2.6714285714285717,244.28571428571428,6.921428571428571,0.0,0.0,9.014285714285714,244.28571428571428,9.114285714285714
2021-11-04,6.75,4.35,12.614285714285714,2.728571428571429,255.71428571428572,7.15,0.0,0.0,9.335714285714285,254.28571428571428,8.585714285714285
2021-11-05,6.257142857142857,3.485714285714285,11.821428571428571,2.6428571428571432,254.28571428571428,7.085714285714286,0.0,0.0,9.05,255.0,7.749999999999999
2021-11-06,5.95,2.978571428571428,11.142857142857142,2.385714285714286,262.85714285714283,6.835714285714286,0.0,0.0,8.635714285714286,263.57142857142856,6.914285714285713
2021-11-07,5.95,2.6642857142857137,11.142857142857142,2.4285714285714293,252.14285714285714,6.8999999999999995,0.0,0.0,8.757142857142856,253.57142857142858,6.707142857142856
2021-11-08,5.95,2.5071428571428562,11.107142857142858,2.478571428571429,252.14285714285714,7.121428571428572,0.0,0.0,9.007142857142858,252.85714285714286,6.599999999999999
2021-11-09,5.185714285714285,2.1071428571428563,11.55,2.342857142857143,247.14285714285714,6.864285714285714,0.0,0.0,8.721428571428572,262.14285714285717,6.614285714285714
2021-11-10,4.314285714285714,1.6714285714285708,11.62857142857143,2.135714285714286,235.71428571428572,6.578571428571428,0.0,0.0,8.342857142857143,250.71428571428572,6.478571428571428
2021-11-11,4.514285714285713,1.3142857142857134,11.75,1.9142857142857148,232.85714285714286,6.578571428571428,0.0,0.0,8.37857142857143,248.57142857142858,6.55
2021-11-12,4.514285714285713,1.1571428571428564,11.707142857142857,1.8857142857142863,219.28571428571428,6.799999999999999,0.0,0.0,8.757142857142856,235.0,6.371428571428571
2021-11-13,5.257142857142857,1.3571428571428563,11.628571428571428,2.1142857142857148,220.71428571428572,7.278571428571428,0.0,0.0,9.585714285714285,236.42857142857142,6.7142857142857135
2021-11-14,6.035714285714286,0.9999999999999993,11.435714285714287,2.1500000000000004,225.0,7.1571428571428575,0.0,0.0,9.457142857142857,240.71428571428572,6.485714285714286
2021-11-15,3.3142857142857136,0.4428571428571423,11.157142857142857,2.214285714285715,215.71428571428572,7.1571428571428575,0.0,0.0,9.485714285714286,230.71428571428572,6.071428571428571
2021-11-16,3.528571428571428,0.19999999999999946,10.607142857142858,2.235714285714286,220.71428571428572,7.128571428571428,0.0,0.21428571428571427,9.385714285714286,234.28571428571428,5.578571428571428
2021-11-17,3.4571428571428564,-0.19285714285714342,10.25,2.342857142857143,224.28571428571428,7.221428571428572,0.0,0.21428571428571427,9.385714285714286,236.42857142857142,5.299999999999999
2021-11-18,2.9142857142857137,-0.4285714285714291,10.528571428571428,2.5500000000000007,213.57142857142858,7.7,0.0,0.21428571428571427,10.12142857142857,227.85714285714286,5.042857142857143
2021-11-19,3.4928571428571424,0.1571428571428566,11.200000000000001,2.892857142857143,215.0,8.142857142857142,0.0,0.21428571428571427,11.014285714285714,229.28571428571428,5.75
2021-11-20,3.4928571428571424,0.4642857142857138,11.085714285714285,3.1928571428571435,217.14285714285714,8.521428571428572,0.0,0.21428571428571427,11.492857142857144,230.71428571428572,5.957142857142857
2021-11-21,3.4928571428571424,0.34999999999999953,10.771428571428572,3.2928571428571436,217.14285714285714,8.678571428571429,0.0,0.21428571428571427,11.75,230.71428571428572,5.871428571428571
2021-11-22,3.5642857142857136,0.7785714285714282,10.528571428571427,3.478571428571429,217.14285714285714,8.807142857142857,0.0,0.21428571428571427,12.007142857142858,230.0,5.935714285714285
2021-11-23,3.671428571428571,0.8214285714285711,10.007142857142856,3.7928571428571436,233.57142857142858,9.221428571428572,0.0,0.21428571428571427,12.678571428571429,233.57142857142858,5.892857142857143
2021-11-24,3.671428571428571,0.39285714285714235,8.97857142857143,4.1571428571428575,242.85714285714286,9.635714285714286,0.0,0.42857142857142855,13.157142857142858,242.85714285714286,5.249999999999999
2021-11-25,3.471428571428571,-0.12142857142857189,8.221428571428572,4.107142857142857,242.85714285714286,9.257142857142856,0.0,0.42857142857142855,12.707142857142856,242.85714285714286,4.3999999999999995
2021-11-26,3.564285714285714,-0.3571428571428576,7.828571428571429,4.114285714285715,249.28571428571428,9.164285714285715,0.0,0.42857142857142855,12.457142857142857,247.85714285714286,4.078571428571428
2021-11-27,4.0928571428571425,-0.5928571428571433,7.235714285714286,3.9785714285714286,261.42857142857144,8.942857142857143,0.0,5.357142857142857,12.042857142857143,260.0,3.5142857142857133
2021-11-28,2.5714285714285707,-0.9428571428571433,6.442857142857143,4.228571428571429,270.7142857142857,9.257142857142856,5.714285714285714,6.071428571428571,12.4,269.2857142857143,2.9928571428571424
2021-11-29,2.3928571428571423,-1.8500000000000003,5.735714285714286,4.092857142857143,278.57142857142856,9.192857142857141,11.428571428571429,6.785714285714286,12.335714285714285,277.85714285714283,2.2928571428571423
2021-11-30,2.178571428571428,-2.592857142857143,5.221428571428572,3.914285714285715,257.85714285714283,8.907142857142857,17.142857142857142,6.571428571428571,11.957142857142857,280.0,1.6857142857142853
2021-12-01,2.192857142857142,-3.028571428571429,4.864285714285715,3.878571428571429,247.85714285714286,8.814285714285715,22.857142857142858,7.142857142857143,11.892857142857142,270.7142857142857,1.1285714285714281
2021-12-02,2.3214285714285707,-3.028571428571429,4.342857142857143,3.821428571428572,256.42857142857144,8.585714285714285,28.571428571428573,8.214285714285714,11.47857142857143,277.85714285714283,1.1499999999999997
2021-12-03,1.8142857142857136,-3.7357142857142867,3.75,3.7642857142857147,255.71428571428572,8.428571428571429,34.285714285714285,8.428571428571429,11.157142857142857,283.57142857142856,0.48571428571428527
2021-12-04,1.8142857142857136,-4.1642857142857155,3.5857142857142854,3.8142857142857145,255.0,8.492857142857142,34.285714285714285,8.428571428571429,11.414285714285713,280.7142857142857,0.24999999999999953
2021-12-05,1.9071428571428566,-4.485714285714286,3.342857142857143,3.7928571428571436,256.42857142857144,8.435714285714287,34.285714285714285,10.428571428571429,11.285714285714286,280.0,-0.12142857142857191
2021-12-06,1.8357142857142854,-4.950000000000001,2.714285714285715,3.5857142857142863,252.14285714285714,8.178571428571429,36.42857142857143,10.642857142857142,10.842857142857143,276.42857142857144,-0.6000000000000004
2021-12-07,2.1071428571428568,-5.064285714285715,2.957142857142857,3.535714285714287,252.85714285714286,8.342857142857143,36.42857142857143,10.642857142857142,11.028571428571428,276.42857142857144,-0.7357142857142861
2021-12-08,2.1071428571428568,-5.107142857142857,3.2285714285714286,3.4500000000000006,247.85714285714286,8.471428571428572,36.42857142857143,10.428571428571429,11.314285714285713,272.85714285714283,-0.5357142857142863
2021-12-09,2.2499999999999996,-5.028571428571429,2.842857142857143,3.4357142857142864,226.42857142857142,8.5,36.42857142857143,13.357142857142858,11.37857142857143,252.85714285714286,-0.6928571428571433
2021-12-10,2.214285714285714,-5.307142857142858,2.1714285714285717,3.5000000000000004,210.71428571428572,8.464285714285714,40.0,14.285714285714286,11.342857142857142,237.85714285714286,-1.0142857142857147
2021-12-11,0.9785714285714281,-5.778571428571429,2.1285714285714286,3.5500000000000007,201.42857142857142,8.528571428571428,43.57142857142857,9.714285714285714,11.5,228.57142857142858,-1.3714285714285719
2021-12-12,1.471428571428571,-5.464285714285715,3.1142857142857143,3.607142857142857,191.42857142857142,8.62857142857143,40.0,9.0,11.785714285714286,220.0,-0.9000000000000005
2021-12-13,1.471428571428571,-4.557142857142858,3.742857142857143,3.9357142857142864,187.85714285714286,9.207142857142857,34.285714285714285,8.285714285714286,12.585714285714287,215.71428571428572,-0.12142857142857189
2021-12-14,1.471428571428571,-3.7714285714285722,4.528571428571429,4.15,205.0,9.4,28.571428571428573,8.285714285714286,13.028571428571428,210.0,0.521428571428571
2021-12-15,1.4357142857142853,-3.4928571428571433,5.085714285714286,4.135714285714286,215.0,9.62142857142857,22.857142857142858,7.714285714285714,13.321428571428571,220.0,1.164285714285714
2021-12-16,1.3999999999999997,-3.571428571428572,5.285714285714286,4.192857142857143,205.71428571428572,9.657142857142857,17.142857142857142,6.642857142857143,13.542857142857143,211.42857142857142,1.0571428571428567
2021-12-17,1.5642857142857136,-2.8642857142857148,5.878571428571428,4.314285714285715,205.71428571428572,9.814285714285715,11.428571428571429,6.428571428571429,13.764285714285714,204.28571428571428,1.5499999999999994
2021-12-18,1.5642857142857136,-2.3571428571428577,6.678571428571429,4.385714285714286,202.14285714285714,9.942857142857145,11.428571428571429,6.428571428571429,14.021428571428572,203.57142857142858,2.171428571428571
2021-12-19,2.342857142857142,-1.9214285714285722,6.678571428571429,4.342857142857143,212.14285714285714,9.842857142857143,11.428571428571429,12.785714285714286,13.928571428571429,190.71428571428572,2.4428571428571426
2021-12-20,2.399999999999999,-2.2428571428571433,6.442857142857143,4.5928571428571425,227.14285714285714,10.064285714285715,18.571428571428573,13.857142857142858,14.114285714285714,205.0,2.2571428571428567
2021-12-21,2.021428571428571,-2.835714285714286,5.535714285714286,4.614285714285715,220.0,10.157142857142858,27.857142857142858,13.857142857142858,14.057142857142859,197.85714285714286,1.4642857142857137
2021-12-22,2.021428571428571,-2.914285714285715,5.421428571428571,4.55,215.0,10.028571428571428,37.142857142857146,13.857142857142858,13.964285714285714,191.42857142857142,1.2999999999999996
2021-12-23,1.878571428571428,-2.914285714285715,5.807142857142858,4.8,235.0,10.507142857142856,46.42857142857143,10.928571428571429,14.671428571428573,209.28571428571428,1.5571428571428567
2021-12-24,1.821428571428571,-3.2285714285714286,5.685714285714285,4.885714285714286,259.2857142857143,10.635714285714286,50.0,10.0,14.764285714285716,230.71428571428572,1.4285714285714282
2021-12-25,1.7857142857142851,-3.5071428571428576,5.257142857142857,4.778571428571429,259.2857142857143,10.221428571428572,53.57142857142857,9.642857142857142,14.128571428571428,229.28571428571428,1.0571428571428567
2021-12-26,1.4714285714285709,-3.821428571428572,4.35,4.5,272.14285714285717,9.642857142857142,58.57142857142857,9.642857142857142,13.200000000000001,224.28571428571428,0.5428571428571424
2021-12-27,1.5428571428571423,-4.2857142857142865,3.757142857142857,4.264285714285714,277.85714285714283,9.228571428571428,65.71428571428571,11.285714285714286,12.62142857142857,231.42857142857142,-0.10714285714285762
2021-12-28,1.5428571428571423,-4.878571428571429,2.9714285714285715,4.078571428571429,282.14285714285717,9.192857142857141,75.0,11.285714285714286,12.27142857142857,234.28571428571428,-0.6928571428571433
2021-12-29,1.5999999999999994,-4.8,2.6142857142857143,4.057142857142858,271.42857142857144,9.1,82.14285714285714,11.642857142857142,12.107142857142858,223.57142857142858,-1.0714285714285718
2021-12-30,1.5071428571428565,-4.564285714285715,2.2214285714285715,3.828571428571429,281.42857142857144,8.62142857142857,89.28571428571429,11.642857142857142,11.342857142857142,233.57142857142858,-1.0428571428571434
2021-12-31,1.271428571428571,-5.114285714285715,1.3857142857142857,3.3500000000000005,292.14285714285717,7.985714285714286,96.42857142857143,11.642857142857142,10.385714285714284,243.57142857142858,-1.6785714285714288
2022-01-01,1.3428571428571423,-5.307142857142858,0.5071428571428571,2.964285714285715,287.14285714285717,7.285714285714286,103.57142857142857,12.357142857142858,9.235714285714284,236.42857142857142,-2.3642857142857148
2022-01-02,0.4928571428571423,-5.114285714285715,0.8642857142857142,3.021428571428572,287.14285714285717,7.3500000000000005,109.28571428571429,4.0,9.200000000000001,260.7142857142857,-2.1214285714285723
2022-01-03,0.6928571428571423,-5.314285714285715,1.1357142857142857,3.0071428571428576,262.85714285714283,7.257142857142857,105.71428571428571,7.071428571428571,9.264285714285714,237.85714285714286,-2.057142857142858
2022-01-04,0.6928571428571423,-5.9142857142857155,0.457142857142857,2.8571428571428577,250.71428571428572,6.814285714285714,103.57142857142857,7.071428571428571,8.721428571428572,225.71428571428572,-2.414285714285715
2022-01-05,0.6928571428571423,-6.864285714285715,0.14285714285714282,2.8857142857142866,251.42857142857142,6.778571428571429,101.42857142857143,7.071428571428571,8.557142857142857,227.14285714285714,-3.285714285714287
2022-01-06,0.6928571428571423,-6.621428571428572,0.14285714285714282,3.0642857142857145,244.28571428571428,6.971428571428571,97.85714285714286,7.071428571428571,8.714285714285714,220.0,-3.3142857142857145
2022-01-07,0.6928571428571423,-5.950000000000001,0.7357142857142858,3.0642857142857145,237.85714285714286,6.971428571428572,96.42857142857143,7.071428571428571,8.814285714285715,215.71428571428572,-2.7571428571428576
2022-01-08,0.8571428571428567,-5.950000000000001,0.6571428571428571,3.221428571428572,248.57142857142858,7.32142857142857,92.85714285714286,10.142857142857142,9.321428571428571,225.71428571428572,-2.4857142857142867
2022-01-09,0.6428571428571423,-6.821428571428572,0.1857142857142857,3.207142857142858,235.0,7.578571428571428,92.85714285714286,10.142857142857142,9.799999999999999,228.57142857142858,-3.150000000000001
2022-01-10,0.6285714285714281,-6.985714285714286,0.45714285714285713,3.664285714285715,225.0,8.02142857142857,91.42857142857143,8.857142857142858,10.342857142857143,217.14285714285714,-3.1857142857142864
2022-01-11,0.6285714285714281,-7.6571428571428575,0.4571428571428572,3.885714285714286,222.14285714285714,8.371428571428572,85.71428571428571,9.071428571428571,11.014285714285714,215.71428571428572,-3.2928571428571436
2022-01-12,0.571428571428571,-8.885714285714286,-0.7285714285714286,3.9071428571428575,233.57142857142858,8.464285714285714,82.14285714285714,8.714285714285714,11.114285714285716,227.14285714285714,-4.450000000000001
2022-01-13,0.571428571428571,-9.757142857142858,-0.9642857142857143,4.378571428571429,225.0,9.264285714285716,78.57142857142857,8.714285714285714,12.22857142857143,218.57142857142858,-5.1642857142857155
2022-01-14,0.571428571428571,-9.992857142857144,-1.2785714285714285,4.4142857142857155,223.57142857142858,9.328571428571427,75.0,9.071428571428571,12.328571428571431,218.57142857142858,-5.385714285714286
2022-01-15,0.571428571428571,-11.335714285714287,-1.8214285714285714,4.742857142857143,210.0,9.9,73.57142857142857,9.428571428571429,13.157142857142858,207.85714285714286,-5.907142857142858
2022-01-16,0.5499999999999995,-12.957142857142857,-3.6000000000000005,4.821428571428572,185.71428571428572,10.092857142857143,73.57142857142857,9.428571428571429,13.450000000000001,183.57142857142858,-7.585714285714286
2022-01-17,0.2928571428571423,-13.907142857142858,-4.071428571428571,4.65,197.14285714285714,10.0,73.57142857142857,5.071428571428571,13.22857142857143,195.0,-8.635714285714288
2022-01-18,1.328571428571428,-13.15,-3.392857142857143,4.728571428571429,203.57142857142858,10.314285714285715,73.57142857142857,19.785714285714285,13.707142857142857,202.14285714285714,-8.092857142857143
2022-01-19,1.328571428571428,-13.35,-3.585714285714286,4.778571428571429,212.85714285714286,10.442857142857141,82.85714285714286,20.0,13.87142857142857,208.57142857142858,-7.7285714285714295
2022-01-20,1.328571428571428,-14.700000000000001,-3.585714285714286,4.65,212.14285714285714,10.478571428571428,91.42857142857143,20.0,13.835714285714285,208.57142857142858,-8.37857142857143
2022-01-21,1.328571428571428,-15.771428571428572,-3.55,4.757142857142858,217.85714285714286,10.764285714285714,95.0,20.0,14.157142857142858,215.0,-8.900000000000002
2022-01-22,1.1642857142857135,-16.72142857142857,-4.378571428571428,4.592857142857143,217.85714285714286,10.378571428571428,98.57142857142857,16.928571428571427,14.284615384615385,207.69230769230768,-9.935714285714287
2022-01-23,1.1642857142857135,-17.4,-4.421428571428572,4.642857142857143,220.0,10.471428571428572,98.57142857142857,16.928571428571427,14.423076923076923,209.23076923076923,-10.464285714285714
2022-01-24,1.1428571428571423,-17.835714285714285,-4.885714285714286,4.314285714285715,219.28571428571428,10.12142857142857,100.0,18.357142857142858,13.946153846153845,210.0,-10.707142857142857
2022-01-25,1.1785714285714282,-18.314285714285713,-5.357142857142857,4.0357142857142865,212.85714285714286,9.514285714285714,105.71428571428571,18.714285714285715,13.015384615384615,202.30769230769232,-11.328571428571427
2022-01-26,1.2142857142857137,-17.6,-4.485714285714286,3.9571428571428577,207.85714285714286,9.385714285714286,112.85714285714286,19.642857142857142,13.015384615384615,200.76923076923077,-10.592857142857143
2022-01-27,1.2142857142857137,-18.235714285714288,-5.0,3.635714285714286,219.28571428571428,8.807142857142857,120.0,19.642857142857142,12.092307692307692,186.15384615384616,-10.842857142857143
2022-01-28,1.2142857142857137,-19.62142857142857,-5.271428571428571,3.9142857142857146,210.0,9.285714285714286,127.14285714285714,19.285714285714285,12.915384615384614,176.92307692307693,-11.814285714285717
2022-01-29,1.1428571428571423,-19.585714285714285,-5.192857142857143,3.807142857142858,223.57142857142858,9.157142857142857,132.14285714285714,19.857142857142858,12.776923076923076,190.0,-11.835714285714285
2022-01-30,1.1428571428571423,-19.38571428571429,-4.914285714285714,3.8928571428571437,248.57142857142858,9.185714285714285,139.28571428571428,19.857142857142858,12.876923076923076,216.92307692307693,-11.685714285714287
2022-01-31,1.1428571428571423,-19.264285714285712,-4.992857142857142,3.7785714285714294,260.0,9.185714285714285,146.42857142857142,19.857142857142858,12.876923076923077,228.46153846153845,-11.457142857142857
2022-02-01,0.10714285714285664,-19.942857142857147,-5.192857142857143,3.6000000000000005,265.7142857142857,8.835714285714285,152.14285714285714,5.142857142857143,12.292307692307691,234.6153846153846,-11.971428571428573
2022-02-02,0.10714285714285664,-19.628571428571433,-4.8428571428571425,3.5071428571428576,255.71428571428572,8.807142857142859,146.42857142857142,4.928571428571429,12.292307692307693,226.92307692307693,-12.042857142857143
2022-02-03,0.10714285714285664,-18.242857142857144,-4.678571428571429,3.7,255.71428571428572,8.77142857142857,142.85714285714286,4.928571428571429,12.538461538461538,225.3846153846154,-11.250000000000002
2022-02-04,0.7571428571428566,-17.642857142857146,-4.514285714285714,3.7571428571428576,245.0,8.77142857142857,135.71428571428572,16.714285714285715,12.569230769230767,214.6153846153846,-10.657142857142858
2022-02-05,1.9357142857142853,-16.771428571428572,-4.1571428571428575,3.978571428571429,245.0,9.064285714285715,152.14285714285714,32.142857142857146,12.435714285714285,223.57142857142858,-10.092857142857143
2022-02-06,1.9571428571428569,-16.414285714285715,-4.314285714285714,3.935714285714286,255.0,8.935714285714287,172.14285714285714,32.5,12.15,235.0,-9.585714285714287
2022-02-07,1.921428571428571,-17.05,-4.435714285714286,3.9071428571428575,255.0,9.028571428571428,192.14285714285714,30.714285714285715,12.342857142857143,235.0,-10.135714285714286
2022-02-08,1.8857142857142855,-15.857142857142858,-3.692857142857143,4.142857142857143,254.28571428571428,9.507142857142856,208.57142857142858,30.142857142857142,13.014285714285714,235.71428571428572,-9.357142857142858
2022-02-09,1.8499999999999996,-15.421428571428573,-3.5357142857142856,4.107142857142858,255.71428571428572,9.257142857142856,215.71428571428572,29.214285714285715,12.664285714285713,233.57142857142858,-9.007142857142858
2022-02-10,1.8499999999999996,-14.55,-2.5142857142857147,4.221428571428572,242.85714285714286,9.478571428571428,221.42857142857142,29.214285714285715,13.142857142857142,245.71428571428572,-8.12857142857143
2022-02-11,1.8499999999999996,-12.657142857142857,-1.842857142857143,4.2857142857142865,243.57142857142858,9.478571428571428,223.57142857142858,29.214285714285715,13.078571428571427,245.71428571428572,-6.692857142857143
2022-02-12,1.8499999999999996,-11.35,-0.9785714285714285,4.357142857142858,243.57142857142858,9.671428571428573,222.14285714285714,27.571428571428573,13.271428571428572,245.71428571428572,-5.957142857142857
2022-02-13,1.8499999999999996,-10.714285714285714,0.5642857142857144,4.300000000000001,242.14285714285714,9.671428571428573,218.57142857142858,27.571428571428573,13.335714285714285,236.42857142857142,-4.235714285714286
2022-02-14,1.8499999999999996,-10.200000000000001,0.32857142857142857,4.564285714285715,242.14285714285714,9.799999999999999,212.85714285714286,27.571428571428573,13.492857142857142,235.71428571428572,-4.021428571428572
2022-02-15,1.8499999999999996,-10.157142857142858,-0.14999999999999997,4.778571428571429,250.0,9.928571428571429,207.14285714285714,27.785714285714285,13.714285714285714,243.57142857142858,-4.214285714285714
2022-02-16,1.8499999999999996,-10.157142857142858,-0.6214285714285713,4.714285714285714,260.0,9.707142857142857,203.57142857142858,27.785714285714285,13.357142857142858,253.57142857142858,-4.464285714285714
2022-02-17,1.8499999999999996,-11.10714285714286,-0.6214285714285713,4.714285714285714,260.7142857142857,9.964285714285714,198.57142857142858,27.785714285714285,13.578571428571427,255.0,-5.014285714285714
2022-02-18,1.5999999999999996,-10.364285714285716,-0.26428571428571423,4.935714285714286,260.0,10.128571428571428,200.0,16.0,13.835714285714285,254.28571428571428,-4.6642857142857155
2022-02-19,1.2357142857142855,-10.328571428571431,0.47857142857142865,5.000000000000001,260.7142857142857,10.542857142857143,178.57142857142858,2.0,14.442857142857141,253.57142857142858,-4.05
2022-02-20,1.214285714285714,-9.692857142857145,1.0357142857142858,5.292857142857144,259.2857142857143,10.799999999999999,153.57142857142858,2.2142857142857144,14.885714285714286,252.14285714285714,-3.728571428571429
2022-02-21,1.214285714285714,-9.171428571428573,1.4285714285714288,5.507142857142858,259.2857142857143,11.092857142857143,128.57142857142858,2.2142857142857144,15.364285714285714,251.42857142857142,-3.3714285714285714
2022-02-22,1.214285714285714,-9.128571428571428,1.6285714285714288,5.521428571428572,258.57142857142856,11.285714285714286,105.0,2.2142857142857144,15.585714285714287,250.71428571428572,-3.085714285714286
2022-02-23,1.557142857142857,-9.207142857142857,2.3785714285714286,5.621428571428572,250.71428571428572,11.664285714285715,89.28571428571429,2.2142857142857144,16.02857142857143,244.28571428571428,-2.964285714285715
2022-02-24,1.557142857142857,-9.164285714285715,3.0571428571428574,5.771428571428571,260.0,12.114285714285714,72.85714285714286,2.2142857142857144,16.535714285714285,252.14285714285714,-2.2857142857142856
2022-02-25,1.557142857142857,-10.228571428571428,2.307142857142857,5.564285714285715,246.42857142857142,11.828571428571431,60.0,2.2142857142857144,16.150000000000002,238.57142857142858,-3.2071428571428577
2022-02-26,2.4285714285714284,-11.178571428571429,1.242857142857143,5.442857142857143,256.42857142857144,11.671428571428573,50.714285714285715,16.714285714285715,15.892857142857142,248.57142857142858,-4.114285714285715
2022-02-27,2.4285714285714284,-11.578571428571427,0.4142857142857144,5.364285714285714,245.71428571428572,11.385714285714286,55.714285714285715,16.714285714285715,15.478571428571428,245.71428571428572,-5.3500000000000005
2022-02-28,2.4499999999999997,-11.221428571428572,1.242857142857143,5.471428571428572,245.71428571428572,11.928571428571429,59.285714285714285,18.857142857142858,16.085714285714285,246.42857142857142,-4.757142857142858
2022-03-01,2.4499999999999997,-11.221428571428572,1.442857142857143,5.385714285714286,247.14285714285714,12.085714285714287,62.857142857142854,18.642857142857142,16.214285714285715,247.85714285714286,-4.521428571428572
2022-03-02,2.471428571428571,-11.142857142857142,1.9142857142857146,5.464285714285715,236.42857142857142,12.27142857142857,65.0,19.214285714285715,16.571428571428573,237.14285714285714,-4.321428571428572
2022-03-03,2.492857142857143,-10.742857142857144,1.592857142857143,5.035714285714286,245.0,11.535714285714288,68.57142857142857,19.571428571428573,15.614285714285716,245.0,-4.071428571428572
2022-03-04,2.1285714285714286,-11.72857142857143,0.6428571428571431,4.778571428571429,257.85714285714283,11.342857142857143,72.14285714285714,20.5,15.292857142857143,255.71428571428572,-4.964285714285715
2022-03-05,1.3142857142857138,-12.278571428571428,0.4142857142857146,4.550000000000001,247.14285714285714,10.892857142857142,77.14285714285714,19.071428571428573,14.592857142857143,246.42857142857142,-5.607142857142857
2022-03-06,1.3142857142857138,-12.200000000000001,0.6857142857142859,4.221428571428572,237.85714285714286,10.414285714285715,82.14285714285714,18.5,13.892857142857142,235.71428571428572,-5.321428571428571
2022-03-07,1.4571428571428569,-10.97857142857143,1.9142857142857146,4.292857142857144,242.85714285714286,10.378571428571428,85.71428571428571,18.5,14.021428571428572,240.71428571428572,-4.192857142857143
2022-03-08,1.8214285714285712,-10.55,2.1500000000000004,4.15,251.42857142857142,10.378571428571428,83.57142857142857,18.5,13.928571428571429,249.28571428571428,-3.821428571428572
2022-03-09,1.4785714285714282,-10.428571428571429,1.5571428571428574,4.307142857142858,260.0,10.414285714285715,81.42857142857143,18.5,14.057142857142859,257.14285714285717,-3.7428571428571433
2022-03-10,1.4785714285714282,-10.028571428571428,0.8428571428571431,4.071428571428571,251.42857142857142,9.935714285714285,81.42857142857143,18.714285714285715,13.292857142857143,250.0,-4.378571428571429
2022-03-11,1.4785714285714282,-9.35,1.785714285714286,4.000000000000001,265.0,9.835714285714285,81.42857142857143,18.714285714285715,13.107142857142858,270.0,-3.5857142857142863
2022-03-12,0.6071428571428569,-8.557142857142857,2.8071428571428574,3.885714285714286,252.85714285714286,9.678571428571429,81.42857142857143,4.214285714285714,12.97857142857143,258.57142857142856,-2.785714285714286
2022-03-13,2.0785714285714283,-7.842857142857143,3.592857142857143,4.0,261.42857142857144,9.964285714285714,67.14285714285714,17.285714285714285,13.485714285714286,267.85714285714283,-1.9428571428571435
2022-03-14,2.057142857142857,-7.721428571428571,3.400000000000001,3.9214285714285717,260.0,9.642857142857142,67.14285714285714,15.5,13.328571428571427,266.42857142857144,-2.1000000000000005
2022-03-15,2.057142857142857,-6.807142857142857,4.428571428571429,3.971428571428572,250.0,9.485714285714286,63.57142857142857,15.5,13.22857142857143,255.71428571428572,-1.3357142857142865
2022-03-16,2.071428571428571,-5.6571428571428575,4.821428571428571,3.8142857142857145,238.57142857142858,9.071428571428571,57.857142857142854,15.5,12.62142857142857,244.28571428571428,-0.421428571428572
2022-03-17,2.05,-4.95,5.535714285714286,3.8500000000000005,230.0,9.071428571428571,50.714285714285715,15.142857142857142,12.492857142857142,236.42857142857142,0.04999999999999944
2022-03-18,2.0142857142857142,-3.528571428571429,7.035714285714286,3.9642857142857144,217.85714285714286,9.164285714285715,43.57142857142857,14.214285714285714,12.621428571428572,225.0,1.2571428571428565
2022-03-19,2.0142857142857142,-1.8357142857142859,8.3,3.985714285714286,227.14285714285714,9.071428571428571,36.42857142857143,14.214285714285714,12.464285714285714,235.0,2.7999999999999994
2022-03-20,2.3785714285714286,-0.8500000000000002,8.971428571428572,4.007142857142858,222.85714285714286,9.2,29.285714285714285,14.214285714285714,12.657142857142858,231.42857142857142,3.5214285714285714
2022-03-21,2.5785714285714287,-0.7714285714285716,8.414285714285715,3.650000000000001,227.85714285714286,8.757142857142856,23.571428571428573,14.214285714285714,11.757142857142856,235.71428571428572,3.678571428571428
2022-03-22,2.214285714285714,-0.8500000000000002,8.535714285714286,3.764285714285715,230.0,8.628571428571428,23.571428571428573,14.214285714285714,11.664285714285715,237.14285714285714,3.6214285714285706
2022-03-23,2.214285714285714,-0.6142857142857144,8.735714285714286,3.764285714285715,232.85714285714286,8.721428571428572,23.571428571428573,14.214285714285714,11.571428571428571,239.28571428571428,3.6857142857142855
2022-03-24,2.2857142857142856,-0.6142857142857144,8.935714285714285,3.6714285714285717,242.14285714285714,8.435714285714285,23.571428571428573,14.0,11.250000000000002,248.57142857142858,3.8214285714285707
2022-03-25,2.7571428571428567,-0.1857142857142859,8.97857142857143,3.8642857142857148,239.28571428571428,8.692857142857143,23.571428571428573,14.0,11.6,238.57142857142858,4.042857142857143
2022-03-26,3.3357142857142854,0.3214285714285713,9.221428571428572,3.842857142857144,247.85714285714286,8.592857142857143,23.571428571428573,14.0,11.407142857142858,246.42857142857142,4.3999999999999995
2022-03-27,1.8642857142857139,1.0285714285714285,9.421428571428573,3.628571428571429,240.0,8.242857142857144,23.571428571428573,0.9285714285714286,10.807142857142859,237.85714285714286,4.785714285714285
2022-03-28,2.0071428571428567,1.1428571428571426,9.85,3.657142857142858,241.42857142857142,8.27142857142857,12.857142857142858,1.1428571428571428,10.678571428571429,240.0,5.407142857142857
2022-03-29,2.0785714285714283,0.6214285714285711,8.9,3.807142857142858,252.14285714285714,8.428571428571429,5.714285714285714,2.2142857142857144,10.807142857142855,250.71428571428572,4.864285714285714
2022-03-30,2.0428571428571423,0.07142857142857117,8.507142857142858,4.142857142857144,275.7142857142857,8.942857142857143,2.142857142857143,1.8571428571428572,11.414285714285715,272.85714285714283,4.228571428571429
2022-03-31,2.064285714285714,-0.5214285714285717,8.071428571428571,4.135714285714287,273.57142857142856,9.007142857142856,0.0,1.8571428571428572,11.635714285714286,271.42857142857144,3.9571428571428564
2022-04-01,2.1714285714285713,-0.8000000000000002,7.835714285714286,4.05,273.57142857142856,8.942857142857143,0.0,1.8571428571428572,11.7,271.42857142857144,3.6857142857142855
2022-04-02,2.1928571428571426,-1.035714285714286,7.635714285714286,4.1000000000000005,271.42857142857144,9.192857142857141,0.0,1.8571428571428572,12.114285714285714,270.0,3.542857142857143
2022-04-03,1.828571428571428,-1.3071428571428574,7.357142857142857,4.242857142857144,283.57142857142856,9.414285714285713,0.0,1.8571428571428572,12.4,282.14285714285717,3.264285714285714
2022-04-04,1.4857142857142855,-1.6214285714285717,7.278571428571429,4.221428571428572,284.2857142857143,9.35,0.0,1.8571428571428572,12.242857142857144,282.85714285714283,2.871428571428571
2022-04-05,1.5214285714285711,-1.6642857142857146,7.357142857142857,4.1000000000000005,283.57142857142856,9.192857142857145,0.0,1.8571428571428572,12.014285714285714,283.57142857142856,2.807142857142857
2022-04-06,1.5214285714285711,-1.5142857142857145,7.985714285714287,3.828571428571429,272.14285714285717,8.585714285714285,0.0,1.8571428571428572,11.342857142857143,266.42857142857144,3.2071428571428564
2022-04-07,1.4499999999999997,-1.0071428571428576,8.857142857142858,3.8714285714285714,268.57142857142856,8.614285714285714,0.0,1.8571428571428572,11.378571428571428,262.85714285714283,3.8428571428571425
2022-04-08,2.0857142857142854,-0.8071428571428575,9.092857142857143,3.8357142857142863,268.57142857142856,8.642857142857142,0.0,1.8571428571428572,11.442857142857141,262.85714285714283,4.171428571428572
2022-04-09,2.8285714285714283,-0.885714285714286,9.092857142857143,3.8142857142857145,260.7142857142857,8.707142857142857,0.0,1.8571428571428572,11.478571428571428,255.0,4.171428571428572
2022-04-10,3.992857142857143,-0.9214285714285718,8.814285714285713,3.764285714285715,270.0,8.707142857142857,0.0,1.8571428571428572,11.378571428571428,262.85714285714283,4.0928571428571425
2022-04-11,3.85,-0.21428571428571466,9.092857142857143,3.6714285714285717,268.57142857142856,8.55,0.0,1.2857142857142858,11.221428571428573,260.0,4.221428571428571
2022-04-12,3.7785714285714285,0.4642857142857139,10.635714285714286,3.4642857142857144,258.57142857142856,8.364285714285716,0.0,0.21428571428571427,11.028571428571428,250.0,5.228571428571429
2022-04-13,4.142857142857143,1.4071428571428568,11.942857142857145,3.271428571428572,257.14285714285717,8.328571428571427,0.0,0.0,11.214285714285714,248.57142857142858,6.514285714285713
2022-04-14,4.414285714285714,2.271428571428571,12.535714285714286,3.2285714285714286,255.0,8.264285714285714,0.0,0.0,10.992857142857144,245.0,7.185714285714286
2022-04-15,4.9071428571428575,2.3928571428571423,12.892857142857142,3.0071428571428576,250.71428571428572,8.014285714285714,0.0,0.0,10.514285714285716,241.42857142857142,7.45
2022-04-16,4.942857142857143,2.5142857142857133,13.207142857142857,3.0071428571428576,245.0,8.078571428571427,0.0,0.0,10.642857142857142,232.85714285714286,7.585714285714286
2022-04-17,5.035714285714286,2.8285714285714283,13.328571428571427,2.828571428571429,247.85714285714286,7.828571428571428,0.0,0.0,10.292857142857143,235.71428571428572,7.914285714285714
2022-04-18,5.035714285714286,2.864285714285714,13.285714285714286,3.0071428571428576,246.42857142857142,8.142857142857142,0.0,0.0,10.742857142857144,235.71428571428572,8.057142857142857
2022-04-19,5.021428571428571,2.714285714285714,13.407142857142857,2.971428571428572,232.14285714285714,8.364285714285716,0.0,0.0,10.935714285714285,220.71428571428572,8.085714285714285
2022-04-20,7.035714285714286,2.6785714285714284,12.814285714285715,3.1785714285714284,232.85714285714286,8.621428571428572,7.142857142857143,7.642857142857143,11.414285714285715,227.14285714285714,7.857142857142857
2022-04-21,7.035714285714286,2.521428571428571,12.178571428571429,3.3000000000000007,235.71428571428572,8.907142857142857,9.285714285714286,7.642857142857143,11.828571428571431,231.42857142857142,7.5214285714285705
2022-04-22,5.928571428571429,2.0857142857142854,12.378571428571428,3.442857142857143,237.85714285714286,9.200000000000001,9.285714285714286,7.642857142857143,12.271428571428572,234.28571428571428,7.3428571428571425
2022-04-23,4.771428571428571,2.1642857142857137,12.492857142857144,3.628571428571429,248.57142857142858,9.421428571428573,9.285714285714286,7.642857142857143,12.557142857142859,245.71428571428572,7.578571428571428
2022-04-24,3.6071428571428568,1.8928571428571423,12.814285714285715,3.6642857142857146,250.0,9.457142857142857,9.285714285714286,7.642857142857143,12.621428571428572,245.71428571428572,7.664285714285714
2022-04-25,3.607142857142857,1.9714285714285713,13.37142857142857,3.507142857142857,237.85714285714286,9.107142857142858,9.285714285714286,7.642857142857143,12.142857142857142,233.57142857142858,7.921428571428571
2022-04-26,3.607142857142857,2.7571428571428567,13.885714285714286,3.7357142857142867,237.85714285714286,9.392857142857142,9.285714285714286,7.642857142857143,12.621428571428572,232.85714285714286,8.507142857142856
2022-04-27,3.55,2.992857142857143,13.728571428571428,3.7500000000000004,227.85714285714286,9.585714285714287,9.285714285714286,7.642857142857143,12.721428571428573,223.57142857142858,8.65
2022-04-28,3.35,2.914285714285714,13.450000000000001,3.971428571428572,241.42857142857142,9.935714285714285,9.285714285714286,7.642857142857143,13.328571428571431,237.85714285714286,8.549999999999999
2022-04-29,2.75,2.6785714285714284,12.778571428571428,4.385714285714286,257.14285714285717,10.285714285714286,9.285714285714286,7.642857142857143,14.0,252.14285714285714,8.071428571428571
2022-04-30,2.6928571428571426,2.6,12.5,4.6071428571428585,265.7142857142857,10.35,9.285714285714286,7.642857142857143,14.12142857142857,261.42857142857144,7.792857142857143
2022-05-01,2.6,2.3214285714285707,12.814285714285715,4.6571428571428575,265.7142857142857,10.507142857142856,9.285714285714286,7.642857142857143,14.314285714285715,237.85714285714286,7.828571428571428
2022-05-02,2.6,2.3999999999999995,13.607142857142858,4.392857142857143,264.2857142857143,10.064285714285715,9.285714285714286,7.642857142857143,13.77142857142857,236.42857142857142,8.185714285714285
2022-05-03,2.5785714285714287,2.9857142857142853,13.842857142857143,4.435714285714286,265.0,9.807142857142859,9.285714285714286,7.642857142857143,13.450000000000001,240.0,8.67142857142857
2022-05-04,0.7428571428571425,3.6999999999999997,14.757142857142856,4.335714285714286,260.7142857142857,9.807142857142855,2.142857142857143,0.0,13.257142857142856,236.42857142857142,9.328571428571427
2022-05-05,1.2714285714285711,4.414285714285714,14.992857142857144,4.221428571428572,262.85714285714283,9.521428571428572,0.0,0.0,12.907142857142858,225.0,9.842857142857142
2022-05-06,1.2714285714285711,4.885714285714286,15.15,3.978571428571429,251.42857142857142,9.007142857142856,0.0,0.0,12.171428571428573,237.14285714285714,10.135714285714286
2022-05-07,1.107142857142857,4.85,15.392857142857142,3.8714285714285723,252.85714285714286,8.785714285714286,0.0,0.0,11.849999999999998,237.85714285714286,10.178571428571429
2022-05-08,1.107142857142857,5.121428571428571,15.907142857142857,3.964285714285715,251.42857142857142,9.035714285714286,0.0,0.0,12.171428571428573,239.28571428571428,10.478571428571428
2022-05-09,1.107142857142857,5.042857142857142,16.142857142857142,4.014285714285715,265.0,9.292857142857143,0.0,0.0,12.549999999999999,253.57142857142858,10.678571428571427
2022-05-10,1.107142857142857,4.607142857142857,16.264285714285712,3.714285714285715,274.2857142857143,8.942857142857143,0.0,0.0,11.978571428571428,260.0,10.62142857142857
2022-05-11,0.7999999999999997,4.371428571428571,16.857142857142858,3.5642857142857145,280.0,8.435714285714287,0.0,0.0,11.214285714285714,267.14285714285717,10.764285714285714
2022-05-12,0.7071428571428567,4.807142857142856,18.20714285714286,3.3500000000000005,279.2857142857143,8.15,0.0,0.0,10.671428571428573,266.42857142857144,11.571428571428571
2022-05-13,0.7071428571428567,5.442857142857142,19.714285714285715,2.8857142857142866,270.7142857142857,7.635714285714285,0.0,0.0,9.742857142857144,260.0,12.714285714285714
2022-05-14,0.7071428571428567,6.5928571428571425,20.985714285714288,2.7928571428571436,260.7142857142857,7.442857142857143,0.0,0.0,9.299999999999999,250.0,13.992857142857142
2022-05-15,0.7071428571428567,8.02142857142857,22.178571428571427,2.8142857142857154,245.0,7.35,0.0,0.0,9.264285714285714,258.57142857142856,15.228571428571428
2022-05-16,1.557142857142857,9.25,22.535714285714285,2.885714285714286,237.85714285714286,7.442857142857143,0.0,0.0,9.485714285714286,250.0,16.014285714285712
2022-05-17,2.8785714285714286,9.842857142857142,23.45,2.900000000000001,240.0,7.7,0.0,0.0,9.87142857142857,247.14285714285714,16.635714285714283
2022-05-18,3.0285714285714285,9.757142857142856,23.37142857142857,2.978571428571429,254.28571428571428,7.921428571428572,0.0,0.0,10.192857142857141,261.42857142857144,16.757142857142856
2022-05-19,2.5,9.557142857142855,23.72857142857143,3.035714285714286,253.57142857142858,8.178571428571429,0.0,0.0,10.442857142857141,272.85714285714283,16.764285714285712
2022-05-20,3.2785714285714285,9.557142857142859,23.49285714285714,2.9428571428571435,262.14285714285717,8.114285714285716,0.0,0.0,10.349999999999998,257.85714285714283,16.728571428571428
2022-05-21,3.2785714285714285,9.87142857142857,24.24285714285714,3.0857142857142863,251.42857142857142,8.37142857142857,0.0,0.0,10.835714285714287,246.42857142857142,17.107142857142854
2022-05-22,3.642857142857143,11.099999999999998,25.235714285714284,3.2000000000000006,242.14285714285714,8.342857142857143,0.0,0.0,10.992857142857142,236.42857142857142,18.092857142857145
2022-05-23,4.042857142857143,11.814285714285715,25.99285714285714,3.2928571428571436,219.28571428571428,8.464285714285714,0.0,0.0,11.221428571428572,233.57142857142858,18.92142857142857
2022-05-24,4.042857142857143,12.207142857142857,25.557142857142857,3.4785714285714286,220.0,8.592857142857143,0.0,0.0,11.37857142857143,237.14285714285714,18.95
2022-05-25,4.042857142857143,12.207142857142857,25.2,3.5071428571428576,225.71428571428572,8.557142857142857,0.0,0.0,11.407142857142858,241.42857142857142,18.707142857142856
2022-05-26,4.042857142857143,12.128571428571428,24.842857142857145,3.4571428571428577,222.14285714285714,8.335714285714285,0.0,0.0,11.185714285714285,237.85714285714286,18.457142857142856
2022-05-27,4.042857142857143,12.442857142857141,24.364285714285717,3.878571428571429,219.28571428571428,8.87857142857143,0.0,0.0,12.114285714285714,235.0,18.342857142857145
2022-05-28,4.171428571428572,12.478571428571428,23.971428571428568,3.900000000000001,218.57142857142858,8.878571428571428,0.0,0.0,12.592857142857143,235.71428571428572,18.12857142857143
2022-05-29,4.607142857142857,11.921428571428569,23.414285714285715,3.8928571428571432,235.0,8.971428571428572,0.0,0.0,12.721428571428573,251.42857142857142,17.742857142857144
2022-05-30,3.7571428571428567,11.450000000000001,23.61428571428571,3.828571428571429,235.71428571428572,8.907142857142857,0.0,0.0,12.592857142857143,254.28571428571428,17.564285714285713
2022-05-31,2.4357142857142855,11.335714285714285,23.650000000000002,3.735714285714286,237.14285714285714,8.464285714285714,0.0,0.0,12.05,258.57142857142856,17.607142857142858
2022-06-01,2.1071428571428568,11.814285714285715,24.164285714285715,3.721428571428572,236.42857142857142,8.242857142857144,0.0,0.0,11.757142857142856,257.14285714285717,18.085714285714285
2022-06-02,3.5214285714285714,12.249999999999998,24.128571428571426,3.728571428571429,222.85714285714286,8.049999999999999,0.0,0.0,11.535714285714286,242.14285714285714,18.37142857142857
2022-06-03,2.871428571428571,12.885714285714284,24.564285714285713,3.757142857142857,237.85714285714286,8.02142857142857,0.0,0.0,11.407142857142858,255.0,18.8
2022-06-04,2.871428571428571,13.285714285714286,24.407142857142862,3.571428571428572,249.28571428571428,7.7,0.0,0.0,10.957142857142857,265.0,19.057142857142857
2022-06-05,2.5071428571428567,12.65,24.08571428571429,3.485714285714286,255.71428571428572,7.792857142857143,0.0,0.0,10.992857142857144,273.57142857142856,18.664285714285715
2022-06-06,2.1071428571428568,12.492857142857144,23.607142857142858,3.45,279.2857142857143,7.764285714285714,0.0,0.0,10.892857142857142,275.7142857142857,18.264285714285712
2022-06-07,2.1071428571428568,12.578571428571427,24.24285714285714,3.2285714285714286,270.0,7.471428571428571,0.0,0.0,10.542857142857143,267.14285714285717,18.557142857142857
2022-06-08,2.2499999999999996,13.450000000000001,24.835714285714285,3.528571428571429,258.57142857142856,7.885714285714286,0.0,0.0,11.242857142857144,255.71428571428572,19.192857142857143
2022-06-09,2.6857142857142855,13.971428571428572,24.957142857142856,3.6428571428571432,252.85714285714286,8.328571428571427,0.0,0.0,11.85,251.42857142857142,19.5
2022-06-10,4.1,13.814285714285713,24.478571428571428,3.328571428571429,264.2857142857143,7.95,0.0,0.0,11.27142857142857,261.42857142857144,19.29285714285714
2022-06-11,3.971428571428571,13.457142857142857,24.235714285714288,3.1142857142857148,268.57142857142856,7.792857142857143,0.0,0.0,10.692857142857141,263.57142857142856,18.95
2022-06-12,3.5357142857142856,13.378571428571428,24.400000000000002,3.0500000000000003,257.85714285714283,7.571428571428571,0.0,0.0,10.342857142857142,253.57142857142858,18.87142857142857
2022-06-13,3.5357142857142856,13.457142857142857,24.442857142857147,3.2071428571428577,256.42857142857144,7.828571428571428,0.0,0.0,10.628571428571428,251.42857142857142,19.0
2022-06-14,3.5357142857142856,13.614285714285714,24.207142857142856,3.3642857142857148,267.14285714285717,8.014285714285714,0.0,0.0,10.785714285714286,260.7142857142857,19.02142857142857
2022-06-15,3.5357142857142856,13.299999999999999,24.36428571428571,3.2500000000000004,267.14285714285717,8.014285714285714,0.0,0.0,10.85,239.28571428571428,18.885714285714283
2022-06-16,2.121428571428571,13.299999999999999,25.0,3.1000000000000005,277.85714285714283,7.95,0.0,0.0,10.785714285714286,251.42857142857142,19.22142857142857
2022-06-17,2.064285714285714,13.535714285714286,25.4,3.5500000000000007,265.7142857142857,8.492857142857144,0.0,0.0,11.614285714285714,242.14285714285714,19.62142857142857
2022-06-18,2.264285714285714,13.457142857142857,25.6,3.8000000000000003,264.2857142857143,8.907142857142857,0.0,0.0,12.12142857142857,242.85714285714286,19.849999999999998
2022-06-19,2.721428571428571,13.378571428571428,24.571428571428573,3.9571428571428577,267.85714285714283,8.87857142857143,0.0,0.0,12.085714285714287,243.57142857142858,19.478571428571428
2022-06-20,2.721428571428571,13.299999999999999,24.414285714285715,4.242857142857143,244.28571428571428,9.135714285714286,0.0,0.0,12.435714285714285,245.0,19.27142857142857
2022-06-21,2.721428571428571,13.135714285714286,24.292857142857144,4.292857142857144,253.57142857142858,9.428571428571429,0.0,0.0,12.85,255.71428571428572,19.22142857142857
2022-06-22,2.614285714285714,12.62142857142857,23.821428571428573,4.0357142857142865,254.28571428571428,9.114285714285716,0.0,0.0,12.307142857142855,254.28571428571428,18.842857142857145
2022-06-23,2.707142857142857,12.62142857142857,23.62142857142857,4.221428571428572,253.57142857142858,9.085714285714285,0.0,0.0,12.207142857142857,252.14285714285714,18.728571428571428
2022-06-24,1.7285714285714282,12.82142857142857,23.7,4.264285714285714,242.14285714285714,9.142857142857142,0.0,0.0,12.242857142857144,241.42857142857142,18.849999999999998
2022-06-25,1.7285714285714282,12.985714285714286,24.135714285714283,4.164285714285715,249.28571428571428,9.07857142857143,0.0,0.0,12.15,227.14285714285714,19.12142857142857
2022-06-26,1.7285714285714282,13.264285714285714,24.607142857142858,4.1000000000000005,249.28571428571428,9.014285714285714,0.0,0.0,11.992857142857144,226.42857142857142,19.42142857142857
2022-06-27,1.7285714285714282,13.657142857142857,25.0,4.1000000000000005,248.57142857142858,8.97857142857143,0.0,0.0,11.992857142857144,225.71428571428572,19.835714285714285
2022-06-28,3.907142857142857,13.935714285714285,25.07857142857143,4.107142857142858,237.85714285714286,9.014285714285714,0.0,0.0,12.12142857142857,216.42857142857142,20.042857142857144
2022-06-29,3.907142857142857,14.214285714285714,24.921428571428574,4.071428571428572,236.42857142857142,8.857142857142858,0.0,0.0,11.9,237.14285714285714,20.071428571428573
2022-06-30,3.9999999999999996,14.171428571428573,24.95714285714286,4.164285714285715,240.0,9.021428571428572,0.0,0.0,12.121428571428572,240.71428571428572,20.0
2022-07-01,3.928571428571428,13.814285714285713,24.957142857142856,3.7071428571428577,250.71428571428572,8.47857142857143,0.0,0.0,11.328571428571427,250.0,19.8
2022-07-02,3.728571428571428,14.285714285714286,25.192857142857143,3.6071428571428577,240.0,8.221428571428572,0.0,0.0,11.014285714285714,240.0,19.964285714285715
2022-07-03,3.849999999999999,15.0,26.342857142857138,3.414285714285715,237.14285714285714,7.964285714285714,0.0,0.0,10.628571428571428,239.28571428571428,20.792857142857144
2022-07-04,3.849999999999999,15.4,26.7,3.150000000000001,260.0,7.614285714285714,0.0,0.0,10.121428571428572,238.57142857142858,21.357142857142858
2022-07-05,3.849999999999999,15.757142857142856,26.821428571428573,3.1071428571428577,260.0,7.421428571428572,0.0,0.0,9.835714285714285,237.14285714285714,21.571428571428573
2022-07-06,4.542857142857143,15.992857142857144,26.821428571428573,3.0857142857142863,260.0,7.45,0.0,0.0,9.871428571428572,237.85714285714286,21.7
2022-07-07,4.142857142857142,15.992857142857144,27.021428571428572,2.9571428571428577,272.14285714285717,7.3500000000000005,0.0,0.0,9.678571428571429,250.0,21.814285714285717
2022-07-08,3.7071428571428564,15.792857142857141,27.62142857142857,2.785714285714286,259.2857142857143,7.035714285714286,0.0,0.0,9.22857142857143,237.14285714285714,21.971428571428568
2022-07-09,3.7071428571428564,15.749999999999998,27.54285714285714,2.8642857142857148,259.2857142857143,7.2,0.0,0.0,9.485714285714286,260.7142857142857,22.035714285714285
2022-07-10,3.7071428571428564,15.592857142857142,26.907142857142855,2.971428571428572,245.71428571428572,7.328571428571428,0.0,0.0,9.642857142857142,247.85714285714286,21.742857142857144
2022-07-11,3.7071428571428564,15.0,26.471428571428568,2.8571428571428577,245.71428571428572,7.142857142857143,0.0,0.0,9.357142857142858,246.42857142857142,21.192857142857143
2022-07-12,1.5285714285714282,14.721428571428572,26.714285714285715,2.842857142857143,246.42857142857142,7.014285714285714,0.0,0.0,9.228571428571428,244.28571428571428,21.064285714285717
2022-07-13,1.764285714285714,15.078571428571427,27.071428571428573,3.092857142857143,237.85714285714286,7.428571428571429,0.0,0.0,9.742857142857144,235.71428571428572,21.435714285714287
2022-07-14,1.671428571428571,15.435714285714285,27.150000000000002,3.0428571428571436,215.0,7.3,0.0,0.0,9.557142857142859,237.14285714285714,21.66428571428571
2022-07-15,1.7071428571428569,15.557142857142855,27.064285714285713,3.0500000000000007,213.57142857142858,7.428571428571429,0.0,0.0,9.742857142857144,237.85714285714286,21.757142857142856
2022-07-16,1.7071428571428569,15.12142857142857,26.907142857142855,2.850000000000001,225.0,7.207142857142857,0.0,0.0,9.392857142857142,248.57142857142858,21.442857142857143
2022-07-17,1.1285714285714283,14.807142857142859,27.064285714285713,2.7571428571428576,217.85714285714286,7.207142857142856,0.0,0.0,9.335714285714287,240.71428571428572,21.25
2022-07-18,1.1285714285714283,14.921428571428573,27.5,2.6071428571428577,208.57142857142858,6.95,0.0,0.0,9.049999999999999,230.71428571428572,21.428571428571427
2022-07-19,2.9999999999999996,15.357142857142858,27.457142857142856,2.728571428571429,198.57142857142858,7.078571428571428,0.0,0.0,9.207142857142857,220.71428571428572,21.614285714285717
2022-07-20,2.7785714285714285,15.799999999999999,28.207142857142856,2.8142857142857145,207.14285714285714,7.335714285714286,0.0,0.0,9.528571428571428,232.14285714285714,22.099999999999998
2022-07-21,2.7214285714285715,16.157142857142855,28.842857142857145,2.7000000000000006,195.0,7.5,0.0,0.0,9.757142857142856,220.0,22.557142857142853
2022-07-22,3.4857142857142853,16.95,29.235714285714288,2.9285714285714297,208.57142857142858,7.85,0.0,0.0,10.235714285714284,231.42857142857142,23.164285714285715
2022-07-23,3.4857142857142853,17.264285714285712,29.635714285714283,2.9857142857142867,206.42857142857142,7.785714285714286,0.0,0.0,10.235714285714286,227.85714285714286,23.514285714285712
2022-07-24,3.4857142857142853,17.657142857142855,30.392857142857142,3.014285714285715,220.0,7.8500000000000005,0.0,0.0,10.364285714285714,240.0,23.978571428571428
2022-07-25,3.4857142857142853,18.414285714285715,30.792857142857144,3.1642857142857146,220.0,8.135714285714286,0.0,0.0,10.75,240.71428571428572,24.557142857142857
2022-07-26,4.05,18.849999999999998,30.79285714285714,3.285714285714286,219.28571428571428,8.357142857142858,0.0,0.0,11.107142857142858,242.85714285714286,24.764285714285712
2022-07-27,3.8142857142857136,18.607142857142858,30.557142857142853,3.0857142857142863,218.57142857142858,7.971428571428572,0.0,0.0,10.62857142857143,243.57142857142858,24.564285714285713
2022-07-28,3.8142857142857136,18.37142857142857,30.521428571428572,3.078571428571429,231.42857142857142,7.935714285714285,0.0,0.0,10.564285714285715,232.14285714285714,24.457142857142856
2022-07-29,5.628571428571428,18.52857142857143,30.964285714285715,3.128571428571429,225.71428571428572,8.121428571428572,0.0,0.0,10.885714285714286,227.14285714285714,24.63571428571429
2022-07-30,5.628571428571428,18.928571428571427,30.964285714285715,3.2500000000000004,221.42857142857142,8.185714285714285,0.0,0.0,11.042857142857144,222.85714285714286,24.842857142857145
2022-07-31,5.628571428571428,18.928571428571427,30.485714285714284,3.3000000000000003,230.71428571428572,8.221428571428572,0.0,0.0,11.164285714285713,229.28571428571428,24.764285714285712
2022-08-01,5.628571428571428,18.849999999999998,30.285714285714285,3.3571428571428577,230.0,8.35,0.0,0.0,11.35,230.0,24.599999999999998
2022-08-02,3.7571428571428567,18.771428571428572,30.685714285714287,3.335714285714286,230.0,8.314285714285715,0.0,0.0,11.257142857142856,228.57142857142858,24.714285714285715
2022-08-03,3.8999999999999995,18.571428571428573,30.371428571428567,3.342857142857144,222.14285714285714,8.185714285714285,0.0,0.0,11.028571428571428,219.28571428571428,24.62142857142857
2022-08-04,3.8285714285714283,18.09285714285714,30.05,3.3714285714285714,222.14285714285714,7.835714285714286,0.0,0.0,10.578571428571431,218.57142857142858,24.28571428571428
2022-08-05,3.1357142857142857,18.05,29.692857142857143,3.25,222.14285714285714,7.8,0.0,0.0,10.514285714285716,220.71428571428572,24.057142857142857
2022-08-06,3.6785714285714284,18.17142857142857,29.33571428571429,3.1642857142857146,222.14285714285714,7.735714285714286,0.0,0.0,10.257142857142856,221.42857142857142,23.921428571428574
2022-08-07,4.185714285714286,18.25,29.335714285714285,3.0642857142857145,224.28571428571428,7.671428571428571,0.0,0.0,10.192857142857145,225.0,23.892857142857142
2022-08-08,4.185714285714286,18.564285714285713,29.37142857142857,3.0000000000000004,225.71428571428572,7.45,0.0,0.0,9.9,226.42857142857142,24.007142857142856
2022-08-09,3.835714285714286,18.485714285714288,29.092857142857145,2.778571428571429,232.85714285714286,7.228571428571428,0.0,0.0,9.450000000000001,234.28571428571428,23.914285714285715
2022-08-10,3.9071428571428575,18.485714285714288,28.928571428571427,2.828571428571429,245.0,7.292857142857143,0.0,0.0,9.542857142857143,233.57142857142858,23.75
2022-08-11,3.9071428571428575,18.685714285714287,28.771428571428572,2.7285714285714286,240.0,7.1000000000000005,0.0,0.0,9.37857142857143,232.14285714285714,23.61428571428571
2022-08-12,2.457142857142857,18.607142857142858,28.52857142857143,2.635714285714286,247.14285714285714,7.164285714285714,0.0,0.0,9.37857142857143,237.14285714285714,23.442857142857143
2022-08-13,2.457142857142857,18.25,28.05,2.6071428571428577,227.14285714285714,7.228571428571429,0.0,0.0,9.37857142857143,219.28571428571428,23.071428571428573
2022-08-14,2.457142857142857,18.05,28.092857142857138,2.528571428571429,227.14285714285714,7.164285714285714,0.0,0.0,9.314285714285715,222.14285714285714,22.900000000000002
2022-08-15,2.457142857142857,17.735714285714288,27.89285714285714,2.4285714285714293,235.71428571428572,7.0,0.0,0.0,9.092857142857143,230.71428571428572,22.642857142857142
2022-08-16,2.457142857142857,17.3,27.692857142857143,2.342857142857143,246.42857142857142,6.8428571428571425,0.0,0.0,8.9,220.71428571428572,22.342857142857145
2022-08-17,1.8285714285714285,17.1,27.807142857142853,2.228571428571429,236.42857142857142,6.65,0.0,0.0,8.742857142857142,212.14285714285714,22.142857142857142
2022-08-18,1.8285714285714287,17.3,27.65,2.228571428571429,225.71428571428572,6.742857142857142,0.0,0.0,8.871428571428572,222.85714285714286,22.12142857142857
2022-08-19,1.8142857142857145,16.785714285714285,27.457142857142856,2.1857142857142864,235.71428571428572,6.685714285714285,0.0,0.0,8.807142857142859,232.14285714285714,21.771428571428572
2022-08-20,1.2714285714285716,16.507142857142856,27.692857142857147,2.235714285714286,225.71428571428572,6.685714285714286,0.0,0.0,8.871428571428572,222.14285714285714,21.65
2022-08-21,0.7642857142857142,16.314285714285713,27.65,2.1928571428571435,216.42857142857142,6.428571428571429,0.0,0.0,8.585714285714285,218.57142857142858,21.571428571428573
2022-08-22,0.7642857142857142,16.035714285714285,27.571428571428573,2.1928571428571435,216.42857142857142,6.492857142857143,0.0,0.0,8.621428571428572,217.85714285714286,21.414285714285715
2022-08-23,0.5714285714285714,16.235714285714284,27.764285714285712,2.228571428571429,205.71428571428572,6.4,0.0,0.0,8.528571428571428,210.0,21.5
2022-08-24,0.9,16.478571428571428,27.885714285714283,2.064285714285715,199.28571428571428,6.371428571428572,0.0,0.0,8.435714285714285,215.0,21.7
2022-08-25,0.9,16.59285714285714,28.157142857142855,2.135714285714286,207.85714285714286,6.564285714285714,0.0,0.0,8.6,219.28571428571428,21.971428571428568
2022-08-26,0.5,16.75,28.042857142857144,2.214285714285715,207.14285714285714,6.278571428571429,0.0,0.0,8.221428571428572,218.57142857142858,22.02857142857143
2022-08-27,2.585714285714286,16.985714285714284,28.2,2.171428571428572,226.42857142857142,6.692857142857142,0.0,0.0,8.857142857142858,234.28571428571428,22.11428571428571
2022-08-28,2.585714285714286,17.142857142857142,28.157142857142855,2.2071428571428577,225.71428571428572,6.564285714285715,0.0,0.0,8.635714285714286,233.57142857142858,22.17142857142857
2022-08-29,2.585714285714286,17.22142857142857,28.278571428571432,2.3000000000000003,215.71428571428572,6.692857142857143,0.0,0.0,8.735714285714286,225.0,22.24285714285714
2022-08-30,2.585714285714286,17.9,28.4,2.6071428571428577,205.0,7.042857142857143,0.0,0.0,9.25,235.71428571428572,22.599999999999998
2022-08-31,3.5785714285714287,18.178571428571427,28.564285714285713,2.835714285714286,215.0,7.235714285714286,0.0,0.0,9.535714285714286,243.57142857142858,23.014285714285712
2022-09-01,3.685714285714286,18.135714285714286,28.407142857142855,2.9071428571428575,233.57142857142858,7.271428571428571,0.0,0.0,9.62857142857143,242.14285714285714,23.007142857142856
2022-09-02,3.6285714285714286,17.74285714285714,27.964285714285715,3.035714285714286,232.85714285714286,7.271428571428571,0.0,0.0,9.628571428571428,239.28571428571428,22.75
2022-09-03,3.6285714285714286,17.107142857142858,27.52857142857143,3.0071428571428576,231.42857142857142,7.299999999999999,0.0,0.0,9.628571428571428,240.71428571428572,22.264285714285712
2022-09-04,3.6285714285714286,16.864285714285717,27.171428571428574,3.1785714285714293,238.57142857142858,7.714285714285714,0.0,0.0,10.042857142857143,241.42857142857142,22.02857142857143
2022-09-05,3.6285714285714286,16.385714285714283,26.5,3.1428571428571432,248.57142857142858,7.771428571428572,0.0,0.0,10.042857142857143,252.14285714285714,21.5
2022-09-06,3.6285714285714286,15.785714285714286,25.592857142857145,3.042857142857143,239.28571428571428,7.607142857142857,0.0,0.0,9.785714285714286,262.14285714285717,20.757142857142856
2022-09-07,3.4285714285714284,15.464285714285714,25.2,3.057142857142858,228.57142857142858,7.442857142857143,0.0,0.0,9.657142857142857,245.71428571428572,20.357142857142858
2022-09-08,3.4285714285714284,15.22857142857143,24.885714285714283,3.0428571428571436,233.57142857142858,7.3500000000000005,0.0,0.0,9.814285714285715,247.14285714285714,20.107142857142858
2022-09-09,3.4285714285714284,14.914285714285715,24.999999999999996,2.9214285714285717,231.42857142857142,7.1571428571428575,0.0,0.0,9.585714285714287,245.0,19.942857142857143
2022-09-10,1.3428571428571427,14.678571428571429,25.27857142857143,2.8000000000000007,227.14285714285714,6.457142857142857,0.0,0.0,8.6,240.0,20.0
2022-09-11,1.3428571428571427,14.635714285714286,25.63571428571429,2.7642857142857147,218.57142857142858,6.55,0.0,0.0,8.7,230.71428571428572,20.12857142857143
2022-09-12,1.3428571428571427,14.87142857142857,25.592857142857138,2.764285714285715,220.0,6.614285714285714,0.0,0.0,8.821428571428571,230.0,20.25
2022-09-13,1.3428571428571427,14.671428571428573,25.428571428571427,2.400000000000001,226.42857142857142,6.228571428571429,0.0,0.0,8.278571428571428,235.0,20.07857142857143
2022-09-14,4.971428571428571,14.55,24.907142857142862,2.121428571428572,220.71428571428572,6.071428571428571,0.0,0.0,7.957142857142857,230.0,19.685714285714283
2022-09-15,4.957142857142856,14.392857142857142,24.95,2.1928571428571435,225.0,6.292857142857144,0.0,0.0,8.185714285714287,233.57142857142858,19.55
2022-09-16,4.957142857142856,14.307142857142855,24.835714285714285,2.2000000000000006,225.0,6.35,0.0,0.0,8.25,235.71428571428572,19.37857142857143
2022-09-17,4.957142857142856,14.35,24.4,2.2142857142857144,237.14285714285714,6.450000000000001,0.0,0.0,8.378571428571428,222.85714285714286,19.207142857142856
2022-09-18,4.957142857142856,13.914285714285713,23.849999999999998,2.0857142857142863,237.14285714285714,6.192857142857143,0.0,0.0,8.157142857142857,222.85714285714286,18.67142857142857
2022-09-19,5.171428571428571,13.878571428571428,23.85,2.128571428571429,226.42857142857142,6.1,0.0,0.0,8.25,212.14285714285714,18.642857142857142
2022-09-20,8.25,13.842857142857143,24.16428571428571,2.1500000000000004,242.14285714285714,6.228571428571428,0.0,0.0,8.442857142857143,205.0,18.721428571428568
2022-09-21,8.507142857142856,13.642857142857142,23.964285714285715,2.2071428571428577,235.0,6.392857142857143,0.0,0.0,8.571428571428571,204.28571428571428,18.592857142857138
2022-09-22,8.6,13.442857142857141,23.685714285714287,2.342857142857143,225.71428571428572,6.742857142857142,0.0,0.0,8.892857142857142,199.28571428571428,18.264285714285712
2022-09-23,10.27142857142857,13.164285714285713,23.250000000000004,2.714285714285715,227.85714285714286,7.414285714285714,0.0,0.0,9.757142857142858,201.42857142857142,18.185714285714287
2022-09-24,10.27142857142857,12.685714285714285,22.142857142857142,3.128571428571429,236.42857142857142,7.892857142857143,0.0,0.0,10.364285714285716,211.42857142857142,17.442857142857143
2022-09-25,10.27142857142857,12.014285714285716,21.428571428571427,3.221428571428572,247.14285714285714,8.114285714285716,0.0,0.0,10.614285714285714,220.71428571428572,16.77857142857143
2022-09-26,10.921428571428573,11.421428571428569,20.47857142857143,3.192857142857143,247.14285714285714,8.114285714285716,0.0,0.0,10.614285714285716,220.71428571428572,16.04285714285714
2022-09-27,11.085714285714285,11.021428571428572,19.928571428571427,3.3642857142857148,240.71428571428572,8.342857142857143,0.0,0.0,10.964285714285714,216.42857142857142,15.492857142857144
2022-09-28,6.5,10.628571428571428,19.33571428571429,3.6071428571428577,245.71428571428572,8.528571428571428,0.0,0.0,11.285714285714286,221.42857142857142,14.907142857142857
2022-09-29,6.771428571428571,10.507142857142856,18.77857142857143,3.5571428571428574,245.0,8.307142857142857,0.0,0.0,11.028571428571428,220.0,14.535714285714286
2022-09-30,6.771428571428571,10.192857142857141,18.5,3.4928571428571433,246.42857142857142,8.25,0.0,0.0,10.935714285714285,222.85714285714286,14.35
2022-10-01,6.771428571428571,9.792857142857143,18.42142857142857,3.3571428571428577,245.71428571428572,7.892857142857143,0.0,0.0,10.485714285714284,244.28571428571428,14.035714285714283
2022-10-02,6.771428571428571,9.757142857142856,18.25714285714286,3.4071428571428575,257.14285714285717,7.992857142857143,0.0,0.0,10.542857142857143,230.71428571428572,13.892857142857142
2022-10-03,6.557142857142857,9.078571428571427,17.62142857142857,3.471428571428572,267.14285714285717,8.214285714285714,0.0,0.0,10.642857142857142,240.71428571428572,13.299999999999999
2022-10-04,3.457142857142857,8.164285714285713,17.185714285714287,3.4571428571428577,273.57142857142856,8.250000000000002,0.0,0.0,10.707142857142857,245.71428571428572,12.7
2022-10-05,3.0,7.45,17.064285714285713,3.3928571428571432,296.42857142857144,8.085714285714285,0.0,0.0,10.514285714285714,267.85714285714283,12.178571428571429
2022-10-06,2.907142857142857,6.978571428571428,17.064285714285713,3.214285714285715,305.7142857142857,7.671428571428572,0.0,0.0,9.842857142857143,275.0,11.928571428571429
2022-10-07,1.2357142857142855,6.742857142857142,17.264285714285716,2.885714285714286,297.85714285714283,7.1000000000000005,0.0,0.0,9.07857142857143,265.7142857142857,11.599999999999998
2022-10-08,1.5999999999999999,6.785714285714285,17.735714285714288,2.714285714285715,297.14285714285717,7.064285714285715,0.0,0.0,9.107142857142858,265.7142857142857,11.957142857142857
2022-10-09,1.6214285714285714,6.742857142857142,17.142857142857146,2.728571428571429,292.85714285714283,6.878571428571428,0.0,0.0,8.921428571428573,265.7142857142857,11.642857142857142
2022-10-10,1.042857142857143,6.5,16.942857142857143,2.857142857142858,293.57142857142856,7.071428571428571,0.0,0.0,9.150000000000002,266.42857142857144,11.45
2022-10-11,0.9,5.707142857142856,16.42142857142857,2.692857142857143,305.0,6.878571428571429,0.0,0.0,8.828571428571427,277.14285714285717,10.885714285714284
2022-10-12,0.8428571428571427,4.914285714285714,16.5,2.471428571428572,305.0,6.628571428571428,0.0,0.0,8.450000000000001,275.7142857142857,10.442857142857141
2022-10-13,0.47857142857142854,4.3999999999999995,16.77857142857143,2.471428571428572,295.0,6.814285714285715,0.0,0.0,8.735714285714286,265.7142857142857,10.349999999999998
2022-10-14,2.6714285714285713,4.8357142857142845,17.335714285714285,2.578571428571429,282.85714285714283,7.064285714285715,0.0,0.0,9.178571428571429,252.85714285714286,10.764285714285714
2022-10-15,3.6499999999999995,5.078571428571428,17.29285714285714,2.585714285714286,267.85714285714283,7.128571428571428,0.0,0.0,9.307142857142855,237.14285714285714,11.007142857142854
2022-10-16,3.6499999999999995,4.957142857142856,17.414285714285715,2.6071428571428577,256.42857142857144,7.314285714285714,0.0,0.0,9.664285714285715,250.71428571428572,11.007142857142856
2022-10-17,3.6499999999999995,5.0,17.650000000000002,2.3714285714285723,257.14285714285717,6.935714285714286,0.0,0.0,9.15,251.42857142857142,11.157142857142857
2022-10-18,3.9214285714285713,5.157142857142857,17.607142857142858,2.3714285714285723,245.0,6.935714285714285,0.0,0.0,9.114285714285714,240.0,11.235714285714284
2022-10-19,3.9428571428571426,5.3999999999999995,17.485714285714284,2.4785714285714286,235.71428571428572,7.128571428571428,0.0,0.0,9.428571428571429,230.71428571428572,11.428571428571429
2022-10-20,3.9428571428571426,5.078571428571428,16.849999999999998,2.6928571428571435,226.42857142857142,7.507142857142858,0.0,0.0,9.935714285714285,225.0,11.1
2022-10-21,3.9428571428571426,4.999999999999999,15.857142857142858,2.9285714285714293,224.28571428571428,7.792857142857143,0.0,0.0,10.378571428571428,223.57142857142858,10.678571428571427
2022-10-22,3.5785714285714283,4.721428571428571,15.542857142857144,2.964285714285715,213.57142857142858,7.671428571428572,0.0,0.0,10.221428571428572,216.42857142857142,10.278571428571427
2022-10-23,3.557142857142857,5.121428571428571,16.22142857142857,3.128571428571429,207.14285714285714,7.921428571428572,0.0,0.0,10.599999999999998,207.14285714285714,10.707142857142856
2022-10-24,3.4857142857142853,5.164285714285713,16.821428571428573,2.9285714285714293,206.42857142857142,7.507142857142857,0.0,0.0,10.12142857142857,206.42857142857142,11.049999999999999
2022-10-25,3.9928571428571424,5.678571428571429,17.257142857142856,2.9285714285714293,190.0,7.571428571428571,0.0,0.0,10.157142857142857,190.71428571428572,11.464285714285712
2022-10-26,4.05,6.707142857142856,17.735714285714288,3.021428571428572,189.28571428571428,7.635714285714286,0.0,0.0,10.25,191.42857142857142,12.242857142857142
2022-10-27,4.285714285714286,7.421428571428571,18.014285714285716,2.9571428571428577,190.0,7.385714285714286,0.0,0.0,10.028571428571428,192.85714285714286,12.757142857142854
2022-10-28,2.0928571428571425,6.942857142857143,17.657142857142855,2.9571428571428577,200.0,7.357142857142857,0.0,0.0,9.87142857142857,202.85714285714286,12.414285714285715
2022-10-29,1.1142857142857143,6.428571428571429,17.185714285714287,2.978571428571429,215.0,7.357142857142857,0.0,0.0,9.807142857142859,220.71428571428572,11.885714285714284
2022-10-30,1.1142857142857143,6.035714285714286,16.95,2.8785714285714294,215.0,7.107142857142857,0.0,0.0,9.392857142857142,220.71428571428572,11.521428571428572
2022-10-31,1.1142857142857143,5.642857142857143,17.02857142857143,2.9785714285714286,205.0,7.2,0.0,0.0,9.65,210.0,11.207142857142856
2022-11-01,0.8428571428571429,5.685714285714285,17.22857142857143,3.092857142857143,208.57142857142858,7.292857142857144,0.0,0.0,9.842857142857143,213.57142857142858,11.492857142857142
2022-11-02,0.8571428571428571,5.764285714285713,17.428571428571427,3.000000000000001,208.57142857142858,7.2,0.0,0.0,9.657142857142857,214.28571428571428,11.75
2022-11-03,0.8571428571428571,5.8428571428571425,17.70714285714286,2.8000000000000003,218.57142857142858,6.885714285714285,0.0,0.0,9.242857142857144,224.28571428571428,11.964285714285714
2022-11-04,0.8571428571428571,5.521428571428571,18.42142857142857,2.6785714285714293,219.28571428571428,6.757142857142858,0.0,0.0,9.114285714285714,226.42857142857142,12.057142857142855
2022-11-05,0.8571428571428571,6.114285714285714,18.821428571428573,2.764285714285715,220.0,6.942857142857142,0.0,0.0,9.335714285714287,223.57142857142858,12.507142857142856
2022-11-06,0.8571428571428571,6.514285714285713,19.014285714285712,2.900000000000001,219.28571428571428,7.135714285714285,0.0,0.0,9.557142857142859,223.57142857142858,12.885714285714286
2022-11-07,2.164285714285714,7.35,19.285714285714285,3.2714285714285722,219.28571428571428,7.707142857142857,0.0,0.0,10.414285714285715,223.57142857142858,13.428571428571429
2022-11-08,1.6357142857142857,7.271428571428571,19.285714285714285,3.6071428571428577,232.85714285714286,8.15,0.0,0.0,11.114285714285716,234.28571428571428,13.685714285714285
2022-11-09,1.5785714285714287,6.278571428571428,18.17142857142857,3.807142857142858,243.57142857142858,8.564285714285713,0.0,0.0,11.464285714285714,245.0,12.87857142857143
2022-11-10,1.342857142857143,5.014285714285714,17.135714285714286,3.8571428571428577,242.85714285714286,8.785714285714285,0.0,0.0,11.685714285714285,245.0,11.7
2022-11-11,1.342857142857143,5.292857142857143,17.214285714285715,4.021428571428572,234.28571428571428,8.75,0.0,0.0,11.721428571428573,236.42857142857142,11.571428571428571
2022-11-12,2.2285714285714286,6.278571428571428,17.928571428571427,4.257142857142858,225.71428571428572,9.135714285714286,0.0,0.0,12.328571428571427,225.0,12.357142857142858
2022-11-13,4.007142857142857,6.985714285714286,18.285714285714285,4.4,225.71428571428572,9.321428571428571,0.0,0.0,12.614285714285716,224.28571428571428,13.064285714285713
2022-11-14,4.042857142857143,7.1,17.650000000000002,4.471428571428572,234.28571428571428,9.542857142857143,0.0,0.0,12.807142857142859,232.85714285714286,13.071428571428571
2022-11-15,4.042857142857143,6.628571428571428,16.7,4.5357142857142865,242.85714285714286,9.635714285714286,0.0,0.0,12.935714285714285,241.42857142857142,12.235714285714286
2022-11-16,4.0285714285714285,5.764285714285713,15.707142857142857,4.500000000000001,241.42857142857142,9.571428571428571,0.0,0.0,12.835714285714287,239.28571428571428,11.142857142857142
2022-11-17,4.792857142857143,5.528571428571428,14.757142857142858,4.571428571428572,241.42857142857142,9.728571428571428,3.5714285714285716,5.428571428571429,12.964285714285714,237.85714285714286,10.450000000000001
2022-11-18,4.814285714285715,5.3,13.485714285714286,4.700000000000001,248.57142857142858,9.857142857142858,7.142857142857143,5.428571428571429,13.092857142857143,245.0,9.87857142857143
2022-11-19,4.814285714285715,4.235714285714286,12.292857142857143,4.571428571428572,251.42857142857142,9.635714285714286,9.285714285714286,5.428571428571429,12.835714285714285,247.14285714285714,8.757142857142856
2022-11-20,4.814285714285715,3.0071428571428567,10.864285714285714,4.385714285714286,252.14285714285714,9.285714285714286,9.285714285714286,5.428571428571429,12.485714285714284,248.57142857142858,7.428571428571429
2022-11-21,3.507142857142857,1.307142857142857,9.164285714285715,4.4142857142857155,259.2857142857143,9.35,9.285714285714286,5.428571428571429,12.585714285714285,256.42857142857144,5.85
2022-11-22,3.5071428571428567,0.049999999999999566,8.178571428571429,4.4785714285714295,250.0,9.450000000000001,9.285714285714286,5.428571428571429,12.714285714285714,250.71428571428572,4.3428571428571425
2022-11-23,3.5071428571428567,-0.17857142857142902,7.942857142857143,4.228571428571429,249.28571428571428,9.257142857142856,9.285714285714286,5.428571428571429,12.650000000000002,245.71428571428572,3.9499999999999997
2022-11-24,3.5071428571428567,-0.02142857142857186,7.3500000000000005,4.078571428571429,237.85714285714286,8.842857142857143,9.285714285714286,5.428571428571429,12.042857142857143,233.57142857142858,3.785714285714285
2022-11-25,3.5071428571428567,-0.9214285714285718,6.557142857142857,3.7428571428571433,237.14285714285714,8.592857142857143,9.285714285714286,5.428571428571429,11.657142857142857,232.14285714285714,3.0642857142857136
2022-11-26,2.621428571428571,-1.6357142857142861,5.678571428571429,3.9142857142857146,247.14285714285714,8.685714285714285,9.285714285714286,5.428571428571429,11.757142857142858,242.14285714285714,2.371428571428571
2022-11-27,0.8428571428571429,-2.1500000000000004,4.8,3.9571428571428577,255.0,8.721428571428572,9.285714285714286,5.428571428571429,11.95,252.85714285714286,1.571428571428571
2022-11-28,1.692857142857143,-2.228571428571429,5.0,3.8857142857142866,246.42857142857142,8.657142857142857,9.285714285714286,5.428571428571429,11.914285714285713,244.28571428571428,1.521428571428571
2022-11-29,1.7857142857142858,-1.9928571428571435,5.078571428571429,3.95,246.42857142857142,8.692857142857143,9.285714285714286,5.428571428571429,11.87857142857143,245.71428571428572,1.735714285714285
2022-11-30,1.7642857142857142,-1.6857142857142864,5.0,4.071428571428572,245.71428571428572,8.785714285714286,9.285714285714286,5.428571428571429,11.978571428571428,245.0,1.8285714285714278
2022-12-01,1.7285714285714289,-1.6071428571428577,5.514285714285714,4.328571428571429,242.14285714285714,9.200000000000001,5.714285714285714,0.0,12.65,241.42857142857142,2.1142857142857134
2022-12-02,1.707142857142857,-1.4928571428571433,5.5928571428571425,4.371428571428572,240.0,9.328571428571427,2.142857142857143,0.0,12.971428571428572,240.71428571428572,2.221428571428571
2022-12-03,1.707142857142857,-1.4928571428571433,5.714285714285714,4.4,236.42857142857142,9.585714285714285,0.0,0.0,13.357142857142858,237.85714285714286,2.3142857142857136
2022-12-04,1.8857142857142857,-1.1000000000000003,6.192857142857143,4.614285714285715,235.71428571428572,10.064285714285715,0.0,0.0,13.935714285714287,237.14285714285714,2.7428571428571424
2022-12-05,1.8857142857142857,-0.6642857142857148,6.428571428571429,4.4785714285714295,235.71428571428572,9.871428571428572,0.0,0.0,13.485714285714286,236.42857142857142,2.921428571428571
2022-12-06,1.8857142857142857,-4.758098676964956e-16,6.464285714285714,4.471428571428572,236.42857142857142,9.707142857142857,0.0,0.0,13.292857142857143,236.42857142857142,3.364285714285714
2022-12-07,2.1214285714285714,0.5071428571428567,6.9,4.542857142857144,226.42857142857142,9.642857142857142,0.0,0.0,13.228571428571428,231.42857142857142,3.6999999999999993
2022-12-08,3.1,1.021428571428571,7.65,4.642857142857143,234.28571428571428,9.77142857142857,0.0,0.0,13.421428571428573,238.57142857142858,4.364285714285714
2022-12-09,3.1,1.2928571428571425,7.65,4.714285714285714,245.0,9.8,0.0,0.0,13.421428571428573,226.42857142857142,4.664285714285713
2022-12-10,3.1,0.5499999999999996,7.057142857142858,4.528571428571429,246.42857142857142,9.549999999999999,0.0,0.0,13.035714285714286,227.14285714285714,4.107142857142857
2022-12-11,3.1,-0.3142857142857148,6.114285714285714,4.385714285714286,249.28571428571428,9.292857142857143,0.0,0.0,12.521428571428572,227.14285714285714,3.271428571428571
2022-12-12,2.3785714285714286,-0.8642857142857148,5.242857142857143,4.342857142857143,243.57142857142858,9.071428571428571,0.0,1.7857142857142858,12.235714285714286,223.57142857142858,2.4499999999999997
2022-12-13,2.2857142857142856,-1.6928571428571433,4.6571428571428575,4.2,221.42857142857142,8.914285714285715,2.142857142857143,2.142857142857143,12.078571428571427,200.0,1.7642857142857136
2022-12-14,2.307142857142857,-2.5571428571428574,4.428571428571429,4.2,232.85714285714286,9.428571428571429,4.285714285714286,3.0714285714285716,12.714285714285714,210.71428571428572,1.1285714285714281
2022-12-15,1.5785714285714285,-3.1428571428571432,3.6000000000000005,4.042857142857143,237.85714285714286,9.235714285714286,7.857142857142857,3.0714285714285716,12.392857142857142,215.71428571428572,0.4714285714285709
2022-12-16,1.5785714285714287,-3.6142857142857148,3.6785714285714284,3.764285714285715,227.85714285714286,8.95,10.0,3.0714285714285716,11.757142857142856,203.57142857142858,0.14999999999999947
2022-12-17,2.392857142857143,-3.378571428571429,3.557142857142857,3.6785714285714293,225.0,8.6,12.142857142857142,10.357142857142858,11.214285714285714,200.71428571428572,0.19999999999999948
2022-12-18,2.957142857142857,-3.771428571428572,2.9642857142857144,3.264285714285715,234.28571428571428,7.964285714285714,28.571428571428573,18.857142857142858,10.257142857142856,210.0,-0.22142857142857192
2022-12-19,2.957142857142857,-3.8500000000000005,2.764285714285714,3.092857142857143,235.0,7.714285714285714,42.857142857142854,18.857142857142858,10.0,210.71428571428572,-0.35714285714285765
2022-12-20,2.957142857142857,-4.121428571428572,2.371428571428571,2.8928571428571432,244.28571428571428,7.685714285714285,57.142857142857146,19.571428571428573,9.807142857142859,220.0,-0.5500000000000005
2022-12-21,2.721428571428571,-4.9071428571428575,1.5785714285714287,2.821428571428572,255.0,7.528571428571428,70.0,19.928571428571427,9.549999999999999,230.71428571428572,-1.0857142857142863
2022-12-22,1.7428571428571427,-5.971428571428572,0.5928571428571429,2.778571428571429,258.57142857142856,7.5928571428571425,82.85714285714286,19.928571428571427,9.578571428571427,235.0,-2.1000000000000005
2022-12-23,1.7642857142857142,-6.485714285714287,0.39285714285714285,2.6428571428571432,245.71428571428572,7.592857142857143,95.71428571428571,19.928571428571427,9.642857142857142,245.71428571428572,-2.721428571428572
2022-12-24,3.1999999999999997,-6.685714285714286,1.342857142857143,2.9214285714285717,228.57142857142858,8.55,106.42857142857143,25.714285714285715,11.207142857142857,230.0,-2.2642857142857147
2022-12-25,3.2214285714285715,-6.921428571428572,0.9071428571428573,3.4285714285714293,217.85714285714286,9.064285714285715,113.57142857142857,26.071428571428573,11.942857142857145,217.85714285714286,-2.535714285714286
2022-12-26,3.0571428571428574,-7.1571428571428575,0.7142857142857143,3.8071428571428574,223.57142857142858,9.542857142857144,120.71428571428571,24.285714285714285,12.521428571428572,221.42857142857142,-2.842857142857143
2022-12-27,3.0571428571428574,-6.8428571428571425,0.75,3.9214285714285717,236.42857142857142,9.700000000000001,125.71428571428571,23.928571428571427,12.714285714285714,235.0,-2.8000000000000007
2022-12-28,3.0357142857142856,-6.328571428571429,0.75,4.028571428571429,226.42857142857142,9.314285714285715,129.28571428571428,23.0,12.235714285714284,226.42857142857142,-2.4785714285714286
2022-12-29,3.0357142857142856,-6.05,0.9857142857142857,4.064285714285715,215.71428571428572,9.192857142857141,129.28571428571428,23.0,12.142857142857142,216.42857142857142,-2.278571428571429
2022-12-30,3.0357142857142856,-5.614285714285715,1.307142857142857,4.228571428571429,220.71428571428572,9.37857142857143,129.28571428571428,23.0,12.492857142857142,221.42857142857142,-1.8500000000000003
2022-12-31,2.2214285714285715,-5.142857142857144,2.057142857142857,4.378571428571429,224.28571428571428,9.6,127.14285714285714,15.714285714285714,12.778571428571427,225.71428571428572,-1.2928571428571434
2023-01-01,1.75,-4.271428571428571,2.85,4.607142857142857,215.71428571428572,9.885714285714284,110.71428571428571,7.214285714285714,13.192857142857145,216.42857142857142,-0.5142857142857148
2023-01-02,1.842857142857143,-3.885714285714286,3.5285714285714285,4.757142857142858,216.42857142857142,10.171428571428573,96.42857142857143,7.214285714285714,13.549999999999999,215.71428571428572,0.09999999999999958
2023-01-03,1.8428571428571427,-3.6857142857142864,4.0,4.614285714285715,212.14285714285714,9.85,82.14285714285714,6.5,13.235714285714286,213.57142857142858,0.44285714285714245
2023-01-04,1.8785714285714283,-3.407142857142858,4.3999999999999995,4.4785714285714295,210.71428571428572,9.592857142857143,69.28571428571429,6.142857142857143,12.885714285714286,211.42857142857142,0.6499999999999996
2023-01-05,3.0785714285714283,-2.7000000000000006,4.635714285714285,4.500000000000001,218.57142857142858,9.492857142857144,56.42857142857143,6.142857142857143,12.7,219.28571428571428,1.0857142857142854
2023-01-06,3.707142857142857,-2.107142857142858,4.871428571428572,4.557142857142858,220.71428571428572,9.364285714285716,43.57142857142857,6.142857142857143,12.542857142857144,227.85714285714286,1.578571428571428
2023-01-07,2.3285714285714287,-1.3571428571428577,4.435714285714286,4.085714285714286,225.71428571428572,8.278571428571428,32.857142857142854,0.35714285714285715,10.757142857142856,234.28571428571428,1.414285714285714
2023-01-08,2.342857142857143,-0.8428571428571434,5.378571428571428,3.785714285714286,235.71428571428572,8.05,25.714285714285715,0.0,10.407142857142857,247.85714285714286,2.221428571428571
2023-01-09,2.3642857142857143,-0.5642857142857148,5.5,3.414285714285715,235.71428571428572,7.571428571428571,18.571428571428573,0.21428571428571427,9.864285714285714,247.85714285714286,2.4857142857142853
2023-01-10,2.3642857142857143,-0.6000000000000005,5.8500000000000005,3.2071428571428577,243.57142857142858,7.314285714285714,11.428571428571429,0.21428571428571427,9.607142857142858,255.71428571428572,2.585714285714285
2023-01-11,2.3857142857142857,-0.9142857142857148,6.078571428571429,3.2071428571428577,254.28571428571428,7.535714285714286,5.714285714285714,0.42857142857142855,9.928571428571429,265.7142857142857,2.657142857142857
2023-01-12,2.3857142857142857,-1.514285714285715,5.807142857142857,3.0071428571428576,252.14285714285714,7.278571428571429,2.142857142857143,0.42857142857142855,9.542857142857143,263.57142857142856,2.228571428571428
2023-01-13,2.842857142857143,-1.5928571428571434,5.371428571428572,2.9071428571428575,251.42857142857142,7.028571428571428,0.0,1.5,9.221428571428572,263.57142857142856,1.8928571428571423
2023-01-14,3.892857142857143,-2.414285714285715,4.542857142857143,2.8642857142857148,262.14285714285717,6.992857142857143,0.0,5.642857142857143,9.157142857142857,275.0,1.2428571428571424
2023-01-15,3.621428571428571,-3.6000000000000005,3.3214285714285716,2.9071428571428575,273.57142857142856,6.957142857142857,3.5714285714285716,5.857142857142857,9.185714285714285,262.14285714285717,0.07857142857142817
2023-01-16,3.5285714285714285,-4.500000000000001,2.2142857142857144,2.9785714285714286,252.14285714285714,6.8,7.142857142857143,6.071428571428571,8.957142857142857,242.85714285714286,-0.9714285714285718
2023-01-17,3.5285714285714285,-5.135714285714286,1.3928571428571428,3.15,257.85714285714283,6.928571428571429,10.714285714285714,6.071428571428571,9.05,247.14285714285714,-1.8500000000000003
2023-01-18,3.5142857142857147,-5.457142857142857,1.1500000000000001,3.2642857142857147,250.0,6.992857142857142,14.285714285714286,6.071428571428571,9.214285714285714,238.57142857142858,-2.1428571428571432
2023-01-19,2.3142857142857145,-5.692857142857143,1.1857142857142857,3.157142857142858,244.28571428571428,6.864285714285714,17.857142857142858,6.071428571428571,9.15,232.14285714285714,-2.1928571428571435
2023-01-20,2.2071428571428573,-5.885714285714286,0.7928571428571429,3.057142857142858,239.28571428571428,6.707142857142857,27.142857142857142,12.785714285714286,8.921428571428573,220.71428571428572,-2.4285714285714293
2023-01-21,2.585714285714286,-6.121428571428572,0.4357142857142858,3.135714285714286,250.0,6.8999999999999995,36.42857142857143,16.571428571428573,9.171428571428573,229.28571428571428,-2.578571428571429
2023-01-22,2.5500000000000003,-6.042857142857144,0.12857142857142861,2.8928571428571432,250.0,6.714285714285714,47.142857142857146,16.571428571428573,8.87857142857143,229.28571428571428,-2.8071428571428574
2023-01-23,2.707142857142857,-5.685714285714286,0.16428571428571434,2.9714285714285715,248.57142857142858,6.878571428571428,60.0,18.5,9.1,228.57142857142858,-2.5571428571428574
2023-01-24,2.907142857142857,-5.292857142857144,-0.028571428571428532,3.107142857142857,252.14285714285714,7.135714285714286,74.28571428571429,21.428571428571427,9.357142857142858,231.42857142857142,-2.400000000000001
2023-01-25,2.907142857142857,-4.742857142857143,0.0142857142857143,3.0857142857142863,252.85714285714286,6.914285714285714,88.57142857142857,21.428571428571427,9.1,227.14285714285714,-2.2000000000000006
2023-01-26,3.542857142857143,-4.421428571428573,0.1642857142857143,3.1785714285714293,249.28571428571428,7.071428571428571,102.85714285714286,27.428571428571427,9.264285714285716,223.57142857142858,-1.864285714285715
2023-01-27,3.4285714285714284,-4.542857142857144,0.04285714285714289,3.228571428571429,257.85714285714283,7.321428571428571,122.85714285714286,29.428571428571427,9.650000000000002,231.42857142857142,-1.8785714285714292
2023-01-28,2.3785714285714286,-4.707142857142857,-0.035714285714285664,3.1428571428571432,247.14285714285714,7.135714285714285,142.85714285714286,25.285714285714285,9.557142857142859,217.85714285714286,-2.1071428571428577
2023-01-29,2.3785714285714286,-4.314285714285715,0.6285714285714287,3.135714285714286,235.0,7.299999999999999,157.14285714285714,25.071428571428573,9.814285714285715,230.0,-1.671428571428572
2023-01-30,2.4499999999999997,-4.1571428571428575,1.292857142857143,2.978571428571429,235.0,7.264285714285714,171.42857142857142,25.785714285714285,9.785714285714286,242.14285714285714,-1.1500000000000006
2023-01-31,2.507142857142857,-4.1571428571428575,1.2071428571428573,2.8000000000000007,211.42857142857142,7.2,185.71428571428572,27.071428571428573,9.75,217.14285714285714,-1.0500000000000005
2023-02-01,2.542857142857143,-4.671428571428572,0.6571428571428573,2.878571428571429,220.71428571428572,7.55,202.14285714285714,30.142857142857142,10.064285714285715,227.14285714285714,-1.421428571428572
2023-02-02,2.542857142857143,-5.9,0.0714285714285715,2.935714285714286,219.28571428571428,7.714285714285714,218.57142857142858,30.142857142857142,10.257142857142856,225.71428571428572,-2.378571428571429
2023-02-03,2.0,-6.257142857142858,-0.04999999999999993,3.335714285714286,235.0,8.414285714285715,227.14285714285714,23.642857142857142,11.150000000000002,241.42857142857142,-2.757142857142857
2023-02-04,1.5642857142857145,-7.885714285714286,-0.5142857142857142,3.807142857142858,234.28571428571428,8.857142857142858,234.28571428571428,19.857142857142858,11.692857142857141,241.42857142857142,-3.821428571428572
2023-02-05,1.5642857142857145,-9.392857142857142,-1.307142857142857,4.078571428571429,232.85714285714286,9.171428571428573,240.0,19.857142857142858,12.078571428571427,229.28571428571428,-5.307142857142858
2023-02-06,1.385714285714286,-10.107142857142858,-0.9928571428571428,4.321428571428572,233.57142857142858,9.421428571428573,243.57142857142858,17.714285714285715,12.492857142857144,228.57142857142858,-5.678571428571429
2023-02-07,1.1857142857142857,-10.700000000000001,-0.6785714285714286,4.278571428571429,233.57142857142858,9.421428571428573,245.71428571428572,14.785714285714286,12.428571428571429,228.57142857142858,-5.564285714285715
2023-02-08,1.1642857142857144,-11.60714285714286,-0.6785714285714286,4.4071428571428575,222.14285714285714,9.9,247.85714285714286,14.571428571428571,13.292857142857143,221.42857142857142,-6.028571428571429
2023-02-09,0.5642857142857143,-11.25,-0.19999999999999998,4.421428571428572,227.85714285714286,10.092857142857142,250.0,8.571428571428571,13.607142857142858,227.14285714285714,-5.585714285714286
2023-02-10,1.0571428571428572,-11.328571428571431,0.12142857142857147,4.4071428571428575,218.57142857142858,10.092857142857143,244.28571428571428,5.857142857142857,13.571428571428571,217.14285714285714,-5.564285714285715
2023-02-11,1.2,-10.700000000000001,0.5142857142857143,4.485714285714286,222.85714285714286,10.314285714285715,231.42857142857142,5.857142857142857,13.857142857142858,222.14285714285714,-4.985714285714286
2023-02-12,1.2,-10.935714285714287,0.3571428571428572,4.385714285714286,222.85714285714286,10.214285714285714,220.71428571428572,6.071428571428571,13.664285714285713,229.28571428571428,-5.057142857142858
2023-02-13,1.1285714285714286,-10.578571428571427,0.5571428571428572,4.3500000000000005,236.42857142857142,10.214285714285714,210.0,5.142857142857143,13.757142857142858,230.71428571428572,-5.042857142857144
2023-02-14,1.0714285714285714,-10.178571428571429,1.5071428571428573,4.342857142857143,259.2857142857143,10.12142857142857,199.28571428571428,3.857142857142857,13.571428571428571,242.85714285714286,-4.514285714285714
2023-02-15,1.0142857142857145,-9.342857142857143,2.457142857142857,4.2857142857142865,257.14285714285717,9.992857142857144,186.42857142857142,0.7857142857142857,13.542857142857143,240.71428571428572,-3.671428571428572
2023-02-16,1.0142857142857145,-8.15,3.8000000000000003,4.5357142857142865,256.42857142857144,10.471428571428572,172.14285714285714,0.7857142857142857,14.207142857142856,240.0,-2.4571428571428577
2023-02-17,1.0142857142857145,-7.521428571428572,4.75,4.335714285714286,254.28571428571428,10.314285714285715,154.28571428571428,0.5714285714285714,14.114285714285714,237.85714285714286,-1.471428571428572
2023-02-18,1.192857142857143,-6.250000000000001,5.178571428571429,4.057142857142858,254.28571428571428,10.221428571428573,137.85714285714286,2.0,13.992857142857144,240.0,-0.5857142857142862
2023-02-19,1.192857142857143,-5.142857142857143,6.085714285714286,3.8785714285714294,245.71428571428572,9.935714285714285,123.57142857142857,2.0,13.671428571428573,240.0,0.6428571428571423
2023-02-20,1.192857142857143,-4.314285714285715,6.321428571428571,3.7714285714285722,246.42857142857142,9.935714285714285,107.14285714285714,2.0,13.607142857142858,241.42857142857142,1.2642857142857138
2023-02-21,1.192857142857143,-3.7571428571428576,6.6000000000000005,3.8785714285714294,235.0,9.935714285714285,90.71428571428571,2.0,13.764285714285716,229.28571428571428,1.635714285714285
2023-02-22,1.192857142857143,-3.321428571428572,6.8,3.7357142857142867,239.28571428571428,9.549999999999999,74.28571428571429,2.0,13.028571428571428,234.28571428571428,1.971428571428571
2023-02-23,1.2642857142857145,-3.6428571428571432,6.521428571428572,3.828571428571429,250.71428571428572,9.457142857142857,57.857142857142854,2.9285714285714284,12.935714285714285,244.28571428571428,1.6428571428571423
2023-02-24,1.4071428571428573,-3.9214285714285717,5.6499999999999995,3.842857142857144,262.14285714285717,9.207142857142857,54.285714285714285,13.785714285714286,12.585714285714285,255.71428571428572,1.1714285714285708
2023-02-25,1.2642857142857145,-5.064285714285715,4.55,3.842857142857144,269.2857142857143,9.235714285714286,57.857142857142854,14.142857142857142,12.457142857142856,263.57142857142856,0.11428571428571388
2023-02-26,1.3571428571428572,-6.292857142857144,3.6,3.607142857142858,269.2857142857143,8.857142857142858,61.42857142857143,14.642857142857142,12.014285714285716,257.14285714285717,-0.9571428571428575
2023-02-27,1.4285714285714286,-7.4071428571428575,2.9714285714285715,3.571428571428572,269.2857142857143,8.892857142857142,63.57142857142857,16.642857142857142,11.985714285714284,257.14285714285717,-1.8000000000000003
2023-02-28,1.4285714285714286,-7.685714285714285,2.2642857142857142,3.6000000000000005,269.2857142857143,8.985714285714286,67.14285714285714,16.857142857142858,12.171428571428573,269.2857142857143,-2.192857142857143
2023-03-01,1.792857142857143,-7.842857142857143,1.8642857142857143,3.764285714285715,261.42857142857144,9.114285714285714,69.28571428571429,22.142857142857142,12.328571428571427,261.42857142857144,-2.6214285714285723
2023-03-02,1.8142857142857145,-7.8428571428571425,1.1857142857142857,3.557142857142858,260.7142857142857,8.7,76.42857142857143,22.714285714285715,11.785714285714286,262.85714285714283,-2.8928571428571432
2023-03-03,1.8357142857142856,-7.921428571428572,0.5142857142857145,3.5642857142857145,262.85714285714283,8.535714285714286,87.14285714285714,23.071428571428573,11.4,264.2857142857143,-3.3785714285714294
2023-03-04,1.7142857142857142,-7.764285714285714,0.4357142857142859,3.3642857142857148,262.85714285714283,8.307142857142857,96.42857142857143,22.214285714285715,11.171428571428573,262.14285714285717,-3.3357142857142863
2023-03-05,2.892857142857143,-7.085714285714287,0.5142857142857145,3.3714285714285723,257.85714285714283,8.242857142857144,110.71428571428571,34.214285714285715,11.107142857142858,258.57142857142856,-2.8928571428571432
2023-03-06,2.892857142857143,-7.121428571428573,0.3142857142857145,3.1071428571428577,245.0,7.735714285714287,128.57142857142858,34.214285714285715,10.407142857142857,245.71428571428572,-2.9928571428571433
2023-03-07,2.892857142857143,-7.121428571428572,0.07142857142857169,3.1285714285714294,255.0,7.828571428571428,141.42857142857142,34.214285714285715,10.407142857142857,257.14285714285717,-3.2928571428571436
2023-03-08,2.892857142857143,-6.8428571428571425,-0.39999999999999974,3.3142857142857145,261.42857142857144,7.928571428571429,154.28571428571428,34.57142857142857,10.471428571428572,262.14285714285717,-3.328571428571429
2023-03-09,2.807142857142857,-6.678571428571429,-0.5999999999999996,3.2928571428571436,237.14285714285714,7.864285714285714,167.14285714285714,33.857142857142854,10.342857142857143,238.57142857142858,-3.435714285714286
2023-03-10,1.8285714285714287,-6.4,-0.049999999999999725,3.285714285714286,238.57142857142858,7.892857142857143,169.28571428571428,22.642857142857142,10.371428571428572,216.42857142857142,-2.9928571428571433
2023-03-11,1.8285714285714287,-6.078571428571429,0.6142857142857145,3.1500000000000012,237.85714285714286,7.642857142857143,169.28571428571428,22.285714285714285,10.021428571428572,215.0,-2.535714285714286
2023-03-12,1.7357142857142858,-4.971428571428571,1.4071428571428573,3.271428571428572,247.14285714285714,7.771428571428572,169.28571428571428,21.571428571428573,10.02142857142857,225.0,-1.7071428571428575
2023-03-13,1.6642857142857144,-4.335714285714286,2.0785714285714287,3.2000000000000006,255.71428571428572,7.514285714285713,170.71428571428572,19.571428571428573,9.607142857142858,232.85714285714286,-1.0714285714285718
2023-03-14,1.7214285714285715,-3.8642857142857148,2.585714285714286,3.1857142857142864,246.42857142857142,7.421428571428572,170.71428571428572,19.357142857142858,9.450000000000001,222.14285714285714,-0.6071428571428577
2023-03-15,3.1714285714285717,-3.557142857142858,2.585714285714286,3.221428571428572,257.85714285714283,7.707142857142857,170.71428571428572,31.285714285714285,9.707142857142857,208.57142857142858,-0.3785714285714291
2023-03-16,3.55,-3.478571428571429,2.5500000000000003,3.535714285714286,268.57142857142856,8.15,185.0,38.357142857142854,10.285714285714286,218.57142857142858,-0.40714285714285764
2023-03-17,3.564285714285714,-3.9928571428571433,2.4714285714285715,3.3357142857142863,267.85714285714283,7.928571428571429,195.71428571428572,38.57142857142857,10.064285714285715,218.57142857142858,-0.5642857142857148
2023-03-18,3.7071428571428577,-3.5214285714285722,2.942857142857143,3.3928571428571432,257.85714285714283,7.771428571428571,207.85714285714286,38.0,9.907142857142858,208.57142857142858,-0.2428571428571434
2023-03-19,2.528571428571429,-3.5642857142857145,3.2214285714285715,3.4214285714285717,270.0,7.928571428571429,207.85714285714286,26.0,10.135714285714286,220.0,0.028571428571428026
2023-03-20,2.528571428571429,-3.9214285714285717,2.8714285714285714,3.6857142857142864,288.57142857142856,8.37142857142857,204.28571428571428,26.214285714285715,10.707142857142857,240.0,-0.20714285714285768
2023-03-21,2.528571428571429,-4.1642857142857155,3.0714285714285716,3.6000000000000005,279.2857142857143,8.242857142857144,205.71428571428572,26.214285714285715,10.614285714285714,230.0,-0.3428571428571434
2023-03-22,2.528571428571429,-3.9285714285714297,3.7,3.400000000000001,268.57142857142856,8.049999999999999,205.71428571428572,25.857142857142858,10.514285714285714,221.42857142857142,0.07857142857142804
2023-03-23,2.507142857142857,-3.8500000000000005,4.135714285714286,3.384615384615385,287.6923076923077,8.115384615384615,203.57142857142858,25.642857142857142,10.600000000000001,236.92307692307693,0.33571428571428513
2023-03-24,2.871428571428571,-3.3785714285714294,4.6499999999999995,3.284615384615385,274.61538461538464,8.046153846153846,197.85714285714286,25.642857142857142,10.538461538461538,250.76923076923077,0.7357142857142852
2023-03-25,2.892857142857143,-2.785714285714287,5.007142857142857,3.341666666666667,269.1666666666667,8.191666666666666,189.28571428571428,25.642857142857142,10.783333333333333,244.16666666666666,1.2071428571428566
2023-03-26,2.9857142857142853,-2.6214285714285723,5.278571428571429,3.4500000000000006,255.83333333333334,8.6,178.57142857142858,26.214285714285715,11.416666666666666,230.83333333333334,1.4714285714285709
2023-03-27,3.1285714285714286,-1.8714285714285719,5.235714285714287,3.683333333333334,251.66666666666666,9.008333333333333,167.85714285714286,26.214285714285715,12.083333333333334,225.0,1.8499999999999994
2023-03-28,3.0714285714285716,-1.9071428571428577,5.550000000000002,3.6750000000000007,235.0,9.008333333333333,157.14285714285714,26.214285714285715,12.083333333333334,209.16666666666666,2.0499999999999994
2023-03-29,1.257142857142857,-2.0571428571428574,5.9071428571428575,3.491666666666667,234.16666666666666,8.491666666666665,147.85714285714286,9.0,11.600000000000001,237.5,2.2428571428571424
2023-03-30,0.9142857142857143,-2.2928571428571436,6.421428571428572,3.266666666666667,227.5,8.308333333333334,120.71428571428571,1.3571428571428572,11.341666666666667,229.16666666666666,2.3571428571428568
2023-03-31,0.8785714285714284,-2.2500000000000004,6.421428571428572,3.6500000000000004,225.83333333333334,8.791666666666666,99.28571428571429,0.7857142857142857,12.016666666666667,229.16666666666666,2.349999999999999
2023-04-01,1.1142857142857143,-2.7571428571428576,6.307142857142857,3.608333333333334,225.83333333333334,8.9,77.85714285714286,2.2142857142857144,12.241666666666667,228.33333333333334,2.092857142857142
2023-04-02,1.5142857142857142,-2.521428571428572,7.335714285714286,3.766666666666667,216.66666666666666,9.241666666666667,61.42857142857143,2.2142857142857144,12.65,220.0,2.3785714285714277
2023-04-03,1.5142857142857142,-2.3642857142857148,7.65,3.8750000000000004,220.83333333333334,9.508333333333335,47.142857142857146,2.0,12.949999999999998,222.5,2.728571428571428
2023-04-04,1.5714285714285714,-2.278571428571429,8.05,3.9500000000000006,220.0,9.924999999999999,32.857142857142854,2.0,13.508333333333333,222.5,2.9428571428571426
2023-04-05,1.5714285714285714,-2.0500000000000003,8.25,3.8250000000000006,232.5,9.741666666666667,20.0,2.0,13.025,235.0,3.157142857142857
2023-04-06,2.585714285714286,-1.7000000000000006,8.528571428571428,3.8769230769230774,228.46153846153845,10.023076923076925,9.285714285714286,2.0,13.399999999999999,230.76923076923077,3.4357142857142855
2023-04-07,2.221428571428571,-1.228571428571429,9.285714285714286,4.130769230769231,227.69230769230768,10.576923076923077,2.142857142857143,2.0,14.184615384615386,230.76923076923077,4.007142857142857
2023-04-08,2.1999999999999997,-1.1142857142857148,9.442857142857145,4.242857142857144,235.0,10.65,0.0,2.0,14.22857142857143,236.42857142857142,4.2142857142857135
2023-04-09,2.107142857142857,-1.035714285714286,9.642857142857142,4.135714285714287,249.28571428571428,10.428571428571429,0.0,1.4285714285714286,14.0,249.28571428571428,4.328571428571428
2023-04-10,1.9642857142857142,-1.4642857142857149,10.0,3.935714285714286,255.71428571428572,10.171428571428573,0.0,1.4285714285714286,13.557142857142855,233.57142857142858,4.328571428571428
2023-04-11,1.9642857142857142,-1.4642857142857146,10.678571428571429,4.057142857142858,267.85714285714283,10.3,0.0,1.4285714285714286,13.778571428571428,247.14285714285714,4.564285714285714
2023-04-12,1.9642857142857142,-0.5571428571428577,11.671428571428573,4.235714285714287,257.85714285714283,10.52142857142857,0.0,1.4285714285714286,14.099999999999998,236.42857142857142,5.371428571428571
2023-04-13,1.907142857142857,0.3071428571428566,12.150000000000002,4.214285714285715,262.85714285714283,10.521428571428572,0.0,1.4285714285714286,14.1,241.42857142857142,6.235714285714286
2023-04-14,1.907142857142857,1.2928571428571425,14.171428571428573,3.964285714285715,262.14285714285717,10.207142857142857,0.0,1.4285714285714286,13.678571428571429,240.0,7.514285714285713
2023-04-15,1.4714285714285713,2.5928571428571425,15.557142857142859,3.978571428571429,272.14285714285717,10.049999999999999,0.0,0.0,13.357142857142858,250.71428571428572,8.87142857142857
2023-04-16,1.0714285714285714,3.0642857142857136,16.228571428571428,3.7928571428571436,272.14285714285717,9.700000000000001,0.0,0.0,12.942857142857141,250.71428571428572,9.642857142857142
2023-04-17,1.0714285714285714,4.407142857142857,17.97142857142857,3.628571428571429,259.2857142857143,9.221428571428572,0.0,0.0,12.400000000000002,243.57142857142858,11.028571428571428
2023-04-18,2.1357142857142857,5.307142857142857,18.32857142857143,3.535714285714286,269.2857142857143,8.928571428571429,0.0,0.0,11.857142857142858,252.85714285714286,11.985714285714284
2023-04-19,2.2785714285714285,5.507142857142857,18.285714285714285,3.635714285714286,265.0,9.121428571428572,0.0,0.0,12.242857142857142,247.14285714285714,12.035714285714286
2023-04-20,1.2857142857142858,5.542857142857143,18.285714285714285,3.557142857142858,276.42857142857144,8.707142857142857,0.0,0.0,11.664285714285715,254.28571428571428,12.114285714285714
2023-04-21,1.2857142857142858,5.1499999999999995,17.72857142857143,3.400000000000001,286.42857142857144,8.292857142857143,0.0,0.0,11.057142857142859,260.7142857142857,11.607142857142858
2023-04-22,1.2857142857142858,5.4642857142857135,18.964285714285715,3.185714285714286,277.14285714285717,8.1,0.0,0.0,10.799999999999999,247.85714285714286,11.95
2023-04-23,1.3071428571428572,6.328571428571428,19.800000000000004,3.5000000000000004,261.42857142857144,8.285714285714286,0.0,0.0,10.964285714285714,230.71428571428572,12.87857142857143
2023-04-24,2.685714285714286,7.1499999999999995,19.764285714285716,3.6785714285714297,245.71428571428572,8.571428571428571,0.0,0.0,11.314285714285715,237.85714285714286,13.35
2023-04-25,2.9214285714285713,7.735714285714285,19.12857142857143,3.5642857142857145,256.42857142857144,8.37857142857143,0.0,0.0,11.028571428571428,246.42857142857142,13.342857142857142
2023-04-26,2.9214285714285713,7.257142857142857,18.535714285714285,3.3071428571428574,261.42857142857144,8.185714285714285,0.0,0.0,10.671428571428573,252.85714285714286,12.785714285714286
2023-04-27,2.9785714285714286,6.778571428571428,18.414285714285715,3.214285714285715,260.7142857142857,8.021428571428572,0.0,0.0,10.507142857142856,254.28571428571428,12.278571428571427
2023-04-28,3.307142857142857,6.578571428571428,17.307142857142857,3.214285714285715,260.7142857142857,8.05,0.0,0.0,10.478571428571428,252.14285714285714,11.714285714285714
2023-04-29,3.307142857142857,5.864285714285714,16.907142857142855,3.1142857142857148,257.85714285714283,8.05,0.0,0.0,10.478571428571428,238.57142857142858,11.178571428571427
2023-04-30,3.3785714285714286,5.907142857142857,15.921428571428573,3.264285714285715,255.71428571428572,8.171428571428573,0.0,0.0,10.700000000000001,236.42857142857142,10.77142857142857
2023-05-01,3.6357142857142857,5.428571428571428,14.971428571428572,3.3714285714285723,254.28571428571428,8.55,0.0,0.0,11.242857142857142,230.0,10.049999999999999
2023-05-02,4.114285714285715,5.1499999999999995,14.692857142857141,3.3500000000000005,240.0,8.614285714285716,0.0,0.0,11.435714285714285,215.0,9.707142857142857
2023-05-03,4.464285714285714,5.107142857142856,14.928571428571429,3.2785714285714294,235.0,8.77142857142857,0.0,0.0,11.592857142857142,209.28571428571428,9.764285714285714
2023-05-04,4.771428571428571,5.542857142857143,15.085714285714285,3.1571428571428575,221.42857142857142,8.807142857142857,0.0,0.0,11.62857142857143,200.0,10.028571428571427
2023-05-05,4.771428571428571,5.857142857142856,15.12857142857143,3.1142857142857148,221.42857142857142,8.77142857142857,0.0,0.0,11.507142857142856,203.57142857142858,10.292857142857143
2023-05-06,4.771428571428571,5.978571428571428,14.571428571428571,3.078571428571429,231.42857142857142,8.65,0.0,0.0,11.342857142857143,218.57142857142858,10.257142857142856
2023-05-07,4.75,5.578571428571428,14.85,2.771428571428572,245.71428571428572,8.557142857142859,0.0,0.0,11.242857142857144,233.57142857142858,10.15
2023-05-08,3.3714285714285714,5.578571428571428,15.757142857142858,2.7,255.71428571428572,8.335714285714285,0.0,0.0,11.078571428571427,243.57142857142858,10.549999999999999
2023-05-09,3.135714285714286,5.621428571428571,16.314285714285713,2.8357142857142863,257.85714285714283,8.714285714285714,0.0,0.0,11.62142857142857,245.71428571428572,11.092857142857142
2023-05-10,3.135714285714286,5.499999999999999,16.592857142857145,2.8571428571428577,239.28571428571428,8.75,0.0,0.0,11.721428571428573,226.42857142857142,11.285714285714286
2023-05-11,3.0785714285714283,5.578571428571428,17.107142857142858,2.821428571428572,231.42857142857142,8.564285714285713,0.0,0.0,11.371428571428572,216.42857142857142,11.635714285714286
2023-05-12,2.75,5.857142857142857,17.900000000000002,2.857142857142858,224.28571428571428,8.471428571428572,0.0,0.0,11.278571428571428,210.71428571428572,12.214285714285714
2023-05-13,2.771428571428572,6.6499999999999995,18.5,2.964285714285715,227.85714285714286,8.535714285714286,0.0,0.0,11.371428571428572,224.28571428571428,12.857142857142858
2023-05-14,2.6999999999999997,6.65,19.014285714285712,2.978571428571429,241.42857142857142,8.664285714285715,0.0,0.0,11.435714285714285,237.14285714285714,13.235714285714286
2023-05-15,2.442857142857143,6.492857142857142,19.214285714285715,2.914285714285715,256.42857142857144,8.442857142857143,0.0,0.0,11.085714285714285,251.42857142857142,13.242857142857142
2023-05-16,0.8428571428571429,6.378571428571428,19.85,2.8785714285714294,267.85714285714283,8.157142857142857,0.0,0.0,10.72857142857143,262.85714285714283,13.35
2023-05-17,0.3714285714285714,6.464285714285714,20.52857142857143,3.0500000000000003,276.42857142857144,8.35,0.0,0.0,10.892857142857142,273.57142857142856,13.95
2023-05-18,0.04285714285714286,5.914285714285714,20.292857142857144,3.350000000000001,290.0,8.535714285714286,0.0,0.0,11.15,287.14285714285717,13.714285714285714
2023-05-19,0.04285714285714286,5.285714285714286,20.72857142857143,3.328571428571429,280.7142857142857,8.471428571428572,0.0,0.0,11.114285714285714,275.7142857142857,13.592857142857143
2023-05-20,0.04285714285714286,5.6,21.12142857142857,3.7357142857142867,270.7142857142857,8.785714285714286,0.0,0.0,11.657142857142857,265.7142857142857,13.921428571428573
2023-05-21,0.6428571428571429,6.314285714285715,21.157142857142855,3.9428571428571435,260.7142857142857,8.85,0.0,0.0,11.721428571428572,255.71428571428572,14.285714285714286
2023-05-22,0.7357142857142858,6.514285714285714,21.042857142857144,3.914285714285715,265.0,9.171428571428573,0.0,0.0,12.014285714285716,260.7142857142857,14.307142857142855
2023-05-23,0.7357142857142858,6.549999999999999,21.07857142857143,3.9071428571428575,262.85714285714283,8.985714285714286,0.0,0.0,11.792857142857143,259.2857142857143,14.157142857142857
2023-05-24,0.7357142857142858,6.749999999999999,21.714285714285715,3.9857142857142867,275.0,8.985714285714286,0.0,0.0,11.792857142857143,272.14285714285717,14.471428571428572
2023-05-25,1.1714285714285713,7.07142857142857,21.47857142857143,4.135714285714286,284.2857142857143,9.235714285714286,0.0,0.0,12.242857142857144,271.42857142857144,14.692857142857141
2023-05-26,1.1714285714285713,6.835714285714286,20.800000000000004,4.2214285714285715,294.2857142857143,9.457142857142857,0.0,0.0,12.557142857142859,282.85714285714283,14.164285714285713
2023-05-27,1.15,6.164285714285714,20.364285714285717,4.15,295.7142857142857,9.428571428571429,0.0,0.0,12.592857142857142,285.0,13.62142857142857
2023-05-28,1.15,6.007142857142857,20.72142857142857,3.900000000000001,285.0,8.921428571428573,0.0,0.0,11.957142857142857,273.57142857142856,13.514285714285714
2023-05-29,1.15,6.364285714285714,21.714285714285715,3.7500000000000004,284.2857142857143,8.72857142857143,0.0,0.0,11.664285714285715,274.2857142857143,14.2
2023-05-30,1.15,7.035714285714285,21.950000000000006,3.764285714285715,287.14285714285717,8.885714285714284,0.0,0.0,11.728571428571428,278.57142857142856,14.785714285714286
2023-05-31,1.1285714285714286,7.507142857142857,22.38571428571429,3.750000000000001,276.42857142857144,8.535714285714286,0.0,0.0,11.471428571428572,267.14285714285717,15.035714285714286
2023-06-01,1.1285714285714286,8.735714285714286,24.014285714285712,3.571428571428572,266.42857142857144,8.314285714285715,0.0,0.0,11.242857142857144,256.42857142857144,16.314285714285713
2023-06-02,1.1285714285714286,9.878571428571428,25.285714285714285,3.5571428571428574,277.85714285714283,8.378571428571428,0.0,0.0,11.335714285714287,268.57142857142856,17.54285714285714
2023-06-03,1.1285714285714286,10.157142857142857,25.964285714285715,3.2571428571428576,287.85714285714283,8.221428571428572,0.0,0.0,10.985714285714286,279.2857142857143,18.228571428571428
2023-06-04,0.5285714285714286,9.885714285714284,25.72857142857143,3.228571428571429,297.85714285714283,8.121428571428572,0.0,0.0,10.828571428571427,291.42857142857144,18.17142857142857
2023-06-05,0.43571428571428567,9.764285714285714,25.45,3.3500000000000005,299.2857142857143,7.957142857142857,0.0,0.0,10.635714285714286,291.42857142857144,18.0
2023-06-06,0.43571428571428567,9.964285714285714,25.771428571428572,3.342857142857144,299.2857142857143,8.242857142857144,0.0,0.0,10.857142857142858,291.42857142857144,18.228571428571428
2023-06-07,0.8357142857142856,10.278571428571428,25.492857142857144,3.378571428571429,309.2857142857143,8.4,0.0,0.0,11.049999999999999,280.0,18.307142857142857
2023-06-08,0.5428571428571428,10.592857142857142,25.178571428571427,3.342857142857144,309.2857142857143,8.371428571428572,0.0,0.0,10.821428571428571,291.42857142857144,18.085714285714285
2023-06-09,1.2714285714285711,10.95,25.142857142857142,3.2142857142857153,309.2857142857143,8.114285714285716,0.0,0.0,10.471428571428572,290.0,18.249999999999996
2023-06-10,1.2714285714285711,11.428571428571429,25.021428571428572,3.214285714285715,305.0,8.05,0.0,0.0,10.314285714285715,285.7142857142857,18.36428571428571
2023-06-11,1.2714285714285711,11.785714285714286,24.62142857142857,3.2071428571428577,310.7142857142857,8.114285714285714,0.0,0.0,10.378571428571428,292.85714285714283,18.29285714285714
2023-06-12,1.2714285714285711,11.75,24.342857142857145,3.1142857142857148,300.0,7.957142857142856,0.0,0.0,10.192857142857141,283.57142857142856,18.107142857142858
2023-06-13,1.2714285714285711,12.15,24.664285714285715,3.1642857142857146,285.7142857142857,7.9,0.0,0.0,10.192857142857145,272.85714285714283,18.264285714285712
2023-06-14,2.814285714285714,12.549999999999999,24.264285714285712,3.028571428571429,282.85714285714283,7.8999999999999995,0.0,0.0,10.12857142857143,270.0,18.285714285714285
2023-06-15,3.721428571428571,12.349999999999998,23.707142857142856,2.8928571428571432,285.0,7.8999999999999995,0.0,0.0,10.164285714285713,272.85714285714283,17.892857142857142
2023-06-16,3.721428571428571,12.435714285714285,23.107142857142858,2.8785714285714294,283.57142857142856,8.221428571428572,0.0,0.0,10.485714285714284,271.42857142857144,17.514285714285712
2023-06-17,4.192857142857142,12.435714285714285,22.550000000000004,2.735714285714286,282.14285714285717,8.028571428571428,0.0,0.0,10.292857142857143,269.2857142857143,17.114285714285714
2023-06-18,4.807142857142857,12.75,22.314285714285717,2.628571428571429,283.57142857142856,7.935714285714285,0.0,0.0,10.192857142857145,244.28571428571428,16.985714285714284
2023-06-19,4.807142857142857,13.028571428571428,22.192857142857143,2.6071428571428577,282.85714285714283,7.814285714285714,0.0,0.0,10.064285714285713,245.71428571428572,17.085714285714285
2023-06-20,4.807142857142857,13.071428571428571,22.22857142857143,2.485714285714286,285.0,7.3999999999999995,0.0,0.0,9.62142857142857,246.42857142857142,17.085714285714285
2023-06-21,4.407142857142857,13.235714285714286,22.585714285714285,2.3928571428571432,285.7142857142857,7.142857142857143,0.0,0.0,9.171428571428573,266.42857142857144,17.3
2023-06-22,4.264285714285714,13.471428571428572,23.45714285714286,2.271428571428572,272.14285714285717,6.792857142857144,0.0,0.0,8.821428571428571,267.14285714285717,17.92142857142857
2023-06-23,3.5357142857142856,13.742857142857142,24.32857142857143,2.2571428571428576,265.7142857142857,6.7,0.0,0.0,8.821428571428571,265.7142857142857,18.571428571428573
2023-06-24,3.5357142857142856,14.014285714285714,25.08571428571429,2.2571428571428576,258.57142857142856,6.635714285714285,0.0,0.0,8.757142857142856,258.57142857142856,19.17142857142857
2023-06-25,4.892857142857143,14.728571428571428,25.36428571428571,2.3642857142857148,252.85714285714286,6.700000000000001,0.0,0.0,8.878571428571428,252.14285714285714,19.77142857142857
2023-06-26,5.021428571428571,15.442857142857141,25.400000000000002,2.4214285714285717,242.14285714285714,6.764285714285714,0.0,0.0,8.907142857142857,262.14285714285717,20.107142857142858
2023-06-27,5.128571428571428,15.557142857142855,25.314285714285717,2.3785714285714294,243.57142857142858,6.885714285714285,0.0,0.0,9.200000000000001,262.14285714285717,20.128571428571426
2023-06-28,3.857142857142857,15.635714285714284,25.557142857142857,2.3928571428571432,245.0,6.785714285714286,0.0,0.0,9.035714285714286,262.85714285714283,20.249999999999996
2023-06-29,3.407142857142857,15.87142857142857,25.678571428571427,2.5642857142857145,242.14285714285714,6.878571428571429,0.0,0.0,9.064285714285715,260.7142857142857,20.5
2023-06-30,3.4071428571428575,16.02857142857143,25.400000000000002,2.585714285714286,232.14285714285714,6.4,0.0,0.0,8.492857142857144,250.71428571428572,20.514285714285712
2023-07-01,2.935714285714286,16.107142857142858,25.75714285714286,2.578571428571429,222.85714285714286,6.307142857142857,0.0,0.0,8.27142857142857,241.42857142857142,20.72142857142857
2023-07-02,2.392857142857143,16.385714285714283,26.707142857142856,2.592857142857144,209.28571428571428,6.435714285714286,0.0,0.0,8.435714285714287,253.57142857142858,21.32857142857143
2023-07-03,2.5214285714285714,16.864285714285714,27.107142857142858,2.6000000000000005,197.85714285714286,6.621428571428572,0.0,0.0,8.757142857142856,241.42857142857142,21.807142857142853
2023-07-04,2.5214285714285714,17.535714285714285,27.307142857142857,2.5857142857142863,195.71428571428572,6.521428571428571,0.0,0.0,8.628571428571428,241.42857142857142,22.25
2023-07-05,2.5214285714285714,18.085714285714285,27.7,2.5500000000000007,195.0,7.0,0.0,0.0,9.299999999999999,242.14285714285714,22.685714285714287
2023-07-06,2.5214285714285714,18.36428571428571,28.092857142857145,2.514285714285715,202.85714285714286,7.064285714285715,0.0,0.0,9.428571428571429,238.57142857142858,22.928571428571427
2023-07-07,2.5214285714285714,18.92142857142857,28.45,2.5500000000000007,199.28571428571428,7.192857142857143,0.0,0.0,9.428571428571429,229.28571428571428,23.364285714285717
2023-07-08,2.5928571428571425,19.442857142857143,28.45,2.578571428571429,199.28571428571428,7.321428571428571,0.0,0.0,9.614285714285716,229.28571428571428,23.621428571428574
2023-07-09,1.2357142857142858,19.321428571428573,28.85,2.471428571428572,210.71428571428572,7.257142857142857,0.0,0.0,9.428571428571429,240.71428571428572,23.657142857142855
2023-07-10,1.5428571428571427,19.078571428571426,28.97142857142857,2.471428571428572,217.85714285714286,7.892857142857143,0.0,0.0,10.192857142857141,225.71428571428572,23.785714285714285
2023-07-11,4.414285714285714,19.07857142857143,28.421428571428574,2.4214285714285717,207.85714285714286,7.642857142857144,0.0,0.0,9.807142857142855,212.85714285714286,23.607142857142858
2023-07-12,5.05,19.114285714285717,28.657142857142855,2.4214285714285717,210.0,7.678571428571429,0.0,0.0,9.971428571428572,225.0,23.64285714285714
2023-07-13,4.5928571428571425,19.11428571428571,28.892857142857142,2.3500000000000005,220.0,7.521428571428571,0.0,0.0,9.907142857142857,215.71428571428572,23.82857142857143
2023-07-14,4.685714285714285,19.11428571428571,29.528571428571432,2.4785714285714286,220.0,8.028571428571428,0.0,0.0,10.735714285714284,214.28571428571428,24.042857142857144
2023-07-15,4.942857142857142,19.235714285714284,29.45,2.5071428571428576,227.14285714285714,8.121428571428572,0.0,0.0,10.957142857142857,220.0,24.057142857142857
2023-07-16,4.871428571428571,19.192857142857143,29.492857142857144,2.3928571428571432,231.42857142857142,7.928571428571429,0.0,0.0,10.892857142857142,230.0,24.007142857142856
2023-07-17,6.5,19.349999999999998,29.928571428571427,2.271428571428572,240.71428571428572,7.707142857142857,0.0,0.0,10.6,232.85714285714286,24.192857142857143
2023-07-18,6.5,19.428571428571427,30.250000000000004,2.385714285714286,231.42857142857142,7.964285714285714,0.0,0.0,10.914285714285715,222.85714285714286,24.349999999999998
2023-07-19,6.678571428571429,19.47142857142857,30.05,2.400000000000001,227.14285714285714,7.642857142857143,0.0,0.0,10.564285714285715,217.85714285714286,24.257142857142856
2023-07-20,6.678571428571429,19.392857142857142,29.657142857142855,2.45,209.28571428571428,7.735714285714286,0.0,0.0,10.6,197.14285714285714,24.12142857142857
2023-07-21,6.678571428571429,18.92142857142857,29.3,2.407142857142858,208.57142857142858,7.607142857142857,0.0,0.0,10.571428571428571,198.57142857142858,23.707142857142856
2023-07-22,8.078571428571427,18.678571428571427,29.05714285714286,2.471428571428572,217.14285714285714,7.792857142857144,0.0,0.0,10.828571428571427,198.57142857142858,23.42142857142857
2023-07-23,8.078571428571427,18.478571428571428,28.62142857142857,2.485714285714286,204.28571428571428,7.692857142857143,0.0,0.0,10.828571428571427,192.14285714285714,23.107142857142858
2023-07-24,7.642857142857143,18.321428571428573,28.57857142857143,2.4285714285714293,208.57142857142858,7.085714285714286,0.0,0.0,10.1,196.42857142857142,22.849999999999998
2023-07-25,4.792857142857143,18.12857142857143,29.12857142857143,2.4214285714285717,222.85714285714286,7.1499999999999995,0.0,0.0,10.257142857142858,205.0,22.95714285714286
2023-07-26,3.8857142857142857,18.092857142857145,29.05,2.3785714285714294,223.57142857142858,7.085714285714286,0.0,0.0,10.0,195.71428571428572,22.964285714285715
2023-07-27,3.8857142857142852,18.214285714285715,29.171428571428574,2.485714285714286,214.28571428571428,7.185714285714285,0.0,0.0,9.935714285714285,204.28571428571428,22.964285714285715
2023-07-28,5.114285714285714,18.37142857142857,28.778571428571432,2.407142857142858,225.0,6.871428571428572,0.0,0.0,9.357142857142858,205.71428571428572,23.064285714285713
2023-07-29,4.857142857142857,18.45,29.057142857142857,2.4428571428571435,218.57142857142858,6.971428571428572,0.0,0.0,9.521428571428572,200.0,23.192857142857143
2023-07-30,5.6571428571428575,18.17142857142857,28.57857142857143,2.528571428571429,226.42857142857142,7.035714285714286,0.0,0.0,9.585714285714285,201.42857142857142,23.00714285714286
2023-07-31,3.8999999999999995,17.657142857142855,28.3,2.6000000000000005,227.85714285714286,7.1000000000000005,0.0,0.0,9.557142857142859,210.0,22.571428571428573
2023-08-01,3.9928571428571424,17.142857142857142,27.778571428571432,2.528571428571429,237.85714285714286,7.135714285714286,0.0,0.0,9.592857142857143,196.42857142857142,22.17142857142857
2023-08-02,3.8142857142857136,16.507142857142856,27.342857142857145,2.5000000000000004,243.57142857142858,6.978571428571429,0.0,0.0,9.335714285714287,202.85714285714286,21.75
2023-08-03,3.8142857142857136,16.035714285714285,27.185714285714283,2.4428571428571435,252.85714285714286,6.757142857142857,0.0,0.0,9.171428571428573,227.14285714285714,21.407142857142855
2023-08-04,4.414285714285714,16.035714285714285,26.907142857142855,2.7285714285714286,252.85714285714286,7.135714285714285,0.0,0.0,9.678571428571429,227.14285714285714,21.235714285714288
2023-08-05,3.614285714285714,15.957142857142856,26.514285714285716,2.7071428571428577,243.57142857142858,7.171428571428572,0.0,0.0,9.65,225.71428571428572,21.02857142857143
2023-08-06,3.614285714285714,15.757142857142856,26.55,2.6928571428571435,231.42857142857142,7.3,0.0,0.0,9.778571428571428,230.0,21.007142857142856
2023-08-07,3.614285714285714,15.635714285714284,26.435714285714287,2.714285714285715,242.14285714285714,7.335714285714286,0.0,0.0,9.807142857142859,240.0,20.928571428571427
2023-08-08,3.557142857142857,15.671428571428573,26.0,2.785714285714286,237.85714285714286,7.457142857142857,0.0,0.0,9.87142857142857,240.0,20.764285714285712
2023-08-09,5.192857142857142,15.75,25.72142857142857,2.8642857142857143,237.14285714285714,7.678571428571429,0.0,0.0,10.285714285714286,240.0,20.707142857142856
2023-08-10,5.192857142857142,15.671428571428569,25.557142857142857,2.7428571428571433,247.85714285714286,7.514285714285714,0.0,0.0,10.128571428571428,227.14285714285714,20.54285714285714
2023-08-11,4.978571428571428,15.392857142857142,25.67142857142857,2.8142857142857145,237.85714285714286,7.700000000000001,0.0,0.0,10.385714285714284,227.85714285714286,20.414285714285715
2023-08-12,4.978571428571428,15.114285714285714,25.114285714285717,2.8642857142857148,247.14285714285714,7.792857142857143,0.0,0.0,10.478571428571428,236.42857142857142,20.057142857142857
2023-08-13,4.414285714285714,15.114285714285714,25.35,2.835714285714286,236.42857142857142,7.764285714285714,0.0,0.0,10.314285714285715,225.0,19.935714285714287
2023-08-14,4.449999999999999,15.507142857142856,25.50714285714286,2.8928571428571432,232.85714285714286,7.799999999999999,0.0,0.0,10.507142857142856,221.42857142857142,20.221428571428568
2023-08-15,4.357142857142857,15.785714285714286,25.707142857142856,2.8928571428571437,227.85714285714286,7.635714285714286,0.0,0.0,10.764285714285714,233.57142857142858,20.428571428571427
2023-08-16,4.771428571428571,16.22142857142857,25.950000000000006,2.9071428571428575,217.14285714285714,7.478571428571429,0.0,0.0,10.671428571428569,212.14285714285714,20.650000000000002
2023-08-17,5.621428571428571,16.814285714285713,25.985714285714288,2.9214285714285717,220.0,7.542857142857144,0.0,0.0,10.671428571428573,200.0,20.86428571428571
2023-08-18,5.128571428571427,17.085714285714285,26.22142857142857,2.842857142857144,215.71428571428572,7.357142857142857,0.0,0.0,10.385714285714286,199.28571428571428,21.107142857142858
2023-08-19,4.82142857142857,17.05,26.414285714285715,2.878571428571429,223.57142857142858,7.135714285714285,0.0,0.0,10.192857142857141,207.85714285714286,21.242857142857144
2023-08-20,5.5857142857142845,17.135714285714283,25.857142857142858,2.9428571428571435,237.14285714285714,7.171428571428572,0.0,0.0,10.221428571428572,198.57142857142858,21.021428571428572
2023-08-21,5.5857142857142845,17.3,25.814285714285713,3.092857142857143,227.14285714285714,7.264285714285714,0.0,0.0,10.47857142857143,187.85714285714286,20.97857142857143
2023-08-22,5.549999999999999,17.142857142857142,25.814285714285713,3.0428571428571436,242.14285714285714,7.142857142857143,0.0,0.0,10.35,204.28571428571428,21.064285714285713
2023-08-23,3.9142857142857137,16.55,25.771428571428572,2.9857142857142867,252.85714285714286,7.05,0.0,0.0,10.157142857142858,215.0,20.792857142857144
2023-08-24,3.9142857142857137,16.035714285714285,25.614285714285717,2.900000000000001,245.71428571428572,6.921428571428572,0.0,0.0,10.064285714285715,229.28571428571428,20.535714285714285
2023-08-25,3.5714285714285707,15.757142857142856,25.535714285714285,2.900000000000001,245.0,6.857142857142857,0.0,0.0,10.0,229.28571428571428,20.285714285714285
2023-08-26,4.371428571428571,15.835714285714285,25.414285714285715,2.8500000000000005,246.42857142857142,6.6000000000000005,0.0,0.0,9.62142857142857,232.14285714285714,20.214285714285715
2023-08-27,4.478571428571429,16.035714285714285,25.300000000000004,2.842857142857143,233.57142857142858,6.757142857142857,0.0,0.0,9.721428571428572,220.0,20.285714285714285
2023-08-28,4.442857142857142,15.72142857142857,24.942857142857143,2.735714285714286,237.85714285714286,6.628571428571429,0.0,0.0,9.335714285714287,224.28571428571428,20.021428571428572
2023-08-29,4.442857142857142,15.4,25.021428571428572,2.7785714285714294,232.14285714285714,6.85,0.0,0.0,9.207142857142857,225.71428571428572,19.807142857142857
2023-08-30,4.028571428571428,15.52142857142857,25.1,2.9142857142857146,232.14285714285714,7.107142857142857,0.0,0.0,9.492857142857144,237.14285714285714,19.892857142857142
2023-08-31,3.271428571428571,15.285714285714286,25.178571428571427,3.092857142857144,242.85714285714286,7.5857142857142845,0.0,0.0,10.1,247.14285714285714,20.007142857142856
2023-09-01,3.1642857142857137,14.735714285714284,24.62857142857143,3.0000000000000004,257.85714285714283,7.614285714285715,0.0,0.0,10.099999999999998,257.14285714285717,19.57857142857143
2023-09-02,2.7999999999999994,14.257142857142856,24.62857142857143,2.8142857142857145,255.71428571428572,7.357142857142857,0.0,0.0,9.714285714285714,246.42857142857142,19.228571428571428
2023-09-03,2.035714285714285,13.978571428571428,25.185714285714287,2.9142857142857146,254.28571428571428,7.485714285714285,0.0,0.0,9.907142857142857,246.42857142857142,19.328571428571426
2023-09-04,2.035714285714285,14.292857142857141,25.307142857142857,2.842857142857144,254.28571428571428,7.357142857142857,0.0,0.0,9.585714285714287,246.42857142857142,19.592857142857145
2023-09-05,1.9999999999999996,14.492857142857142,25.942857142857147,2.7428571428571433,252.14285714285714,7.1,0.0,0.0,9.235714285714284,233.57142857142858,19.792857142857144
2023-09-06,1.9999999999999996,15.128571428571428,26.500000000000004,2.635714285714286,249.28571428571428,6.807142857142857,0.0,0.0,8.857142857142858,230.71428571428572,20.32857142857143
2023-09-07,1.9999999999999996,15.764285714285714,27.014285714285716,2.6071428571428577,233.57142857142858,6.778571428571429,0.0,0.0,8.792857142857143,217.14285714285714,20.857142857142858
2023-09-08,3.392857142857142,16.364285714285714,27.33571428571429,2.5142857142857147,240.71428571428572,6.907142857142857,0.0,0.0,8.957142857142857,222.85714285714286,21.27857142857143
2023-09-09,3.2428571428571424,16.685714285714287,27.735714285714288,2.585714285714286,230.0,7.035714285714286,0.0,0.0,9.142857142857142,212.85714285714286,21.635714285714283
2023-09-10,2.899999999999999,16.685714285714283,27.61428571428571,2.5642857142857145,253.57142857142858,6.749999999999999,0.0,0.0,8.821428571428573,213.57142857142858,21.62857142857143
2023-09-11,4.207142857142856,16.84285714285714,27.535714285714285,2.571428571428572,253.57142857142858,6.685714285714285,0.0,0.0,8.857142857142858,206.42857142857142,21.664285714285715
2023-09-12,4.207142857142856,17.085714285714285,26.978571428571428,2.542857142857143,265.0,6.464285714285714,0.0,0.0,8.471428571428572,217.14285714285714,21.557142857142853
2023-09-13,4.207142857142856,16.885714285714283,26.857142857142858,2.385714285714286,265.0,6.299999999999999,0.0,0.0,8.214285714285715,215.71428571428572,21.407142857142855
2023-09-14,4.642857142857143,16.8,26.464285714285715,2.1785714285714293,261.42857142857144,5.914285714285714,0.0,0.0,7.735714285714286,212.85714285714286,21.16428571428571
2023-09-15,4.642857142857143,16.8,26.5,2.1357142857142866,260.7142857142857,5.95,0.0,0.0,7.735714285714287,212.14285714285714,21.12857142857143
2023-09-16,4.642857142857143,16.842857142857145,26.22857142857143,2.228571428571429,265.0,6.235714285714286,0.0,0.0,8.02142857142857,225.71428571428572,21.071428571428573
2023-09-17,4.642857142857143,16.878571428571426,25.99285714285714,2.2428571428571433,275.7142857142857,6.3928571428571415,0.0,0.0,8.114285714285716,235.0,20.964285714285715
2023-09-18,4.642857142857143,16.164285714285715,25.592857142857145,2.1714285714285717,277.14285714285717,6.299999999999999,0.0,0.0,8.085714285714285,236.42857142857142,20.478571428571428
2023-09-19,4.821428571428571,15.921428571428573,24.564285714285717,2.1857142857142864,267.14285714285717,6.364285714285714,0.0,0.0,8.15,237.14285714285714,19.942857142857143
2023-09-20,5.278571428571428,15.564285714285713,23.53571428571429,2.3642857142857148,267.14285714285717,6.621428571428572,0.0,0.0,8.500000000000002,237.85714285714286,19.27857142857143
2023-09-21,5.278571428571428,14.807142857142855,22.664285714285715,2.400000000000001,287.14285714285717,6.778571428571428,0.0,0.0,8.657142857142857,259.2857142857143,18.614285714285717
2023-09-22,3.1214285714285706,13.928571428571429,21.950000000000006,2.321428571428572,292.14285714285717,6.335714285714286,0.0,0.0,8.114285714285714,262.85714285714283,17.878571428571426
2023-09-23,2.471428571428571,13.049999999999999,21.592857142857145,2.171428571428572,293.57142857142856,6.114285714285714,0.0,0.0,7.957142857142857,264.2857142857143,17.27142857142857
2023-09-24,2.471428571428571,12.614285714285714,21.435714285714287,2.0500000000000003,275.7142857142857,6.014285714285714,0.0,0.0,7.892857142857143,274.2857142857143,16.942857142857143
2023-09-25,1.164285714285714,12.221428571428572,21.514285714285712,1.9500000000000004,261.42857142857144,5.885714285714285,0.0,0.0,7.664285714285714,265.7142857142857,16.735714285714284
2023-09-26,1.164285714285714,11.7,21.714285714285715,1.8857142857142861,259.2857142857143,5.857142857142857,0.0,0.0,7.6642857142857155,262.85714285714283,16.54285714285714
2023-09-27,1.164285714285714,11.185714285714285,21.235714285714288,1.921428571428572,268.57142857142856,5.921428571428572,0.0,0.0,7.728571428571429,272.85714285714283,16.178571428571427
2023-09-28,0.6357142857142852,10.671428571428569,21.157142857142862,1.9071428571428577,270.0,5.792857142857144,0.0,0.0,7.535714285714286,273.57142857142856,15.700000000000001
2023-09-29,0.6357142857142852,10.392857142857142,21.314285714285713,1.7642857142857147,270.0,5.435714285714285,0.0,0.0,7.0857142857142845,272.85714285714283,15.528571428571427
2023-09-30,0.6357142857142852,10.392857142857142,21.192857142857147,1.7142857142857149,255.71428571428572,5.178571428571429,0.0,0.0,6.8,260.7142857142857,15.464285714285712
2023-10-01,0.6357142857142852,10.357142857142858,21.192857142857147,1.5571428571428576,255.0,4.921428571428572,0.0,0.0,6.514285714285714,260.7142857142857,15.457142857142857
2023-10-02,0.6357142857142852,10.4,21.357142857142858,1.5357142857142863,240.0,5.078571428571428,0.0,0.0,6.642857142857143,246.42857142857142,15.478571428571428
2023-10-03,0.4571428571428567,10.042857142857143,21.792857142857144,1.4714285714285718,247.14285714285714,4.978571428571429,0.0,0.0,6.514285714285713,256.42857142857144,15.52142857142857
2023-10-04,0.0,9.721428571428572,22.58571428571429,1.3214285714285723,240.0,4.9142857142857155,0.0,0.0,6.357142857142857,247.85714285714286,15.635714285714284
2023-10-05,0.0,10.0,23.22142857142857,1.3285714285714292,232.14285714285714,4.821428571428571,0.0,0.0,6.228571428571429,238.57142857142858,15.95
2023-10-06,0.0,10.599999999999998,23.692857142857147,1.6071428571428577,220.0,5.2,0.0,0.0,6.707142857142857,229.28571428571428,16.557142857142857
2023-10-07,0.0,11.235714285714286,23.692857142857143,1.7642857142857147,217.14285714285714,5.55,0.0,0.0,7.028571428571428,225.71428571428572,16.95
2023-10-08,5.078571428571428,11.114285714285714,23.650000000000002,1.921428571428572,235.71428571428572,5.8428571428571425,0.0,0.0,7.314285714285715,235.71428571428572,17.114285714285714
2023-10-09,5.35,10.95,23.178571428571427,2.228571428571429,239.28571428571428,6.3500000000000005,0.0,0.0,8.085714285714285,240.0,16.764285714285712
2023-10-10,5.35,10.914285714285713,22.70714285714286,2.521428571428572,230.71428571428572,6.664285714285714,0.0,0.0,8.5,232.85714285714286,16.514285714285712
2023-10-11,5.35,10.914285714285715,22.514285714285712,2.628571428571429,221.42857142857142,6.764285714285714,0.0,0.0,8.721428571428572,224.28571428571428,16.29285714285714
2023-10-12,5.385714285714285,11.071428571428571,22.035714285714285,2.7214285714285715,212.85714285714286,6.928571428571429,0.0,0.0,8.97857142857143,216.42857142857142,16.235714285714284
2023-10-13,5.385714285714285,10.914285714285715,21.564285714285717,2.8142857142857145,212.85714285714286,7.378571428571429,0.0,0.0,9.492857142857144,216.42857142857142,16.035714285714285
2023-10-14,5.385714285714285,10.435714285714285,21.364285714285717,2.8642857142857143,228.57142857142858,7.571428571428571,0.0,0.0,9.75,227.85714285714286,15.728571428571428
2023-10-15,5.385714285714285,10.157142857142857,20.807142857142857,2.842857142857143,230.0,7.414285714285714,0.0,0.0,9.592857142857143,230.0,15.321428571428571
2023-10-16,5.514285714285713,10.035714285714286,19.849999999999998,2.971428571428572,255.0,7.45,0.0,0.0,9.685714285714285,253.57142857142858,14.864285714285714
2023-10-17,5.549999999999999,10.078571428571427,19.214285714285715,3.157142857142858,235.71428571428572,7.771428571428572,0.0,0.0,10.1,231.42857142857142,14.435714285714285
2023-10-18,5.549999999999999,9.921428571428573,18.1,3.1428571428571432,245.71428571428572,7.55,0.0,0.0,9.842857142857143,242.85714285714286,13.95
2023-10-19,5.549999999999999,9.564285714285715,17.071428571428573,3.1785714285714293,248.57142857142858,7.614285714285714,0.0,0.0,9.942857142857141,242.85714285714286,13.285714285714286
2023-10-20,5.549999999999999,9.007142857142856,16.321428571428573,3.092857142857143,249.28571428571428,7.55,0.0,0.0,9.842857142857143,242.14285714285714,12.571428571428571
2023-10-21,5.678571428571429,8.72857142857143,15.964285714285714,3.1928571428571435,250.0,7.578571428571428,0.0,0.0,9.907142857142858,242.85714285714286,12.164285714285715
2023-10-22,4.828571428571428,8.72857142857143,15.485714285714286,3.1285714285714294,245.71428571428572,7.542857142857144,0.0,0.0,9.971428571428572,241.42857142857142,11.842857142857142
2023-10-23,4.814285714285715,8.492857142857142,15.042857142857144,3.0000000000000004,252.14285714285714,7.357142857142857,0.0,0.0,9.807142857142859,247.85714285714286,11.692857142857141
2023-10-24,4.835714285714286,8.057142857142857,14.642857142857144,2.7500000000000004,260.0,7.042857142857144,0.0,0.0,9.364285714285714,257.14285714285717,11.435714285714285
2023-10-25,4.835714285714286,7.542857142857143,14.478571428571428,2.721428571428572,258.57142857142856,6.878571428571428,0.0,0.0,9.207142857142857,255.71428571428572,11.114285714285714
2023-10-26,4.8,7.864285714285714,14.914285714285715,2.8928571428571432,260.7142857142857,6.971428571428571,0.0,0.0,9.4,256.42857142857144,11.414285714285715
2023-10-27,4.857142857142857,8.457142857142857,15.107142857142858,2.900000000000001,251.42857142857142,6.778571428571428,0.0,0.0,9.178571428571429,248.57142857142858,11.87857142857143
2023-10-28,4.857142857142857,9.014285714285714,15.585714285714287,2.9857142857142867,240.71428571428572,6.778571428571429,0.0,0.0,9.242857142857144,239.28571428571428,12.364285714285714
2023-10-29,4.985714285714287,9.014285714285714,15.900000000000002,3.1857142857142864,240.71428571428572,7.221428571428572,0.0,0.0,9.685714285714285,237.14285714285714,12.907142857142857
2023-10-30,4.8571428571428585,8.778571428571428,15.585714285714287,3.078571428571429,216.42857142857142,7.028571428571429,0.0,0.0,9.428571428571429,213.57142857142858,12.65
2023-10-31,6.092857142857143,8.264285714285714,14.950000000000001,3.0571428571428574,238.57142857142858,7.000000000000001,0.0,0.0,9.335714285714285,236.42857142857142,12.221428571428572
2023-11-01,6.092857142857143,7.557142857142857,14.435714285714287,3.1428571428571432,237.85714285714286,7.192857142857143,0.0,0.0,9.62142857142857,234.28571428571428,11.642857142857142
2023-11-02,6.15,6.85,13.557142857142859,3.1714285714285717,245.0,7.321428571428572,0.0,0.21428571428571427,9.685714285714285,245.71428571428572,10.828571428571427
2023-11-03,6.15,6.1,12.8,3.1714285714285717,245.0,7.228571428571429,0.0,0.21428571428571427,9.657142857142857,247.14285714285714,10.071428571428571
2023-11-04,6.021428571428571,5.55,12.364285714285714,3.335714285714286,245.0,7.357142857142857,0.0,0.21428571428571427,9.87857142857143,247.85714285714286,9.535714285714286
2023-11-05,1.792857142857143,5.278571428571428,12.12857142857143,3.342857142857143,238.57142857142858,7.514285714285713,0.0,0.21428571428571427,10.042857142857143,241.42857142857142,9.278571428571428
2023-11-06,1.5357142857142858,5.078571428571427,12.12857142857143,3.25,242.85714285714286,7.478571428571429,0.0,0.21428571428571427,9.785714285714286,245.71428571428572,9.15
2023-11-07,1.5142857142857145,4.764285714285713,12.085714285714287,3.3571428571428577,234.28571428571428,7.921428571428571,0.0,0.21428571428571427,10.485714285714284,234.28571428571428,8.878571428571428
2023-11-08,1.6571428571428573,4.764285714285714,11.928571428571429,3.6571428571428575,235.0,8.5,0.0,0.21428571428571427,11.121428571428572,232.85714285714286,9.071428571428571
2023-11-09,1.6571428571428573,3.6999999999999993,10.778571428571428,3.664285714285715,242.85714285714286,8.757142857142858,0.0,0.21428571428571427,11.407142857142857,241.42857142857142,8.057142857142857
2023-11-10,2.0714285714285716,2.671428571428571,9.792857142857143,3.7285714285714286,250.71428571428572,8.821428571428571,3.5714285714285716,3.857142857142857,11.528571428571428,249.28571428571428,6.864285714285714
2023-11-11,2.142857142857143,2.035714285714285,8.757142857142858,3.6642857142857146,261.42857142857144,8.885714285714284,3.5714285714285716,3.857142857142857,11.592857142857143,256.42857142857144,6.035714285714286
2023-11-12,2.0142857142857142,1.5571428571428565,7.6071428571428585,3.6857142857142864,261.42857142857144,8.821428571428571,3.5714285714285716,3.857142857142857,11.564285714285715,257.14285714285717,4.914285714285713
2023-11-13,2.0142857142857142,1.0071428571428567,7.207142857142858,3.714285714285715,283.57142857142856,8.914285714285715,3.5714285714285716,3.857142857142857,11.6,280.0,4.471428571428571
2023-11-14,0.7428571428571428,0.6142857142857137,6.971428571428572,3.7,274.2857142857143,8.85,3.5714285714285716,3.857142857142857,11.6,270.0,4.057142857142856
2023-11-15,0.8142857142857142,0.7642857142857137,6.771428571428572,3.6285714285714294,252.14285714285714,8.785714285714286,3.5714285714285716,3.857142857142857,11.471428571428573,272.14285714285717,3.9999999999999996
2023-11-16,0.757142857142857,0.878571428571428,7.092857142857144,3.8142857142857145,241.42857142857142,9.1,3.5714285714285716,3.642857142857143,11.95,260.7142857142857,4.264285714285714
2023-11-17,0.757142857142857,1.0357142857142851,7.52857142857143,3.657142857142858,240.71428571428572,9.035714285714286,3.5714285714285716,3.642857142857143,11.85,258.57142857142856,4.657142857142857
2023-11-18,1.2285714285714284,1.0357142857142851,7.807142857142859,3.6142857142857148,241.42857142857142,9.035714285714286,3.5714285714285716,3.642857142857143,11.914285714285715,257.14285714285717,4.907142857142857
2023-11-19,1.5,0.5214285714285708,7.492857142857145,3.6928571428571435,251.42857142857142,8.878571428571428,3.5714285714285716,3.642857142857143,11.721428571428573,269.2857142857143,4.542857142857143
2023-11-20,1.5,0.2499999999999994,7.335714285714287,3.900000000000001,250.71428571428572,9.071428571428571,3.5714285714285716,3.857142857142857,11.950000000000001,269.2857142857143,4.185714285714285
2023-11-21,1.5,-0.10714285714285772,6.707142857142858,3.8785714285714294,260.7142857142857,8.87857142857143,3.5714285714285716,3.857142857142857,11.564285714285715,280.0,3.849999999999999
2023-11-22,1.8142857142857143,-0.7785714285714292,6.071428571428572,3.5214285714285722,260.7142857142857,8.4,3.5714285714285716,8.214285714285714,10.992857142857144,281.42857142857144,2.9428571428571426
2023-11-23,1.9928571428571427,-0.6285714285714291,6.150000000000001,3.3000000000000003,250.0,7.985714285714286,9.285714285714286,8.214285714285714,10.385714285714286,272.14285714285717,2.9999999999999996
2023-11-24,1.5571428571428572,-0.3928571428571435,6.264285714285715,3.2785714285714294,248.57142857142858,7.985714285714286,5.714285714285714,4.571428571428571,10.385714285714286,270.7142857142857,3.2071428571428564
2023-11-25,1.5214285714285716,-0.9000000000000005,6.185714285714288,3.45,247.85714285714286,8.142857142857142,5.714285714285714,4.785714285714286,10.514285714285716,273.57142857142856,2.8999999999999995
2023-11-26,1.5214285714285716,-1.5285714285714291,6.1071428571428585,3.3714285714285714,248.57142857142858,7.985714285714286,5.714285714285714,4.785714285714286,10.414285714285713,272.14285714285717,2.478571428571428
2023-11-27,1.9928571428571427,-1.528571428571429,6.385714285714287,3.5000000000000004,239.28571428571428,8.242857142857144,5.714285714285714,5.357142857142857,10.828571428571431,263.57142857142856,2.55
2023-11-28,3.8428571428571425,-1.2928571428571434,6.621428571428573,3.535714285714286,244.28571428571428,8.428571428571429,5.714285714285714,5.357142857142857,11.178571428571429,269.2857142857143,2.814285714285714
2023-11-29,3.7714285714285714,-1.6428571428571435,6.542857142857144,3.8285714285714287,265.7142857142857,8.742857142857142,5.714285714285714,5.357142857142857,11.692857142857141,264.2857142857143,2.714285714285714
2023-11-30,3.7714285714285714,-2.035714285714286,5.985714285714287,3.8000000000000007,265.7142857142857,8.457142857142857,5.714285714285714,5.357142857142857,11.435714285714287,272.85714285714283,2.214285714285714
2023-12-01,3.7714285714285714,-2.150000000000001,5.514285714285715,4.214285714285714,266.42857142857144,8.871428571428572,5.714285714285714,5.357142857142857,11.914285714285715,273.57142857142856,1.7499999999999996
2023-12-02,3.7928571428571423,-2.2357142857142867,4.957142857142857,4.0357142857142865,266.42857142857144,8.742857142857144,5.714285714285714,5.357142857142857,11.692857142857141,274.2857142857143,1.4428571428571424
2023-12-03,3.65,-2.0000000000000004,4.878571428571429,3.9214285714285717,267.85714285714283,8.52142857142857,5.714285714285714,5.357142857142857,11.342857142857142,274.2857142857143,1.3999999999999997
2023-12-04,4.45,-1.9214285714285722,4.600000000000001,3.657142857142858,266.42857142857144,8.071428571428571,5.714285714285714,5.142857142857143,10.799999999999999,272.14285714285717,1.3642857142857137
2023-12-05,5.05,-1.6000000000000003,4.9142857142857155,3.635714285714286,267.85714285714283,7.85,5.714285714285714,5.857142857142857,10.578571428571427,272.85714285714283,1.571428571428571
2023-12-06,4.614285714285714,-1.3214285714285718,4.564285714285715,3.6428571428571432,279.2857142857143,7.75,7.857142857142857,1.8571428571428572,10.357142857142858,284.2857142857143,1.592857142857142
2023-12-07,4.435714285714285,-1.8714285714285717,3.97857142857143,3.764285714285715,290.7142857142857,7.814285714285715,2.142857142857143,1.8571428571428572,10.421428571428573,295.7142857142857,1.078571428571428
2023-12-08,4.3999999999999995,-2.578571428571429,3.3142857142857154,3.685714285714286,283.57142857142856,7.592857142857143,2.142857142857143,1.8571428571428572,10.135714285714284,288.57142857142856,0.39285714285714235
2023-12-09,4.364285714285714,-2.464285714285715,3.035714285714287,3.421428571428572,268.57142857142856,7.214285714285714,2.142857142857143,1.6428571428571428,9.657142857142857,273.57142857142856,0.20714285714285666
2023-12-10,4.364285714285714,-1.7142857142857149,3.6357142857142866,3.5214285714285722,256.42857142857144,7.371428571428572,2.142857142857143,1.6428571428571428,9.821428571428571,264.2857142857143,0.8357142857142852
2023-12-11,5.542857142857143,-1.4857142857142862,4.071428571428572,3.6071428571428577,255.71428571428572,7.464285714285714,2.142857142857143,1.0714285714285714,10.078571428571427,262.85714285714283,1.4357142857142853
2023-12-12,4.728571428571429,-1.6000000000000003,3.8357142857142867,3.557142857142858,257.85714285714283,7.528571428571429,5.714285714285714,4.5,10.078571428571427,265.0,1.3499999999999994
2023-12-13,4.75,-1.6357142857142861,4.871428571428573,3.5428571428571436,248.57142857142858,7.628571428571429,9.285714285714286,4.5,10.171428571428573,258.57142857142856,1.2999999999999994
2023-12-14,4.807142857142857,-1.5571428571428574,5.15,3.585714285714286,256.42857142857144,7.785714285714286,12.857142857142858,5.214285714285714,10.328571428571427,257.14285714285717,1.6214285714285708
2023-12-15,4.807142857142857,-2.0714285714285716,4.714285714285715,3.335714285714286,265.7142857142857,7.528571428571428,16.428571428571427,5.214285714285714,9.950000000000001,267.14285714285717,1.2857142857142851
2023-12-16,4.314285714285715,-2.385714285714286,4.671428571428572,3.2428571428571438,265.0,7.307142857142857,20.0,5.214285714285714,9.628571428571428,267.14285714285717,0.9999999999999994
2023-12-17,4.185714285714286,-2.6571428571428575,4.828571428571429,3.2642857142857147,253.57142857142858,7.435714285714285,22.142857142857142,5.214285714285714,9.785714285714286,256.42857142857144,0.9642857142857137
2023-12-18,3.842857142857143,-2.4642857142857144,5.185714285714288,3.4214285714285717,243.57142857142858,7.692857142857143,22.142857142857142,5.214285714285714,10.228571428571428,247.85714285714286,1.1285714285714281
2023-12-19,7.235714285714287,-1.8357142857142859,5.6642857142857155,3.407142857142858,232.85714285714286,7.692857142857143,22.142857142857142,4.5,10.321428571428571,243.57142857142858,1.5499999999999994
2023-12-20,7.214285714285714,-1.7142857142857146,6.257142857142858,3.592857142857143,230.71428571428572,8.07857142857143,20.0,4.142857142857143,10.735714285714286,241.42857142857142,2.028571428571428
2023-12-21,7.214285714285714,-1.5500000000000005,6.642857142857144,3.5142857142857147,232.14285714285714,8.142857142857142,20.0,4.142857142857143,10.892857142857142,242.14285714285714,2.264285714285714
2023-12-22,7.214285714285714,-1.5500000000000003,6.757142857142859,3.7571428571428576,244.28571428571428,8.557142857142857,20.0,4.142857142857143,11.407142857142857,230.0,2.3928571428571423
2023-12-23,7.214285714285714,-2.0642857142857145,6.328571428571429,3.7428571428571433,237.14285714285714,8.52142857142857,20.0,4.142857142857143,11.407142857142857,223.57142857142858,2.0571428571428565
2023-12-24,7.235714285714287,-2.8142857142857145,5.771428571428572,3.6428571428571432,237.85714285714286,8.457142857142857,20.0,4.142857142857143,11.342857142857142,224.28571428571428,1.4357142857142853
2023-12-25,5.585714285714286,-2.735714285714286,5.257142857142858,3.4357142857142864,236.42857142857142,8.107142857142858,20.0,4.142857142857143,10.735714285714286,223.57142857142858,0.9214285714285708
2023-12-26,4.55,-2.542857142857143,5.571428571428572,3.4071428571428575,229.28571428571428,7.857142857142857,16.428571428571427,0.7142857142857143,10.321428571428571,215.71428571428572,1.0857142857142852
2023-12-27,4.8,-2.1142857142857148,5.092857142857143,3.214285714285715,230.0,7.571428571428572,12.857142857142858,0.7142857142857143,9.935714285714287,216.42857142857142,1.5214285714285707
2023-12-28,4.921428571428572,-1.4428571428571433,5.371428571428573,2.9357142857142864,223.57142857142858,7.192857142857143,9.285714285714286,0.0,9.457142857142857,210.0,1.9142857142857135
2023-12-29,5.1571428571428575,-0.6214285714285719,5.764285714285715,2.828571428571429,223.57142857142858,6.878571428571429,5.714285714285714,0.0,9.007142857142858,210.0,2.485714285714285
2023-12-30,5.571428571428571,-0.421428571428572,5.6071428571428585,2.714285714285715,235.71428571428572,6.721428571428572,2.142857142857143,0.0,8.75,222.14285714285714,2.578571428571428
2023-12-31,5.7,-0.421428571428572,5.2857142857142865,2.8214285714285716,246.42857142857142,6.785714285714286,0.0,0.0,8.87857142857143,232.14285714285714,2.4357142857142855
2024-01-01,5.242857142857142,-0.928571428571429,4.542857142857144,2.8000000000000007,234.28571428571428,6.6571428571428575,0.0,0.0,8.592857142857143,219.28571428571428,1.9785714285714278
2024-01-02,1.25,-1.7571428571428578,3.4357142857142864,2.785714285714286,244.28571428571428,6.6571428571428575,0.0,0.0,8.500000000000002,223.57142857142858,1.1142857142857137
2024-01-03,1.25,-2.035714285714286,3.114285714285715,2.6142857142857148,235.71428571428572,6.307142857142857,0.0,0.0,8.114285714285714,215.71428571428572,0.6071428571428565
2024-01-04,1.25,-1.6857142857142864,3.2357142857142867,2.664285714285715,224.28571428571428,6.242857142857142,0.0,0.0,7.957142857142856,203.57142857142858,0.7999999999999995
2024-01-05,1.2857142857142858,-1.8071428571428574,3.4285714285714297,2.6714285714285717,222.14285714285714,6.271428571428571,0.0,0.21428571428571427,8.05,202.14285714285714,1.021428571428571
2024-01-06,1.2857142857142858,-1.8500000000000003,3.6214285714285728,2.8000000000000003,240.71428571428572,6.464285714285714,0.0,0.21428571428571427,8.335714285714285,220.0,0.9357142857142853
2024-01-07,1.3714285714285714,-1.771428571428572,3.421428571428573,2.7642857142857147,252.14285714285714,6.371428571428572,0.0,1.6428571428571428,8.171428571428573,230.71428571428572,0.8642857142857138
2024-01-08,2.064285714285714,-2.3571428571428577,2.9142857142857155,2.7142857142857144,265.0,6.471428571428571,12.857142857142858,13.285714285714286,8.292857142857143,242.85714285714286,0.34285714285714225
2024-01-09,2.085714285714286,-2.8714285714285723,2.364285714285715,2.6642857142857146,276.42857142857144,6.3428571428571425,25.714285714285715,13.5,8.2,254.28571428571428,-0.17857142857142919
2024-01-10,2.3428571428571425,-3.3000000000000003,1.9642857142857153,2.8000000000000007,274.2857142857143,6.821428571428571,36.42857142857143,16.785714285714285,8.907142857142857,252.85714285714286,-0.7857142857142863
2024-01-11,3.1285714285714286,-3.5000000000000004,2.000000000000001,3.078571428571429,270.0,7.971428571428571,45.714285714285715,16.785714285714285,10.635714285714286,249.28571428571428,-0.964285714285715
2024-01-12,3.0714285714285716,-3.9285714285714293,1.7642857142857156,3.1214285714285723,267.85714285714283,8.321428571428571,51.42857142857143,19.5,11.307142857142859,247.14285714285714,-1.178571428571429
2024-01-13,2.6571428571428575,-4.4,1.3714285714285723,3.150000000000001,244.28571428571428,8.321428571428571,58.57142857142857,20.071428571428573,11.307142857142859,247.14285714285714,-1.6571428571428577
2024-01-14,3.3285714285714283,-4.321428571428572,1.650000000000001,3.3214285714285725,228.57142857142858,8.8,65.71428571428571,20.071428571428573,12.071428571428571,231.42857142857142,-1.6500000000000006
2024-01-15,3.3285714285714283,-4.321428571428572,1.9214285714285726,3.5142857142857147,247.85714285714286,9.214285714285714,69.28571428571429,20.285714285714285,12.77142857142857,248.57142857142858,-1.4428571428571435
2024-01-16,3.35,-4.478571428571429,1.9642857142857153,3.6428571428571432,237.85714285714286,9.435714285714285,72.85714285714286,20.5,13.057142857142859,239.28571428571428,-1.4857142857142862
2024-01-17,3.6928571428571426,-4.635714285714286,1.457142857142858,3.6000000000000005,247.85714285714286,9.464285714285714,76.42857142857143,29.571428571428573,13.121428571428572,247.85714285714286,-1.7428571428571433
2024-01-18,3.6928571428571426,-5.342857142857143,0.7857142857142868,3.6857142857142864,248.57142857142858,9.557142857142859,85.71428571428571,29.571428571428573,13.37857142857143,248.57142857142858,-2.3500000000000005
2024-01-19,3.7142857142857144,-5.3428571428571425,0.3571428571428582,3.607142857142857,239.28571428571428,9.37142857142857,91.42857142857143,31.357142857142858,13.12142857142857,262.14285714285717,-2.8000000000000007
2024-01-20,3.7142857142857144,-5.6571428571428575,0.007142857142858196,3.6642857142857146,242.85714285714286,9.407142857142857,97.14285714285714,31.357142857142858,13.057142857142855,242.14285714285714,-2.900000000000001
2024-01-21,3.642857142857143,-6.207142857142857,-0.6999999999999991,3.7428571428571438,241.42857142857142,9.407142857142857,102.85714285714286,31.0,13.057142857142859,240.0,-3.5571428571428574
2024-01-22,2.9499999999999997,-6.885714285714286,-1.099999999999999,3.892857142857143,240.0,9.528571428571428,95.71428571428571,19.357142857142858,13.157142857142858,238.57142857142858,-4.000000000000001
2024-01-23,2.9285714285714284,-7.635714285714286,-1.099999999999999,4.107142857142858,228.57142857142858,9.87857142857143,88.57142857142857,19.142857142857142,13.6,227.14285714285714,-4.392857142857143
2024-01-24,2.4,-7.757142857142858,-1.3357142857142847,4.028571428571429,240.0,9.364285714285714,83.57142857142857,15.857142857142858,12.828571428571427,235.71428571428572,-4.235714285714286
2024-01-25,2.142857142857143,-8.428571428571429,-1.6499999999999988,3.885714285714286,242.85714285714286,8.528571428571428,83.57142857142857,18.928571428571427,11.485714285714286,238.57142857142858,-4.764285714285715
2024-01-26,2.2714285714285714,-8.235714285714286,-1.5714285714285705,3.8000000000000003,222.85714285714286,8.242857142857142,81.42857142857143,16.214285714285715,10.914285714285713,218.57142857142858,-4.735714285714287
2024-01-27,3.0714285714285716,-7.964285714285714,-1.335714285714285,3.792857142857143,245.71428571428572,8.335714285714285,77.85714285714286,15.642857142857142,11.014285714285716,205.0,-4.4071428571428575
2024-01-28,2.2714285714285714,-7.892857142857143,-1.6928571428571417,3.471428571428572,260.0,7.728571428571429,72.85714285714286,16.0,10.028571428571428,219.28571428571428,-4.500000000000001
2024-01-29,2.2714285714285714,-7.621428571428572,-1.6142857142857134,3.221428571428572,265.0,7.35,71.42857142857143,16.0,9.428571428571429,225.71428571428572,-4.478571428571429
2024-01-30,2.25,-7.264285714285714,-1.3428571428571419,3.2642857142857147,276.42857142857144,7.3500000000000005,67.85714285714286,15.785714285714286,9.428571428571429,235.71428571428572,-4.171428571428573
2024-01-31,1.9071428571428573,-6.985714285714286,-1.0285714285714276,3.2357142857142867,275.7142857142857,7.192857142857143,64.28571428571429,6.714285714285714,9.207142857142857,227.14285714285714,-3.921428571428572
2024-02-01,1.9071428571428573,-6.514285714285714,-0.4785714285714275,3.1642857142857146,274.2857142857143,7.1642857142857155,55.0,6.714285714285714,9.014285714285714,225.71428571428572,-3.4357142857142864
2024-02-02,1.85,-5.764285714285714,-0.007142857142856134,3.1785714285714284,273.57142857142856,7.1,49.285714285714285,4.714285714285714,8.985714285714286,223.57142857142858,-2.7785714285714294
2024-02-03,1.8714285714285717,-4.928571428571429,0.5000000000000011,3.192857142857143,275.0,7.164285714285714,43.57142857142857,4.928571428571429,9.178571428571429,248.57142857142858,-2.107142857142858
2024-02-04,1.8357142857142859,-4.378571428571428,1.0571428571428583,3.15,275.7142857142857,7.071428571428571,37.857142857142854,3.857142857142857,9.057142857142857,250.71428571428572,-1.4285714285714295
2024-02-05,1.8357142857142859,-3.9,1.7642857142857153,3.035714285714286,277.85714285714283,6.85,32.142857142857146,3.857142857142857,8.77142857142857,252.85714285714286,-0.9928571428571435
2024-02-06,1.8357142857142859,-3.2285714285714286,1.7642857142857153,2.985714285714286,289.2857142857143,6.814285714285715,26.428571428571427,3.857142857142857,8.678571428571429,239.28571428571428,-0.671428571428572
2024-02-07,1.8357142857142859,-3.4285714285714284,1.7642857142857156,2.9142857142857146,290.0,6.75,20.714285714285715,3.857142857142857,8.62142857142857,240.71428571428572,-0.9500000000000007
2024-02-08,1.1285714285714286,-3.5428571428571436,1.6857142857142868,2.7071428571428577,299.2857142857143,6.307142857142857,11.428571428571429,0.7857142857142857,7.978571428571429,250.71428571428572,-0.9857142857142865
2024-02-09,0.8214285714285714,-3.771428571428572,2.1214285714285728,2.6785714285714293,312.85714285714283,6.242857142857143,7.857142857142857,0.7857142857142857,7.942857142857143,263.57142857142856,-1.0000000000000007
2024-02-10,0.02142857142857143,-3.5357142857142856,2.6785714285714297,3.0071428571428576,302.14285714285717,6.528571428571429,4.285714285714286,0.7857142857142857,8.642857142857142,265.0,-0.6500000000000006
2024-02-11,0.05714285714285715,-3.1357142857142857,3.4714285714285724,3.3142857142857145,292.14285714285717,6.942857142857143,2.142857142857143,0.42857142857142855,9.278571428571428,255.0,-0.01428571428571487
2024-02-12,0.05714285714285715,-2.978571428571429,3.750000000000001,3.3928571428571432,290.7142857142857,7.071428571428571,0.0,0.21428571428571427,9.464285714285714,250.71428571428572,0.2857142857142851
2024-02-13,0.05714285714285715,-2.785714285714286,3.9071428571428584,3.1142857142857148,266.42857142857144,6.757142857142857,0.0,0.21428571428571427,9.05,227.14285714285714,0.4571428571428565
2024-02-14,0.05714285714285715,-2.5500000000000003,4.257142857142858,3.142857142857143,266.42857142857144,6.95,0.0,0.21428571428571427,9.299999999999999,235.71428571428572,0.7357142857142851
2024-02-15,0.1142857142857143,-2.985714285714286,4.142857142857144,3.4142857142857146,277.85714285714283,7.392857142857143,3.5714285714285716,3.857142857142857,9.87142857142857,246.42857142857142,0.42857142857142794
2024-02-16,0.22142857142857145,-3.857142857142857,3.8714285714285728,3.228571428571429,287.85714285714283,7.392857142857143,7.142857142857143,7.285714285714286,9.835714285714285,258.57142857142856,-0.10000000000000056
2024-02-17,0.23571428571428574,-4.057142857142858,3.6428571428571437,3.221428571428572,285.7142857142857,7.578571428571428,12.857142857142858,9.785714285714286,10.057142857142855,257.14285714285717,-0.3785714285714291
2024-02-18,0.3642857142857143,-4.214285714285714,3.5642857142857154,3.157142857142858,285.7142857142857,7.764285714285714,20.0,12.142857142857142,10.242857142857144,256.42857142857144,-0.49285714285714344
2024-02-19,0.38571428571428573,-4.492857142857143,3.292857142857144,3.464285714285715,274.2857142857143,8.278571428571428,27.142857142857142,12.714285714285714,10.971428571428572,244.28571428571428,-0.6500000000000006
2024-02-20,0.4928571428571429,-5.007142857142858,3.1785714285714297,3.514285714285715,271.42857142857144,8.471428571428572,34.285714285714285,15.071428571428571,11.228571428571428,267.14285714285717,-0.764285714285715
2024-02-21,0.4928571428571429,-5.485714285714286,2.9500000000000015,3.4428571428571435,270.7142857142857,8.342857142857143,40.0,15.071428571428571,11.0,267.14285714285717,-1.157142857142858
2024-02-22,0.4928571428571429,-5.764285714285714,3.150000000000001,3.728571428571429,261.42857142857144,8.95,45.714285714285715,15.071428571428571,11.864285714285716,256.42857142857144,-1.2285714285714293
2024-02-23,0.8928571428571429,-5.492857142857143,2.7142857142857153,4.078571428571429,260.7142857142857,9.364285714285714,49.285714285714285,15.071428571428571,12.6,255.71428571428572,-1.221428571428572
2024-02-24,0.9285714285714286,-5.842857142857143,2.4714285714285724,3.9571428571428577,272.14285714285717,9.464285714285714,51.42857142857143,15.071428571428571,12.37857142857143,267.14285714285717,-1.3928571428571435
2024-02-25,0.8928571428571429,-7.107142857142857,1.4071428571428581,3.9214285714285717,284.2857142857143,9.364285714285714,51.42857142857143,15.071428571428571,12.185714285714287,279.2857142857143,-2.514285714285715
2024-02-26,0.8928571428571429,-8.12857142857143,1.0857142857142867,4.042857142857144,275.0,9.521428571428572,51.42857142857143,15.071428571428571,12.414285714285713,272.85714285714283,-3.3714285714285723
2024-02-27,0.8928571428571429,-8.321428571428571,1.4428571428571442,4.3,287.14285714285717,9.778571428571428,51.42857142857143,15.071428571428571,13.021428571428572,284.2857142857143,-3.271428571428572
2024-02-28,0.8928571428571429,-8.4,2.435714285714287,4.528571428571429,277.14285714285717,10.0,51.42857142857143,15.071428571428571,13.507142857142856,273.57142857142856,-2.8214285714285725
2024-02-29,1.0928571428571427,-7.807142857142857,3.5071428571428584,4.528571428571429,267.14285714285717,10.064285714285715,47.857142857142854,11.428571428571429,13.700000000000001,263.57142857142856,-1.5500000000000007
2024-03-01,0.9857142857142857,-7.685714285714285,3.542857142857144,4.964285714285714,263.57142857142856,10.314285714285713,44.285714285714285,8.0,14.599999999999998,258.57142857142856,-1.4428571428571435
2024-03-02,0.95,-8.042857142857143,3.9714285714285724,4.978571428571429,253.57142857142858,10.221428571428572,38.57142857142857,5.285714285714286,14.471428571428573,247.14285714285714,-1.5714285714285725
2024-03-03,1.1285714285714286,-7.178571428571429,4.714285714285715,5.15,242.85714285714286,10.321428571428571,31.428571428571427,2.9285714285714284,14.7,235.71428571428572,-0.8500000000000006
2024-03-04,1.1071428571428572,-6.071428571428571,5.500000000000001,4.8571428571428585,252.14285714285714,9.778571428571428,24.285714285714285,2.357142857142857,13.971428571428572,246.42857142857142,-7.61295788314393e-16
2024-03-05,1.0,-4.771428571428572,6.764285714285715,4.735714285714286,242.14285714285714,9.464285714285714,17.142857142857142,0.0,13.714285714285714,235.71428571428572,1.0071428571428565
2024-03-06,1.1285714285714286,-3.2642857142857147,7.7857142857142865,4.950000000000001,232.14285714285714,9.914285714285715,11.428571428571429,0.0,14.421428571428573,226.42857142857142,2.3071428571428565
2024-03-07,2.542857142857143,-2.1642857142857146,8.021428571428572,4.9,242.14285714285714,9.564285714285715,5.714285714285714,0.0,13.971428571428572,227.14285714285714,3.1428571428571423
2024-03-08,2.4499999999999997,-2.278571428571429,8.335714285714287,4.814285714285715,252.14285714285714,9.5,2.142857142857143,0.0,13.75,237.14285714285714,3.328571428571428
2024-03-09,2.414285714285714,-2.392857142857143,8.457142857142859,4.592857142857143,249.28571428571428,9.02142857142857,0.0,0.0,13.171428571428569,235.71428571428572,3.214285714285714
2024-03-10,2.7785714285714285,-1.5285714285714287,9.207142857142857,4.578571428571429,237.14285714285714,9.121428571428572,0.0,0.0,13.52142857142857,222.85714285714286,3.9714285714285706
2024-03-11,3.85,-0.8571428571428574,9.328571428571427,4.414285714285715,245.71428571428572,9.057142857142859,2.142857142857143,2.0,13.521428571428572,229.28571428571428,4.614285714285714
2024-03-12,4.121428571428571,-0.935714285714286,9.05,4.514285714285715,255.0,9.407142857142857,4.285714285714286,4.928571428571429,13.807142857142859,238.57142857142858,4.307142857142856
2024-03-13,4.121428571428571,-0.9000000000000002,8.457142857142857,4.464285714285714,265.0,9.37142857142857,7.857142857142857,4.928571428571429,13.642857142857142,248.57142857142858,4.1
2024-03-14,3.864285714285714,-1.1357142857142861,8.335714285714287,4.057142857142858,265.0,8.671428571428573,7.857142857142857,4.928571428571429,12.721428571428572,249.28571428571428,3.4285714285714275
2024-03-15,4.407142857142857,-0.5071428571428575,9.400000000000002,3.6000000000000005,268.57142857142856,8.192857142857143,7.857142857142857,4.928571428571429,11.571428571428571,232.14285714285714,4.164285714285714
2024-03-16,5.021428571428571,0.27857142857142825,9.757142857142858,3.4642857142857153,280.7142857142857,7.935714285714286,7.857142857142857,4.928571428571429,11.257142857142856,243.57142857142858,5.007142857142857
2024-03-17,4.771428571428571,0.042857142857142545,10.0,3.221428571428572,292.85714285714283,7.521428571428571,7.857142857142857,4.928571428571429,10.714285714285714,256.42857142857144,5.007142857142857
2024-03-18,4.864285714285714,0.042857142857142545,10.042857142857144,3.3571428571428577,287.14285714285717,7.807142857142858,7.857142857142857,4.928571428571429,11.414285714285715,252.14285714285714,5.128571428571428
2024-03-19,4.935714285714285,-0.27142857142857174,9.328571428571431,3.464285714285715,295.0,7.835714285714286,7.857142857142857,4.928571428571429,11.47857142857143,261.42857142857144,4.792857142857143
2024-03-20,4.9,-0.9000000000000004,8.692857142857145,3.4357142857142864,302.14285714285717,7.735714285714287,10.0,6.0,11.285714285714286,268.57142857142856,4.207142857142856
2024-03-21,3.9785714285714286,-1.328571428571429,8.614285714285716,3.4785714285714286,301.42857142857144,7.957142857142856,10.0,10.928571428571429,11.607142857142858,270.0,3.8142857142857136
2024-03-22,3.6714285714285717,-1.7642857142857145,7.871428571428572,3.6071428571428577,300.0,8.178571428571429,13.571428571428571,10.928571428571429,11.828571428571427,268.57142857142856,3.228571428571428
2024-03-23,3.6714285714285717,-2.1214285714285714,7.121428571428572,3.7571428571428576,300.0,8.621428571428572,15.714285714285714,10.928571428571429,12.435714285714287,268.57142857142856,2.6857142857142855
2024-03-24,4.628571428571428,-2.5500000000000003,6.371428571428573,3.7071428571428577,311.42857142857144,8.52142857142857,21.428571428571427,26.5,12.185714285714285,280.7142857142857,2.1071428571428563
2024-03-25,3.557142857142857,-3.1071428571428577,6.250000000000001,3.657142857142858,313.57142857142856,8.364285714285714,33.57142857142857,24.5,11.928571428571429,284.2857142857143,1.6785714285714277
2024-03-26,3.2857142857142856,-3.507142857142857,6.564285714285715,3.3785714285714294,305.0,7.757142857142857,42.142857142857146,21.571428571428573,11.099999999999998,275.7142857142857,1.685714285714285
2024-03-27,3.2857142857142856,-3.585714285714286,6.764285714285714,3.2285714285714286,290.7142857142857,7.535714285714286,44.285714285714285,21.571428571428573,10.814285714285715,262.14285714285717,1.7785714285714278
2024-03-28,3.342857142857143,-3.0000000000000004,6.52857142857143,3.5000000000000004,290.7142857142857,7.914285714285714,44.285714285714285,21.571428571428573,11.421428571428573,261.42857142857144,2.035714285714285
2024-03-29,2.8000000000000003,-2.7214285714285715,6.135714285714286,3.535714285714286,292.14285714285717,8.042857142857143,44.285714285714285,21.571428571428573,11.55,284.2857142857143,2.078571428571428
2024-03-30,2.185714285714286,-2.6428571428571432,6.092857142857143,3.771428571428572,289.2857142857143,8.457142857142857,44.285714285714285,21.571428571428573,12.15,280.7142857142857,1.9571428571428566
2024-03-31,2.1285714285714286,-2.6428571428571432,5.92857142857143,4.050000000000001,287.14285714285717,8.964285714285714,44.285714285714285,21.571428571428573,12.821428571428571,278.57142857142856,1.9142857142857135
2024-04-01,2.0357142857142856,-2.878571428571429,6.007142857142859,3.9428571428571435,291.42857142857144,8.87142857142857,44.285714285714285,21.571428571428573,12.664285714285713,280.7142857142857,1.7928571428571423
2024-04-02,1.9642857142857142,-2.9142857142857146,6.678571428571431,3.885714285714286,271.42857142857144,9.0,44.285714285714285,21.571428571428573,12.664285714285713,273.57142857142856,1.9285714285714282
2024-04-03,1.8714285714285717,-2.8000000000000003,7.435714285714286,3.8000000000000007,260.7142857142857,8.878571428571428,42.142857142857146,20.5,12.564285714285715,262.85714285714283,2.2571428571428567
2024-04-04,1.8714285714285714,-2.485714285714286,7.514285714285715,3.8642857142857148,249.28571428571428,9.035714285714286,42.142857142857146,15.571428571428571,12.978571428571428,258.57142857142856,2.649999999999999
2024-04-05,3.2714285714285714,-1.9785714285714289,7.864285714285716,3.6928571428571435,235.0,8.842857142857143,45.714285714285715,33.714285714285715,12.914285714285715,244.28571428571428,3.0071428571428567
2024-04-06,3.292857142857143,-1.3500000000000003,8.17857142857143,3.7785714285714294,236.42857142857142,8.657142857142857,56.42857142857143,33.714285714285715,12.657142857142857,245.0,3.4714285714285706
2024-04-07,1.9714285714285715,-0.8000000000000004,8.72857142857143,3.842857142857144,235.71428571428572,8.62857142857143,54.285714285714285,18.142857142857142,12.557142857142859,244.28571428571428,3.9357142857142846
2024-04-08,1.9714285714285715,-0.085714285714286,9.407142857142858,3.9357142857142864,234.28571428571428,8.785714285714286,40.0,18.142857142857142,12.714285714285714,242.85714285714286,4.542857142857143
2024-04-09,1.9714285714285715,0.47142857142857114,10.121428571428572,3.8714285714285714,244.28571428571428,8.785714285714286,29.285714285714285,18.142857142857142,12.814285714285715,255.0,5.1499999999999995
2024-04-10,1.9714285714285715,0.8214285714285712,10.757142857142856,3.7714285714285722,257.85714285714283,8.564285714285715,23.571428571428573,18.142857142857142,12.492857142857144,265.0,5.535714285714285
2024-04-11,2.1714285714285713,1.0999999999999996,11.192857142857145,3.7285714285714286,257.14285714285717,8.535714285714286,23.571428571428573,18.142857142857142,12.457142857142856,262.85714285714283,5.871428571428571
2024-04-12,2.35,1.4142857142857141,11.585714285714287,3.9571428571428577,240.71428571428572,8.700000000000001,23.571428571428573,18.142857142857142,12.742857142857144,247.85714285714286,6.128571428571427
2024-04-13,3.8214285714285716,2.128571428571428,12.657142857142857,4.057142857142858,231.42857142857142,8.928571428571429,23.571428571428573,18.142857142857142,13.192857142857141,237.85714285714286,6.928571428571429
2024-04-14,3.9285714285714284,2.407142857142857,12.900000000000002,4.064285714285715,221.42857142857142,8.864285714285714,23.571428571428573,18.142857142857142,13.25,229.28571428571428,7.3357142857142845
2024-04-15,3.9285714285714284,2.6,13.057142857142859,4.085714285714286,213.57142857142858,8.957142857142857,23.571428571428573,18.142857142857142,13.214285714285714,220.71428571428572,7.442857142857142
2024-04-16,3.9499999999999997,2.9499999999999997,13.014285714285716,3.964285714285715,236.42857142857142,8.671428571428573,23.571428571428573,18.142857142857142,12.864285714285714,227.85714285714286,7.657142857142857
2024-04-17,3.9499999999999997,3.264285714285714,13.135714285714286,4.014285714285714,252.14285714285714,8.857142857142858,23.571428571428573,18.142857142857142,13.25,242.85714285714286,7.942857142857142
2024-04-18,3.457142857142857,3.1857142857142855,13.335714285714287,3.821428571428572,264.2857142857143,8.47857142857143,23.571428571428573,18.142857142857142,12.485714285714286,255.71428571428572,7.8928571428571415
2024-04-19,2.6214285714285714,3.5857142857142854,13.892857142857142,3.778571428571429,265.7142857142857,8.357142857142858,16.428571428571427,0.0,12.200000000000001,257.85714285714283,8.364285714285714
2024-04-20,2.6000000000000005,4.057142857142857,14.685714285714287,3.878571428571429,255.71428571428572,8.542857142857143,3.5714285714285716,0.0,12.557142857142859,245.71428571428572,8.957142857142857
2024-04-21,2.6000000000000005,4.214285714285714,15.278571428571428,3.7500000000000004,250.71428571428572,8.67142857142857,0.0,0.0,12.87857142857143,242.85714285714286,9.528571428571427
2024-04-22,2.6000000000000005,4.371428571428571,15.114285714285714,3.792857142857143,252.14285714285714,8.928571428571429,0.0,0.0,13.264285714285714,244.28571428571428,9.642857142857142
2024-04-23,2.6000000000000005,4.485714285714286,14.521428571428572,3.985714285714286,252.14285714285714,9.307142857142859,0.0,0.0,13.707142857142857,244.28571428571428,9.457142857142856
2024-04-24,2.6000000000000005,4.371428571428571,14.47857142857143,4.385714285714286,243.57142857142858,9.878571428571428,0.0,0.0,14.700000000000001,238.57142857142858,9.421428571428569
2024-04-25,2.5571428571428574,3.7428571428571424,14.27857142857143,4.392857142857143,253.57142857142858,10.264285714285714,0.0,0.0,15.15,250.0,9.278571428571427
2024-04-26,2.378571428571429,2.9571428571428564,13.921428571428573,4.185714285714286,269.2857142857143,10.164285714285713,0.0,0.0,14.957142857142857,265.0,8.685714285714285
2024-04-27,0.9071428571428571,2.0499999999999994,13.207142857142857,3.792857142857143,276.42857142857144,9.52142857142857,0.0,0.0,13.871428571428572,275.7142857142857,7.957142857142856
2024-04-28,0.8714285714285713,1.8142857142857136,13.842857142857143,3.728571428571429,276.42857142857144,9.457142857142857,0.0,0.0,13.75,274.2857142857143,8.02142857142857
2024-04-29,1.707142857142857,2.3285714285714283,14.278571428571428,3.785714285714286,262.85714285714283,9.457142857142857,0.0,0.0,13.85,275.0,8.52142857142857
2024-04-30,1.6857142857142855,2.492857142857143,14.242857142857144,3.9428571428571435,265.0,9.742857142857144,0.0,0.0,14.264285714285716,253.57142857142858,8.7
2024-05-01,1.8857142857142857,2.771428571428571,14.321428571428571,3.907142857142858,263.57142857142856,9.557142857142859,0.0,0.0,13.75,242.14285714285714,8.842857142857142
2024-05-02,1.8857142857142857,3.207142857142857,14.757142857142858,3.8714285714285723,258.57142857142856,9.392857142857142,0.0,0.0,13.557142857142855,238.57142857142858,9.085714285714285
2024-05-03,1.4857142857142855,3.599999999999999,15.507142857142858,3.8642857142857148,274.2857142857143,9.392857142857142,0.0,0.0,13.557142857142859,241.42857142857142,9.62142857142857
2024-05-04,1.4857142857142855,3.842857142857142,16.021428571428576,3.5500000000000003,282.85714285714283,9.014285714285714,0.0,0.0,12.914285714285715,249.28571428571428,9.957142857142856
2024-05-05,1.4857142857142855,4.557142857142857,16.57857142857143,3.628571428571429,277.85714285714283,8.757142857142856,0.0,0.0,12.5,242.85714285714286,10.442857142857141
2024-05-06,2.392857142857143,5.1499999999999995,16.900000000000002,3.728571428571429,266.42857142857144,8.464285714285714,0.0,0.0,12.242857142857144,233.57142857142858,10.899999999999997
2024-05-07,2.4499999999999997,5.942857142857142,17.892857142857146,3.664285714285715,256.42857142857144,8.342857142857143,0.0,0.0,12.049999999999999,221.42857142857142,11.62142857142857
2024-05-08,2.4499999999999997,6.457142857142856,17.97142857142857,3.328571428571429,267.85714285714283,7.964285714285714,0.0,0.0,11.407142857142857,208.57142857142858,12.057142857142855
2024-05-09,2.3785714285714286,7.164285714285713,18.407142857142862,3.228571428571429,257.85714285714283,7.578571428571428,0.0,0.0,10.992857142857144,200.0,12.257142857142856
2024-05-10,2.3785714285714286,7.992857142857142,18.928571428571427,3.3571428571428577,257.14285714285717,7.678571428571429,0.0,0.0,11.12142857142857,176.42857142857142,12.914285714285713
2024-05-11,2.4499999999999997,8.664285714285715,19.092857142857145,3.378571428571429,261.42857142857144,7.778571428571428,0.0,0.0,11.214285714285714,180.0,13.349999999999998
2024-05-12,2.4857142857142853,9.214285714285714,19.00714285714286,3.235714285714286,260.7142857142857,7.557142857142857,0.0,0.0,10.857142857142858,180.0,13.485714285714284
2024-05-13,1.65,9.214285714285714,18.692857142857143,3.214285714285715,274.2857142857143,7.364285714285714,0.0,0.0,10.5,179.28571428571428,13.37142857142857
2024-05-14,1.707142857142857,9.407142857142857,19.207142857142856,3.2571428571428576,262.14285714285717,7.271428571428572,0.0,0.0,10.592857142857143,192.14285714285714,13.599999999999998
2024-05-15,2.142857142857143,9.921428571428573,19.8,3.3000000000000003,250.71428571428572,7.428571428571429,0.0,0.0,10.914285714285713,191.42857142857142,14.092857142857143
2024-05-16,2.142857142857143,10.471428571428572,20.07857142857143,3.335714285714286,246.42857142857142,7.6571428571428575,0.0,0.0,11.200000000000001,185.0,14.62142857142857
2024-05-17,1.9785714285714289,10.749999999999998,20.235714285714288,3.192857142857143,245.71428571428572,7.3999999999999995,0.0,0.0,10.942857142857141,195.0,14.842857142857142
2024-05-18,1.9785714285714289,10.864285714285714,20.592857142857145,3.2428571428571433,237.14285714285714,7.5928571428571425,0.0,0.0,11.392857142857142,189.28571428571428,15.207142857142856
2024-05-19,2.0,10.9,20.75,3.092857142857144,232.14285714285714,7.499999999999999,0.0,0.0,11.200000000000001,182.85714285714286,15.35
2024-05-20,1.092857142857143,11.057142857142855,21.7,2.8714285714285714,227.85714285714286,7.314285714285715,0.0,0.0,10.814285714285715,176.42857142857142,15.842857142857142
2024-05-21,1.0357142857142858,11.335714285714285,22.092857142857145,2.900000000000001,228.57142857142858,7.185714285714286,0.0,0.0,10.685714285714287,177.85714285714286,16.314285714285713
2024-05-22,1.6857142857142857,11.97142857142857,22.607142857142858,2.978571428571429,224.28571428571428,7.278571428571428,0.0,0.0,11.007142857142856,198.57142857142858,16.8
2024-05-23,1.542857142857143,12.65,23.478571428571428,3.078571428571429,224.28571428571428,7.121428571428572,0.0,0.0,10.75,198.57142857142858,17.59285714285714
2024-05-24,1.5642857142857143,13.164285714285715,24.271428571428572,3.0642857142857145,222.85714285714286,7.057142857142857,0.0,0.0,10.714285714285714,220.71428571428572,18.52857142857143
2024-05-25,1.4928571428571427,13.364285714285714,24.864285714285717,3.2928571428571436,222.14285714285714,7.371428571428572,0.0,0.0,11.2,219.28571428571428,19.085714285714285
2024-05-26,1.3857142857142857,13.328571428571427,25.185714285714283,3.1928571428571435,210.71428571428572,7.15,0.0,0.0,10.914285714285715,223.57142857142858,19.271428571428572
2024-05-27,1.3857142857142857,13.771428571428572,26.021428571428572,3.100000000000001,220.71428571428572,6.992857142857143,0.0,0.0,10.792857142857143,232.85714285714286,19.849999999999998
2024-05-28,2.814285714285714,14.37142857142857,26.421428571428574,3.2714285714285722,216.42857142857142,7.4071428571428575,0.0,0.0,11.142857142857142,228.57142857142858,20.37142857142857
2024-05-29,2.7214285714285715,14.528571428571427,26.342857142857145,3.285714285714286,225.71428571428572,7.371428571428572,0.0,0.0,11.114285714285716,235.0,20.485714285714288
2024-05-30,2.7214285714285715,14.171428571428569,26.22142857142857,3.307142857142858,234.28571428571428,7.371428571428572,0.0,0.0,11.242857142857144,245.71428571428572,20.39285714285714
2024-05-31,2.7214285714285715,13.614285714285714,26.064285714285717,3.400000000000001,233.57142857142858,7.721428571428571,0.0,0.0,11.692857142857145,223.57142857142858,20.092857142857138
2024-06-01,2.7214285714285715,13.257142857142856,25.907142857142862,3.4214285714285717,242.85714285714286,7.842857142857143,0.0,0.0,11.757142857142856,233.57142857142858,19.835714285714285
2024-06-02,2.7,12.864285714285714,26.185714285714287,3.378571428571429,235.0,7.778571428571429,0.0,0.0,11.785714285714286,225.71428571428572,19.74285714285714
2024-06-03,2.7,12.828571428571427,26.38571428571429,3.307142857142858,240.71428571428572,7.714285714285714,0.0,0.0,11.6,231.42857142857142,19.814285714285713
2024-06-04,2.7,12.664285714285715,26.428571428571434,3.207142857142858,249.28571428571428,7.678571428571429,0.0,0.0,11.478571428571428,240.71428571428572,19.87142857142857
2024-06-05,2.0500000000000003,12.5,26.62857142857143,3.092857142857144,240.71428571428572,7.614285714285715,0.0,0.0,11.192857142857145,232.14285714285714,19.87142857142857
2024-06-06,2.2857142857142856,12.578571428571431,26.550000000000004,2.9571428571428577,240.71428571428572,7.578571428571429,0.0,0.0,11.157142857142857,231.42857142857142,19.914285714285715
2024-06-07,4.171428571428572,12.62142857142857,26.55,2.9428571428571435,240.0,7.735714285714286,0.0,0.0,11.35,227.14285714285714,19.914285714285715
2024-06-08,4.35,12.978571428571428,26.67142857142857,2.7928571428571436,230.71428571428572,7.607142857142857,0.0,0.0,11.285714285714286,220.0,19.885714285714283
2024-06-09,4.421428571428572,13.492857142857142,26.550000000000004,2.9214285714285717,248.57142857142858,7.828571428571428,0.0,0.0,11.700000000000001,221.42857142857142,20.05
2024-06-10,5.128571428571428,13.37142857142857,26.114285714285717,3.0142857142857147,244.28571428571428,8.02142857142857,0.0,0.0,12.014285714285716,219.28571428571428,19.8
2024-06-11,3.7857142857142856,13.092857142857143,25.478571428571428,2.764285714285715,258.57142857142856,7.478571428571429,0.0,0.0,11.314285714285713,230.71428571428572,19.357142857142858
2024-06-12,3.242857142857143,12.857142857142856,25.242857142857144,2.657142857142858,260.7142857142857,7.292857142857143,0.0,0.0,10.964285714285714,235.0,19.071428571428573
2024-06-13,3.242857142857143,12.97857142857143,25.47857142857143,2.5571428571428574,260.0,7.192857142857143,0.0,0.0,10.678571428571429,233.57142857142858,19.12142857142857
2024-06-14,3.242857142857143,13.378571428571428,25.99285714285714,2.6285714285714294,250.71428571428572,7.221428571428572,0.0,0.0,10.678571428571429,247.14285714285714,19.564285714285713
2024-06-15,3.5500000000000003,14.135714285714286,26.228571428571428,2.7428571428571433,252.85714285714286,7.192857142857144,0.0,0.0,10.642857142857142,246.42857142857142,20.107142857142854
2024-06-16,3.5500000000000003,14.214285714285714,25.678571428571434,2.9142857142857146,275.7142857142857,7.478571428571429,0.0,0.0,10.964285714285714,270.7142857142857,20.071428571428573
2024-06-17,3.5500000000000003,13.935714285714285,25.200000000000006,2.964285714285715,280.0,7.507142857142857,0.0,0.0,11.092857142857142,275.0,19.735714285714284
2024-06-18,3.5500000000000003,14.257142857142856,25.157142857142862,3.150000000000001,270.0,7.792857142857144,0.0,0.0,11.535714285714286,264.2857142857143,19.692857142857143
2024-06-19,3.5500000000000003,14.892857142857142,25.27857142857143,3.2857142857142856,270.7142857142857,7.828571428571429,0.0,0.0,11.5,265.0,20.05
2024-06-20,3.457142857142857,15.37142857142857,25.6,3.3928571428571432,272.14285714285717,7.928571428571429,0.0,0.0,11.564285714285715,264.2857142857143,20.414285714285715
2024-06-21,3.5071428571428567,15.764285714285714,26.035714285714285,3.2928571428571436,275.0,8.471428571428572,0.0,0.0,12.142857142857142,269.2857142857143,20.607142857142858
2024-06-22,3.3285714285714283,16.121428571428574,26.03571428571429,3.2571428571428576,283.57142857142856,8.185714285714287,0.0,0.0,11.6,277.85714285714283,20.849999999999998
2024-06-23,3.564285714285714,16.400000000000002,26.03571428571429,3.1714285714285717,272.85714285714283,8.121428571428572,0.0,0.0,11.285714285714286,267.14285714285717,21.085714285714285
2024-06-24,5.142857142857143,16.79285714285714,26.50714285714286,3.2357142857142867,266.42857142857144,8.371428571428572,0.0,0.0,11.571428571428571,260.7142857142857,21.49285714285714
2024-06-25,5.107142857142857,16.914285714285715,26.900000000000002,3.25,268.57142857142856,8.621428571428572,0.0,0.0,12.078571428571431,265.7142857142857,21.86428571428571
2024-06-26,5.321428571428571,17.02857142857143,27.61428571428571,3.278571428571429,260.0,8.685714285714287,0.0,0.0,12.235714285714284,259.2857142857143,22.3
2024-06-27,5.5928571428571425,17.507142857142856,28.13571428571429,3.4357142857142864,260.7142857142857,8.785714285714286,0.0,0.0,12.428571428571429,255.71428571428572,22.77857142857143
2024-06-28,5.614285714285714,17.585714285714285,27.742857142857144,3.4285714285714284,268.57142857142856,8.821428571428571,0.0,0.0,12.52142857142857,262.85714285714283,22.721428571428568
2024-06-29,5.307142857142857,16.985714285714288,27.464285714285715,3.2428571428571433,247.85714285714286,8.471428571428572,0.0,0.0,12.042857142857144,244.28571428571428,22.24285714285714
2024-06-30,6.414285714285714,17.385714285714286,27.578571428571426,3.4214285714285717,237.14285714285714,8.72857142857143,0.0,0.0,12.457142857142857,233.57142857142858,22.27857142857143
2024-07-01,6.414285714285714,18.214285714285715,28.13571428571429,3.628571428571429,240.71428571428572,9.242857142857144,0.0,0.0,13.185714285714287,237.14285714285714,22.914285714285715
2024-07-02,6.414285714285714,18.014285714285712,27.821428571428573,3.6285714285714294,251.42857142857142,9.214285714285714,0.0,0.0,13.057142857142859,247.14285714285714,22.849999999999998
2024-07-03,6.414285714285714,17.264285714285712,27.5,3.464285714285715,260.7142857142857,8.985714285714286,0.0,0.0,12.807142857142855,253.57142857142858,22.32857142857143
2024-07-04,6.307142857142857,16.507142857142856,27.057142857142857,3.5428571428571436,259.2857142857143,9.235714285714286,0.0,0.0,13.221428571428572,255.0,21.842857142857145
2024-07-05,4.421428571428572,16.392857142857142,26.935714285714287,3.635714285714286,248.57142857142858,8.721428571428572,0.0,0.0,12.807142857142859,242.85714285714286,21.75
2024-07-06,4.421428571428572,16.47142857142857,27.32857142857143,3.6142857142857148,248.57142857142858,8.692857142857143,0.0,0.0,12.807142857142859,240.71428571428572,21.992857142857144
2024-07-07,5.728571428571429,16.67142857142857,27.964285714285715,3.6214285714285723,260.7142857142857,8.821428571428571,0.0,0.0,13.185714285714285,253.57142857142858,22.371428571428574
2024-07-08,3.442857142857143,16.75714285714286,28.24285714285714,3.464285714285715,271.42857142857144,8.37857142857143,0.0,0.0,12.457142857142856,252.85714285714286,22.557142857142857
2024-07-09,3.335714285714286,17.02857142857143,28.878571428571433,3.3000000000000007,257.85714285714283,8.0,0.0,0.0,11.757142857142856,247.85714285714286,22.92142857142857
2024-07-10,3.1214285714285714,17.47142857142857,29.035714285714285,3.2571428571428576,257.14285714285717,7.935714285714286,0.0,0.0,11.657142857142858,244.28571428571428,23.242857142857144
2024-07-11,6.207142857142857,17.70714285714286,28.75714285714286,3.135714285714286,258.57142857142856,7.8999999999999995,0.0,0.0,11.528571428571428,225.71428571428572,23.285714285714285
2024-07-12,6.985714285714287,18.185714285714287,29.228571428571428,3.0285714285714294,259.2857142857143,7.707142857142857,0.0,0.0,11.114285714285716,226.42857142857142,23.485714285714284
2024-07-13,7.042857142857144,18.985714285714288,29.50714285714286,3.0000000000000004,278.57142857142856,7.707142857142857,0.0,0.0,11.049999999999999,246.42857142857142,23.978571428571424
2024-07-14,5.992857142857143,19.37857142857143,30.064285714285717,2.6428571428571432,279.2857142857143,7.1642857142857155,0.0,0.0,10.221428571428572,246.42857142857142,24.457142857142856
2024-07-15,5.992857142857143,19.342857142857145,30.02857142857143,2.421428571428572,270.7142857142857,6.65,0.0,0.0,9.492857142857142,238.57142857142858,24.464285714285715
2024-07-16,6.971428571428572,19.74285714285714,30.585714285714285,2.278571428571429,271.42857142857144,6.6499999999999995,0.0,0.0,9.557142857142855,230.0,24.828571428571426
2024-07-17,7.771428571428572,20.378571428571426,30.70714285714286,2.414285714285715,257.14285714285717,6.9071428571428575,0.0,0.0,9.907142857142857,222.14285714285714,25.157142857142855
2024-07-18,7.735714285714287,20.7,30.67142857142857,2.2071428571428577,267.14285714285717,6.714285714285714,0.0,0.0,9.492857142857144,231.42857142857142,25.24285714285714
2024-07-19,7.6642857142857155,20.5,30.314285714285713,2.2571428571428576,277.85714285714283,6.714285714285714,0.0,0.0,9.299999999999999,243.57142857142858,25.057142857142853
2024-07-20,7.6642857142857155,20.021428571428572,30.0,2.1857142857142864,276.42857142857144,6.614285714285714,0.0,0.0,9.235714285714284,238.57142857142858,24.678571428571427
2024-07-21,6.05,19.58571428571429,29.87857142857143,2.1928571428571435,270.0,6.521428571428572,0.0,0.0,9.014285714285714,231.42857142857142,24.41428571428571
2024-07-22,6.142857142857143,19.307142857142857,29.521428571428572,2.2428571428571433,270.7142857142857,6.65,0.0,0.0,9.171428571428573,242.14285714285714,24.24285714285714
2024-07-23,6.142857142857143,18.95,29.321428571428577,2.307142857142858,272.14285714285717,6.778571428571428,0.0,0.0,9.328571428571427,234.28571428571428,23.971428571428568
2024-07-24,6.235714285714286,18.907142857142855,28.921428571428574,2.307142857142858,265.7142857142857,6.742857142857142,0.0,0.0,9.235714285714286,244.28571428571428,23.757142857142856
2024-07-25,3.478571428571428,18.785714285714285,29.157142857142862,2.4357142857142864,254.28571428571428,6.8428571428571425,0.0,0.0,9.457142857142857,257.85714285714283,23.728571428571428
2024-07-26,2.771428571428572,18.62142857142857,29.042857142857144,2.585714285714286,250.71428571428572,7.0,0.0,0.0,9.807142857142859,255.71428571428572,23.785714285714285
2024-07-27,2.7142857142857144,18.378571428571426,29.04285714285714,2.6714285714285717,250.0,7.0928571428571425,0.0,0.0,10.0,256.42857142857144,23.635714285714283
2024-07-28,2.6571428571428575,17.985714285714284,29.04285714285714,2.635714285714286,261.42857142857144,7.028571428571429,0.0,0.0,9.907142857142857,244.28571428571428,23.45714285714286
2024-07-29,2.6571428571428575,17.828571428571426,29.042857142857144,2.6071428571428577,260.7142857142857,6.8999999999999995,0.0,0.0,9.714285714285714,246.42857142857142,23.349999999999998
2024-07-30,1.6785714285714284,17.74285714285714,28.842857142857145,2.578571428571429,249.28571428571428,6.707142857142857,0.0,0.0,9.557142857142855,245.0,23.207142857142856
2024-07-31,1.2571428571428573,17.742857142857144,28.92142857142857,2.6285714285714294,257.14285714285717,6.864285714285714,0.0,0.0,9.814285714285715,249.28571428571428,23.192857142857143
2024-08-01,1.9499999999999997,17.935714285714287,29.0,2.7000000000000006,255.71428571428572,6.742857142857143,0.0,0.0,9.814285714285715,249.28571428571428,23.285714285714285
2024-08-02,1.9499999999999997,18.29285714285714,29.357142857142858,2.535714285714286,247.85714285714286,6.492857142857142,0.0,0.0,9.492857142857144,243.57142857142858,23.471428571428568
2024-08-03,1.9714285714285713,18.771428571428572,29.714285714285715,2.6000000000000005,237.85714285714286,6.592857142857143,0.0,0.0,9.557142857142859,237.85714285714286,23.87142857142857
2024-08-04,1.9714285714285713,19.285714285714285,29.914285714285718,2.5642857142857145,235.71428571428572,6.464285714285714,0.0,0.0,9.364285714285714,235.71428571428572,24.2
2024-08-05,2.9857142857142853,19.599999999999998,30.235714285714288,2.5500000000000003,212.14285714285714,6.528571428571429,0.0,0.0,9.457142857142857,212.85714285714286,24.385714285714283
2024-08-06,3.0214285714285714,19.8,29.84285714285715,2.5142857142857147,223.57142857142858,6.557142857142857,0.0,0.0,9.457142857142857,224.28571428571428,24.39285714285714
2024-08-07,2.9285714285714284,19.564285714285713,29.564285714285713,2.4642857142857144,240.0,6.428571428571429,0.0,0.0,9.328571428571431,224.28571428571428,24.11428571428571
2024-08-08,2.3285714285714283,19.17142857142857,29.32857142857143,2.3500000000000005,250.0,6.264285714285714,0.0,0.0,9.107142857142858,232.85714285714286,23.857142857142858
2024-08-09,3.2714285714285714,18.857142857142858,29.32857142857143,2.2071428571428577,243.57142857142858,6.107142857142857,0.0,0.0,8.885714285714286,227.14285714285714,23.650000000000002
2024-08-10,5.578571428571428,18.857142857142858,29.214285714285715,2.342857142857144,234.28571428571428,6.935714285714285,0.0,0.0,10.257142857142856,215.0,23.49285714285714
2024-08-11,5.578571428571428,18.935714285714287,29.092857142857145,2.4428571428571435,230.0,7.064285714285715,0.0,0.0,10.478571428571428,232.14285714285714,23.599999999999998
2024-08-12,5.942857142857142,18.857142857142858,28.692857142857143,2.5428571428571436,230.71428571428572,7.321428571428571,0.0,0.0,10.857142857142858,228.57142857142858,23.335714285714285
2024-08-13,5.942857142857142,18.542857142857144,28.178571428571427,2.5500000000000007,240.0,7.385714285714285,0.0,0.0,10.757142857142856,238.57142857142858,22.9
2024-08-14,5.564285714285714,18.02142857142857,27.864285714285717,2.4214285714285717,224.28571428571428,7.135714285714286,0.0,0.0,10.278571428571428,222.85714285714286,22.55
2024-08-15,4.942857142857142,17.50714285714286,27.864285714285717,2.2785714285714294,204.28571428571428,7.292857142857143,0.0,0.0,10.314285714285713,201.42857142857142,22.335714285714282
2024-08-16,4.942857142857142,17.107142857142858,27.664285714285715,2.2785714285714294,213.57142857142858,7.292857142857143,0.0,0.0,10.314285714285713,206.42857142857142,22.05
2024-08-17,4.921428571428571,16.864285714285717,27.464285714285715,2.2500000000000004,215.71428571428572,7.292857142857143,0.0,0.0,10.25,206.42857142857142,21.807142857142857
2024-08-18,4.942857142857143,16.664285714285715,27.185714285714287,2.400000000000001,217.85714285714286,7.549999999999999,0.0,0.0,10.571428571428571,209.28571428571428,21.557142857142857
2024-08-19,3.8357142857142854,16.62857142857143,26.74285714285714,2.4857142857142867,230.0,7.578571428571428,0.0,0.0,10.700000000000001,221.42857142857142,21.41428571428571
2024-08-20,5.142857142857143,16.349999999999998,27.021428571428572,2.714285714285715,229.28571428571428,8.057142857142859,0.0,0.0,11.278571428571427,221.42857142857142,21.357142857142854
2024-08-21,5.214285714285714,16.02857142857143,26.550000000000004,2.8357142857142863,229.28571428571428,8.407142857142857,0.0,0.0,11.757142857142854,222.14285714285714,20.99285714285714
2024-08-22,5.885714285714285,16.02857142857143,25.83571428571429,2.9142857142857146,230.0,8.507142857142856,0.0,0.0,11.82142857142857,222.14285714285714,20.592857142857145
2024-08-23,5.321428571428571,16.02857142857143,25.235714285714288,2.842857142857144,242.14285714285714,8.25,0.0,0.0,11.435714285714285,226.42857142857142,20.264285714285712
2024-08-24,3.0142857142857147,15.714285714285714,25.235714285714288,2.642857142857143,242.85714285714286,7.392857142857143,0.0,0.0,9.971428571428572,227.14285714285714,20.22142857142857
2024-08-25,3.0142857142857147,15.514285714285716,25.157142857142855,2.578571428571429,234.28571428571428,7.264285714285714,0.0,0.0,9.842857142857143,225.71428571428572,19.942857142857143
2024-08-26,2.6499999999999995,15.514285714285714,25.314285714285717,2.464285714285715,232.85714285714286,7.042857142857144,0.0,0.0,9.557142857142855,225.0,20.05
2024-08-27,2.6499999999999995,15.671428571428569,25.67142857142857,2.385714285714286,211.42857142857142,6.9142857142857155,0.0,0.0,9.4,202.85714285714286,20.328571428571426
2024-08-28,2.6499999999999995,15.757142857142858,25.785714285714285,2.485714285714286,224.28571428571428,7.042857142857143,0.0,0.0,9.685714285714285,215.71428571428572,20.45
2024-08-29,2.707142857142857,15.678571428571429,25.428571428571427,2.7071428571428577,245.71428571428572,7.200000000000001,0.0,0.0,9.971428571428572,237.14285714285714,20.428571428571423
2024-08-30,2.707142857142857,15.207142857142857,24.992857142857144,2.6785714285714293,244.28571428571428,7.135714285714286,0.0,0.0,9.907142857142857,236.42857142857142,20.064285714285717
2024-08-31,2.707142857142857,14.77142857142857,24.75714285714286,2.835714285714286,244.28571428571428,7.385714285714286,0.0,0.0,10.349999999999998,238.57142857142858,19.77857142857143
2024-09-01,2.942857142857143,14.614285714285714,24.364285714285717,3.007142857142857,242.85714285714286,7.571428571428571,0.0,0.0,10.728571428571428,235.71428571428572,19.578571428571426
2024-09-02,3.1785714285714284,14.37142857142857,24.764285714285716,3.085714285714286,252.85714285714286,7.985714285714286,0.0,0.0,11.207142857142857,245.71428571428572,19.564285714285713
2024-09-03,1.8357142857142856,14.057142857142855,24.20714285714286,2.9571428571428577,252.14285714285714,7.607142857142857,0.0,0.0,10.792857142857143,243.57142857142858,19.24285714285714
2024-09-04,1.7642857142857142,13.7,24.678571428571427,2.8642857142857148,251.42857142857142,7.357142857142857,0.0,0.0,10.442857142857141,242.85714285714286,19.27142857142857
2024-09-05,1.092857142857143,13.464285714285714,25.35,2.778571428571429,242.14285714285714,7.257142857142857,0.0,0.0,10.314285714285715,232.85714285714286,19.49285714285714
2024-09-06,0.6214285714285713,13.342857142857142,25.907142857142855,2.842857142857144,230.0,7.485714285714286,0.0,0.0,10.6,227.14285714285714,19.8
2024-09-07,0.6214285714285713,13.542857142857143,25.864285714285717,3.028571428571429,227.85714285714286,7.642857142857143,0.0,0.0,10.914285714285713,226.42857142857142,19.9
2024-09-08,1.8714285714285714,13.542857142857143,25.62857142857143,3.1428571428571432,227.85714285714286,7.957142857142856,0.0,0.0,11.299999999999999,222.14285714285714,19.785714285714285
2024-09-09,1.9642857142857142,13.142857142857142,24.83571428571429,3.335714285714286,235.0,8.4,0.0,0.0,12.0,230.71428571428572,19.25
2024-09-10,1.9642857142857142,12.628571428571428,24.357142857142858,3.4428571428571435,247.14285714285714,8.5,0.0,0.0,12.192857142857141,242.14285714285714,18.721428571428568
2024-09-11,1.9642857142857142,12.15,23.885714285714283,3.321428571428572,256.42857142857144,8.371428571428572,0.0,0.0,12.064285714285715,251.42857142857142,18.27857142857143
2024-09-12,1.8357142857142856,11.714285714285714,23.885714285714283,3.135714285714286,247.14285714285714,7.957142857142856,0.0,0.0,11.457142857142857,242.14285714285714,17.84285714285714
2024-09-13,1.8357142857142856,11.792857142857143,24.050000000000004,3.128571428571429,237.14285714285714,8.02142857142857,0.0,0.0,11.55,234.28571428571428,17.892857142857142
2024-09-14,1.8357142857142856,11.914285714285715,24.085714285714285,2.971428571428572,223.57142857142858,7.671428571428571,0.0,0.0,11.107142857142858,242.14285714285714,17.957142857142856
2024-09-15,1.5785714285714287,11.714285714285714,24.521428571428576,2.6428571428571432,211.42857142857142,7.228571428571428,0.0,0.0,10.37857142857143,252.14285714285714,17.957142857142856
2024-09-16,1.342857142857143,11.6,24.521428571428576,2.3857142857142866,203.57142857142858,6.528571428571429,0.0,0.0,9.421428571428573,242.85714285714286,17.87857142857143
2024-09-17,1.342857142857143,12.035714285714286,25.192857142857147,2.2785714285714294,194.28571428571428,6.4,0.0,0.0,9.200000000000001,235.0,18.24285714285714
2024-09-18,1.342857142857143,12.635714285714284,25.671428571428574,2.2642857142857147,192.85714285714286,6.271428571428571,0.0,0.0,9.071428571428571,235.71428571428572,18.74285714285714
2024-09-19,1.342857142857143,12.992857142857142,25.907142857142855,2.2071428571428577,185.0,6.078571428571429,0.0,0.0,8.85,228.57142857142858,18.985714285714288
2024-09-20,1.342857142857143,13.314285714285715,25.95,2.1857142857142864,195.71428571428572,5.95,0.0,0.0,8.728571428571428,240.0,19.092857142857145
2024-09-21,1.342857142857143,13.314285714285715,25.99285714285714,1.9928571428571433,208.57142857142858,5.728571428571428,0.0,0.0,8.314285714285715,251.42857142857142,19.107142857142858
2024-09-22,0.09285714285714286,13.35,26.114285714285717,1.9071428571428577,218.57142857142858,5.478571428571429,0.0,0.0,7.835714285714286,260.7142857142857,19.221428571428568
2024-09-23,0.0,13.628571428571428,26.62857142857143,1.814285714285715,207.14285714285714,5.164285714285714,0.0,0.0,7.264285714285714,248.57142857142858,19.571428571428573
2024-09-24,0.0,13.907142857142857,26.50714285714286,1.8357142857142865,207.14285714285714,5.1,0.0,0.0,7.200000000000001,249.28571428571428,19.74285714285714
2024-09-25,0.0,14.107142857142858,26.428571428571427,1.9857142857142862,194.28571428571428,5.164285714285714,0.0,0.0,7.164285714285714,235.71428571428572,19.77857142857143
2024-09-26,1.6714285714285713,14.342857142857142,25.835714285714285,2.1000000000000005,192.14285714285714,5.164285714285714,0.0,0.0,7.228571428571429,234.28571428571428,19.678571428571427
2024-09-27,3.2857142857142856,14.5,25.357142857142858,2.235714285714286,192.14285714285714,5.192857142857143,0.0,0.0,7.357142857142857,230.71428571428572,19.514285714285712
2024-09-28,3.2857142857142856,14.421428571428569,25.042857142857144,2.271428571428572,217.14285714285714,5.292857142857144,0.0,0.0,7.485714285714286,234.28571428571428,19.342857142857145
2024-09-29,3.2857142857142856,14.142857142857142,24.642857142857142,2.278571428571429,237.14285714285714,5.228571428571429,0.0,0.0,7.45,217.85714285714286,19.02142857142857
2024-09-30,3.2857142857142856,13.864285714285714,24.285714285714285,2.278571428571429,246.42857142857142,5.357142857142857,0.0,0.0,7.642857142857143,204.28571428571428,18.707142857142856
2024-10-01,3.2857142857142856,13.628571428571428,23.814285714285713,2.2428571428571433,256.42857142857144,5.192857142857143,0.0,0.0,7.478571428571429,214.28571428571428,18.314285714285713
2024-10-02,3.2857142857142856,13.464285714285714,23.37857142857143,2.3357142857142863,247.85714285714286,5.450000000000001,0.0,0.0,7.8,202.85714285714286,18.05
2024-10-03,3.307142857142857,13.22142857142857,22.785714285714285,2.514285714285715,255.0,5.864285714285714,0.0,0.0,8.342857142857143,211.42857142857142,17.67142857142857
2024-10-04,3.307142857142857,12.821428571428571,22.349999999999998,2.464285714285715,245.0,5.892857142857143,0.0,0.0,8.278571428571428,200.0,17.32857142857143
2024-10-05,4.0,12.464285714285714,22.150000000000002,2.4857142857142867,244.28571428571428,6.15,0.0,0.0,8.692857142857141,200.71428571428572,16.99285714285714
2024-10-06,4.021428571428571,11.992857142857142,21.75,2.4571428571428577,245.71428571428572,6.278571428571429,0.0,0.0,8.914285714285715,179.28571428571428,16.664285714285715
2024-10-07,4.292857142857143,11.357142857142856,21.557142857142857,2.45,250.71428571428572,6.3428571428571425,0.0,0.0,9.107142857142858,184.28571428571428,16.207142857142856
2024-10-08,4.5285714285714285,11.12142857142857,21.478571428571428,2.4357142857142864,262.85714285714283,6.4071428571428575,0.0,0.0,9.171428571428573,195.71428571428572,16.07857142857143
2024-10-09,4.585714285714286,10.599999999999998,21.12142857142857,2.2785714285714294,267.14285714285717,6.214285714285714,0.0,0.0,8.985714285714286,200.0,15.678571428571427
2024-10-10,3.1285714285714286,10.242857142857144,20.95714285714286,2.228571428571429,275.0,6.25,0.0,0.0,9.078571428571427,207.14285714285714,15.342857142857142
2024-10-11,1.5142857142857142,9.842857142857142,20.4,2.3071428571428574,281.42857142857144,6.3500000000000005,0.0,0.0,9.142857142857142,217.85714285714286,14.878571428571428
2024-10-12,1.5357142857142858,9.642857142857142,20.000000000000004,2.4285714285714293,268.57142857142856,6.507142857142857,0.0,0.0,9.364285714285714,205.71428571428572,14.478571428571428
2024-10-13,1.5357142857142858,9.164285714285713,19.607142857142858,2.714285714285715,270.7142857142857,7.3999999999999995,0.0,0.0,10.578571428571427,222.85714285714286,14.299999999999999
2024-10-14,1.7142857142857142,8.642857142857142,18.657142857142862,2.714285714285715,258.57142857142856,7.3357142857142845,0.0,0.0,10.485714285714286,234.28571428571428,13.564285714285713
2024-10-15,2.642857142857143,8.121428571428572,17.542857142857144,2.8642857142857148,260.0,7.564285714285714,0.0,0.0,10.807142857142859,235.71428571428572,12.87142857142857
2024-10-16,2.807142857142857,7.528571428571429,16.55,2.9571428571428577,268.57142857142856,7.785714285714286,0.0,0.0,11.192857142857145,244.28571428571428,12.085714285714285
2024-10-17,2.842857142857143,6.735714285714286,15.757142857142858,2.971428571428572,279.2857142857143,7.885714285714286,0.0,0.0,11.321428571428571,251.42857142857142,11.435714285714283
2024-10-18,2.842857142857143,5.907142857142857,15.27857142857143,2.921428571428572,290.7142857142857,7.757142857142858,0.0,0.0,11.285714285714286,239.28571428571428,10.657142857142857
2024-10-19,2.15,5.228571428571428,14.957142857142857,2.8571428571428577,287.85714285714283,7.3999999999999995,0.0,0.0,10.807142857142859,235.71428571428572,10.114285714285714
2024-10-20,2.1285714285714286,4.792857142857143,14.957142857142857,2.8000000000000007,277.14285714285717,7.142857142857143,0.0,0.0,10.457142857142857,247.14285714285714,9.657142857142857
2024-10-21,1.8571428571428572,4.5928571428571425,14.957142857142859,2.8142857142857145,276.42857142857144,7.107142857142857,0.0,0.0,10.357142857142858,247.14285714285714,9.52142857142857
2024-10-22,1.6214285714285717,4.707142857142856,15.435714285714287,2.821428571428572,264.2857142857143,7.071428571428571,0.0,0.0,10.321428571428571,236.42857142857142,9.757142857142856
2024-10-23,1.5642857142857145,5.064285714285714,16.071428571428573,2.8642857142857148,263.57142857142856,7.292857142857144,0.0,0.0,10.735714285714286,238.57142857142858,10.192857142857141
2024-10-24,1.55,5.464285714285714,16.871428571428574,3.035714285714286,257.14285714285717,7.671428571428572,0.0,0.0,11.25,232.14285714285714,10.942857142857141
2024-10-25,1.55,5.1499999999999995,17.192857142857143,2.964285714285715,260.7142857142857,7.671428571428571,0.0,0.0,11.221428571428573,233.57142857142858,11.171428571428573
2024-10-26,1.5285714285714285,4.514285714285714,16.835714285714285,2.735714285714286,254.28571428571428,7.321428571428571,0.0,0.0,10.77142857142857,222.14285714285714,10.778571428571427
2024-10-27,1.6214285714285714,4.6,16.435714285714287,2.7071428571428577,255.0,6.907142857142858,0.0,0.0,10.135714285714286,222.85714285714286,10.521428571428572
2024-10-28,1.5857142857142856,4.285714285714286,16.392857142857142,2.9285714285714293,266.42857142857144,7.4142857142857155,0.0,0.0,10.864285714285714,234.28571428571428,10.435714285714285
2024-10-29,0.6571428571428571,3.8999999999999995,16.435714285714287,2.8000000000000007,250.71428571428572,7.1571428571428575,0.0,0.0,10.47857142857143,217.85714285714286,10.164285714285715
2024-10-30,1.457142857142857,3.621428571428571,16.671428571428574,2.857142857142858,241.42857142857142,7.092857142857143,0.0,0.0,10.442857142857141,210.71428571428572,10.114285714285714
2024-10-31,1.4214285714285713,4.3357142857142845,17.464285714285715,3.014285714285715,231.42857142857142,7.028571428571429,0.0,0.0,10.507142857142856,203.57142857142858,10.692857142857141
2024-11-01,1.4214285714285713,5.642857142857143,18.17857142857143,3.3642857142857148,220.0,7.414285714285714,0.0,0.0,11.05,215.71428571428572,11.771428571428572
2024-11-02,1.55,6.042857142857143,18.342857142857145,3.6428571428571432,216.42857142857142,7.957142857142857,0.0,0.0,11.914285714285715,212.85714285714286,12.514285714285714
2024-11-03,1.55,6.157142857142857,17.392857142857146,3.7928571428571436,225.71428571428572,8.242857142857142,0.0,0.0,12.328571428571427,222.85714285714286,12.242857142857142
2024-11-04,1.55,5.885714285714285,16.435714285714287,3.6785714285714293,238.57142857142858,8.085714285714285,0.0,0.0,12.078571428571431,232.14285714285714,11.728571428571428
2024-11-05,1.6214285714285714,4.864285714285714,15.442857142857145,3.778571428571429,237.85714285714286,8.5,0.0,0.0,12.721428571428572,232.14285714285714,10.671428571428569
2024-11-06,1.6785714285714284,4.907142857142857,15.000000000000002,4.128571428571429,238.57142857142858,8.785714285714286,0.0,0.0,13.071428571428571,230.0,10.39285714285714
2024-11-07,1.4785714285714282,5.064285714285714,14.678571428571429,4.114285714285715,238.57142857142858,8.692857142857143,0.0,0.0,12.942857142857141,230.71428571428572,10.307142857142855
2024-11-08,1.4785714285714282,5.1,14.678571428571429,4.121428571428572,238.57142857142858,8.657142857142857,0.0,0.0,12.87857142857143,232.14285714285714,10.328571428571426
2024-11-09,1.4999999999999998,5.421428571428571,14.721428571428573,4.564285714285715,255.71428571428572,9.421428571428573,0.0,0.0,13.835714285714287,252.85714285714286,10.442857142857141
2024-11-10,1.407142857142857,4.949999999999998,14.407142857142858,4.542857142857144,255.71428571428572,9.578571428571427,0.0,0.0,13.964285714285714,252.85714285714286,10.114285714285714
2024-11-11,1.2857142857142858,4.799999999999999,14.450000000000001,4.542857142857144,244.28571428571428,9.549999999999999,0.0,0.0,14.028571428571428,242.85714285714286,9.95
2024-11-12,1.4142857142857144,5.4642857142857135,14.885714285714288,4.814285714285715,248.57142857142858,10.092857142857143,0.0,0.0,14.828571428571427,247.85714285714286,10.492857142857142
2024-11-13,0.5071428571428572,5.385714285714285,14.72857142857143,4.971428571428572,258.57142857142856,10.414285714285715,0.0,0.0,15.05,257.85714285714283,10.535714285714286
2024-11-14,0.48571428571428577,4.4,13.535714285714288,4.735714285714287,267.85714285714283,10.257142857142856,0.0,0.0,14.664285714285715,267.14285714285717,9.557142857142859
2024-11-15,0.48571428571428577,2.8214285714285707,12.307142857142859,4.385714285714286,277.85714285714283,9.807142857142855,0.0,0.0,13.992857142857142,279.2857142857143,8.085714285714285
2024-11-16,0.35714285714285715,2.035714285714285,11.35,4.128571428571429,285.0,9.428571428571429,0.0,0.0,13.292857142857143,262.14285714285717,6.807142857142856
2024-11-17,0.35714285714285715,1.6071428571428565,11.785714285714286,3.985714285714286,262.85714285714283,9.364285714285714,0.0,0.0,13.135714285714286,240.0,6.635714285714285
2024-11-18,0.35714285714285715,1.5285714285714282,12.064285714285717,3.9285714285714293,245.71428571428572,9.3,0.0,0.0,12.971428571428572,226.42857142857142,6.642857142857141
2024-11-19,0.3071428571428571,1.914285714285714,12.221428571428572,3.785714285714287,257.14285714285717,8.985714285714286,0.0,0.0,12.428571428571429,237.14285714285714,6.885714285714284
2024-11-20,0.25,1.2428571428571424,11.55,3.4571428571428577,266.42857142857144,8.67142857142857,0.0,0.0,11.785714285714286,247.85714285714286,6.471428571428571
2024-11-21,0.25,0.09999999999999955,10.6,3.157142857142858,275.0,8.221428571428572,0.0,0.0,11.114285714285716,257.85714285714283,5.299999999999999
2024-11-22,0.7928571428571428,-0.2500000000000005,10.042857142857144,3.0000000000000004,275.7142857142857,7.964285714285714,0.0,0.0,10.72857142857143,257.85714285714283,4.721428571428571
2024-11-23,0.7928571428571429,-0.528571428571429,9.921428571428573,2.7500000000000004,260.7142857142857,7.742857142857143,0.0,0.0,10.542857142857143,242.14285714285714,4.664285714285713
2024-11-24,1.0857142857142856,-0.30000000000000043,9.842857142857143,2.778571428571429,261.42857142857144,7.521428571428571,0.0,0.0,10.35,242.85714285714286,4.592857142857142
2024-11-25,1.0642857142857143,-0.07142857142857187,9.485714285714286,2.9357142857142864,269.2857142857143,7.521428571428571,0.0,0.0,10.285714285714286,250.0,4.678571428571428
2024-11-26,0.9357142857142856,-0.7785714285714291,8.971428571428573,2.7,277.14285714285717,7.264285714285714,0.0,0.0,9.964285714285714,256.42857142857144,4.107142857142856
2024-11-27,1.4928571428571427,-0.928571428571429,8.692857142857145,2.4214285714285717,267.14285714285717,6.8500000000000005,0.0,0.0,9.585714285714285,245.71428571428572,3.7785714285714276
2024-11-28,1.4928571428571427,-0.5357142857142864,8.935714285714287,2.478571428571429,264.2857142857143,6.971428571428571,0.0,0.0,9.935714285714285,243.57142857142858,4.078571428571427
2024-11-29,2.492857142857143,-0.15000000000000058,8.692857142857143,2.6428571428571432,263.57142857142856,7.328571428571429,0.0,0.0,10.414285714285715,232.14285714285714,4.2714285714285705
2024-11-30,2.5142857142857147,0.12142857142857084,8.335714285714287,2.728571428571429,254.28571428571428,7.392857142857143,0.0,0.21428571428571427,10.535714285714286,247.14285714285714,4.328571428571427
2024-12-01,2.5142857142857147,0.31428571428571367,7.500000000000001,3.0428571428571436,267.14285714285717,7.549999999999999,0.0,0.21428571428571427,10.785714285714286,260.0,4.1499999999999995
2024-12-02,2.5142857142857147,0.35714285714285665,6.707142857142858,3.400000000000001,271.42857142857144,7.928571428571429,0.0,0.21428571428571427,11.428571428571429,264.2857142857143,3.8785714285714272
2024-12-03,2.5142857142857147,-0.028571428571429136,5.835714285714286,3.45,270.0,7.8,0.0,0.42857142857142855,11.264285714285714,262.85714285714283,3.2857142857142847
2024-12-04,2.5142857142857147,-0.26428571428571485,5.1642857142857155,3.4285714285714293,267.14285714285717,7.671428571428572,0.0,0.6428571428571429,11.142857142857142,261.42857142857144,2.7285714285714273
2024-12-05,2.5142857142857147,-0.6642857142857148,4.685714285714286,3.7500000000000004,259.2857142857143,8.121428571428572,0.0,1.2142857142857142,11.87857142857143,252.85714285714286,2.342857142857142
2024-12-06,1.992857142857143,-0.7000000000000005,4.485714285714287,4.064285714285715,256.42857142857144,8.6,0.0,1.4285714285714286,12.678571428571429,249.28571428571428,2.1214285714285706
2024-12-07,1.9714285714285715,-1.2142857142857149,3.6214285714285728,4.264285714285715,271.42857142857144,8.792857142857143,0.0,1.4285714285714286,13.02857142857143,265.0,1.3714285714285703
2024-12-08,1.8928571428571428,-1.764285714285715,3.107142857142858,4.0357142857142865,260.0,8.664285714285715,7.142857142857143,10.5,12.992857142857146,253.57142857142858,0.7071428571428563
2024-12-09,1.9857142857142858,-1.9928571428571435,3.0642857142857154,3.9928571428571438,252.85714285714286,8.692857142857143,16.428571428571427,12.642857142857142,13.057142857142859,247.14285714285714,0.3714285714285705
2024-12-10,2.257142857142857,-2.107142857142858,2.707142857142858,4.007142857142858,244.28571428571428,8.564285714285715,22.142857142857142,15.357142857142858,12.807142857142855,239.28571428571428,0.1071428571428562
2024-12-11,1.6642857142857144,-1.8357142857142865,2.550000000000001,4.057142857142858,243.57142857142858,8.5,27.857142857142858,15.357142857142858,12.614285714285714,238.57142857142858,0.09285714285714193
2024-12-12,4.821428571428571,-1.8000000000000007,2.4714285714285724,4.021428571428571,246.42857142857142,8.407142857142857,27.857142857142858,15.357142857142858,12.357142857142858,240.71428571428572,0.07142857142857048
2024-12-13,3.914285714285714,-2.1071428571428577,2.4714285714285724,4.185714285714286,242.14285714285714,8.721428571428572,27.857142857142858,15.357142857142858,12.935714285714285,246.42857142857142,0.014285714285713316
2024-12-14,3.892857142857143,-2.5428571428571436,2.1214285714285728,4.3,245.71428571428572,8.85,27.857142857142858,15.142857142857142,13.292857142857144,248.57142857142858,-0.35714285714285815
2024-12-15,3.892857142857143,-3.2071428571428577,1.892857142857144,4.085714285714286,252.14285714285714,8.628571428571428,27.857142857142858,15.142857142857142,13.099999999999998,256.42857142857144,-0.6642857142857154
2024-12-16,3.892857142857143,-3.807142857142858,1.9714285714285726,3.9214285714285717,252.14285714285714,8.535714285714286,27.857142857142858,15.142857142857142,13.064285714285713,256.42857142857144,-1.0571428571428583
2024-12-17,3.871428571428571,-3.6571428571428584,2.292857142857144,4.064285714285715,242.85714285714286,8.785714285714286,27.857142857142858,14.928571428571429,13.55,246.42857142857142,-0.8285714285714294
2024-12-18,3.978571428571428,-3.107142857142858,3.0857142857142867,4.271428571428572,236.42857142857142,9.228571428571428,27.857142857142858,14.714285714285714,14.378571428571428,237.85714285714286,-0.26428571428571523
2024-12-19,4.214285714285714,-2.478571428571429,3.4857142857142867,4.078571428571429,236.42857142857142,8.942857142857143,27.857142857142858,14.142857142857142,13.9,235.0,0.3071428571428562
2024-12-20,4.228571428571429,-2.8000000000000007,3.3285714285714296,3.971428571428572,239.28571428571428,8.914285714285715,27.857142857142858,14.285714285714286,13.707142857142857,239.28571428571428,0.2785714285714277
2024-12-21,4.428571428571429,-2.8785714285714294,3.1285714285714294,3.728571428571429,240.71428571428572,8.4,27.857142857142858,18.857142857142858,12.778571428571428,217.14285714285714,0.12142857142857055
2024-12-22,4.285714285714286,-3.471428571428572,2.7357142857142867,4.021428571428571,252.14285714285714,8.557142857142859,26.428571428571427,16.714285714285715,12.842857142857142,227.14285714285714,-0.09285714285714373
2024-12-23,4.214285714285714,-4.700000000000001,1.4357142857142866,3.8642857142857148,262.14285714285717,8.4,24.285714285714285,14.928571428571429,12.528571428571428,237.14285714285714,-1.0785714285714294
2024-12-24,3.9785714285714286,-5.892857142857144,0.8428571428571437,4.028571428571429,262.14285714285717,8.814285714285715,24.285714285714285,12.214285714285714,13.22857142857143,237.14285714285714,-2.0357142857142865
2024-12-25,4.192857142857143,-6.67857142857143,0.29285714285714387,4.0357142857142865,263.57142857142856,9.1,24.285714285714285,14.928571428571429,13.671428571428573,237.85714285714286,-2.5642857142857154
2024-12-26,1.0357142857142858,-7.935714285714286,-0.5357142857142848,3.9285714285714293,263.57142857142856,8.878571428571428,30.0,14.928571428571429,13.321428571428571,215.71428571428572,-3.464285714285715
2024-12-27,0.9428571428571428,-8.85,-1.242857142857142,3.6142857142857148,251.42857142857142,8.307142857142857,33.57142857142857,14.928571428571429,12.364285714285714,204.28571428571428,-4.435714285714286
2024-12-28,0.9428571428571428,-9.364285714285716,-1.399999999999999,3.4357142857142864,238.57142857142858,7.985714285714286,37.142857142857146,14.928571428571429,11.757142857142856,191.42857142857142,-4.842857142857143
2024-12-29,0.9785714285714285,-9.364285714285714,-0.7357142857142847,3.471428571428572,232.85714285714286,8.307142857142857,40.714285714285715,14.928571428571429,12.142857142857142,183.57142857142858,-4.735714285714287
2024-12-30,1.1428571428571428,-8.335714285714285,0.3357142857142868,3.5500000000000003,232.85714285714286,8.342857142857143,42.857142857142854,14.928571428571429,12.307142857142859,182.14285714285714,-3.8500000000000005
2024-12-31,1.3571428571428572,-7.935714285714286,1.0500000000000012,3.5428571428571436,235.71428571428572,8.221428571428572,42.857142857142854,14.928571428571429,12.142857142857142,184.28571428571428,-3.1285714285714294
