region,report_date,feature_water_surface,feature_water_temp,latitude,longitude,feature_anabaena,feature_aphanizomenon,feature_microcystin,feature_oscillatoria,target_bloom_intensity,target_bloom,feature_water_temp_trailing,feature_water_surface_trailing,feature_anabaena_trailing,feature_aphanizomenon_trailing,feature_microcystin_trailing,feature_oscillatoria_trailing
Inland Sea,7/17/2012,,,44.80195242,-73.25707455,0,0,0,0,1a,0,,,,,,
Inland Sea,7/24/2012,,,44.80195242,-73.25707455,0,0,0,0,1a,0,,,0,0,0,0
Inland Sea,6/16/2013,Rolling,40.26666667,44.80195242,-73.25707455,0,0,0,0,1b,0,,,,,,
Inland Sea,6/17/2013,Rolling,48.86,44.80195242,-73.25707455,0,0,0,0,1b,0,40.26666667,Rolling,0,0,0,0
Inland Sea,6/18/2013,Calm,62,44.80195242,-73.25707455,0,0,0,0,1b,0,44.56333333,Rolling,0,0,0,0
Inland Sea,6/21/2013,Calm,0,44.80195242,-73.25707455,0,0,0,0,1a,0,50.37555556,Rolling,0,0,0,0
Inland Sea,6/23/2013,Calm,68.16666667,44.80195242,-73.25707455,0,0,0,0,1a,0,37.78166667,Calm,0,0,0,0
Inland Sea,6/24/2013,Calm,75.3,44.80195242,-73.25707455,0,0,0,0,1a,0,44.75666667,Calm,0,0,0,0
Inland Sea,6/25/2013,Rolling,48.57142857,44.80195242,-73.25707455,0,0,0,0,1b,0,51.36666667,Calm,0,0,0,0
Inland Sea,6/29/2013,Rolling,72,44.80195242,-73.25707455,0,0,0,0,2,1,48.00952381,Calm,0,0,0,0
Inland Sea,6/30/2013,Calm,67.5,44.80195242,-73.25707455,0,0,0,0,1a,0,66.00952381,Calm,0,0,0,0
Inland Sea,7/1/2013,Calm,72.975,44.80195242,-73.25707455,0,0,0,0,1c,0,65.84285714,Calm,0,0,0,0
Inland Sea,7/2/2013,Calm,53.5,44.80195242,-73.25707455,0,0,0,0,1a,0,65.26160714,Calm,0,0,0,0
Inland Sea,7/3/2013,Calm,73,44.80195242,-73.25707455,0,0,0,0,1b,0,66.49375,Calm,0,0,0,0
Inland Sea,7/5/2013,Calm,0,44.80195242,-73.25707455,0,0,0,0,1a,0,67.795,Calm,0,0,0,0
Inland Sea,7/7/2013,Calm,76.4,44.80195242,-73.25707455,0,0,0,0,1a,0,56.49583333,Calm,0,0,0,0
Inland Sea,7/8/2013,Calm,56.375,44.80195242,-73.25707455,0,1,0,0,1b,0,55.175,Calm,0,0,0,0
Inland Sea,7/9/2013,Calm,78.58333333,44.80195242,-73.25707455,1,0,0,0,1c,0,51.855,Calm,0,0,0,0
Inland Sea,7/10/2013,White Caps,75.2,44.80195242,-73.25707455,0,0,0,0,1b,0,56.87166667,Calm,0,0,0,0
Inland Sea,7/12/2013,White Caps,0,44.80195242,-73.25707455,0,0,0,0,1c,0,57.31166667,Calm,0,0,0,0
Inland Sea,7/14/2013,Calm,68,44.80195242,-73.25707455,0,0,0,0,1c,0,57.31166667,Calm,0,0,0,0
Inland Sea,7/15/2013,Calm,79.18,44.80195242,-73.25707455,0,1,0,0,1b,0,55.63166667,Calm,0,0,0,0
Inland Sea,7/16/2013,Calm,82.575,44.80195242,-73.25707455,0,1,0,0,1a,0,60.19266667,Calm,0,0,0,0
Inland Sea,7/20/2013,Rolling,80.4,44.80195242,-73.25707455,0,0,0,0,1b,0,60.991,Calm,0,1,0,0
Inland Sea,7/21/2013,Calm,75.3,44.80195242,-73.25707455,0,0,0,0,1a,0,77.53875,Calm,0,0,0,0
Inland Sea,7/22/2013,Calm,78.3,44.80195242,-73.25707455,0,0,0,0,1c,0,79.36375,Calm,0,0,0,0
Inland Sea,7/23/2013,Calm,77.08333333,44.80195242,-73.25707455,1,0,0,0,2,1,79.14375,Calm,0,0,0,0
Inland Sea,7/24/2013,Calm,77,44.80195242,-73.25707455,0,0,0,0,1b,0,77.77083333,Calm,0,0,0,0
Inland Sea,7/26/2013,Rolling,0,44.80195242,-73.25707455,0,0,0,0,1b,0,77.61666667,Calm,0,0,0,0
Inland Sea,7/28/2013,Rolling,37.95,44.80195242,-73.25707455,0,0,0,0,1a,0,64.68055556,Calm,0,0,0,0
Inland Sea,7/29/2013,Calm,77.53333333,44.80195242,-73.25707455,0,0,0,0,2,1,54.06666667,Calm,0,0,0,0
Inland Sea,7/30/2013,Calm,63.21428571,44.80195242,-73.25707455,0,0,0,0,1c,0,53.91333333,Calm,0,0,0,0
Inland Sea,8/4/2013,Rolling,36.25,44.80195242,-73.25707455,0,0,0,0,1b,0,51.13952381,Calm,0,0,0,0
Inland Sea,8/5/2013,White Caps,0,44.80195242,-73.25707455,0,0,0,0,1b,0,58.99920635,Calm,0,0,0,0
Inland Sea,8/6/2013,Rolling,63.6625,44.80195242,-73.25707455,0,0,0,0,1b,0,33.1547619,Calm,0,0,0,0
Inland Sea,8/9/2013,Calm,0,44.80195242,-73.25707455,0,0,0,0,1a,0,33.30416667,Rolling,0,0,0,0
Inland Sea,8/12/2013,Calm,72.225,44.80195242,-73.25707455,0,1,0,0,1a,0,24.978125,Calm,0,0,0,0
Inland Sea,8/13/2013,Calm,71.3,44.80195242,-73.25707455,0,1,0,0,1c,0,45.29583333,Calm,0,0,0,0
Inland Sea,8/16/2013,Calm,0,44.80195242,-73.25707455,0,0,0,0,1a,0,47.84166667,Calm,0,1,0,0
Inland Sea,8/18/2013,Rolling,0,44.80195242,-73.25707455,0,0,0,0,1a,0,47.84166667,Calm,0,1,0,0
Inland Sea,8/19/2013,Calm,72.43333333,44.80195242,-73.25707455,0,1,0,0,1a,0,35.88125,Calm,0,0,0,0
Inland Sea,8/20/2013,Rolling,80.45,44.80195242,-73.25707455,0,1,0,0,1c,0,35.93333333,Calm,0,0,0,0
Inland Sea,8/21/2013,Rolling,70,44.80195242,-73.25707455,0,0,0,0,1b,0,38.22083333,Calm,0,0,0,0
Inland Sea,8/22/2013,Calm,75.7,44.80195242,-73.25707455,0,0,0,0,1a,0,44.57666667,Rolling,0,0,0,0
Inland Sea,8/24/2013,Calm,38.3,44.80195242,-73.25707455,0,0,0,0,2,1,49.76388889,Rolling,0,0,0,0
Inland Sea,8/25/2013,Rolling,0,44.80195242,-73.25707455,0,0,0,0,1a,0,56.14722222,Calm,0,0,0,0
Inland Sea,8/26/2013,Calm,72.55,44.80195242,-73.25707455,0,0,0,0,1a,0,56.14722222,Calm,0,0,0,0
Inland Sea,8/27/2013,Calm,60.91666667,44.80195242,-73.25707455,1,0,0,0,1a,0,56.16666667,Calm,0,0,0,0
Inland Sea,8/28/2013,Calm,82.5,44.80195242,-73.25707455,0,0,0,0,3,1,52.91111111,Calm,0,0,0,0
Inland Sea,9/1/2013,Rolling,41,44.80195242,-73.25707455,0,0,0,0,1a,0,54.99444444,Calm,0,0,0,0
Inland Sea,9/3/2013,Calm,75.5,44.80195242,-73.25707455,0,0,0,0,1b,0,64.24166667,Calm,0,0,0,0
Inland Sea,9/9/2013,White Caps,0,44.80195242,-73.25707455,0,0,0,0,1a,0,66.33333333,Calm,0,0,0,0
Inland Sea,9/10/2013,Calm,62.6,44.80195242,-73.25707455,0,0,0,0,1a,0,37.75,Calm,0,0,0,0
Inland Sea,9/16/2013,Calm,65.3,44.80195242,-73.25707455,0,0,0,0,1a,0,31.3,Calm,0,0,0,0
Inland Sea,9/17/2013,Calm,55.7,44.80195242,-73.25707455,0,0,0,0,1a,0,63.95,Calm,0,0,0,0
Inland Sea,6/15/2014,Calm,,44.80195242,-73.25707455,0,0,0,0,1a,0,60.5,,,,,
Inland Sea,6/16/2014,Calm,71.9,44.80195242,-73.25707455,0,0,0,0,1d,0,,Calm,0,0,0,0
Inland Sea,6/17/2014,Calm,64,44.80195242,-73.25707455,0,0,0,0,1a,0,71.9,Calm,0,0,0,0
Inland Sea,6/19/2014,Calm,70,44.80195242,-73.25707455,0,0,0,0,1b,0,67.95,Calm,0,0,0,0
Inland Sea,6/23/2014,Calm,71.96666667,44.80195242,-73.25707455,0,0,0,0,1c,0,68.63333333,Calm,0,0,0,0
Inland Sea,6/24/2014,White Caps,65,44.80195242,-73.25707455,0,0,0,0,1a,0,68.65555556,Calm,0,0,0,0
Inland Sea,6/25/2014,Rolling,70.1,44.80195242,-73.25707455,0,0,0,0,1a,0,68.98888889,Calm,0,0,0,0
Inland Sea,6/26/2014,Rolling,69.2,44.80195242,-73.25707455,0,0,0,0,1b,0,69.26666667,Calm,0,0,0,0
Inland Sea,6/29/2014,Rolling,,44.80195242,-73.25707455,0,0,0,0,1a,0,69.06666667,Rolling,0,0,0,0
Inland Sea,6/30/2014,Rolling,72.94,44.80195242,-73.25707455,0,0,0,0,1c,0,69.06666667,Rolling,0,0,0,0
Inland Sea,7/1/2014,Rolling,70.72,44.80195242,-73.25707455,0,0,0,0,1c,0,69.31,Rolling,0,0,0,0
Inland Sea,7/2/2014,Calm,70.25,44.80195242,-73.25707455,0,0,0,0,1a,0,70.74,Rolling,0,0,0,0
Inland Sea,7/3/2014,Calm,72,44.80195242,-73.25707455,0,0,0,0,1a,0,70.7775,Rolling,0,0,0,0
Inland Sea,7/5/2014,Calm,69.5,44.80195242,-73.25707455,0,0,0,0,1b,0,71.4775,Rolling,0,0,0,0
Inland Sea,7/6/2014,Rolling,71,44.80195242,-73.25707455,0,0,0,0,1a,0,71.082,Calm,0,0,0,0
Inland Sea,7/7/2014,Rolling,69.6125,44.80195242,-73.25707455,0,0,0,0,1c,0,71.06833333,Calm,0,0,0,0
Inland Sea,7/8/2014,Rolling,71.35,44.80195242,-73.25707455,0,0,0,0,1d,0,70.51375,Calm,0,0,0,0
Inland Sea,7/9/2014,Rolling,72.03333333,44.80195242,-73.25707455,0,0,0,0,1a,0,70.61875,Calm,0,0,0,0
Inland Sea,7/10/2014,Calm,76,44.80195242,-73.25707455,0,0,0,0,1a,0,70.91597222,Rolling,0,0,0,0
Inland Sea,7/11/2014,Calm,70.6,44.80195242,-73.25707455,0,0,0,0,1a,0,71.58263889,Rolling,0,0,0,0
Inland Sea,7/13/2014,Rolling,70,44.80195242,-73.25707455,0,0,0,0,1a,0,71.4422619,Rolling,0,0,0,0
Inland Sea,7/14/2014,Calm,74.5,44.80195242,-73.25707455,0,0,0,0,1d,0,71.59930556,Rolling,0,0,0,0
Inland Sea,7/15/2014,Calm,73.025,44.80195242,-73.25707455,0,0,0,0,1b,0,72.41388889,Calm,0,0,0,0
Inland Sea,7/16/2014,Calm,73.56666667,44.80195242,-73.25707455,0,0,0,0,1a,0,72.69305556,Calm,0,0,0,0
Inland Sea,7/20/2014,Rolling,80.25,44.80195242,-73.25707455,0,0,0,0,1b,0,72.94861111,Calm,0,0,0,0
Inland Sea,7/21/2014,Rolling,74.87,44.80195242,-73.25707455,0,0,0,0,1d,0,75.33541667,Calm,0,0,0,0
Inland Sea,7/22/2014,Calm,75.33333333,44.80195242,-73.25707455,0,0,0,0,1c,0,75.42791667,Calm,0,0,0,0
Inland Sea,7/25/2014,Rolling,78.5,44.80195242,-73.25707455,0,0,0,0,1a,0,76.005,Rolling,0,0,0,0
Inland Sea,7/28/2014,Rolling,69.53333333,44.80195242,-73.25707455,0,0,0,1,1d,0,77.23833333,Rolling,0,0,0,0
Inland Sea,7/29/2014,Rolling,72.04,44.80195242,-73.25707455,0,0,0,0,1c,0,74.45555556,Rolling,0,0,0,0
Inland Sea,7/30/2014,Rolling,73.1,44.80195242,-73.25707455,0,0,0,0,1c,0,73.35777778,Rolling,0,0,0,0
Inland Sea,8/3/2014,Calm,70,44.80195242,-73.25707455,0,0,0,0,1a,0,73.29333333,Rolling,0,0,0,0
Inland Sea,8/4/2014,Calm,74.8,44.80195242,-73.25707455,1,0,0,0,1c,0,71.16833333,Rolling,0,0,0,0
Inland Sea,8/5/2014,Rolling,72,44.80195242,-73.25707455,0,0,0,0,1c,0,72.485,Calm,0,0,0,0
Inland Sea,8/6/2014,Calm,77.26666667,44.80195242,-73.25707455,0,0,0,0,1c,0,72.475,Calm,0,0,0,0
Inland Sea,8/7/2014,Calm,74.5,44.80195242,-73.25707455,0,0,0,0,1a,0,73.51666667,Calm,0,0,0,0
Inland Sea,8/8/2014,Calm,,44.80195242,-73.25707455,0,0,0,0,2,1,73.71333333,Calm,0,0,0,0
Inland Sea,8/10/2014,Calm,70,44.80195242,-73.25707455,0,0,0,0,1a,0,73.71333333,Calm,0,0,0,0
Inland Sea,8/11/2014,Rolling,78.0125,44.80195242,-73.25707455,1,0,0,0,1c,0,73.71333333,Calm,0,0,0,0
Inland Sea,8/12/2014,Calm,77.6,44.80195242,-73.25707455,0,0,0,0,1c,0,74.35583333,Calm,0,0,0,0
Inland Sea,8/13/2014,Calm,75.8,44.80195242,-73.25707455,0,0,0,0,1b,0,75.47583333,Calm,0,0,0,0
Inland Sea,8/17/2014,Calm,70,44.80195242,-73.25707455,0,0,0,0,1a,0,75.1825,Calm,0,0,0,0
Inland Sea,8/18/2014,Rolling,71.45,44.80195242,-73.25707455,1,0,0,0,1d,0,75.353125,Calm,0,0,0,0
Inland Sea,8/19/2014,Calm,70.46,44.80195242,-73.25707455,0,0,0,0,1d,0,73.7125,Calm,0,0,0,0
Inland Sea,8/20/2014,Calm,71.56666667,44.80195242,-73.25707455,0,0,0,0,1d,0,71.9275,Calm,0,0,0,0
Inland Sea,8/23/2014,Calm,,44.80195242,-73.25707455,0,0,0,0,1d,0,70.86916667,Calm,0,0,0,0
Inland Sea,8/24/2014,Calm,70,44.80195242,-73.25707455,0,0,0,0,1a,0,70.86916667,Calm,0,0,0,0
Inland Sea,8/25/2014,Calm,76.11428571,44.80195242,-73.25707455,1,0,0,0,2,1,70.86916667,Calm,0,0,0,0
Inland Sea,8/26/2014,Rolling,77.2625,44.80195242,-73.25707455,0,0,0,0,1d,0,72.0352381,Calm,0,0,0,0
Inland Sea,8/28/2014,Calm,72,44.80195242,-73.25707455,0,0,0,0,1a,0,73.7358631,Calm,0,0,0,0
Inland Sea,8/31/2014,Rolling,70,44.80195242,-73.25707455,0,0,0,0,1c,0,73.84419643,Calm,0,0,0,0
Inland Sea,9/1/2014,Calm,75.15,44.80195242,-73.25707455,0,0,0,0,1a,0,73.84419643,Calm,0,0,0,0
Inland Sea,9/2/2014,Calm,74.46,44.80195242,-73.25707455,0,1,0,0,2,1,73.603125,Calm,0,0,0,0
Inland Sea,9/4/2014,Calm,77.2,44.80195242,-73.25707455,0,0,0,0,1a,0,72.9025,Calm,0,0,0,0
Inland Sea,9/7/2014,Calm,72,44.80195242,-73.25707455,0,0,0,0,1a,0,74.2025,Calm,0,0,0,0
Inland Sea,9/8/2014,Calm,72.55555556,44.80195242,-73.25707455,0,0,0,1,1a,0,74.7025,Calm,0,0,0,0
Inland Sea,9/9/2014,Calm,75.5,44.80195242,-73.25707455,0,0,0,0,2,1,74.05388889,Calm,0,0,0,0
Inland Sea,9/10/2014,Calm,70.03333333,44.80195242,-73.25707455,0,0,0,0,1a,0,74.31388889,Calm,0,0,0,0
Inland Sea,9/14/2014,Calm,,44.80195242,-73.25707455,0,0,0,0,1a,0,73.45777778,Calm,0,0,0,0
Inland Sea,9/15/2014,Rolling,65.46,44.80195242,-73.25707455,1,0,0,0,1a,0,72.6962963,Calm,0,0,0,0
Inland Sea,9/16/2014,Calm,61.75,44.80195242,-73.25707455,0,0,0,0,1b,0,70.33111111,Calm,0,0,0,0
Inland Sea,9/17/2014,Calm,65.7,44.80195242,-73.25707455,0,0,0,0,1a,0,65.74777778,Calm,0,0,0,0
Inland Sea,9/22/2014,White Caps,63,44.80195242,-73.25707455,0,0,0,0,1a,0,64.30333333,Calm,0,0,0,0
Inland Sea,9/24/2014,Rolling,69.25,44.80195242,-73.25707455,0,0,0,0,1a,0,63.48333333,Calm,0,0,0,0
Inland Sea,9/26/2014,Calm,68.8,44.80195242,-73.25707455,0,0,0,0,1a,0,66.125,Rolling,0,0,0,0
Inland Sea,9/29/2014,Calm,69.3,44.80195242,-73.25707455,1,0,0,0,1d,0,67.01666667,Calm,0,0,0,0
Inland Sea,5/31/2015,Calm,70,44.80195242,-73.25707455,0,0,0,0,1a,0,69.11666667,,,,,
Inland Sea,6/13/2015,Calm,,44.80195242,-73.25707455,0,0,0,0,1a,0,70,,,,,
Inland Sea,6/15/2015,Rolling,,44.80195242,-73.25707455,0,0,0,0,1a,0,,Calm,0,0,0,0
Inland Sea,6/16/2015,Rolling,64.8,44.80195242,-73.25707455,0,0,0,0,1b,0,,Calm,0,0,0,0
Inland Sea,6/17/2015,Calm,60.7,44.80195242,-73.25707455,0,0,0,0,1a,0,64.8,Rolling,0,0,0,0
Inland Sea,6/21/2015,Calm,66.6,44.80195242,-73.25707455,0,0,0,0,1a,0,62.75,Rolling,0,0,0,0
Inland Sea,6/22/2015,Rolling,71.53333333,44.80195242,-73.25707455,0,0,0,0,1c,0,64.03333333,Calm,0,0,0,0
Inland Sea,6/23/2015,Rolling,70.05,44.80195242,-73.25707455,0,0,0,0,1c,0,65.90833333,Calm,0,0,0,0
Inland Sea,6/24/2015,Calm,65.46666667,44.80195242,-73.25707455,0,0,0,0,1b,0,67.22083333,Calm,0,0,0,0
Inland Sea,6/26/2015,Calm,67,44.80195242,-73.25707455,0,0,0,0,1a,0,68.4125,Calm,0,0,0,0
Inland Sea,6/28/2015,Calm,61,44.80195242,-73.25707455,0,0,0,0,1a,0,68.13,Calm,0,0,0,0
Inland Sea,6/29/2015,Rolling,68.46666667,44.80195242,-73.25707455,0,0,1,0,1b,0,67.01,Calm,0,0,0,0
Inland Sea,6/30/2015,Rolling,70.78333333,44.80195242,-73.25707455,0,1,1,0,1c,0,66.39666667,Calm,0,0,0,0
Inland Sea,7/1/2015,Calm,,44.80195242,-73.25707455,0,0,0,0,1b,0,66.54333333,Calm,0,0,0,0
Inland Sea,7/5/2015,Calm,67.53333333,44.80195242,-73.25707455,0,0,0,0,1a,0,66.8125,Calm,0,0,0,0
Inland Sea,7/6/2015,Calm,70.85,44.80195242,-73.25707455,0,0,0,0,1a,0,68.92777778,Calm,0,0,0,0
Inland Sea,7/7/2015,Rolling,71.57142857,44.80195242,-73.25707455,0,0,0,1,1c,0,69.72222222,Calm,0,0,0,0
Inland Sea,7/8/2015,Calm,70.13333333,44.80195242,-73.25707455,0,0,0,0,1b,0,69.98492063,Calm,0,0,0,0
Inland Sea,7/11/2015,Calm,,44.80195242,-73.25707455,0,0,0,0,1a,0,70.02202381,Calm,0,0,0,0
Inland Sea,7/12/2015,Calm,74.5,44.80195242,-73.25707455,0,0,0,0,1c,0,70.02202381,Calm,0,0,0,0
Inland Sea,7/13/2015,Calm,75.1,44.80195242,-73.25707455,0,1,0,0,3,1,71.76369048,Calm,0,0,0,0
Inland Sea,7/14/2015,White Caps,74.92857143,44.80195242,-73.25707455,1,0,0,0,1d,0,72.82619048,Calm,0,0,0,0
Inland Sea,7/15/2015,Calm,,44.80195242,-73.25707455,0,0,0,0,1d,0,73.66547619,Calm,0,0,0,0
Inland Sea,7/16/2015,Rolling,,44.80195242,-73.25707455,0,0,0,0,1a,0,74.84285714,Calm,0,0,0,0
Inland Sea,7/17/2015,Rolling,,44.80195242,-73.25707455,0,0,0,0,1a,0,74.84285714,Calm,0,0,0,0
Inland Sea,7/18/2015,Rolling,70,44.80195242,-73.25707455,0,0,0,0,1b,0,74.84285714,Calm,0,0,0,0
Inland Sea,7/19/2015,Calm,73.33333333,44.80195242,-73.25707455,0,0,0,0,1a,0,73.63214286,Calm,0,0,0,0
Inland Sea,7/20/2015,Rolling,74.22,44.80195242,-73.25707455,0,0,0,0,1d,0,73.34047619,Calm,0,0,0,0
Inland Sea,7/21/2015,Calm,74.8,44.80195242,-73.25707455,0,1,0,0,1c,0,73.12047619,Rolling,0,0,0,0
Inland Sea,7/22/2015,Rolling,,44.80195242,-73.25707455,0,0,0,0,1a,0,73.08833333,Rolling,0,0,0,0
Inland Sea,7/23/2015,Calm,,44.80195242,-73.25707455,0,0,0,0,1c,0,73.08833333,Rolling,0,0,0,0
Inland Sea,7/24/2015,Calm,75.56666667,44.80195242,-73.25707455,0,0,0,0,2,1,73.08833333,Rolling,0,0,0,0
Inland Sea,7/26/2015,Rolling,75,44.80195242,-73.25707455,0,0,0,0,1a,0,73.584,Calm,0,0,0,0
Inland Sea,7/27/2015,Rolling,76.12857143,44.80195242,-73.25707455,1,0,1,0,1d,0,74.89666667,Calm,0,0,0,0
Inland Sea,7/28/2015,Calm,77.12,44.80195242,-73.25707455,1,1,1,0,1a,0,75.37380952,Calm,0,0,0,0
Inland Sea,7/29/2015,Calm,76.66666667,44.80195242,-73.25707455,0,0,0,0,1a,0,75.95380952,Calm,0,0,0,0
Inland Sea,7/30/2015,Rolling,,44.80195242,-73.25707455,0,0,0,0,1d,0,76.09638095,Calm,0,0,0,0
Inland Sea,7/31/2015,Calm,,44.80195242,-73.25707455,0,0,0,0,1a,0,76.09638095,Calm,0,0,0,0
Inland Sea,8/2/2015,Rolling,75,44.80195242,-73.25707455,0,0,0,0,1b,0,76.22880952,Calm,0,0,0,0
Inland Sea,8/3/2015,Calm,77.3,44.80195242,-73.25707455,0,0,0,0,1c,0,76.22880952,Calm,0,0,0,0
Inland Sea,8/4/2015,Calm,74.6,44.80195242,-73.25707455,1,0,0,0,1c,0,76.52166667,Calm,0,0,0,0
Inland Sea,8/5/2015,Calm,75.3,44.80195242,-73.25707455,0,0,0,0,1a,0,75.89166667,Calm,0,0,0,0
Inland Sea,8/6/2015,Rolling,,44.80195242,-73.25707455,0,0,0,0,1a,0,75.55,Calm,0,0,0,0
Inland Sea,8/7/2015,Calm,73.83333333,44.80195242,-73.25707455,1,1,0,0,1d,0,75.55,Calm,0,0,0,0
Inland Sea,8/8/2015,Calm,75,44.80195242,-73.25707455,0,0,0,0,2,1,75.20666667,Calm,0,0,0,0
Inland Sea,8/9/2015,Calm,75,44.80195242,-73.25707455,0,0,0,0,3,1,75.17222222,Calm,0,0,0,0
Inland Sea,8/10/2015,Rolling,75.66666667,44.80195242,-73.25707455,0,0,0,0,1a,0,75.17222222,Calm,0,0,0,0
Inland Sea,8/11/2015,Rolling,70.96666667,44.80195242,-73.25707455,0,1,1,0,1c,0,74.9,Calm,0,0,0,0
Inland Sea,8/12/2015,Calm,75.7,44.80195242,-73.25707455,0,0,0,0,1a,0,74.29444444,Calm,0,0,0,0
Inland Sea,8/13/2015,Calm,71.3,44.80195242,-73.25707455,0,0,0,0,1a,0,74.36111111,Calm,0,0,0,0
Inland Sea,8/15/2015,Calm,77,44.80195242,-73.25707455,0,0,0,0,3,1,73.92380952,Calm,0,0,0,0
Inland Sea,8/16/2015,Calm,74,44.80195242,-73.25707455,0,0,0,0,1d,0,74.27222222,Calm,0,0,0,0
Inland Sea,8/17/2015,Rolling,75.85,44.80195242,-73.25707455,0,0,0,0,1a,0,74.10555556,Calm,0,0,0,0
Inland Sea,8/18/2015,Calm,79.45714286,44.80195242,-73.25707455,1,1,0,0,1d,0,74.13611111,Calm,0,0,0,0
Inland Sea,8/19/2015,Rolling,78.25,44.80195242,-73.25707455,0,0,0,0,1b,0,75.55119048,Calm,0,0,0,0
Inland Sea,8/22/2015,Calm,75,44.80195242,-73.25707455,0,0,0,0,2,1,75.97619048,Calm,0,0,0,0
Inland Sea,8/23/2015,Calm,73,44.80195242,-73.25707455,0,0,0,0,3,1,76.51142857,Calm,0,0,0,0
Inland Sea,8/24/2015,Rolling,78.9625,44.80195242,-73.25707455,1,1,0,0,1d,0,76.31142857,Calm,0,0,0,0
Inland Sea,8/25/2015,Calm,77.925,44.80195242,-73.25707455,1,1,0,1,2,1,76.93392857,Calm,0,0,0,0
Inland Sea,8/26/2015,Calm,77.84,44.80195242,-73.25707455,0,0,0,0,3,1,76.6275,Calm,0,0,0,0
Inland Sea,8/28/2015,Calm,,44.80195242,-73.25707455,1,0,0,0,3,1,76.5455,Calm,0,0,0,0
Inland Sea,8/29/2015,Rolling,,44.80195242,-73.25707455,0,0,0,0,1a,0,76.5455,Calm,0,0,0,0
Inland Sea,8/30/2015,Calm,74,44.80195242,-73.25707455,0,0,0,0,1d,0,76.931875,Calm,0,0,0,0
Inland Sea,8/31/2015,Calm,76.6,44.80195242,-73.25707455,1,0,0,0,1a,0,77.181875,Calm,0,0,0,0
Inland Sea,9/1/2015,Calm,77.86666667,44.80195242,-73.25707455,1,1,1,0,2,1,76.59125,Calm,0,0,0,0
Inland Sea,9/2/2015,Calm,77.26666667,44.80195242,-73.25707455,0,0,0,0,1c,0,76.57666667,Calm,0,0,0,0
Inland Sea,9/3/2015,White Caps,,44.80195242,-73.25707455,0,0,0,0,1c,0,76.43333333,Calm,0,0,0,0
Inland Sea,9/4/2015,Rolling,76,44.80195242,-73.25707455,0,0,0,0,1c,0,76.43333333,Calm,0,0,0,0
Inland Sea,9/5/2015,Rolling,,44.80195242,-73.25707455,0,0,0,0,1a,0,76.34666667,Calm,0,0,0,0
Inland Sea,9/6/2015,Rolling,,44.80195242,-73.25707455,0,0,0,0,1a,0,76.34666667,Calm,0,0,0,0
Inland Sea,9/7/2015,Rolling,79.66666667,44.80195242,-73.25707455,0,0,0,0,1d,0,76.93333333,Calm,0,0,0,0
Inland Sea,9/8/2015,Calm,79.44285714,44.80195242,-73.25707455,1,1,1,0,2,1,77.7,Rolling,0,0,0,0
Inland Sea,9/9/2015,Rolling,84,44.80195242,-73.25707455,0,0,0,0,1a,0,78.09404762,Rolling,0,0,0,0
Inland Sea,9/10/2015,Calm,77.4,44.80195242,-73.25707455,0,0,0,0,3,1,79.77738095,Rolling,0,0,0,0
Inland Sea,9/13/2015,Calm,70,44.80195242,-73.25707455,0,0,0,0,1b,0,79.30190476,Rolling,0,0,0,0
Inland Sea,9/14/2015,Calm,71.43333333,44.80195242,-73.25707455,0,0,0,0,1d,0,78.10190476,Calm,0,0,0,0
Inland Sea,9/15/2015,Rolling,75.1,44.80195242,-73.25707455,1,1,1,0,1b,0,76.4552381,Calm,0,0,0,0
Inland Sea,9/16/2015,Calm,74.5,44.80195242,-73.25707455,0,0,0,0,1a,0,75.58666667,Calm,0,0,0,0
Inland Sea,9/19/2015,Rolling,,44.80195242,-73.25707455,0,0,0,0,2,1,73.68666667,Calm,0,0,0,0
Inland Sea,9/20/2015,Calm,68,44.80195242,-73.25707455,0,0,0,0,1a,0,72.75833333,Calm,0,0,0,0
Inland Sea,9/21/2015,Rolling,73,44.80195242,-73.25707455,0,0,0,0,1a,0,72.25833333,Calm,0,0,0,0
Inland Sea,9/22/2015,Rolling,68.14,44.80195242,-73.25707455,1,1,0,0,1c,0,72.65,Rolling,0,0,0,0
Inland Sea,9/23/2015,Calm,67.3,44.80195242,-73.25707455,0,0,0,0,1a,0,70.91,Rolling,0,0,0,0
Inland Sea,9/28/2015,Rolling,69,44.80195242,-73.25707455,0,0,0,0,1a,0,69.11,Rolling,0,0,0,0
Inland Sea,10/4/2015,Calm,53,44.80195242,-73.25707455,0,0,0,0,1a,0,68.14666667,Rolling,0,0,0,0
Inland Sea,6/18/2016,Rolling,,44.80195242,-73.25707455,0,0,0,0,1a,0,61,,,,,
Inland Sea,6/19/2016,Rolling,72.8,44.80195242,-73.25707455,0,0,0,0,1b,0,,Rolling,0,0,0,0
Inland Sea,6/20/2016,Calm,67,44.80195242,-73.25707455,0,0,0,0,1a,0,72.8,Rolling,0,0,0,0
Inland Sea,6/21/2016,Rolling,70.55,44.80195242,-73.25707455,0,0,0,0,1b,0,69.9,Rolling,0,0,0,0
Inland Sea,6/23/2016,Calm,76.2,44.80195242,-73.25707455,0,0,0,0,1c,0,70.11666667,Rolling,0,0,0,0
Inland Sea,6/24/2016,Calm,,44.80195242,-73.25707455,0,0,0,0,1a,0,71.6375,Rolling,0,0,0,0
Inland Sea,6/25/2016,Calm,72.1,44.80195242,-73.25707455,0,0,0,0,1c,0,71.6375,Calm,0,0,0,0
Inland Sea,6/26/2016,Calm,81,44.80195242,-73.25707455,0,0,0,0,1c,0,71.73,Calm,0,0,0,0
Inland Sea,6/27/2016,Rolling,68,44.80195242,-73.25707455,0,0,0,0,1a,0,73.37,Calm,0,0,0,0
Inland Sea,6/28/2016,Rolling,,44.80195242,-73.25707455,0,0,0,0,1a,0,73.57,Calm,0,0,0,0
Inland Sea,6/29/2016,Calm,69.56666667,44.80195242,-73.25707455,0,0,0,0,1a,0,74.325,Calm,0,0,0,0
Inland Sea,6/30/2016,Calm,77.8,44.80195242,-73.25707455,0,0,0,0,1c,0,73.37333333,Calm,0,0,0,0
Inland Sea,7/1/2016,Calm,,44.80195242,-73.25707455,0,0,0,0,1a,0,73.69333333,Calm,0,0,0,0
Inland Sea,7/2/2016,Rolling,69.05,44.80195242,-73.25707455,0,0,0,0,1c,0,73.69333333,Calm,0,0,0,0
Inland Sea,7/3/2016,Calm,73,44.80195242,-73.25707455,0,0,0,0,1a,0,73.08333333,Calm,0,0,0,0
Inland Sea,7/4/2016,Rolling,71,44.80195242,-73.25707455,0,0,0,0,1a,0,71.48333333,Calm,0,0,0,0
Inland Sea,7/5/2016,Rolling,72.525,44.80195242,-73.25707455,0,0,0,0,1c,0,72.08333333,Calm,0,0,0,0
Inland Sea,7/6/2016,Calm,72.5,44.80195242,-73.25707455,0,0,0,0,1a,0,72.15694444,Calm,0,0,0,0
Inland Sea,7/8/2016,Calm,,44.80195242,-73.25707455,0,0,0,0,1c,0,72.64583333,Calm,0,0,0,0
Inland Sea,7/9/2016,Calm,70.1,44.80195242,-73.25707455,0,0,0,0,1a,0,71.615,Calm,0,0,0,0
Inland Sea,7/10/2016,Calm,,44.80195242,-73.25707455,0,0,0,0,1c,0,71.825,Calm,0,0,0,0
Inland Sea,7/11/2016,Calm,78.6,44.80195242,-73.25707455,0,0,0,0,1a,0,71.53125,Calm,0,0,0,0
Inland Sea,7/12/2016,Rolling,76.63333333,44.80195242,-73.25707455,0,0,0,0,1b,0,73.43125,Calm,0,0,0,0
Inland Sea,7/13/2016,Calm,79.25,44.80195242,-73.25707455,0,0,0,0,1b,0,74.45833333,Calm,0,0,0,0
Inland Sea,7/14/2016,Rolling,,44.80195242,-73.25707455,0,0,0,0,1c,0,76.14583333,Calm,0,0,0,0
Inland Sea,7/15/2016,Calm,,44.80195242,-73.25707455,0,0,0,0,1c,0,76.14583333,Calm,0,0,0,0
Inland Sea,7/16/2016,Calm,76.2,44.80195242,-73.25707455,0,0,0,0,1c,0,76.14583333,Calm,0,0,0,0
Inland Sea,7/17/2016,Calm,78.8,44.80195242,-73.25707455,0,0,0,0,1d,0,77.67083333,Calm,0,0,0,0
Inland Sea,7/18/2016,White Caps,75,44.80195242,-73.25707455,0,0,0,0,1a,0,77.89666667,Calm,0,0,0,0
Inland Sea,7/19/2016,Calm,78,44.80195242,-73.25707455,0,0,0,0,1c,0,77.17666667,Calm,0,0,0,0
Inland Sea,7/20/2016,Calm,73.6,44.80195242,-73.25707455,0,0,0,0,1a,0,77.45,Calm,0,0,0,0
Inland Sea,7/21/2016,Calm,,44.80195242,-73.25707455,0,0,0,0,1c,0,76.32,Calm,0,0,0,0
Inland Sea,7/22/2016,Rolling,,44.80195242,-73.25707455,0,0,0,0,1a,0,76.32,Calm,0,0,0,0
Inland Sea,7/23/2016,Calm,72,44.80195242,-73.25707455,0,0,0,0,1c,0,76.32,Calm,0,0,0,0
Inland Sea,7/24/2016,Calm,79.9,44.80195242,-73.25707455,0,0,0,0,1c,0,75.48,Calm,0,0,0,0
Inland Sea,7/25/2016,Calm,,44.80195242,-73.25707455,0,0,0,0,1a,0,75.7,Calm,0,0,0,0
Inland Sea,7/26/2016,Calm,78.36666667,44.80195242,-73.25707455,0,0,0,0,1b,0,75.875,Calm,0,0,0,0
Inland Sea,7/27/2016,Calm,77.65,44.80195242,-73.25707455,0,0,0,0,1c,0,75.96666667,Calm,0,0,0,0
Inland Sea,7/28/2016,Calm,72,44.80195242,-73.25707455,0,0,0,0,1c,0,76.97916667,Calm,0,0,0,0
Inland Sea,7/29/2016,Calm,,44.80195242,-73.25707455,0,0,0,0,1b,0,75.98333333,Calm,0,0,0,0
Inland Sea,7/30/2016,Calm,77.5,44.80195242,-73.25707455,0,0,0,0,1c,0,75.98333333,Calm,0,0,0,0
Inland Sea,7/31/2016,Calm,77.1,44.80195242,-73.25707455,0,0,0,0,1d,0,77.08333333,Calm,0,0,0,0
Inland Sea,8/1/2016,Calm,76,44.80195242,-73.25707455,0,0,0,0,1a,0,76.52333333,Calm,0,0,0,0
Inland Sea,8/2/2016,Calm,,44.80195242,-73.25707455,0,0,0,0,1d,0,76.43611111,Calm,0,0,0,0
Inland Sea,8/3/2016,Rolling,85.25,44.80195242,-73.25707455,0,0,0,0,1d,0,76.05,Calm,0,0,0,0
Inland Sea,8/4/2016,Rolling,79.4,44.80195242,-73.25707455,0,0,0,0,1c,0,77.57,Calm,0,0,0,0
Inland Sea,8/5/2016,Rolling,,44.80195242,-73.25707455,0,0,0,0,1b,0,79.05,Calm,0,0,0,0
Inland Sea,8/6/2016,Calm,,44.80195242,-73.25707455,0,0,0,0,1c,0,79.05,Calm,0,0,0,0
Inland Sea,8/7/2016,Calm,,44.80195242,-73.25707455,0,0,0,0,1a,0,79.4375,Calm,0,0,0,0
Inland Sea,8/8/2016,Calm,73.5,44.80195242,-73.25707455,0,0,0,0,1b,0,80.21666667,Calm,0,0,0,0
Inland Sea,8/9/2016,Calm,81.26666667,44.80195242,-73.25707455,0,0,0,0,1a,0,79.38333333,Calm,0,0,0,0
Inland Sea,8/10/2016,Calm,74.7,44.80195242,-73.25707455,0,0,0,0,1a,0,79.85416667,Calm,0,0,0,0
Inland Sea,8/11/2016,Calm,,44.80195242,-73.25707455,0,0,0,0,1a,0,77.21666667,Calm,0,0,0,0
Inland Sea,8/12/2016,White Caps,,44.80195242,-73.25707455,0,0,0,0,1b,0,76.48888889,Calm,0,0,0,0
Inland Sea,8/13/2016,Calm,,44.80195242,-73.25707455,0,0,0,0,1c,0,76.48888889,Calm,0,0,0,0
Inland Sea,8/14/2016,Calm,76.3,44.80195242,-73.25707455,0,0,0,0,1a,0,76.48888889,Calm,0,0,0,0
Inland Sea,8/15/2016,Calm,80,44.80195242,-73.25707455,0,0,0,0,1d,0,76.44166667,Calm,0,0,0,0
Inland Sea,8/16/2016,Rolling,76.3,44.80195242,-73.25707455,0,0,0,0,1b,0,78.06666667,Calm,0,0,0,0
Inland Sea,8/17/2016,Calm,74.4,44.80195242,-73.25707455,0,0,0,0,1a,0,76.825,Calm,0,0,0,0
Inland Sea,8/19/2016,Calm,,44.80195242,-73.25707455,0,0,0,0,1c,0,76.75,Calm,0,0,0,0
Inland Sea,8/21/2016,White Caps,,44.80195242,-73.25707455,0,0,0,0,1b,0,76.75,Calm,0,0,0,0
Inland Sea,8/22/2016,Calm,73.35,44.80195242,-73.25707455,0,0,0,0,1c,0,76.9,Calm,0,0,0,0
Inland Sea,8/23/2016,White Caps,,44.80195242,-73.25707455,0,0,0,0,1c,0,74.68333333,Calm,0,0,0,0
Inland Sea,8/24/2016,Calm,81.75,44.80195242,-73.25707455,0,0,0,0,1c,0,73.875,Calm,0,0,0,0
Inland Sea,8/25/2016,Calm,,44.80195242,-73.25707455,0,0,0,0,1a,0,77.55,Calm,0,0,0,0
Inland Sea,8/26/2016,Calm,,44.80195242,-73.25707455,0,0,0,0,1a,0,77.55,Calm,0,0,0,0
Inland Sea,8/28/2016,Calm,74.7,44.80195242,-73.25707455,0,0,0,0,1c,0,77.55,Calm,0,0,0,0
Inland Sea,8/29/2016,White Caps,76,44.80195242,-73.25707455,0,0,0,0,1c,0,76.6,Calm,0,0,0,0
Inland Sea,8/30/2016,Rolling,75,44.80195242,-73.25707455,0,0,0,0,1b,0,77.48333333,Calm,0,0,0,0
Inland Sea,8/31/2016,Rolling,,44.80195242,-73.25707455,0,0,0,0,1a,0,76.8625,Calm,0,0,0,0
Inland Sea,9/1/2016,Calm,76.8,44.80195242,-73.25707455,0,0,0,0,1a,0,75.23333333,Calm,0,0,0,0
Inland Sea,9/3/2016,Calm,74.2,44.80195242,-73.25707455,0,0,0,0,2,1,75.625,Calm,0,0,0,0
Inland Sea,9/5/2016,Rolling,76,44.80195242,-73.25707455,0,0,0,0,1a,0,75.34,Calm,0,0,0,0
Inland Sea,9/6/2016,Calm,82.15,44.80195242,-73.25707455,0,0,0,0,1d,0,75.5,Rolling,0,0,0,0
Inland Sea,9/10/2016,Rolling,78.9,44.80195242,-73.25707455,0,0,0,0,1a,0,77.2875,Calm,0,0,0,0
Inland Sea,9/12/2016,Calm,77.9,44.80195242,-73.25707455,0,0,0,0,1a,0,79.01666667,Rolling,0,0,0,0
Inland Sea,9/13/2016,White Caps,,44.80195242,-73.25707455,0,0,0,0,1b,0,79.65,Calm,0,0,0,0
Inland Sea,9/17/2016,Rolling,70.65,44.80195242,-73.25707455,0,0,0,0,3,1,78.4,Calm,0,0,0,0
Inland Sea,9/18/2016,Calm,,44.80195242,-73.25707455,0,0,0,0,2,1,74.275,Calm,0,0,0,0
Inland Sea,9/19/2016,Calm,78.55,44.80195242,-73.25707455,0,0,0,0,1a,0,74.275,Calm,0,0,0,0
Inland Sea,9/25/2016,Calm,63.95,44.80195242,-73.25707455,0,0,0,0,1a,0,74.6,Calm,0,0,0,0
Inland Sea,9/27/2016,Calm,67.05,44.80195242,-73.25707455,0,0,0,0,1a,0,71.25,Calm,0,0,0,0
Inland Sea,10/1/2016,Calm,66,44.80195242,-73.25707455,0,0,0,0,3,1,65.5,Calm,0,0,0,0
Inland Sea,10/14/2016,Rolling,,44.80195242,-73.25707455,0,0,0,0,2,1,65.66666667,,,,,
Inland Sea,6/2/2017,Rolling,,44.80195242,-73.25707455,0,0,0,0,1a,0,,,,,,
Inland Sea,6/15/2017,Calm,,44.80195242,-73.25707455,1,0,0,0,1a,0,,,,,,
Inland Sea,6/19/2017,Calm,60,44.80195242,-73.25707455,0,0,0,0,1a,0,,Calm,1,0,0,0
Inland Sea,6/21/2017,Calm,,44.80195242,-73.25707455,0,0,0,0,1a,0,60,Calm,0,0,0,0
Inland Sea,6/22/2017,Rolling,68.1,44.80195242,-73.25707455,0,0,0,0,1a,0,60,Calm,0,0,0,0
Inland Sea,6/23/2017,Calm,71.3,44.80195242,-73.25707455,0,0,0,0,1a,0,64.05,Calm,0,0,0,0
Inland Sea,6/24/2017,Calm,74.1,44.80195242,-73.25707455,0,0,0,0,1a,0,66.46666667,Calm,0,0,0,0
Inland Sea,6/26/2017,Calm,68,44.80195242,-73.25707455,0,0,0,0,1a,0,68.375,Calm,0,0,0,0
Inland Sea,6/27/2017,Calm,67,44.80195242,-73.25707455,1,0,0,0,1b,0,70.375,Calm,0,0,0,0
Inland Sea,6/28/2017,Calm,68.7,44.80195242,-73.25707455,0,0,0,0,1a,0,69.7,Calm,0,0,0,0
Inland Sea,6/29/2017,Rolling,67.76666667,44.80195242,-73.25707455,0,0,0,0,1b,0,69.53333333,Calm,0,0,0,0
Inland Sea,6/30/2017,Calm,71,44.80195242,-73.25707455,0,0,0,0,1c,0,69.47777778,Calm,0,0,0,0
Inland Sea,7/1/2017,Rolling,71.1,44.80195242,-73.25707455,0,0,0,0,1a,0,69.42777778,Calm,0,0,0,0
Inland Sea,7/2/2017,Calm,,44.80195242,-73.25707455,0,0,0,0,1a,0,68.92777778,Calm,0,0,0,0
Inland Sea,7/3/2017,Calm,69,44.80195242,-73.25707455,0,0,0,0,1b,0,68.92777778,Calm,0,0,0,0
Inland Sea,7/5/2017,Calm,68.5,44.80195242,-73.25707455,0,0,0,0,1a,0,69.09444444,Calm,0,0,0,0
Inland Sea,7/6/2017,Rolling,74.02,44.80195242,-73.25707455,0,0,0,0,1c,0,69.47333333,Calm,0,0,0,0
Inland Sea,7/8/2017,Calm,72.3,44.80195242,-73.25707455,0,0,0,0,1b,0,70.724,Calm,0,0,0,0
Inland Sea,7/9/2017,Calm,,44.80195242,-73.25707455,0,0,0,0,1d,0,70.955,Calm,0,0,0,0
Inland Sea,7/10/2017,Calm,70,44.80195242,-73.25707455,0,0,0,0,1a,0,70.955,Calm,0,0,0,0
Inland Sea,7/11/2017,Calm,68,44.80195242,-73.25707455,0,0,0,0,1c,0,71.205,Calm,0,0,0,0
Inland Sea,7/12/2017,Calm,,44.80195242,-73.25707455,0,0,0,0,1b,0,70.564,Calm,0,0,0,0
Inland Sea,7/13/2017,Calm,66.55,44.80195242,-73.25707455,0,0,0,0,1c,0,71.08,Calm,0,0,0,0
Inland Sea,7/14/2017,Calm,69.5,44.80195242,-73.25707455,0,0,0,0,1b,0,69.2125,Calm,0,0,0,0
Inland Sea,7/16/2017,Calm,74.9,44.80195242,-73.25707455,0,0,0,0,1c,0,69.27,Calm,0,0,0,0
Inland Sea,7/17/2017,Calm,67.5,44.80195242,-73.25707455,0,0,0,0,1a,0,69.79,Calm,0,0,0,0
Inland Sea,7/18/2017,Rolling,71.5,44.80195242,-73.25707455,0,0,0,0,1c,0,69.29,Calm,0,0,0,0
Inland Sea,7/19/2017,Calm,79.8,44.80195242,-73.25707455,0,0,0,0,1a,0,69.99,Calm,0,0,0,0
Inland Sea,7/20/2017,Calm,79.05,44.80195242,-73.25707455,0,0,0,0,1c,0,71.625,Calm,0,0,0,0
Inland Sea,7/21/2017,Calm,77.9,44.80195242,-73.25707455,0,0,0,0,1a,0,73.70833333,Calm,0,0,0,0
Inland Sea,7/22/2017,Calm,75,44.80195242,-73.25707455,0,0,0,0,1a,0,75.10833333,Calm,0,0,0,0
Inland Sea,7/25/2017,Calm,70,44.80195242,-73.25707455,0,0,0,0,1a,0,75.09285714,Calm,0,0,0,0
Inland Sea,7/26/2017,Rolling,75.06666667,44.80195242,-73.25707455,0,0,0,0,2,1,76.35,Calm,0,0,0,0
Inland Sea,7/27/2017,White Caps,71.73333333,44.80195242,-73.25707455,0,0,0,0,1c,0,75.40333333,Calm,0,0,0,0
Inland Sea,7/28/2017,Calm,70.35,44.80195242,-73.25707455,0,0,0,0,1c,0,73.94,Calm,0,0,0,0
Inland Sea,7/29/2017,Calm,,44.80195242,-73.25707455,0,0,0,0,1a,0,72.43,Calm,0,0,0,0
Inland Sea,7/30/2017,Calm,,44.80195242,-73.25707455,0,0,0,0,2,1,71.7875,Calm,0,0,0,0
Inland Sea,7/31/2017,Rolling,,44.80195242,-73.25707455,1,0,1,0,1d,0,71.7875,Calm,0,0,0,0
Inland Sea,8/1/2017,Calm,75,44.80195242,-73.25707455,0,0,0,0,2,1,71.7875,Calm,0,0,0,0
Inland Sea,8/2/2017,Calm,77,44.80195242,-73.25707455,0,0,0,0,3,1,73.0375,Calm,0,0,0,0
Inland Sea,8/3/2017,Calm,80.14285714,44.80195242,-73.25707455,0,0,0,0,1d,0,73.52083333,Calm,0,0,0,0
Inland Sea,8/4/2017,Calm,81.4,44.80195242,-73.25707455,0,0,0,0,1d,0,75.62321429,Calm,0,0,0,0
Inland Sea,8/5/2017,Calm,73,44.80195242,-73.25707455,0,0,0,0,1d,0,78.38571429,Calm,0,0,0,0
Inland Sea,8/6/2017,Calm,72,44.80195242,-73.25707455,0,0,0,0,1d,0,77.30857143,Calm,0,0,0,0
Inland Sea,8/7/2017,Calm,,44.80195242,-73.25707455,0,0,0,0,1a,0,76.42380952,Calm,0,0,0,0
Inland Sea,8/8/2017,Calm,72,44.80195242,-73.25707455,0,0,0,0,2,1,76.42380952,Calm,0,0,0,0
Inland Sea,8/9/2017,Calm,73.5,44.80195242,-73.25707455,0,0,0,0,1d,0,75.92380952,Calm,0,0,0,0
Inland Sea,8/10/2017,Calm,79,44.80195242,-73.25707455,0,0,0,0,2,1,75.34047619,Calm,0,0,0,0
Inland Sea,8/11/2017,Calm,78.1,44.80195242,-73.25707455,0,0,0,0,1d,0,75.15,Calm,0,0,0,0
Inland Sea,8/12/2017,White Caps,,44.80195242,-73.25707455,0,0,0,0,1b,0,74.6,Calm,0,0,0,0
Inland Sea,8/14/2017,Calm,,44.80195242,-73.25707455,0,0,0,0,1a,0,74.92,Calm,0,0,0,0
Inland Sea,8/15/2017,Rolling,72.5,44.80195242,-73.25707455,0,0,0,0,1c,0,75.65,Calm,0,0,0,0
Inland Sea,8/16/2017,Calm,73.45,44.80195242,-73.25707455,0,0,0,0,1a,0,75.775,Calm,0,0,0,0
Inland Sea,8/17/2017,Calm,77.625,44.80195242,-73.25707455,0,0,0,0,1c,0,75.7625,Calm,0,0,0,0
Inland Sea,8/18/2017,Rolling,79.7,44.80195242,-73.25707455,0,0,0,0,1d,0,75.41875,Calm,0,0,0,0
Inland Sea,8/20/2017,Calm,,44.80195242,-73.25707455,0,0,0,0,1c,0,75.81875,Calm,0,0,0,0
Inland Sea,8/22/2017,Rolling,75,44.80195242,-73.25707455,0,0,0,0,1a,0,75.81875,Calm,0,0,0,0
Inland Sea,8/23/2017,Calm,74.7,44.80195242,-73.25707455,0,0,0,0,1c,0,76.44375,Calm,0,0,0,0
Inland Sea,8/24/2017,Calm,72.4,44.80195242,-73.25707455,0,0,0,0,1d,0,76.75625,Calm,0,0,0,0
Inland Sea,8/25/2017,Calm,71.1,44.80195242,-73.25707455,0,0,0,0,1b,0,75.45,Calm,0,0,0,0
Inland Sea,8/26/2017,Calm,,44.80195242,-73.25707455,0,0,0,0,1a,0,73.3,Calm,0,0,0,0
Inland Sea,8/27/2017,Calm,,44.80195242,-73.25707455,0,0,0,0,3,1,73.3,Calm,0,0,0,0
Inland Sea,8/28/2017,Rolling,,44.80195242,-73.25707455,1,0,0,0,2,1,73.3,Calm,0,0,0,0
Inland Sea,8/29/2017,Rolling,74,44.80195242,-73.25707455,0,0,0,0,1a,0,73.3,Calm,0,0,0,0
Inland Sea,8/30/2017,Calm,75.575,44.80195242,-73.25707455,0,0,0,0,2,1,73.05,Calm,0,0,0,0
Inland Sea,8/31/2017,Rolling,68,44.80195242,-73.25707455,1,1,0,0,1d,0,73.26875,Calm,0,0,0,0
Inland Sea,9/1/2017,Rolling,65.7,44.80195242,-73.25707455,0,0,0,0,1c,0,72.16875,Calm,0,0,0,0
Inland Sea,9/2/2017,Calm,,44.80195242,-73.25707455,0,0,0,0,3,1,70.81875,Rolling,0,0,0,0
Inland Sea,9/6/2017,Calm,66.25,44.80195242,-73.25707455,0,0,0,0,1c,0,70.81875,Calm,0,0,0,0
Inland Sea,9/7/2017,Calm,67,44.80195242,-73.25707455,0,0,0,0,1a,0,66.65,Calm,0,0,0,0
Inland Sea,9/8/2017,Calm,65.1,44.80195242,-73.25707455,0,0,0,0,1a,0,66.31666667,Calm,0,0,0,0
Inland Sea,9/9/2017,Calm,62.1,44.80195242,-73.25707455,0,0,0,0,1b,0,66.11666667,Calm,0,0,0,0
Inland Sea,9/13/2017,Calm,,44.80195242,-73.25707455,0,0,0,0,1a,0,65.1125,Calm,0,0,0,0
Inland Sea,9/14/2017,Calm,72.7,44.80195242,-73.25707455,0,0,0,0,1c,0,64.73333333,Calm,0,0,0,0
Inland Sea,9/15/2017,Calm,74.25,44.80195242,-73.25707455,0,0,0,0,1c,0,66.63333333,Calm,0,0,0,0
Inland Sea,9/18/2017,Rolling,,44.80195242,-73.25707455,1,1,0,0,1d,0,69.68333333,Calm,0,0,0,0
Inland Sea,9/20/2017,Calm,,44.80195242,-73.25707455,0,0,0,0,1a,0,73.475,Calm,0,0,0,0
Inland Sea,9/21/2017,Calm,72.35,44.80195242,-73.25707455,0,0,0,0,1a,0,73.475,Calm,0,0,0,0
Inland Sea,9/22/2017,Calm,,44.80195242,-73.25707455,0,0,0,0,3,1,73.3,Calm,0,0,0,0
Inland Sea,9/24/2017,Calm,74.8,44.80195242,-73.25707455,0,0,0,0,2,1,72.35,Calm,0,0,0,0
Inland Sea,9/25/2017,Calm,78.8,44.80195242,-73.25707455,0,0,0,0,3,1,73.575,Calm,0,0,0,0
Inland Sea,9/27/2017,Rolling,,44.80195242,-73.25707455,0,0,0,0,1a,0,75.31666667,Calm,0,0,0,0
Inland Sea,9/28/2017,White Caps,74.76666667,44.80195242,-73.25707455,0,0,0,0,1c,0,75.31666667,Calm,0,0,0,0
Inland Sea,9/29/2017,Rolling,,44.80195242,-73.25707455,1,1,0,0,1d,0,76.12222222,Calm,0,0,0,0
Inland Sea,10/1/2017,Calm,83.7,44.80195242,-73.25707455,0,0,0,0,3,1,76.12222222,Calm,0,0,0,0
Inland Sea,10/2/2017,Rolling,69.8,44.80195242,-73.25707455,0,0,0,0,3,1,79.08888889,Calm,0,0,0,0
Inland Sea,10/3/2017,White Caps,67.8,44.80195242,-73.25707455,0,0,0,0,1c,0,76.08888889,Rolling,0,0,0,0
Inland Sea,6/7/2018,,,44.80195242,-73.25707455,0,0,0,0,1a,0,74.01666667,,,,,
Inland Sea,6/11/2018,Calm,67.5,44.80195242,-73.25707455,0,0,0,0,1a,0,,,0,0,0,0
Inland Sea,6/12/2018,Rolling,71.5,44.80195242,-73.25707455,0,0,0,0,1a,0,67.5,Calm,0,0,0,0
Inland Sea,6/13/2018,Rolling,56.5,44.80195242,-73.25707455,0,0,0,0,1a,0,69.5,Calm,0,0,0,0
Inland Sea,6/14/2018,Rolling,65.25,44.80195242,-73.25707455,0,0,0,0,1b,0,65.16666667,Rolling,0,0,0,0
Inland Sea,6/15/2018,Calm,66.5,44.80195242,-73.25707455,0,0,0,0,1b,0,65.1875,Rolling,0,0,0,0
Inland Sea,6/16/2018,Rolling,62,44.80195242,-73.25707455,0,0,0,0,1b,0,65.45,Rolling,0,0,0,0
Inland Sea,6/17/2018,Calm,62,44.80195242,-73.25707455,0,0,0,0,1a,0,64.875,Rolling,0,0,0,0
Inland Sea,6/18/2018,Calm,,44.80195242,-73.25707455,0,0,0,0,1a,0,64.46428571,Rolling,0,0,0,0
Inland Sea,6/19/2018,Calm,64.625,44.80195242,-73.25707455,0,0,0,0,1b,0,63.95833333,Rolling,0,0,0,0
Inland Sea,6/20/2018,Rolling,71.1,44.80195242,-73.25707455,0,0,0,0,1a,0,62.8125,Calm,0,0,0,0
Inland Sea,6/21/2018,Calm,,44.80195242,-73.25707455,0,0,0,0,1b,0,65.24583333,Calm,0,0,0,0
Inland Sea,6/22/2018,Calm,74.2,44.80195242,-73.25707455,0,0,0,0,1a,0,65.245,Calm,0,0,0,0
Inland Sea,6/25/2018,Rolling,62,44.80195242,-73.25707455,0,0,0,0,1a,0,66.785,Calm,0,0,0,0
Inland Sea,6/26/2018,Calm,71.625,44.80195242,-73.25707455,0,0,0,0,1c,0,67.98125,Calm,0,0,0,0
Inland Sea,6/27/2018,Calm,74.85,44.80195242,-73.25707455,0,0,0,0,1c,0,69.73125,Calm,0,0,0,0
Inland Sea,6/28/2018,Calm,72,44.80195242,-73.25707455,0,0,0,0,1a,0,70.66875,Calm,0,0,0,0
Inland Sea,6/29/2018,Calm,68.8,44.80195242,-73.25707455,0,0,0,0,1a,0,70.935,Calm,0,0,0,0
Inland Sea,6/30/2018,Rolling,68,44.80195242,-73.25707455,0,0,0,0,1a,0,69.855,Calm,0,0,0,0
Inland Sea,7/1/2018,Calm,75.55,44.80195242,-73.25707455,0,0,0,0,2,1,69.54583333,Calm,0,0,0,0
Inland Sea,7/2/2018,Calm,68,44.80195242,-73.25707455,0,0,0,0,1b,0,70.40357143,Calm,0,0,0,0
Inland Sea,7/3/2018,Calm,78.64,44.80195242,-73.25707455,0,0,0,0,1d,0,71.26071429,Calm,0,0,0,0
Inland Sea,7/4/2018,Calm,78.7,44.80195242,-73.25707455,1,0,0,0,1d,0,72.26285714,Calm,0,0,0,0
Inland Sea,7/5/2018,Calm,85.5,44.80195242,-73.25707455,0,0,0,0,1a,0,72.81285714,Calm,0,0,0,0
Inland Sea,7/6/2018,Calm,83.7,44.80195242,-73.25707455,0,0,0,0,1a,0,74.74142857,Calm,0,0,0,0
Inland Sea,7/7/2018,Calm,79,44.80195242,-73.25707455,0,0,0,0,1a,0,76.87,Calm,0,0,0,0
Inland Sea,7/9/2018,Calm,72,44.80195242,-73.25707455,0,0,0,0,1c,0,78.44142857,Calm,0,0,0,0
Inland Sea,7/10/2018,Rolling,78.3,44.80195242,-73.25707455,0,0,0,0,1d,0,79.59,Calm,0,0,0,0
Inland Sea,7/11/2018,Calm,75.55,44.80195242,-73.25707455,0,0,0,0,1a,0,79.53333333,Calm,0,0,0,0
Inland Sea,7/12/2018,Rolling,79.36666667,44.80195242,-73.25707455,0,0,0,0,1a,0,79.00833333,Calm,0,0,0,0
Inland Sea,7/13/2018,Calm,74.53333333,44.80195242,-73.25707455,0,0,0,0,3,1,77.98611111,Calm,0,0,0,0
Inland Sea,7/15/2018,Calm,78.8,44.80195242,-73.25707455,0,0,0,0,3,1,76.45833333,Calm,0,0,0,0
Inland Sea,7/16/2018,Calm,77.9,44.80195242,-73.25707455,0,0,0,0,3,1,76.425,Calm,0,0,0,0
Inland Sea,7/17/2018,Calm,83.24,44.80195242,-73.25707455,1,1,0,0,1d,0,77.40833333,Calm,0,0,0,0
Inland Sea,7/18/2018,Calm,75.1,44.80195242,-73.25707455,0,0,0,0,1a,0,78.23166667,Calm,0,0,0,0
Inland Sea,7/19/2018,Calm,81.675,44.80195242,-73.25707455,0,0,0,0,3,1,78.15666667,Calm,0,0,0,0
Inland Sea,7/20/2018,Calm,84.5,44.80195242,-73.25707455,0,0,0,0,1c,0,78.54138889,Calm,0,0,0,0
Inland Sea,7/21/2018,Calm,79.1,44.80195242,-73.25707455,0,0,0,0,1d,0,80.2025,Calm,0,0,0,0
Inland Sea,7/22/2018,Calm,,44.80195242,-73.25707455,0,0,0,0,1a,0,80.045,Calm,0,0,0,0
Inland Sea,7/23/2018,Calm,74.3,44.80195242,-73.25707455,0,0,0,0,2,1,80.2525,Calm,0,0,0,0
Inland Sea,7/24/2018,Calm,79,44.80195242,-73.25707455,0,0,0,0,2,1,79.6525,Calm,0,0,0,0
Inland Sea,7/25/2018,White Caps,79,44.80195242,-73.25707455,0,0,0,0,1c,0,78.94583333,Calm,0,0,0,0
Inland Sea,7/26/2018,Rolling,78.4,44.80195242,-73.25707455,1,0,0,0,1d,0,79.59583333,Calm,0,0,0,0
Inland Sea,7/27/2018,Rolling,76.5,44.80195242,-73.25707455,0,0,0,0,1d,0,79.05,Calm,0,0,0,0
Inland Sea,7/29/2018,Calm,73.5,44.80195242,-73.25707455,0,0,0,0,1a,0,77.71666667,Calm,0,0,0,0
Inland Sea,7/30/2018,Calm,74,44.80195242,-73.25707455,0,0,0,0,1a,0,76.78333333,Calm,0,0,0,0
Inland Sea,7/31/2018,Calm,81.375,44.80195242,-73.25707455,0,0,0,0,1d,0,76.73333333,Calm,0,0,0,0
Inland Sea,8/1/2018,Calm,79.7,44.80195242,-73.25707455,0,0,0,0,1c,0,77.12916667,Calm,0,0,0,0
Inland Sea,8/2/2018,Calm,82,44.80195242,-73.25707455,0,0,0,0,3,1,77.24583333,Calm,0,0,0,0
Inland Sea,8/3/2018,Calm,77.6,44.80195242,-73.25707455,0,0,0,0,3,1,77.84583333,Calm,0,0,0,0
Inland Sea,8/4/2018,Rolling,76,44.80195242,-73.25707455,0,0,0,0,2,1,78.02916667,Calm,0,0,0,0
Inland Sea,8/6/2018,Rolling,76.3,44.80195242,-73.25707455,0,0,0,0,1d,0,77.73928571,Calm,0,0,0,0
Inland Sea,8/7/2018,Calm,78.2,44.80195242,-73.25707455,0,0,0,0,1a,0,78.82916667,Calm,0,0,0,0
Inland Sea,8/8/2018,Calm,79.2,44.80195242,-73.25707455,0,0,0,0,1c,0,78.3,Calm,0,0,0,0
Inland Sea,8/9/2018,Calm,82.7,44.80195242,-73.25707455,0,0,0,0,3,1,78.21666667,Calm,0,0,0,0
Inland Sea,8/10/2018,Calm,81.6,44.80195242,-73.25707455,0,0,0,0,1c,0,78.33333333,Calm,0,0,0,0
Inland Sea,8/11/2018,Calm,78,44.80195242,-73.25707455,0,0,0,0,1a,0,79,Calm,0,0,0,0
Inland Sea,8/12/2018,Calm,78,44.80195242,-73.25707455,0,0,0,0,1a,0,79.33333333,Calm,0,0,0,0
Inland Sea,8/13/2018,Calm,81.3,44.80195242,-73.25707455,1,1,0,0,2,1,79.14285714,Calm,0,0,0,0
Inland Sea,8/14/2018,Calm,77.66666667,44.80195242,-73.25707455,0,0,0,0,1a,0,79.85714286,Calm,0,0,0,0
Inland Sea,8/15/2018,Calm,80,44.80195242,-73.25707455,0,0,0,0,1d,0,79.78095238,Calm,0,0,0,0
Inland Sea,8/16/2018,Calm,84.45,44.80195242,-73.25707455,0,0,0,0,1d,0,79.8952381,Calm,0,0,0,0
Inland Sea,8/17/2018,Calm,74.8,44.80195242,-73.25707455,0,0,0,0,1c,0,80.1452381,Calm,0,0,0,0
Inland Sea,8/18/2018,Calm,76,44.80195242,-73.25707455,0,0,0,0,1a,0,79.17380952,Calm,0,0,0,0
Inland Sea,8/19/2018,Calm,78,44.80195242,-73.25707455,0,0,0,0,3,1,78.88809524,Calm,0,0,0,0
Inland Sea,8/20/2018,Calm,80.375,44.80195242,-73.25707455,0,0,0,0,3,1,78.88809524,Calm,0,0,0,0
Inland Sea,8/21/2018,Calm,76,44.80195242,-73.25707455,0,0,0,0,3,1,78.75595238,Calm,0,0,0,0
Inland Sea,8/23/2018,Calm,73,44.80195242,-73.25707455,0,0,0,0,3,1,78.51785714,Calm,0,0,0,0
Inland Sea,8/24/2018,Calm,,44.80195242,-73.25707455,0,0,0,0,1d,0,76.3625,Calm,0,0,0,0
Inland Sea,8/26/2018,Rolling,71.6,44.80195242,-73.25707455,0,0,0,0,1d,0,76.675,Calm,0,0,0,0
Inland Sea,8/27/2018,Calm,75.5,44.80195242,-73.25707455,0,0,0,0,3,1,75.24375,Calm,0,0,0,0
Inland Sea,8/28/2018,Calm,84.5,44.80195242,-73.25707455,0,0,0,0,3,1,74.025,Calm,0,0,0,0
Inland Sea,8/29/2018,White Caps,74,44.80195242,-73.25707455,0,0,0,0,1d,0,76.15,Calm,0,0,0,0
Inland Sea,8/30/2018,Calm,,44.80195242,-73.25707455,0,0,0,0,1d,0,75.72,Calm,0,0,0,0
Inland Sea,8/31/2018,Calm,73.7,44.80195242,-73.25707455,0,0,0,0,3,1,76.4,Calm,0,0,0,0
Inland Sea,9/1/2018,White Caps,79.3,44.80195242,-73.25707455,0,0,0,0,3,1,75.86,Calm,0,0,0,0
Inland Sea,9/2/2018,Rolling,74,44.80195242,-73.25707455,0,0,0,0,1a,0,76.43333333,Calm,0,0,0,0
Inland Sea,9/3/2018,Rolling,73.175,44.80195242,-73.25707455,0,0,0,0,1d,0,76.83333333,Calm,0,0,0,0
Inland Sea,9/4/2018,Rolling,73,44.80195242,-73.25707455,0,0,0,0,3,1,76.44583333,Calm,0,0,0,0
Inland Sea,9/5/2018,Calm,78.625,44.80195242,-73.25707455,1,1,0,0,2,1,74.52916667,Rolling,0,0,0,0
Inland Sea,9/6/2018,Calm,80,44.80195242,-73.25707455,1,1,0,0,2,1,75.3,Calm,0,0,0,0
Inland Sea,9/7/2018,Calm,78.7,44.80195242,-73.25707455,0,0,0,0,2,1,75.97142857,Calm,0,0,0,0
Inland Sea,9/8/2018,Calm,66,44.80195242,-73.25707455,0,0,0,0,1a,0,76.68571429,Calm,0,0,0,0
Inland Sea,9/10/2018,Rolling,66.75,44.80195242,-73.25707455,0,0,0,0,1c,0,74.78571429,Calm,0,0,0,0
Inland Sea,9/11/2018,Rolling,78.5,44.80195242,-73.25707455,0,0,0,0,3,1,73.84583333,Calm,0,0,0,0
Inland Sea,9/13/2018,Calm,77.5,44.80195242,-73.25707455,1,0,0,0,3,1,74.7625,Calm,0,0,0,0
Inland Sea,9/14/2018,Calm,73.1,44.80195242,-73.25707455,0,0,0,0,2,1,73.49,Calm,0,0,0,0
Inland Sea,9/15/2018,Calm,64,44.80195242,-73.25707455,0,0,0,0,1a,0,72.37,Calm,0,0,0,0
Inland Sea,9/16/2018,Calm,74.5,44.80195242,-73.25707455,0,0,0,0,1a,0,71.97,Calm,0,0,0,0
Inland Sea,9/17/2018,Calm,75,44.80195242,-73.25707455,0,0,0,0,1a,0,72.39166667,Calm,0,0,0,0
Inland Sea,9/18/2018,Calm,78.75,44.80195242,-73.25707455,0,0,0,0,1c,0,73.76666667,Calm,0,0,0,0
Inland Sea,9/19/2018,Rolling,69.6,44.80195242,-73.25707455,1,1,0,1,3,1,73.80833333,Calm,0,0,0,0
Inland Sea,9/20/2018,Calm,69.6,44.80195242,-73.25707455,0,0,0,0,3,1,73.20714286,Calm,0,0,0,0
Inland Sea,9/21/2018,White Caps,67.1,44.80195242,-73.25707455,0,0,0,0,2,1,72.07857143,Calm,0,0,0,0
Inland Sea,9/22/2018,Calm,66.9,44.80195242,-73.25707455,0,0,0,0,1d,0,71.22142857,Calm,0,0,0,0
Inland Sea,9/23/2018,Calm,65,44.80195242,-73.25707455,0,0,0,0,1a,0,71.63571429,Calm,0,0,0,0
Inland Sea,9/25/2018,Rolling,64,44.80195242,-73.25707455,0,0,0,0,1a,0,70.27857143,Calm,0,0,0,0
Inland Sea,9/27/2018,Calm,68.5,44.80195242,-73.25707455,0,0,0,0,2,1,67.03333333,Calm,0,0,0,0
Inland Sea,9/28/2018,Calm,69.6,44.80195242,-73.25707455,0,0,0,0,2,1,66.3,Calm,0,0,0,0
Inland Sea,9/29/2018,Rolling,68.9,44.80195242,-73.25707455,0,0,0,0,2,1,66.8,Calm,0,0,0,0
Inland Sea,10/1/2018,Calm,62,44.80195242,-73.25707455,0,0,0,0,1a,0,67.2,Calm,0,0,0,0
Inland Sea,10/3/2018,Calm,60.5,44.80195242,-73.25707455,0,0,0,0,1a,0,66.6,Calm,0,0,0,0
Inland Sea,10/4/2018,White Caps,64.8,44.80195242,-73.25707455,0,0,0,0,1c,0,65.9,Calm,0,0,0,0
Inland Sea,10/10/2018,Calm,70.56666667,44.80195242,-73.25707455,0,0,0,0,1c,0,65.16,Calm,0,0,0,0
Inland Sea,10/11/2018,Rolling,59.7,44.80195242,-73.25707455,0,0,0,0,1b,0,67.68333333,Calm,0,0,0,0
Inland Sea,10/12/2018,White Caps,58.5,44.80195242,-73.25707455,0,0,0,0,2,1,65.13333333,Calm,0,0,0,0
Inland Sea,10/19/2018,White Caps,56.7,44.80195242,-73.25707455,0,0,0,0,1a,0,62.92222222,White Caps,0,0,0,0
Inland Sea,6/11/2019,Calm,,44.80195242,-73.25707455,0,0,0,0,1a,0,56.7,,,,,
Inland Sea,6/16/2019,Calm,,44.80195242,-73.25707455,0,0,0,0,1b,0,,Calm,0,0,0,0
Inland Sea,6/17/2019,Calm,63.25,44.80195242,-73.25707455,0,0,0,0,1b,0,,Calm,0,0,0,0
Inland Sea,6/18/2019,Calm,59,44.80195242,-73.25707455,0,0,0,0,1a,0,63.25,Calm,0,0,0,0
Inland Sea,6/19/2019,Calm,66.34,44.80195242,-73.25707455,0,0,0,0,1c,0,61.125,Calm,0,0,0,0
Inland Sea,6/20/2019,Rolling,69.3,44.80195242,-73.25707455,0,0,0,0,1a,0,62.86333333,Calm,0,0,0,0
Inland Sea,6/22/2019,Calm,68,44.80195242,-73.25707455,0,0,0,0,1a,0,64.4725,Calm,0,0,0,0
Inland Sea,6/23/2019,Calm,,44.80195242,-73.25707455,0,0,0,0,1a,0,65.178,Calm,0,0,0,0
Inland Sea,6/24/2019,Calm,67,44.80195242,-73.25707455,0,0,0,0,1a,0,65.178,Calm,0,0,0,0
Inland Sea,6/25/2019,Rolling,70.4,44.80195242,-73.25707455,0,0,0,0,1d,0,65.928,Calm,0,0,0,0
Inland Sea,6/26/2019,Calm,68.02,44.80195242,-73.25707455,0,0,0,0,1a,0,68.208,Calm,0,0,0,0
Inland Sea,6/27/2019,Calm,72.5,44.80195242,-73.25707455,0,0,0,0,1a,0,68.544,Calm,0,0,0,0
Inland Sea,6/28/2019,Calm,73.4,44.80195242,-73.25707455,0,0,0,0,1b,0,69.184,Calm,0,0,0,0
Inland Sea,6/30/2019,Calm,,44.80195242,-73.25707455,0,0,0,0,1b,0,69.88666667,Calm,0,0,0,0
Inland Sea,7/1/2019,Calm,70.8,44.80195242,-73.25707455,0,0,0,0,1c,0,70.264,Calm,0,0,0,0
Inland Sea,7/2/2019,Calm,74.8,44.80195242,-73.25707455,0,0,0,0,2,1,71.024,Calm,0,0,0,0
Inland Sea,7/3/2019,Calm,78.25,44.80195242,-73.25707455,0,0,0,0,3,1,71.904,Calm,0,0,0,0
Inland Sea,7/4/2019,Rolling,79.5,44.80195242,-73.25707455,0,0,0,0,1d,0,73.95,Calm,0,0,0,0
Inland Sea,7/5/2019,Calm,78.6,44.80195242,-73.25707455,0,0,0,0,1b,0,75.35,Calm,0,0,0,0
Inland Sea,7/7/2019,Rolling,,44.80195242,-73.25707455,0,0,0,0,1a,0,76.39,Calm,0,0,0,0
Inland Sea,7/8/2019,Calm,58.36666667,44.80195242,-73.25707455,0,0,0,0,1d,0,76.39,Calm,0,0,0,0
Inland Sea,7/9/2019,Calm,78.65,44.80195242,-73.25707455,0,0,0,0,1d,0,73.90333333,Calm,0,0,0,0
Inland Sea,7/10/2019,Rolling,75.78,44.80195242,-73.25707455,0,0,0,0,1b,0,74.67333333,Calm,0,0,0,0
Inland Sea,7/11/2019,Rolling,77.7,44.80195242,-73.25707455,0,0,0,0,1d,0,74.17933333,Calm,0,0,0,0
Inland Sea,7/12/2019,Calm,79,44.80195242,-73.25707455,0,0,0,0,1a,0,73.81933333,Calm,0,0,0,0
Inland Sea,7/14/2019,Calm,74,44.80195242,-73.25707455,0,0,0,0,1a,0,73.89933333,Calm,0,0,0,0
Inland Sea,7/15/2019,Calm,79.18666667,44.80195242,-73.25707455,1,1,0,0,3,1,73.91611111,Calm,0,0,0,0
Inland Sea,7/16/2019,White Caps,74.3,44.80195242,-73.25707455,0,0,0,0,1b,0,77.38611111,Calm,0,0,0,0
Inland Sea,7/17/2019,Calm,76,44.80195242,-73.25707455,0,0,0,0,2,1,76.66111111,Calm,0,0,0,0
Inland Sea,7/18/2019,Calm,75.85,44.80195242,-73.25707455,0,0,0,0,3,1,76.69777778,Calm,0,0,0,0
Inland Sea,7/20/2019,Rolling,80.06666667,44.80195242,-73.25707455,0,0,0,0,1d,0,76.38944444,Calm,0,0,0,0
Inland Sea,7/21/2019,Calm,78,44.80195242,-73.25707455,0,0,0,0,1d,0,76.56722222,Calm,0,0,0,0
Inland Sea,7/22/2019,Calm,57.26666667,44.80195242,-73.25707455,0,0,0,0,1d,0,77.23388889,Calm,0,0,0,0
Inland Sea,7/23/2019,Calm,79.1,44.80195242,-73.25707455,0,0,0,0,2,1,73.58055556,Calm,0,0,0,0
Inland Sea,7/24/2019,Calm,76,44.80195242,-73.25707455,0,0,0,0,2,1,74.38055556,Calm,0,0,0,0
Inland Sea,7/25/2019,Rolling,80.4,44.80195242,-73.25707455,0,0,0,0,2,1,74.38055556,Calm,0,0,0,0
Inland Sea,7/26/2019,Rolling,81.1,44.80195242,-73.25707455,0,0,0,0,1d,0,75.13888889,Calm,0,0,0,0
Inland Sea,7/27/2019,Rolling,,44.80195242,-73.25707455,0,0,0,0,1d,0,75.99047619,Calm,0,0,0,0
Inland Sea,7/28/2019,Calm,76,44.80195242,-73.25707455,0,0,0,0,1a,0,75.31111111,Calm,0,0,0,0
Inland Sea,7/29/2019,Calm,80.77,44.80195242,-73.25707455,1,1,0,0,3,1,74.97777778,Calm,0,0,0,0
Inland Sea,7/30/2019,Calm,81,44.80195242,-73.25707455,0,0,0,0,1d,0,78.895,Calm,0,0,0,0
Inland Sea,7/31/2019,Rolling,77.725,44.80195242,-73.25707455,0,0,0,0,2,1,79.21166667,Calm,0,0,0,0
Inland Sea,8/1/2019,Calm,81.5,44.80195242,-73.25707455,0,0,0,0,2,1,79.49916667,Rolling,0,0,0,0
Inland Sea,8/2/2019,Calm,80.55,44.80195242,-73.25707455,0,0,0,0,1d,0,79.6825,Calm,0,0,0,0
Inland Sea,8/5/2019,Calm,72.5,44.80195242,-73.25707455,0,0,0,0,2,1,79.59083333,Calm,0,0,0,0
Inland Sea,8/6/2019,Calm,76.93333333,44.80195242,-73.25707455,0,0,0,0,1d,0,78.655,Calm,0,0,0,0
Inland Sea,8/7/2019,Rolling,77.3,44.80195242,-73.25707455,0,0,0,0,1b,0,77.84166667,Calm,0,0,0,0
Inland Sea,8/8/2019,Calm,77,44.80195242,-73.25707455,0,0,0,0,1c,0,77.75666667,Calm,0,0,0,0
Inland Sea,8/9/2019,Calm,80.7,44.80195242,-73.25707455,0,0,0,0,1a,0,76.85666667,Calm,0,0,0,0
Inland Sea,8/11/2019,Calm,,44.80195242,-73.25707455,0,0,0,0,1d,0,76.88666667,Calm,0,0,0,0
Inland Sea,8/12/2019,Calm,57.13333333,44.80195242,-73.25707455,1,1,0,0,1d,0,76.88666667,Calm,0,0,0,0
Inland Sea,8/13/2019,Rolling,74.5,44.80195242,-73.25707455,0,0,0,0,2,1,73.81333333,Calm,0,0,0,0
Inland Sea,8/14/2019,Calm,75.88,44.80195242,-73.25707455,0,0,0,0,1b,0,73.32666667,Calm,0,0,0,0
Inland Sea,8/15/2019,Calm,,44.80195242,-73.25707455,0,0,0,0,3,1,73.04266667,Calm,0,0,0,0
Inland Sea,8/16/2019,Calm,75.6,44.80195242,-73.25707455,0,0,0,0,3,1,72.05333333,Calm,0,0,0,0
Inland Sea,8/17/2019,Calm,,44.80195242,-73.25707455,0,0,0,0,2,1,70.77833333,Calm,0,0,0,0
Inland Sea,8/18/2019,Calm,74.5,44.80195242,-73.25707455,0,0,0,0,1d,0,70.77833333,Calm,0,0,0,0
Inland Sea,8/19/2019,Calm,75.41333333,44.80195242,-73.25707455,0,0,0,0,1b,0,71.52266667,Calm,0,0,0,0
Inland Sea,8/21/2019,Rolling,73.225,44.80195242,-73.25707455,0,0,0,0,2,1,75.17866667,Calm,0,0,0,0
Inland Sea,8/22/2019,Calm,,44.80195242,-73.25707455,0,0,0,0,1c,0,74.68458333,Calm,0,0,0,0
Inland Sea,8/23/2019,Calm,75.45,44.80195242,-73.25707455,0,0,0,0,1c,0,74.68458333,Calm,0,0,0,0
Inland Sea,8/24/2019,Calm,,44.80195242,-73.25707455,0,0,0,0,3,1,74.64708333,Calm,0,0,0,0
Inland Sea,8/25/2019,Calm,75,44.80195242,-73.25707455,0,0,0,0,3,1,74.64708333,Calm,0,0,0,0
Inland Sea,8/26/2019,Calm,77.43,44.80195242,-73.25707455,0,0,0,0,3,1,74.77208333,Calm,0,0,0,0
Inland Sea,8/27/2019,Calm,74.15,44.80195242,-73.25707455,1,1,0,0,3,1,75.27625,Calm,0,0,0,0
Inland Sea,8/28/2019,Calm,,44.80195242,-73.25707455,0,0,0,0,2,1,75.051,Calm,0,0,0,0
Inland Sea,8/29/2019,Calm,76.23333333,44.80195242,-73.25707455,0,0,0,0,2,1,75.5075,Calm,0,0,0,0
Inland Sea,8/30/2019,Rolling,72.3,44.80195242,-73.25707455,0,0,0,0,1c,0,75.65266667,Calm,0,0,0,0
Inland Sea,8/31/2019,Rolling,75.8,44.80195242,-73.25707455,0,0,0,0,1d,0,75.02266667,Calm,0,0,0,0
Inland Sea,9/2/2019,Rolling,68.66666667,44.80195242,-73.25707455,0,0,0,0,1b,0,75.15222222,Calm,0,0,0,0
Inland Sea,9/4/2019,White Caps,69,44.80195242,-73.25707455,0,0,0,0,1d,0,73.43,Rolling,0,0,0,0
Inland Sea,9/5/2019,Calm,74,44.80195242,-73.25707455,0,0,0,0,3,1,72.4,Rolling,0,0,0,0
Inland Sea,9/6/2019,Calm,68.5,44.80195242,-73.25707455,0,0,0,0,3,1,71.95333333,Rolling,0,0,0,0
Inland Sea,9/7/2019,Calm,,44.80195242,-73.25707455,0,0,0,0,2,1,71.19333333,Calm,0,0,0,0
Inland Sea,9/8/2019,Calm,71,44.80195242,-73.25707455,0,0,0,0,1c,0,70.04166667,Calm,0,0,0,0
Inland Sea,9/9/2019,Calm,69.66666667,44.80195242,-73.25707455,1,0,0,1,2,1,70.23333333,Calm,0,0,0,0
Inland Sea,9/10/2019,Calm,70,44.80195242,-73.25707455,0,0,0,0,3,1,70.43333333,Calm,0,0,0,0
Inland Sea,9/11/2019,Calm,69,44.80195242,-73.25707455,0,0,0,0,1a,0,70.36111111,Calm,0,0,0,0
Inland Sea,9/12/2019,Rolling,,44.80195242,-73.25707455,0,0,0,0,2,1,70.36111111,Calm,0,0,0,0
Inland Sea,9/13/2019,Calm,66,44.80195242,-73.25707455,0,0,0,0,2,1,69.63333333,Calm,0,0,0,0
Inland Sea,9/14/2019,Rolling,,44.80195242,-73.25707455,0,0,0,0,1d,0,69.13333333,Calm,0,0,0,0
Inland Sea,9/16/2019,Calm,66,44.80195242,-73.25707455,0,0,0,0,3,1,69.13333333,Calm,0,0,0,0
Inland Sea,9/17/2019,Calm,,44.80195242,-73.25707455,0,0,0,0,1d,0,67.75,Calm,0,0,0,0
Inland Sea,9/18/2019,Calm,,44.80195242,-73.25707455,0,0,0,0,2,1,67,Calm,0,0,0,0
Inland Sea,9/19/2019,Calm,68.2,44.80195242,-73.25707455,1,1,1,1,3,1,66,Calm,0,0,0,0
Inland Sea,9/20/2019,Calm,,44.80195242,-73.25707455,0,0,0,0,3,1,66.73333333,Calm,0,0,0,0
Inland Sea,9/21/2019,Calm,71.2,44.80195242,-73.25707455,0,0,0,0,3,1,67.1,Calm,0,0,0,0
Inland Sea,9/22/2019,Calm,,44.80195242,-73.25707455,0,0,0,0,2,1,68.46666667,Calm,0,0,0,0
Inland Sea,9/23/2019,Calm,65.66666667,44.80195242,-73.25707455,0,0,0,0,2,1,68.46666667,Calm,0,0,0,0
Inland Sea,9/24/2019,Rolling,,44.80195242,-73.25707455,0,0,0,0,1d,0,68.35555556,Calm,0,0,0,0
Inland Sea,9/25/2019,Calm,68.2,44.80195242,-73.25707455,0,0,0,0,2,1,68.35555556,Calm,0,0,0,0
Inland Sea,9/26/2019,Calm,64.2,44.80195242,-73.25707455,0,0,0,0,2,1,68.31666667,Calm,0,0,0,0
Inland Sea,9/27/2019,Calm,,44.80195242,-73.25707455,0,0,0,0,2,1,67.31666667,Calm,0,0,0,0
Inland Sea,9/30/2019,Calm,64,44.80195242,-73.25707455,0,0,0,0,2,1,67.31666667,Calm,0,0,0,0
Inland Sea,10/1/2019,Calm,,44.80195242,-73.25707455,0,0,0,0,2,1,65.46666667,Calm,0,0,0,0
Inland Sea,10/3/2019,Calm,,44.80195242,-73.25707455,0,0,0,0,2,1,65.46666667,Calm,0,0,0,0
Inland Sea,10/7/2019,Calm,59.5,44.80195242,-73.25707455,0,0,0,0,1b,0,64,Calm,0,0,0,0
Inland Sea,10/9/2019,Calm,,44.80195242,-73.25707455,0,0,0,0,2,1,59.5,Calm,0,0,0,0
Inland Sea,10/10/2019,Rolling,62.2,44.80195242,-73.25707455,1,1,0,0,1d,0,59.5,Calm,0,0,0,0
Inland Sea,10/12/2019,Calm,,44.80195242,-73.25707455,0,0,0,0,1d,0,60.85,Calm,0,0,0,0
Inland Sea,10/14/2019,Calm,59.5,44.80195242,-73.25707455,0,0,0,0,1a,0,60.85,Calm,0,0,0,0
Inland Sea,10/17/2019,White Caps,,44.80195242,-73.25707455,0,0,0,0,1c,0,60.85,Calm,0,0,0,0
Inland Sea,10/19/2019,Calm,,44.80195242,-73.25707455,0,0,0,0,2,1,59.5,Calm,0,0,0,0
Inland Sea,10/20/2019,Calm,,44.80195242,-73.25707455,0,0,0,0,2,1,59.5,Calm,0,0,0,0
Inland Sea,10/21/2019,Calm,55,44.80195242,-73.25707455,0,0,0,0,1a,0,59.5,Calm,0,0,0,0
Inland Sea,10/22/2019,Calm,,44.80195242,-73.25707455,0,0,0,0,2,1,55,Calm,0,0,0,0
Inland Sea,10/23/2019,Calm,,44.80195242,-73.25707455,0,0,0,0,1a,0,55,Calm,0,0,0,0
Inland Sea,10/24/2019,Calm,,44.80195242,-73.25707455,0,0,0,0,1c,0,55,Calm,0,0,0,0
Inland Sea,10/26/2019,Calm,,44.80195242,-73.25707455,0,0,0,0,2,1,55,Calm,0,0,0,0
Inland Sea,10/28/2019,Calm,53,44.80195242,-73.25707455,0,0,0,0,1a,0,55,Calm,0,0,0,0
Inland Sea,10/30/2019,Calm,,44.80195242,-73.25707455,0,1,1,0,2,1,53,Calm,0,0,0,0
Inland Sea,10/31/2019,Calm,,44.80195242,-73.25707455,0,0,0,0,1a,0,53,Calm,0,0,0,0
Inland Sea,11/2/2019,Rolling,,44.80195242,-73.25707455,0,0,0,0,1b,0,53,Calm,0,0,0,0
Inland Sea,11/7/2019,Calm,,44.80195242,-73.25707455,0,0,0,0,1b,0,53,Calm,0,0,0,0
Inland Sea,11/14/2019,Calm,,44.80195242,-73.25707455,0,0,0,0,1a,0,,Calm,0,0,0,0
Inland Sea,11/15/2019,Calm,,44.80195242,-73.25707455,0,0,0,0,1a,0,,Calm,0,0,0,0
Inland Sea,6/8/2020,Rolling,,44.80195242,-73.25707455,0,0,0,0,1a,0,,,,,,
Inland Sea,6/29/2020,Rolling,70.35,44.80195242,-73.25707455,0,0,0,0,1b,0,,,,,,
Inland Sea,6/30/2020,Calm,69,44.80195242,-73.25707455,0,0,0,0,1a,0,70.35,Rolling,0,0,0,0
Inland Sea,7/1/2020,Calm,67,44.80195242,-73.25707455,0,0,0,0,2,1,69.675,Calm,0,0,0,0
Inland Sea,7/2/2020,Rolling,77.94,44.80195242,-73.25707455,0,0,0,0,1d,0,68.78333333,Calm,0,0,0,0
Inland Sea,7/3/2020,Calm,,44.80195242,-73.25707455,0,0,0,0,1d,0,71.0725,Calm,0,0,0,0
Inland Sea,7/4/2020,Rolling,,44.80195242,-73.25707455,0,0,0,0,2,1,71.0725,Calm,0,0,0,0
Inland Sea,7/5/2020,Calm,,44.80195242,-73.25707455,0,0,0,0,1a,0,71.0725,Calm,0,0,0,0
Inland Sea,7/6/2020,Calm,74.66666667,44.80195242,-73.25707455,0,0,0,0,3,1,71.0725,Calm,0,0,0,0
Inland Sea,7/7/2020,Calm,80.63333333,44.80195242,-73.25707455,0,0,0,0,1d,0,72.15166667,Calm,0,0,0,0
Inland Sea,7/8/2020,Rolling,69,44.80195242,-73.25707455,0,0,0,0,1d,0,75.06,Calm,0,0,0,0
Inland Sea,7/9/2020,Calm,80.4,44.80195242,-73.25707455,0,0,0,0,2,1,75.56,Calm,0,0,0,0
Inland Sea,7/10/2020,Calm,88.05,44.80195242,-73.25707455,0,0,0,0,1d,0,76.175,Calm,0,0,0,0
Inland Sea,7/11/2020,Calm,,44.80195242,-73.25707455,0,0,0,0,1d,0,78.55,Calm,0,0,0,0
Inland Sea,7/12/2020,Calm,76,44.80195242,-73.25707455,0,0,0,0,1c,0,78.55,Calm,0,0,0,0
Inland Sea,7/13/2020,Calm,77.8,44.80195242,-73.25707455,0,0,0,0,1c,0,78.125,Calm,0,0,0,0
Inland Sea,7/14/2020,Rolling,76.6,44.80195242,-73.25707455,0,0,0,0,1b,0,78.64722222,Calm,0,0,0,0
Inland Sea,7/15/2020,Calm,78.9,44.80195242,-73.25707455,0,0,0,0,2,1,77.975,Calm,0,0,0,0
Inland Sea,7/16/2020,Calm,78.2,44.80195242,-73.25707455,0,0,0,0,2,1,79.625,Calm,0,0,0,0
Inland Sea,7/17/2020,Calm,70,44.80195242,-73.25707455,0,0,0,0,2,1,79.25833333,Calm,0,0,0,0
Inland Sea,7/18/2020,Calm,79.5,44.80195242,-73.25707455,0,0,0,0,3,1,76.25,Calm,0,0,0,0
Inland Sea,7/19/2020,Calm,78,44.80195242,-73.25707455,0,0,0,0,2,1,76.71428571,Calm,0,0,0,0
Inland Sea,7/20/2020,Calm,78.1,44.80195242,-73.25707455,0,0,0,0,1d,0,77,Calm,0,0,0,0
Inland Sea,7/21/2020,Calm,86.8,44.80195242,-73.25707455,0,0,0,0,1c,0,77.04285714,Calm,0,0,0,0
Inland Sea,7/22/2020,Calm,75.7,44.80195242,-73.25707455,0,0,0,0,2,1,78.5,Calm,0,0,0,0
Inland Sea,7/23/2020,Calm,80.9,44.80195242,-73.25707455,0,0,0,0,2,1,78.04285714,Calm,0,0,0,0
Inland Sea,7/24/2020,Calm,80.76666667,44.80195242,-73.25707455,0,0,0,0,3,1,78.42857143,Calm,0,0,0,0
Inland Sea,7/25/2020,Calm,,44.80195242,-73.25707455,0,0,0,0,2,1,79.96666667,Calm,0,0,0,0
Inland Sea,7/26/2020,Calm,,44.80195242,-73.25707455,0,0,0,0,2,1,80.04444444,Calm,0,0,0,0
Inland Sea,7/27/2020,Calm,78.32,44.80195242,-73.25707455,0,0,0,0,2,1,80.45333333,Calm,0,0,0,0
Inland Sea,7/28/2020,Rolling,82.8,44.80195242,-73.25707455,0,0,0,0,1d,0,80.49733333,Calm,0,0,0,0
Inland Sea,7/29/2020,Rolling,76.76666667,44.80195242,-73.25707455,0,0,0,0,1d,0,79.69733333,Calm,0,0,0,0
Inland Sea,7/30/2020,Calm,77.9,44.80195242,-73.25707455,0,0,0,0,1d,0,79.91066667,Calm,0,0,0,0
Inland Sea,7/31/2020,Calm,78,44.80195242,-73.25707455,0,0,0,0,3,1,79.31066667,Calm,0,0,0,0
Inland Sea,8/1/2020,Calm,76,44.80195242,-73.25707455,0,0,0,0,3,1,78.75733333,Calm,0,0,0,0
Inland Sea,8/2/2020,Calm,76,44.80195242,-73.25707455,0,0,0,0,2,1,78.29777778,Calm,0,0,0,0
Inland Sea,8/3/2020,Calm,75.2,44.80195242,-73.25707455,0,0,0,0,2,1,77.96952381,Calm,0,0,0,0
Inland Sea,8/4/2020,Calm,74.6,44.80195242,-73.25707455,0,0,0,0,2,1,77.52380952,Calm,0,0,0,0
Inland Sea,8/5/2020,Rolling,78.275,44.80195242,-73.25707455,0,0,0,0,2,1,76.35238095,Calm,0,0,0,0
Inland Sea,8/6/2020,Calm,77.2,44.80195242,-73.25707455,0,0,0,0,2,1,76.56785714,Calm,0,0,0,0
Inland Sea,8/7/2020,Calm,85,44.80195242,-73.25707455,0,0,0,0,2,1,76.46785714,Calm,0,0,0,0
Inland Sea,8/8/2020,Calm,74,44.80195242,-73.25707455,0,0,0,0,2,1,77.46785714,Calm,0,0,0,0
Inland Sea,8/9/2020,Calm,76,44.80195242,-73.25707455,0,0,0,0,1d,0,77.18214286,Calm,0,0,0,0
Inland Sea,8/10/2020,Calm,77.22857143,44.80195242,-73.25707455,0,0,0,0,2,1,77.18214286,Calm,0,0,0,0
Inland Sea,8/11/2020,Calm,,44.80195242,-73.25707455,0,0,0,0,1d,0,77.47193878,Calm,0,0,0,0
Inland Sea,8/12/2020,Calm,82.6,44.80195242,-73.25707455,0,0,0,0,2,1,77.95059524,Calm,0,0,0,0
Inland Sea,8/13/2020,Calm,76.6,44.80195242,-73.25707455,0,0,0,0,2,1,78.67142857,Calm,0,0,0,0
Inland Sea,8/14/2020,Calm,79,44.80195242,-73.25707455,0,0,0,0,1c,0,78.57142857,Calm,0,0,0,0
Inland Sea,8/15/2020,Calm,,44.80195242,-73.25707455,0,0,0,0,3,1,77.57142857,Calm,0,0,0,0
Inland Sea,8/16/2020,Rolling,76.16666667,44.80195242,-73.25707455,0,0,0,0,2,1,78.28571429,Calm,0,0,0,0
Inland Sea,8/17/2020,Calm,57.93333333,44.80195242,-73.25707455,0,0,0,0,1c,0,78.31904762,Calm,0,0,0,0
Inland Sea,8/18/2020,Rolling,79.95,44.80195242,-73.25707455,0,0,0,0,1c,0,74.46,Calm,0,0,0,0
Inland Sea,8/19/2020,Calm,78.775,44.80195242,-73.25707455,0,0,0,0,3,1,75.375,Calm,0,0,0,0
Inland Sea,8/20/2020,Calm,77.3,44.80195242,-73.25707455,0,0,0,0,3,1,74.7375,Calm,0,0,0,0
Inland Sea,8/21/2020,Calm,73.1,44.80195242,-73.25707455,0,0,0,0,1c,0,74.85416667,Calm,0,0,0,0
Inland Sea,8/22/2020,Calm,,44.80195242,-73.25707455,0,0,0,0,3,1,73.87083333,Calm,0,0,0,0
Inland Sea,8/23/2020,Calm,,44.80195242,-73.25707455,0,0,0,0,3,1,73.87083333,Calm,0,0,0,0
Inland Sea,8/24/2020,Calm,75.26666667,44.80195242,-73.25707455,0,0,0,0,1d,0,73.41166667,Calm,0,0,0,0
Inland Sea,8/25/2020,White Caps,81.1,44.80195242,-73.25707455,0,0,0,0,1b,0,76.87833333,Calm,0,0,0,0
Inland Sea,8/26/2020,Calm,75.46,44.80195242,-73.25707455,0,0,0,0,1b,0,77.10833333,Calm,0,0,0,0
Inland Sea,8/27/2020,Calm,71,44.80195242,-73.25707455,0,0,0,0,3,1,76.44533333,Calm,0,0,0,0
Inland Sea,8/28/2020,Calm,,44.80195242,-73.25707455,0,0,0,0,3,1,75.18533333,Calm,0,0,0,0
Inland Sea,8/29/2020,Calm,,44.80195242,-73.25707455,0,0,0,0,1d,0,75.70666667,Calm,0,0,0,0
Inland Sea,8/30/2020,Calm,71.9,44.80195242,-73.25707455,0,0,0,0,1a,0,75.70666667,Calm,0,0,0,0
Inland Sea,8/31/2020,Calm,74.22857143,44.80195242,-73.25707455,0,0,0,0,3,1,74.94533333,Calm,0,0,0,0
Inland Sea,9/1/2020,Rolling,68.6,44.80195242,-73.25707455,0,0,0,0,3,1,74.73771429,Calm,0,0,0,0
Inland Sea,9/2/2020,White Caps,70.9,44.80195242,-73.25707455,0,0,0,0,2,1,72.23771429,Calm,0,0,0,0
Inland Sea,9/3/2020,Calm,72.1,44.80195242,-73.25707455,0,0,0,0,2,1,71.32571429,Calm,0,0,0,0
Inland Sea,9/4/2020,Rolling,76,44.80195242,-73.25707455,0,0,0,0,1c,0,71.54571429,Calm,0,0,0,0
Inland Sea,9/5/2020,Calm,,44.80195242,-73.25707455,0,0,0,0,1a,0,72.28809524,Calm,0,0,0,0
Inland Sea,9/6/2020,Rolling,71,44.80195242,-73.25707455,0,0,0,0,1a,0,72.28809524,Calm,0,0,0,0
Inland Sea,9/7/2020,Rolling,67,44.80195242,-73.25707455,0,0,0,0,1c,0,72.13809524,Calm,0,0,0,0
Inland Sea,9/8/2020,Calm,69.33333333,44.80195242,-73.25707455,0,0,0,0,2,1,70.93333333,Rolling,0,0,0,0
Inland Sea,9/9/2020,Calm,68.75,44.80195242,-73.25707455,0,0,0,0,2,1,71.05555556,Calm,0,0,0,0
Inland Sea,9/10/2020,Rolling,68.8,44.80195242,-73.25707455,0,0,0,0,1b,0,70.69722222,Calm,0,0,0,0
Inland Sea,9/11/2020,Calm,,44.80195242,-73.25707455,0,0,0,0,3,1,70.14722222,Rolling,0,0,0,0
Inland Sea,9/13/2020,Calm,64,44.80195242,-73.25707455,0,0,0,0,2,1,68.97666667,Calm,0,0,0,0
Inland Sea,9/14/2020,Calm,65.36,44.80195242,-73.25707455,0,0,0,0,1c,0,67.57666667,Calm,0,0,0,0
Inland Sea,9/15/2020,Calm,,44.80195242,-73.25707455,0,0,0,0,3,1,67.24866667,Calm,0,0,0,0
Inland Sea,9/16/2020,White Caps,63.875,44.80195242,-73.25707455,0,0,0,0,1d,0,66.7275,Calm,0,0,0,0
Inland Sea,9/17/2020,Calm,66.9,44.80195242,-73.25707455,0,0,0,0,1b,0,65.50875,Calm,0,0,0,0
Inland Sea,9/18/2020,Calm,68,44.80195242,-73.25707455,0,0,0,0,1a,0,65.03375,Calm,0,0,0,0
Inland Sea,9/19/2020,Calm,,44.80195242,-73.25707455,0,0,0,0,2,1,65.627,Calm,0,0,0,0
Inland Sea,9/20/2020,Rolling,62,44.80195242,-73.25707455,0,0,0,0,1a,0,65.627,Calm,0,0,0,0
Inland Sea,9/21/2020,Calm,59.84,44.80195242,-73.25707455,0,0,0,0,2,1,65.227,Calm,0,0,0,0
Inland Sea,9/22/2020,Calm,61,44.80195242,-73.25707455,0,0,0,0,1c,0,64.123,Calm,0,0,0,0
Inland Sea,9/23/2020,Calm,63.36,44.80195242,-73.25707455,0,0,0,0,1a,0,63.6025,Calm,0,0,0,0
Inland Sea,9/24/2020,Calm,68.7,44.80195242,-73.25707455,0,0,0,0,1c,0,63.51666667,Calm,0,0,0,0
Inland Sea,9/25/2020,Calm,67,44.80195242,-73.25707455,0,0,0,0,1a,0,63.81666667,Calm,0,0,0,0
Inland Sea,9/26/2020,Calm,,44.80195242,-73.25707455,0,0,0,0,2,1,63.65,Calm,0,0,0,0
Inland Sea,9/27/2020,Calm,,44.80195242,-73.25707455,0,0,0,0,1c,0,63.65,Calm,0,0,0,0
Inland Sea,9/28/2020,Rolling,66.375,44.80195242,-73.25707455,0,0,0,0,1c,0,63.98,Calm,0,0,0,0
Inland Sea,9/29/2020,Rolling,68,44.80195242,-73.25707455,0,0,0,0,1b,0,65.287,Calm,0,0,0,0
Inland Sea,9/30/2020,Calm,61.775,44.80195242,-73.25707455,0,0,0,0,1a,0,66.687,Calm,0,0,0,0
Inland Sea,10/1/2020,Calm,,44.80195242,-73.25707455,0,0,0,0,2,1,66.37,Calm,0,0,0,0
Inland Sea,10/2/2020,Calm,,44.80195242,-73.25707455,0,0,0,0,1d,0,65.7875,Calm,0,0,0,0
Inland Sea,10/3/2020,Calm,61,44.80195242,-73.25707455,0,0,0,0,2,1,65.38333333,Calm,0,0,0,0
Inland Sea,10/4/2020,Calm,57,44.80195242,-73.25707455,0,0,0,0,2,1,64.2875,Calm,0,0,0,0
Inland Sea,10/5/2020,Calm,59.8,44.80195242,-73.25707455,0,0,0,0,2,1,62.83,Calm,0,0,0,0
Inland Sea,10/6/2020,Calm,,44.80195242,-73.25707455,0,0,0,0,1d,0,61.515,Calm,0,0,0,0
Inland Sea,10/7/2020,Calm,,44.80195242,-73.25707455,0,0,0,0,1a,0,59.89375,Calm,0,0,0,0
Inland Sea,10/8/2020,White Caps,54.1,44.80195242,-73.25707455,0,0,0,0,1b,0,59.26666667,Calm,0,0,0,0
Inland Sea,10/9/2020,Calm,,44.80195242,-73.25707455,0,0,0,0,1d,0,57.975,Calm,0,0,0,0
Inland Sea,10/11/2020,Calm,,44.80195242,-73.25707455,0,0,0,0,1a,0,57.975,Calm,0,0,0,0
Inland Sea,10/12/2020,Rolling,52.66666667,44.80195242,-73.25707455,0,0,0,0,1b,0,56.95,Calm,0,0,0,0
Inland Sea,10/13/2020,Calm,,44.80195242,-73.25707455,0,0,0,0,1c,0,53.38333333,Calm,0,0,0,0
Inland Sea,10/14/2020,Calm,,44.80195242,-73.25707455,0,0,0,0,1a,0,53.38333333,Calm,0,0,0,0
Inland Sea,10/15/2020,Rolling,60.6,44.80195242,-73.25707455,0,0,0,0,1b,0,53.38333333,Calm,0,0,0,0
Inland Sea,10/17/2020,Calm,61,44.80195242,-73.25707455,0,0,0,0,1a,0,56.63333333,Calm,0,0,0,0
Inland Sea,10/19/2020,White Caps,51.6,44.80195242,-73.25707455,0,0,0,0,1b,0,58.08888889,Calm,0,0,0,0
Inland Sea,10/21/2020,Calm,,44.80195242,-73.25707455,0,0,0,0,1d,0,57.73333333,Calm,0,0,0,0
Inland Sea,10/22/2020,Calm,,44.80195242,-73.25707455,0,0,0,0,2,1,57.73333333,Calm,0,0,0,0
Inland Sea,10/23/2020,Calm,60,44.80195242,-73.25707455,0,0,0,0,2,1,56.3,Calm,0,0,0,0
Inland Sea,10/25/2020,White Caps,45.8,44.80195242,-73.25707455,0,0,0,0,1b,0,57.53333333,Calm,0,0,0,0
Inland Sea,10/26/2020,White Caps,46.56666667,44.80195242,-73.25707455,0,0,0,0,1b,0,52.46666667,Calm,0,0,0,0
Inland Sea,10/28/2020,Rolling,51.5,44.80195242,-73.25707455,0,0,0,0,1a,0,50.78888889,Calm,0,0,0,0
Inland Sea,10/29/2020,Calm,,44.80195242,-73.25707455,0,0,0,0,1b,0,50.96666667,Calm,0,0,0,0
Inland Sea,10/30/2020,Rolling,47,44.80195242,-73.25707455,0,0,0,0,1b,0,50.96666667,Calm,0,0,0,0
Inland Sea,11/2/2020,Rolling,40.475,44.80195242,-73.25707455,0,0,0,0,1b,0,47.71666667,Rolling,0,0,0,0
Inland Sea,11/3/2020,White Caps,,44.80195242,-73.25707455,0,0,0,0,1b,0,46.325,Rolling,0,0,0,0
Inland Sea,11/4/2020,Calm,,44.80195242,-73.25707455,0,0,0,0,1a,0,46.325,Rolling,0,0,0,0
Inland Sea,11/5/2020,Calm,50.5,44.80195242,-73.25707455,0,0,0,0,1b,0,43.7375,Calm,0,0,0,0
Inland Sea,11/6/2020,Calm,54,44.80195242,-73.25707455,0,0,0,0,1a,0,45.99166667,Calm,0,0,0,0
Inland Sea,11/8/2020,Calm,,44.80195242,-73.25707455,0,0,0,0,2,1,48.325,Calm,0,0,0,0
Inland Sea,11/9/2020,Calm,,44.80195242,-73.25707455,0,0,0,0,2,1,48.325,Calm,0,0,0,0
Inland Sea,11/13/2020,Calm,,44.80195242,-73.25707455,0,0,0,0,1d,0,52.25,Calm,0,0,0,0
Inland Sea,11/22/2020,Calm,,44.80195242,-73.25707455,0,0,0,0,2,1,,,,,,
Inland Sea,6/22/2021,Rolling,71.6,44.80195242,-73.25707455,0,0,0,0,1b,0,,,,,,
Inland Sea,6/23/2021,Calm,69.38,44.80195242,-73.25707455,0,0,0,0,1a,0,71.6,Rolling,0,0,0,0
Inland Sea,6/24/2021,Calm,72.86666667,44.80195242,-73.25707455,0,0,0,0,1c,0,70.49,Calm,0,0,0,0
Inland Sea,6/25/2021,Rolling,44.2,44.80195242,-73.25707455,0,0,0,0,1b,0,71.28222222,Calm,0,0,0,0
Inland Sea,6/26/2021,Calm,,44.80195242,-73.25707455,0,0,0,0,1a,0,64.51166667,Calm,0,0,0,0
Inland Sea,6/27/2021,White Caps,,44.80195242,-73.25707455,0,0,0,0,1a,0,64.51166667,Calm,0,0,0,0
Inland Sea,6/28/2021,Calm,68,44.80195242,-73.25707455,0,0,0,0,1a,0,64.51166667,Calm,0,0,0,0
Inland Sea,6/29/2021,Calm,89.3,44.80195242,-73.25707455,0,0,0,0,2,1,65.20933333,Calm,0,0,0,0
Inland Sea,6/30/2021,Calm,71.96666667,44.80195242,-73.25707455,0,0,0,0,1a,0,68.74933333,Calm,0,0,0,0
Inland Sea,7/1/2021,Calm,78.4,44.80195242,-73.25707455,0,0,0,0,1d,0,69.26666667,Calm,0,0,0,0
Inland Sea,7/2/2021,Calm,72.9,44.80195242,-73.25707455,0,0,0,0,1c,0,70.37333333,Calm,0,0,0,0
Inland Sea,7/3/2021,Calm,,44.80195242,-73.25707455,0,0,0,0,1b,0,76.11333333,Calm,0,0,0,0
Inland Sea,7/4/2021,Calm,,44.80195242,-73.25707455,0,0,0,0,1a,0,76.11333333,Calm,0,0,0,0
Inland Sea,7/5/2021,Calm,70.66666667,44.80195242,-73.25707455,0,0,0,0,1c,0,76.11333333,Calm,0,0,0,0
Inland Sea,7/6/2021,Rolling,73.16666667,44.80195242,-73.25707455,0,0,0,0,1a,0,76.64666667,Calm,0,0,0,0
Inland Sea,7/7/2021,Calm,72.8,44.80195242,-73.25707455,0,0,0,0,1a,0,73.42,Calm,0,0,0,0
Inland Sea,7/8/2021,Calm,67.875,44.80195242,-73.25707455,0,0,0,0,1d,0,73.58666667,Calm,0,0,0,0
Inland Sea,7/9/2021,Calm,68.9,44.80195242,-73.25707455,0,0,0,0,1a,0,71.48166667,Calm,0,0,0,0
Inland Sea,7/10/2021,Calm,65,44.80195242,-73.25707455,0,0,0,0,2,1,70.68166667,Calm,0,0,0,0
Inland Sea,7/12/2021,Calm,69.5,44.80195242,-73.25707455,0,0,0,0,2,1,69.73472222,Calm,0,0,0,0
Inland Sea,7/13/2021,Calm,78.65,44.80195242,-73.25707455,0,0,0,0,1c,0,69.54027778,Calm,0,0,0,0
Inland Sea,7/14/2021,Rolling,73.775,44.80195242,-73.25707455,0,0,0,0,1c,0,70.45416667,Calm,0,0,0,0
Inland Sea,7/15/2021,Calm,78.93333333,44.80195242,-73.25707455,0,0,0,0,1c,0,70.61666667,Calm,0,0,0,0
Inland Sea,7/16/2021,Calm,79.4,44.80195242,-73.25707455,0,0,0,0,1a,0,72.45972222,Calm,0,0,0,0
Inland Sea,7/17/2021,Calm,70,44.80195242,-73.25707455,0,0,0,0,3,1,74.20972222,Calm,0,0,0,0
Inland Sea,7/18/2021,Calm,,44.80195242,-73.25707455,0,0,0,0,1a,0,75.04305556,Calm,0,0,0,0
Inland Sea,7/19/2021,Calm,71.56666667,44.80195242,-73.25707455,0,0,0,0,3,1,75.04305556,Calm,0,0,0,0
Inland Sea,7/20/2021,Calm,79.33333333,44.80195242,-73.25707455,0,0,0,0,2,1,75.3875,Calm,0,0,0,0
Inland Sea,7/21/2021,Calm,63.1,44.80195242,-73.25707455,0,1,0,0,1d,0,75.50138889,Calm,0,0,0,0
Inland Sea,7/22/2021,Rolling,77.38333333,44.80195242,-73.25707455,0,0,0,0,2,1,73.72222222,Calm,0,0,0,0
Inland Sea,7/23/2021,Calm,76.05,44.80195242,-73.25707455,0,0,0,0,2,1,73.46388889,Calm,0,0,0,0
Inland Sea,7/24/2021,Calm,70,44.80195242,-73.25707455,0,0,0,0,2,1,72.90555556,Calm,0,0,0,0
Inland Sea,7/25/2021,Calm,70,44.80195242,-73.25707455,0,0,0,0,1a,0,72.90555556,Calm,0,0,0,0
Inland Sea,7/26/2021,Calm,73,44.80195242,-73.25707455,0,0,0,0,1d,0,72.49047619,Calm,0,0,0,0
Inland Sea,7/27/2021,Calm,75,44.80195242,-73.25707455,0,0,0,0,1a,0,72.6952381,Calm,0,0,0,0
Inland Sea,7/28/2021,Rolling,78.3,44.80195242,-73.25707455,0,0,0,0,2,1,72.07619048,Calm,0,0,0,0
Inland Sea,7/29/2021,Calm,74.6,44.80195242,-73.25707455,0,0,0,0,2,1,74.24761905,Calm,0,0,0,0
Inland Sea,7/30/2021,Calm,71,44.80195242,-73.25707455,0,0,0,0,1a,0,73.85,Calm,0,0,0,0
Inland Sea,7/31/2021,Rolling,,44.80195242,-73.25707455,0,0,0,0,1b,0,73.12857143,Calm,0,0,0,0
Inland Sea,8/1/2021,Calm,70,44.80195242,-73.25707455,0,0,0,0,1a,0,73.65,Calm,0,0,0,0
Inland Sea,8/2/2021,Calm,72,44.80195242,-73.25707455,0,0,0,0,2,1,73.65,Calm,0,0,0,0
Inland Sea,8/3/2021,Calm,21,44.80195242,-73.25707455,0,0,0,0,1a,0,73.48333333,Calm,0,0,0,0
Inland Sea,8/4/2021,Rolling,75.3,44.80195242,-73.25707455,0,0,0,0,1c,0,64.48333333,Calm,0,0,0,0
Inland Sea,8/5/2021,Calm,76.85,44.80195242,-73.25707455,0,0,0,0,2,1,63.98333333,Calm,0,0,0,0
Inland Sea,8/6/2021,Rolling,76.2,44.80195242,-73.25707455,0,0,0,0,1d,0,64.35833333,Calm,0,0,0,0
Inland Sea,8/7/2021,Rolling,,44.80195242,-73.25707455,0,0,0,0,1a,0,65.225,Calm,0,0,0,0
Inland Sea,8/8/2021,Calm,74.96666667,44.80195242,-73.25707455,0,0,0,0,2,1,65.225,Calm,0,0,0,0
Inland Sea,8/9/2021,Calm,72.5,44.80195242,-73.25707455,0,0,0,0,2,1,66.05277778,Calm,0,0,0,0
Inland Sea,8/10/2021,Calm,81.8,44.80195242,-73.25707455,0,0,0,0,1d,0,66.13611111,Calm,0,0,0,0
Inland Sea,8/11/2021,Rolling,79.46666667,44.80195242,-73.25707455,0,0,0,0,1c,0,76.26944444,Calm,0,0,0,0
Inland Sea,8/12/2021,Calm,81.925,44.80195242,-73.25707455,0,0,0,0,1c,0,76.96388889,Calm,0,0,0,0
Inland Sea,8/13/2021,Rolling,83.95,44.80195242,-73.25707455,0,0,0,0,1d,0,77.80972222,Calm,0,0,0,0
Inland Sea,8/14/2021,Rolling,,44.80195242,-73.25707455,0,0,0,0,1b,0,79.10138889,Calm,0,0,0,0
Inland Sea,8/15/2021,Rolling,71,44.80195242,-73.25707455,0,0,0,0,1a,0,79.10138889,Calm,0,0,0,0
Inland Sea,8/16/2021,Calm,74.56666667,44.80195242,-73.25707455,0,0,0,0,2,1,78.44027778,Rolling,0,0,0,0
Inland Sea,8/17/2021,Calm,57.86666667,44.80195242,-73.25707455,0,1,0,0,1d,0,78.78472222,Rolling,0,0,0,0
Inland Sea,8/18/2021,Rolling,76.58,44.80195242,-73.25707455,0,0,0,0,1c,0,74.79583333,Rolling,0,0,0,0
Inland Sea,8/19/2021,Rolling,75.73333333,44.80195242,-73.25707455,0,0,0,0,1a,0,74.31472222,Rolling,0,0,0,0
Inland Sea,8/20/2021,Calm,77,44.80195242,-73.25707455,0,0,0,0,3,1,73.28277778,Rolling,0,0,0,0
Inland Sea,8/21/2021,Calm,83.4,44.80195242,-73.25707455,0,0,0,0,3,1,72.12444444,Rolling,0,0,0,0
Inland Sea,8/22/2021,Rolling,73.5,44.80195242,-73.25707455,0,0,0,0,1d,0,73.7352381,Calm,0,0,0,0
Inland Sea,8/23/2021,Calm,78,44.80195242,-73.25707455,0,0,0,0,1d,0,74.09238095,Calm,0,0,0,0
Inland Sea,8/24/2021,Calm,73,44.80195242,-73.25707455,0,0,0,0,1b,0,74.58285714,Calm,0,0,0,0
Inland Sea,8/25/2021,Rolling,82.38,44.80195242,-73.25707455,0,0,0,0,1d,0,76.7447619,Calm,0,0,0,0
Inland Sea,8/26/2021,Calm,84.5,44.80195242,-73.25707455,0,0,0,0,1c,0,77.57333333,Calm,0,0,0,0
Inland Sea,8/27/2021,Rolling,73,44.80195242,-73.25707455,0,0,0,0,1d,0,78.82571429,Calm,0,0,0,0
Inland Sea,8/28/2021,Calm,72,44.80195242,-73.25707455,0,0,0,0,1a,0,78.25428571,Calm,0,0,0,0
Inland Sea,8/30/2021,Calm,72,44.80195242,-73.25707455,0,0,0,0,1c,0,76.62571429,Calm,0,0,0,0
Inland Sea,8/31/2021,Rolling,76.6,44.80195242,-73.25707455,0,0,0,0,1a,0,76.14666667,Calm,0,0,0,0
Inland Sea,9/1/2021,Calm,74.8,44.80195242,-73.25707455,0,0,0,0,2,1,76.74666667,Calm,0,0,0,0
Inland Sea,9/2/2021,Calm,71.65,44.80195242,-73.25707455,0,0,0,0,1a,0,75.48333333,Calm,0,0,0,0
Inland Sea,9/3/2021,Calm,71,44.80195242,-73.25707455,0,0,0,0,1c,0,73.34166667,Calm,0,0,0,0
Inland Sea,9/4/2021,Calm,,44.80195242,-73.25707455,0,0,0,0,1b,0,73.00833333,Calm,0,0,0,0
Inland Sea,9/6/2021,Calm,70,44.80195242,-73.25707455,0,0,0,0,1c,0,73.21,Calm,0,0,0,0
Inland Sea,9/7/2021,Rolling,,44.80195242,-73.25707455,0,0,0,0,1c,0,72.81,Calm,0,0,0,0
Inland Sea,9/8/2021,Rolling,71.6,44.80195242,-73.25707455,0,0,0,0,1b,0,71.8625,Calm,0,0,0,0
Inland Sea,9/9/2021,Calm,58.85,44.80195242,-73.25707455,0,0,0,0,1b,0,71.0625,Calm,0,0,0,0
Inland Sea,9/11/2021,Calm,72,44.80195242,-73.25707455,0,0,0,0,1a,0,67.8625,Calm,0,0,0,0
Inland Sea,9/12/2021,Rolling,,44.80195242,-73.25707455,0,0,0,0,1b,0,68.1125,Calm,0,0,0,0
Inland Sea,9/13/2021,Calm,69,44.80195242,-73.25707455,0,0,0,0,1c,0,68.1125,Calm,0,0,0,0
Inland Sea,9/14/2021,Calm,71.46666667,44.80195242,-73.25707455,0,0,0,0,2,1,67.8625,Calm,0,0,0,0
Inland Sea,9/15/2021,Calm,70.66666667,44.80195242,-73.25707455,0,0,0,0,1b,0,68.58333333,Calm,0,0,0,0
Inland Sea,9/16/2021,Calm,73.4,44.80195242,-73.25707455,0,0,0,0,3,1,68.39666667,Calm,0,0,0,0
Inland Sea,9/17/2021,White Caps,72.95,44.80195242,-73.25707455,0,0,0,0,1d,0,71.30666667,Calm,0,0,0,0
Inland Sea,9/18/2021,White Caps,,44.80195242,-73.25707455,0,0,0,0,1b,0,71.58055556,Calm,0,0,0,0
Inland Sea,9/19/2021,Calm,,44.80195242,-73.25707455,0,0,0,0,2,1,71.49666667,Calm,0,0,0,0
Inland Sea,9/20/2021,Calm,52,44.80195242,-73.25707455,0,1,1,0,1a,0,71.49666667,Calm,0,0,0,0
Inland Sea,9/21/2021,Rolling,65,44.80195242,-73.25707455,0,0,0,0,1c,0,68.09666667,Calm,0,0,0,0
Inland Sea,9/22/2021,Rolling,69.91666667,44.80195242,-73.25707455,0,0,0,0,1b,0,66.80333333,Calm,0,0,0,0
Inland Sea,9/23/2021,Rolling,74.05,44.80195242,-73.25707455,0,0,0,0,1c,0,66.65333333,Calm,0,0,0,0
Inland Sea,9/25/2021,Rolling,68,44.80195242,-73.25707455,0,0,0,0,1a,0,66.78333333,Rolling,0,0,0,0
Inland Sea,9/27/2021,Calm,,44.80195242,-73.25707455,0,0,0,0,1c,0,65.79333333,Rolling,0,0,0,0
Inland Sea,9/28/2021,Calm,64,44.80195242,-73.25707455,0,0,0,0,1a,0,69.24166667,Rolling,0,0,0,0
Inland Sea,9/29/2021,Calm,68.7,44.80195242,-73.25707455,0,0,0,0,1c,0,68.99166667,Rolling,0,0,0,0
Inland Sea,9/30/2021,Calm,63.25,44.80195242,-73.25707455,0,0,0,0,1d,0,68.6875,Calm,0,0,0,0
Inland Sea,10/4/2021,Calm,60.8,44.80195242,-73.25707455,0,0,0,0,3,1,65.9875,Calm,0,0,0,0
Inland Sea,10/5/2021,Calm,62.35,44.80195242,-73.25707455,0,0,0,0,1d,0,64.1875,Calm,0,0,0,0
Inland Sea,10/6/2021,Calm,64.88333333,44.80195242,-73.25707455,0,0,0,0,2,1,63.775,Calm,0,0,0,0
Inland Sea,10/7/2021,Calm,68.83333333,44.80195242,-73.25707455,0,0,0,0,3,1,62.82083333,Calm,0,0,0,0
Inland Sea,10/8/2021,Calm,71,44.80195242,-73.25707455,0,0,0,0,3,1,64.21666667,Calm,0,0,0,0
Inland Sea,10/10/2021,Rolling,65,44.80195242,-73.25707455,0,0,0,0,1a,0,65.57333333,Calm,0,0,0,0
Inland Sea,10/12/2021,Calm,63.975,44.80195242,-73.25707455,0,0,0,0,1c,0,65.47777778,Calm,0,0,0,0
Inland Sea,10/13/2021,White Caps,18,44.80195242,-73.25707455,0,1,1,0,1d,0,66.73833333,Calm,0,0,0,0
Inland Sea,10/14/2021,Calm,66.46666667,44.80195242,-73.25707455,0,0,0,0,1b,0,57.36166667,Calm,0,0,0,0
Inland Sea,10/15/2021,Calm,68.7,44.80195242,-73.25707455,0,0,0,0,3,1,56.88833333,Calm,0,0,0,0
Inland Sea,10/17/2021,Rolling,63,44.80195242,-73.25707455,0,0,0,0,1a,0,56.42833333,Calm,0,0,0,0
Inland Sea,10/19/2021,Rolling,52,44.80195242,-73.25707455,0,0,0,0,1b,0,56.02833333,Calm,0,0,0,0
Inland Sea,10/20/2021,Calm,65.5,44.80195242,-73.25707455,0,0,0,0,3,1,53.63333333,Calm,0,0,0,0
Inland Sea,10/21/2021,Rolling,60.2,44.80195242,-73.25707455,0,0,0,0,1d,0,63.13333333,Calm,0,0,0,0
Inland Sea,10/23/2021,Rolling,,44.80195242,-73.25707455,0,0,0,0,1a,0,61.88,Rolling,0,0,0,0
Inland Sea,10/28/2021,Rolling,52.775,44.80195242,-73.25707455,0,0,0,0,1d,0,60.175,Rolling,0,0,0,0
Inland Sea,11/2/2021,Rolling,49.55,44.80195242,-73.25707455,0,0,0,0,1a,0,52.775,Rolling,0,0,0,0
Inland Sea,11/5/2021,Calm,50.625,44.80195242,-73.25707455,0,0,0,0,1c,0,51.1625,Rolling,0,0,0,0
Inland Sea,6/20/2022,Calm,,44.80195242,-73.25707455,0,0,0,0,1a,0,50.0875,,,,,
Inland Sea,6/22/2022,White Caps,,44.80195242,-73.25707455,0,0,0,0,1a,0,,Calm,0,0,0,0
Inland Sea,6/23/2022,Rolling,62.16666667,44.80195242,-73.25707455,0,0,0,0,1b,0,,Calm,0,0,0,0
Inland Sea,6/24/2022,Calm,69.5,44.80195242,-73.25707455,0,0,0,0,1a,0,62.16666667,Calm,0,0,0,0
Inland Sea,6/25/2022,Calm,,44.80195242,-73.25707455,0,0,0,0,1a,0,65.83333333,Calm,0,0,0,0
Inland Sea,6/26/2022,Calm,,44.80195242,-73.25707455,0,0,0,0,1b,0,65.83333333,Calm,0,0,0,0
Inland Sea,6/27/2022,Calm,59,44.80195242,-73.25707455,0,0,0,0,1b,0,65.83333333,Calm,0,0,0,0
Inland Sea,6/28/2022,Rolling,74,44.80195242,-73.25707455,0,0,0,0,2,1,63.55555556,Calm,0,0,0,0
Inland Sea,6/29/2022,Rolling,72.3,44.80195242,-73.25707455,0,0,0,0,1a,0,66.16666667,Calm,0,0,0,0
Inland Sea,6/30/2022,Calm,76.75,44.80195242,-73.25707455,0,0,0,0,1d,0,67.39333333,Calm,0,0,0,0
Inland Sea,7/1/2022,Calm,70.7,44.80195242,-73.25707455,0,0,0,0,1b,0,70.31,Calm,0,0,0,0
Inland Sea,7/2/2022,Rolling,73,44.80195242,-73.25707455,0,0,0,0,1a,0,70.55,Calm,0,0,0,0
Inland Sea,7/3/2022,White Caps,,44.80195242,-73.25707455,0,0,0,0,1b,0,70.95833333,Calm,0,0,0,0
Inland Sea,7/4/2022,Calm,,44.80195242,-73.25707455,0,0,0,0,1b,0,70.95833333,Calm,0,0,0,0
Inland Sea,7/5/2022,Rolling,71.9,44.80195242,-73.25707455,0,0,0,0,1a,0,73.35,Calm,0,0,0,0
Inland Sea,7/6/2022,Rolling,77.4,44.80195242,-73.25707455,0,0,0,0,1c,0,72.93,Calm,0,0,0,0
Inland Sea,7/7/2022,Calm,76.04,44.80195242,-73.25707455,0,0,0,0,1a,0,73.95,Calm,0,0,0,0
Inland Sea,7/8/2022,Calm,,44.80195242,-73.25707455,0,0,0,0,1c,0,73.808,Calm,0,0,0,0
Inland Sea,7/9/2022,Calm,,44.80195242,-73.25707455,0,0,0,0,1a,0,74.585,Calm,0,0,0,0
Inland Sea,7/10/2022,Rolling,,44.80195242,-73.25707455,0,0,0,0,1a,0,75.11333333,Calm,0,0,0,0
Inland Sea,7/11/2022,Calm,76.3,44.80195242,-73.25707455,0,0,0,0,1c,0,75.11333333,Calm,0,0,0,0
Inland Sea,7/12/2022,Rolling,77.4,44.80195242,-73.25707455,0,0,0,0,1b,0,75.41,Calm,0,0,0,0
Inland Sea,7/13/2022,Calm,77.45,44.80195242,-73.25707455,0,0,0,0,2,1,76.785,Calm,0,0,0,0
Inland Sea,7/14/2022,Calm,74.9,44.80195242,-73.25707455,0,0,0,0,3,1,76.7975,Calm,0,0,0,0
Inland Sea,7/15/2022,Calm,75.1,44.80195242,-73.25707455,0,0,0,0,2,1,76.5125,Calm,0,0,0,0
Inland Sea,7/16/2022,Rolling,,44.80195242,-73.25707455,0,0,0,0,1a,0,76.23,Calm,0,0,0,0
Inland Sea,7/17/2022,Calm,,44.80195242,-73.25707455,0,0,0,0,2,1,76.23,Calm,0,0,0,0
Inland Sea,7/18/2022,Rolling,75,44.80195242,-73.25707455,0,1,0,0,1c,0,76.23,Calm,0,0,0,0
Inland Sea,7/19/2022,Calm,80.85,44.80195242,-73.25707455,0,0,0,0,1c,0,75.97,Calm,0,0,0,0
Inland Sea,7/20/2022,Calm,78.85,44.80195242,-73.25707455,0,0,0,0,3,1,76.66,Calm,0,0,0,0
Inland Sea,7/21/2022,Calm,82.65,44.80195242,-73.25707455,0,0,0,0,1c,0,76.94,Calm,0,0,0,0
Inland Sea,7/22/2022,Rolling,76,44.80195242,-73.25707455,0,0,0,0,1a,0,78.49,Calm,0,0,0,0
Inland Sea,7/23/2022,White Caps,,44.80195242,-73.25707455,0,0,0,0,1a,0,78.67,Calm,0,0,0,0
Inland Sea,7/24/2022,Calm,,44.80195242,-73.25707455,0,0,0,0,1a,0,78.67,Calm,0,0,0,0
Inland Sea,7/25/2022,Calm,,44.80195242,-73.25707455,0,0,0,0,1b,0,78.67,Calm,0,0,0,0
Inland Sea,7/26/2022,Rolling,80.9,44.80195242,-73.25707455,0,0,0,0,1b,0,79.5875,Calm,0,0,0,0
Inland Sea,7/27/2022,Rolling,78.825,44.80195242,-73.25707455,0,0,0,0,1d,0,79.6,Calm,0,0,0,0
Inland Sea,7/28/2022,Calm,77.16666667,44.80195242,-73.25707455,0,0,0,0,1c,0,79.59375,Calm,0,0,0,0
Inland Sea,7/29/2022,Calm,79.5,44.80195242,-73.25707455,0,0,0,0,1d,0,78.22291667,Calm,0,0,0,0
Inland Sea,7/30/2022,Rolling,70,44.80195242,-73.25707455,0,0,0,0,1c,0,79.09791667,Calm,0,0,0,0
Inland Sea,7/31/2022,Rolling,,44.80195242,-73.25707455,0,0,0,0,1a,0,77.27833333,Calm,0,0,0,0
Inland Sea,8/1/2022,Rolling,75,44.80195242,-73.25707455,0,0,0,0,1c,0,77.27833333,Rolling,0,0,0,0
Inland Sea,8/2/2022,Calm,77,44.80195242,-73.25707455,0,0,0,0,1a,0,76.89861111,Rolling,0,0,0,0
Inland Sea,8/3/2022,Rolling,79.7,44.80195242,-73.25707455,0,0,0,0,1b,0,76.24861111,Rolling,0,0,0,0
Inland Sea,8/4/2022,Calm,76.45714286,44.80195242,-73.25707455,0,0,0,0,1c,0,76.39444444,Rolling,0,0,0,0
Inland Sea,8/6/2022,Calm,80,44.80195242,-73.25707455,0,0,0,0,1c,0,76.27619048,Rolling,0,0,0,0
Inland Sea,8/7/2022,Rolling,,44.80195242,-73.25707455,0,0,0,0,1a,0,77.63142857,Calm,0,0,0,0
Inland Sea,8/8/2022,Calm,,44.80195242,-73.25707455,0,0,0,0,1c,0,77.63142857,Calm,0,0,0,0
Inland Sea,8/9/2022,Calm,72.26666667,44.80195242,-73.25707455,0,0,0,0,1a,0,78.28928571,Calm,0,0,0,0
Inland Sea,8/10/2022,Calm,77.6,44.80195242,-73.25707455,0,0,0,0,3,1,77.10595238,Calm,0,0,0,0
Inland Sea,8/11/2022,Calm,79.44,44.80195242,-73.25707455,0,0,0,0,3,1,76.58095238,Calm,0,0,0,0
Inland Sea,8/12/2022,Calm,75,44.80195242,-73.25707455,0,0,0,0,1a,0,77.32666667,Calm,0,0,0,0
Inland Sea,8/13/2022,Calm,,44.80195242,-73.25707455,0,0,0,0,1c,0,76.86133333,Calm,0,0,0,0
Inland Sea,8/14/2022,Rolling,,44.80195242,-73.25707455,0,0,0,0,1a,0,76.07666667,Calm,0,0,0,0
Inland Sea,8/15/2022,Calm,80.1,44.80195242,-73.25707455,0,0,1,0,2,1,76.07666667,Calm,0,0,0,0
Inland Sea,8/16/2022,Calm,76,44.80195242,-73.25707455,0,0,0,0,2,1,76.88133333,Calm,0,0,0,0
Inland Sea,8/17/2022,Calm,79.8,44.80195242,-73.25707455,0,0,0,0,1c,0,77.628,Calm,0,0,0,0
Inland Sea,8/18/2022,Calm,76.25,44.80195242,-73.25707455,0,0,0,0,1d,0,78.068,Calm,0,0,0,0
Inland Sea,8/19/2022,Calm,78,44.80195242,-73.25707455,0,0,0,0,1c,0,77.43,Calm,0,0,0,0
Inland Sea,8/20/2022,Calm,,44.80195242,-73.25707455,0,0,0,0,3,1,78.03,Calm,0,0,0,0
Inland Sea,8/21/2022,Rolling,,44.80195242,-73.25707455,0,0,0,0,1a,0,78.03,Calm,0,0,0,0
Inland Sea,8/22/2022,Calm,,44.80195242,-73.25707455,0,0,0,0,2,1,78.03,Calm,0,0,0,0
Inland Sea,8/23/2022,Calm,,44.80195242,-73.25707455,0,0,0,0,1a,0,77.5125,Calm,0,0,0,0
Inland Sea,8/24/2022,Calm,79.26666667,44.80195242,-73.25707455,0,0,0,0,2,1,78.01666667,Calm,0,0,0,0
Inland Sea,8/25/2022,Calm,80.3,44.80195242,-73.25707455,0,0,0,0,1c,0,77.83888889,Calm,0,0,0,0
Inland Sea,8/26/2022,Calm,74,44.80195242,-73.25707455,0,0,0,0,1c,0,79.18888889,Calm,0,0,0,0
Inland Sea,8/28/2022,Calm,,44.80195242,-73.25707455,0,0,0,0,2,1,77.85555556,Calm,0,0,0,0
Inland Sea,8/29/2022,Rolling,,44.80195242,-73.25707455,0,0,0,0,2,1,77.85555556,Calm,0,0,0,0
Inland Sea,8/30/2022,Calm,81.55,44.80195242,-73.25707455,0,0,0,0,3,1,77.85555556,Calm,0,0,0,0
Inland Sea,8/31/2022,Rolling,76.75,44.80195242,-73.25707455,0,0,0,0,1a,0,78.77916667,Calm,0,0,0,0
Inland Sea,9/1/2022,Calm,72.1,44.80195242,-73.25707455,0,1,1,0,2,1,78.15,Calm,0,0,0,0
Inland Sea,9/2/2022,Rolling,72.8,44.80195242,-73.25707455,0,0,0,0,2,1,76.1,Calm,0,0,0,0
Inland Sea,9/3/2022,Calm,76.8,44.80195242,-73.25707455,0,0,0,0,2,1,75.8,Calm,0,0,0,0
Inland Sea,9/4/2022,Rolling,68.3,44.80195242,-73.25707455,0,0,0,0,1a,0,76,Calm,0,0,0,0
Inland Sea,9/5/2022,Calm,67,44.80195242,-73.25707455,0,0,0,0,2,1,74.71666667,Rolling,0,0,0,0
Inland Sea,9/6/2022,Calm,68.03333333,44.80195242,-73.25707455,0,0,0,0,2,1,73.61428571,Calm,0,0,0,0
Inland Sea,9/7/2022,Calm,76.73333333,44.80195242,-73.25707455,0,0,0,0,3,1,71.68333333,Calm,0,0,0,0
Inland Sea,9/8/2022,Calm,77.45,44.80195242,-73.25707455,0,0,0,0,2,1,71.68095238,Calm,0,0,0,0
Inland Sea,9/9/2022,Calm,75.76666667,44.80195242,-73.25707455,0,0,0,0,2,1,72.4452381,Calm,0,0,0,0
Inland Sea,9/11/2022,Rolling,77.5,44.80195242,-73.25707455,0,0,0,0,2,1,72.86904762,Calm,0,0,0,0
Inland Sea,9/12/2022,Calm,75.8,44.80195242,-73.25707455,0,0,0,0,2,1,73.74722222,Calm,0,0,0,0
Inland Sea,9/13/2022,Calm,75.66666667,44.80195242,-73.25707455,0,0,0,0,2,1,75.21388889,Calm,0,0,0,0
Inland Sea,9/15/2022,Calm,69.525,44.80195242,-73.25707455,0,0,0,0,2,1,76.48611111,Calm,0,0,0,0
Inland Sea,9/16/2022,Rolling,,44.80195242,-73.25707455,0,0,0,0,1c,0,74.85166667,Calm,0,0,0,0
Inland Sea,9/17/2022,Rolling,,44.80195242,-73.25707455,0,0,0,0,1a,0,74.62291667,Calm,0,0,0,0
Inland Sea,9/18/2022,Rolling,,44.80195242,-73.25707455,0,0,0,0,1a,0,74.62291667,Calm,0,0,0,0
Inland Sea,9/19/2022,Rolling,,44.80195242,-73.25707455,0,0,0,0,1a,0,73.66388889,Calm,0,0,0,0
Inland Sea,9/20/2022,Calm,62.2,44.80195242,-73.25707455,0,0,0,0,1d,0,72.59583333,Rolling,0,0,0,0
Inland Sea,9/21/2022,Calm,67.55,44.80195242,-73.25707455,0,0,0,0,2,1,65.8625,Rolling,0,0,0,0
Inland Sea,9/22/2022,Rolling,67.18,44.80195242,-73.25707455,0,0,0,0,1d,0,66.425,Rolling,0,0,0,0
Inland Sea,9/26/2022,Calm,63.2,44.80195242,-73.25707455,0,0,0,0,2,1,65.64333333,Calm,0,0,0,0
Inland Sea,9/27/2022,Rolling,60.75,44.80195242,-73.25707455,0,0,0,0,1b,0,65.0325,Calm,0,0,0,0
Inland Sea,9/28/2022,Rolling,62.25,44.80195242,-73.25707455,0,0,0,0,1b,0,64.67,Calm,0,0,0,0
Inland Sea,9/29/2022,Calm,61.26,44.80195242,-73.25707455,0,0,0,0,1a,0,63.345,Rolling,0,0,0,0
Inland Sea,10/1/2022,Calm,,44.80195242,-73.25707455,0,0,0,0,1c,0,61.865,Calm,0,0,0,0
Inland Sea,10/3/2022,Calm,,44.80195242,-73.25707455,0,0,0,0,1a,0,61.865,Calm,0,0,0,0
Inland Sea,10/4/2022,Calm,60,44.80195242,-73.25707455,0,0,0,0,1a,0,61.42,Calm,0,0,0,0
Inland Sea,10/5/2022,Calm,61.78333333,44.80195242,-73.25707455,0,0,0,0,3,1,61.17,Calm,0,0,0,0
Inland Sea,10/6/2022,Calm,63.33333333,44.80195242,-73.25707455,0,0,0,0,1d,0,61.01444444,Calm,0,0,0,0
Inland Sea,10/11/2022,Rolling,53.9,44.80195242,-73.25707455,0,0,0,0,1b,0,61.70555556,Calm,0,0,0,0
Inland Sea,10/13/2022,White Caps,59.36,44.80195242,-73.25707455,0,0,0,0,1b,0,59.67222222,Calm,0,0,0,0
Inland Sea,10/18/2022,Calm,54.83333333,44.80195242,-73.25707455,0,0,0,0,1b,0,56.63,Rolling,0,0,0,0
Inland Sea,10/20/2022,Calm,53.65,44.80195242,-73.25707455,0,0,0,0,1d,0,57.09666667,Calm,0,0,0,0
Inland Sea,10/23/2022,Calm,,44.80195242,-73.25707455,0,0,0,0,1a,0,54.24166667,Calm,0,0,0,0
Inland Sea,10/25/2022,Rolling,58.13333333,44.80195242,-73.25707455,0,0,0,0,1b,0,54.24166667,Calm,0,0,0,0
Inland Sea,10/26/2022,Rolling,62.2,44.80195242,-73.25707455,0,0,0,0,1b,0,55.89166667,Calm,0,0,0,0
Inland Sea,10/27/2022,Rolling,57.9,44.80195242,-73.25707455,0,0,0,0,1b,0,57.99444444,Calm,0,0,0,0
Inland Sea,11/1/2022,Calm,53.6,44.80195242,-73.25707455,0,0,0,0,1a,0,59.41111111,Rolling,0,0,0,0
Inland Sea,11/2/2022,Calm,,44.80195242,-73.25707455,0,0,0,0,1a,0,57.9,Rolling,0,0,0,0
Inland Sea,11/3/2022,Calm,54.5,44.80195242,-73.25707455,0,0,0,0,1b,0,55.75,Calm,0,0,0,0
Main Lake Central,7/1/2012,,,44.48473601,-73.28893557,0,0,0,0,1b,0,,,,,,
Main Lake Central,7/2/2012,,,44.48473601,-73.28893557,0,0,0,0,3,1,,,0,0,0,0
Main Lake Central,7/3/2012,,,44.48473601,-73.28893557,0,0,0,0,2,1,,,0,0,0,0
Main Lake Central,7/7/2012,,,44.48473601,-73.28893557,0,0,0,0,2,1,,,0,0,0,0
Main Lake Central,7/8/2012,,,44.48473601,-73.28893557,0,0,0,0,1a,0,,,0,0,0,0
Main Lake Central,7/9/2012,,,44.48473601,-73.28893557,0,0,0,0,1a,0,,,0,0,0,0
Main Lake Central,7/15/2012,,,44.48473601,-73.28893557,0,0,0,0,2,1,,,0,0,0,0
Main Lake Central,7/16/2012,,,44.48473601,-73.28893557,0,0,0,0,1c,0,,,0,0,0,0
Main Lake Central,7/17/2012,,,44.48473601,-73.28893557,0,0,0,0,1a,0,,,0,0,0,0
Main Lake Central,7/21/2012,,,44.48473601,-73.28893557,0,0,0,0,1a,0,,,0,0,0,0
Main Lake Central,7/22/2012,,,44.48473601,-73.28893557,0,0,0,0,1b,0,,,0,0,0,0
Main Lake Central,7/23/2012,,,44.48473601,-73.28893557,0,0,0,0,1b,0,,,0,0,0,0
Main Lake Central,7/24/2012,,,44.48473601,-73.28893557,0,0,0,0,1a,0,,,0,0,0,0
Main Lake Central,7/29/2012,,,44.48473601,-73.28893557,0,0,0,0,1c,0,,,0,0,0,0
Main Lake Central,7/30/2012,,,44.48473601,-73.28893557,0,0,0,0,1c,0,,,0,0,0,0
Main Lake Central,7/31/2012,,,44.48473601,-73.28893557,0,0,0,0,1a,0,,,0,0,0,0
Main Lake Central,8/5/2012,,,44.48473601,-73.28893557,0,0,0,0,1c,0,,,0,0,0,0
Main Lake Central,8/6/2012,,,44.48473601,-73.28893557,0,0,0,0,1b,0,,,0,0,0,0
Main Lake Central,8/7/2012,,,44.48473601,-73.28893557,0,0,0,0,2,1,,,0,0,0,0
Main Lake Central,8/12/2012,,,44.48473601,-73.28893557,0,0,0,0,1c,0,,,0,0,0,0
Main Lake Central,8/13/2012,,,44.48473601,-73.28893557,0,0,0,0,1b,0,,,0,0,0,0
Main Lake Central,8/14/2012,,,44.48473601,-73.28893557,0,0,0,0,1a,0,,,0,0,0,0
Main Lake Central,8/19/2012,,,44.48473601,-73.28893557,0,0,0,0,1c,0,,,0,0,0,0
Main Lake Central,8/20/2012,,,44.48473601,-73.28893557,0,0,0,0,1b,0,,,0,0,0,0
Main Lake Central,8/21/2012,,,44.48473601,-73.28893557,0,0,0,0,1a,0,,,0,0,0,0
Main Lake Central,8/22/2012,,,44.48473601,-73.28893557,0,0,0,0,1a,0,,,0,0,0,0
Main Lake Central,8/23/2012,,,44.48473601,-73.28893557,0,0,0,0,1a,0,,,0,0,0,0
Main Lake Central,8/24/2012,,,44.48473601,-73.28893557,0,0,0,0,1c,0,,,0,0,0,0
Main Lake Central,8/26/2012,,,44.48473601,-73.28893557,0,0,0,0,1b,0,,,0,0,0,0
Main Lake Central,8/27/2012,,,44.48473601,-73.28893557,0,0,0,0,1a,0,,,0,0,0,0
Main Lake Central,8/28/2012,,,44.48473601,-73.28893557,0,0,0,0,1c,0,,,0,0,0,0
Main Lake Central,9/2/2012,,,44.48473601,-73.28893557,0,0,0,0,1a,0,,,0,0,0,0
Main Lake Central,9/3/2012,,,44.48473601,-73.28893557,0,0,0,0,1b,0,,,0,0,0,0
Main Lake Central,9/4/2012,,,44.48473601,-73.28893557,0,0,0,0,1c,0,,,0,0,0,0
Main Lake Central,9/5/2012,,,44.48473601,-73.28893557,0,0,0,0,1c,0,,,0,0,0,0
Main Lake Central,9/9/2012,,,44.48473601,-73.28893557,0,0,0,0,1a,0,,,0,0,0,0
Main Lake Central,9/10/2012,,,44.48473601,-73.28893557,0,0,0,0,1b,0,,,0,0,0,0
Main Lake Central,9/11/2012,,,44.48473601,-73.28893557,0,0,0,0,2,1,,,0,0,0,0
Main Lake Central,9/16/2012,,,44.48473601,-73.28893557,0,0,0,0,1a,0,,,0,0,0,0
Main Lake Central,9/17/2012,,,44.48473601,-73.28893557,0,0,0,0,1b,0,,,0,0,0,0
Main Lake Central,9/23/2012,,,44.48473601,-73.28893557,0,0,0,0,1a,0,,,0,0,0,0
Main Lake Central,9/24/2012,,,44.48473601,-73.28893557,0,0,0,0,1a,0,,,0,0,0,0
Main Lake Central,6/17/2013,Calm,53.12,44.48473601,-73.28893557,0,0,0,0,1a,0,,,,,,
Main Lake Central,6/18/2013,Calm,44.025,44.48473601,-73.28893557,0,0,0,0,1b,0,53.12,Calm,0,0,0,0
Main Lake Central,6/19/2013,Calm,61.55,44.48473601,-73.28893557,0,0,0,0,1a,0,48.5725,Calm,0,0,0,0
Main Lake Central,6/23/2013,Calm,0,44.48473601,-73.28893557,0,0,0,0,1a,0,52.89833333,Calm,0,0,0,0
Main Lake Central,6/24/2013,Calm,69.33333333,44.48473601,-73.28893557,1,1,0,0,1c,0,39.67375,Calm,0,0,0,0
Main Lake Central,6/25/2013,White Caps,35.75,44.48473601,-73.28893557,1,0,0,1,1b,0,43.72708333,Calm,0,0,0,0
Main Lake Central,6/26/2013,Calm,34,44.48473601,-73.28893557,0,0,0,0,1c,0,41.65833333,Calm,0,0,0,0
Main Lake Central,6/27/2013,Calm,45.06666667,44.48473601,-73.28893557,0,0,0,0,1b,0,34.77083333,Calm,0,0,0,0
Main Lake Central,6/29/2013,Calm,75.75,44.48473601,-73.28893557,0,0,0,0,1c,0,36.83,Calm,0,0,0,0
Main Lake Central,6/30/2013,Calm,55.52,44.48473601,-73.28893557,0,0,0,0,1a,0,43.31666667,Calm,0,0,0,0
Main Lake Central,7/1/2013,Calm,70,44.48473601,-73.28893557,1,0,0,0,1a,0,52.57,Calm,0,0,0,0
Main Lake Central,7/2/2013,Calm,68.1,44.48473601,-73.28893557,0,0,0,0,1b,0,52.68111111,Calm,0,0,0,0
Main Lake Central,7/3/2013,Calm,65,44.48473601,-73.28893557,0,0,0,0,1a,0,58.07277778,Calm,0,0,0,0
Main Lake Central,7/6/2013,Calm,76,44.48473601,-73.28893557,0,0,0,0,1b,0,63.23944444,Calm,0,0,0,0
Main Lake Central,7/7/2013,Calm,56.86,44.48473601,-73.28893557,0,0,0,0,1a,0,66.924,Calm,0,0,0,0
Main Lake Central,7/8/2013,Calm,73.7,44.48473601,-73.28893557,0,0,0,0,1a,0,67.192,Calm,0,0,0,0
Main Lake Central,7/9/2013,Calm,29.64,44.48473601,-73.28893557,0,0,0,0,3,1,67.932,Calm,0,0,0,0
Main Lake Central,7/10/2013,Rolling,0,44.48473601,-73.28893557,0,0,0,0,1a,0,60.24,Calm,0,0,0,0
Main Lake Central,7/12/2013,Calm,68,44.48473601,-73.28893557,0,0,0,0,1a,0,47.24,Calm,0,0,0,0
Main Lake Central,7/13/2013,Calm,79,44.48473601,-73.28893557,0,0,0,0,1b,0,50.7,Calm,0,0,0,0
Main Lake Central,7/14/2013,Calm,54.75,44.48473601,-73.28893557,0,0,0,0,1a,0,51.2,Calm,0,0,0,0
Main Lake Central,7/15/2013,Calm,84.65,44.48473601,-73.28893557,1,0,0,0,1b,0,50.84833333,Calm,0,0,0,0
Main Lake Central,7/16/2013,Other,0,44.48473601,-73.28893557,0,0,0,0,1a,0,52.67333333,Calm,0,0,0,0
Main Lake Central,7/20/2013,Calm,79.5,44.48473601,-73.28893557,0,0,0,0,1c,0,47.73333333,Calm,0,0,0,0
Main Lake Central,7/21/2013,Rolling,72.25,44.48473601,-73.28893557,0,0,0,0,1b,0,54.725,Calm,0,0,0,0
Main Lake Central,7/22/2013,Calm,77.5,44.48473601,-73.28893557,0,0,0,0,1a,0,59.1,Calm,0,0,0,0
Main Lake Central,7/23/2013,Calm,76.76,44.48473601,-73.28893557,0,0,0,0,1c,0,57.3125,Calm,0,0,0,0
Main Lake Central,7/24/2013,Calm,37,44.48473601,-73.28893557,0,0,0,0,1a,0,76.5025,Calm,0,0,0,0
Main Lake Central,7/27/2013,Calm,76,44.48473601,-73.28893557,0,0,0,0,1c,0,68.602,Calm,0,0,0,0
Main Lake Central,7/28/2013,White Caps,74,44.48473601,-73.28893557,0,0,0,0,1b,0,67.902,Calm,0,0,0,0
Main Lake Central,7/29/2013,Calm,38,44.48473601,-73.28893557,0,0,0,0,1a,0,68.252,Calm,0,0,0,0
Main Lake Central,7/30/2013,Calm,73.73333333,44.48473601,-73.28893557,0,1,0,0,1a,0,60.352,Calm,0,0,0,0
Main Lake Central,7/31/2013,Calm,72,44.48473601,-73.28893557,0,0,0,0,1a,0,59.74666667,Calm,0,0,0,0
Main Lake Central,8/1/2013,Rolling,0,44.48473601,-73.28893557,0,0,0,0,1a,0,66.74666667,Calm,0,0,0,0
Main Lake Central,8/2/2013,Calm,48.26666667,44.48473601,-73.28893557,0,0,0,0,1b,0,55.62222222,Calm,0,0,0,0
Main Lake Central,8/4/2013,Calm,70.5,44.48473601,-73.28893557,0,0,0,0,1b,0,54.57142857,Calm,0,0,0,0
Main Lake Central,8/5/2013,Rolling,57.52,44.48473601,-73.28893557,0,0,0,0,1b,0,50.41666667,Calm,0,0,0,0
Main Lake Central,8/6/2013,Calm,71,44.48473601,-73.28893557,0,0,0,0,1b,0,53.67,Calm,0,0,0,0
Main Lake Central,8/7/2013,White Caps,49,44.48473601,-73.28893557,1,0,0,0,1b,0,53.21444444,Calm,0,0,0,0
Main Lake Central,8/8/2013,White Caps,70,44.48473601,-73.28893557,0,0,0,0,1a,0,49.38111111,Calm,0,0,0,0
Main Lake Central,8/10/2013,Rolling,0,44.48473601,-73.28893557,0,0,0,0,1c,0,61.04777778,Calm,0,0,0,0
Main Lake Central,8/11/2013,Calm,56.8,44.48473601,-73.28893557,0,0,0,0,1b,0,53.00333333,Calm,0,0,0,0
Main Lake Central,8/12/2013,Rolling,72,44.48473601,-73.28893557,1,0,0,0,1b,0,50.72,Calm,0,0,0,0
Main Lake Central,8/13/2013,Rolling,72.6,44.48473601,-73.28893557,1,0,0,0,1a,0,53.13333333,Calm,0,0,0,0
Main Lake Central,8/14/2013,Rolling,35.15,44.48473601,-73.28893557,0,0,0,0,1b,0,53.4,Rolling,0,0,0,0
Main Lake Central,8/15/2013,Calm,70.275,44.48473601,-73.28893557,0,0,0,0,1b,0,51.09166667,Rolling,0,0,0,0
Main Lake Central,8/16/2013,Calm,72,44.48473601,-73.28893557,0,0,0,0,1a,0,51.1375,Rolling,0,0,0,0
Main Lake Central,8/18/2013,Calm,36,44.48473601,-73.28893557,0,0,0,0,1b,0,54.11785714,Calm,0,0,0,0
Main Lake Central,8/19/2013,Calm,72,44.48473601,-73.28893557,1,0,0,0,1b,0,59.67083333,Calm,0,0,0,0
Main Lake Central,8/20/2013,Calm,62.3,44.48473601,-73.28893557,1,0,1,0,1a,0,59.67083333,Calm,0,0,0,0
Main Lake Central,8/21/2013,Calm,77.5,44.48473601,-73.28893557,0,0,0,0,1b,0,57.95416667,Calm,0,0,0,0
Main Lake Central,8/25/2013,Rolling,56.4,44.48473601,-73.28893557,0,0,0,0,1b,0,65.0125,Calm,0,0,0,0
Main Lake Central,8/26/2013,Calm,71.225,44.48473601,-73.28893557,1,0,0,0,1a,0,67.05,Calm,0,0,0,0
Main Lake Central,8/27/2013,Calm,74.4,44.48473601,-73.28893557,1,0,0,0,1a,0,66.85625,Calm,0,0,0,0
Main Lake Central,8/28/2013,Calm,34.5,44.48473601,-73.28893557,0,0,0,0,1b,0,69.88125,Calm,0,0,0,0
Main Lake Central,9/1/2013,Calm,60.36,44.48473601,-73.28893557,0,0,0,0,1b,0,59.13125,Calm,0,0,0,0
Main Lake Central,9/2/2013,Calm,71.66666667,44.48473601,-73.28893557,0,0,1,1,1b,0,60.12125,Calm,0,0,0,0
Main Lake Central,9/3/2013,Calm,74.8,44.48473601,-73.28893557,1,0,0,0,1a,0,60.23166667,Calm,0,0,0,0
Main Lake Central,9/4/2013,Calm,0,44.48473601,-73.28893557,0,0,0,0,1a,0,60.33166667,Calm,0,0,0,0
Main Lake Central,9/8/2013,Calm,69.63333333,44.48473601,-73.28893557,0,0,0,0,1a,0,51.70666667,Calm,0,0,0,0
Main Lake Central,9/9/2013,Calm,68,44.48473601,-73.28893557,0,0,0,0,1a,0,54.025,Calm,0,0,0,0
Main Lake Central,9/15/2013,Calm,64.5,44.48473601,-73.28893557,0,0,0,0,1a,0,53.10833333,Calm,0,0,0,0
Main Lake Central,9/22/2013,Calm,61,44.48473601,-73.28893557,0,0,0,0,1a,0,66.25,Calm,0,0,0,0
Main Lake Central,6/12/2014,Calm,62.6,44.48473601,-73.28893557,0,0,0,0,1a,0,61,,,,,
Main Lake Central,6/13/2014,Calm,64.8,44.48473601,-73.28893557,0,0,0,0,1a,0,62.6,Calm,0,0,0,0
Main Lake Central,6/14/2014,Calm,63,44.48473601,-73.28893557,0,0,0,0,1b,0,63.7,Calm,0,0,0,0
Main Lake Central,6/15/2014,Rolling,63.66666667,44.48473601,-73.28893557,0,0,0,0,1c,0,63.46666667,Calm,0,0,0,0
Main Lake Central,6/16/2014,Calm,66.9,44.48473601,-73.28893557,1,0,0,0,1c,0,63.51666667,Calm,0,0,0,0
Main Lake Central,6/17/2014,Calm,69.58,44.48473601,-73.28893557,0,0,0,0,1c,0,64.19333333,Calm,0,0,0,0
Main Lake Central,6/18/2014,Rolling,,44.48473601,-73.28893557,0,0,0,0,1a,0,65.09111111,Calm,0,0,0,0
Main Lake Central,6/19/2014,Calm,65.05,44.48473601,-73.28893557,0,0,0,0,1a,0,65.09111111,Calm,0,0,0,0
Main Lake Central,6/20/2014,Calm,56.2,44.48473601,-73.28893557,0,0,0,0,1a,0,65.49944444,Calm,0,0,0,0
Main Lake Central,6/21/2014,Calm,64.25,44.48473601,-73.28893557,0,0,0,0,1c,0,64.06611111,Calm,0,0,0,0
Main Lake Central,6/22/2014,Rolling,68,44.48473601,-73.28893557,0,0,0,0,1b,0,64.27444444,Calm,0,0,0,0
Main Lake Central,6/23/2014,Calm,67.32,44.48473601,-73.28893557,0,0,0,0,1a,0,64.99666667,Calm,0,0,0,0
Main Lake Central,6/24/2014,Rolling,66.92,44.48473601,-73.28893557,0,0,0,0,1a,0,65.06666667,Calm,0,0,0,0
Main Lake Central,6/25/2014,Rolling,,44.48473601,-73.28893557,0,0,0,0,1a,0,64.62333333,Calm,0,0,0,0
Main Lake Central,6/26/2014,Calm,65.6,44.48473601,-73.28893557,0,0,0,0,1a,0,64.62333333,Calm,0,0,0,0
Main Lake Central,6/27/2014,Rolling,73.9,44.48473601,-73.28893557,0,0,0,0,1a,0,64.715,Calm,0,0,0,0
Main Lake Central,6/28/2014,Calm,70.53333333,44.48473601,-73.28893557,0,0,0,0,1d,0,67.665,Rolling,0,0,0,0
Main Lake Central,6/29/2014,Rolling,65,44.48473601,-73.28893557,0,0,0,0,1b,0,68.71222222,Rolling,0,0,0,0
Main Lake Central,6/30/2014,Calm,65.125,44.48473601,-73.28893557,0,0,0,0,1a,0,68.21222222,Rolling,0,0,0,0
Main Lake Central,7/1/2014,White Caps,73.96,44.48473601,-73.28893557,1,0,0,0,1b,0,67.84638889,Rolling,0,0,0,0
Main Lake Central,7/2/2014,Calm,74,44.48473601,-73.28893557,0,0,0,0,1a,0,69.01972222,Calm,0,0,0,0
Main Lake Central,7/3/2014,Rolling,66,44.48473601,-73.28893557,0,0,0,0,1b,0,69.73119048,Calm,0,0,0,0
Main Lake Central,7/4/2014,Rolling,70.93333333,44.48473601,-73.28893557,0,0,0,0,1b,0,69.78833333,Calm,0,0,0,0
Main Lake Central,7/5/2014,Calm,69,44.48473601,-73.28893557,0,0,0,0,1b,0,69.36452381,Calm,0,0,0,0
Main Lake Central,7/6/2014,Calm,69.3,44.48473601,-73.28893557,0,0,0,0,1c,0,69.14547619,Calm,0,0,0,0
Main Lake Central,7/7/2014,Calm,71.33333333,44.48473601,-73.28893557,1,0,0,0,1b,0,69.7597619,Calm,0,0,0,0
Main Lake Central,7/8/2014,Rolling,71.0375,44.48473601,-73.28893557,1,0,0,0,1b,0,70.64666667,Calm,0,0,0,0
Main Lake Central,7/9/2014,Rolling,70.05,44.48473601,-73.28893557,0,0,0,0,1b,0,70.22916667,Calm,0,0,0,0
Main Lake Central,7/10/2014,Rolling,,44.48473601,-73.28893557,0,0,0,0,1b,0,69.66488095,Rolling,0,0,0,0
Main Lake Central,7/11/2014,Calm,72.95,44.48473601,-73.28893557,0,0,0,0,1a,0,70.27569444,Rolling,0,0,0,0
Main Lake Central,7/12/2014,Calm,72.52,44.48473601,-73.28893557,0,0,0,0,1b,0,70.61180556,Calm,0,0,0,0
Main Lake Central,7/13/2014,Rolling,71,44.48473601,-73.28893557,0,0,0,0,1b,0,71.19847222,Calm,0,0,0,0
Main Lake Central,7/14/2014,Calm,69.8,44.48473601,-73.28893557,0,0,0,0,1b,0,71.48180556,Rolling,0,0,0,0
Main Lake Central,7/15/2014,Rolling,75.3,44.48473601,-73.28893557,1,0,0,0,1b,0,71.22625,Rolling,0,0,0,0
Main Lake Central,7/16/2014,Calm,76.52,44.48473601,-73.28893557,0,0,0,0,1a,0,71.93666667,Rolling,0,0,0,0
Main Lake Central,7/17/2014,Calm,70,44.48473601,-73.28893557,0,0,0,0,1b,0,73.015,Calm,0,0,0,0
Main Lake Central,7/19/2014,Calm,71.75,44.48473601,-73.28893557,0,0,0,0,1d,0,72.58428571,Calm,0,0,0,0
Main Lake Central,7/20/2014,Calm,74.08333333,44.48473601,-73.28893557,0,0,0,0,1b,0,72.395,Calm,0,0,0,0
Main Lake Central,7/21/2014,Calm,74.675,44.48473601,-73.28893557,0,0,0,0,1b,0,72.90888889,Calm,0,0,0,0
Main Lake Central,7/22/2014,Calm,80.48571429,44.48473601,-73.28893557,1,0,0,0,1c,0,73.72138889,Calm,0,0,0,0
Main Lake Central,7/23/2014,Calm,70,44.48473601,-73.28893557,0,0,0,0,1b,0,74.5856746,Calm,0,0,0,0
Main Lake Central,7/24/2014,Rolling,72,44.48473601,-73.28893557,0,0,0,0,1a,0,73.49900794,Calm,0,0,0,0
Main Lake Central,7/25/2014,Rolling,,44.48473601,-73.28893557,0,0,0,0,1b,0,73.83234127,Calm,0,0,0,0
Main Lake Central,7/26/2014,Rolling,73.71428571,44.48473601,-73.28893557,0,0,0,0,1b,0,73.83234127,Calm,0,0,0,0
Main Lake Central,7/27/2014,Rolling,74,44.48473601,-73.28893557,0,0,0,0,1b,0,74.15972222,Calm,0,0,0,0
Main Lake Central,7/28/2014,Rolling,69.7,44.48473601,-73.28893557,0,0,0,0,1a,0,74.14583333,Rolling,0,0,0,0
Main Lake Central,7/29/2014,Calm,71.25,44.48473601,-73.28893557,0,0,0,0,1c,0,73.31666667,Rolling,0,0,0,0
Main Lake Central,7/30/2014,Rolling,74.36666667,44.48473601,-73.28893557,0,0,0,0,1c,0,71.77738095,Rolling,0,0,0,0
Main Lake Central,8/1/2014,Rolling,72.2,44.48473601,-73.28893557,0,0,0,0,1a,0,72.50515873,Rolling,0,0,0,0
Main Lake Central,8/2/2014,Rolling,72.1,44.48473601,-73.28893557,0,0,0,0,1c,0,72.53849206,Rolling,0,0,0,0
Main Lake Central,8/3/2014,Calm,74.5,44.48473601,-73.28893557,0,0,0,0,1b,0,72.26944444,Rolling,0,0,0,0
Main Lake Central,8/4/2014,Calm,77.225,44.48473601,-73.28893557,0,0,0,0,1d,0,72.35277778,Rolling,0,0,0,0
Main Lake Central,8/5/2014,Calm,77.0375,44.48473601,-73.28893557,1,0,0,1,1c,0,73.60694444,Calm,0,0,0,0
Main Lake Central,8/6/2014,Calm,74.4,44.48473601,-73.28893557,0,0,0,0,1a,0,74.57152778,Calm,0,0,0,0
Main Lake Central,8/8/2014,Calm,77.3,44.48473601,-73.28893557,0,0,0,0,1a,0,74.57708333,Calm,0,0,0,0
Main Lake Central,8/9/2014,Calm,73.66666667,44.48473601,-73.28893557,0,0,0,0,1a,0,75.42708333,Calm,0,0,0,0
Main Lake Central,8/10/2014,Calm,74.6,44.48473601,-73.28893557,0,0,0,0,1c,0,75.68819444,Calm,0,0,0,0
Main Lake Central,8/11/2014,Calm,76.26666667,44.48473601,-73.28893557,0,0,0,0,1d,0,75.70486111,Calm,0,0,0,0
Main Lake Central,8/12/2014,Rolling,75.13333333,44.48473601,-73.28893557,1,0,0,1,1b,0,75.54513889,Calm,0,0,0,0
Main Lake Central,8/13/2014,Calm,,44.48473601,-73.28893557,0,0,0,0,1a,0,75.22777778,Calm,0,0,0,0
Main Lake Central,8/15/2014,Rolling,67.6,44.48473601,-73.28893557,0,0,0,0,1a,0,75.39333333,Calm,0,0,0,0
Main Lake Central,8/16/2014,Rolling,68.33333333,44.48473601,-73.28893557,0,0,0,0,1b,0,73.45333333,Calm,0,0,0,0
Main Lake Central,8/17/2014,Calm,70.8,44.48473601,-73.28893557,0,0,0,0,1c,0,72.38666667,Calm,0,0,0,0
Main Lake Central,8/18/2014,Calm,71,44.48473601,-73.28893557,0,0,0,0,1a,0,71.62666667,Calm,0,0,0,0
Main Lake Central,8/19/2014,Calm,71.93333333,44.48473601,-73.28893557,0,0,0,0,1a,0,70.57333333,Calm,0,0,0,0
Main Lake Central,8/20/2014,Calm,71.6,44.48473601,-73.28893557,1,0,0,0,1a,0,69.93333333,Calm,0,0,0,0
Main Lake Central,8/22/2014,Rolling,70.6,44.48473601,-73.28893557,0,0,0,0,1a,0,70.21111111,Calm,0,0,0,0
Main Lake Central,8/23/2014,Calm,70.5,44.48473601,-73.28893557,0,0,0,0,1c,0,70.71111111,Calm,0,0,0,0
Main Lake Central,8/24/2014,Calm,73,44.48473601,-73.28893557,0,0,0,0,1b,0,71.07222222,Calm,0,0,0,0
Main Lake Central,8/25/2014,Calm,80.16666667,44.48473601,-73.28893557,0,0,0,0,1a,0,71.43888889,Calm,0,0,0,0
Main Lake Central,8/26/2014,Calm,76.55714286,44.48473601,-73.28893557,1,0,0,0,1b,0,72.96666667,Calm,0,0,0,0
Main Lake Central,8/28/2014,Calm,,44.48473601,-73.28893557,0,0,0,0,1a,0,73.73730159,Calm,0,0,0,0
Main Lake Central,8/29/2014,Calm,72.3,44.48473601,-73.28893557,0,0,0,0,1a,0,74.1647619,Calm,0,0,0,0
Main Lake Central,8/30/2014,White Caps,71,44.48473601,-73.28893557,0,0,0,0,1b,0,74.5047619,Calm,0,0,0,0
Main Lake Central,8/31/2014,Rolling,68,44.48473601,-73.28893557,0,0,0,0,1c,0,74.6047619,Calm,0,0,0,0
Main Lake Central,9/1/2014,Calm,72.2,44.48473601,-73.28893557,0,0,0,0,1a,0,73.6047619,Calm,0,0,0,0
Main Lake Central,9/2/2014,Calm,76.1125,44.48473601,-73.28893557,1,0,0,0,1b,0,72.01142857,Calm,0,0,0,0
Main Lake Central,9/5/2014,Rolling,,44.48473601,-73.28893557,0,0,0,0,1a,0,71.9225,Calm,0,0,0,0
Main Lake Central,9/7/2014,Calm,71,44.48473601,-73.28893557,0,0,0,0,1b,0,71.828125,Calm,0,0,0,0
Main Lake Central,9/9/2014,Calm,71.06666667,44.48473601,-73.28893557,1,1,0,1,1b,0,73.10416667,Calm,0,0,0,0
Main Lake Central,9/12/2014,Rolling,60,44.48473601,-73.28893557,0,0,0,0,1a,0,71.03333333,Calm,0,0,0,0
Main Lake Central,9/14/2014,Calm,64.25,44.48473601,-73.28893557,0,0,0,0,1a,0,67.35555556,Calm,0,0,0,0
Main Lake Central,9/16/2014,Calm,63.175,44.48473601,-73.28893557,1,0,0,0,1b,0,65.10555556,Calm,0,0,0,0
Main Lake Central,9/17/2014,Calm,,44.48473601,-73.28893557,0,0,0,0,1b,0,62.475,Calm,0,0,0,0
Main Lake Central,9/19/2014,Calm,62,44.48473601,-73.28893557,0,0,0,0,1a,0,62.475,Calm,0,0,0,0
Main Lake Central,9/21/2014,White Caps,,44.48473601,-73.28893557,0,0,0,0,1a,0,63.14166667,Calm,0,0,0,0
Main Lake Central,9/23/2014,Rolling,60.5,44.48473601,-73.28893557,0,0,0,0,1b,0,62.5875,Calm,0,0,0,0
Main Lake Central,9/25/2014,,,44.48473601,-73.28893557,0,0,0,0,2,1,61.25,Calm,0,0,0,0
Main Lake Central,9/26/2014,Calm,74,44.48473601,-73.28893557,0,0,0,0,2,1,61.25,Calm,0,0,0,0
Main Lake Central,9/27/2014,Calm,70.8,44.48473601,-73.28893557,0,0,0,0,3,1,67.25,Calm,0,0,0,0
Main Lake Central,9/28/2014,Calm,66,44.48473601,-73.28893557,0,0,0,0,1a,0,68.43333333,Calm,0,0,0,0
Main Lake Central,9/29/2014,Calm,69.9,44.48473601,-73.28893557,0,0,0,0,2,1,67.825,Calm,0,0,0,0
Main Lake Central,9/30/2014,,,44.48473601,-73.28893557,1,0,0,0,1a,0,68.24,Calm,0,0,0,0
Main Lake Central,10/2/2014,,,44.48473601,-73.28893557,0,0,0,0,3,1,70.175,Calm,0,0,0,0
Main Lake Central,6/14/2015,Calm,59.75,44.48473601,-73.28893557,0,0,0,0,1b,0,70.175,,,,,
Main Lake Central,6/15/2015,Calm,62,44.48473601,-73.28893557,0,0,0,0,1a,0,59.75,Calm,0,0,0,0
Main Lake Central,6/16/2015,Calm,66.2,44.48473601,-73.28893557,0,0,0,0,1a,0,60.875,Calm,0,0,0,0
Main Lake Central,6/17/2015,Calm,63,44.48473601,-73.28893557,0,0,0,0,1a,0,62.65,Calm,0,0,0,0
Main Lake Central,6/18/2015,Rolling,66,44.48473601,-73.28893557,0,0,0,0,1b,0,62.7375,Calm,0,0,0,0
Main Lake Central,6/20/2015,Calm,58,44.48473601,-73.28893557,0,0,0,0,1b,0,63.39,Calm,0,0,0,0
Main Lake Central,6/21/2015,Calm,69,44.48473601,-73.28893557,0,0,0,0,1a,0,62.49166667,Calm,0,0,0,0
Main Lake Central,6/22/2015,Calm,68.825,44.48473601,-73.28893557,0,0,0,0,1c,0,64.03333333,Calm,0,0,0,0
Main Lake Central,6/23/2015,White Caps,65.36666667,44.48473601,-73.28893557,0,0,0,0,1b,0,65.17083333,Calm,0,0,0,0
Main Lake Central,6/24/2015,Calm,68.8,44.48473601,-73.28893557,0,0,0,0,1b,0,65.03194444,Calm,0,0,0,0
Main Lake Central,6/25/2015,Rolling,65.8,44.48473601,-73.28893557,0,0,0,0,1b,0,65.99861111,Calm,0,0,0,0
Main Lake Central,6/27/2015,Calm,61.5,44.48473601,-73.28893557,0,0,0,0,1b,0,65.96527778,Calm,0,0,0,0
Main Lake Central,6/28/2015,Calm,59,44.48473601,-73.28893557,0,0,0,0,1b,0,66.54861111,Calm,0,0,0,0
Main Lake Central,6/29/2015,Calm,67.5,44.48473601,-73.28893557,1,0,0,0,1a,0,64.88194444,Calm,0,0,0,0
Main Lake Central,6/30/2015,Rolling,67.1375,44.48473601,-73.28893557,0,0,0,0,1b,0,64.66111111,Calm,0,0,0,0
Main Lake Central,7/1/2015,Calm,78,44.48473601,-73.28893557,0,0,0,0,1a,0,64.95625,Calm,0,0,0,0
Main Lake Central,7/2/2015,Rolling,67.94,44.48473601,-73.28893557,0,0,0,0,1b,0,66.48958333,Calm,0,0,0,0
Main Lake Central,7/4/2015,Calm,65,44.48473601,-73.28893557,0,0,0,0,1b,0,66.84625,Calm,0,0,0,0
Main Lake Central,7/5/2015,Rolling,66.4,44.48473601,-73.28893557,0,0,0,0,1d,0,67.42958333,Calm,0,0,0,0
Main Lake Central,7/6/2015,Calm,71.5,44.48473601,-73.28893557,1,0,0,0,1d,0,68.66291667,Calm,0,0,0,0
Main Lake Central,7/7/2015,Rolling,72.25,44.48473601,-73.28893557,1,0,0,0,1b,0,69.32958333,Calm,0,0,0,0
Main Lake Central,7/8/2015,White Caps,72.5,44.48473601,-73.28893557,0,0,0,0,1d,0,70.18166667,Calm,0,0,0,0
Main Lake Central,7/9/2015,Rolling,72,44.48473601,-73.28893557,0,0,0,0,1b,0,69.265,Rolling,0,0,0,0
Main Lake Central,7/10/2015,Calm,69,44.48473601,-73.28893557,0,0,0,0,2,1,69.94166667,Rolling,0,0,0,0
Main Lake Central,7/11/2015,Calm,69.33333333,44.48473601,-73.28893557,0,0,0,0,1d,0,69.80714286,Calm,0,0,0,0
Main Lake Central,7/12/2015,Rolling,67,44.48473601,-73.28893557,0,0,0,0,1b,0,70.42619048,Calm,0,0,0,0
Main Lake Central,7/13/2015,Calm,75.32857143,44.48473601,-73.28893557,1,0,0,0,3,1,70.51190476,Calm,0,0,0,0
Main Lake Central,7/14/2015,White Caps,72.18,44.48473601,-73.28893557,1,0,0,0,1c,0,71.05884354,Calm,0,0,0,0
Main Lake Central,7/15/2015,Calm,69.92,44.48473601,-73.28893557,0,0,0,0,1d,0,71.04884354,Calm,0,0,0,0
Main Lake Central,7/16/2015,Rolling,,44.48473601,-73.28893557,0,0,0,0,1a,0,70.68027211,Calm,0,0,0,0
Main Lake Central,7/18/2015,Rolling,69.5,44.48473601,-73.28893557,0,0,0,0,1b,0,70.46031746,Calm,0,0,0,0
Main Lake Central,7/19/2015,Calm,71.66666667,44.48473601,-73.28893557,0,0,0,0,1d,0,70.78571429,Rolling,0,0,0,0
Main Lake Central,7/20/2015,Calm,75.07142857,44.48473601,-73.28893557,1,0,0,0,1d,0,71.71904762,Calm,0,0,0,0
Main Lake Central,7/21/2015,Rolling,74.15,44.48473601,-73.28893557,0,0,0,0,1c,0,71.66761905,Calm,0,0,0,0
Main Lake Central,7/22/2015,Rolling,71.25,44.48473601,-73.28893557,0,0,0,0,1c,0,72.06161905,Calm,0,0,0,0
Main Lake Central,7/23/2015,Calm,75.3,44.48473601,-73.28893557,0,0,0,0,1a,0,72.32761905,Rolling,0,0,0,0
Main Lake Central,7/25/2015,Rolling,,44.48473601,-73.28893557,0,0,0,0,1b,0,72.82301587,Calm,0,0,0,0
Main Lake Central,7/26/2015,Rolling,71.8,44.48473601,-73.28893557,0,0,0,0,1d,0,73.48761905,Calm,0,0,0,0
Main Lake Central,7/27/2015,Rolling,75.8,44.48473601,-73.28893557,1,0,0,0,1b,0,73.51428571,Rolling,0,0,0,0
Main Lake Central,7/28/2015,Calm,78.9,44.48473601,-73.28893557,1,1,0,0,3,1,73.66,Rolling,0,0,0,0
Main Lake Central,7/29/2015,Rolling,79.05714286,44.48473601,-73.28893557,0,0,0,0,2,1,74.61,Rolling,0,0,0,0
Main Lake Central,7/30/2015,Calm,77.6,44.48473601,-73.28893557,0,0,0,0,1b,0,76.17142857,Rolling,0,0,0,0
Main Lake Central,7/31/2015,White Caps,77,44.48473601,-73.28893557,1,1,1,0,1d,0,76.63142857,Rolling,0,0,0,0
Main Lake Central,8/1/2015,Rolling,73.5,44.48473601,-73.28893557,0,0,0,0,1b,0,76.69285714,Rolling,0,0,0,0
Main Lake Central,8/2/2015,Rolling,75.35,44.48473601,-73.28893557,0,0,0,0,1b,0,76.23673469,Rolling,0,0,0,0
Main Lake Central,8/3/2015,White Caps,73.33333333,44.48473601,-73.28893557,0,0,0,0,1b,0,76.74387755,Rolling,0,0,0,0
Main Lake Central,8/4/2015,Rolling,74.9,44.48473601,-73.28893557,0,0,0,0,1c,0,76.3914966,Rolling,0,0,0,0
Main Lake Central,8/5/2015,Calm,76,44.48473601,-73.28893557,1,1,1,0,1c,0,75.82006803,Rolling,0,0,0,0
Main Lake Central,8/7/2015,Rolling,77.5,44.48473601,-73.28893557,0,0,0,0,1b,0,75.38333333,Rolling,0,0,0,0
Main Lake Central,8/8/2015,Rolling,74.4,44.48473601,-73.28893557,0,0,0,0,1b,0,75.09722222,Rolling,0,0,0,0
Main Lake Central,8/9/2015,Rolling,74.1,44.48473601,-73.28893557,0,0,0,0,1a,0,75.24722222,Rolling,0,0,0,0
Main Lake Central,8/10/2015,Rolling,72.925,44.48473601,-73.28893557,0,0,0,0,1b,0,75.03888889,Rolling,0,0,0,0
Main Lake Central,8/11/2015,Rolling,72,44.48473601,-73.28893557,0,0,0,0,1b,0,74.97083333,Rolling,0,0,0,0
Main Lake Central,8/12/2015,Rolling,74.4,44.48473601,-73.28893557,0,0,0,0,1c,0,74.4875,Rolling,0,0,0,0
Main Lake Central,8/13/2015,Calm,76,44.48473601,-73.28893557,0,0,0,0,1a,0,74.22083333,Rolling,0,0,0,0
Main Lake Central,8/14/2015,Rolling,,44.48473601,-73.28893557,0,0,0,0,1a,0,74.475,Rolling,0,0,0,0
Main Lake Central,8/15/2015,Calm,71.5,44.48473601,-73.28893557,0,0,0,0,1b,0,73.97083333,Rolling,0,0,0,0
Main Lake Central,8/16/2015,Rolling,75.33333333,44.48473601,-73.28893557,0,0,0,0,1a,0,73.4875,Rolling,0,0,0,0
Main Lake Central,8/17/2015,Rolling,76.13333333,44.48473601,-73.28893557,1,0,0,0,2,1,73.69305556,Rolling,0,0,0,0
Main Lake Central,8/18/2015,Rolling,77.725,44.48473601,-73.28893557,1,0,0,0,1d,0,74.22777778,Rolling,0,0,0,0
Main Lake Central,8/19/2015,Rolling,81,44.48473601,-73.28893557,0,0,0,0,1c,0,75.18194444,Rolling,0,0,0,0
Main Lake Central,8/20/2015,White Caps,,44.48473601,-73.28893557,0,0,0,0,1a,0,76.28194444,Rolling,0,0,0,0
Main Lake Central,8/22/2015,Calm,72.66666667,44.48473601,-73.28893557,0,0,0,0,1a,0,76.33833333,Rolling,0,0,0,0
Main Lake Central,8/23/2015,Calm,76.5,44.48473601,-73.28893557,0,0,0,0,1b,0,76.57166667,Rolling,0,0,0,0
Main Lake Central,8/24/2015,White Caps,75.925,44.48473601,-73.28893557,0,0,0,1,1c,0,76.805,Rolling,0,0,0,0
Main Lake Central,8/25/2015,Calm,76.51666667,44.48473601,-73.28893557,0,1,0,0,1a,0,76.76333333,Calm,0,0,0,0
Main Lake Central,8/26/2015,Calm,,44.48473601,-73.28893557,0,0,0,0,1a,0,76.52166667,Calm,0,0,0,0
Main Lake Central,8/27/2015,Calm,75,44.48473601,-73.28893557,0,0,0,0,1a,0,75.40208333,Calm,0,0,0,0
Main Lake Central,8/28/2015,Calm,,44.48473601,-73.28893557,0,0,0,0,1a,0,75.32166667,Calm,0,0,0,0
Main Lake Central,8/29/2015,Calm,71.5,44.48473601,-73.28893557,0,0,0,0,1c,0,75.32166667,Calm,0,0,0,0
Main Lake Central,8/30/2015,Rolling,75,44.48473601,-73.28893557,0,0,0,0,1a,0,75.08833333,Calm,0,0,0,0
Main Lake Central,8/31/2015,Rolling,77.85,44.48473601,-73.28893557,0,0,0,0,1b,0,74.78833333,Calm,0,0,0,0
Main Lake Central,9/1/2015,Calm,77.26666667,44.48473601,-73.28893557,1,0,0,0,1d,0,75.17333333,Calm,0,0,0,0
Main Lake Central,9/2/2015,Calm,,44.48473601,-73.28893557,0,0,0,0,1a,0,75.32333333,Calm,0,0,0,0
Main Lake Central,9/3/2015,Rolling,80,44.48473601,-73.28893557,0,0,0,0,1c,0,75.32333333,Calm,0,0,0,0
Main Lake Central,9/4/2015,Rolling,,44.48473601,-73.28893557,0,0,0,0,1a,0,76.32333333,Calm,0,0,0,0
Main Lake Central,9/6/2015,Rolling,74.66666667,44.48473601,-73.28893557,0,0,0,0,1c,0,76.32333333,Rolling,0,0,0,0
Main Lake Central,9/7/2015,Rolling,77.35,44.48473601,-73.28893557,0,1,0,0,1c,0,77.44583333,Rolling,0,0,0,0
Main Lake Central,9/8/2015,Calm,78.425,44.48473601,-73.28893557,0,0,0,0,1d,0,77.32083333,Rolling,0,0,0,0
Main Lake Central,9/13/2015,Rolling,73.425,44.48473601,-73.28893557,0,0,0,0,1a,0,77.61041667,Rolling,0,0,0,0
Main Lake Central,9/14/2015,Rolling,70.55,44.48473601,-73.28893557,0,0,0,0,1b,0,76.4,Rolling,0,0,0,0
Main Lake Central,9/15/2015,Calm,73.35,44.48473601,-73.28893557,0,0,0,0,1d,0,74.13333333,Rolling,0,0,0,0
Main Lake Central,9/16/2015,Calm,75.53333333,44.48473601,-73.28893557,0,0,0,0,1c,0,72.44166667,Rolling,0,0,0,0
Main Lake Central,9/19/2015,Rolling,72,44.48473601,-73.28893557,0,0,0,0,1a,0,73.21458333,Calm,0,0,0,0
Main Lake Central,9/20/2015,White Caps,67,44.48473601,-73.28893557,0,0,0,0,1a,0,72.97166667,Rolling,0,0,0,0
Main Lake Central,9/21/2015,Calm,71.8,44.48473601,-73.28893557,0,0,0,0,1c,0,71.68666667,Calm,0,0,0,0
Main Lake Central,9/22/2015,White Caps,70.55,44.48473601,-73.28893557,0,0,0,0,1a,0,71.93666667,Calm,0,0,0,0
Main Lake Central,9/23/2015,Calm,69,44.48473601,-73.28893557,0,0,0,0,1a,0,71.37666667,Calm,0,0,0,0
Main Lake Central,9/27/2015,Rolling,68.75,44.48473601,-73.28893557,0,0,0,0,1a,0,70.07,Calm,0,0,0,0
Main Lake Central,9/28/2015,White Caps,66.05,44.48473601,-73.28893557,0,0,0,0,1b,0,70.025,Calm,0,0,0,0
Main Lake Central,9/29/2015,Rolling,,44.48473601,-73.28893557,0,0,0,0,1a,0,68.5875,White Caps,0,0,0,0
Main Lake Central,6/18/2016,Calm,,44.48473601,-73.28893557,0,0,0,0,1c,0,67.93333333,,,,,
Main Lake Central,6/19/2016,Rolling,65,44.48473601,-73.28893557,0,0,0,0,1c,0,,Calm,0,0,0,0
Main Lake Central,6/20/2016,Rolling,,44.48473601,-73.28893557,0,0,0,0,1b,0,65,Calm,0,0,0,0
Main Lake Central,6/21/2016,Calm,63.25,44.48473601,-73.28893557,0,0,0,0,1a,0,65,Rolling,0,0,0,0
Main Lake Central,6/22/2016,Calm,72.4,44.48473601,-73.28893557,0,0,0,0,1a,0,64.125,Calm,0,0,0,0
Main Lake Central,6/23/2016,Calm,70,44.48473601,-73.28893557,0,0,0,0,1a,0,66.88333333,Calm,0,0,0,0
Main Lake Central,6/24/2016,Calm,72,44.48473601,-73.28893557,0,0,0,0,1c,0,67.6625,Calm,0,0,0,0
Main Lake Central,6/25/2016,Calm,,44.48473601,-73.28893557,0,0,0,0,1c,0,68.53,Calm,0,0,0,0
Main Lake Central,6/26/2016,Rolling,67,44.48473601,-73.28893557,0,0,0,0,1b,0,68.53,Calm,0,0,0,0
Main Lake Central,6/27/2016,White Caps,68.225,44.48473601,-73.28893557,0,0,0,0,1b,0,68.93,Calm,0,0,0,0
Main Lake Central,6/28/2016,Calm,71.4,44.48473601,-73.28893557,0,0,0,0,1b,0,68.8125,Calm,0,0,0,0
Main Lake Central,6/29/2016,Calm,74,44.48473601,-73.28893557,0,0,0,0,1a,0,70.17083333,Calm,0,0,0,0
Main Lake Central,6/30/2016,Calm,74,44.48473601,-73.28893557,0,0,0,0,1c,0,70.4375,Calm,0,0,0,0
Main Lake Central,7/1/2016,Calm,,44.48473601,-73.28893557,0,0,0,0,1a,0,71.10416667,Calm,0,0,0,0
Main Lake Central,7/2/2016,White Caps,,44.48473601,-73.28893557,0,0,0,0,1a,0,70.925,Calm,0,0,0,0
Main Lake Central,7/3/2016,Rolling,67.75,44.48473601,-73.28893557,0,0,0,0,1b,0,70.925,Calm,0,0,0,0
Main Lake Central,7/4/2016,Rolling,,44.48473601,-73.28893557,0,0,0,1,1b,0,71.075,Calm,0,0,0,0
Main Lake Central,7/5/2016,Calm,73.97142857,44.48473601,-73.28893557,1,0,0,0,2,1,71.7875,Calm,0,0,0,0
Main Lake Central,7/6/2016,Calm,79.8,44.48473601,-73.28893557,0,0,0,0,2,1,72.43035714,Calm,0,0,0,0
Main Lake Central,7/7/2016,Rolling,80,44.48473601,-73.28893557,0,0,0,0,2,1,73.88035714,Calm,0,0,0,0
Main Lake Central,7/8/2016,White Caps,74.6,44.48473601,-73.28893557,0,0,0,0,1a,0,75.38035714,Calm,0,0,0,0
Main Lake Central,7/9/2016,Rolling,,44.48473601,-73.28893557,0,0,0,0,1b,0,75.22428571,Rolling,0,0,0,0
Main Lake Central,7/10/2016,Calm,66.25,44.48473601,-73.28893557,0,0,0,0,1b,0,75.22428571,Rolling,0,0,0,0
Main Lake Central,7/11/2016,Calm,76.5,44.48473601,-73.28893557,0,0,0,0,3,1,74.92428571,Calm,0,0,0,0
Main Lake Central,7/12/2016,Calm,74.7,44.48473601,-73.28893557,0,0,0,0,3,1,75.18690476,Calm,0,0,0,0
Main Lake Central,7/13/2016,Calm,80,44.48473601,-73.28893557,0,0,0,0,3,1,75.30833333,Calm,0,0,0,0
Main Lake Central,7/14/2016,Rolling,,44.48473601,-73.28893557,0,0,0,0,1c,0,75.34166667,Calm,0,0,0,0
Main Lake Central,7/15/2016,Rolling,,44.48473601,-73.28893557,0,0,0,0,1a,0,74.41,Calm,0,0,0,0
Main Lake Central,7/16/2016,Calm,,44.48473601,-73.28893557,0,0,0,0,3,1,74.3625,Calm,0,0,0,0
Main Lake Central,7/17/2016,Calm,72,44.48473601,-73.28893557,0,0,0,0,2,1,74.3625,Calm,0,0,0,0
Main Lake Central,7/18/2016,White Caps,78,44.48473601,-73.28893557,1,0,0,1,1c,0,75.8,Calm,0,0,0,0
Main Lake Central,7/19/2016,Rolling,74.56666667,44.48473601,-73.28893557,0,0,0,0,1c,0,76.175,Calm,0,0,0,0
Main Lake Central,7/20/2016,Calm,74,44.48473601,-73.28893557,0,0,0,0,1a,0,76.14166667,Calm,0,0,0,0
Main Lake Central,7/21/2016,Calm,74,44.48473601,-73.28893557,0,0,0,0,1a,0,74.64166667,Calm,0,0,0,0
Main Lake Central,7/24/2016,Rolling,72.5,44.48473601,-73.28893557,0,0,0,0,1c,0,74.51333333,Calm,0,0,0,0
Main Lake Central,7/25/2016,Rolling,73.3,44.48473601,-73.28893557,1,0,0,0,1a,0,74.61333333,Calm,0,0,0,0
Main Lake Central,7/26/2016,Calm,75.925,44.48473601,-73.28893557,0,0,0,0,1c,0,73.67333333,Rolling,0,0,0,0
Main Lake Central,7/27/2016,Rolling,77,44.48473601,-73.28893557,0,0,0,0,1a,0,73.945,Calm,0,0,0,0
Main Lake Central,7/28/2016,Calm,80,44.48473601,-73.28893557,0,0,0,0,2,1,74.545,Rolling,0,0,0,0
Main Lake Central,7/29/2016,Rolling,,44.48473601,-73.28893557,0,0,0,0,2,1,75.745,Rolling,0,0,0,0
Main Lake Central,7/30/2016,Calm,,44.48473601,-73.28893557,0,0,0,0,2,1,75.745,Rolling,0,0,0,0
Main Lake Central,7/31/2016,Calm,72,44.48473601,-73.28893557,0,0,0,0,1a,0,75.745,Rolling,0,0,0,0
Main Lake Central,8/1/2016,Rolling,,44.48473601,-73.28893557,0,0,0,1,1a,0,75.645,Calm,0,0,0,0
Main Lake Central,8/2/2016,Calm,78.25,44.48473601,-73.28893557,0,0,0,0,1a,0,76.23125,Calm,0,0,0,0
Main Lake Central,8/3/2016,Calm,77,44.48473601,-73.28893557,0,0,0,0,1a,0,76.8125,Calm,0,0,0,0
Main Lake Central,8/4/2016,Calm,75.5,44.48473601,-73.28893557,0,0,0,0,1b,0,76.8125,Calm,0,0,0,0
Main Lake Central,8/6/2016,Rolling,,44.48473601,-73.28893557,0,0,0,0,1c,0,75.6875,Calm,0,0,0,0
Main Lake Central,8/7/2016,Rolling,74,44.48473601,-73.28893557,0,0,0,0,1c,0,75.6875,Calm,0,0,0,0
Main Lake Central,8/8/2016,Calm,72.5,44.48473601,-73.28893557,1,0,0,1,1d,0,76.1875,Calm,0,0,0,0
Main Lake Central,8/9/2016,Calm,78,44.48473601,-73.28893557,0,0,0,0,1d,0,75.45,Calm,0,0,0,0
Main Lake Central,8/10/2016,Rolling,78,44.48473601,-73.28893557,0,0,0,0,1a,0,75.4,Calm,0,0,0,0
Main Lake Central,8/11/2016,Calm,78,44.48473601,-73.28893557,0,0,0,0,1a,0,75.6,Calm,0,0,0,0
Main Lake Central,8/13/2016,Calm,,44.48473601,-73.28893557,0,0,0,0,1a,0,76.1,Calm,0,0,0,0
Main Lake Central,8/14/2016,Calm,68.5,44.48473601,-73.28893557,0,0,0,0,1c,0,76.1,Calm,0,0,0,0
Main Lake Central,8/15/2016,Calm,,44.48473601,-73.28893557,0,0,0,0,1a,0,75,Calm,0,0,0,0
Main Lake Central,8/16/2016,Calm,,44.48473601,-73.28893557,0,0,0,0,1c,0,75.625,Calm,0,0,0,0
Main Lake Central,8/17/2016,Calm,72.33333333,44.48473601,-73.28893557,0,0,0,0,1a,0,74.83333333,Calm,0,0,0,0
Main Lake Central,8/18/2016,Calm,79,44.48473601,-73.28893557,0,0,0,0,1a,0,72.94444444,Calm,0,0,0,0
Main Lake Central,8/20/2016,White Caps,,44.48473601,-73.28893557,0,0,0,0,1c,0,73.27777778,Calm,0,0,0,0
Main Lake Central,8/21/2016,Rolling,73,44.48473601,-73.28893557,0,0,0,0,1c,0,73.27777778,Calm,0,0,0,0
Main Lake Central,8/22/2016,Rolling,73.7,44.48473601,-73.28893557,0,0,0,0,1a,0,74.77777778,Calm,0,0,0,0
Main Lake Central,8/23/2016,Calm,72,44.48473601,-73.28893557,0,0,0,0,1a,0,74.50833333,Calm,0,0,0,0
Main Lake Central,8/24/2016,Rolling,72,44.48473601,-73.28893557,0,0,0,0,1d,0,74.00666667,Calm,0,0,0,0
Main Lake Central,8/25/2016,Calm,78,44.48473601,-73.28893557,0,0,0,0,1a,0,73.94,Rolling,0,0,0,0
Main Lake Central,8/27/2016,Rolling,72.6,44.48473601,-73.28893557,0,0,0,0,1c,0,73.74,Rolling,0,0,0,0
Main Lake Central,8/28/2016,White Caps,78,44.48473601,-73.28893557,0,0,0,0,1b,0,73.55,Rolling,0,0,0,0
Main Lake Central,8/29/2016,Rolling,75.6,44.48473601,-73.28893557,1,0,0,0,1a,0,74.38333333,Rolling,0,0,0,0
Main Lake Central,8/30/2016,Calm,74.6,44.48473601,-73.28893557,0,0,0,0,1a,0,74.7,Rolling,0,0,0,0
Main Lake Central,8/31/2016,Calm,73.5,44.48473601,-73.28893557,0,0,0,0,1a,0,75.13333333,Rolling,0,0,0,0
Main Lake Central,9/2/2016,Calm,77,44.48473601,-73.28893557,0,0,0,0,1a,0,75.38333333,Calm,0,0,0,0
Main Lake Central,9/3/2016,Rolling,75.1,44.48473601,-73.28893557,0,0,0,0,1c,0,75.21666667,Calm,0,0,0,0
Main Lake Central,9/4/2016,Rolling,67,44.48473601,-73.28893557,0,0,0,0,1b,0,75.63333333,Calm,0,0,0,0
Main Lake Central,9/6/2016,Calm,75.76,44.48473601,-73.28893557,0,1,0,0,1a,0,73.8,Calm,0,0,0,0
Main Lake Central,9/7/2016,Calm,74,44.48473601,-73.28893557,0,0,0,0,1c,0,73.672,Calm,0,0,0,0
Main Lake Central,9/8/2016,Rolling,76,44.48473601,-73.28893557,0,0,0,0,1a,0,73.772,Calm,0,0,0,0
Main Lake Central,9/10/2016,Rolling,,44.48473601,-73.28893557,0,0,0,0,1d,0,74.14333333,Rolling,0,0,0,0
Main Lake Central,9/11/2016,Rolling,72,44.48473601,-73.28893557,0,0,0,0,1b,0,73.19,Rolling,0,0,0,0
Main Lake Central,9/12/2016,Calm,,44.48473601,-73.28893557,1,0,0,0,1a,0,74.44,Rolling,0,0,0,0
Main Lake Central,9/13/2016,White Caps,72.31666667,44.48473601,-73.28893557,1,0,0,0,1b,0,74.44,Calm,0,0,0,0
Main Lake Central,9/14/2016,Calm,,44.48473601,-73.28893557,0,0,0,0,1a,0,73.57916667,Rolling,0,0,0,0
Main Lake Central,9/18/2016,Calm,67,44.48473601,-73.28893557,0,0,0,0,1b,0,73.43888889,Calm,0,0,0,0
Main Lake Central,9/19/2016,Calm,,44.48473601,-73.28893557,0,0,0,0,1b,0,69.65833333,Calm,0,0,0,0
Main Lake Central,9/20/2016,White Caps,,44.48473601,-73.28893557,0,0,0,0,1a,0,69.65833333,Calm,0,0,0,0
Main Lake Central,9/21/2016,Rolling,71,44.48473601,-73.28893557,0,0,0,0,1a,0,67,Calm,0,0,0,0
Main Lake Central,9/24/2016,Rolling,,44.48473601,-73.28893557,0,0,0,0,1a,0,69,Calm,0,0,0,0
Main Lake Central,9/25/2016,Rolling,66,44.48473601,-73.28893557,0,0,0,0,1c,0,69,Calm,0,0,0,0
Main Lake Central,9/26/2016,Rolling,,44.48473601,-73.28893557,0,0,0,0,1b,0,68.5,Rolling,0,0,0,0
Main Lake Central,9/27/2016,Calm,70,44.48473601,-73.28893557,0,0,0,0,1a,0,68.5,Rolling,0,0,0,0
Main Lake Central,9/28/2016,Calm,65,44.48473601,-73.28893557,0,0,0,0,1a,0,69,Rolling,0,0,0,0
Main Lake Central,10/4/2016,Calm,,44.48473601,-73.28893557,0,0,0,0,3,1,67,Calm,0,0,0,0
Main Lake Central,10/5/2016,Calm,,44.48473601,-73.28893557,0,0,0,0,2,1,65,Calm,0,0,0,0
Main Lake Central,10/6/2016,Calm,,44.48473601,-73.28893557,0,0,0,0,1a,0,,Calm,0,0,0,0
Main Lake Central,6/5/2017,Calm,,44.48473601,-73.28893557,0,1,0,0,1a,0,,,,,,
Main Lake Central,6/12/2017,Rolling,,44.48473601,-73.28893557,0,0,0,0,1a,0,,Calm,0,1,0,0
Main Lake Central,6/20/2017,Rolling,66.4,44.48473601,-73.28893557,0,0,0,0,1a,0,,,,,,
Main Lake Central,6/21/2017,Rolling,,44.48473601,-73.28893557,0,1,0,0,1a,0,66.4,Rolling,0,0,0,0
Main Lake Central,6/22/2017,Calm,64.58333333,44.48473601,-73.28893557,0,0,0,0,1c,0,66.4,Rolling,0,0,0,0
Main Lake Central,6/23/2017,Calm,65.4,44.48473601,-73.28893557,0,0,0,0,1c,0,65.49166667,Rolling,0,0,0,0
Main Lake Central,6/24/2017,Calm,70,44.48473601,-73.28893557,0,0,0,0,1a,0,65.46111111,Calm,0,0,0,0
Main Lake Central,6/26/2017,Calm,65.425,44.48473601,-73.28893557,0,0,0,0,1a,0,66.59583333,Calm,0,0,0,0
Main Lake Central,6/27/2017,Calm,62.56666667,44.48473601,-73.28893557,0,0,0,0,1b,0,66.36166667,Calm,0,0,0,0
Main Lake Central,6/28/2017,Rolling,63.5,44.48473601,-73.28893557,0,0,0,0,1b,0,65.595,Calm,0,0,0,0
Main Lake Central,6/29/2017,Rolling,67.15,44.48473601,-73.28893557,0,1,0,0,1c,0,65.24583333,Calm,0,0,0,0
Main Lake Central,6/30/2017,Rolling,66.8,44.48473601,-73.28893557,0,0,0,0,1b,0,65.67361111,Calm,0,0,0,0
Main Lake Central,7/1/2017,Calm,65,44.48473601,-73.28893557,0,0,0,0,1b,0,65.90694444,Calm,0,0,0,0
Main Lake Central,7/2/2017,Rolling,66,44.48473601,-73.28893557,0,0,0,0,1b,0,65.07361111,Calm,0,0,0,0
Main Lake Central,7/3/2017,Rolling,73.33333333,44.48473601,-73.28893557,0,0,0,0,1c,0,65.20595238,Rolling,0,0,0,0
Main Lake Central,7/4/2017,Calm,67.4,44.48473601,-73.28893557,0,0,0,0,1a,0,66.33571429,Rolling,0,0,0,0
Main Lake Central,7/5/2017,Calm,71.05714286,44.48473601,-73.28893557,0,0,0,0,1a,0,67.02619048,Rolling,0,0,0,0
Main Lake Central,7/6/2017,White Caps,69.3,44.48473601,-73.28893557,0,0,0,0,1c,0,68.10578231,Rolling,0,0,0,0
Main Lake Central,7/7/2017,Calm,70.33333333,44.48473601,-73.28893557,0,0,0,0,1c,0,68.41292517,Calm,0,0,0,0
Main Lake Central,7/9/2017,Calm,69,44.48473601,-73.28893557,0,0,0,0,1b,0,68.91768707,Calm,0,0,0,0
Main Lake Central,7/10/2017,Rolling,73.62,44.48473601,-73.28893557,0,0,0,0,1b,0,70.07063492,Calm,0,0,0,0
Main Lake Central,7/11/2017,Rolling,,44.48473601,-73.28893557,1,1,0,0,1b,0,70.1184127,Calm,0,0,0,0
Main Lake Central,7/12/2017,White Caps,69.37692308,44.48473601,-73.28893557,0,0,0,0,1c,0,70.66209524,Calm,0,0,0,0
Main Lake Central,7/13/2017,Rolling,68.12,44.48473601,-73.28893557,0,0,0,0,1b,0,70.32605128,Calm,0,0,0,0
Main Lake Central,7/14/2017,Calm,68.35,44.48473601,-73.28893557,0,0,0,0,1a,0,70.09005128,Rolling,0,0,0,0
Main Lake Central,7/15/2017,Calm,67,44.48473601,-73.28893557,0,0,0,0,1a,0,69.69338462,Rolling,0,0,0,0
Main Lake Central,7/16/2017,Calm,67.5,44.48473601,-73.28893557,0,0,0,0,1c,0,69.24448718,Calm,0,0,0,0
Main Lake Central,7/17/2017,Calm,71.73333333,44.48473601,-73.28893557,0,0,0,0,1a,0,68.99448718,Calm,0,0,0,0
Main Lake Central,7/18/2017,Rolling,72.81666667,44.48473601,-73.28893557,0,0,0,0,1b,0,68.68004274,Calm,0,0,0,0
Main Lake Central,7/19/2017,Rolling,72.65,44.48473601,-73.28893557,1,1,0,0,1d,0,69.27098901,Calm,0,0,0,0
Main Lake Central,7/20/2017,Calm,73.16666667,44.48473601,-73.28893557,0,0,0,0,1d,0,69.73857143,Calm,0,0,0,0
Main Lake Central,7/21/2017,Rolling,70.32222222,44.48473601,-73.28893557,0,0,0,0,1b,0,70.45952381,Calm,0,0,0,0
Main Lake Central,7/23/2017,Rolling,72.66666667,44.48473601,-73.28893557,0,0,0,0,1c,0,70.74126984,Calm,0,0,0,0
Main Lake Central,7/25/2017,Calm,70.05,44.48473601,-73.28893557,1,0,0,0,1a,0,72.22592593,Rolling,0,0,0,0
Main Lake Central,7/26/2017,Rolling,70.19,44.48473601,-73.28893557,0,0,0,0,1a,0,71.77111111,Rolling,0,0,0,0
Main Lake Central,7/27/2017,Calm,71.52,44.48473601,-73.28893557,0,0,0,0,1d,0,71.27911111,Rolling,0,0,0,0
Main Lake Central,7/28/2017,Rolling,72.46,44.48473601,-73.28893557,1,1,1,0,1d,0,70.94977778,Rolling,0,0,0,0
Main Lake Central,7/30/2017,Calm,72,44.48473601,-73.28893557,0,0,0,0,1c,0,71.37733333,Rolling,0,0,0,0
Main Lake Central,7/31/2017,Calm,72.72,44.48473601,-73.28893557,1,0,0,0,1b,0,71.244,Calm,0,0,0,0
Main Lake Central,8/1/2017,Calm,70,44.48473601,-73.28893557,1,1,0,0,3,1,71.49,Calm,0,0,0,0
Main Lake Central,8/2/2017,Calm,73.87,44.48473601,-73.28893557,0,0,0,0,2,1,71.48166667,Calm,0,0,0,0
Main Lake Central,8/3/2017,Rolling,74.14285714,44.48473601,-73.28893557,0,0,0,0,2,1,72.095,Calm,0,0,0,0
Main Lake Central,8/4/2017,White Caps,76.9,44.48473601,-73.28893557,0,0,0,0,1b,0,72.53214286,Calm,0,0,0,0
Main Lake Central,8/5/2017,White Caps,76.1,44.48473601,-73.28893557,0,0,0,0,1a,0,73.27214286,Calm,0,0,0,0
Main Lake Central,8/6/2017,Calm,68,44.48473601,-73.28893557,0,0,0,0,1b,0,73.67612245,Calm,0,0,0,0
Main Lake Central,8/7/2017,Calm,74.55,44.48473601,-73.28893557,1,1,0,0,1d,0,73.10469388,Calm,0,0,0,0
Main Lake Central,8/8/2017,Rolling,72,44.48473601,-73.28893557,0,0,0,0,1a,0,73.36612245,Calm,0,0,0,0
Main Lake Central,8/9/2017,Rolling,72.51666667,44.48473601,-73.28893557,0,0,0,0,1b,0,73.65183673,Calm,0,0,0,0
Main Lake Central,8/10/2017,Calm,73.36,44.48473601,-73.28893557,1,1,1,0,1d,0,73.4585034,Rolling,0,0,0,0
Main Lake Central,8/11/2017,Rolling,78.88,44.48473601,-73.28893557,0,0,0,0,1c,0,73.34666667,Calm,0,0,0,0
Main Lake Central,8/13/2017,Rolling,74,44.48473601,-73.28893557,0,0,0,0,1c,0,73.62952381,Calm,0,0,0,0
Main Lake Central,8/14/2017,Rolling,72.575,44.48473601,-73.28893557,0,0,0,0,1b,0,74.21777778,Rolling,0,0,0,0
Main Lake Central,8/15/2017,Calm,71.6,44.48473601,-73.28893557,0,0,0,0,1b,0,73.88861111,Rolling,0,0,0,0
Main Lake Central,8/16/2017,Rolling,75.1,44.48473601,-73.28893557,0,0,0,0,1b,0,73.82194444,Rolling,0,0,0,0
Main Lake Central,8/17/2017,Rolling,73.7,44.48473601,-73.28893557,0,0,0,0,1b,0,74.2525,Rolling,0,0,0,0
Main Lake Central,8/20/2017,Rolling,72,44.48473601,-73.28893557,0,0,0,0,1c,0,74.30916667,Rolling,0,0,0,0
Main Lake Central,8/21/2017,White Caps,74.6,44.48473601,-73.28893557,0,0,0,0,1c,0,72.995,Rolling,0,0,0,0
Main Lake Central,8/22/2017,Rolling,74.7,44.48473601,-73.28893557,0,0,0,0,1b,0,73.4,Rolling,0,0,0,0
Main Lake Central,8/23/2017,Calm,72.5375,44.48473601,-73.28893557,0,0,0,0,1b,0,74.02,Rolling,0,0,0,0
Main Lake Central,8/24/2017,Rolling,71.9,44.48473601,-73.28893557,1,1,1,0,1c,0,73.5075,Rolling,0,0,0,0
Main Lake Central,8/25/2017,Calm,72.98,44.48473601,-73.28893557,0,1,0,0,1d,0,73.1475,Rolling,0,0,0,0
Main Lake Central,8/27/2017,Rolling,75,44.48473601,-73.28893557,0,0,0,0,1c,0,73.11958333,Rolling,0,0,0,0
Main Lake Central,8/28/2017,Calm,73.7,44.48473601,-73.28893557,1,1,0,0,1a,0,73.61958333,Rolling,0,0,0,0
Main Lake Central,8/29/2017,Rolling,70.4,44.48473601,-73.28893557,0,0,0,0,1b,0,73.46958333,Calm,0,0,0,0
Main Lake Central,8/30/2017,Calm,71.0125,44.48473601,-73.28893557,0,0,0,0,2,1,72.75291667,Calm,0,0,0,0
Main Lake Central,8/31/2017,Calm,72.22,44.48473601,-73.28893557,0,0,0,0,1a,0,72.49875,Calm,0,0,0,0
Main Lake Central,9/1/2017,Rolling,65,44.48473601,-73.28893557,0,0,0,0,1a,0,72.55208333,Calm,0,0,0,0
Main Lake Central,9/3/2017,Rolling,64,44.48473601,-73.28893557,0,0,0,0,1b,0,71.22208333,Calm,0,0,0,0
Main Lake Central,9/4/2017,Rolling,68,44.48473601,-73.28893557,1,0,0,0,1b,0,69.38875,Calm,0,0,0,0
Main Lake Central,9/5/2017,Rolling,66.53333333,44.48473601,-73.28893557,0,1,0,0,1b,0,68.43875,Rolling,0,0,0,0
Main Lake Central,9/6/2017,Calm,65.25,44.48473601,-73.28893557,0,0,0,0,1b,0,67.79430556,Rolling,0,0,0,0
Main Lake Central,9/7/2017,Calm,66.31428571,44.48473601,-73.28893557,0,0,0,0,1c,0,66.83388889,Rolling,0,0,0,0
Main Lake Central,9/8/2017,Calm,65,44.48473601,-73.28893557,0,0,0,0,1a,0,65.84960317,Rolling,0,0,0,0
Main Lake Central,9/10/2017,Rolling,65,44.48473601,-73.28893557,0,0,0,0,1b,0,65.84960317,Calm,0,0,0,0
Main Lake Central,9/11/2017,Rolling,67.26666667,44.48473601,-73.28893557,1,1,0,0,1a,0,66.01626984,Calm,0,0,0,0
Main Lake Central,9/12/2017,Rolling,63.5,44.48473601,-73.28893557,1,1,1,0,1d,0,65.89404762,Calm,0,0,0,0
Main Lake Central,9/13/2017,Calm,68.4,44.48473601,-73.28893557,0,0,0,0,1b,0,65.38849206,Calm,0,0,0,0
Main Lake Central,9/14/2017,Calm,,44.48473601,-73.28893557,1,0,0,0,1d,0,65.91349206,Calm,0,0,0,0
Main Lake Central,9/15/2017,Calm,69,44.48473601,-73.28893557,0,0,0,0,2,1,65.83333333,Calm,0,0,0,0
Main Lake Central,9/17/2017,Calm,71,44.48473601,-73.28893557,0,0,0,0,1a,0,66.63333333,Calm,0,0,0,0
Main Lake Central,9/18/2017,Calm,76.5,44.48473601,-73.28893557,0,0,0,0,2,1,67.83333333,Calm,0,0,0,0
Main Lake Central,9/19/2017,Rolling,73.7,44.48473601,-73.28893557,0,0,0,0,1c,0,69.68,Calm,0,0,0,0
Main Lake Central,9/20/2017,Calm,69.55,44.48473601,-73.28893557,0,0,0,0,2,1,71.72,Calm,0,0,0,0
Main Lake Central,9/21/2017,Calm,72,44.48473601,-73.28893557,0,0,0,0,1b,0,71.95,Calm,0,0,0,0
Main Lake Central,9/22/2017,Rolling,71.6,44.48473601,-73.28893557,1,1,1,0,2,1,71.95833333,Calm,0,0,0,0
Main Lake Central,9/24/2017,Calm,74,44.48473601,-73.28893557,0,0,0,0,1a,0,72.39166667,Calm,0,0,0,0
Main Lake Central,9/25/2017,Calm,71.5,44.48473601,-73.28893557,0,0,0,0,3,1,72.89166667,Calm,0,0,0,0
Main Lake Central,9/26/2017,Calm,76.9625,44.48473601,-73.28893557,1,1,1,0,3,1,72.05833333,Calm,0,0,0,0
Main Lake Central,9/27/2017,Rolling,74.35,44.48473601,-73.28893557,0,0,0,0,1d,0,72.60208333,Calm,0,0,0,0
Main Lake Central,9/28/2017,Rolling,68.5,44.48473601,-73.28893557,0,0,0,0,3,1,73.40208333,Calm,0,0,0,0
Main Lake Central,9/29/2017,Calm,,44.48473601,-73.28893557,0,0,0,0,1a,0,72.81875,Calm,0,0,0,0
Main Lake Central,10/1/2017,Calm,64,44.48473601,-73.28893557,0,0,0,0,1c,0,73.0625,Calm,0,0,0,0
Main Lake Central,10/5/2017,Calm,63,44.48473601,-73.28893557,0,0,0,0,2,1,71.0625,Calm,0,0,0,0
Main Lake Central,10/13/2017,Calm,,44.48473601,-73.28893557,1,0,1,0,2,1,63.5,,,,,
Main Lake Central,6/6/2018,,,44.48473601,-73.28893557,0,1,0,0,1a,0,,,,,,
Main Lake Central,6/11/2018,Calm,64,44.48473601,-73.28893557,0,0,0,0,1a,0,,,0,1,0,0
Main Lake Central,6/12/2018,Rolling,63.23333333,44.48473601,-73.28893557,0,0,0,0,1b,0,64,Calm,0,0,0,0
Main Lake Central,6/13/2018,Rolling,54,44.48473601,-73.28893557,0,0,0,0,1a,0,63.61666667,Calm,0,0,0,0
Main Lake Central,6/15/2018,Calm,60.3,44.48473601,-73.28893557,0,0,0,0,1c,0,60.41111111,Rolling,0,0,0,0
Main Lake Central,6/17/2018,Rolling,64,44.48473601,-73.28893557,0,0,0,0,1c,0,60.38333333,Calm,0,0,0,0
Main Lake Central,6/18/2018,Rolling,70,44.48473601,-73.28893557,0,0,0,0,1b,0,61.10666667,Rolling,0,0,0,0
Main Lake Central,6/19/2018,Rolling,67.63333333,44.48473601,-73.28893557,0,0,0,0,1b,0,62.30666667,Rolling,0,0,0,0
Main Lake Central,6/20/2018,Calm,70,44.48473601,-73.28893557,0,1,0,0,1c,0,63.18666667,Rolling,0,0,0,0
Main Lake Central,6/22/2018,Calm,66.075,44.48473601,-73.28893557,0,1,0,0,1a,0,66.38666667,Rolling,0,0,0,0
Main Lake Central,6/24/2018,Calm,64,44.48473601,-73.28893557,0,0,0,0,1a,0,67.54166667,Rolling,0,0,0,0
Main Lake Central,6/25/2018,Calm,66,44.48473601,-73.28893557,1,0,0,0,1a,0,67.54166667,Calm,0,0,0,0
Main Lake Central,6/26/2018,Calm,70.42,44.48473601,-73.28893557,0,0,0,0,1b,0,66.74166667,Calm,0,0,0,0
Main Lake Central,6/27/2018,Rolling,70.875,44.48473601,-73.28893557,0,0,0,0,1b,0,67.299,Calm,0,0,0,0
Main Lake Central,6/29/2018,Calm,65.6,44.48473601,-73.28893557,0,0,0,0,1c,0,67.474,Calm,0,0,0,0
Main Lake Central,7/1/2018,Calm,77.7,44.48473601,-73.28893557,1,0,0,0,1b,0,67.379,Calm,0,0,0,0
Main Lake Central,7/2/2018,Rolling,73.95,44.48473601,-73.28893557,0,0,0,0,1d,0,70.119,Calm,0,0,0,0
Main Lake Central,7/3/2018,Calm,78.8,44.48473601,-73.28893557,1,0,0,0,1b,0,71.709,Calm,0,0,0,0
Main Lake Central,7/4/2018,Calm,85.3,44.48473601,-73.28893557,0,0,0,0,1a,0,73.385,Calm,0,0,0,0
Main Lake Central,7/5/2018,Rolling,77.5,44.48473601,-73.28893557,1,1,0,0,1d,0,76.27,Calm,0,0,0,0
Main Lake Central,7/6/2018,Rolling,75.275,44.48473601,-73.28893557,0,0,0,0,1a,0,76.475,Calm,0,0,0,0
Main Lake Central,7/8/2018,Calm,,44.48473601,-73.28893557,0,0,0,0,1a,0,78.0875,Calm,0,0,0,0
Main Lake Central,7/9/2018,Rolling,75.32,44.48473601,-73.28893557,0,0,0,0,1c,0,78.165,Calm,0,0,0,0
Main Lake Central,7/10/2018,Calm,74.61666667,44.48473601,-73.28893557,0,0,0,0,1b,0,78.439,Calm,0,0,0,0
Main Lake Central,7/11/2018,Rolling,78.575,44.48473601,-73.28893557,0,0,0,0,1c,0,77.60233333,Calm,0,0,0,0
Main Lake Central,7/12/2018,Rolling,71,44.48473601,-73.28893557,0,0,0,0,1c,0,76.25733333,Rolling,0,0,0,0
Main Lake Central,7/15/2018,Rolling,80,44.48473601,-73.28893557,0,0,0,0,1b,0,74.95733333,Rolling,0,0,0,0
Main Lake Central,7/16/2018,Calm,80.9125,44.48473601,-73.28893557,1,1,1,1,1d,0,75.90233333,Rolling,0,0,0,0
Main Lake Central,7/17/2018,Calm,81.4,44.48473601,-73.28893557,0,0,0,0,1d,0,77.02083333,Rolling,0,0,0,0
Main Lake Central,7/18/2018,Rolling,73.075,44.48473601,-73.28893557,0,0,0,0,1c,0,78.3775,Rolling,0,0,0,0
Main Lake Central,7/19/2018,Calm,76.5,44.48473601,-73.28893557,1,1,0,0,3,1,77.2775,Rolling,0,0,0,0
Main Lake Central,7/20/2018,Calm,,44.48473601,-73.28893557,0,0,0,0,1c,0,78.3775,Calm,0,0,0,0
Main Lake Central,7/22/2018,Rolling,74,44.48473601,-73.28893557,0,0,0,0,1c,0,78.3775,Calm,0,0,0,0
Main Lake Central,7/23/2018,Rolling,75.83333333,44.48473601,-73.28893557,1,0,0,0,1b,0,77.1775,Calm,0,0,0,0
Main Lake Central,7/24/2018,Rolling,75.15,44.48473601,-73.28893557,0,0,0,0,1c,0,76.16166667,Calm,0,0,0,0
Main Lake Central,7/25/2018,Rolling,79.55,44.48473601,-73.28893557,0,0,0,0,1c,0,74.91166667,Rolling,0,0,0,0
Main Lake Central,7/26/2018,Calm,72.66666667,44.48473601,-73.28893557,0,0,0,0,1d,0,76.20666667,Rolling,0,0,0,0
Main Lake Central,7/27/2018,Rolling,74,44.48473601,-73.28893557,0,0,0,0,1a,0,75.44,Rolling,0,0,0,0
Main Lake Central,7/28/2018,Calm,79.9,44.48473601,-73.28893557,0,0,0,0,2,1,75.2,Rolling,0,0,0,0
Main Lake Central,7/29/2018,Calm,77,44.48473601,-73.28893557,0,0,0,0,2,1,75.87142857,Rolling,0,0,0,0
Main Lake Central,7/30/2018,Rolling,77.33333333,44.48473601,-73.28893557,1,0,0,0,1c,0,76.3,Rolling,0,0,0,0
Main Lake Central,7/31/2018,Calm,76.07142857,44.48473601,-73.28893557,1,0,0,0,3,1,76.51428571,Rolling,0,0,0,0
Main Lake Central,8/1/2018,White Caps,79.15,44.48473601,-73.28893557,0,0,0,0,1d,0,76.64591837,Calm,0,0,0,0
Main Lake Central,8/2/2018,Rolling,,44.48473601,-73.28893557,0,0,0,0,1c,0,76.58877551,Calm,0,0,0,0
Main Lake Central,8/3/2018,Rolling,75.1,44.48473601,-73.28893557,1,1,0,0,2,1,77.24246032,Calm,0,0,0,0
Main Lake Central,8/4/2018,Rolling,75.2,44.48473601,-73.28893557,0,0,0,0,1a,0,77.42579365,Calm,0,0,0,0
Main Lake Central,8/5/2018,Calm,77.35,44.48473601,-73.28893557,0,0,0,0,1b,0,76.64246032,Rolling,0,0,0,0
Main Lake Central,8/6/2018,Calm,82.18571429,44.48473601,-73.28893557,1,1,0,0,1c,0,76.70079365,Rolling,0,0,0,0
Main Lake Central,8/7/2018,Calm,76.7,44.48473601,-73.28893557,0,0,0,0,1a,0,77.50952381,Calm,0,0,0,0
Main Lake Central,8/8/2018,Calm,83.325,44.48473601,-73.28893557,0,0,0,0,1d,0,77.61428571,Calm,0,0,0,0
Main Lake Central,8/9/2018,Calm,80.75,44.48473601,-73.28893557,0,0,0,0,1d,0,78.31011905,Calm,0,0,0,0
Main Lake Central,8/10/2018,Rolling,77.55,44.48473601,-73.28893557,0,0,0,0,1a,0,78.65867347,Calm,0,0,0,0
Main Lake Central,8/12/2018,Calm,77.55,44.48473601,-73.28893557,0,0,0,0,1c,0,79.00867347,Calm,0,0,0,0
Main Lake Central,8/13/2018,Calm,79.3,44.48473601,-73.28893557,1,0,0,0,1c,0,79.67678571,Calm,0,0,0,0
Main Lake Central,8/14/2018,Calm,79.26666667,44.48473601,-73.28893557,0,0,0,0,1b,0,79.19583333,Calm,0,0,0,0
Main Lake Central,8/15/2018,White Caps,86.36666667,44.48473601,-73.28893557,1,0,0,0,1d,0,79.62361111,Calm,0,0,0,0
Main Lake Central,8/16/2018,Rolling,78.6,44.48473601,-73.28893557,0,0,0,0,1c,0,80.13055556,Calm,0,0,0,0
Main Lake Central,8/17/2018,Rolling,75.5,44.48473601,-73.28893557,0,0,0,0,1a,0,79.77222222,Calm,0,0,0,0
Main Lake Central,8/19/2018,Calm,78.4,44.48473601,-73.28893557,0,0,0,0,1b,0,79.43055556,Calm,0,0,0,0
Main Lake Central,8/20/2018,Rolling,75.5,44.48473601,-73.28893557,0,1,0,0,1b,0,79.57222222,Calm,0,0,0,0
Main Lake Central,8/21/2018,Calm,76.8,44.48473601,-73.28893557,1,1,0,0,1d,0,78.93888889,Rolling,0,0,0,0
Main Lake Central,8/22/2018,Rolling,77.96666667,44.48473601,-73.28893557,0,0,0,0,1a,0,78.52777778,Rolling,0,0,0,0
Main Lake Central,8/23/2018,Calm,72,44.48473601,-73.28893557,0,0,0,0,1a,0,77.12777778,Rolling,0,0,0,0
Main Lake Central,8/26/2018,Calm,73.4,44.48473601,-73.28893557,0,0,0,0,1b,0,76.02777778,Calm,0,0,0,0
Main Lake Central,8/27/2018,Calm,75.9,44.48473601,-73.28893557,1,0,1,0,3,1,75.13333333,Calm,0,0,0,0
Main Lake Central,8/28/2018,Calm,76.38571429,44.48473601,-73.28893557,0,0,0,0,1c,0,75.21333333,Calm,0,0,0,0
Main Lake Central,8/29/2018,Rolling,85.83333333,44.48473601,-73.28893557,0,0,0,0,1a,0,75.13047619,Calm,0,0,0,0
Main Lake Central,9/2/2018,Rolling,73,44.48473601,-73.28893557,0,0,0,0,1c,0,76.70380952,Calm,0,0,0,0
Main Lake Central,9/4/2018,Calm,75.66,44.48473601,-73.28893557,1,1,0,0,1d,0,77.7797619,Rolling,0,0,0,0
Main Lake Central,9/5/2018,Calm,80.1,44.48473601,-73.28893557,0,0,0,0,1a,0,78.16444444,Rolling,0,0,0,0
Main Lake Central,9/6/2018,Calm,,44.48473601,-73.28893557,0,0,0,0,1c,0,76.25333333,Calm,0,0,0,0
Main Lake Central,9/7/2018,Rolling,72.3,44.48473601,-73.28893557,0,0,0,0,1a,0,76.25333333,Calm,0,0,0,0
Main Lake Central,9/9/2018,Rolling,69,44.48473601,-73.28893557,0,0,0,0,1b,0,75.265,Calm,0,0,0,0
Main Lake Central,9/10/2018,Rolling,66.425,44.48473601,-73.28893557,0,0,0,0,1a,0,74.265,Calm,0,0,0,0
Main Lake Central,9/11/2018,Rolling,70.02,44.48473601,-73.28893557,0,0,0,0,1b,0,72.697,Calm,0,0,0,0
Main Lake Central,9/12/2018,Rolling,74.4,44.48473601,-73.28893557,1,1,1,0,1d,0,71.569,Rolling,0,0,0,0
Main Lake Central,9/14/2018,Calm,73.1,44.48473601,-73.28893557,1,1,1,1,1d,0,70.429,Rolling,0,0,0,0
Main Lake Central,9/15/2018,Rolling,,44.48473601,-73.28893557,0,0,0,0,1a,0,70.589,Rolling,0,0,0,0
Main Lake Central,9/16/2018,Rolling,80,44.48473601,-73.28893557,0,0,0,0,1b,0,70.589,Rolling,0,0,0,0
Main Lake Central,9/17/2018,Rolling,78,44.48473601,-73.28893557,1,0,0,1,1c,0,72.789,Rolling,0,0,0,0
Main Lake Central,9/18/2018,Calm,74.125,44.48473601,-73.28893557,0,1,0,1,3,1,75.104,Rolling,0,0,0,0
Main Lake Central,9/19/2018,Rolling,69.5,44.48473601,-73.28893557,0,0,0,0,1c,0,75.925,Rolling,0,0,0,0
Main Lake Central,9/20/2018,Calm,74.6,44.48473601,-73.28893557,0,0,0,0,1a,0,74.945,Rolling,0,0,0,0
Main Lake Central,9/21/2018,White Caps,,44.48473601,-73.28893557,0,0,0,0,1a,0,74.8875,Rolling,0,0,0,0
Main Lake Central,9/24/2018,Rolling,64,44.48473601,-73.28893557,0,1,0,0,1a,0,75.245,Calm,0,0,0,0
Main Lake Central,9/26/2018,Rolling,,44.48473601,-73.28893557,0,0,0,0,1b,0,70.55625,Rolling,0,0,0,0
Main Lake Central,10/3/2018,Rolling,58,44.48473601,-73.28893557,0,0,0,0,1c,0,69.3,Rolling,0,0,0,0
Main Lake Central,10/4/2018,Rolling,60,44.48473601,-73.28893557,0,0,0,0,1a,0,58,Rolling,0,0,0,0
Main Lake Central,10/6/2018,Rolling,65.1,44.48473601,-73.28893557,0,0,0,0,1a,0,59,Rolling,0,0,0,0
Main Lake Central,10/10/2018,Rolling,69,44.48473601,-73.28893557,0,0,0,0,1b,0,61.03333333,Rolling,0,0,0,0
Main Lake Central,10/15/2018,Rolling,54,44.48473601,-73.28893557,0,0,0,0,1b,0,64.7,Rolling,0,0,0,0
Main Lake Central,6/4/2019,Calm,,44.48473601,-73.28893557,0,1,0,0,1a,0,61.5,,,,,
Main Lake Central,6/5/2019,Calm,,44.48473601,-73.28893557,0,0,0,0,1a,0,,Calm,0,1,0,0
Main Lake Central,6/10/2019,Calm,,44.48473601,-73.28893557,0,0,0,0,1a,0,,Calm,0,0,0,0
Main Lake Central,6/15/2019,Rolling,61,44.48473601,-73.28893557,0,0,0,0,1a,0,,Calm,0,0,0,0
Main Lake Central,6/17/2019,Calm,62,44.48473601,-73.28893557,0,0,0,0,1a,0,61,Calm,0,0,0,0
Main Lake Central,6/18/2019,Calm,64,44.48473601,-73.28893557,0,0,0,0,1a,0,61.5,Calm,0,0,0,0
Main Lake Central,6/19/2019,Calm,68.04,44.48473601,-73.28893557,0,0,0,0,1b,0,62.33333333,Calm,0,0,0,0
Main Lake Central,6/21/2019,Rolling,57.2,44.48473601,-73.28893557,0,0,0,0,1a,0,63.76,Calm,0,0,0,0
Main Lake Central,6/22/2019,Rolling,,44.48473601,-73.28893557,0,0,0,0,1a,0,62.448,Calm,0,0,0,0
Main Lake Central,6/23/2019,Calm,,44.48473601,-73.28893557,0,0,0,0,1a,0,62.81,Calm,0,0,0,0
Main Lake Central,6/24/2019,Calm,68,44.48473601,-73.28893557,1,1,0,0,1d,0,62.81,Calm,0,0,0,0
Main Lake Central,6/25/2019,Calm,63.925,44.48473601,-73.28893557,0,0,0,0,1c,0,64.31,Calm,0,0,0,0
Main Lake Central,6/26/2019,Calm,68.7375,44.48473601,-73.28893557,0,0,0,0,1c,0,64.29125,Calm,0,0,0,0
Main Lake Central,6/27/2019,Rolling,68.67777778,44.48473601,-73.28893557,0,0,0,0,1c,0,64.465625,Calm,0,0,0,0
Main Lake Central,6/28/2019,Calm,72.06666667,44.48473601,-73.28893557,0,0,0,0,2,1,65.30805556,Calm,0,0,0,0
Main Lake Central,6/29/2019,Calm,,44.48473601,-73.28893557,0,0,0,0,1a,0,68.28138889,Calm,0,0,0,0
Main Lake Central,6/30/2019,White Caps,68,44.48473601,-73.28893557,0,0,0,0,1c,0,68.28138889,Calm,0,0,0,0
Main Lake Central,7/1/2019,Calm,74.55,44.48473601,-73.28893557,1,0,0,0,1d,0,68.23449074,Calm,0,0,0,0
Main Lake Central,7/2/2019,Calm,73.9,44.48473601,-73.28893557,0,0,0,0,1c,0,69.32615741,Calm,0,0,0,0
Main Lake Central,7/3/2019,Calm,76.3,44.48473601,-73.28893557,0,0,0,0,1d,0,70.98865741,Calm,0,0,0,0
Main Lake Central,7/4/2019,Calm,78.925,44.48473601,-73.28893557,0,0,0,0,2,1,72.24907407,Calm,0,0,0,0
Main Lake Central,7/5/2019,Calm,75.64,44.48473601,-73.28893557,0,0,0,0,1b,0,73.95694444,Calm,0,0,0,0
Main Lake Central,7/6/2019,Calm,80,44.48473601,-73.28893557,0,0,0,0,1d,0,74.5525,Calm,0,0,0,0
Main Lake Central,7/7/2019,Rolling,72,44.48473601,-73.28893557,0,0,0,0,1b,0,75.33071429,Calm,0,0,0,0
Main Lake Central,7/8/2019,Calm,77.83333333,44.48473601,-73.28893557,1,0,0,0,1a,0,75.90214286,Calm,0,0,0,0
Main Lake Central,7/9/2019,Calm,78.16666667,44.48473601,-73.28893557,0,0,0,0,1a,0,76.37119048,Calm,0,0,0,0
Main Lake Central,7/10/2019,Calm,75.36,44.48473601,-73.28893557,0,0,0,0,2,1,76.98071429,Calm,0,0,0,0
Main Lake Central,7/11/2019,Calm,72.98,44.48473601,-73.28893557,0,0,0,0,1b,0,76.84642857,Calm,0,0,0,0
Main Lake Central,7/12/2019,Calm,76.7,44.48473601,-73.28893557,1,1,0,0,3,1,75.99714286,Calm,0,0,0,0
Main Lake Central,7/13/2019,Rolling,76,44.48473601,-73.28893557,0,0,0,0,3,1,76.14857143,Calm,0,0,0,0
Main Lake Central,7/14/2019,Rolling,76.5,44.48473601,-73.28893557,1,0,0,0,1c,0,75.57714286,Calm,0,0,0,0
Main Lake Central,7/15/2019,Calm,75.14,44.48473601,-73.28893557,1,0,1,0,3,1,76.22,Calm,0,0,0,0
Main Lake Central,7/16/2019,Rolling,73.35,44.48473601,-73.28893557,0,0,0,0,1a,0,75.8352381,Calm,0,0,0,0
Main Lake Central,7/17/2019,Calm,75.7125,44.48473601,-73.28893557,0,0,0,0,1c,0,75.14714286,Calm,0,0,0,0
Main Lake Central,7/18/2019,Calm,76.54,44.48473601,-73.28893557,0,0,0,0,3,1,75.1975,Calm,0,0,0,0
Main Lake Central,7/19/2019,Calm,74.275,44.48473601,-73.28893557,0,0,0,0,2,1,75.70607143,Calm,0,0,0,0
Main Lake Central,7/20/2019,Calm,74.3,44.48473601,-73.28893557,0,0,0,0,3,1,75.35964286,Calm,0,0,0,0
Main Lake Central,7/21/2019,Rolling,77.66666667,44.48473601,-73.28893557,0,0,0,0,1d,0,75.11678571,Calm,0,0,0,0
Main Lake Central,7/22/2019,Calm,72.98333333,44.48473601,-73.28893557,1,0,0,0,1d,0,75.28345238,Calm,0,0,0,0
Main Lake Central,7/23/2019,Calm,79.25,44.48473601,-73.28893557,0,0,0,0,1c,0,74.97535714,Calm,0,0,0,0
Main Lake Central,7/24/2019,Calm,79.61111111,44.48473601,-73.28893557,0,0,0,0,1c,0,75.81821429,Calm,0,0,0,0
Main Lake Central,7/25/2019,Rolling,76.85,44.48473601,-73.28893557,0,0,0,0,1c,0,76.37515873,Calm,0,0,0,0
Main Lake Central,7/26/2019,Calm,79.1,44.48473601,-73.28893557,0,0,0,0,1a,0,76.41944444,Calm,0,0,0,0
Main Lake Central,7/27/2019,Calm,,44.48473601,-73.28893557,0,0,0,0,1a,0,77.10873016,Calm,0,0,0,0
Main Lake Central,7/28/2019,Rolling,72,44.48473601,-73.28893557,0,0,0,0,1b,0,77.57685185,Calm,0,0,0,0
Main Lake Central,7/29/2019,Calm,80.125,44.48473601,-73.28893557,1,0,0,0,2,1,76.63240741,Calm,0,0,0,0
Main Lake Central,7/30/2019,Calm,80.875,44.48473601,-73.28893557,1,1,1,0,1d,0,77.82268519,Calm,0,0,0,0
Main Lake Central,7/31/2019,Rolling,78.75,44.48473601,-73.28893557,0,0,0,0,1c,0,78.09351852,Calm,0,0,0,0
Main Lake Central,8/1/2019,Rolling,78.61666667,44.48473601,-73.28893557,0,0,0,0,1d,0,77.95,Calm,0,0,0,0
Main Lake Central,8/2/2019,Calm,,44.48473601,-73.28893557,1,1,0,0,2,1,78.24444444,Calm,0,0,0,0
Main Lake Central,8/4/2019,White Caps,77,44.48473601,-73.28893557,0,0,0,0,1b,0,78.07333333,Calm,0,0,0,0
Main Lake Central,8/5/2019,Calm,77.65,44.48473601,-73.28893557,0,0,0,0,1c,0,79.07333333,Calm,0,0,0,0
Main Lake Central,8/6/2019,Rolling,77.875,44.48473601,-73.28893557,1,1,0,0,1c,0,78.57833333,Calm,0,0,0,0
Main Lake Central,8/7/2019,Rolling,76.64285714,44.48473601,-73.28893557,0,0,0,0,1c,0,77.97833333,Rolling,0,0,0,0
Main Lake Central,8/8/2019,Rolling,87,44.48473601,-73.28893557,0,0,0,0,1c,0,77.55690476,Rolling,0,0,0,0
Main Lake Central,8/9/2019,Rolling,73.5,44.48473601,-73.28893557,0,0,0,0,1c,0,79.23357143,Rolling,0,0,0,0
Main Lake Central,8/11/2019,Calm,77,44.48473601,-73.28893557,0,0,0,0,1b,0,78.27797619,Rolling,0,0,0,0
Main Lake Central,8/12/2019,White Caps,76,44.48473601,-73.28893557,1,0,0,0,1b,0,78.27797619,Rolling,0,0,0,0
Main Lake Central,8/13/2019,Rolling,77,44.48473601,-73.28893557,1,1,0,0,1d,0,78.00297619,Rolling,0,0,0,0
Main Lake Central,8/14/2019,Rolling,78.01666667,44.48473601,-73.28893557,0,0,0,0,1c,0,77.85714286,Rolling,0,0,0,0
Main Lake Central,8/15/2019,Rolling,74.43333333,44.48473601,-73.28893557,1,0,1,0,1d,0,78.08611111,Rolling,0,0,0,0
Main Lake Central,8/16/2019,White Caps,73.2,44.48473601,-73.28893557,0,0,0,0,1a,0,75.99166667,Rolling,0,0,0,0
Main Lake Central,8/17/2019,Rolling,,44.48473601,-73.28893557,0,0,0,0,1a,0,75.94166667,Rolling,0,0,0,0
Main Lake Central,8/18/2019,Rolling,77,44.48473601,-73.28893557,0,0,0,0,1c,0,75.94166667,Rolling,0,0,0,0
Main Lake Central,8/19/2019,Rolling,76.25,44.48473601,-73.28893557,1,1,1,0,1c,0,75.94166667,Rolling,0,0,0,0
Main Lake Central,8/20/2019,Calm,78,44.48473601,-73.28893557,0,0,0,0,1c,0,75.98333333,Rolling,0,0,0,0
Main Lake Central,8/21/2019,White Caps,75,44.48473601,-73.28893557,0,0,0,0,1c,0,76.15,Rolling,0,0,0,0
Main Lake Central,8/22/2019,Calm,76.08,44.48473601,-73.28893557,0,0,0,0,1d,0,75.64722222,Rolling,0,0,0,0
Main Lake Central,8/23/2019,Rolling,79,44.48473601,-73.28893557,0,0,0,0,1a,0,75.92166667,Rolling,0,0,0,0
Main Lake Central,8/25/2019,Calm,77,44.48473601,-73.28893557,0,0,0,0,1d,0,76.88833333,Rolling,0,0,0,0
Main Lake Central,8/26/2019,Calm,73.16666667,44.48473601,-73.28893557,1,1,0,0,1a,0,76.88833333,Calm,0,0,0,0
Main Lake Central,8/27/2019,White Caps,,44.48473601,-73.28893557,1,1,1,0,1d,0,76.37444444,Calm,0,0,0,0
Main Lake Central,8/28/2019,Rolling,74.775,44.48473601,-73.28893557,0,0,0,0,1c,0,76.04933333,Calm,0,0,0,0
Main Lake Central,8/29/2019,Calm,73,44.48473601,-73.28893557,0,0,0,0,1c,0,76.00433333,Calm,0,0,0,0
Main Lake Central,8/30/2019,White Caps,68,44.48473601,-73.28893557,0,0,0,0,1b,0,75.38833333,Calm,0,0,0,0
Main Lake Central,8/31/2019,Rolling,,44.48473601,-73.28893557,0,0,0,0,1a,0,73.18833333,Calm,0,0,0,0
Main Lake Central,9/1/2019,White Caps,73,44.48473601,-73.28893557,0,0,0,0,1b,0,73.18833333,Calm,0,0,0,0
Main Lake Central,9/2/2019,Rolling,,44.48473601,-73.28893557,0,0,0,0,1b,0,72.38833333,White Caps,0,0,0,0
Main Lake Central,9/3/2019,Rolling,69.11428571,44.48473601,-73.28893557,1,1,1,0,1a,0,72.19375,Rolling,0,0,0,0
Main Lake Central,9/4/2019,White Caps,71.04,44.48473601,-73.28893557,0,0,0,0,1c,0,71.57785714,Rolling,0,0,0,0
Main Lake Central,9/5/2019,Calm,76.66666667,44.48473601,-73.28893557,0,0,0,0,1c,0,70.83085714,Rolling,0,0,0,0
Main Lake Central,9/8/2019,White Caps,,44.48473601,-73.28893557,0,0,0,0,1a,0,71.56419048,Rolling,0,0,0,0
Main Lake Central,9/9/2019,Rolling,68.43333333,44.48473601,-73.28893557,0,1,1,0,1d,0,72.27365079,Rolling,0,0,0,0
Main Lake Central,9/10/2019,Rolling,75.33333333,44.48473601,-73.28893557,0,0,0,0,1a,0,71.31357143,Rolling,0,0,0,0
Main Lake Central,9/11/2019,Calm,68.5,44.48473601,-73.28893557,0,0,0,0,1c,0,72.86833333,Rolling,0,0,0,0
Main Lake Central,9/12/2019,White Caps,,44.48473601,-73.28893557,0,0,0,0,1b,0,72.23333333,Calm,0,0,0,0
Main Lake Central,9/15/2019,Calm,65,44.48473601,-73.28893557,0,0,0,0,1a,0,70.75555556,Rolling,0,0,0,0
Main Lake Central,9/16/2019,Calm,70,44.48473601,-73.28893557,0,0,0,0,1c,0,69.31666667,Calm,0,0,0,0
Main Lake Central,9/17/2019,Rolling,68,44.48473601,-73.28893557,1,1,1,1,1d,0,69.70833333,Calm,0,0,0,0
Main Lake Central,9/18/2019,Calm,64,44.48473601,-73.28893557,0,0,0,0,1c,0,67.875,Calm,0,0,0,0
Main Lake Central,9/19/2019,Rolling,,44.48473601,-73.28893557,0,0,0,0,1c,0,66.75,Calm,0,0,0,0
Main Lake Central,9/21/2019,Calm,,44.48473601,-73.28893557,0,0,0,0,2,1,66.75,Calm,0,0,0,0
Main Lake Central,9/22/2019,Calm,,44.48473601,-73.28893557,0,0,0,0,2,1,66.75,Calm,0,0,0,0
Main Lake Central,9/23/2019,Rolling,66.45,44.48473601,-73.28893557,1,0,0,0,1c,0,67.33333333,Calm,0,0,0,0
Main Lake Central,9/24/2019,Calm,63,44.48473601,-73.28893557,0,1,1,0,1d,0,66.15,Calm,0,0,0,0
Main Lake Central,9/25/2019,Calm,69.5,44.48473601,-73.28893557,0,0,0,0,2,1,64.48333333,Calm,0,0,0,0
Main Lake Central,9/26/2019,Calm,64,44.48473601,-73.28893557,0,0,0,0,1c,0,66.31666667,Calm,0,0,0,0
Main Lake Central,9/28/2019,Calm,,44.48473601,-73.28893557,0,0,0,0,1a,0,65.7375,Calm,0,0,0,0
Main Lake Central,9/30/2019,Calm,,44.48473601,-73.28893557,0,0,0,0,2,1,65.7375,Calm,0,0,0,0
Main Lake Central,10/1/2019,White Caps,,44.48473601,-73.28893557,1,1,1,0,1d,0,65.5,Calm,0,0,0,0
Main Lake Central,10/2/2019,Calm,68.5,44.48473601,-73.28893557,0,0,0,0,1c,0,66.75,Calm,0,0,0,0
Main Lake Central,10/3/2019,Calm,,44.48473601,-73.28893557,0,0,0,0,1b,0,66.25,Calm,0,0,0,0
Main Lake Central,10/5/2019,Calm,,44.48473601,-73.28893557,0,0,0,0,3,1,68.5,Calm,0,0,0,0
Main Lake Central,10/6/2019,Rolling,,44.48473601,-73.28893557,0,0,0,0,1c,0,68.5,Calm,0,0,0,0
Main Lake Central,10/7/2019,Calm,,44.48473601,-73.28893557,0,0,0,0,1c,0,68.5,Calm,0,0,0,0
Main Lake Central,10/8/2019,Calm,61,44.48473601,-73.28893557,0,0,0,0,1a,0,68.5,Calm,0,0,0,0
Main Lake Central,10/9/2019,Calm,58,44.48473601,-73.28893557,0,0,0,0,1c,0,64.75,Calm,0,0,0,0
Main Lake Central,10/10/2019,Calm,,44.48473601,-73.28893557,0,0,0,0,1a,0,59.5,Calm,0,0,0,0
Main Lake Central,10/12/2019,Calm,,44.48473601,-73.28893557,0,0,0,0,1a,0,59.5,Calm,0,0,0,0
Main Lake Central,10/14/2019,White Caps,,44.48473601,-73.28893557,0,0,0,0,1c,0,59.5,Calm,0,0,0,0
Main Lake Central,10/15/2019,Calm,56,44.48473601,-73.28893557,1,1,1,0,1d,0,59.5,Calm,0,0,0,0
Main Lake Central,10/16/2019,Rolling,53,44.48473601,-73.28893557,0,0,0,0,1c,0,57,Calm,0,0,0,0
Main Lake Central,10/19/2019,Rolling,,44.48473601,-73.28893557,0,0,0,0,1a,0,54.5,Calm,0,0,0,0
Main Lake Central,10/21/2019,Calm,,44.48473601,-73.28893557,0,0,0,0,2,1,54.5,Rolling,0,0,0,0
Main Lake Central,10/22/2019,Rolling,,44.48473601,-73.28893557,0,0,0,0,1d,0,54.5,Calm,0,0,0,0
Main Lake Central,10/23/2019,Rolling,58,44.48473601,-73.28893557,0,0,0,0,3,1,53,Rolling,0,0,0,0
Main Lake Central,10/24/2019,Calm,52.52,44.48473601,-73.28893557,0,0,0,0,1b,0,58,Rolling,0,0,0,0
Main Lake Central,10/25/2019,Calm,51.86,44.48473601,-73.28893557,1,1,0,0,2,1,55.26,Rolling,0,0,0,0
Main Lake Central,10/26/2019,Rolling,,44.48473601,-73.28893557,0,0,0,0,2,1,54.12666667,Calm,0,0,0,0
Main Lake Central,10/28/2019,Calm,54.23333333,44.48473601,-73.28893557,0,0,0,0,3,1,54.12666667,Calm,0,0,0,0
Main Lake Central,10/29/2019,Rolling,53.65714286,44.48473601,-73.28893557,0,0,0,0,1d,0,54.15333333,Calm,0,0,0,0
Main Lake Central,10/30/2019,Calm,54.38333333,44.48473601,-73.28893557,0,0,0,0,3,1,54.05409524,Calm,0,0,0,0
Main Lake Central,10/31/2019,Rolling,,44.48473601,-73.28893557,0,0,0,0,1c,0,53.3307619,Calm,0,0,0,0
Main Lake Central,11/1/2019,White Caps,52.2,44.48473601,-73.28893557,0,0,0,0,1c,0,53.53345238,Calm,0,0,0,0
Main Lake Central,11/4/2019,Rolling,49,44.48473601,-73.28893557,0,0,0,0,1c,0,53.61845238,Calm,0,0,0,0
Main Lake Central,11/5/2019,Calm,49.93333333,44.48473601,-73.28893557,0,0,0,0,1a,0,52.31011905,Rolling,0,0,0,0
Main Lake Central,11/6/2019,White Caps,49.23333333,44.48473601,-73.28893557,0,0,0,0,1a,0,51.37916667,Calm,0,0,0,0
Main Lake Central,11/7/2019,Calm,,44.48473601,-73.28893557,0,0,0,0,1b,0,50.09166667,Rolling,0,0,0,0
Main Lake Central,11/8/2019,White Caps,42.63333333,44.48473601,-73.28893557,0,0,0,0,1c,0,50.09166667,Calm,0,0,0,0
Main Lake Central,11/9/2019,Calm,,44.48473601,-73.28893557,0,0,0,0,1a,0,47.7,Calm,0,0,0,0
Main Lake Central,11/10/2019,White Caps,48,44.48473601,-73.28893557,0,0,0,0,1a,0,47.7,Calm,0,0,0,0
Main Lake Central,11/11/2019,Rolling,42.36666667,44.48473601,-73.28893557,0,0,0,0,1c,0,47.76,Calm,0,0,0,0
Main Lake Central,11/12/2019,White Caps,39.4,44.48473601,-73.28893557,0,0,0,0,1c,0,46.43333333,Calm,0,0,0,0
Main Lake Central,11/13/2019,Rolling,39.03333333,44.48473601,-73.28893557,0,0,0,0,1c,0,44.32666667,White Caps,0,0,0,0
Main Lake Central,11/14/2019,Calm,41.73333333,44.48473601,-73.28893557,0,0,0,0,1a,0,42.28666667,White Caps,0,0,0,0
Main Lake Central,11/15/2019,Rolling,,44.48473601,-73.28893557,0,0,0,0,1a,0,42.19444444,White Caps,0,0,0,0
Main Lake Central,6/15/2020,Rolling,,44.48473601,-73.28893557,0,0,0,0,1a,0,42.10666667,,,,,
Main Lake Central,6/24/2020,White Caps,,44.48473601,-73.28893557,0,0,0,0,1a,0,,,,,,
Main Lake Central,6/26/2020,Calm,0,44.48473601,-73.28893557,0,0,0,0,2,1,,White Caps,0,0,0,0
Main Lake Central,6/27/2020,Rolling,70,44.48473601,-73.28893557,0,0,0,0,1a,0,0,Calm,0,0,0,0
Main Lake Central,6/29/2020,Rolling,,44.48473601,-73.28893557,0,0,0,0,1a,0,35,Calm,0,0,0,0
Main Lake Central,6/30/2020,Calm,74,44.48473601,-73.28893557,0,0,0,0,1b,0,35,Rolling,0,0,0,0
Main Lake Central,7/1/2020,Rolling,77,44.48473601,-73.28893557,0,0,0,0,1b,0,48,Calm,0,0,0,0
Main Lake Central,7/2/2020,Calm,69,44.48473601,-73.28893557,0,0,0,0,1b,0,55.25,Rolling,0,0,0,0
Main Lake Central,7/3/2020,Calm,72,44.48473601,-73.28893557,0,0,0,0,1a,0,58,Calm,0,0,0,0
Main Lake Central,7/4/2020,Rolling,,44.48473601,-73.28893557,0,0,0,0,1b,0,72.4,Calm,0,0,0,0
Main Lake Central,7/5/2020,Calm,72,44.48473601,-73.28893557,0,0,0,0,1d,0,73,Calm,0,0,0,0
Main Lake Central,7/6/2020,Calm,78,44.48473601,-73.28893557,0,0,0,0,3,1,72.8,Calm,0,0,0,0
Main Lake Central,7/7/2020,Rolling,80,44.48473601,-73.28893557,0,0,0,0,1c,0,73.66666667,Calm,0,0,0,0
Main Lake Central,7/8/2020,Calm,73.5,44.48473601,-73.28893557,0,0,0,0,1a,0,74.66666667,Calm,0,0,0,0
Main Lake Central,7/9/2020,Calm,72.8,44.48473601,-73.28893557,0,0,0,0,2,1,74.08333333,Calm,0,0,0,0
Main Lake Central,7/10/2020,Calm,77.2,44.48473601,-73.28893557,0,0,0,0,2,1,74.71666667,Calm,0,0,0,0
Main Lake Central,7/11/2020,Calm,75.6,44.48473601,-73.28893557,0,0,0,0,1a,0,75.58333333,Calm,0,0,0,0
Main Lake Central,7/12/2020,Rolling,77.5,44.48473601,-73.28893557,0,0,0,0,1b,0,75.58571429,Calm,0,0,0,0
Main Lake Central,7/13/2020,Rolling,77.4,44.48473601,-73.28893557,0,0,0,0,2,1,76.37142857,Calm,0,0,0,0
Main Lake Central,7/14/2020,Rolling,79.775,44.48473601,-73.28893557,0,0,0,0,1c,0,76.28571429,Calm,0,0,0,0
Main Lake Central,7/15/2020,Calm,75.56,44.48473601,-73.28893557,0,0,0,0,1d,0,76.25357143,Calm,0,0,0,0
Main Lake Central,7/16/2020,Rolling,,44.48473601,-73.28893557,0,0,0,0,1b,0,76.54785714,Calm,0,0,0,0
Main Lake Central,7/17/2020,Calm,73.125,44.48473601,-73.28893557,0,0,0,0,1c,0,77.1725,Rolling,0,0,0,0
Main Lake Central,7/18/2020,Rolling,,44.48473601,-73.28893557,0,0,0,0,1a,0,76.49333333,Rolling,0,0,0,0
Main Lake Central,7/19/2020,Rolling,77.5,44.48473601,-73.28893557,0,0,0,0,1b,0,76.672,Rolling,0,0,0,0
Main Lake Central,7/20/2020,Rolling,78.56,44.48473601,-73.28893557,0,0,0,0,1c,0,76.672,Rolling,0,0,0,0
Main Lake Central,7/21/2020,Calm,78,44.48473601,-73.28893557,0,0,0,0,1a,0,76.904,Rolling,0,0,0,0
Main Lake Central,7/22/2020,Calm,76.46666667,44.48473601,-73.28893557,0,0,0,0,1c,0,76.549,Rolling,0,0,0,0
Main Lake Central,7/23/2020,Rolling,,44.48473601,-73.28893557,0,0,0,0,1c,0,76.73033333,Rolling,0,0,0,0
Main Lake Central,7/24/2020,Rolling,79.22,44.48473601,-73.28893557,0,0,0,0,1c,0,76.73033333,Rolling,0,0,0,0
Main Lake Central,7/25/2020,Calm,,44.48473601,-73.28893557,0,0,0,0,3,1,77.94933333,Rolling,0,0,0,0
Main Lake Central,7/26/2020,Calm,78.5,44.48473601,-73.28893557,0,0,0,0,1b,0,77.94933333,Rolling,0,0,0,0
Main Lake Central,7/27/2020,Calm,80.7,44.48473601,-73.28893557,0,0,0,0,2,1,78.14933333,Calm,0,0,0,0
Main Lake Central,7/28/2020,Rolling,81.45,44.48473601,-73.28893557,0,0,0,0,2,1,78.57733333,Calm,0,0,0,0
Main Lake Central,7/29/2020,Rolling,79.92,44.48473601,-73.28893557,0,0,0,0,1c,0,79.26733333,Calm,0,0,0,0
Main Lake Central,7/30/2020,Calm,78.5,44.48473601,-73.28893557,0,0,0,0,3,1,79.958,Rolling,0,0,0,0
Main Lake Central,7/31/2020,Calm,76.93333333,44.48473601,-73.28893557,0,0,0,0,3,1,79.715,Calm,0,0,0,0
Main Lake Central,8/1/2020,Calm,77.5,44.48473601,-73.28893557,0,0,0,0,3,1,79.33388889,Calm,0,0,0,0
Main Lake Central,8/2/2020,Rolling,76.36,44.48473601,-73.28893557,0,0,0,0,1c,0,79.07190476,Calm,0,0,0,0
Main Lake Central,8/3/2020,Rolling,74.66666667,44.48473601,-73.28893557,0,0,0,0,1c,0,78.76619048,Calm,0,0,0,0
Main Lake Central,8/4/2020,Rolling,76,44.48473601,-73.28893557,0,0,0,0,1b,0,77.90428571,Rolling,0,0,0,0
Main Lake Central,8/5/2020,Rolling,72.5,44.48473601,-73.28893557,0,0,0,0,1b,0,77.12571429,Rolling,0,0,0,0
Main Lake Central,8/6/2020,Calm,73.55,44.48473601,-73.28893557,0,0,0,0,3,1,76.06571429,Rolling,0,0,0,0
Main Lake Central,8/7/2020,Calm,72.9,44.48473601,-73.28893557,0,0,0,0,3,1,75.35857143,Rolling,0,0,0,0
Main Lake Central,8/8/2020,Calm,77,44.48473601,-73.28893557,0,0,0,0,3,1,74.78238095,Rolling,0,0,0,0
Main Lake Central,8/9/2020,Rolling,76.8,44.48473601,-73.28893557,0,0,0,0,1d,0,74.71095238,Rolling,0,0,0,0
Main Lake Central,8/10/2020,Calm,79.8,44.48473601,-73.28893557,0,0,0,0,3,1,74.77380952,Rolling,0,0,0,0
Main Lake Central,8/11/2020,Calm,78.5,44.48473601,-73.28893557,0,0,0,0,1d,0,75.50714286,Calm,0,0,0,0
Main Lake Central,8/12/2020,Calm,79.4,44.48473601,-73.28893557,0,0,0,0,2,1,75.86428571,Calm,0,0,0,0
Main Lake Central,8/13/2020,Calm,75,44.48473601,-73.28893557,0,0,0,0,2,1,76.85,Calm,0,0,0,0
Main Lake Central,8/14/2020,Rolling,76.01666667,44.48473601,-73.28893557,0,0,0,0,1a,0,77.05714286,Calm,0,0,0,0
Main Lake Central,8/15/2020,Calm,,44.48473601,-73.28893557,0,0,0,0,1d,0,77.50238095,Calm,0,0,0,0
Main Lake Central,8/16/2020,Rolling,78,44.48473601,-73.28893557,0,0,0,0,1c,0,77.58611111,Calm,0,0,0,0
Main Lake Central,8/17/2020,Rolling,79.025,44.48473601,-73.28893557,0,0,0,0,1c,0,77.78611111,Calm,0,0,0,0
Main Lake Central,8/18/2020,Calm,77.1,44.48473601,-73.28893557,0,0,0,0,1a,0,77.65694444,Calm,0,0,0,0
Main Lake Central,8/19/2020,Rolling,76.96,44.48473601,-73.28893557,0,0,0,0,1d,0,77.42361111,Calm,0,0,0,0
Main Lake Central,8/20/2020,Calm,,44.48473601,-73.28893557,0,0,0,0,1b,0,77.01694444,Rolling,0,0,0,0
Main Lake Central,8/21/2020,Calm,77.275,44.48473601,-73.28893557,0,0,0,0,1d,0,77.42033333,Rolling,0,0,0,0
Main Lake Central,8/22/2020,Calm,,44.48473601,-73.28893557,0,0,0,0,1a,0,77.672,Calm,0,0,0,0
Main Lake Central,8/23/2020,Calm,77.5,44.48473601,-73.28893557,0,0,0,0,1d,0,77.672,Calm,0,0,0,0
Main Lake Central,8/24/2020,Calm,74.1,44.48473601,-73.28893557,0,0,0,0,1c,0,77.572,Calm,0,0,0,0
Main Lake Central,8/25/2020,Rolling,74,44.48473601,-73.28893557,0,0,0,0,1a,0,76.587,Calm,0,0,0,0
Main Lake Central,8/26/2020,White Caps,73.92,44.48473601,-73.28893557,0,0,0,0,1c,0,75.967,Calm,0,0,0,0
Main Lake Central,8/27/2020,Calm,73.5,44.48473601,-73.28893557,0,0,0,0,1c,0,75.359,Calm,0,0,0,0
Main Lake Central,8/28/2020,Calm,72,44.48473601,-73.28893557,0,0,0,0,2,1,75.04916667,Calm,0,0,0,0
Main Lake Central,8/29/2020,Rolling,,44.48473601,-73.28893557,0,0,0,0,1b,0,74.17,Calm,0,0,0,0
Main Lake Central,8/30/2020,Rolling,76,44.48473601,-73.28893557,0,0,0,0,1b,0,74.17,Calm,0,0,0,0
Main Lake Central,8/31/2020,Calm,69.16666667,44.48473601,-73.28893557,0,0,0,0,3,1,73.92,Calm,0,0,0,0
Main Lake Central,9/1/2020,Calm,70.2,44.48473601,-73.28893557,0,0,0,0,1d,0,73.09777778,Calm,0,0,0,0
Main Lake Central,9/2/2020,Rolling,74,44.48473601,-73.28893557,0,0,0,0,1c,0,72.46444444,Calm,0,0,0,0
Main Lake Central,9/3/2020,Calm,69,44.48473601,-73.28893557,0,0,0,0,3,1,72.47777778,Calm,0,0,0,0
Main Lake Central,9/4/2020,Rolling,70.5,44.48473601,-73.28893557,0,0,0,0,1a,0,71.72777778,Calm,0,0,0,0
Main Lake Central,9/5/2020,Rolling,74.3,44.48473601,-73.28893557,0,0,0,0,1c,0,71.47777778,Rolling,0,0,0,0
Main Lake Central,9/6/2020,Calm,70.95,44.48473601,-73.28893557,0,0,0,0,3,1,71.88095238,Rolling,0,0,0,0
Main Lake Central,9/7/2020,White Caps,68,44.48473601,-73.28893557,0,0,0,0,1b,0,71.15952381,Calm,0,0,0,0
Main Lake Central,9/8/2020,Rolling,71.56666667,44.48473601,-73.28893557,0,0,0,0,1c,0,70.99285714,Calm,0,0,0,0
Main Lake Central,9/9/2020,Rolling,69,44.48473601,-73.28893557,0,0,0,0,1a,0,71.18809524,Rolling,0,0,0,0
Main Lake Central,9/10/2020,Rolling,68,44.48473601,-73.28893557,0,0,0,0,1c,0,70.47380952,Rolling,0,0,0,0
Main Lake Central,9/11/2020,Rolling,63.1,44.48473601,-73.28893557,0,0,0,0,1a,0,70.33095238,Rolling,0,0,0,0
Main Lake Central,9/13/2020,Rolling,,44.48473601,-73.28893557,0,0,0,0,1a,0,69.27380952,Rolling,0,0,0,0
Main Lake Central,9/14/2020,White Caps,62.9,44.48473601,-73.28893557,0,0,0,0,1a,0,67.93333333,Rolling,0,0,0,0
Main Lake Central,9/16/2020,Rolling,65,44.48473601,-73.28893557,0,0,0,0,1a,0,66.91333333,Rolling,0,0,0,0
Main Lake Central,9/17/2020,Calm,65,44.48473601,-73.28893557,0,0,0,0,1c,0,64.75,Rolling,0,0,0,0
Main Lake Central,9/18/2020,Rolling,60,44.48473601,-73.28893557,0,0,0,0,1a,0,64,Rolling,0,0,0,0
Main Lake Central,9/19/2020,White Caps,,44.48473601,-73.28893557,0,0,0,0,1a,0,63.225,Rolling,0,0,0,0
Main Lake Central,9/20/2020,Rolling,,44.48473601,-73.28893557,0,0,0,0,1d,0,63.225,Rolling,0,0,0,0
Main Lake Central,9/21/2020,Calm,61,44.48473601,-73.28893557,0,0,0,0,1a,0,63.225,Rolling,0,0,0,0
Main Lake Central,9/22/2020,Rolling,60,44.48473601,-73.28893557,0,0,0,0,1a,0,62.75,Rolling,0,0,0,0
Main Lake Central,9/23/2020,Calm,64,44.48473601,-73.28893557,0,0,0,0,1a,0,62.2,Rolling,0,0,0,0
Main Lake Central,9/24/2020,Calm,60.4,44.48473601,-73.28893557,0,0,0,0,1c,0,62,Calm,0,0,0,0
Main Lake Central,9/25/2020,Rolling,64,44.48473601,-73.28893557,0,0,0,0,1a,0,61.08,Calm,0,0,0,0
Main Lake Central,9/26/2020,Rolling,,44.48473601,-73.28893557,0,0,0,0,1a,0,61.88,Calm,0,0,0,0
Main Lake Central,9/27/2020,Rolling,,44.48473601,-73.28893557,0,0,0,0,1a,0,61.88,Rolling,0,0,0,0
Main Lake Central,9/28/2020,Calm,66.53333333,44.48473601,-73.28893557,0,0,0,0,1b,0,61.88,Rolling,0,0,0,0
Main Lake Central,9/29/2020,Rolling,68,44.48473601,-73.28893557,0,0,0,0,1a,0,62.98666667,Rolling,0,0,0,0
Main Lake Central,9/30/2020,Calm,64,44.48473601,-73.28893557,0,0,0,0,1a,0,64.58666667,Rolling,0,0,0,0
Main Lake Central,10/1/2020,Calm,,44.48473601,-73.28893557,0,0,0,0,1c,0,64.58666667,Rolling,0,0,0,0
Main Lake Central,10/2/2020,Calm,,44.48473601,-73.28893557,0,0,0,0,1c,0,65.63333333,Rolling,0,0,0,0
Main Lake Central,10/3/2020,Calm,,44.48473601,-73.28893557,0,0,0,0,1a,0,66.17777778,Calm,0,0,0,0
Main Lake Central,10/4/2020,Calm,,44.48473601,-73.28893557,0,0,0,0,1a,0,66.17777778,Calm,0,0,0,0
Main Lake Central,10/5/2020,Rolling,58,44.48473601,-73.28893557,0,0,0,0,1b,0,66.17777778,Calm,0,0,0,0
Main Lake Central,10/7/2020,Rolling,66,44.48473601,-73.28893557,0,0,0,0,1a,0,63.33333333,Calm,0,0,0,0
Main Lake Central,10/8/2020,Calm,,44.48473601,-73.28893557,0,0,0,0,1a,0,62,Calm,0,0,0,0
Main Lake Central,10/9/2020,Rolling,,44.48473601,-73.28893557,0,0,0,0,1c,0,62,Calm,0,0,0,0
Main Lake Central,10/11/2020,Rolling,,44.48473601,-73.28893557,0,0,0,0,1b,0,62,Rolling,0,0,0,0
Main Lake Central,10/12/2020,Rolling,59,44.48473601,-73.28893557,0,0,0,0,1b,0,62,Rolling,0,0,0,0
Main Lake Central,10/14/2020,Calm,64,44.48473601,-73.28893557,0,0,0,0,1a,0,62.5,Rolling,0,0,0,0
Main Lake Central,10/15/2020,Calm,,44.48473601,-73.28893557,0,0,0,0,1c,0,61.5,Rolling,0,0,0,0
Main Lake Central,10/16/2020,Calm,,44.48473601,-73.28893557,0,0,0,0,1c,0,61.5,Rolling,0,0,0,0
Main Lake Central,10/18/2020,Rolling,,44.48473601,-73.28893557,0,0,0,0,1a,0,61.5,Calm,0,0,0,0
Main Lake Central,10/19/2020,Calm,,44.48473601,-73.28893557,0,0,0,0,1a,0,61.5,Calm,0,0,0,0
Main Lake Central,10/20/2020,Rolling,54,44.48473601,-73.28893557,0,0,0,0,1c,0,64,Calm,0,0,0,0
Main Lake Central,10/21/2020,Calm,,44.48473601,-73.28893557,0,0,0,0,1a,0,59,Calm,0,0,0,0
Main Lake Central,10/22/2020,Calm,,44.48473601,-73.28893557,0,0,0,0,2,1,54,Calm,0,0,0,0
Main Lake Central,10/23/2020,White Caps,,44.48473601,-73.28893557,0,0,0,0,1a,0,54,Calm,0,0,0,0
Main Lake Central,10/25/2020,Rolling,,44.48473601,-73.28893557,0,0,0,0,1a,0,54,Calm,0,0,0,0
Main Lake Central,10/26/2020,Rolling,,44.48473601,-73.28893557,0,0,0,0,1c,0,54,Calm,0,0,0,0
Main Lake Central,10/28/2020,Rolling,,44.48473601,-73.28893557,0,0,0,0,1a,0,54,Calm,0,0,0,0
Main Lake Central,10/29/2020,Rolling,,44.48473601,-73.28893557,0,0,0,0,2,1,,Rolling,0,0,0,0
Main Lake Central,10/30/2020,White Caps,,44.48473601,-73.28893557,0,0,0,0,1a,0,,Rolling,0,0,0,0
Main Lake Central,11/1/2020,White Caps,,44.48473601,-73.28893557,0,0,0,0,1a,0,,Rolling,0,0,0,0
Main Lake Central,11/4/2020,White Caps,62,44.48473601,-73.28893557,0,0,0,0,1a,0,,Rolling,0,0,0,0
Main Lake Central,11/5/2020,Rolling,,44.48473601,-73.28893557,0,0,0,0,1c,0,62,White Caps,0,0,0,0
Main Lake Central,6/20/2021,Rolling,70,44.48473601,-73.28893557,0,0,0,0,1b,0,62,,,,,
Main Lake Central,6/21/2021,White Caps,,44.48473601,-73.28893557,0,0,0,0,1a,0,70,Rolling,0,0,0,0
Main Lake Central,6/22/2021,Calm,,44.48473601,-73.28893557,0,0,0,0,1a,0,70,Rolling,0,0,0,0
Main Lake Central,6/23/2021,Calm,29,44.48473601,-73.28893557,0,1,1,0,1a,0,70,Calm,0,0,0,0
Main Lake Central,6/24/2021,Rolling,65,44.48473601,-73.28893557,0,0,0,0,1a,0,49.5,Calm,0,0,0,0
Main Lake Central,6/25/2021,Rolling,70.4,44.48473601,-73.28893557,0,0,0,0,1c,0,54.66666667,Calm,0,0,0,0
Main Lake Central,6/26/2021,Calm,64.7,44.48473601,-73.28893557,0,0,0,0,1a,0,58.6,Rolling,0,0,0,0
Main Lake Central,6/27/2021,Rolling,66,44.48473601,-73.28893557,0,0,0,0,1a,0,59.82,Calm,0,0,0,0
Main Lake Central,6/28/2021,Calm,,44.48473601,-73.28893557,0,0,0,0,1a,0,59.02,Calm,0,0,0,0
Main Lake Central,6/29/2021,Calm,49.5,44.48473601,-73.28893557,0,1,0,0,1b,0,59.02,Calm,0,0,0,0
Main Lake Central,6/30/2021,Calm,69.5,44.48473601,-73.28893557,0,0,0,0,1b,0,57.43333333,Calm,0,0,0,0
Main Lake Central,7/1/2021,Calm,65,44.48473601,-73.28893557,0,0,0,0,1a,0,64.18333333,Calm,0,0,0,0
Main Lake Central,7/2/2021,Calm,65.9,44.48473601,-73.28893557,0,0,0,0,1a,0,64.18333333,Calm,0,0,0,0
Main Lake Central,7/3/2021,Calm,69,44.48473601,-73.28893557,0,0,0,0,1a,0,63.43333333,Calm,0,0,0,0
Main Lake Central,7/4/2021,Rolling,72,44.48473601,-73.28893557,0,0,0,0,1c,0,64.15,Calm,0,0,0,0
Main Lake Central,7/5/2021,Rolling,,44.48473601,-73.28893557,0,0,0,0,1a,0,65.15,Calm,0,0,0,0
Main Lake Central,7/6/2021,Calm,75,44.48473601,-73.28893557,0,0,0,0,1b,0,65.15,Calm,0,0,0,0
Main Lake Central,7/7/2021,Rolling,68,44.48473601,-73.28893557,0,0,0,0,1d,0,69.4,Calm,0,0,0,0
Main Lake Central,7/8/2021,Calm,65,44.48473601,-73.28893557,0,0,0,0,2,1,69.15,Calm,0,0,0,0
Main Lake Central,7/9/2021,Calm,66,44.48473601,-73.28893557,0,0,0,0,2,1,69.15,Calm,0,0,0,0
Main Lake Central,7/10/2021,Rolling,68.15,44.48473601,-73.28893557,0,0,0,0,1b,0,69.16666667,Calm,0,0,0,0
Main Lake Central,7/11/2021,Calm,69.5,44.48473601,-73.28893557,0,0,0,0,1b,0,69.025,Rolling,0,0,0,0
Main Lake Central,7/12/2021,Calm,52,44.48473601,-73.28893557,1,1,1,0,3,1,68.60833333,Calm,0,0,0,0
Main Lake Central,7/13/2021,Rolling,70.94,44.48473601,-73.28893557,0,0,0,0,2,1,66.23571429,Calm,0,0,0,0
Main Lake Central,7/14/2021,Rolling,69,44.48473601,-73.28893557,0,0,0,0,1c,0,65.65571429,Calm,0,0,0,0
Main Lake Central,7/15/2021,Rolling,70.275,44.48473601,-73.28893557,0,0,0,0,3,1,65.79857143,Calm,0,0,0,0
Main Lake Central,7/16/2021,Rolling,72.7,44.48473601,-73.28893557,0,0,0,0,3,1,66.55214286,Rolling,0,0,0,0
Main Lake Central,7/17/2021,Calm,71.275,44.48473601,-73.28893557,0,0,0,0,3,1,67.50928571,Rolling,0,0,0,0
Main Lake Central,7/18/2021,Rolling,68,44.48473601,-73.28893557,0,0,0,0,1c,0,67.95571429,Rolling,0,0,0,0
Main Lake Central,7/19/2021,Rolling,,44.48473601,-73.28893557,0,0,0,0,1a,0,67.74142857,Rolling,0,0,0,0
Main Lake Central,7/20/2021,Calm,71.91111111,44.48473601,-73.28893557,0,0,0,0,3,1,70.365,Rolling,0,0,0,0
Main Lake Central,7/21/2021,Rolling,71,44.48473601,-73.28893557,0,0,0,0,1b,0,70.52685185,Rolling,0,0,0,0
Main Lake Central,7/22/2021,Calm,63.9375,44.48473601,-73.28893557,0,0,0,0,3,1,70.86018519,Rolling,0,0,0,0
Main Lake Central,7/23/2021,Calm,71.35,44.48473601,-73.28893557,0,0,0,0,3,1,69.80393519,Rolling,0,0,0,0
Main Lake Central,7/24/2021,Calm,71.6,44.48473601,-73.28893557,0,0,0,0,3,1,69.57893519,Calm,0,0,0,0
Main Lake Central,7/25/2021,Rolling,73.4,44.48473601,-73.28893557,0,0,0,0,1c,0,69.63310185,Calm,0,0,0,0
Main Lake Central,7/26/2021,Rolling,69,44.48473601,-73.28893557,0,0,0,0,1d,0,70.53310185,Calm,0,0,0,0
Main Lake Central,7/27/2021,Calm,75,44.48473601,-73.28893557,0,0,0,0,1b,0,70.3140873,Calm,0,0,0,0
Main Lake Central,7/28/2021,Rolling,69.5,44.48473601,-73.28893557,0,0,0,0,1a,0,70.75535714,Calm,0,0,0,0
Main Lake Central,7/29/2021,Rolling,70,44.48473601,-73.28893557,0,0,0,0,1c,0,70.54107143,Calm,0,0,0,0
Main Lake Central,7/30/2021,Rolling,72.6,44.48473601,-73.28893557,0,0,0,0,1c,0,71.40714286,Rolling,0,0,0,0
Main Lake Central,7/31/2021,Calm,,44.48473601,-73.28893557,0,0,0,0,1a,0,71.58571429,Rolling,0,0,0,0
Main Lake Central,8/1/2021,Rolling,69,44.48473601,-73.28893557,0,0,0,0,1b,0,71.58333333,Rolling,0,0,0,0
Main Lake Central,8/2/2021,Calm,,44.48473601,-73.28893557,0,0,0,0,1a,0,70.85,Rolling,0,0,0,0
Main Lake Central,8/3/2021,Rolling,76,44.48473601,-73.28893557,0,0,0,0,1c,0,71.22,Rolling,0,0,0,0
Main Lake Central,8/4/2021,Rolling,71.73333333,44.48473601,-73.28893557,0,0,0,0,1c,0,71.42,Rolling,0,0,0,0
Main Lake Central,8/5/2021,Calm,70.11111111,44.48473601,-73.28893557,0,0,0,0,2,1,71.86666667,Rolling,0,0,0,0
Main Lake Central,8/6/2021,Rolling,45.5,44.48473601,-73.28893557,0,0,0,0,1d,0,71.88888889,Rolling,0,0,0,0
Main Lake Central,8/8/2021,Calm,72,44.48473601,-73.28893557,0,0,0,0,1b,0,66.46888889,Rolling,0,0,0,0
Main Lake Central,8/9/2021,Rolling,77,44.48473601,-73.28893557,0,0,0,0,1c,0,67.06888889,Calm,0,0,0,0
Main Lake Central,8/10/2021,Rolling,79,44.48473601,-73.28893557,0,0,0,0,1a,0,68.72407407,Rolling,0,0,0,0
Main Lake Central,8/11/2021,Calm,72,44.48473601,-73.28893557,0,0,0,0,1a,0,69.22407407,Rolling,0,0,0,0
Main Lake Central,8/12/2021,Calm,75.28888889,44.48473601,-73.28893557,0,0,0,0,1c,0,69.26851852,Calm,0,0,0,0
Main Lake Central,8/13/2021,Rolling,80.1,44.48473601,-73.28893557,0,0,0,0,1c,0,70.13148148,Calm,0,0,0,0
Main Lake Central,8/14/2021,Calm,76,44.48473601,-73.28893557,0,0,0,0,1a,0,75.89814815,Calm,0,0,0,0
Main Lake Central,8/15/2021,Rolling,76,44.48473601,-73.28893557,0,0,0,0,1c,0,75.91269841,Calm,0,0,0,0
Main Lake Central,8/16/2021,Calm,23.33333333,44.48473601,-73.28893557,0,1,1,0,1d,0,76.48412698,Rolling,0,0,0,0
Main Lake Central,8/17/2021,Calm,72,44.48473601,-73.28893557,0,1,0,0,1b,0,68.81746032,Calm,0,0,0,0
Main Lake Central,8/18/2021,Rolling,74,44.48473601,-73.28893557,0,0,0,0,1c,0,67.81746032,Calm,0,0,0,0
Main Lake Central,8/19/2021,Rolling,72,44.48473601,-73.28893557,0,0,0,0,1b,0,68.1031746,Calm,0,0,0,0
Main Lake Central,8/20/2021,Calm,77.45,44.48473601,-73.28893557,0,0,0,0,3,1,67.63333333,Rolling,0,0,0,0
Main Lake Central,8/21/2021,Calm,74,44.48473601,-73.28893557,0,0,0,0,3,1,67.2547619,Calm,0,0,0,0
Main Lake Central,8/22/2021,Calm,77.5,44.48473601,-73.28893557,0,0,0,0,2,1,66.96904762,Calm,0,0,0,0
Main Lake Central,8/23/2021,Calm,,44.48473601,-73.28893557,0,1,1,0,3,1,67.18333333,Calm,0,0,0,0
Main Lake Central,8/24/2021,Calm,80,44.48473601,-73.28893557,0,1,0,0,1a,0,74.49166667,Calm,0,0,0,0
Main Lake Central,8/25/2021,Rolling,80,44.48473601,-73.28893557,0,0,0,0,1a,0,75.825,Calm,0,0,0,0
Main Lake Central,8/26/2021,Calm,71.97777778,44.48473601,-73.28893557,0,1,0,0,1d,0,76.825,Calm,0,0,0,0
Main Lake Central,8/27/2021,Rolling,78.6,44.48473601,-73.28893557,0,0,0,0,1a,0,76.8212963,Calm,0,0,0,0
Main Lake Central,8/29/2021,White Caps,74,44.48473601,-73.28893557,0,0,0,0,1b,0,77.01296296,Calm,0,0,0,0
Main Lake Central,8/30/2021,Calm,,44.48473601,-73.28893557,0,0,0,0,1b,0,76.91555556,Calm,0,0,0,0
Main Lake Central,8/31/2021,Rolling,79,44.48473601,-73.28893557,0,0,0,0,1b,0,76.91555556,Calm,0,0,0,0
Main Lake Central,9/1/2021,Calm,74,44.48473601,-73.28893557,0,0,0,0,1d,0,76.71555556,Rolling,0,0,0,0
Main Lake Central,9/2/2021,Rolling,,44.48473601,-73.28893557,0,0,0,0,1c,0,75.51555556,Calm,0,0,0,0
Main Lake Central,9/3/2021,Rolling,46.71666667,44.48473601,-73.28893557,0,1,1,0,1c,0,76.4,Rolling,0,0,0,0
Main Lake Central,9/4/2021,Rolling,76,44.48473601,-73.28893557,0,0,0,0,3,1,68.42916667,Rolling,0,0,0,0
Main Lake Central,9/5/2021,White Caps,68,44.48473601,-73.28893557,0,0,0,0,1c,0,69.94333333,Rolling,0,0,0,0
Main Lake Central,9/6/2021,Rolling,,44.48473601,-73.28893557,0,0,0,0,1a,0,68.74333333,Rolling,0,0,0,0
Main Lake Central,9/7/2021,Calm,72,44.48473601,-73.28893557,0,0,0,0,1a,0,68.74333333,Rolling,0,0,0,0
Main Lake Central,9/8/2021,Rolling,,44.48473601,-73.28893557,0,0,0,0,1a,0,67.34333333,Rolling,0,0,0,0
Main Lake Central,9/9/2021,Calm,71,44.48473601,-73.28893557,0,0,0,0,1c,0,65.67916667,Rolling,0,0,0,0
Main Lake Central,9/10/2021,White Caps,68,44.48473601,-73.28893557,0,0,0,0,1a,0,66.74333333,Rolling,0,0,0,0
Main Lake Central,9/12/2021,Calm,68,44.48473601,-73.28893557,0,0,0,0,1b,0,71,Calm,0,0,0,0
Main Lake Central,9/13/2021,Rolling,,44.48473601,-73.28893557,0,0,0,0,1a,0,69.75,Calm,0,0,0,0
Main Lake Central,9/14/2021,Calm,45,44.48473601,-73.28893557,0,1,0,0,1d,0,69.75,Calm,0,0,0,0
Main Lake Central,9/15/2021,Calm,69,44.48473601,-73.28893557,0,0,0,0,1a,0,63,Calm,0,0,0,0
Main Lake Central,9/16/2021,Calm,,44.48473601,-73.28893557,0,0,0,0,2,1,64.2,Calm,0,0,0,0
Main Lake Central,9/17/2021,Rolling,,44.48473601,-73.28893557,0,0,0,0,1c,0,62.5,Calm,0,0,0,0
Main Lake Central,9/18/2021,Calm,,44.48473601,-73.28893557,0,0,0,0,1a,0,60.66666667,Calm,0,0,0,0
Main Lake Central,9/19/2021,Calm,64,44.48473601,-73.28893557,0,0,0,0,1a,0,60.66666667,Calm,0,0,0,0
Main Lake Central,9/20/2021,White Caps,,44.48473601,-73.28893557,0,0,0,0,1a,0,59.33333333,Calm,0,0,0,0
Main Lake Central,9/21/2021,Calm,69,44.48473601,-73.28893557,0,1,0,0,1b,0,59.33333333,Calm,0,0,0,0
Main Lake Central,9/22/2021,Rolling,68,44.48473601,-73.28893557,0,0,0,0,1c,0,67.33333333,Calm,0,0,0,0
Main Lake Central,9/23/2021,Calm,31.25,44.48473601,-73.28893557,0,1,1,0,1d,0,67,Calm,0,0,0,0
Main Lake Central,9/24/2021,Rolling,,44.48473601,-73.28893557,0,0,0,0,1c,0,58.0625,Calm,0,0,0,0
Main Lake Central,9/25/2021,Calm,,44.48473601,-73.28893557,0,0,0,0,1a,0,58.0625,Calm,0,0,0,0
Main Lake Central,9/26/2021,Calm,68,44.48473601,-73.28893557,0,0,0,0,3,1,58.0625,Calm,0,0,0,0
Main Lake Central,9/27/2021,White Caps,,44.48473601,-73.28893557,0,0,0,0,1a,0,59.0625,Calm,0,0,0,0
Main Lake Central,9/28/2021,Rolling,64,44.48473601,-73.28893557,0,0,0,0,1a,0,59.0625,Calm,0,0,0,0
Main Lake Central,9/29/2021,Rolling,41,44.48473601,-73.28893557,0,0,0,0,1d,0,57.8125,Calm,0,0,0,0
Main Lake Central,9/30/2021,Rolling,,44.48473601,-73.28893557,0,0,0,0,1c,0,51.0625,Calm,0,0,0,0
Main Lake Central,10/2/2021,Calm,,44.48473601,-73.28893557,0,0,0,0,1a,0,57.66666667,Rolling,0,0,0,0
Main Lake Central,10/3/2021,Rolling,61,44.48473601,-73.28893557,0,0,0,0,1b,0,57.66666667,Rolling,0,0,0,0
Main Lake Central,10/4/2021,Calm,,44.48473601,-73.28893557,0,0,0,0,2,1,55.33333333,Rolling,0,0,0,0
Main Lake Central,10/5/2021,Rolling,68,44.48473601,-73.28893557,0,0,0,0,1c,0,55.33333333,Rolling,0,0,0,0
Main Lake Central,10/6/2021,Calm,,44.48473601,-73.28893557,0,0,0,0,3,1,56.66666667,Rolling,0,0,0,0
Main Lake Central,10/7/2021,Calm,66,44.48473601,-73.28893557,0,0,0,0,2,1,64.5,Calm,0,0,0,0
Main Lake Central,10/8/2021,Calm,16.66666667,44.48473601,-73.28893557,0,1,1,0,2,1,65,Calm,0,0,0,0
Main Lake Central,10/9/2021,White Caps,,44.48473601,-73.28893557,0,0,0,0,1b,0,52.91666667,Calm,0,0,0,0
Main Lake Central,10/10/2021,White Caps,61,44.48473601,-73.28893557,0,0,0,0,1a,0,52.91666667,Calm,0,0,0,0
Main Lake Central,10/11/2021,Rolling,,44.48473601,-73.28893557,0,0,0,0,1c,0,52.91666667,Calm,0,0,0,0
Main Lake Central,10/12/2021,Rolling,,44.48473601,-73.28893557,0,0,0,0,1c,0,52.91666667,Calm,0,0,0,0
Main Lake Central,10/13/2021,Rolling,64,44.48473601,-73.28893557,0,0,0,0,1c,0,47.88888889,Calm,0,0,0,0
Main Lake Central,10/14/2021,Calm,40,44.48473601,-73.28893557,0,1,1,0,3,1,51.91666667,Rolling,0,0,0,0
Main Lake Central,10/15/2021,Rolling,,44.48473601,-73.28893557,0,0,0,0,3,1,45.41666667,Rolling,0,0,0,0
Main Lake Central,10/16/2021,White Caps,,44.48473601,-73.28893557,0,0,0,0,1b,0,55,Rolling,0,0,0,0
Main Lake Central,10/18/2021,Rolling,,44.48473601,-73.28893557,0,0,0,0,1a,0,55,Rolling,0,0,0,0
Main Lake Central,10/19/2021,Rolling,,44.48473601,-73.28893557,0,0,0,0,1c,0,52,Rolling,0,0,0,0
Main Lake Central,10/20/2021,Calm,,44.48473601,-73.28893557,0,0,0,0,2,1,52,Rolling,0,0,0,0
Main Lake Central,10/21/2021,Calm,,44.48473601,-73.28893557,0,0,0,0,1a,0,40,Rolling,0,0,0,0
Main Lake Central,10/22/2021,Rolling,,44.48473601,-73.28893557,0,0,0,0,1c,0,,Rolling,0,0,0,0
Main Lake Central,10/24/2021,Calm,,44.48473601,-73.28893557,0,0,0,0,2,1,,Rolling,0,0,0,0
Main Lake Central,10/25/2021,Calm,,44.48473601,-73.28893557,0,0,0,0,1a,0,,Calm,0,0,0,0
Main Lake Central,10/26/2021,Calm,,44.48473601,-73.28893557,0,0,0,0,1c,0,,Calm,0,0,0,0
Main Lake Central,10/27/2021,Rolling,,44.48473601,-73.28893557,0,0,0,0,1c,0,,Calm,0,0,0,0
Main Lake Central,10/28/2021,Rolling,,44.48473601,-73.28893557,0,0,0,0,1d,0,,Calm,0,0,0,0
Main Lake Central,10/29/2021,Calm,,44.48473601,-73.28893557,0,0,0,0,2,1,,Calm,0,0,0,0
Main Lake Central,10/30/2021,Calm,,44.48473601,-73.28893557,0,0,0,0,2,1,,Calm,0,0,0,0
Main Lake Central,11/2/2021,Rolling,,44.48473601,-73.28893557,0,0,0,0,1a,0,,Calm,0,0,0,0
Main Lake Central,11/3/2021,Calm,,44.48473601,-73.28893557,0,0,0,0,1a,0,,Rolling,0,0,0,0
Main Lake Central,11/4/2021,Rolling,,44.48473601,-73.28893557,0,0,0,0,1c,0,,Calm,0,0,0,0
Main Lake Central,11/5/2021,Calm,,44.48473601,-73.28893557,0,0,0,0,1d,0,,Calm,0,0,0,0
Main Lake Central,11/7/2021,Rolling,,44.48473601,-73.28893557,0,0,0,0,1a,0,,Calm,0,0,0,0
Main Lake Central,11/9/2021,Rolling,,44.48473601,-73.28893557,0,0,0,0,3,1,,Rolling,0,0,0,0
Main Lake Central,11/10/2021,Rolling,,44.48473601,-73.28893557,0,0,0,0,2,1,,Rolling,0,0,0,0
Main Lake Central,11/11/2021,Rolling,,44.48473601,-73.28893557,0,0,0,0,2,1,,Rolling,0,0,0,0
Main Lake Central,11/12/2021,Rolling,,44.48473601,-73.28893557,0,0,0,0,1d,0,,Rolling,0,0,0,0
Main Lake Central,11/14/2021,Calm,,44.48473601,-73.28893557,0,0,0,0,1d,0,,Rolling,0,0,0,0
Main Lake Central,11/15/2021,Rolling,,44.48473601,-73.28893557,0,0,0,0,1d,0,,Rolling,0,0,0,0
Main Lake Central,11/18/2021,White Caps,,44.48473601,-73.28893557,0,0,0,0,1a,0,,Rolling,0,0,0,0
Main Lake Central,11/19/2021,Rolling,,44.48473601,-73.28893557,0,0,0,0,1a,0,,Rolling,0,0,0,0
Main Lake Central,6/20/2022,Calm,59,44.48473601,-73.28893557,0,0,0,0,1c,0,,,,,,
Main Lake Central,6/21/2022,Calm,,44.48473601,-73.28893557,0,0,0,0,1a,0,59,Calm,0,0,0,0
Main Lake Central,6/22/2022,Rolling,60,44.48473601,-73.28893557,0,0,0,0,1a,0,59,Calm,0,0,0,0
Main Lake Central,6/23/2022,Rolling,60,44.48473601,-73.28893557,0,0,0,0,1b,0,59.5,Calm,0,0,0,0
Main Lake Central,6/24/2022,Rolling,69.2,44.48473601,-73.28893557,0,0,0,0,1c,0,59.66666667,Calm,0,0,0,0
Main Lake Central,6/25/2022,Calm,62.5,44.48473601,-73.28893557,0,0,0,0,1c,0,62.05,Rolling,0,0,0,0
Main Lake Central,6/26/2022,Rolling,63,44.48473601,-73.28893557,0,0,0,0,1b,0,62.14,Calm,0,0,0,0
Main Lake Central,6/27/2022,Rolling,61,44.48473601,-73.28893557,0,0,0,0,1a,0,62.28333333,Rolling,0,0,0,0
Main Lake Central,6/28/2022,Calm,71,44.48473601,-73.28893557,0,0,0,0,1d,0,62.61666667,Rolling,0,0,0,0
Main Lake Central,6/29/2022,Rolling,68,44.48473601,-73.28893557,0,0,0,0,1a,0,63.81428571,Rolling,0,0,0,0
Main Lake Central,6/30/2022,Calm,70.45,44.48473601,-73.28893557,0,0,0,0,1c,0,64.95714286,Rolling,0,0,0,0
Main Lake Central,7/1/2022,Calm,63,44.48473601,-73.28893557,0,0,0,0,1c,0,66.45,Rolling,0,0,0,0
Main Lake Central,7/2/2022,Calm,,44.48473601,-73.28893557,0,0,0,0,1b,0,65.56428571,Calm,0,0,0,0
Main Lake Central,7/3/2022,Rolling,66,44.48473601,-73.28893557,0,0,0,0,1b,0,66.075,Calm,0,0,0,0
Main Lake Central,7/4/2022,Calm,,44.48473601,-73.28893557,0,0,0,0,1a,0,66.575,Calm,0,0,0,0
Main Lake Central,7/5/2022,Rolling,62,44.48473601,-73.28893557,0,0,0,0,1c,0,67.69,Calm,0,0,0,0
Main Lake Central,7/6/2022,Rolling,68,44.48473601,-73.28893557,0,0,0,0,1b,0,65.89,Calm,0,0,0,0
Main Lake Central,7/7/2022,Calm,76,44.48473601,-73.28893557,0,0,0,0,1c,0,65.89,Calm,0,0,0,0
Main Lake Central,7/8/2022,Calm,,44.48473601,-73.28893557,0,0,0,0,1c,0,67,Calm,0,0,0,0
Main Lake Central,7/9/2022,Calm,69.33333333,44.48473601,-73.28893557,0,0,0,0,1a,0,68,Calm,0,0,0,0
Main Lake Central,7/10/2022,Calm,72,44.48473601,-73.28893557,0,0,0,0,1c,0,68.26666667,Calm,0,0,0,0
Main Lake Central,7/11/2022,Rolling,66.5,44.48473601,-73.28893557,0,0,0,0,1a,0,69.46666667,Calm,0,0,0,0
Main Lake Central,7/12/2022,Calm,72,44.48473601,-73.28893557,1,1,0,0,1d,0,68.97222222,Calm,0,0,0,0
Main Lake Central,7/13/2022,Calm,71.5,44.48473601,-73.28893557,0,1,0,0,3,1,70.63888889,Calm,0,0,0,0
Main Lake Central,7/14/2022,Rolling,70.28571429,44.48473601,-73.28893557,1,1,0,0,1c,0,71.22222222,Calm,0,0,0,0
Main Lake Central,7/15/2022,Calm,71,44.48473601,-73.28893557,0,0,0,0,2,1,70.26984127,Calm,0,0,0,0
Main Lake Central,7/16/2022,Rolling,71,44.48473601,-73.28893557,0,0,0,0,1a,0,70.37414966,Calm,0,0,0,0
Main Lake Central,7/17/2022,Calm,72.87142857,44.48473601,-73.28893557,0,0,0,0,3,1,70.6122449,Calm,0,0,0,0
Main Lake Central,7/18/2022,Rolling,73.85714286,44.48473601,-73.28893557,0,0,0,0,1d,0,70.73673469,Calm,0,0,0,0
Main Lake Central,7/19/2022,Calm,73.8,44.48473601,-73.28893557,0,0,0,0,3,1,71.7877551,Calm,0,0,0,0
Main Lake Central,7/20/2022,Calm,76.48,44.48473601,-73.28893557,0,0,0,0,3,1,72.04489796,Calm,0,0,0,0
Main Lake Central,7/21/2022,White Caps,75.81818182,44.48473601,-73.28893557,0,0,0,0,3,1,72.75632653,Calm,0,0,0,0
Main Lake Central,7/22/2022,Rolling,84,44.48473601,-73.28893557,0,0,0,0,1a,0,73.54667904,Calm,0,0,0,0
Main Lake Central,7/24/2022,Rolling,77,44.48473601,-73.28893557,0,0,0,0,1b,0,75.40382189,Calm,0,0,0,0
Main Lake Central,7/25/2022,White Caps,,44.48473601,-73.28893557,0,0,0,0,1a,0,76.82588745,Rolling,0,0,0,0
Main Lake Central,7/26/2022,Calm,76.5,44.48473601,-73.28893557,0,1,1,0,2,1,77.41963636,Calm,0,0,0,0
Main Lake Central,7/27/2022,White Caps,74,44.48473601,-73.28893557,0,1,1,0,3,1,77.95963636,Calm,0,0,0,0
Main Lake Central,7/28/2022,Rolling,76.03333333,44.48473601,-73.28893557,0,0,0,0,3,1,77.46363636,White Caps,0,0,0,0
Main Lake Central,7/29/2022,Rolling,74.66666667,44.48473601,-73.28893557,0,0,0,0,3,1,77.50666667,Rolling,0,0,0,0
Main Lake Central,7/30/2022,Calm,71.92857143,44.48473601,-73.28893557,0,0,0,0,3,1,75.64,Rolling,0,0,0,0
Main Lake Central,7/31/2022,Calm,75,44.48473601,-73.28893557,0,0,0,0,3,1,75.02142857,Rolling,0,0,0,0
Main Lake Central,8/1/2022,Rolling,76,44.48473601,-73.28893557,0,0,0,0,3,1,74.68809524,Calm,0,0,0,0
Main Lake Central,8/2/2022,Calm,76.8,44.48473601,-73.28893557,0,0,0,0,3,1,74.8755102,Calm,0,0,0,0
Main Lake Central,8/3/2022,Calm,75.25,44.48473601,-73.28893557,0,0,0,0,3,1,74.91836735,Calm,0,0,0,0
Main Lake Central,8/4/2022,Calm,72.22222222,44.48473601,-73.28893557,0,0,0,0,1d,0,75.09693878,Calm,0,0,0,0
Main Lake Central,8/5/2022,Calm,76.53333333,44.48473601,-73.28893557,0,0,0,0,2,1,74.55249433,Calm,0,0,0,0
Main Lake Central,8/6/2022,Calm,72.5,44.48473601,-73.28893557,0,0,0,0,3,1,74.819161,Calm,0,0,0,0
Main Lake Central,8/7/2022,Rolling,80,44.48473601,-73.28893557,0,0,0,0,1a,0,74.90079365,Calm,0,0,0,0
Main Lake Central,8/8/2022,Calm,,44.48473601,-73.28893557,1,1,0,0,1a,0,75.61507937,Calm,0,0,0,0
Main Lake Central,8/9/2022,White Caps,73.75,44.48473601,-73.28893557,1,0,1,0,1c,0,75.55092593,Calm,0,0,0,0
Main Lake Central,8/10/2022,Calm,75,44.48473601,-73.28893557,0,1,1,0,1b,0,75.04259259,Calm,0,0,0,0
Main Lake Central,8/11/2022,Calm,79,44.48473601,-73.28893557,0,0,0,0,1b,0,75.00092593,Calm,0,0,0,0
Main Lake Central,8/12/2022,Rolling,74,44.48473601,-73.28893557,0,0,0,0,1c,0,76.13055556,Calm,0,0,0,0
Main Lake Central,8/13/2022,Calm,71.16666667,44.48473601,-73.28893557,0,0,0,0,1d,0,75.70833333,Calm,0,0,0,0
Main Lake Central,8/14/2022,Calm,79,44.48473601,-73.28893557,0,0,0,0,1c,0,75.48611111,Calm,0,0,0,0
Main Lake Central,8/15/2022,Calm,,44.48473601,-73.28893557,0,0,0,0,1a,0,75.31944444,Calm,0,0,0,0
Main Lake Central,8/16/2022,Calm,,44.48473601,-73.28893557,0,1,0,0,1a,0,75.31944444,Calm,0,0,0,0
Main Lake Central,8/17/2022,Calm,75,44.48473601,-73.28893557,0,0,0,0,1a,0,75.63333333,Calm,0,0,0,0
Main Lake Central,8/18/2022,Calm,72.42857143,44.48473601,-73.28893557,0,0,0,0,1b,0,75.63333333,Calm,0,0,0,0
Main Lake Central,8/19/2022,Calm,72.28571429,44.48473601,-73.28893557,0,0,0,0,1d,0,74.31904762,Calm,0,0,0,0
Main Lake Central,8/20/2022,Calm,74.8,44.48473601,-73.28893557,0,0,0,0,2,1,73.97619048,Calm,0,0,0,0
Main Lake Central,8/21/2022,White Caps,74.8,44.48473601,-73.28893557,0,0,0,0,1a,0,74.70285714,Calm,0,0,0,0
Main Lake Central,8/22/2022,Rolling,78,44.48473601,-73.28893557,0,1,0,1,1a,0,73.86285714,Calm,0,0,0,0
Main Lake Central,8/23/2022,Calm,75,44.48473601,-73.28893557,0,0,0,0,1d,0,74.55238095,Calm,0,0,0,0
Main Lake Central,8/24/2022,Rolling,82,44.48473601,-73.28893557,0,0,0,0,3,1,74.61632653,Calm,0,0,0,0
Main Lake Central,8/25/2022,Rolling,75.225,44.48473601,-73.28893557,0,0,0,0,1b,0,75.61632653,Calm,0,0,0,0
Main Lake Central,8/26/2022,Rolling,73,44.48473601,-73.28893557,0,0,0,0,1c,0,76.01581633,Calm,0,0,0,0
Main Lake Central,8/27/2022,Rolling,72.77142857,44.48473601,-73.28893557,0,0,0,0,1d,0,76.11785714,Rolling,0,0,0,0
Main Lake Central,8/28/2022,Calm,82.25,44.48473601,-73.28893557,0,0,0,0,1b,0,75.82806122,Rolling,0,0,0,0
Main Lake Central,8/29/2022,White Caps,80,44.48473601,-73.28893557,0,1,1,0,1b,0,76.89234694,Rolling,0,0,0,0
Main Lake Central,8/30/2022,Calm,76.5,44.48473601,-73.28893557,0,0,0,0,1d,0,77.17806122,Rolling,0,0,0,0
Main Lake Central,8/31/2022,Rolling,76,44.48473601,-73.28893557,0,0,0,0,1b,0,77.39234694,Rolling,0,0,0,0
Main Lake Central,9/1/2022,Calm,70.5,44.48473601,-73.28893557,0,0,0,0,1b,0,76.53520408,Rolling,0,0,0,0
Main Lake Central,9/2/2022,Calm,73.75,44.48473601,-73.28893557,0,0,0,0,1d,0,75.86020408,Calm,0,0,0,0
Main Lake Central,9/3/2022,Calm,69,44.48473601,-73.28893557,0,0,0,0,1a,0,75.96734694,Calm,0,0,0,0
Main Lake Central,9/4/2022,Rolling,,44.48473601,-73.28893557,0,0,0,0,1a,0,75.42857143,Calm,0,0,0,0
Main Lake Central,9/5/2022,Calm,66,44.48473601,-73.28893557,0,0,0,0,1a,0,74.29166667,Calm,0,0,0,0
Main Lake Central,9/6/2022,Calm,68,44.48473601,-73.28893557,0,1,0,0,1a,0,71.95833333,Calm,0,0,0,0
Main Lake Central,9/7/2022,Calm,68.53846154,44.48473601,-73.28893557,0,0,0,0,3,1,70.54166667,Calm,0,0,0,0
Main Lake Central,9/8/2022,Calm,76,44.48473601,-73.28893557,0,0,0,0,3,1,69.29807692,Calm,0,0,0,0
Main Lake Central,9/9/2022,Calm,,44.48473601,-73.28893557,0,0,0,0,1d,0,70.21474359,Calm,0,0,0,0
Main Lake Central,9/10/2022,Calm,68,44.48473601,-73.28893557,0,0,0,0,3,1,69.50769231,Calm,0,0,0,0
Main Lake Central,9/11/2022,Rolling,76,44.48473601,-73.28893557,0,0,0,0,1a,0,69.30769231,Calm,0,0,0,0
Main Lake Central,9/12/2022,Calm,75.75,44.48473601,-73.28893557,0,1,1,0,2,1,70.42307692,Calm,0,0,0,0
Main Lake Central,9/13/2022,Calm,74,44.48473601,-73.28893557,0,0,0,0,1a,0,72.04807692,Calm,0,0,0,0
Main Lake Central,9/14/2022,Rolling,72,44.48473601,-73.28893557,0,0,0,0,1b,0,73.04807692,Calm,0,0,0,0
Main Lake Central,9/15/2022,Calm,68,44.48473601,-73.28893557,0,0,0,0,1b,0,73.625,Calm,0,0,0,0
Main Lake Central,9/16/2022,Rolling,67,44.48473601,-73.28893557,0,0,0,0,1c,0,72.29166667,Calm,0,0,0,0
Main Lake Central,9/17/2022,Calm,,44.48473601,-73.28893557,0,0,0,0,1c,0,71.53571429,Calm,0,0,0,0
Main Lake Central,9/18/2022,White Caps,64,44.48473601,-73.28893557,0,0,0,0,1b,0,72.125,Calm,0,0,0,0
Main Lake Central,9/19/2022,Rolling,64,44.48473601,-73.28893557,0,1,0,0,1a,0,70.125,Calm,0,0,0,0
Main Lake Central,9/20/2022,Calm,,44.48473601,-73.28893557,0,1,0,0,1a,0,68.16666667,Calm,0,0,0,0
Main Lake Central,9/21/2022,Rolling,68,44.48473601,-73.28893557,0,0,0,0,1b,0,67,Calm,0,0,0,0
Main Lake Central,9/22/2022,Rolling,66,44.48473601,-73.28893557,0,0,0,0,1b,0,66.2,Calm,0,0,0,0
Main Lake Central,9/24/2022,Calm,60.83333333,44.48473601,-73.28893557,0,0,0,0,1c,0,65.8,Rolling,0,0,0,0
Main Lake Central,9/25/2022,Rolling,61,44.48473601,-73.28893557,0,0,0,0,1c,0,64.56666667,Rolling,0,0,0,0
Main Lake Central,9/26/2022,Rolling,64,44.48473601,-73.28893557,0,0,0,0,1c,0,63.96666667,Rolling,0,0,0,0
Main Lake Central,9/27/2022,Rolling,60,44.48473601,-73.28893557,0,0,0,0,1b,0,63.96666667,Rolling,0,0,0,0
Main Lake Central,9/28/2022,Calm,63,44.48473601,-73.28893557,0,0,0,0,1c,0,63.30555556,Rolling,0,0,0,0
Main Lake Central,9/29/2022,White Caps,,44.48473601,-73.28893557,0,0,0,0,1b,0,62.47222222,Rolling,0,0,0,0
Main Lake Central,9/30/2022,Calm,60,44.48473601,-73.28893557,0,0,0,0,3,1,61.76666667,Rolling,0,0,0,0
Main Lake Central,10/1/2022,Rolling,,44.48473601,-73.28893557,0,0,0,0,1c,0,61.47222222,Calm,0,0,0,0
Main Lake Central,10/2/2022,Calm,61.5,44.48473601,-73.28893557,0,0,0,0,1c,0,61.6,Rolling,0,0,0,0
Main Lake Central,10/3/2022,Calm,,44.48473601,-73.28893557,0,0,0,0,1a,0,61.7,Calm,0,0,0,0
Main Lake Central,10/4/2022,Rolling,,44.48473601,-73.28893557,0,0,0,0,1a,0,61.125,Calm,0,0,0,0
Main Lake Central,10/5/2022,Rolling,62,44.48473601,-73.28893557,0,0,0,0,1a,0,61.5,Calm,0,0,0,0
Main Lake Central,10/6/2022,Calm,,44.48473601,-73.28893557,0,0,0,0,1c,0,61.16666667,Calm,0,0,0,0
Main Lake Central,10/7/2022,Rolling,,44.48473601,-73.28893557,0,0,0,0,1b,0,61.16666667,Calm,0,0,0,0
Main Lake Central,10/8/2022,Calm,,44.48473601,-73.28893557,0,0,0,0,1a,0,61.75,Rolling,0,0,0,0
Main Lake Central,10/9/2022,Rolling,61,44.48473601,-73.28893557,0,0,0,0,1b,0,61.75,Calm,0,0,0,0
Main Lake Central,10/11/2022,Calm,,44.48473601,-73.28893557,0,0,0,0,1c,0,61.5,Rolling,0,0,0,0
Main Lake Central,10/12/2022,Rolling,60,44.48473601,-73.28893557,0,0,0,0,1a,0,61.5,Calm,0,0,0,0
Main Lake Central,10/13/2022,Rolling,,44.48473601,-73.28893557,0,0,0,0,1b,0,60.5,Calm,0,0,0,0
Main Lake Central,10/14/2022,Rolling,,44.48473601,-73.28893557,0,0,0,0,1c,0,60.5,Rolling,0,0,0,0
Main Lake Central,10/18/2022,Rolling,58,44.48473601,-73.28893557,0,0,0,0,1a,0,60.5,Rolling,0,0,0,0
Main Lake Central,10/19/2022,Rolling,56,44.48473601,-73.28893557,0,0,0,0,1a,0,59,Rolling,0,0,0,0
Main Lake Central,10/21/2022,Rolling,,44.48473601,-73.28893557,0,0,0,0,1c,0,57,Rolling,0,0,0,0
Main Lake Central,10/22/2022,Rolling,54.5,44.48473601,-73.28893557,0,0,0,0,1a,0,57,Rolling,0,0,0,0
Main Lake Central,10/23/2022,Calm,54,44.48473601,-73.28893557,0,0,0,0,1a,0,56.16666667,Rolling,0,0,0,0
Main Lake Central,10/24/2022,Calm,,44.48473601,-73.28893557,0,0,0,0,1a,0,55.625,Rolling,0,0,0,0
Main Lake Central,10/26/2022,Calm,58.56666667,44.48473601,-73.28893557,0,0,0,0,1a,0,55.625,Rolling,0,0,0,0
Main Lake Central,10/27/2022,Rolling,,44.48473601,-73.28893557,0,0,0,0,1d,0,55.68888889,Calm,0,0,0,0
Main Lake Central,10/28/2022,Rolling,50,44.48473601,-73.28893557,0,0,0,0,1a,0,55.68888889,Calm,0,0,0,0
Main Lake Central,10/29/2022,Calm,,44.48473601,-73.28893557,0,0,0,0,1c,0,54.26666667,Calm,0,0,0,0
Main Lake Central,10/30/2022,Rolling,56,44.48473601,-73.28893557,0,0,0,0,1b,0,54.18888889,Calm,0,0,0,0
Main Lake Central,11/3/2022,Rolling,,44.48473601,-73.28893557,0,0,0,0,1c,0,54.85555556,Rolling,0,0,0,0
Main Lake Central,11/5/2022,Rolling,58.95,44.48473601,-73.28893557,0,0,0,0,1a,0,53,Rolling,0,0,0,0
Main Lake Central,11/6/2022,Rolling,56,44.48473601,-73.28893557,0,0,0,0,1b,0,57.475,Rolling,0,0,0,0
Main Lake North,7/1/2012,,,44.32365242,-73.34822663,0,0,0,0,1c,0,,,,,,
Main Lake North,7/2/2012,,,44.32365242,-73.34822663,0,0,0,0,1c,0,,,0,0,0,0
Main Lake North,7/9/2012,,,44.32365242,-73.34822663,0,0,0,0,1a,0,,,0,0,0,0
Main Lake North,7/10/2012,,,44.32365242,-73.34822663,0,0,0,0,1c,0,,,0,0,0,0
Main Lake North,7/15/2012,,,44.32365242,-73.34822663,0,0,0,0,1a,0,,,0,0,0,0
Main Lake North,7/16/2012,,,44.32365242,-73.34822663,0,0,0,0,1c,0,,,0,0,0,0
Main Lake North,7/17/2012,,,44.32365242,-73.34822663,0,0,0,0,1a,0,,,0,0,0,0
Main Lake North,7/22/2012,,,44.32365242,-73.34822663,0,0,0,0,1c,0,,,0,0,0,0
Main Lake North,7/23/2012,,,44.32365242,-73.34822663,0,0,0,0,1b,0,,,0,0,0,0
Main Lake North,7/24/2012,,,44.32365242,-73.34822663,0,0,0,0,1c,0,,,0,0,0,0
Main Lake North,7/30/2012,,,44.32365242,-73.34822663,0,0,0,0,1c,0,,,0,0,0,0
Main Lake North,8/1/2012,,,44.32365242,-73.34822663,0,0,0,0,1a,0,,,0,0,0,0
Main Lake North,8/5/2012,,,44.32365242,-73.34822663,0,0,0,0,1b,0,,,0,0,0,0
Main Lake North,8/6/2012,,,44.32365242,-73.34822663,0,0,0,0,1c,0,,,0,0,0,0
Main Lake North,8/7/2012,,,44.32365242,-73.34822663,0,0,0,0,1a,0,,,0,0,0,0
Main Lake North,8/12/2012,,,44.32365242,-73.34822663,0,0,0,0,1c,0,,,0,0,0,0
Main Lake North,8/13/2012,,,44.32365242,-73.34822663,0,0,0,0,1c,0,,,0,0,0,0
Main Lake North,8/16/2012,,,44.32365242,-73.34822663,0,0,0,0,1c,0,,,0,0,0,0
Main Lake North,8/19/2012,,,44.32365242,-73.34822663,0,0,0,0,1c,0,,,0,0,0,0
Main Lake North,8/21/2012,,,44.32365242,-73.34822663,0,0,0,0,3,1,,,0,0,0,0
Main Lake North,8/22/2012,,,44.32365242,-73.34822663,0,0,0,0,1a,0,,,0,0,0,0
Main Lake North,8/24/2012,,,44.32365242,-73.34822663,0,0,0,0,1c,0,,,0,0,0,0
Main Lake North,8/27/2012,,,44.32365242,-73.34822663,0,0,0,0,3,1,,,0,0,0,0
Main Lake North,8/29/2012,,,44.32365242,-73.34822663,0,0,0,0,1c,0,,,0,0,0,0
Main Lake North,9/2/2012,,,44.32365242,-73.34822663,0,0,0,0,1a,0,,,0,0,0,0
Main Lake North,9/3/2012,,,44.32365242,-73.34822663,0,0,0,0,1c,0,,,0,0,0,0
Main Lake North,9/4/2012,,,44.32365242,-73.34822663,0,0,0,0,1a,0,,,0,0,0,0
Main Lake North,9/5/2012,,,44.32365242,-73.34822663,0,0,0,0,3,1,,,0,0,0,0
Main Lake North,9/10/2012,,,44.32365242,-73.34822663,0,0,0,0,2,1,,,0,0,0,0
Main Lake North,9/17/2012,,,44.32365242,-73.34822663,0,0,0,0,2,1,,,0,0,0,0
Main Lake North,9/24/2012,,,44.32365242,-73.34822663,0,0,0,0,2,1,,,0,0,0,0
Main Lake North,6/17/2013,Calm,62.7,44.32365242,-73.34822663,0,0,0,0,1c,0,,,,,,
Main Lake North,6/20/2013,Calm,0,44.32365242,-73.34822663,0,0,0,0,1a,0,62.7,Calm,0,0,0,0
Main Lake North,6/24/2013,Calm,48,44.32365242,-73.34822663,0,0,0,0,1b,0,31.35,Calm,0,0,0,0
Main Lake North,6/26/2013,Calm,66.6,44.32365242,-73.34822663,0,0,0,0,1a,0,24,Calm,0,0,0,0
Main Lake North,6/28/2013,Calm,0,44.32365242,-73.34822663,0,0,0,0,1a,0,38.2,Calm,0,0,0,0
Main Lake North,6/30/2013,Calm,37,44.32365242,-73.34822663,0,0,0,0,1b,0,38.2,Calm,0,0,0,0
Main Lake North,7/1/2013,Calm,66.3,44.32365242,-73.34822663,0,0,0,0,1a,0,37.9,Calm,0,0,0,0
Main Lake North,7/2/2013,Calm,71.975,44.32365242,-73.34822663,0,0,0,0,1c,0,42.475,Calm,0,0,0,0
Main Lake North,7/3/2013,Calm,35.8,44.32365242,-73.34822663,0,0,0,0,1c,0,48.375,Calm,0,0,0,0
Main Lake North,7/7/2013,Rolling,38,44.32365242,-73.34822663,0,0,0,0,1b,0,42.215,Calm,0,0,0,0
Main Lake North,7/8/2013,Calm,28.26,44.32365242,-73.34822663,0,0,0,0,1c,0,53.01875,Calm,0,0,0,0
Main Lake North,7/9/2013,Calm,0,44.32365242,-73.34822663,0,0,0,0,1a,0,43.50875,Calm,0,0,0,0
Main Lake North,7/10/2013,White Caps,70,44.32365242,-73.34822663,0,0,0,0,1a,0,25.515,Calm,0,0,0,0
Main Lake North,7/11/2013,Calm,0,44.32365242,-73.34822663,0,0,0,0,1a,0,34.065,Calm,0,0,0,0
Main Lake North,7/14/2013,Rolling,78,44.32365242,-73.34822663,0,0,0,0,1b,0,27.252,Calm,0,0,0,0
Main Lake North,7/15/2013,Calm,79.11666667,44.32365242,-73.34822663,0,0,0,0,2,1,35.252,Calm,0,0,0,0
Main Lake North,7/18/2013,Calm,0,44.32365242,-73.34822663,0,0,0,0,1a,0,45.42333333,Calm,0,0,0,0
Main Lake North,7/21/2013,Calm,39,44.32365242,-73.34822663,0,0,0,0,1a,0,52.37222222,Calm,0,0,0,0
Main Lake North,7/22/2013,Calm,58.45,44.32365242,-73.34822663,0,0,0,0,1a,0,39.37222222,Calm,0,0,0,0
Main Lake North,7/23/2013,Calm,71.5,44.32365242,-73.34822663,0,0,0,0,1a,0,32.48333333,Calm,0,0,0,0
Main Lake North,7/24/2013,Rolling,79,44.32365242,-73.34822663,0,0,0,0,1a,0,42.2375,Calm,0,0,0,0
Main Lake North,7/25/2013,Rolling,0,44.32365242,-73.34822663,0,0,0,0,1a,0,49.59,Calm,0,0,0,0
Main Lake North,7/29/2013,Calm,49.76666667,44.32365242,-73.34822663,0,0,0,0,1b,0,49.59,Calm,0,0,0,0
Main Lake North,7/30/2013,Calm,72.1,44.32365242,-73.34822663,0,0,0,0,1a,0,50.06666667,Calm,0,0,0,0
Main Lake North,8/1/2013,Rolling,0,44.32365242,-73.34822663,0,0,0,0,1b,0,50.21666667,Calm,0,0,0,0
Main Lake North,8/4/2013,Calm,37,44.32365242,-73.34822663,0,0,0,0,1a,0,40.62222222,Calm,0,0,0,0
Main Lake North,8/5/2013,Calm,74.325,44.32365242,-73.34822663,0,0,0,0,1a,0,39.71666667,Calm,0,0,0,0
Main Lake North,8/6/2013,Rolling,71.4,44.32365242,-73.34822663,0,0,0,0,1a,0,45.85625,Calm,0,0,0,0
Main Lake North,8/7/2013,White Caps,78,44.32365242,-73.34822663,0,0,0,0,1a,0,45.68125,Calm,0,0,0,0
Main Lake North,8/9/2013,Calm,0,44.32365242,-73.34822663,0,0,0,0,1a,0,52.145,Calm,0,0,0,0
Main Lake North,8/11/2013,White Caps,72,44.32365242,-73.34822663,0,0,0,0,1a,0,52.145,Calm,0,0,0,0
Main Lake North,8/12/2013,Calm,71.85,44.32365242,-73.34822663,0,0,0,0,1c,0,59.145,Calm,0,0,0,0
Main Lake North,8/15/2013,Rolling,0,44.32365242,-73.34822663,0,0,0,0,1a,0,58.65,Calm,0,0,0,0
Main Lake North,8/18/2013,Calm,35.45,44.32365242,-73.34822663,0,0,0,0,1a,0,35.9625,Calm,0,0,0,0
Main Lake North,8/19/2013,Calm,76.68,44.32365242,-73.34822663,0,0,0,0,1a,0,35.76666667,Calm,0,0,0,0
Main Lake North,8/20/2013,Rolling,72.2,44.32365242,-73.34822663,0,0,0,0,1a,0,37.37666667,Calm,0,0,0,0
Main Lake North,8/22/2013,Calm,0,44.32365242,-73.34822663,0,0,0,0,1a,0,46.0825,Calm,0,0,0,0
Main Lake North,8/25/2013,Calm,48.76666667,44.32365242,-73.34822663,0,0,0,0,1a,0,46.0825,Calm,0,0,0,0
Main Lake North,8/26/2013,Calm,71.65,44.32365242,-73.34822663,0,0,0,0,1c,0,49.41166667,Calm,0,0,0,0
Main Lake North,8/27/2013,Calm,72.8,44.32365242,-73.34822663,0,0,0,0,2,1,48.15416667,Calm,0,0,0,0
Main Lake North,8/29/2013,Calm,0,44.32365242,-73.34822663,0,0,0,0,1a,0,48.30416667,Calm,0,0,0,0
Main Lake North,9/1/2013,Calm,76,44.32365242,-73.34822663,0,0,0,0,1c,0,48.30416667,Calm,0,0,0,0
Main Lake North,9/2/2013,Calm,57.4,44.32365242,-73.34822663,0,0,0,0,1a,0,55.1125,Calm,0,0,0,0
Main Lake North,9/3/2013,Calm,75.8,44.32365242,-73.34822663,0,0,0,0,1a,0,51.55,Calm,0,0,0,0
Main Lake North,9/5/2013,Calm,0,44.32365242,-73.34822663,0,0,0,0,1a,0,52.3,Calm,0,0,0,0
Main Lake North,9/12/2013,Calm,0,44.32365242,-73.34822663,0,0,0,0,1a,0,52.3,Calm,0,0,0,0
Main Lake North,9/16/2013,White Caps,61,44.32365242,-73.34822663,0,0,0,0,1a,0,0,Calm,0,0,0,0
Main Lake North,9/19/2013,Rolling,0,44.32365242,-73.34822663,0,0,0,0,1a,0,30.5,Calm,0,0,0,0
Main Lake North,6/13/2014,Calm,62.16666667,44.32365242,-73.34822663,0,0,0,0,1b,0,30.5,,,,,
Main Lake North,6/16/2014,Calm,66.36666667,44.32365242,-73.34822663,0,0,0,0,1c,0,62.16666667,Calm,0,0,0,0
Main Lake North,6/17/2014,Calm,72.175,44.32365242,-73.34822663,0,0,0,0,1a,0,64.26666667,Calm,0,0,0,0
Main Lake North,6/23/2014,Calm,70.48333333,44.32365242,-73.34822663,0,0,0,0,1a,0,66.90277778,Calm,0,0,0,0
Main Lake North,6/24/2014,Rolling,64.76666667,44.32365242,-73.34822663,0,0,0,0,1b,0,71.32916667,Calm,0,0,0,0
Main Lake North,6/25/2014,Rolling,65.7,44.32365242,-73.34822663,0,0,0,0,1a,0,67.625,Calm,0,0,0,0
Main Lake North,6/30/2014,Rolling,72.1,44.32365242,-73.34822663,0,0,0,0,1a,0,66.98333333,Rolling,0,0,0,0
Main Lake North,7/1/2014,Rolling,73.93333333,44.32365242,-73.34822663,0,0,0,0,1c,0,67.52222222,Rolling,0,0,0,0
Main Lake North,7/6/2014,Rolling,65,44.32365242,-73.34822663,0,0,0,0,1a,0,70.57777778,Rolling,0,0,0,0
Main Lake North,7/7/2014,Calm,69.5,44.32365242,-73.34822663,0,0,0,0,1a,0,70.34444444,Rolling,0,0,0,0
Main Lake North,7/8/2014,Rolling,73.5625,44.32365242,-73.34822663,0,0,0,0,1c,0,69.47777778,Rolling,0,0,0,0
Main Lake North,7/9/2014,White Caps,69.8,44.32365242,-73.34822663,0,0,0,0,1a,0,69.35416667,Rolling,0,0,0,0
Main Lake North,7/14/2014,Calm,70.9,44.32365242,-73.34822663,0,0,0,0,1a,0,69.465625,Calm,0,0,0,0
Main Lake North,7/15/2014,Calm,73.71428571,44.32365242,-73.34822663,0,0,0,0,1c,0,71.42083333,Calm,0,0,0,0
Main Lake North,7/16/2014,Calm,72.5,44.32365242,-73.34822663,0,0,0,0,1c,0,71.47142857,Calm,0,0,0,0
Main Lake North,7/20/2014,Rolling,76.5,44.32365242,-73.34822663,0,0,0,0,1c,0,72.37142857,Calm,0,0,0,0
Main Lake North,7/21/2014,Calm,75.15,44.32365242,-73.34822663,0,0,0,0,1a,0,73.40357143,Calm,0,0,0,0
Main Lake North,7/22/2014,Rolling,76.02,44.32365242,-73.34822663,0,0,0,0,1c,0,74.46607143,Calm,0,0,0,0
Main Lake North,7/23/2014,Calm,75.73333333,44.32365242,-73.34822663,0,0,0,0,1a,0,75.0425,Calm,0,0,0,0
Main Lake North,7/29/2014,Calm,73.3125,44.32365242,-73.34822663,0,0,0,0,1b,0,75.85083333,Calm,0,0,0,0
Main Lake North,7/30/2014,Rolling,71.2,44.32365242,-73.34822663,0,0,0,0,1a,0,74.52291667,Calm,0,0,0,0
Main Lake North,8/3/2014,Rolling,77.2,44.32365242,-73.34822663,0,0,0,0,1c,0,72.25625,Calm,0,0,0,0
Main Lake North,8/4/2014,Calm,76.3,44.32365242,-73.34822663,0,0,0,0,1c,0,73.90416667,Rolling,0,0,0,0
Main Lake North,8/5/2014,Rolling,76.4125,44.32365242,-73.34822663,0,0,0,0,1c,0,74.503125,Calm,0,0,0,0
Main Lake North,8/6/2014,Rolling,72.8,44.32365242,-73.34822663,0,0,0,0,1a,0,75.278125,Rolling,0,0,0,0
Main Lake North,8/8/2014,Calm,71.2,44.32365242,-73.34822663,0,0,0,0,1c,0,75.678125,Rolling,0,0,0,0
Main Lake North,8/11/2014,Calm,79.24,44.32365242,-73.34822663,0,0,0,0,2,1,74.7825,Calm,0,0,0,0
Main Lake North,8/12/2014,Rolling,75.16,44.32365242,-73.34822663,0,0,0,0,1b,0,74.913125,Calm,0,0,0,0
Main Lake North,8/13/2014,Rolling,77.6,44.32365242,-73.34822663,0,0,0,0,1a,0,74.6,Calm,0,0,0,0
Main Lake North,8/15/2014,Calm,,44.32365242,-73.34822663,0,0,0,0,2,1,75.8,Calm,0,0,0,0
Main Lake North,8/18/2014,Calm,75,44.32365242,-73.34822663,0,0,0,0,2,1,77.33333333,Calm,0,0,0,0
Main Lake North,8/19/2014,Calm,74.28333333,44.32365242,-73.34822663,0,0,0,0,2,1,75.92,Calm,0,0,0,0
Main Lake North,8/20/2014,Rolling,69.3,44.32365242,-73.34822663,0,0,0,0,1a,0,75.62777778,Calm,0,0,0,0
Main Lake North,8/21/2014,Calm,75.8,44.32365242,-73.34822663,0,0,0,0,1c,0,72.86111111,Calm,0,0,0,0
Main Lake North,8/24/2014,Calm,76.1,44.32365242,-73.34822663,0,0,0,0,1d,0,73.59583333,Calm,0,0,0,0
Main Lake North,8/25/2014,Calm,78.78,44.32365242,-73.34822663,0,0,0,0,2,1,74.09666667,Calm,0,0,0,0
Main Lake North,8/26/2014,Calm,77.31666667,44.32365242,-73.34822663,0,0,0,0,1b,0,74.85266667,Calm,0,0,0,0
Main Lake North,9/1/2014,Rolling,73.85,44.32365242,-73.34822663,0,0,0,0,2,1,75.45933333,Calm,0,0,0,0
Main Lake North,9/2/2014,Rolling,75.875,44.32365242,-73.34822663,0,0,0,0,2,1,75.58333333,Calm,0,0,0,0
Main Lake North,9/8/2014,Calm,71.85,44.32365242,-73.34822663,0,0,0,0,2,1,74.8625,Rolling,0,0,0,0
Main Lake North,9/9/2014,Calm,73.15,44.32365242,-73.34822663,0,0,0,0,1b,0,73.8625,Calm,0,0,0,0
Main Lake North,9/10/2014,Rolling,71.2,44.32365242,-73.34822663,0,0,0,0,1b,0,72.5,Calm,0,0,0,0
Main Lake North,9/16/2014,Calm,65.6,44.32365242,-73.34822663,0,0,0,0,1a,0,72.06666667,Calm,0,0,0,0
Main Lake North,9/17/2014,Rolling,70,44.32365242,-73.34822663,0,0,0,0,1a,0,68.4,Calm,0,0,0,0
Main Lake North,9/19/2014,Calm,,44.32365242,-73.34822663,0,0,0,0,1a,0,67.8,Calm,0,0,0,0
Main Lake North,9/23/2014,Rolling,63.5,44.32365242,-73.34822663,0,0,0,0,1c,0,67.8,Calm,0,0,0,0
Main Lake North,9/24/2014,Rolling,65.6,44.32365242,-73.34822663,0,0,0,0,1a,0,66.75,Rolling,0,0,0,0
Main Lake North,9/25/2014,Rolling,60.7,44.32365242,-73.34822663,0,0,0,0,1a,0,64.55,Rolling,0,0,0,0
Main Lake North,9/26/2014,Calm,,44.32365242,-73.34822663,0,0,0,0,1a,0,63.26666667,Rolling,0,0,0,0
Main Lake North,6/14/2015,Rolling,54,44.32365242,-73.34822663,0,0,0,0,1b,0,63.26666667,,,,,
Main Lake North,6/15/2015,Rolling,65.7,44.32365242,-73.34822663,0,0,0,0,1a,0,54,Rolling,0,0,0,0
Main Lake North,6/16/2015,Calm,65.925,44.32365242,-73.34822663,0,0,0,0,1a,0,59.85,Rolling,0,0,0,0
Main Lake North,6/17/2015,Rolling,66.3,44.32365242,-73.34822663,0,0,0,0,1b,0,61.875,Rolling,0,0,0,0
Main Lake North,6/22/2015,Calm,64.68333333,44.32365242,-73.34822663,0,0,0,0,1b,0,62.98125,Rolling,0,0,0,0
Main Lake North,6/23/2015,Calm,69.96666667,44.32365242,-73.34822663,0,0,0,0,1b,0,65.63611111,Calm,0,0,0,0
Main Lake North,6/24/2015,Rolling,67,44.32365242,-73.34822663,0,0,0,0,1c,0,66.98333333,Calm,0,0,0,0
Main Lake North,6/25/2015,Rolling,64.7,44.32365242,-73.34822663,0,0,0,0,1a,0,67.21666667,Calm,0,0,0,0
Main Lake North,6/27/2015,Calm,60,44.32365242,-73.34822663,0,0,0,0,1a,0,66.5875,Calm,0,0,0,0
Main Lake North,6/29/2015,Rolling,67.4,44.32365242,-73.34822663,0,0,0,0,1a,0,65.27,Calm,0,0,0,0
Main Lake North,6/30/2015,Calm,69.76666667,44.32365242,-73.34822663,0,0,0,0,1a,0,65.81333333,Rolling,0,0,0,0
Main Lake North,7/2/2015,Calm,69,44.32365242,-73.34822663,0,0,0,0,1c,0,65.77333333,Calm,0,0,0,0
Main Lake North,7/5/2015,Calm,66,44.32365242,-73.34822663,0,0,0,0,1b,0,66.54166667,Calm,0,0,0,0
Main Lake North,7/6/2015,Calm,71,44.32365242,-73.34822663,0,0,0,0,1d,0,68.04166667,Calm,0,0,0,0
Main Lake North,7/7/2015,Calm,71.52,44.32365242,-73.34822663,0,0,0,0,1c,0,68.94166667,Calm,0,0,0,0
Main Lake North,7/8/2015,Rolling,69.7,44.32365242,-73.34822663,0,0,0,0,1a,0,69.38,Calm,0,0,0,0
Main Lake North,7/11/2015,Rolling,66,44.32365242,-73.34822663,0,0,0,0,1a,0,69.444,Calm,0,0,0,0
Main Lake North,7/13/2015,Calm,76.5,44.32365242,-73.34822663,0,0,0,0,1c,0,68.844,Calm,0,0,0,0
Main Lake North,7/14/2015,Rolling,71.6,44.32365242,-73.34822663,0,0,0,0,1c,0,70.93,Calm,0,0,0,0
Main Lake North,7/15/2015,Calm,73.4,44.32365242,-73.34822663,0,0,0,0,1b,0,70.95,Rolling,0,0,0,0
Main Lake North,7/18/2015,Calm,70.5,44.32365242,-73.34822663,0,0,0,0,1b,0,71.875,Calm,0,0,0,0
Main Lake North,7/20/2015,Calm,74.56666667,44.32365242,-73.34822663,0,0,0,0,2,1,73,Calm,0,0,0,0
Main Lake North,7/21/2015,Calm,74.08,44.32365242,-73.34822663,0,0,0,0,2,1,72.51666667,Calm,0,0,0,0
Main Lake North,7/24/2015,Rolling,73,44.32365242,-73.34822663,0,0,0,0,1a,0,73.13666667,Calm,0,0,0,0
Main Lake North,7/26/2015,Calm,70,44.32365242,-73.34822663,0,0,0,0,1a,0,73.03666667,Calm,0,0,0,0
Main Lake North,7/27/2015,Calm,79.05,44.32365242,-73.34822663,0,0,0,0,2,1,72.91166667,Calm,0,0,0,0
Main Lake North,7/28/2015,Calm,75,44.32365242,-73.34822663,0,0,0,0,1d,0,74.0325,Calm,0,0,0,0
Main Lake North,8/2/2015,Rolling,74,44.32365242,-73.34822663,0,0,0,0,1a,0,74.2625,Calm,0,0,0,0
Main Lake North,8/3/2015,Calm,74.6,44.32365242,-73.34822663,0,0,0,0,1a,0,76.01666667,Calm,0,0,0,0
Main Lake North,8/4/2015,Calm,75.36,44.32365242,-73.34822663,0,0,0,0,1d,0,74.53333333,Calm,0,0,0,0
Main Lake North,8/5/2015,White Caps,72,44.32365242,-73.34822663,1,1,1,0,1a,0,74.65333333,Calm,0,0,0,0
Main Lake North,8/6/2015,Rolling,75,44.32365242,-73.34822663,0,0,0,0,1a,0,73.99,Calm,0,0,0,0
Main Lake North,8/8/2015,Calm,76,44.32365242,-73.34822663,0,0,0,0,1a,0,74.192,Calm,0,0,0,0
Main Lake North,8/10/2015,Rolling,75.16666667,44.32365242,-73.34822663,0,0,0,0,1c,0,74.49333333,Calm,0,0,0,0
Main Lake North,8/11/2015,Calm,73.23333333,44.32365242,-73.34822663,0,0,0,0,1b,0,74.70533333,Calm,0,0,0,0
Main Lake North,8/12/2015,Calm,74,44.32365242,-73.34822663,0,0,0,0,1a,0,74.28,Calm,0,0,0,0
Main Lake North,8/15/2015,Rolling,,44.32365242,-73.34822663,0,0,0,0,2,1,74.68,Calm,0,0,0,0
Main Lake North,8/16/2015,Calm,74,44.32365242,-73.34822663,0,0,0,0,1a,0,74.13333333,Calm,0,0,0,0
Main Lake North,8/17/2015,Calm,76.23333333,44.32365242,-73.34822663,0,0,0,0,1a,0,74.1,Calm,0,0,0,0
Main Lake North,8/18/2015,Calm,81.08333333,44.32365242,-73.34822663,0,0,0,0,3,1,74.36666667,Calm,0,0,0,0
Main Lake North,8/19/2015,Rolling,,44.32365242,-73.34822663,0,0,0,0,2,1,76.32916667,Calm,0,0,0,0
Main Lake North,8/20/2015,Rolling,,44.32365242,-73.34822663,0,0,0,0,1b,0,77.10555556,Calm,0,0,0,0
Main Lake North,8/21/2015,Rolling,,44.32365242,-73.34822663,0,0,0,0,1a,0,77.10555556,Calm,0,0,0,0
Main Lake North,8/22/2015,Calm,78.5,44.32365242,-73.34822663,0,0,0,0,3,1,77.10555556,Rolling,0,0,0,0
Main Lake North,8/23/2015,Calm,77,44.32365242,-73.34822663,0,0,0,0,3,1,77.45416667,Calm,0,0,0,0
Main Lake North,8/24/2015,Rolling,77.925,44.32365242,-73.34822663,0,0,0,0,1b,0,78.20416667,Calm,0,0,0,0
Main Lake North,8/25/2015,Calm,77.1,44.32365242,-73.34822663,0,0,0,0,2,1,78.62708333,Rolling,0,0,0,0
Main Lake North,8/26/2015,Calm,78,44.32365242,-73.34822663,0,0,0,0,2,1,77.63125,Rolling,0,0,0,0
Main Lake North,8/31/2015,Calm,75,44.32365242,-73.34822663,0,0,0,0,1b,0,77.705,Calm,0,0,0,0
Main Lake North,9/1/2015,Calm,78.04444444,44.32365242,-73.34822663,0,0,0,0,2,1,76.7,Calm,0,0,0,0
Main Lake North,9/4/2015,Calm,,44.32365242,-73.34822663,1,1,1,0,2,1,77.01481481,Calm,0,0,0,0
Main Lake North,9/7/2015,Rolling,76,44.32365242,-73.34822663,0,0,0,0,1b,0,76.52222222,Calm,0,0,0,0
Main Lake North,9/8/2015,Calm,79,44.32365242,-73.34822663,0,0,0,0,1d,0,77.02222222,Calm,0,0,0,0
Main Lake North,9/14/2015,Calm,72.45,44.32365242,-73.34822663,0,0,0,0,1d,0,77.5,Calm,0,0,0,0
Main Lake North,9/15/2015,Calm,74.62,44.32365242,-73.34822663,0,0,0,0,1d,0,75.725,Calm,0,0,0,0
Main Lake North,9/21/2015,Calm,75,44.32365242,-73.34822663,0,0,0,0,1a,0,73.535,Calm,0,0,0,0
Main Lake North,9/22/2015,Rolling,69.9,44.32365242,-73.34822663,0,0,0,0,1a,0,74.81,Calm,0,0,0,0
Main Lake North,9/28/2015,White Caps,68,44.32365242,-73.34822663,0,0,0,0,1a,0,72.45,Calm,0,0,0,0
Main Lake North,10/6/2015,Calm,,44.32365242,-73.34822663,0,0,0,0,1a,0,68.95,,,,,
Main Lake North,6/19/2016,Rolling,58,44.32365242,-73.34822663,0,0,0,0,1a,0,,,,,,
Main Lake North,6/20/2016,Rolling,68.7,44.32365242,-73.34822663,0,0,0,0,1a,0,58,Rolling,0,0,0,0
Main Lake North,6/21/2016,Calm,66.6,44.32365242,-73.34822663,0,0,0,0,1a,0,63.35,Rolling,0,0,0,0
Main Lake North,6/22/2016,White Caps,69.575,44.32365242,-73.34822663,0,0,0,0,1b,0,64.43333333,Rolling,0,0,0,0
Main Lake North,6/23/2016,Rolling,61,44.32365242,-73.34822663,0,0,0,0,1a,0,65.71875,Rolling,0,0,0,0
Main Lake North,6/26/2016,Calm,,44.32365242,-73.34822663,0,0,0,0,1a,0,64.775,Rolling,0,0,0,0
Main Lake North,6/27/2016,Rolling,68.5,44.32365242,-73.34822663,0,0,0,0,1b,0,66.46875,Calm,0,0,0,0
Main Lake North,6/28/2016,Rolling,75.45,44.32365242,-73.34822663,0,0,0,0,1b,0,66.41875,Calm,0,0,0,0
Main Lake North,6/29/2016,Rolling,69,44.32365242,-73.34822663,0,0,0,0,1a,0,68.63125,Rolling,0,0,0,0
Main Lake North,6/30/2016,Rolling,72.3,44.32365242,-73.34822663,0,0,0,0,1a,0,68.4875,Rolling,0,0,0,0
Main Lake North,7/2/2016,White Caps,,44.32365242,-73.34822663,0,0,0,0,1a,0,71.3125,Rolling,0,0,0,0
Main Lake North,7/4/2016,Calm,71,44.32365242,-73.34822663,0,0,0,0,1a,0,71.3125,Rolling,0,0,0,0
Main Lake North,7/5/2016,Calm,75.15,44.32365242,-73.34822663,0,0,0,0,1c,0,71.9375,Rolling,0,0,0,0
Main Lake North,7/6/2016,Calm,74,44.32365242,-73.34822663,1,0,0,0,1d,0,71.8625,Calm,0,0,0,0
Main Lake North,7/11/2016,Calm,72.6,44.32365242,-73.34822663,0,0,0,0,2,1,73.1125,Calm,0,0,0,0
Main Lake North,7/12/2016,Calm,77.24,44.32365242,-73.34822663,1,0,0,0,1a,0,73.91666667,Calm,0,0,0,0
Main Lake North,7/13/2016,White Caps,78.3,44.32365242,-73.34822663,0,0,0,0,1a,0,74.61333333,Calm,1,0,0,0
Main Lake North,7/14/2016,White Caps,72,44.32365242,-73.34822663,0,0,0,0,1c,0,76.04666667,Calm,0,0,0,0
Main Lake North,7/18/2016,Rolling,74,44.32365242,-73.34822663,0,0,0,0,1a,0,75.035,Calm,0,0,0,0
Main Lake North,7/19/2016,Rolling,74.75,44.32365242,-73.34822663,0,0,0,0,1c,0,75.385,White Caps,0,0,0,0
Main Lake North,7/20/2016,Calm,77,44.32365242,-73.34822663,0,0,0,0,1a,0,74.7625,Rolling,0,0,0,0
Main Lake North,7/23/2016,Calm,,44.32365242,-73.34822663,0,0,0,0,1a,0,74.4375,Rolling,0,0,0,0
Main Lake North,7/25/2016,Calm,74,44.32365242,-73.34822663,0,0,0,0,1a,0,75.25,Calm,0,0,0,0
Main Lake North,7/26/2016,Calm,76.04285714,44.32365242,-73.34822663,0,0,0,0,1c,0,75.25,Calm,0,0,0,0
Main Lake North,7/27/2016,Calm,77.1,44.32365242,-73.34822663,0,0,0,0,1a,0,75.68095238,Calm,0,0,0,0
Main Lake North,7/30/2016,Calm,,44.32365242,-73.34822663,0,0,0,0,1a,0,75.71428571,Calm,0,0,0,0
Main Lake North,8/1/2016,Calm,,44.32365242,-73.34822663,0,0,0,0,1a,0,75.71428571,Calm,0,0,0,0
Main Lake North,8/2/2016,Calm,80.8,44.32365242,-73.34822663,0,0,1,1,1d,0,76.57142857,Calm,0,0,0,0
Main Lake North,8/3/2016,Rolling,79.43333333,44.32365242,-73.34822663,0,0,0,0,1c,0,78.95,Calm,0,0,0,0
Main Lake North,8/6/2016,Calm,,44.32365242,-73.34822663,0,0,0,0,1a,0,80.11666667,Calm,0,0,0,0
Main Lake North,8/8/2016,Calm,78.2,44.32365242,-73.34822663,0,0,0,0,1a,0,80.11666667,Calm,0,0,0,0
Main Lake North,8/9/2016,Calm,79.21428571,44.32365242,-73.34822663,1,0,0,0,1d,0,79.47777778,Calm,0,0,0,0
Main Lake North,8/10/2016,White Caps,76,44.32365242,-73.34822663,0,0,0,0,1a,0,78.94920635,Calm,0,0,0,0
Main Lake North,8/11/2016,Calm,78,44.32365242,-73.34822663,0,0,0,0,1c,0,77.8047619,Calm,0,0,0,0
Main Lake North,8/13/2016,Calm,,44.32365242,-73.34822663,0,0,0,0,1a,0,77.85357143,Calm,0,0,0,0
Main Lake North,8/14/2016,Rolling,75,44.32365242,-73.34822663,0,0,0,0,1d,0,77.85357143,Calm,0,0,0,0
Main Lake North,8/15/2016,Calm,76,44.32365242,-73.34822663,0,0,0,0,1a,0,77.28285714,Calm,0,0,0,0
Main Lake North,8/16/2016,Calm,75.76666667,44.32365242,-73.34822663,0,0,0,0,1a,0,76.84285714,Calm,0,0,0,0
Main Lake North,8/17/2016,Rolling,74.7,44.32365242,-73.34822663,0,0,0,0,1a,0,76.15333333,Calm,0,0,0,0
Main Lake North,8/20/2016,Calm,,44.32365242,-73.34822663,0,0,0,0,1a,0,75.89333333,Calm,0,0,0,0
Main Lake North,8/22/2016,Calm,74,44.32365242,-73.34822663,0,0,0,0,1a,0,75.36666667,Calm,0,0,0,0
Main Lake North,8/23/2016,Calm,75.6,44.32365242,-73.34822663,0,0,1,0,1c,0,74.82222222,Calm,0,0,0,0
Main Lake North,8/24/2016,Rolling,73.65,44.32365242,-73.34822663,0,0,0,0,1c,0,74.76666667,Calm,0,0,0,0
Main Lake North,8/27/2016,Calm,,44.32365242,-73.34822663,0,0,0,0,1a,0,74.41666667,Calm,0,0,0,0
Main Lake North,8/29/2016,Calm,73.5,44.32365242,-73.34822663,0,0,0,0,1a,0,74.41666667,Calm,0,0,0,0
Main Lake North,8/30/2016,Calm,78.66666667,44.32365242,-73.34822663,0,0,0,0,1d,0,74.25,Calm,0,0,0,0
Main Lake North,8/31/2016,Calm,74,44.32365242,-73.34822663,0,0,0,0,1a,0,75.27222222,Calm,0,0,0,0
Main Lake North,9/5/2016,Calm,75.5,44.32365242,-73.34822663,0,0,0,0,1d,0,75.38888889,Calm,0,0,0,0
Main Lake North,9/6/2016,Calm,79.34,44.32365242,-73.34822663,0,0,0,0,3,1,76.05555556,Calm,0,0,0,0
Main Lake North,9/7/2016,Calm,77.6,44.32365242,-73.34822663,1,0,0,0,1a,0,76.28,Calm,0,0,0,0
Main Lake North,9/8/2016,Rolling,72,44.32365242,-73.34822663,0,0,0,0,1c,0,77.48,Calm,0,0,0,0
Main Lake North,9/10/2016,Rolling,,44.32365242,-73.34822663,0,0,0,0,1a,0,76.11,Calm,0,0,0,0
Main Lake North,9/12/2016,Rolling,75.55,44.32365242,-73.34822663,0,0,0,0,1c,0,76.11,Calm,0,0,0,0
Main Lake North,9/13/2016,White Caps,74.81666667,44.32365242,-73.34822663,1,1,0,0,1c,0,76.1225,Rolling,0,0,0,0
Main Lake North,9/14/2016,Rolling,70,44.32365242,-73.34822663,0,0,0,0,1a,0,74.99166667,Rolling,0,0,0,0
Main Lake North,9/16/2016,Calm,77,44.32365242,-73.34822663,0,0,0,0,3,1,73.09166667,Rolling,0,0,0,0
Main Lake North,9/19/2016,Rolling,73,44.32365242,-73.34822663,0,0,0,0,1a,0,74.34166667,Rolling,0,0,0,0
Main Lake North,9/20/2016,Calm,71.33333333,44.32365242,-73.34822663,0,0,0,0,1a,0,73.70416667,Rolling,0,0,0,0
Main Lake North,9/21/2016,Rolling,69,44.32365242,-73.34822663,0,0,0,0,1a,0,72.83333333,Calm,0,0,0,0
Main Lake North,9/22/2016,Calm,73,44.32365242,-73.34822663,0,0,0,0,3,1,72.58333333,Calm,0,0,0,0
Main Lake North,9/26/2016,Calm,68,44.32365242,-73.34822663,0,0,0,0,2,1,72.66666667,Calm,0,0,0,0
Main Lake North,9/27/2016,Rolling,64.4,44.32365242,-73.34822663,0,0,0,0,1a,0,70.33333333,Calm,0,0,0,0
Main Lake North,9/28/2016,Rolling,68,44.32365242,-73.34822663,0,0,0,0,1a,0,68.6,Calm,0,0,0,0
Main Lake North,10/1/2016,Calm,67,44.32365242,-73.34822663,0,0,0,0,3,1,68.35,Rolling,0,0,0,0
Main Lake North,6/12/2017,Rolling,,44.32365242,-73.34822663,0,1,0,0,1a,0,66.85,,,,,
Main Lake North,6/14/2017,Rolling,,44.32365242,-73.34822663,0,0,0,0,1a,0,,Rolling,0,1,0,0
Main Lake North,6/17/2017,Calm,63,44.32365242,-73.34822663,0,0,0,0,1a,0,,Rolling,0,0,0,0
Main Lake North,6/20/2017,Calm,65.33333333,44.32365242,-73.34822663,0,0,0,0,1b,0,63,Calm,0,0,0,0
Main Lake North,6/22/2017,Calm,64,44.32365242,-73.34822663,0,0,0,0,1a,0,64.16666667,Calm,0,0,0,0
Main Lake North,6/23/2017,Calm,,44.32365242,-73.34822663,0,0,0,0,1a,0,64.11111111,Calm,0,0,0,0
Main Lake North,6/25/2017,White Caps,,44.32365242,-73.34822663,0,0,0,0,1a,0,64.11111111,Calm,0,0,0,0
Main Lake North,6/26/2017,Calm,,44.32365242,-73.34822663,0,0,0,0,1a,0,64.66666667,Calm,0,0,0,0
Main Lake North,6/27/2017,Rolling,68.025,44.32365242,-73.34822663,0,0,0,0,1c,0,64.66666667,Calm,0,0,0,0
Main Lake North,6/28/2017,Rolling,63.9,44.32365242,-73.34822663,0,0,0,0,1a,0,66.0125,Calm,0,0,0,0
Main Lake North,6/29/2017,White Caps,,44.32365242,-73.34822663,1,1,1,0,1a,0,65.30833333,Calm,0,0,0,0
Main Lake North,6/30/2017,Calm,69,44.32365242,-73.34822663,0,0,0,0,1a,0,65.9625,Calm,0,0,0,0
Main Lake North,7/2/2017,Calm,,44.32365242,-73.34822663,0,0,0,0,1a,0,66.975,Calm,0,0,0,0
Main Lake North,7/3/2017,Rolling,68,44.32365242,-73.34822663,0,0,0,0,1a,0,66.975,Calm,0,0,0,0
Main Lake North,7/4/2017,Calm,69,44.32365242,-73.34822663,0,0,0,0,1a,0,67.23125,Rolling,0,0,0,0
Main Lake North,7/5/2017,Calm,70,44.32365242,-73.34822663,1,0,0,0,1c,0,67.475,Calm,0,0,0,0
Main Lake North,7/6/2017,Calm,67.4,44.32365242,-73.34822663,0,0,0,0,1a,0,69,Calm,0,0,0,0
Main Lake North,7/7/2017,White Caps,71.66666667,44.32365242,-73.34822663,0,0,0,0,1b,0,68.68,Calm,0,0,0,0
Main Lake North,7/9/2017,Calm,,44.32365242,-73.34822663,0,0,0,0,1a,0,69.21333333,Calm,0,0,0,0
Main Lake North,7/10/2017,Calm,,44.32365242,-73.34822663,0,0,0,0,2,1,69.21333333,Calm,0,0,0,0
Main Lake North,7/11/2017,Calm,72.33333333,44.32365242,-73.34822663,1,0,0,0,1b,0,69.51666667,Calm,0,0,0,0
Main Lake North,7/12/2017,Calm,74.35,44.32365242,-73.34822663,0,0,0,0,1c,0,70.35,Calm,0,0,0,0
Main Lake North,7/13/2017,Rolling,,44.32365242,-73.34822663,0,0,0,0,1a,0,71.4375,Calm,0,0,0,0
Main Lake North,7/14/2017,Rolling,66.65,44.32365242,-73.34822663,0,0,0,0,1a,0,72.78333333,Calm,0,0,0,0
Main Lake North,7/15/2017,Calm,,44.32365242,-73.34822663,0,0,0,0,3,1,71.11111111,Calm,0,0,0,0
Main Lake North,7/16/2017,Calm,,44.32365242,-73.34822663,0,0,0,0,1a,0,71.11111111,Calm,0,0,0,0
Main Lake North,7/17/2017,Calm,69,44.32365242,-73.34822663,0,0,0,0,1a,0,71.11111111,Calm,0,0,0,0
Main Lake North,7/18/2017,Calm,74.825,44.32365242,-73.34822663,1,0,0,0,1c,0,70.58333333,Calm,0,0,0,0
Main Lake North,7/19/2017,Calm,73,44.32365242,-73.34822663,1,1,0,0,1d,0,71.20625,Calm,0,0,0,0
Main Lake North,7/20/2017,Calm,76.5,44.32365242,-73.34822663,1,0,0,0,1d,0,70.86875,Calm,0,0,0,0
Main Lake North,7/21/2017,Rolling,75,44.32365242,-73.34822663,0,0,0,0,1c,0,71.995,Calm,0,0,0,0
Main Lake North,7/23/2017,Calm,,44.32365242,-73.34822663,0,0,0,0,1a,0,73.665,Calm,0,0,0,0
Main Lake North,7/24/2017,Calm,,44.32365242,-73.34822663,0,0,0,0,1a,0,73.665,Calm,0,0,0,0
Main Lake North,7/25/2017,Calm,69.33333333,44.32365242,-73.34822663,0,0,0,0,1b,0,74.83125,Calm,0,0,0,0
Main Lake North,7/26/2017,Calm,70.83333333,44.32365242,-73.34822663,0,0,0,0,1a,0,73.45833333,Calm,0,0,0,0
Main Lake North,7/27/2017,Calm,,44.32365242,-73.34822663,0,0,0,0,1a,0,72.91666667,Calm,0,0,0,0
Main Lake North,7/28/2017,Calm,70,44.32365242,-73.34822663,0,0,0,0,1a,0,71.72222222,Calm,0,0,0,0
Main Lake North,7/31/2017,Calm,76,44.32365242,-73.34822663,0,0,0,0,1a,0,70.05555556,Calm,0,0,0,0
Main Lake North,8/1/2017,Calm,79.5,44.32365242,-73.34822663,1,0,0,0,1d,0,71.54166667,Calm,0,0,0,0
Main Lake North,8/2/2017,Calm,75.775,44.32365242,-73.34822663,0,0,0,0,2,1,74.08333333,Calm,0,0,0,0
Main Lake North,8/3/2017,Calm,75.6,44.32365242,-73.34822663,1,1,0,0,1d,0,75.31875,Calm,0,0,0,0
Main Lake North,8/4/2017,Rolling,76,44.32365242,-73.34822663,0,0,0,0,1c,0,75.375,Calm,0,0,0,0
Main Lake North,8/6/2017,White Caps,,44.32365242,-73.34822663,0,0,0,0,1b,0,76.575,Calm,0,0,0,0
Main Lake North,8/7/2017,Calm,71,44.32365242,-73.34822663,0,0,0,0,1a,0,76.575,Calm,0,0,0,0
Main Lake North,8/8/2017,Calm,74.9,44.32365242,-73.34822663,0,0,0,0,2,1,75.575,Calm,0,0,0,0
Main Lake North,8/10/2017,Calm,78.9,44.32365242,-73.34822663,1,1,0,0,1d,0,74.655,Calm,0,0,0,0
Main Lake North,8/11/2017,Rolling,72,44.32365242,-73.34822663,0,0,0,0,1a,0,75.2,Calm,0,0,0,0
Main Lake North,8/13/2017,Rolling,,44.32365242,-73.34822663,0,0,0,0,1a,0,74.2,Calm,0,0,0,0
Main Lake North,8/14/2017,Rolling,73,44.32365242,-73.34822663,0,0,0,0,1a,0,74.2,Calm,0,0,0,0
Main Lake North,8/15/2017,Calm,73.94,44.32365242,-73.34822663,0,0,0,0,1d,0,74.7,Rolling,0,0,0,0
Main Lake North,8/17/2017,Rolling,72.85,44.32365242,-73.34822663,0,0,0,0,1b,0,74.46,Rolling,0,0,0,0
Main Lake North,8/18/2017,White Caps,74,44.32365242,-73.34822663,0,0,0,0,1c,0,72.9475,Rolling,0,0,0,0
Main Lake North,8/20/2017,Rolling,,44.32365242,-73.34822663,0,0,0,0,1a,0,73.4475,Rolling,0,0,0,0
Main Lake North,8/21/2017,Calm,73,44.32365242,-73.34822663,1,1,0,0,1d,0,73.4475,Rolling,0,0,0,0
Main Lake North,8/22/2017,Calm,74.56,44.32365242,-73.34822663,0,0,0,0,1d,0,73.4475,Calm,0,0,0,0
Main Lake North,8/23/2017,Calm,70.8,44.32365242,-73.34822663,0,0,0,0,1a,0,73.6025,Calm,0,0,0,0
Main Lake North,8/24/2017,Calm,,44.32365242,-73.34822663,0,0,0,0,1a,0,73.042,Calm,0,0,0,0
Main Lake North,8/25/2017,Calm,72,44.32365242,-73.34822663,1,1,0,0,1d,0,73.09,Calm,0,0,0,0
Main Lake North,8/27/2017,Calm,,44.32365242,-73.34822663,0,0,0,0,1d,0,72.59,Calm,0,0,0,0
Main Lake North,8/28/2017,Calm,72,44.32365242,-73.34822663,0,0,0,0,1d,0,72.59,Calm,0,0,0,0
Main Lake North,8/29/2017,Calm,72.5,44.32365242,-73.34822663,1,0,0,0,1d,0,72.34,Calm,0,0,0,0
Main Lake North,8/30/2017,Calm,73.7,44.32365242,-73.34822663,0,0,0,0,1d,0,71.825,Calm,0,0,0,0
Main Lake North,8/31/2017,Rolling,,44.32365242,-73.34822663,0,0,0,0,1a,0,72.55,Calm,0,0,0,0
Main Lake North,9/1/2017,Calm,66,44.32365242,-73.34822663,0,0,0,0,1a,0,72.55,Calm,0,0,0,0
Main Lake North,9/4/2017,Rolling,71,44.32365242,-73.34822663,0,0,0,0,1b,0,71.05,Calm,0,0,0,0
Main Lake North,9/5/2017,Calm,65.7,44.32365242,-73.34822663,0,0,0,0,1a,0,70.8,Calm,0,0,0,0
Main Lake North,9/6/2017,Rolling,66.6,44.32365242,-73.34822663,0,0,0,0,2,1,69.1,Calm,0,0,0,0
Main Lake North,9/7/2017,Calm,,44.32365242,-73.34822663,0,0,0,0,1a,0,67.325,Rolling,0,0,0,0
Main Lake North,9/8/2017,Rolling,,44.32365242,-73.34822663,1,1,1,0,1d,0,67.325,Calm,0,0,0,0
Main Lake North,9/10/2017,Calm,,44.32365242,-73.34822663,0,0,0,0,1a,0,67.76666667,Rolling,0,0,0,0
Main Lake North,9/11/2017,Calm,68,44.32365242,-73.34822663,0,0,0,0,2,1,67.76666667,Calm,0,0,0,0
Main Lake North,9/12/2017,Calm,71.2,44.32365242,-73.34822663,0,0,0,0,2,1,66.76666667,Calm,0,0,0,0
Main Lake North,9/13/2017,Calm,,44.32365242,-73.34822663,0,0,0,0,1a,0,68.6,Calm,0,0,0,0
Main Lake North,9/14/2017,Calm,66,44.32365242,-73.34822663,1,1,0,0,1d,0,69.6,Calm,0,0,0,0
Main Lake North,9/15/2017,Calm,74.2,44.32365242,-73.34822663,0,0,0,0,1c,0,68.4,Calm,0,0,0,0
Main Lake North,9/18/2017,Calm,68,44.32365242,-73.34822663,0,0,0,0,2,1,69.85,Calm,0,0,0,0
Main Lake North,9/19/2017,Calm,76.86666667,44.32365242,-73.34822663,0,0,0,0,1d,0,69.85,Calm,0,0,0,0
Main Lake North,9/20/2017,Rolling,,44.32365242,-73.34822663,0,0,0,0,1a,0,71.26666667,Calm,0,0,0,0
Main Lake North,9/21/2017,Rolling,68.9,44.32365242,-73.34822663,0,0,0,0,1a,0,71.26666667,Calm,0,0,0,0
Main Lake North,9/25/2017,Calm,71,44.32365242,-73.34822663,0,0,0,0,3,1,71.99166667,Calm,0,0,0,0
Main Lake North,9/26/2017,Calm,69,44.32365242,-73.34822663,1,1,1,0,1d,0,72.25555556,Calm,0,0,0,0
Main Lake North,9/27/2017,Calm,71,44.32365242,-73.34822663,0,0,0,0,2,1,69.63333333,Calm,0,0,0,0
Main Lake North,9/28/2017,Rolling,74.5,44.32365242,-73.34822663,0,0,0,0,1a,0,69.975,Calm,0,0,0,0
Main Lake North,9/30/2017,Calm,68,44.32365242,-73.34822663,0,0,0,0,1a,0,71.375,Calm,0,0,0,0
Main Lake North,10/1/2017,Calm,,44.32365242,-73.34822663,0,0,0,0,1a,0,70.7,Calm,0,0,0,0
Main Lake North,10/3/2017,White Caps,,44.32365242,-73.34822663,0,0,0,0,1a,0,70.7,Calm,0,0,0,0
Main Lake North,6/11/2018,Rolling,61.5,44.32365242,-73.34822663,0,0,0,0,1a,0,71.16666667,,,,,
Main Lake North,6/12/2018,Calm,64.575,44.32365242,-73.34822663,0,0,0,0,1b,0,61.5,Rolling,0,0,0,0
Main Lake North,6/13/2018,Calm,56,44.32365242,-73.34822663,0,0,0,0,1a,0,63.0375,Calm,0,0,0,0
Main Lake North,6/14/2018,Calm,61,44.32365242,-73.34822663,0,0,0,0,1a,0,60.69166667,Calm,0,0,0,0
Main Lake North,6/16/2018,Calm,,44.32365242,-73.34822663,0,0,0,0,1a,0,60.76875,Calm,0,0,0,0
Main Lake North,6/18/2018,Rolling,,44.32365242,-73.34822663,0,0,0,0,1a,0,60.76875,Calm,0,0,0,0
Main Lake North,6/19/2018,Calm,67.1,44.32365242,-73.34822663,0,0,0,0,1c,0,60.525,Calm,0,0,0,0
Main Lake North,6/20/2018,Rolling,62,44.32365242,-73.34822663,0,0,0,0,1a,0,61.36666667,Calm,0,0,0,0
Main Lake North,6/21/2018,Calm,65,44.32365242,-73.34822663,0,0,0,0,1a,0,63.36666667,Calm,0,0,0,0
Main Lake North,6/23/2018,Calm,,44.32365242,-73.34822663,0,0,0,0,1a,0,64.7,Calm,0,0,0,0
Main Lake North,6/25/2018,Calm,,44.32365242,-73.34822663,0,0,0,0,1a,0,64.7,Calm,0,0,0,0
Main Lake North,6/26/2018,Calm,67.66,44.32365242,-73.34822663,1,0,0,0,1a,0,64.7,Calm,0,0,0,0
Main Lake North,6/27/2018,Rolling,65.66666667,44.32365242,-73.34822663,0,0,0,0,1a,0,64.88666667,Calm,0,0,0,0
Main Lake North,6/29/2018,Calm,,44.32365242,-73.34822663,0,0,0,0,1a,0,66.10888889,Calm,0,0,0,0
Main Lake North,7/1/2018,Calm,,44.32365242,-73.34822663,0,0,0,0,1a,0,66.66333333,Calm,0,0,0,0
Main Lake North,7/2/2018,Rolling,75,44.32365242,-73.34822663,0,0,0,0,1a,0,66.66333333,Calm,0,0,0,0
Main Lake North,7/3/2018,Calm,78.26,44.32365242,-73.34822663,1,0,0,0,1d,0,69.44222222,Calm,0,0,0,0
Main Lake North,7/4/2018,Calm,75,44.32365242,-73.34822663,0,0,0,0,1d,0,72.97555556,Calm,0,0,0,0
Main Lake North,7/5/2018,Calm,,44.32365242,-73.34822663,0,0,0,0,1a,0,76.08666667,Calm,0,0,0,0
Main Lake North,7/7/2018,Calm,,44.32365242,-73.34822663,0,0,0,0,1a,0,76.08666667,Calm,0,0,0,0
Main Lake North,7/9/2018,Rolling,74,44.32365242,-73.34822663,1,0,0,0,1d,0,76.08666667,Calm,0,0,0,0
Main Lake North,7/10/2018,Calm,77.73333333,44.32365242,-73.34822663,0,0,0,0,1c,0,75.75333333,Calm,0,0,0,0
Main Lake North,7/11/2018,Calm,77.8,44.32365242,-73.34822663,0,0,0,0,1c,0,75.57777778,Calm,0,0,0,0
Main Lake North,7/13/2018,Calm,,44.32365242,-73.34822663,0,0,0,0,3,1,76.51111111,Calm,0,0,0,0
Main Lake North,7/14/2018,White Caps,,44.32365242,-73.34822663,0,0,0,0,1c,0,76.51111111,Calm,0,0,0,0
Main Lake North,7/15/2018,Calm,,44.32365242,-73.34822663,0,0,0,0,1a,0,76.51111111,Calm,0,0,0,0
Main Lake North,7/16/2018,Rolling,75,44.32365242,-73.34822663,1,0,0,0,1d,0,76.51111111,Calm,0,0,0,0
Main Lake North,7/17/2018,Calm,77.94,44.32365242,-73.34822663,1,0,0,0,1d,0,76.84444444,Calm,0,0,0,0
Main Lake North,7/18/2018,Rolling,76,44.32365242,-73.34822663,0,0,0,0,1a,0,76.91333333,Calm,0,0,0,0
Main Lake North,7/19/2018,Rolling,,44.32365242,-73.34822663,0,0,0,0,1d,0,76.31333333,Calm,0,0,0,0
Main Lake North,7/22/2018,Calm,,44.32365242,-73.34822663,0,0,0,0,1a,0,76.31333333,Rolling,0,0,0,0
Main Lake North,7/23/2018,Calm,76,44.32365242,-73.34822663,1,1,0,0,1d,0,76.31333333,Rolling,0,0,0,0
Main Lake North,7/24/2018,Calm,79.5,44.32365242,-73.34822663,0,0,0,0,1d,0,76.64666667,Calm,0,0,0,0
Main Lake North,7/25/2018,White Caps,75,44.32365242,-73.34822663,0,0,0,0,1b,0,77.16666667,Calm,0,0,0,0
Main Lake North,7/26/2018,Rolling,74,44.32365242,-73.34822663,0,0,0,0,2,1,76.83333333,Calm,0,0,0,0
Main Lake North,7/28/2018,Calm,,44.32365242,-73.34822663,0,0,0,0,1a,0,76.125,Calm,0,0,0,0
Main Lake North,7/30/2018,Rolling,79,44.32365242,-73.34822663,0,0,0,0,1a,0,76.125,Calm,0,0,0,0
Main Lake North,7/31/2018,Calm,82.15,44.32365242,-73.34822663,1,0,1,0,1d,0,76.875,Calm,0,0,0,0
Main Lake North,8/1/2018,White Caps,76,44.32365242,-73.34822663,0,0,0,0,1a,0,77.5375,Calm,0,0,0,0
Main Lake North,8/2/2018,White Caps,75,44.32365242,-73.34822663,1,0,0,0,1d,0,77.7875,Calm,0,0,0,0
Main Lake North,8/6/2018,Rolling,76,44.32365242,-73.34822663,0,0,0,0,1a,0,78.0375,White Caps,0,0,0,0
Main Lake North,8/7/2018,Calm,77.925,44.32365242,-73.34822663,0,0,0,0,1a,0,77.2875,White Caps,0,0,0,0
Main Lake North,8/8/2018,Calm,77.76666667,44.32365242,-73.34822663,0,0,0,0,1a,0,76.23125,White Caps,0,0,0,0
Main Lake North,8/11/2018,Calm,,44.32365242,-73.34822663,0,0,0,0,1a,0,76.67291667,Calm,0,0,0,0
Main Lake North,8/13/2018,Calm,83.3,44.32365242,-73.34822663,0,0,0,0,2,1,77.23055556,Calm,0,0,0,0
Main Lake North,8/14/2018,Calm,82.275,44.32365242,-73.34822663,1,1,0,0,1d,0,79.66388889,Calm,0,0,0,0
Main Lake North,8/15/2018,Rolling,75,44.32365242,-73.34822663,1,1,1,0,1d,0,81.11388889,Calm,0,0,0,0
Main Lake North,8/16/2018,Calm,77,44.32365242,-73.34822663,1,0,1,0,1d,0,80.19166667,Calm,0,0,0,0
Main Lake North,8/20/2018,Rolling,77.05,44.32365242,-73.34822663,0,0,0,0,1a,0,79.39375,Calm,1,0,0,0
Main Lake North,8/21/2018,Rolling,77.05,44.32365242,-73.34822663,1,0,0,0,1d,0,77.83125,Calm,1,0,0,0
Main Lake North,8/22/2018,Calm,71.5,44.32365242,-73.34822663,0,0,0,0,1a,0,76.525,Rolling,1,0,0,0
Main Lake North,8/25/2018,Calm,,44.32365242,-73.34822663,0,0,0,0,1b,0,75.65,Rolling,0,0,0,0
Main Lake North,8/27/2018,Calm,76.25,44.32365242,-73.34822663,0,0,0,0,2,1,75.2,Calm,0,0,0,0
Main Lake North,8/28/2018,Rolling,81.93333333,44.32365242,-73.34822663,1,1,1,0,1d,0,74.93333333,Calm,0,0,0,0
Main Lake North,8/29/2018,Rolling,76,44.32365242,-73.34822663,1,1,1,0,1d,0,76.56111111,Calm,0,0,0,0
Main Lake North,8/30/2018,Rolling,71,44.32365242,-73.34822663,0,0,0,0,1a,0,78.06111111,Calm,0,0,0,0
Main Lake North,8/31/2018,Rolling,,44.32365242,-73.34822663,0,0,0,0,2,1,76.29583333,Rolling,0,0,0,0
Main Lake North,9/1/2018,White Caps,,44.32365242,-73.34822663,0,0,0,0,1a,0,76.29583333,Rolling,0,0,0,0
Main Lake North,9/3/2018,White Caps,77,44.32365242,-73.34822663,0,0,0,0,1a,0,76.29583333,Rolling,0,0,0,0
Main Lake North,9/4/2018,Calm,80,44.32365242,-73.34822663,0,0,0,0,1a,0,76.48333333,Rolling,0,0,0,0
Main Lake North,9/5/2018,Rolling,77.85,44.32365242,-73.34822663,0,0,0,0,1a,0,76,Rolling,0,0,0,0
Main Lake North,9/6/2018,Calm,73.05,44.32365242,-73.34822663,0,0,0,0,1a,0,76.4625,Rolling,0,0,0,0
Main Lake North,9/7/2018,Calm,,44.32365242,-73.34822663,1,1,1,0,1d,0,76.975,Calm,0,0,0,0
Main Lake North,9/10/2018,Rolling,68.4,44.32365242,-73.34822663,0,0,0,0,1a,0,76.975,Calm,0,0,0,0
Main Lake North,9/12/2018,Calm,73,44.32365242,-73.34822663,0,0,0,0,3,1,74.825,Calm,0,0,0,0
Main Lake North,9/13/2018,Calm,74,44.32365242,-73.34822663,0,0,0,0,3,1,71.48333333,Calm,0,0,0,0
Main Lake North,9/14/2018,Rolling,73,44.32365242,-73.34822663,1,1,1,0,1d,0,71.8,Calm,0,0,0,0
Main Lake North,9/18/2018,Calm,78,44.32365242,-73.34822663,0,0,0,0,1a,0,72.1,Calm,0,0,0,0
Main Lake North,9/19/2018,Calm,69,44.32365242,-73.34822663,0,0,0,0,1a,0,74.5,Calm,0,0,0,0
Main Lake North,9/20/2018,Calm,70,44.32365242,-73.34822663,0,0,0,0,1a,0,73.5,Calm,0,0,0,0
Main Lake North,9/22/2018,Rolling,,44.32365242,-73.34822663,0,0,0,0,1b,0,72.5,Calm,0,0,0,0
Main Lake North,9/26/2018,White Caps,,44.32365242,-73.34822663,0,0,0,0,1a,0,72.33333333,Calm,0,0,0,0
Main Lake North,9/27/2018,Calm,67.9,44.32365242,-73.34822663,0,0,0,0,2,1,70,Calm,0,0,0,0
Main Lake North,9/28/2018,White Caps,63,44.32365242,-73.34822663,0,0,0,0,1a,0,67.9,Calm,0,0,0,0
Main Lake North,9/30/2018,White Caps,,44.32365242,-73.34822663,0,0,0,0,1a,0,65.45,White Caps,0,0,0,0
Main Lake North,10/2/2018,White Caps,,44.32365242,-73.34822663,0,0,0,0,1a,0,65.45,White Caps,0,0,0,0
Main Lake North,10/3/2018,Calm,56.65,44.32365242,-73.34822663,0,0,0,0,1a,0,65.45,White Caps,0,0,0,0
Main Lake North,10/10/2018,Rolling,65.5,44.32365242,-73.34822663,0,0,0,0,1a,0,62.51666667,Calm,0,0,0,0
Main Lake North,6/10/2019,Calm,,44.32365242,-73.34822663,1,0,0,0,1a,0,65.5,,,,,
Main Lake North,6/17/2019,Calm,,44.32365242,-73.34822663,1,0,0,0,1a,0,,Calm,1,0,0,0
Main Lake North,6/19/2019,Rolling,68.75,44.32365242,-73.34822663,0,0,0,0,1c,0,,Calm,1,0,0,0
Main Lake North,6/21/2019,Calm,,44.32365242,-73.34822663,0,0,0,0,1a,0,68.75,Calm,0,0,0,0
Main Lake North,6/24/2019,Calm,60,44.32365242,-73.34822663,0,0,0,0,1c,0,68.75,Calm,0,0,0,0
Main Lake North,6/25/2019,Calm,64.5,44.32365242,-73.34822663,0,0,0,0,1a,0,64.375,Calm,0,0,0,0
Main Lake North,6/26/2019,Rolling,65.33333333,44.32365242,-73.34822663,0,0,0,0,1c,0,64.41666667,Calm,0,0,0,0
Main Lake North,6/28/2019,Rolling,,44.32365242,-73.34822663,0,0,0,0,1a,0,63.27777778,Calm,0,0,0,0
Main Lake North,6/30/2019,Calm,,44.32365242,-73.34822663,0,0,0,0,1a,0,63.27777778,Calm,0,0,0,0
Main Lake North,7/1/2019,Calm,72,44.32365242,-73.34822663,1,0,0,0,1d,0,63.27777778,Calm,0,0,0,0
Main Lake North,7/2/2019,Rolling,72.1,44.32365242,-73.34822663,0,0,0,0,1a,0,67.27777778,Calm,0,0,0,0
Main Lake North,7/3/2019,Calm,76,44.32365242,-73.34822663,0,0,0,0,1c,0,69.81111111,Rolling,0,0,0,0
Main Lake North,7/8/2019,Calm,75.5,44.32365242,-73.34822663,1,0,0,0,1d,0,73.36666667,Calm,0,0,0,0
Main Lake North,7/9/2019,Rolling,77.3,44.32365242,-73.34822663,0,0,0,0,1a,0,74.53333333,Calm,0,0,0,0
Main Lake North,7/10/2019,Rolling,74.75,44.32365242,-73.34822663,0,0,0,0,1c,0,76.26666667,Calm,0,0,0,0
Main Lake North,7/14/2019,Rolling,,44.32365242,-73.34822663,0,0,0,0,1a,0,75.85,Rolling,0,0,0,0
Main Lake North,7/15/2019,Calm,,44.32365242,-73.34822663,0,0,0,0,1a,0,75.85,Rolling,0,0,0,0
Main Lake North,7/16/2019,Calm,75.725,44.32365242,-73.34822663,1,0,1,0,1c,0,76.025,Rolling,0,0,0,0
Main Lake North,7/17/2019,Calm,73.33333333,44.32365242,-73.34822663,0,0,0,0,1b,0,75.2375,Calm,0,0,0,0
Main Lake North,7/19/2019,Rolling,,44.32365242,-73.34822663,0,0,0,0,1a,0,74.52916667,Calm,0,0,0,0
Main Lake North,7/20/2019,Calm,,44.32365242,-73.34822663,0,0,0,0,2,1,74.52916667,Calm,0,0,0,0
Main Lake North,7/21/2019,Rolling,,44.32365242,-73.34822663,0,0,0,0,1b,0,74.52916667,Calm,0,0,0,0
Main Lake North,7/22/2019,Calm,76,44.32365242,-73.34822663,1,1,0,0,1d,0,74.52916667,Calm,0,0,0,0
Main Lake North,7/23/2019,Calm,,44.32365242,-73.34822663,1,1,1,0,3,1,75.01944444,Calm,0,0,0,0
Main Lake North,7/24/2019,Calm,74,44.32365242,-73.34822663,0,0,0,0,3,1,74.66666667,Calm,0,0,0,0
Main Lake North,7/25/2019,Calm,77,44.32365242,-73.34822663,0,0,0,0,1c,0,75,Calm,0,0,0,0
Main Lake North,7/26/2019,Rolling,74,44.32365242,-73.34822663,0,0,0,0,1a,0,75.66666667,Calm,0,0,0,0
Main Lake North,7/27/2019,Rolling,,44.32365242,-73.34822663,0,0,0,0,1a,0,75.25,Calm,0,0,0,0
Main Lake North,7/28/2019,Calm,,44.32365242,-73.34822663,0,0,0,0,1a,0,75.25,Calm,0,0,0,0
Main Lake North,7/29/2019,Calm,78.33333333,44.32365242,-73.34822663,0,0,0,0,1d,0,75.25,Calm,0,0,0,0
Main Lake North,7/30/2019,White Caps,,44.32365242,-73.34822663,1,0,0,0,1a,0,75.83333333,Calm,0,0,0,0
Main Lake North,7/31/2019,Rolling,80,44.32365242,-73.34822663,0,0,0,0,1a,0,75.83333333,Calm,0,0,0,0
Main Lake North,8/1/2019,Calm,79.66666667,44.32365242,-73.34822663,0,0,0,0,1c,0,77.33333333,Calm,0,0,0,0
Main Lake North,8/2/2019,Calm,,44.32365242,-73.34822663,1,1,0,0,1d,0,78,Calm,0,0,0,0
Main Lake North,8/5/2019,Rolling,,44.32365242,-73.34822663,1,1,0,0,1d,0,79.33333333,Calm,0,0,0,0
Main Lake North,8/6/2019,Rolling,78.12,44.32365242,-73.34822663,1,0,0,0,1c,0,79.83333333,Calm,1,0,0,0
Main Lake North,8/7/2019,Rolling,78,44.32365242,-73.34822663,0,0,0,0,1b,0,79.26222222,Rolling,1,0,0,0
Main Lake North,8/8/2019,Calm,75,44.32365242,-73.34822663,0,0,0,0,1d,0,78.59555556,Rolling,1,0,0,0
Main Lake North,8/9/2019,White Caps,75,44.32365242,-73.34822663,0,0,0,0,1a,0,77.04,Rolling,1,0,0,0
Main Lake North,8/12/2019,Calm,78,44.32365242,-73.34822663,0,0,0,0,1a,0,76.53,Rolling,0,0,0,0
Main Lake North,8/13/2019,Calm,76.3,44.32365242,-73.34822663,1,1,0,0,1b,0,76.824,Calm,0,0,0,0
Main Lake North,8/14/2019,Calm,73,44.32365242,-73.34822663,0,0,0,0,1a,0,76.46,Calm,0,0,0,0
Main Lake North,8/15/2019,Calm,,44.32365242,-73.34822663,1,1,1,0,2,1,75.46,Calm,0,0,0,0
Main Lake North,8/16/2019,Rolling,,44.32365242,-73.34822663,0,0,0,0,1c,0,75.575,Calm,0,0,0,0
Main Lake North,8/18/2019,Rolling,,44.32365242,-73.34822663,0,0,0,0,1a,0,75.76666667,Calm,0,0,0,0
Main Lake North,8/19/2019,Calm,87,44.32365242,-73.34822663,0,0,0,0,1b,0,75.76666667,Calm,0,0,0,0
Main Lake North,8/20/2019,Rolling,77.98,44.32365242,-73.34822663,1,1,0,1,1d,0,78.76666667,Calm,0,0,0,0
Main Lake North,8/21/2019,Calm,,44.32365242,-73.34822663,0,0,0,0,1a,0,79.32666667,Calm,0,0,0,0
Main Lake North,8/22/2019,Calm,75,44.32365242,-73.34822663,0,0,0,0,1c,0,82.49,Calm,0,0,0,0
Main Lake North,8/23/2019,Rolling,75,44.32365242,-73.34822663,1,1,1,0,1d,0,79.99333333,Calm,0,0,0,0
Main Lake North,8/26/2019,Calm,79,44.32365242,-73.34822663,0,0,0,0,2,1,78.745,Calm,0,0,0,0
Main Lake North,8/27/2019,Calm,74.83333333,44.32365242,-73.34822663,1,1,1,0,1d,0,76.745,Calm,0,0,0,0
Main Lake North,8/28/2019,Rolling,70.66666667,44.32365242,-73.34822663,0,0,0,0,1c,0,75.95833333,Calm,0,0,0,0
Main Lake North,8/29/2019,Calm,,44.32365242,-73.34822663,0,0,0,0,1b,0,74.9,Calm,0,0,0,0
Main Lake North,8/30/2019,Rolling,71,44.32365242,-73.34822663,0,0,0,0,1a,0,74.875,Calm,0,0,0,0
Main Lake North,9/2/2019,Calm,69.5,44.32365242,-73.34822663,0,0,0,0,1b,0,73.875,Calm,0,0,0,0
Main Lake North,9/3/2019,Rolling,,44.32365242,-73.34822663,0,1,1,0,1d,0,71.5,Calm,0,0,0,0
Main Lake North,9/4/2019,Rolling,69.25,44.32365242,-73.34822663,0,0,0,0,1c,0,70.38888889,Rolling,0,0,0,0
Main Lake North,9/5/2019,Calm,,44.32365242,-73.34822663,0,0,0,0,1a,0,69.91666667,Rolling,0,0,0,0
Main Lake North,9/6/2019,Rolling,69,44.32365242,-73.34822663,0,0,0,0,1a,0,69.91666667,Rolling,0,0,0,0
Main Lake North,9/7/2019,Calm,,44.32365242,-73.34822663,0,0,0,0,1a,0,69.25,Rolling,0,0,0,0
Main Lake North,9/8/2019,White Caps,,44.32365242,-73.34822663,0,0,0,0,1a,0,69.25,Calm,0,0,0,0
Main Lake North,9/9/2019,Calm,69,44.32365242,-73.34822663,0,0,0,0,1d,0,69.25,Calm,0,0,0,0
Main Lake North,9/10/2019,Rolling,66,44.32365242,-73.34822663,0,0,1,0,1d,0,69.08333333,Calm,0,0,0,0
Main Lake North,9/11/2019,Calm,,44.32365242,-73.34822663,0,0,0,0,2,1,68.3125,Calm,0,0,0,0
Main Lake North,9/12/2019,Calm,69,44.32365242,-73.34822663,0,0,0,0,1a,0,68,Calm,0,0,0,0
Main Lake North,9/14/2019,Rolling,,44.32365242,-73.34822663,0,0,0,0,1a,0,68.25,Calm,0,0,0,0
Main Lake North,9/16/2019,White Caps,,44.32365242,-73.34822663,0,0,0,0,1b,0,68,Calm,0,0,0,0
Main Lake North,9/17/2019,Calm,65,44.32365242,-73.34822663,0,0,0,0,1a,0,67.5,Calm,0,0,0,0
Main Lake North,9/18/2019,Calm,64,44.32365242,-73.34822663,0,0,0,0,1a,0,67,Calm,0,0,0,0
Main Lake North,9/19/2019,Calm,,44.32365242,-73.34822663,0,0,0,0,1a,0,66,Calm,0,0,0,0
Main Lake North,9/20/2019,Rolling,,44.32365242,-73.34822663,0,0,0,0,1a,0,64.5,Calm,0,0,0,0
Main Lake North,9/21/2019,Calm,,44.32365242,-73.34822663,0,0,0,0,2,1,64.5,Calm,0,0,0,0
Main Lake North,9/22/2019,Calm,,44.32365242,-73.34822663,0,0,0,0,1a,0,64.5,Calm,0,0,0,0
Main Lake North,9/23/2019,Calm,68,44.32365242,-73.34822663,0,0,0,0,1a,0,64.5,Calm,0,0,0,0
Main Lake North,9/24/2019,White Caps,,44.32365242,-73.34822663,1,1,1,0,1d,0,65.66666667,Calm,0,0,0,0
Main Lake North,9/25/2019,Rolling,70,44.32365242,-73.34822663,0,0,1,0,2,1,66,Calm,0,0,0,0
Main Lake North,9/27/2019,Calm,64,44.32365242,-73.34822663,0,0,0,0,1d,0,69,Calm,0,0,0,0
Main Lake North,9/30/2019,Calm,65,44.32365242,-73.34822663,0,0,0,0,1a,0,67.33333333,Calm,0,0,0,0
Main Lake North,10/1/2019,White Caps,,44.32365242,-73.34822663,0,0,0,0,1a,0,66.33333333,Calm,0,0,0,0
Main Lake North,10/4/2019,White Caps,60,44.32365242,-73.34822663,0,0,0,0,1b,0,66.33333333,Calm,0,0,0,0
Main Lake North,10/5/2019,Calm,,44.32365242,-73.34822663,0,0,0,0,3,1,62.5,White Caps,0,0,0,0
Main Lake North,10/6/2019,Rolling,,44.32365242,-73.34822663,0,0,0,0,1a,0,62.5,Calm,0,0,0,0
Main Lake North,10/7/2019,Rolling,,44.32365242,-73.34822663,0,0,0,0,1a,0,62.5,Calm,0,0,0,0
Main Lake North,10/9/2019,Calm,,44.32365242,-73.34822663,0,0,0,0,3,1,60,Rolling,0,0,0,0
Main Lake North,10/11/2019,Calm,58,44.32365242,-73.34822663,0,0,0,0,1a,0,60,Calm,0,0,0,0
Main Lake North,10/12/2019,Calm,,44.32365242,-73.34822663,0,0,0,0,2,1,58,Calm,0,0,0,0
Main Lake North,10/13/2019,Calm,,44.32365242,-73.34822663,0,0,0,0,3,1,58,Calm,0,0,0,0
Main Lake North,10/14/2019,Rolling,57,44.32365242,-73.34822663,0,0,0,0,1a,0,58,Calm,0,0,0,0
Main Lake North,10/15/2019,,,44.32365242,-73.34822663,1,1,0,0,1d,0,57.5,Calm,0,0,0,0
Main Lake North,10/16/2019,White Caps,,44.32365242,-73.34822663,0,0,0,0,1a,0,57.5,Calm,0,0,0,0
Main Lake North,10/18/2019,White Caps,57,44.32365242,-73.34822663,0,0,0,0,1b,0,57.5,Calm,0,0,0,0
Main Lake North,10/20/2019,Rolling,,44.32365242,-73.34822663,0,0,0,0,1a,0,57,White Caps,0,0,0,0
Main Lake North,10/21/2019,Rolling,,44.32365242,-73.34822663,0,0,0,0,3,1,57,Rolling,0,0,0,0
Main Lake North,10/22/2019,Calm,55,44.32365242,-73.34822663,0,0,0,0,1a,0,57,Rolling,0,0,0,0
Main Lake North,10/25/2019,Calm,,44.32365242,-73.34822663,0,0,0,0,3,1,56,Rolling,0,0,0,0
Main Lake North,10/26/2019,Calm,,44.32365242,-73.34822663,0,0,0,0,2,1,55,Calm,0,0,0,0
Main Lake North,10/29/2019,Calm,50,44.32365242,-73.34822663,0,0,0,0,1a,0,55,Calm,0,0,0,0
Main Lake North,10/30/2019,Rolling,,44.32365242,-73.34822663,0,0,0,0,2,1,50,Calm,0,0,0,0
Main Lake North,11/1/2019,White Caps,54,44.32365242,-73.34822663,0,0,0,0,1b,0,50,Calm,0,0,0,0
Main Lake North,11/3/2019,White Caps,,44.32365242,-73.34822663,0,0,0,0,1b,0,52,Calm,0,0,0,0
Main Lake North,11/8/2019,Calm,,44.32365242,-73.34822663,0,0,0,0,1a,0,52,White Caps,0,0,0,0
Main Lake North,11/12/2019,Calm,,44.32365242,-73.34822663,0,0,0,0,1a,0,,Calm,0,0,0,0
Main Lake North,11/15/2019,Rolling,,44.32365242,-73.34822663,0,0,0,0,1a,0,,Calm,0,0,0,0
Main Lake North,11/20/2019,Calm,,44.32365242,-73.34822663,0,0,0,0,1a,0,,Rolling,0,0,0,0
Main Lake North,6/17/2020,Calm,,44.32365242,-73.34822663,0,0,0,0,1a,0,,,,,,
Main Lake North,6/23/2020,White Caps,,44.32365242,-73.34822663,0,0,0,0,1a,0,,Calm,0,0,0,0
Main Lake North,6/28/2020,Calm,,44.32365242,-73.34822663,0,0,0,0,1a,0,,White Caps,0,0,0,0
Main Lake North,6/29/2020,Calm,68,44.32365242,-73.34822663,0,0,0,0,1a,0,,Calm,0,0,0,0
Main Lake North,7/2/2020,Calm,,44.32365242,-73.34822663,0,0,0,0,1c,0,68,Calm,0,0,0,0
Main Lake North,7/6/2020,Calm,78,44.32365242,-73.34822663,0,0,0,0,3,1,68,Calm,0,0,0,0
Main Lake North,7/7/2020,Calm,,44.32365242,-73.34822663,0,0,0,0,1c,0,78,Calm,0,0,0,0
Main Lake North,7/8/2020,White Caps,,44.32365242,-73.34822663,0,0,0,0,1c,0,78,Calm,0,0,0,0
Main Lake North,7/9/2020,Calm,,44.32365242,-73.34822663,0,0,0,0,1c,0,78,Calm,0,0,0,0
Main Lake North,7/10/2020,Rolling,,44.32365242,-73.34822663,0,0,0,0,1a,0,78,Calm,0,0,0,0
Main Lake North,7/13/2020,Calm,78,44.32365242,-73.34822663,0,0,0,0,2,1,78,Calm,0,0,0,0
Main Lake North,7/15/2020,Calm,72,44.32365242,-73.34822663,0,0,0,0,1d,0,78,Calm,0,0,0,0
Main Lake North,7/16/2020,Rolling,,44.32365242,-73.34822663,0,0,0,0,1b,0,75,Calm,0,0,0,0
Main Lake North,7/18/2020,Calm,80,44.32365242,-73.34822663,0,0,0,0,2,1,75,Calm,0,0,0,0
Main Lake North,7/20/2020,Calm,74.5,44.32365242,-73.34822663,0,0,0,0,1b,0,76.66666667,Calm,0,0,0,0
Main Lake North,7/21/2020,Calm,,44.32365242,-73.34822663,0,0,0,0,1a,0,75.5,Calm,0,0,0,0
Main Lake North,7/22/2020,Calm,73,44.32365242,-73.34822663,0,0,0,0,2,1,75.5,Calm,0,0,0,0
Main Lake North,7/23/2020,Calm,,44.32365242,-73.34822663,0,0,0,0,1c,0,75.83333333,Calm,0,0,0,0
Main Lake North,7/24/2020,Rolling,,44.32365242,-73.34822663,0,0,0,0,3,1,75.83333333,Calm,0,0,0,0
Main Lake North,7/27/2020,Rolling,75.5,44.32365242,-73.34822663,0,0,0,0,1b,0,75.83333333,Calm,0,0,0,0
Main Lake North,7/28/2020,Rolling,,44.32365242,-73.34822663,0,0,0,0,1a,0,74.25,Calm,0,0,0,0
Main Lake North,7/30/2020,Calm,77.5,44.32365242,-73.34822663,0,0,0,0,1d,0,74.25,Rolling,0,0,0,0
Main Lake North,8/1/2020,Calm,86,44.32365242,-73.34822663,0,0,0,0,2,1,76.5,Rolling,0,0,0,0
Main Lake North,8/3/2020,Rolling,,44.32365242,-73.34822663,0,0,0,0,1a,0,79.66666667,Calm,0,0,0,0
Main Lake North,8/6/2020,Calm,75,44.32365242,-73.34822663,0,0,0,0,1c,0,81.75,Calm,0,0,0,0
Main Lake North,8/7/2020,Calm,,44.32365242,-73.34822663,0,0,0,0,3,1,80.5,Calm,0,0,0,0
Main Lake North,8/8/2020,Calm,80,44.32365242,-73.34822663,0,0,0,0,2,1,80.5,Calm,0,0,0,0
Main Lake North,8/9/2020,Calm,,44.32365242,-73.34822663,0,0,0,0,2,1,77.5,Calm,0,0,0,0
Main Lake North,8/10/2020,Calm,77,44.32365242,-73.34822663,0,0,0,0,2,1,77.5,Calm,0,0,0,0
Main Lake North,8/12/2020,Calm,80.9,44.32365242,-73.34822663,0,0,0,0,2,1,77.33333333,Calm,0,0,0,0
Main Lake North,8/13/2020,Calm,,44.32365242,-73.34822663,0,0,0,0,2,1,78.225,Calm,0,0,0,0
Main Lake North,8/15/2020,Calm,86,44.32365242,-73.34822663,0,0,0,0,2,1,79.3,Calm,0,0,0,0
Main Lake North,8/17/2020,Rolling,74,44.32365242,-73.34822663,0,0,0,0,1a,0,81.3,Calm,0,0,0,0
Main Lake North,8/19/2020,Rolling,75.5,44.32365242,-73.34822663,0,0,0,0,1a,0,80.3,Calm,0,0,0,0
Main Lake North,8/20/2020,Calm,,44.32365242,-73.34822663,0,0,0,0,1c,0,78.5,Calm,0,0,0,0
Main Lake North,8/22/2020,Calm,,44.32365242,-73.34822663,0,0,0,0,3,1,78.5,Calm,0,0,0,0
Main Lake North,8/24/2020,Calm,74,44.32365242,-73.34822663,0,0,0,0,1a,0,74.75,Calm,0,0,0,0
Main Lake North,8/26/2020,White Caps,72,44.32365242,-73.34822663,0,0,0,0,1a,0,74.75,Calm,0,0,0,0
Main Lake North,8/27/2020,Calm,73,44.32365242,-73.34822663,0,0,0,0,1c,0,73,Calm,0,0,0,0
Main Lake North,8/28/2020,Calm,74,44.32365242,-73.34822663,0,0,0,0,1d,0,73,Calm,0,0,0,0
Main Lake North,8/31/2020,Calm,72,44.32365242,-73.34822663,0,0,0,0,3,1,73.25,Calm,0,0,0,0
Main Lake North,9/1/2020,Rolling,,44.32365242,-73.34822663,0,0,0,0,1a,0,72.75,Calm,0,0,0,0
Main Lake North,9/3/2020,Calm,,44.32365242,-73.34822663,0,0,0,0,1b,0,72.75,Calm,0,0,0,0
Main Lake North,9/7/2020,White Caps,69,44.32365242,-73.34822663,0,0,0,0,1b,0,73,Calm,0,0,0,0
Main Lake North,9/8/2020,Calm,,44.32365242,-73.34822663,0,0,0,0,1d,0,69,Calm,0,0,0,0
Main Lake North,9/9/2020,Rolling,,44.32365242,-73.34822663,0,0,0,0,1a,0,69,Calm,0,0,0,0
Main Lake North,9/10/2020,Rolling,,44.32365242,-73.34822663,0,0,0,0,1b,0,69,Calm,0,0,0,0
Main Lake North,9/11/2020,Calm,68,44.32365242,-73.34822663,0,0,0,0,1d,0,69,Rolling,0,0,0,0
Main Lake North,9/14/2020,White Caps,66.33333333,44.32365242,-73.34822663,0,0,0,0,1a,0,68.5,Calm,0,0,0,0
Main Lake North,9/17/2020,Calm,,44.32365242,-73.34822663,0,0,0,0,1a,0,67.16666667,Calm,0,0,0,0
Main Lake North,9/18/2020,Rolling,,44.32365242,-73.34822663,0,0,0,0,1a,0,67.16666667,Calm,0,0,0,0
Main Lake North,9/21/2020,Calm,62.66666667,44.32365242,-73.34822663,0,0,0,0,3,1,66.33333333,Calm,0,0,0,0
Main Lake North,9/24/2020,Calm,,44.32365242,-73.34822663,0,0,0,0,1a,0,62.66666667,Calm,0,0,0,0
Main Lake North,9/25/2020,Calm,,44.32365242,-73.34822663,0,0,0,0,1a,0,62.66666667,Calm,0,0,0,0
Main Lake North,9/28/2020,Calm,,44.32365242,-73.34822663,0,0,0,0,1a,0,62.66666667,Calm,0,0,0,0
Main Lake North,9/30/2020,Calm,,44.32365242,-73.34822663,0,0,0,0,1a,0,,Calm,0,0,0,0
Main Lake North,10/1/2020,Calm,,44.32365242,-73.34822663,0,0,0,0,1b,0,,Calm,0,0,0,0
Main Lake North,10/2/2020,Rolling,,44.32365242,-73.34822663,0,0,0,0,1a,0,,Calm,0,0,0,0
Main Lake North,10/5/2020,Calm,,44.32365242,-73.34822663,0,0,0,0,1a,0,,Calm,0,0,0,0
Main Lake North,10/8/2020,Calm,,44.32365242,-73.34822663,0,0,0,0,1b,0,,Calm,0,0,0,0
Main Lake North,10/9/2020,Rolling,,44.32365242,-73.34822663,0,0,0,0,1a,0,,Calm,0,0,0,0
Main Lake North,10/12/2020,Rolling,,44.32365242,-73.34822663,0,0,0,0,1a,0,,Calm,0,0,0,0
Main Lake North,10/15/2020,White Caps,,44.32365242,-73.34822663,0,0,0,0,1b,0,,Rolling,0,0,0,0
Main Lake North,10/16/2020,Calm,,44.32365242,-73.34822663,0,0,0,0,1a,0,,Rolling,0,0,0,0
Main Lake North,10/19/2020,Rolling,,44.32365242,-73.34822663,0,0,0,0,1a,0,,Calm,0,0,0,0
Main Lake North,10/22/2020,Calm,,44.32365242,-73.34822663,0,0,0,0,2,1,,Calm,0,0,0,0
Main Lake North,10/23/2020,White Caps,,44.32365242,-73.34822663,0,0,0,0,1a,0,,Calm,0,0,0,0
Main Lake North,10/27/2020,Rolling,,44.32365242,-73.34822663,0,0,0,0,1a,0,,Calm,0,0,0,0
Main Lake North,10/29/2020,Calm,,44.32365242,-73.34822663,0,0,0,0,1a,0,,Calm,0,0,0,0
Main Lake North,11/5/2020,White Caps,,44.32365242,-73.34822663,0,0,0,0,1b,0,,Calm,0,0,0,0
Main Lake North,11/8/2020,Calm,,44.32365242,-73.34822663,0,0,0,0,2,1,,White Caps,0,0,0,0
Main Lake North,6/21/2021,White Caps,,44.32365242,-73.34822663,0,0,0,0,1a,0,,,,,,
Main Lake North,6/23/2021,Rolling,62,44.32365242,-73.34822663,0,0,0,0,1a,0,,White Caps,0,0,0,0
Main Lake North,6/24/2021,White Caps,75.4,44.32365242,-73.34822663,0,0,0,0,1b,0,62,Rolling,0,0,0,0
Main Lake North,6/28/2021,Rolling,47,44.32365242,-73.34822663,0,0,0,0,1a,0,68.7,White Caps,0,0,0,0
Main Lake North,6/29/2021,Calm,21,44.32365242,-73.34822663,0,1,1,0,1a,0,61.46666667,Rolling,0,0,0,0
Main Lake North,7/1/2021,Calm,75.725,44.32365242,-73.34822663,0,0,0,0,1a,0,51.35,Calm,0,0,0,0
Main Lake North,7/5/2021,Rolling,72,44.32365242,-73.34822663,0,0,0,0,1a,0,47.90833333,Calm,0,0,0,0
Main Lake North,7/7/2021,Calm,,44.32365242,-73.34822663,0,0,0,0,1a,0,56.24166667,Calm,0,0,0,0
Main Lake North,7/8/2021,Calm,68.13333333,44.32365242,-73.34822663,0,0,0,0,1a,0,73.8625,Calm,0,0,0,0
Main Lake North,7/12/2021,Calm,77.5,44.32365242,-73.34822663,0,0,0,0,2,1,70.06666667,Calm,0,0,0,0
Main Lake North,7/13/2021,Rolling,,44.32365242,-73.34822663,0,0,0,0,1a,0,72.81666667,Calm,0,0,0,0
Main Lake North,7/14/2021,Rolling,,44.32365242,-73.34822663,0,0,0,0,1a,0,72.81666667,Calm,0,0,0,0
Main Lake North,7/15/2021,Rolling,80.73333333,44.32365242,-73.34822663,0,0,0,0,1a,0,72.81666667,Calm,0,0,0,0
Main Lake North,7/16/2021,White Caps,22,44.32365242,-73.34822663,0,1,1,0,1d,0,79.11666667,Rolling,0,0,0,0
Main Lake North,7/17/2021,Calm,76,44.32365242,-73.34822663,0,0,0,0,3,1,60.07777778,Rolling,0,0,0,0
Main Lake North,7/19/2021,Rolling,,44.32365242,-73.34822663,0,0,0,0,1a,0,64.05833333,Rolling,0,0,0,0
Main Lake North,7/22/2021,Calm,64.58,44.32365242,-73.34822663,0,1,0,0,3,1,59.57777778,Rolling,0,0,0,0
Main Lake North,7/23/2021,Calm,23,44.32365242,-73.34822663,0,0,0,0,2,1,54.19333333,Calm,0,0,0,0
Main Lake North,7/26/2021,Rolling,76,44.32365242,-73.34822663,0,0,0,0,1a,0,54.52666667,Calm,0,0,0,0
Main Lake North,7/29/2021,Calm,72.16666667,44.32365242,-73.34822663,0,0,0,0,1b,0,54.52666667,Calm,0,0,0,0
Main Lake North,8/2/2021,Rolling,46.5,44.32365242,-73.34822663,0,1,0,0,1c,0,57.05555556,Calm,0,0,0,0
Main Lake North,8/4/2021,Calm,,44.32365242,-73.34822663,0,0,0,0,1a,0,59.33333333,Calm,0,0,0,0
Main Lake North,8/5/2021,Calm,74.775,44.32365242,-73.34822663,0,0,0,0,1d,0,59.33333333,Calm,0,0,0,0
Main Lake North,8/6/2021,Rolling,21,44.32365242,-73.34822663,0,0,0,0,1d,0,60.6375,Calm,0,0,0,0
Main Lake North,8/8/2021,Calm,,44.32365242,-73.34822663,0,0,0,0,2,1,47.425,Calm,0,0,0,0
Main Lake North,8/9/2021,Rolling,75,44.32365242,-73.34822663,0,0,0,0,1a,0,47.425,Calm,0,0,0,0
Main Lake North,8/11/2021,Calm,,44.32365242,-73.34822663,0,0,0,0,1a,0,56.925,Calm,0,0,0,0
Main Lake North,8/12/2021,Rolling,82.25,44.32365242,-73.34822663,0,0,0,0,1a,0,56.925,Calm,0,0,0,0
Main Lake North,8/16/2021,Rolling,76,44.32365242,-73.34822663,0,0,0,0,1a,0,59.41666667,Rolling,0,0,0,0
Main Lake North,8/18/2021,Rolling,,44.32365242,-73.34822663,0,0,0,0,1a,0,79.125,Rolling,0,0,0,0
Main Lake North,8/19/2021,Calm,75.9,44.32365242,-73.34822663,0,0,0,0,1a,0,79.125,Rolling,0,0,0,0
Main Lake North,8/21/2021,Calm,,44.32365242,-73.34822663,0,0,0,0,3,1,75.95,Rolling,0,0,0,0
Main Lake North,8/22/2021,Calm,74,44.32365242,-73.34822663,0,0,0,0,1a,0,75.95,Calm,0,0,0,0
Main Lake North,8/23/2021,Calm,51,44.32365242,-73.34822663,0,0,0,0,1d,0,75.3,Calm,0,0,0,0
Main Lake North,8/25/2021,Rolling,,44.32365242,-73.34822663,0,0,0,0,1a,0,66.96666667,Calm,0,0,0,0
Main Lake North,8/26/2021,Rolling,69.025,44.32365242,-73.34822663,0,1,1,0,1d,0,66.96666667,Calm,0,0,0,0
Main Lake North,8/30/2021,Rolling,78,44.32365242,-73.34822663,0,0,0,0,1a,0,64.675,Rolling,0,0,0,0
Main Lake North,9/2/2021,Rolling,73.13333333,44.32365242,-73.34822663,0,0,0,0,1b,0,73.5125,Rolling,0,0,0,0
Main Lake North,9/3/2021,Calm,,44.32365242,-73.34822663,0,0,0,0,1a,0,75.56666667,Rolling,0,0,0,0
Main Lake North,9/6/2021,Rolling,74,44.32365242,-73.34822663,0,0,0,0,1a,0,75.56666667,Rolling,0,0,0,0
Main Lake North,9/9/2021,Rolling,71.16666667,44.32365242,-73.34822663,0,0,0,0,1b,0,73.56666667,Rolling,0,0,0,0
Main Lake North,9/13/2021,White Caps,19.5,44.32365242,-73.34822663,0,1,1,0,1d,0,72.58333333,Rolling,0,0,0,0
Main Lake North,9/15/2021,Rolling,74,44.32365242,-73.34822663,0,0,0,0,1a,0,45.33333333,Rolling,0,0,0,0
Main Lake North,9/16/2021,Calm,72.56666667,44.32365242,-73.34822663,0,0,0,0,3,1,54.88888889,Rolling,0,0,0,0
Main Lake North,9/17/2021,Rolling,,44.32365242,-73.34822663,0,0,0,0,1a,0,55.35555556,Calm,0,0,0,0
Main Lake North,9/20/2021,Calm,71,44.32365242,-73.34822663,0,0,0,0,1a,0,55.35555556,Rolling,0,0,0,0
Main Lake North,9/21/2021,White Caps,19,44.32365242,-73.34822663,0,0,1,0,1d,0,72.52222222,Calm,0,0,0,0
Main Lake North,9/23/2021,Rolling,73.6,44.32365242,-73.34822663,0,0,0,0,1b,0,59.14166667,Calm,0,0,0,0
Main Lake North,9/27/2021,Calm,67,44.32365242,-73.34822663,0,0,0,0,1a,0,54.53333333,Calm,0,0,0,0
Main Lake North,9/28/2021,Rolling,,44.32365242,-73.34822663,0,0,0,0,1a,0,53.2,Calm,0,0,0,0
Main Lake North,9/29/2021,White Caps,19,44.32365242,-73.34822663,0,0,0,0,1d,0,70.3,Rolling,0,0,0,0
Main Lake North,9/30/2021,Rolling,63.46666667,44.32365242,-73.34822663,0,0,0,0,1d,0,53.2,Rolling,0,0,0,0
Main Lake North,10/4/2021,Calm,,44.32365242,-73.34822663,0,0,0,0,1a,0,49.82222222,Rolling,0,0,0,0
Main Lake North,10/6/2021,Calm,65,44.32365242,-73.34822663,0,0,0,0,3,1,41.23333333,Calm,0,0,0,0
Main Lake North,10/7/2021,Rolling,47.48,44.32365242,-73.34822663,0,0,1,0,3,1,64.23333333,Calm,0,0,0,0
Main Lake North,10/8/2021,Calm,,44.32365242,-73.34822663,0,0,0,0,3,1,56.24,Calm,0,0,0,0
Main Lake North,10/10/2021,Rolling,,44.32365242,-73.34822663,0,0,0,0,1a,0,56.24,Calm,0,0,0,0
Main Lake North,10/14/2021,Calm,53.9,44.32365242,-73.34822663,0,1,1,0,2,1,56.24,Rolling,0,0,0,0
Main Lake North,10/20/2021,Calm,,44.32365242,-73.34822663,0,0,0,0,2,1,53.9,Calm,0,1,1,0
Main Lake North,10/21/2021,Rolling,59.43333333,44.32365242,-73.34822663,0,0,0,0,1b,0,53.9,Calm,0,0,0,0
Main Lake North,10/25/2021,Calm,,44.32365242,-73.34822663,0,0,0,0,1a,0,59.43333333,Calm,0,0,0,0
Main Lake North,10/28/2021,Calm,55.56666667,44.32365242,-73.34822663,0,0,0,0,1d,0,59.43333333,Calm,0,0,0,0
Main Lake North,10/29/2021,Calm,,44.32365242,-73.34822663,0,0,0,0,2,1,55.56666667,Calm,0,0,0,0
Main Lake North,11/4/2021,White Caps,48,44.32365242,-73.34822663,0,0,0,0,1b,0,55.56666667,Calm,0,0,0,0
Main Lake North,11/5/2021,Calm,51.2,44.32365242,-73.34822663,0,0,0,0,1a,0,48,Calm,0,0,0,0
Main Lake North,6/20/2022,Calm,65,44.32365242,-73.34822663,0,0,0,0,1c,0,49.6,,,,,
Main Lake North,6/23/2022,White Caps,61.43333333,44.32365242,-73.34822663,0,0,0,0,1c,0,65,Calm,0,0,0,0
Main Lake North,6/27/2022,White Caps,70,44.32365242,-73.34822663,0,0,0,0,1a,0,63.21666667,Calm,0,0,0,0
Main Lake North,6/28/2022,Calm,67,44.32365242,-73.34822663,0,0,0,0,1a,0,65.71666667,White Caps,0,0,0,0
Main Lake North,6/30/2022,Calm,72.325,44.32365242,-73.34822663,0,0,0,0,1c,0,66.14444444,White Caps,0,0,0,0
Main Lake North,7/4/2022,Rolling,74,44.32365242,-73.34822663,0,0,0,0,1a,0,69.775,Calm,0,0,0,0
Main Lake North,7/7/2022,Calm,75.1,44.32365242,-73.34822663,0,0,0,0,3,1,71.10833333,Calm,0,0,0,0
Main Lake North,7/10/2022,Rolling,,44.32365242,-73.34822663,0,0,0,0,1a,0,74.55,Calm,0,0,0,0
Main Lake North,7/11/2022,Rolling,,44.32365242,-73.34822663,0,0,0,0,1b,0,74.55,Rolling,0,0,0,0
Main Lake North,7/13/2022,Calm,70,44.32365242,-73.34822663,0,0,0,0,1d,0,75.1,Rolling,0,0,0,0
Main Lake North,7/14/2022,Calm,73,44.32365242,-73.34822663,0,0,0,0,3,1,72.55,Calm,0,0,0,0
Main Lake North,7/15/2022,Calm,80.875,44.32365242,-73.34822663,0,0,0,0,3,1,71.5,Calm,0,0,0,0
Main Lake North,7/18/2022,Rolling,,44.32365242,-73.34822663,0,0,0,0,1b,0,74.625,Calm,0,0,0,0
Main Lake North,7/19/2022,Rolling,75.5,44.32365242,-73.34822663,0,0,1,0,2,1,74.625,Calm,0,0,0,0
Main Lake North,7/20/2022,Calm,81,44.32365242,-73.34822663,0,0,0,0,3,1,74.84375,Calm,0,0,0,0
Main Lake North,7/21/2022,Rolling,83.3,44.32365242,-73.34822663,0,0,0,0,1d,0,77.59375,Calm,0,0,0,0
Main Lake North,7/23/2022,Calm,,44.32365242,-73.34822663,0,0,0,0,3,1,80.16875,Rolling,0,0,0,0
Main Lake North,7/24/2022,Rolling,75,44.32365242,-73.34822663,0,0,0,0,1a,0,79.93333333,Rolling,0,0,0,0
Main Lake North,7/25/2022,Calm,,44.32365242,-73.34822663,0,0,0,0,1b,0,78.7,Rolling,0,0,0,0
Main Lake North,7/26/2022,Rolling,76,44.32365242,-73.34822663,0,1,1,0,1d,0,78.7,Calm,0,0,0,0
Main Lake North,7/27/2022,Rolling,73,44.32365242,-73.34822663,0,0,0,0,1a,0,78.825,Calm,0,0,0,0
Main Lake North,7/28/2022,Rolling,81.125,44.32365242,-73.34822663,0,0,0,0,1c,0,76.825,Rolling,0,0,0,0
Main Lake North,7/31/2022,Rolling,75,44.32365242,-73.34822663,0,0,0,0,1a,0,76.28125,Rolling,0,0,0,0
Main Lake North,8/1/2022,Calm,79,44.32365242,-73.34822663,0,0,0,0,1a,0,76.28125,Rolling,0,0,0,0
Main Lake North,8/3/2022,Rolling,76.6,44.32365242,-73.34822663,0,0,0,0,1a,0,76.825,Rolling,0,0,0,0
Main Lake North,8/4/2022,Rolling,76.83333333,44.32365242,-73.34822663,0,0,0,0,1b,0,77.93125,Rolling,0,0,0,0
Main Lake North,8/7/2022,Rolling,76,44.32365242,-73.34822663,0,0,0,0,1c,0,76.85833333,Rolling,0,0,0,0
Main Lake North,8/8/2022,Calm,78,44.32365242,-73.34822663,0,0,0,0,1a,0,77.10833333,Rolling,0,0,0,0
Main Lake North,8/10/2022,Calm,75,44.32365242,-73.34822663,0,1,1,0,1d,0,76.85833333,Rolling,0,0,0,0
Main Lake North,8/11/2022,Calm,77.66666667,44.32365242,-73.34822663,0,0,0,0,1c,0,76.45833333,Calm,0,0,0,0
Main Lake North,8/12/2022,Calm,75,44.32365242,-73.34822663,0,0,0,0,1a,0,76.66666667,Calm,0,0,0,0
Main Lake North,8/15/2022,Calm,80,44.32365242,-73.34822663,0,0,0,0,1a,0,76.33333333,Calm,0,0,0,0
Main Lake North,8/18/2022,Calm,74.8,44.32365242,-73.34822663,0,0,0,0,1c,0,76.91666667,Calm,0,0,0,0
Main Lake North,8/21/2022,Rolling,74,44.32365242,-73.34822663,0,0,0,0,1c,0,76.6,Calm,0,0,0,0
Main Lake North,8/22/2022,Rolling,,44.32365242,-73.34822663,0,0,0,0,1a,0,76.26666667,Calm,0,0,0,0
Main Lake North,8/25/2022,Calm,78.8,44.32365242,-73.34822663,0,0,0,0,1d,0,74.4,Rolling,0,0,0,0
Main Lake North,8/29/2022,Rolling,75,44.32365242,-73.34822663,0,0,0,0,1a,0,76.4,Calm,0,0,0,0
Main Lake North,8/31/2022,Calm,72,44.32365242,-73.34822663,0,0,0,0,1a,0,76.9,Calm,0,0,0,0
Main Lake North,9/1/2022,White Caps,71.825,44.32365242,-73.34822663,0,0,0,0,1c,0,75.26666667,Calm,0,0,0,0
Main Lake North,9/2/2022,White Caps,73,44.32365242,-73.34822663,0,0,0,0,1d,0,72.94166667,Calm,0,0,0,0
Main Lake North,9/5/2022,Rolling,,44.32365242,-73.34822663,0,0,0,0,1b,0,72.95625,White Caps,0,0,0,0
Main Lake North,9/6/2022,Rolling,67,44.32365242,-73.34822663,0,0,0,0,1a,0,72.275,White Caps,0,0,0,0
Main Lake North,9/7/2022,Calm,72,44.32365242,-73.34822663,0,0,0,0,2,1,70.95625,Rolling,0,0,0,0
Main Lake North,9/8/2022,Calm,78.2,44.32365242,-73.34822663,0,0,0,0,2,1,70.95625,Rolling,0,0,0,0
Main Lake North,9/12/2022,Calm,76,44.32365242,-73.34822663,0,0,0,0,2,1,72.55,Calm,0,0,0,0
Main Lake North,9/15/2022,White Caps,69.3,44.32365242,-73.34822663,0,0,0,0,1d,0,73.3,Calm,0,0,0,0
Main Lake North,9/22/2022,White Caps,66.15,44.32365242,-73.34822663,0,0,0,0,1b,0,72.65,White Caps,0,0,0,0
Main Lake North,9/26/2022,Rolling,,44.32365242,-73.34822663,0,0,0,0,1d,0,66.15,White Caps,0,0,0,0
Main Lake North,9/29/2022,Calm,61.7,44.32365242,-73.34822663,0,0,0,0,1c,0,66.15,Rolling,0,0,0,0
Main Lake North,10/3/2022,Rolling,,44.32365242,-73.34822663,0,0,0,0,1a,0,61.7,Calm,0,0,0,0
Main Lake North,10/4/2022,Calm,62,44.32365242,-73.34822663,0,0,0,0,1d,0,61.7,Calm,0,0,0,0
Main Lake North,10/6/2022,Calm,62.075,44.32365242,-73.34822663,0,0,0,0,2,1,61.85,Calm,0,0,0,0
Main Lake North,10/13/2022,White Caps,58.6,44.32365242,-73.34822663,0,0,0,0,1d,0,62.0375,Calm,0,0,0,0
Main Lake North,10/19/2022,Rolling,54,44.32365242,-73.34822663,0,0,0,0,1a,0,58.6,White Caps,0,0,0,0
Main Lake North,10/20/2022,White Caps,51.725,44.32365242,-73.34822663,0,0,0,0,1c,0,56.3,Rolling,0,0,0,0
Main Lake North,10/23/2022,Calm,,44.32365242,-73.34822663,0,0,0,0,1d,0,52.8625,Rolling,0,0,0,0
Main Lake North,10/27/2022,White Caps,57.2,44.32365242,-73.34822663,0,0,0,0,1b,0,52.8625,Calm,0,0,0,0
Main Lake North,11/3/2022,Rolling,56.3,44.32365242,-73.34822663,0,0,0,0,1a,0,57.2,White Caps,0,0,0,0
Main Lake South,6/25/2012,,,44.13077726,-73.35565797,0,0,0,0,1a,0,,,,,,
Main Lake South,7/1/2012,,,44.13077726,-73.35565797,0,0,0,0,1b,0,,,0,0,0,0
Main Lake South,7/2/2012,,,44.13077726,-73.35565797,0,0,0,0,2,1,,,0,0,0,0
Main Lake South,7/8/2012,,,44.13077726,-73.35565797,0,0,0,0,1b,0,,,0,0,0,0
Main Lake South,7/9/2012,,,44.13077726,-73.35565797,0,0,0,0,1a,0,,,0,0,0,0
Main Lake South,7/10/2012,,,44.13077726,-73.35565797,0,0,0,0,1b,0,,,0,0,0,0
Main Lake South,7/15/2012,,,44.13077726,-73.35565797,0,0,0,0,1b,0,,,0,0,0,0
Main Lake South,7/16/2012,,,44.13077726,-73.35565797,0,0,0,0,1b,0,,,0,0,0,0
Main Lake South,7/17/2012,,,44.13077726,-73.35565797,0,0,0,0,1b,0,,,0,0,0,0
Main Lake South,7/22/2012,,,44.13077726,-73.35565797,0,0,0,0,1b,0,,,0,0,0,0
Main Lake South,7/23/2012,,,44.13077726,-73.35565797,0,0,0,0,1b,0,,,0,0,0,0
Main Lake South,7/24/2012,,,44.13077726,-73.35565797,0,0,0,0,1c,0,,,0,0,0,0
Main Lake South,7/29/2012,,,44.13077726,-73.35565797,0,0,0,0,1b,0,,,0,0,0,0
Main Lake South,7/30/2012,,,44.13077726,-73.35565797,0,0,0,0,1b,0,,,0,0,0,0
Main Lake South,7/31/2012,,,44.13077726,-73.35565797,0,0,0,0,1c,0,,,0,0,0,0
Main Lake South,8/5/2012,,,44.13077726,-73.35565797,0,0,0,0,1b,0,,,0,0,0,0
Main Lake South,8/6/2012,,,44.13077726,-73.35565797,0,0,0,0,1b,0,,,0,0,0,0
Main Lake South,8/7/2012,,,44.13077726,-73.35565797,0,0,0,0,1b,0,,,0,0,0,0
Main Lake South,8/12/2012,,,44.13077726,-73.35565797,0,0,0,0,1a,0,,,0,0,0,0
Main Lake South,8/13/2012,,,44.13077726,-73.35565797,0,0,0,0,1b,0,,,0,0,0,0
Main Lake South,8/14/2012,,,44.13077726,-73.35565797,0,0,0,0,1c,0,,,0,0,0,0
Main Lake South,8/15/2012,,,44.13077726,-73.35565797,0,0,0,0,2,1,,,0,0,0,0
Main Lake South,8/20/2012,,,44.13077726,-73.35565797,0,0,0,0,1a,0,,,0,0,0,0
Main Lake South,8/21/2012,,,44.13077726,-73.35565797,0,0,0,0,3,1,,,0,0,0,0
Main Lake South,8/22/2012,,,44.13077726,-73.35565797,0,0,0,0,1a,0,,,0,0,0,0
Main Lake South,8/23/2012,,,44.13077726,-73.35565797,0,0,0,0,1c,0,,,0,0,0,0
Main Lake South,8/26/2012,,,44.13077726,-73.35565797,0,0,0,0,1b,0,,,0,0,0,0
Main Lake South,8/27/2012,,,44.13077726,-73.35565797,0,0,0,0,1b,0,,,0,0,0,0
Main Lake South,8/28/2012,,,44.13077726,-73.35565797,0,0,0,0,2,1,,,0,0,0,0
Main Lake South,8/29/2012,,,44.13077726,-73.35565797,0,0,0,0,1c,0,,,0,0,0,0
Main Lake South,9/2/2012,,,44.13077726,-73.35565797,0,0,0,0,1b,0,,,0,0,0,0
Main Lake South,9/3/2012,,,44.13077726,-73.35565797,0,0,0,0,1b,0,,,0,0,0,0
Main Lake South,9/4/2012,,,44.13077726,-73.35565797,0,0,0,0,1a,0,,,0,0,0,0
Main Lake South,9/5/2012,,,44.13077726,-73.35565797,0,0,0,0,1b,0,,,0,0,0,0
Main Lake South,9/11/2012,,,44.13077726,-73.35565797,0,0,0,0,1a,0,,,0,0,0,0
Main Lake South,9/12/2012,,,44.13077726,-73.35565797,0,0,0,0,1a,0,,,0,0,0,0
Main Lake South,9/19/2012,,,44.13077726,-73.35565797,0,0,0,0,1a,0,,,0,0,0,0
Main Lake South,9/24/2012,,,44.13077726,-73.35565797,0,0,0,0,1a,0,,,0,0,0,0
Main Lake South,6/16/2013,Rolling,68.3,44.13077726,-73.35565797,0,0,0,0,1b,0,,,,,,
Main Lake South,6/17/2013,Rolling,26.4,44.13077726,-73.35565797,0,0,0,0,1b,0,68.3,Rolling,0,0,0,0
Main Lake South,6/18/2013,Calm,14.725,44.13077726,-73.35565797,0,0,0,0,1c,0,47.35,Rolling,0,0,0,0
Main Lake South,6/19/2013,Rolling,62,44.13077726,-73.35565797,0,0,0,0,1a,0,36.475,Rolling,0,0,0,0
Main Lake South,6/20/2013,Calm,65.6,44.13077726,-73.35565797,0,0,0,0,1a,0,42.85625,Rolling,0,0,0,0
Main Lake South,6/24/2013,Rolling,72.13333333,44.13077726,-73.35565797,0,0,0,0,1b,0,47.405,Calm,0,0,0,0
Main Lake South,6/25/2013,Calm,49.08333333,44.13077726,-73.35565797,0,0,0,0,1b,0,53.61458333,Calm,0,0,0,0
Main Lake South,6/26/2013,Calm,45.6,44.13077726,-73.35565797,0,0,0,0,1b,0,62.20416667,Calm,0,0,0,0
Main Lake South,6/27/2013,Calm,75.6,44.13077726,-73.35565797,0,0,0,0,1a,0,58.10416667,Calm,0,0,0,0
Main Lake South,6/30/2013,Calm,77.3,44.13077726,-73.35565797,0,0,0,0,1b,0,60.60416667,Calm,0,0,0,0
Main Lake South,7/1/2013,Rolling,69.63333333,44.13077726,-73.35565797,0,0,0,0,1b,0,63.94333333,Calm,0,0,0,0
Main Lake South,7/2/2013,Calm,40.54,44.13077726,-73.35565797,1,0,0,0,3,1,63.44333333,Calm,0,0,0,0
Main Lake South,7/3/2013,Calm,16.75,44.13077726,-73.35565797,0,0,0,0,1b,0,61.73466667,Calm,0,0,0,0
Main Lake South,7/4/2013,Calm,65,44.13077726,-73.35565797,0,0,0,0,1c,0,55.96466667,Calm,0,0,0,0
Main Lake South,7/5/2013,Calm,80.4,44.13077726,-73.35565797,0,0,0,0,1a,0,53.84466667,Calm,0,0,0,0
Main Lake South,7/7/2013,Calm,82.9,44.13077726,-73.35565797,0,0,0,0,1b,0,58.27055556,Calm,0,0,0,0
Main Lake South,7/8/2013,Rolling,54.375,44.13077726,-73.35565797,0,0,0,0,1b,0,59.20388889,Calm,0,0,0,0
Main Lake South,7/9/2013,Calm,49.67777778,44.13077726,-73.35565797,1,0,0,0,1c,0,56.66083333,Calm,0,0,0,0
Main Lake South,7/14/2013,Calm,40.15,44.13077726,-73.35565797,0,0,0,0,2,1,58.1837963,Calm,0,0,0,0
Main Lake South,7/15/2013,Calm,53.23333333,44.13077726,-73.35565797,0,0,0,0,1b,0,48.06759259,Calm,0,0,0,0
Main Lake South,7/16/2013,Calm,31.9,44.13077726,-73.35565797,1,0,0,0,1c,0,47.68703704,Calm,0,0,0,0
Main Lake South,7/17/2013,Calm,73,44.13077726,-73.35565797,0,0,0,0,1a,0,41.76111111,Calm,0,0,0,0
Main Lake South,7/21/2013,Calm,82.1,44.13077726,-73.35565797,0,0,0,0,1b,0,49.57083333,Calm,0,0,0,0
Main Lake South,7/22/2013,Calm,76.86666667,44.13077726,-73.35565797,0,0,0,0,1b,0,60.05833333,Calm,0,0,0,0
Main Lake South,7/23/2013,Calm,43.88,44.13077726,-73.35565797,1,1,0,0,1b,0,65.96666667,Calm,0,0,0,0
Main Lake South,7/24/2013,Calm,50.83333333,44.13077726,-73.35565797,0,0,0,0,1a,0,68.96166667,Calm,0,0,0,0
Main Lake South,7/28/2013,Rolling,77.3,44.13077726,-73.35565797,0,0,0,0,1b,0,63.42,Calm,0,0,0,0
Main Lake South,7/29/2013,Calm,75.1,44.13077726,-73.35565797,0,0,0,0,1a,0,62.22,Calm,0,0,0,0
Main Lake South,7/30/2013,Calm,50.72,44.13077726,-73.35565797,0,0,0,0,1c,0,61.77833333,Calm,0,0,0,0
Main Lake South,8/4/2013,Calm,75.2,44.13077726,-73.35565797,0,0,0,0,1b,0,63.48833333,Calm,0,0,0,0
Main Lake South,8/5/2013,Calm,73.2,44.13077726,-73.35565797,0,0,0,0,1a,0,67.00666667,Calm,0,0,0,0
Main Lake South,8/6/2013,Calm,39.83333333,44.13077726,-73.35565797,1,0,1,0,1a,0,66.37333333,Calm,0,0,0,0
Main Lake South,8/7/2013,Rolling,74.4,44.13077726,-73.35565797,0,0,0,0,1a,0,62.74444444,Calm,0,0,0,0
Main Lake South,8/11/2013,Calm,77.2,44.13077726,-73.35565797,0,0,0,0,1b,0,65.65833333,Calm,0,0,0,0
Main Lake South,8/12/2013,Calm,49.63333333,44.13077726,-73.35565797,0,0,0,0,1a,0,66.15833333,Calm,0,0,0,0
Main Lake South,8/13/2013,Calm,71.75,44.13077726,-73.35565797,1,1,0,0,1a,0,60.26666667,Calm,0,0,0,0
Main Lake South,8/14/2013,Rolling,34,44.13077726,-73.35565797,0,0,0,0,1a,0,68.24583333,Calm,0,0,0,0
Main Lake South,8/15/2013,Rolling,70.9,44.13077726,-73.35565797,0,0,0,0,1b,0,58.14583333,Calm,0,0,0,0
Main Lake South,8/16/2013,Calm,74.1,44.13077726,-73.35565797,0,0,0,0,2,1,60.69666667,Calm,0,0,0,0
Main Lake South,8/18/2013,Calm,73.55,44.13077726,-73.35565797,0,0,0,0,1b,0,62.93055556,Calm,0,0,0,0
Main Lake South,8/19/2013,Rolling,74.85,44.13077726,-73.35565797,0,0,0,0,1b,0,62.32222222,Calm,0,0,0,0
Main Lake South,8/20/2013,Calm,75.46666667,44.13077726,-73.35565797,1,1,0,0,1c,0,66.525,Calm,0,0,0,0
Main Lake South,8/21/2013,Rolling,73,44.13077726,-73.35565797,0,0,0,0,1a,0,67.14444444,Calm,0,0,0,0
Main Lake South,8/25/2013,Rolling,76.3,44.13077726,-73.35565797,0,0,0,0,1b,0,73.64444444,Calm,0,0,0,0
Main Lake South,8/26/2013,Rolling,48.6,44.13077726,-73.35565797,0,0,0,0,1a,0,74.90416667,Rolling,0,0,0,0
Main Lake South,8/27/2013,Calm,52.05714286,44.13077726,-73.35565797,1,0,0,0,2,1,68.34166667,Rolling,0,0,0,0
Main Lake South,8/28/2013,Calm,75,44.13077726,-73.35565797,0,0,0,0,1a,0,62.48928571,Rolling,0,0,0,0
Main Lake South,9/1/2013,Calm,79.05,44.13077726,-73.35565797,0,0,0,0,1b,0,62.98928571,Calm,0,0,0,0
Main Lake South,9/3/2013,Calm,50.93333333,44.13077726,-73.35565797,0,1,0,0,1b,0,63.67678571,Calm,0,0,0,0
Main Lake South,9/4/2013,White Caps,73.4,44.13077726,-73.35565797,0,0,0,0,1b,0,68.32777778,Calm,0,0,0,0
Main Lake South,9/8/2013,White Caps,68.5,44.13077726,-73.35565797,0,0,0,0,1a,0,67.79444444,Calm,0,0,0,0
Main Lake South,9/10/2013,Calm,0,44.13077726,-73.35565797,0,0,0,0,1a,0,64.27777778,White Caps,0,0,0,0
Main Lake South,9/13/2013,Rolling,0,44.13077726,-73.35565797,0,0,0,0,1a,0,47.3,Calm,0,0,0,0
Main Lake South,9/17/2013,Rolling,0,44.13077726,-73.35565797,0,0,0,0,1a,0,22.83333333,Calm,0,0,0,0
Main Lake South,9/24/2013,Rolling,0,44.13077726,-73.35565797,0,0,0,0,1a,0,0,Rolling,0,0,0,0
Main Lake South,6/15/2014,Rolling,75.1,44.13077726,-73.35565797,0,0,0,0,1b,0,0,,,,,
Main Lake South,6/16/2014,Calm,64.26666667,44.13077726,-73.35565797,0,0,0,0,1b,0,75.1,Rolling,0,0,0,0
Main Lake South,6/17/2014,Calm,71.76666667,44.13077726,-73.35565797,0,0,0,0,1c,0,69.68333333,Calm,0,0,0,0
Main Lake South,6/18/2014,Calm,63,44.13077726,-73.35565797,0,0,0,0,1c,0,70.37777778,Calm,0,0,0,0
Main Lake South,6/20/2014,Rolling,61,44.13077726,-73.35565797,0,0,0,0,1a,0,68.53333333,Calm,0,0,0,0
Main Lake South,6/21/2014,Calm,,44.13077726,-73.35565797,0,0,0,0,1b,0,67.02666667,Calm,0,0,0,0
Main Lake South,6/22/2014,Rolling,77.5,44.13077726,-73.35565797,0,0,0,0,1a,0,67.02666667,Calm,0,0,0,0
Main Lake South,6/23/2014,Calm,68.75,44.13077726,-73.35565797,1,0,0,0,2,1,67.50666667,Calm,0,0,0,0
Main Lake South,6/24/2014,Calm,66,44.13077726,-73.35565797,0,0,0,0,1b,0,68.40333333,Calm,0,0,0,0
Main Lake South,6/25/2014,Calm,66.5,44.13077726,-73.35565797,0,0,0,0,1c,0,67.25,Calm,0,0,0,0
Main Lake South,6/26/2014,Calm,65,44.13077726,-73.35565797,0,0,0,0,2,1,67.95,Calm,0,0,0,0
Main Lake South,6/28/2014,Calm,,44.13077726,-73.35565797,0,0,0,0,2,1,67.45833333,Calm,0,0,0,0
Main Lake South,6/29/2014,Calm,81,44.13077726,-73.35565797,0,0,0,0,1b,0,68.75,Calm,0,0,0,0
Main Lake South,6/30/2014,Rolling,68.1,44.13077726,-73.35565797,0,0,0,0,1b,0,69.45,Calm,0,0,0,0
Main Lake South,7/1/2014,Calm,72.26666667,44.13077726,-73.35565797,0,0,0,0,1d,0,69.32,Calm,0,0,0,0
Main Lake South,7/2/2014,Calm,70.7,44.13077726,-73.35565797,0,0,0,0,1b,0,70.57333333,Calm,0,0,0,0
Main Lake South,7/5/2014,Calm,71,44.13077726,-73.35565797,0,0,0,0,1c,0,71.41333333,Calm,0,0,0,0
Main Lake South,7/6/2014,Rolling,74.4,44.13077726,-73.35565797,0,0,0,0,1b,0,72.61333333,Calm,0,0,0,0
Main Lake South,7/7/2014,Rolling,69.11428571,44.13077726,-73.35565797,0,0,0,0,1b,0,71.29333333,Calm,0,0,0,0
Main Lake South,7/8/2014,Rolling,70.35,44.13077726,-73.35565797,0,0,0,0,1c,0,71.49619048,Calm,0,0,0,0
Main Lake South,7/9/2014,Calm,71.225,44.13077726,-73.35565797,0,0,0,0,1b,0,71.11285714,Rolling,0,0,0,0
Main Lake South,7/11/2014,Calm,,44.13077726,-73.35565797,0,0,0,0,1a,0,71.21785714,Rolling,0,0,0,0
Main Lake South,7/12/2014,Calm,75,44.13077726,-73.35565797,0,0,0,0,1b,0,71.21785714,Calm,0,0,0,0
Main Lake South,7/13/2014,Rolling,77.9,44.13077726,-73.35565797,0,0,0,0,1b,0,72.01785714,Calm,0,0,0,0
Main Lake South,7/14/2014,Calm,72.78,44.13077726,-73.35565797,0,0,0,0,2,1,72.71785714,Calm,0,0,0,0
Main Lake South,7/15/2014,Calm,75.3,44.13077726,-73.35565797,0,0,0,0,1c,0,73.451,Calm,0,0,0,0
Main Lake South,7/16/2014,Calm,70,44.13077726,-73.35565797,0,0,0,0,1b,0,74.441,Calm,0,0,0,0
Main Lake South,7/17/2014,Calm,70,44.13077726,-73.35565797,0,0,0,0,1b,0,74.196,Calm,0,0,0,0
Main Lake South,7/19/2014,Calm,78,44.13077726,-73.35565797,0,0,0,0,1b,0,73.49666667,Calm,0,0,0,0
Main Lake South,7/21/2014,Calm,76.51666667,44.13077726,-73.35565797,0,0,0,0,1c,0,73.99666667,Calm,0,0,0,0
Main Lake South,7/22/2014,Calm,78.68,44.13077726,-73.35565797,0,0,0,0,1c,0,73.96333333,Calm,0,0,0,0
Main Lake South,7/23/2014,Calm,76.35,44.13077726,-73.35565797,0,0,0,0,1c,0,74.63933333,Calm,0,0,0,0
Main Lake South,7/26/2014,Calm,,44.13077726,-73.35565797,0,0,0,0,1a,0,75.90933333,Calm,0,0,0,0
Main Lake South,7/27/2014,Rolling,74.4,44.13077726,-73.35565797,0,0,0,0,1b,0,77.18222222,Calm,0,0,0,0
Main Lake South,7/28/2014,Rolling,71,44.13077726,-73.35565797,0,0,1,0,1c,0,76.48666667,Calm,0,0,0,0
Main Lake South,7/29/2014,Calm,73.06,44.13077726,-73.35565797,0,0,0,0,1b,0,75.1075,Calm,0,0,0,0
Main Lake South,7/30/2014,Calm,73,44.13077726,-73.35565797,0,0,0,0,1a,0,73.7025,Calm,0,0,0,0
Main Lake South,8/3/2014,Calm,75.75,44.13077726,-73.35565797,0,0,0,0,1a,0,72.865,Calm,0,0,0,0
Main Lake South,8/4/2014,Calm,76.54285714,44.13077726,-73.35565797,1,1,0,0,2,1,73.2025,Calm,0,0,0,0
Main Lake South,8/5/2014,Calm,75.06,44.13077726,-73.35565797,0,0,0,0,2,1,74.58821429,Calm,0,0,0,0
Main Lake South,8/6/2014,Rolling,73,44.13077726,-73.35565797,0,0,0,0,1a,0,75.08821429,Calm,0,0,0,0
Main Lake South,8/8/2014,Calm,77,44.13077726,-73.35565797,0,0,0,0,1b,0,75.08821429,Calm,0,0,0,0
Main Lake South,8/10/2014,Calm,76.3,44.13077726,-73.35565797,0,0,0,0,2,1,75.47057143,Calm,0,0,0,0
Main Lake South,8/11/2014,Calm,74.8375,44.13077726,-73.35565797,1,0,0,0,1d,0,75.58057143,Calm,0,0,0,0
Main Lake South,8/12/2014,Calm,76.38333333,44.13077726,-73.35565797,0,0,0,0,3,1,75.2395,Calm,0,0,0,0
Main Lake South,8/13/2014,Rolling,,44.13077726,-73.35565797,0,0,0,0,1a,0,75.50416667,Calm,0,0,0,0
Main Lake South,8/16/2014,Calm,,44.13077726,-73.35565797,0,0,0,0,1a,0,76.13020833,Calm,0,0,0,0
Main Lake South,8/17/2014,Calm,68.2,44.13077726,-73.35565797,0,0,0,0,1a,0,75.84027778,Calm,0,0,0,0
Main Lake South,8/18/2014,Rolling,69.12,44.13077726,-73.35565797,0,0,0,1,1c,0,73.14027778,Calm,0,0,0,0
Main Lake South,8/19/2014,Calm,69.95,44.13077726,-73.35565797,0,0,0,0,2,1,71.23444444,Calm,0,0,0,0
Main Lake South,8/20/2014,Calm,71,44.13077726,-73.35565797,0,0,0,0,1a,0,69.09,Calm,0,0,0,0
Main Lake South,8/21/2014,Calm,67,44.13077726,-73.35565797,0,0,0,0,1b,0,69.5675,Calm,0,0,0,0
Main Lake South,8/24/2014,Calm,74.7,44.13077726,-73.35565797,0,0,0,0,1b,0,69.054,Calm,0,0,0,0
Main Lake South,8/25/2014,Calm,74.225,44.13077726,-73.35565797,1,1,1,0,2,1,70.354,Calm,0,0,0,0
Main Lake South,8/26/2014,Calm,77.1125,44.13077726,-73.35565797,0,0,0,0,1d,0,71.375,Calm,0,0,0,0
Main Lake South,8/27/2014,Calm,,44.13077726,-73.35565797,0,0,0,0,1a,0,72.8075,Calm,0,0,0,0
Main Lake South,8/30/2014,Rolling,,44.13077726,-73.35565797,0,0,0,0,1a,0,73.259375,Calm,0,0,0,0
Main Lake South,8/31/2014,Calm,72.3,44.13077726,-73.35565797,0,0,0,0,1b,0,75.34583333,Calm,0,0,0,0
Main Lake South,9/1/2014,Calm,73.25,44.13077726,-73.35565797,0,0,0,0,2,1,74.54583333,Calm,0,0,0,0
Main Lake South,9/2/2014,Calm,75.2,44.13077726,-73.35565797,1,0,0,0,1d,0,74.22083333,Calm,0,0,0,0
Main Lake South,9/3/2014,Calm,,44.13077726,-73.35565797,0,0,0,0,1a,0,73.58333333,Calm,0,0,0,0
Main Lake South,9/5/2014,Calm,,44.13077726,-73.35565797,0,0,0,0,1a,0,73.58333333,Calm,0,0,0,0
Main Lake South,9/7/2014,Calm,74.2,44.13077726,-73.35565797,0,0,0,0,1b,0,73.58333333,Calm,0,0,0,0
Main Lake South,9/8/2014,Calm,73.5,44.13077726,-73.35565797,0,1,0,0,1b,0,74.21666667,Calm,0,0,0,0
Main Lake South,9/9/2014,Calm,72.73333333,44.13077726,-73.35565797,0,0,0,0,1b,0,74.3,Calm,0,0,0,0
Main Lake South,9/10/2014,Calm,71.9,44.13077726,-73.35565797,0,0,0,0,1a,0,73.47777778,Calm,0,0,0,0
Main Lake South,9/14/2014,Calm,60.8,44.13077726,-73.35565797,0,0,0,0,1b,0,73.08333333,Calm,0,0,0,0
Main Lake South,9/15/2014,Calm,62.5,44.13077726,-73.35565797,1,1,0,0,1a,0,69.73333333,Calm,0,0,0,0
Main Lake South,9/16/2014,Calm,63.8,44.13077726,-73.35565797,0,0,0,0,1a,0,66.98333333,Calm,0,0,0,0
Main Lake South,9/17/2014,Calm,62.5,44.13077726,-73.35565797,0,0,0,0,3,1,64.75,Calm,0,0,0,0
Main Lake South,9/18/2014,Calm,,44.13077726,-73.35565797,0,0,0,0,1b,0,62.4,Calm,0,0,0,0
Main Lake South,9/19/2014,Rolling,,44.13077726,-73.35565797,0,0,0,0,1a,0,62.4,Calm,0,0,0,0
Main Lake South,9/20/2014,Rolling,,44.13077726,-73.35565797,0,0,0,0,1a,0,62.4,Calm,0,0,0,0
Main Lake South,9/21/2014,Rolling,63.4,44.13077726,-73.35565797,0,0,0,0,1b,0,62.4,Calm,0,0,0,0
Main Lake South,9/22/2014,Rolling,62,44.13077726,-73.35565797,0,1,0,1,1b,0,63.05,Calm,0,0,0,0
Main Lake South,9/23/2014,Calm,61,44.13077726,-73.35565797,0,0,0,0,1b,0,62.925,Rolling,0,0,0,0
Main Lake South,9/24/2014,Calm,,44.13077726,-73.35565797,0,0,0,0,2,1,62.225,Rolling,0,0,0,0
Main Lake South,9/25/2014,Rolling,,44.13077726,-73.35565797,0,0,0,0,1a,0,62.13333333,Rolling,0,0,0,0
Main Lake South,9/26/2014,Calm,,44.13077726,-73.35565797,0,0,0,0,1d,0,62.13333333,Rolling,0,0,0,0
Main Lake South,9/27/2014,Calm,,44.13077726,-73.35565797,0,0,0,0,2,1,62.13333333,Rolling,0,0,0,0
Main Lake South,9/28/2014,Calm,,44.13077726,-73.35565797,0,0,0,0,1a,0,62.13333333,Calm,0,0,0,0
Main Lake South,9/29/2014,Calm,77.35,44.13077726,-73.35565797,0,0,0,0,1a,0,61.5,Calm,0,0,0,0
Main Lake South,9/30/2014,Calm,,44.13077726,-73.35565797,0,0,0,0,1d,0,69.175,Calm,0,0,0,0
Main Lake South,10/1/2014,Rolling,,44.13077726,-73.35565797,0,0,0,0,1a,0,77.35,Calm,0,0,0,0
Main Lake South,10/2/2014,,,44.13077726,-73.35565797,0,0,0,0,3,1,77.35,Calm,0,0,0,0
Main Lake South,6/14/2015,Calm,58,44.13077726,-73.35565797,0,0,0,0,1a,0,77.35,,,,,
Main Lake South,6/15/2015,Rolling,,44.13077726,-73.35565797,0,0,0,0,1a,0,58,Calm,0,0,0,0
Main Lake South,6/16/2015,Calm,65.03333333,44.13077726,-73.35565797,0,0,0,0,1b,0,58,Calm,0,0,0,0
Main Lake South,6/17/2015,Calm,64,44.13077726,-73.35565797,0,0,0,0,1a,0,61.51666667,Calm,0,0,0,0
Main Lake South,6/18/2015,Rolling,55,44.13077726,-73.35565797,0,0,0,0,1b,0,62.34444444,Calm,0,0,0,0
Main Lake South,6/19/2015,Calm,,44.13077726,-73.35565797,0,0,0,0,1c,0,60.50833333,Calm,0,0,0,0
Main Lake South,6/20/2015,Calm,61,44.13077726,-73.35565797,0,0,0,0,1b,0,60.50833333,Calm,0,0,0,0
Main Lake South,6/21/2015,Calm,77.2,44.13077726,-73.35565797,0,0,0,0,1b,0,60.60666667,Calm,0,0,0,0
Main Lake South,6/22/2015,Calm,70.3,44.13077726,-73.35565797,0,0,0,0,1b,0,64.44666667,Calm,0,0,0,0
Main Lake South,6/23/2015,Calm,66.46,44.13077726,-73.35565797,0,0,0,0,1b,0,65.42222222,Calm,0,0,0,0
Main Lake South,6/24/2015,Calm,63.6,44.13077726,-73.35565797,0,0,0,0,1c,0,65.66,Calm,0,0,0,0
Main Lake South,6/26/2015,Calm,,44.13077726,-73.35565797,0,0,0,0,1b,0,65.59333333,Calm,0,0,0,0
Main Lake South,6/28/2015,Calm,71.9,44.13077726,-73.35565797,0,0,0,0,1b,0,67.712,Calm,0,0,0,0
Main Lake South,6/29/2015,Calm,66.2,44.13077726,-73.35565797,0,0,0,0,1b,0,68.065,Calm,0,0,0,0
Main Lake South,6/30/2015,Calm,67.04,44.13077726,-73.35565797,0,0,0,1,1c,0,67.04,Calm,0,0,0,0
Main Lake South,7/1/2015,Rolling,,44.13077726,-73.35565797,0,0,0,0,1a,0,67.185,Calm,0,0,0,0
Main Lake South,7/3/2015,Calm,,44.13077726,-73.35565797,0,0,0,0,1b,0,68.38,Calm,0,0,0,0
Main Lake South,7/4/2015,Rolling,,44.13077726,-73.35565797,0,0,0,0,1b,0,68.38,Calm,0,0,0,0
Main Lake South,7/5/2015,Rolling,74.4,44.13077726,-73.35565797,0,0,0,0,1b,0,68.38,Calm,0,0,0,0
Main Lake South,7/6/2015,Calm,73.43333333,44.13077726,-73.35565797,0,0,0,0,1c,0,69.21333333,Calm,0,0,0,0
Main Lake South,7/7/2015,Calm,70.33333333,44.13077726,-73.35565797,0,0,0,0,1b,0,71.62444444,Calm,0,0,0,0
Main Lake South,7/8/2015,Rolling,69.66666667,44.13077726,-73.35565797,0,0,0,0,1b,0,72.72222222,Calm,0,0,0,0
Main Lake South,7/9/2015,Rolling,,44.13077726,-73.35565797,0,0,0,0,1a,0,71.95833333,Calm,0,0,0,0
Main Lake South,7/10/2015,Calm,,44.13077726,-73.35565797,0,0,0,0,1b,0,71.95833333,Rolling,0,0,0,0
Main Lake South,7/11/2015,Calm,74,44.13077726,-73.35565797,0,0,0,0,1b,0,71.95833333,Rolling,0,0,0,0
Main Lake South,7/12/2015,Calm,,44.13077726,-73.35565797,0,0,0,0,1a,0,72.36666667,Calm,0,0,0,0
Main Lake South,7/13/2015,Calm,80.56,44.13077726,-73.35565797,0,0,0,0,1b,0,71.85833333,Calm,0,0,0,0
Main Lake South,7/14/2015,Rolling,75.25714286,44.13077726,-73.35565797,0,0,0,0,1c,0,73.64,Calm,0,0,0,0
Main Lake South,7/15/2015,White Caps,62,44.13077726,-73.35565797,0,0,0,0,1b,0,74.87095238,Calm,0,0,0,0
Main Lake South,7/17/2015,Rolling,,44.13077726,-73.35565797,0,0,0,0,1b,0,72.95428571,Calm,0,0,0,0
Main Lake South,7/18/2015,Calm,,44.13077726,-73.35565797,0,0,0,0,1a,0,72.95428571,Calm,0,0,0,0
Main Lake South,7/19/2015,Calm,,44.13077726,-73.35565797,0,0,0,0,1a,0,72.60571429,Calm,0,0,0,0
Main Lake South,7/20/2015,Calm,77.35,44.13077726,-73.35565797,1,1,0,0,1b,0,72.60571429,Calm,0,0,0,0
Main Lake South,7/21/2015,Calm,73.26666667,44.13077726,-73.35565797,0,0,0,0,1b,0,71.53571429,Calm,0,0,0,0
Main Lake South,7/22/2015,Calm,69.35,44.13077726,-73.35565797,0,0,0,0,1a,0,70.87222222,Calm,0,0,0,0
Main Lake South,7/23/2015,Rolling,69,44.13077726,-73.35565797,0,0,0,0,2,1,73.32222222,Calm,0,0,0,0
Main Lake South,7/24/2015,Calm,70,44.13077726,-73.35565797,0,0,0,0,2,1,72.24166667,Calm,0,0,0,0
Main Lake South,7/25/2015,Calm,,44.13077726,-73.35565797,0,0,0,0,3,1,71.79333333,Calm,0,0,0,0
Main Lake South,7/26/2015,Calm,,44.13077726,-73.35565797,0,0,0,0,1a,0,71.79333333,Calm,0,0,0,0
Main Lake South,7/27/2015,Calm,77.88571429,44.13077726,-73.35565797,1,0,0,0,3,1,71.79333333,Calm,0,0,0,0
Main Lake South,7/28/2015,Calm,77.74615385,44.13077726,-73.35565797,1,1,1,0,3,1,71.90047619,Calm,0,0,0,0
Main Lake South,7/29/2015,Rolling,74,44.13077726,-73.35565797,0,0,0,0,2,1,72.79637363,Calm,0,0,0,0
Main Lake South,7/30/2015,Calm,,44.13077726,-73.35565797,0,0,0,0,1a,0,73.72637363,Calm,0,0,0,0
Main Lake South,7/31/2015,Calm,,44.13077726,-73.35565797,0,0,0,0,1b,0,74.90796703,Calm,0,0,0,0
Main Lake South,8/1/2015,Rolling,,44.13077726,-73.35565797,0,0,0,0,1b,0,76.54395604,Calm,0,0,0,0
Main Lake South,8/2/2015,Calm,,44.13077726,-73.35565797,0,0,0,0,1a,0,76.54395604,Calm,0,0,0,0
Main Lake South,8/3/2015,Calm,76,44.13077726,-73.35565797,0,0,0,0,1c,0,76.54395604,Calm,0,0,0,0
Main Lake South,8/4/2015,Calm,76.34,44.13077726,-73.35565797,1,1,0,0,1b,0,75.91538462,Calm,0,0,0,0
Main Lake South,8/5/2015,Calm,72,44.13077726,-73.35565797,0,0,0,0,1a,0,75.44666667,Calm,0,0,0,0
Main Lake South,8/6/2015,Rolling,,44.13077726,-73.35565797,0,0,0,0,1a,0,74.78,Calm,0,0,0,0
Main Lake South,8/7/2015,Calm,,44.13077726,-73.35565797,0,0,0,0,1b,0,74.78,Calm,0,0,0,0
Main Lake South,8/9/2015,Calm,71.5,44.13077726,-73.35565797,0,0,0,0,1b,0,74.78,Calm,0,0,0,0
Main Lake South,8/10/2015,Rolling,74.38571429,44.13077726,-73.35565797,0,0,0,1,1d,0,73.96,Calm,0,0,0,0
Main Lake South,8/11/2015,Calm,72.34,44.13077726,-73.35565797,0,0,0,0,1b,0,73.55642857,Calm,0,0,0,0
Main Lake South,8/12/2015,Calm,,44.13077726,-73.35565797,0,0,0,0,1a,0,72.55642857,Calm,0,0,0,0
Main Lake South,8/13/2015,Calm,,44.13077726,-73.35565797,0,0,0,0,1a,0,72.74190476,Calm,0,0,0,0
Main Lake South,8/14/2015,Calm,,44.13077726,-73.35565797,0,0,0,0,1b,0,72.74190476,Calm,0,0,0,0
Main Lake South,8/15/2015,Calm,75,44.13077726,-73.35565797,0,0,0,0,1a,0,72.74190476,Calm,0,0,0,0
Main Lake South,8/16/2015,Calm,,44.13077726,-73.35565797,0,0,0,0,1a,0,73.30642857,Calm,0,0,0,0
Main Lake South,8/17/2015,Calm,80.12,44.13077726,-73.35565797,0,0,0,0,1b,0,73.90857143,Calm,0,0,0,0
Main Lake South,8/18/2015,Calm,79.5125,44.13077726,-73.35565797,0,0,0,0,1d,0,75.82,Calm,0,0,0,0
Main Lake South,8/19/2015,Rolling,81.6,44.13077726,-73.35565797,0,0,0,0,1b,0,78.21083333,Calm,0,0,0,0
Main Lake South,8/21/2015,Calm,,44.13077726,-73.35565797,0,0,0,0,1b,0,79.058125,Calm,0,0,0,0
Main Lake South,8/23/2015,Calm,,44.13077726,-73.35565797,0,0,0,0,1a,0,79.058125,Calm,0,0,0,0
Main Lake South,8/24/2015,Rolling,76.5,44.13077726,-73.35565797,1,0,0,1,1c,0,80.41083333,Calm,0,0,0,0
Main Lake South,8/25/2015,Calm,74.3,44.13077726,-73.35565797,0,0,0,0,1b,0,79.20416667,Calm,0,0,0,0
Main Lake South,8/26/2015,Calm,72.66666667,44.13077726,-73.35565797,0,0,0,0,1a,0,77.46666667,Calm,0,0,0,0
Main Lake South,8/27/2015,Calm,71.2,44.13077726,-73.35565797,0,0,0,0,1c,0,74.48888889,Calm,0,0,0,0
Main Lake South,8/28/2015,Calm,,44.13077726,-73.35565797,0,0,0,0,1a,0,73.66666667,Calm,0,0,0,0
Main Lake South,8/30/2015,Calm,,44.13077726,-73.35565797,0,0,0,0,1a,0,73.66666667,Calm,0,0,0,0
Main Lake South,8/31/2015,Rolling,77.65,44.13077726,-73.35565797,1,0,0,0,1b,0,73.66666667,Calm,0,0,0,0
Main Lake South,9/1/2015,Calm,76.9125,44.13077726,-73.35565797,0,0,0,0,1a,0,73.95416667,Calm,0,0,0,0
Main Lake South,9/2/2015,Calm,81.73333333,44.13077726,-73.35565797,0,0,0,0,1c,0,74.60729167,Calm,0,0,0,0
Main Lake South,9/3/2015,Calm,71,44.13077726,-73.35565797,0,0,0,0,1a,0,76.87395833,Calm,0,0,0,0
Main Lake South,9/4/2015,Calm,,44.13077726,-73.35565797,0,0,0,0,1a,0,76.82395833,Calm,0,0,0,0
Main Lake South,9/7/2015,Rolling,78.95,44.13077726,-73.35565797,0,0,0,0,1b,0,76.82395833,Calm,0,0,0,0
Main Lake South,9/8/2015,Calm,79.325,44.13077726,-73.35565797,1,1,0,0,2,1,77.14895833,Calm,0,0,0,0
Main Lake South,9/9/2015,Rolling,79.5,44.13077726,-73.35565797,0,0,0,0,1a,0,77.75208333,Calm,0,0,0,0
Main Lake South,9/10/2015,Calm,,44.13077726,-73.35565797,0,0,0,0,1a,0,77.19375,Calm,0,0,0,0
Main Lake South,9/11/2015,Calm,,44.13077726,-73.35565797,0,0,0,0,1a,0,79.25833333,Calm,0,0,0,0
Main Lake South,9/13/2015,Calm,,44.13077726,-73.35565797,0,0,0,0,1b,0,79.25833333,Calm,0,0,0,0
Main Lake South,9/14/2015,Calm,72.33333333,44.13077726,-73.35565797,1,1,0,0,1b,0,79.25833333,Calm,0,0,0,0
Main Lake South,9/15/2015,Calm,78.225,44.13077726,-73.35565797,0,0,0,0,1a,0,77.05277778,Calm,0,0,0,0
Main Lake South,9/16/2015,Rolling,74.1,44.13077726,-73.35565797,0,0,0,0,1b,0,76.68611111,Calm,0,0,0,0
Main Lake South,9/20/2015,Calm,,44.13077726,-73.35565797,0,0,0,0,1a,0,74.88611111,Calm,0,0,0,0
Main Lake South,9/21/2015,Calm,71.13333333,44.13077726,-73.35565797,0,1,0,0,1b,0,74.88611111,Calm,0,0,0,0
Main Lake South,9/22/2015,Calm,68.6,44.13077726,-73.35565797,0,0,0,0,1a,0,74.48611111,Calm,0,0,0,0
Main Lake South,9/23/2015,Calm,69.85,44.13077726,-73.35565797,0,0,0,0,1d,0,71.27777778,Calm,0,0,0,0
Main Lake South,9/28/2015,Rolling,64.9,44.13077726,-73.35565797,0,0,0,0,1b,0,69.86111111,Calm,0,0,0,0
Main Lake South,9/29/2015,Calm,68.35,44.13077726,-73.35565797,0,0,0,0,1a,0,67.78333333,Calm,0,0,0,0
Main Lake South,6/18/2016,Calm,63,44.13077726,-73.35565797,0,0,0,0,1c,0,67.7,,,,,
Main Lake South,6/19/2016,Rolling,,44.13077726,-73.35565797,0,0,0,0,1a,0,63,Calm,0,0,0,0
Main Lake South,6/20/2016,Rolling,,44.13077726,-73.35565797,0,0,0,0,1b,0,63,Calm,0,0,0,0
Main Lake South,6/21/2016,Rolling,67.7,44.13077726,-73.35565797,0,0,0,0,1b,0,63,Rolling,0,0,0,0
Main Lake South,6/22/2016,Calm,74.6,44.13077726,-73.35565797,0,0,0,0,1a,0,65.35,Rolling,0,0,0,0
Main Lake South,6/23/2016,Calm,69,44.13077726,-73.35565797,0,0,0,0,1c,0,68.43333333,Rolling,0,0,0,0
Main Lake South,6/24/2016,Calm,69,44.13077726,-73.35565797,0,0,0,0,1b,0,68.575,Calm,0,0,0,0
Main Lake South,6/25/2016,Rolling,63,44.13077726,-73.35565797,0,0,0,0,1c,0,68.66,Calm,0,0,0,0
Main Lake South,6/26/2016,Rolling,,44.13077726,-73.35565797,0,0,0,0,1b,0,68.66,Rolling,0,0,0,0
Main Lake South,6/27/2016,Calm,69.45,44.13077726,-73.35565797,0,1,0,1,1b,0,68.66,Rolling,0,0,0,0
Main Lake South,6/28/2016,Calm,69.7,44.13077726,-73.35565797,0,0,0,0,1c,0,68.79166667,Calm,0,0,0,0
Main Lake South,6/29/2016,Calm,66,44.13077726,-73.35565797,0,0,0,0,1b,0,69.125,Calm,0,0,0,0
Main Lake South,6/30/2016,Calm,69,44.13077726,-73.35565797,0,0,0,0,1a,0,67.69166667,Calm,0,0,0,0
Main Lake South,7/3/2016,Rolling,,44.13077726,-73.35565797,0,0,0,0,1c,0,67.69166667,Calm,0,0,0,0
Main Lake South,7/4/2016,Rolling,,44.13077726,-73.35565797,0,0,0,0,1a,0,68.5375,Calm,0,0,0,0
Main Lake South,7/5/2016,Calm,61.525,44.13077726,-73.35565797,1,0,0,0,2,1,68.23333333,Calm,0,0,0,0
Main Lake South,7/6/2016,Calm,74.8375,44.13077726,-73.35565797,0,0,0,0,1d,0,65.50833333,Calm,0,0,0,0
Main Lake South,7/7/2016,Calm,75,44.13077726,-73.35565797,0,0,0,0,1a,0,68.45416667,Calm,0,0,0,0
Main Lake South,7/8/2016,Rolling,,44.13077726,-73.35565797,0,0,0,0,1a,0,70.45416667,Calm,0,0,0,0
Main Lake South,7/10/2016,Rolling,,44.13077726,-73.35565797,0,0,0,0,1b,0,70.45416667,Calm,0,0,0,0
Main Lake South,7/11/2016,Calm,75,44.13077726,-73.35565797,0,0,0,1,1b,0,70.45416667,Calm,0,0,0,0
Main Lake South,7/12/2016,Calm,75.91666667,44.13077726,-73.35565797,0,0,0,0,3,1,71.590625,Calm,0,0,0,0
Main Lake South,7/13/2016,Rolling,76.5,44.13077726,-73.35565797,0,0,0,0,2,1,75.18854167,Calm,0,0,0,0
Main Lake South,7/14/2016,Rolling,69.9,44.13077726,-73.35565797,0,0,0,0,1b,0,75.60416667,Calm,0,0,0,0
Main Lake South,7/18/2016,Rolling,72.7,44.13077726,-73.35565797,0,0,0,1,1c,0,74.32916667,Calm,0,0,0,0
Main Lake South,7/19/2016,Rolling,76.44,44.13077726,-73.35565797,0,0,0,0,1c,0,73.75416667,Rolling,0,0,0,0
Main Lake South,7/20/2016,Calm,73.125,44.13077726,-73.35565797,0,0,0,0,1d,0,73.885,Rolling,0,0,0,0
Main Lake South,7/21/2016,Rolling,72.66666667,44.13077726,-73.35565797,0,0,0,0,1b,0,73.04125,Rolling,0,0,0,0
Main Lake South,7/22/2016,Calm,,44.13077726,-73.35565797,0,0,0,0,1a,0,73.73291667,Rolling,0,0,0,0
Main Lake South,7/24/2016,Rolling,,44.13077726,-73.35565797,0,0,0,0,1b,0,73.73291667,Rolling,0,0,0,0
Main Lake South,7/25/2016,Calm,76.3,44.13077726,-73.35565797,0,0,0,1,1c,0,73.73291667,Rolling,0,0,0,0
Main Lake South,7/26/2016,Calm,78.08571429,44.13077726,-73.35565797,0,0,0,0,1c,0,74.63291667,Calm,0,0,0,0
Main Lake South,7/27/2016,Calm,70,44.13077726,-73.35565797,0,0,0,0,1d,0,75.04434524,Calm,0,0,0,0
Main Lake South,7/28/2016,Calm,76,44.13077726,-73.35565797,0,0,0,0,1b,0,74.26309524,Calm,0,0,0,0
Main Lake South,7/30/2016,Rolling,,44.13077726,-73.35565797,0,0,0,0,1a,0,75.09642857,Calm,0,0,0,0
Main Lake South,7/31/2016,Calm,,44.13077726,-73.35565797,0,0,0,0,1a,0,75.09642857,Calm,0,0,0,0
Main Lake South,8/1/2016,Calm,76.6,44.13077726,-73.35565797,1,0,0,0,1a,0,75.09642857,Calm,0,0,0,0
Main Lake South,8/2/2016,Calm,81.46666667,44.13077726,-73.35565797,0,0,0,0,1d,0,75.17142857,Calm,0,0,0,0
Main Lake South,8/3/2016,Calm,78.75,44.13077726,-73.35565797,0,0,0,0,1d,0,76.01666667,Calm,0,0,0,0
Main Lake South,8/5/2016,Calm,84.4,44.13077726,-73.35565797,0,0,0,0,2,1,78.20416667,Calm,0,0,0,0
Main Lake South,8/6/2016,Calm,,44.13077726,-73.35565797,0,0,0,0,1a,0,80.30416667,Calm,0,0,0,0
Main Lake South,8/8/2016,Rolling,82.1,44.13077726,-73.35565797,0,0,0,0,1a,0,80.30416667,Calm,0,0,0,0
Main Lake South,8/9/2016,Calm,80.68,44.13077726,-73.35565797,0,0,0,0,1d,0,81.67916667,Calm,0,0,0,0
Main Lake South,8/10/2016,Calm,75,44.13077726,-73.35565797,0,0,0,0,1b,0,81.4825,Calm,0,0,0,0
Main Lake South,8/11/2016,Calm,82.65,44.13077726,-73.35565797,0,0,0,0,1c,0,80.545,Calm,0,0,0,0
Main Lake South,8/12/2016,Rolling,72,44.13077726,-73.35565797,0,0,0,0,1a,0,80.966,Calm,0,0,0,0
Main Lake South,8/14/2016,Calm,,44.13077726,-73.35565797,0,0,0,0,1b,0,78.486,Calm,0,0,0,0
Main Lake South,8/15/2016,Rolling,81,44.13077726,-73.35565797,1,1,0,1,1d,0,78.486,Calm,0,0,0,0
Main Lake South,8/16/2016,Calm,75.925,44.13077726,-73.35565797,0,0,0,0,1c,0,78.266,Calm,0,0,0,0
Main Lake South,8/17/2016,Calm,74.875,44.13077726,-73.35565797,0,0,0,0,1c,0,77.315,Calm,0,0,0,0
Main Lake South,8/18/2016,Calm,80,44.13077726,-73.35565797,0,0,0,0,1c,0,77.29,Calm,0,0,0,0
Main Lake South,8/19/2016,Rolling,,44.13077726,-73.35565797,0,0,0,0,1a,0,76.76,Calm,0,0,0,0
Main Lake South,8/20/2016,Rolling,,44.13077726,-73.35565797,0,0,0,0,1a,0,77.95,Calm,0,0,0,0
Main Lake South,8/21/2016,Rolling,,44.13077726,-73.35565797,0,0,0,0,1b,0,77.95,Calm,0,0,0,0
Main Lake South,8/22/2016,Rolling,74.25,44.13077726,-73.35565797,0,0,0,0,1c,0,77.95,Rolling,0,0,0,0
Main Lake South,8/23/2016,Calm,72.3,44.13077726,-73.35565797,0,0,0,0,1a,0,76.2625,Rolling,0,0,0,0
Main Lake South,8/24/2016,Calm,78.33333333,44.13077726,-73.35565797,0,0,0,0,1c,0,75.35625,Rolling,0,0,0,0
Main Lake South,8/25/2016,Rolling,73.76666667,44.13077726,-73.35565797,0,0,0,0,1c,0,76.22083333,Rolling,0,0,0,0
Main Lake South,8/26/2016,Rolling,74,44.13077726,-73.35565797,0,0,0,0,1a,0,74.6625,Rolling,0,0,0,0
Main Lake South,8/27/2016,Rolling,71,44.13077726,-73.35565797,0,0,0,0,1a,0,74.53,Rolling,0,0,0,0
Main Lake South,8/28/2016,Rolling,,44.13077726,-73.35565797,0,0,0,0,1b,0,73.94166667,Rolling,0,0,0,0
Main Lake South,8/29/2016,White Caps,,44.13077726,-73.35565797,0,0,0,1,1d,0,73.94166667,Rolling,0,0,0,0
Main Lake South,8/30/2016,Calm,74.06,44.13077726,-73.35565797,0,0,0,0,1d,0,73.88,Rolling,0,0,0,0
Main Lake South,8/31/2016,Rolling,74.65,44.13077726,-73.35565797,0,0,0,0,1c,0,74.232,Rolling,0,0,0,0
Main Lake South,9/1/2016,Calm,71,44.13077726,-73.35565797,0,0,0,0,1b,0,73.49533333,Rolling,0,0,0,0
Main Lake South,9/4/2016,Calm,,44.13077726,-73.35565797,0,0,0,0,1b,0,72.942,Calm,0,0,0,0
Main Lake South,9/5/2016,Calm,,44.13077726,-73.35565797,0,0,0,0,1a,0,73.23666667,Calm,0,0,0,0
Main Lake South,9/6/2016,Calm,77.825,44.13077726,-73.35565797,0,1,0,1,1c,0,73.23666667,Calm,0,0,0,0
Main Lake South,9/7/2016,Calm,,44.13077726,-73.35565797,0,0,0,0,2,1,74.49166667,Calm,0,0,0,0
Main Lake South,9/8/2016,Rolling,73,44.13077726,-73.35565797,0,0,0,0,1b,0,74.4125,Calm,0,0,0,0
Main Lake South,9/10/2016,Calm,70,44.13077726,-73.35565797,0,0,0,0,1a,0,75.4125,Calm,0,0,0,0
Main Lake South,9/12/2016,Calm,75.6,44.13077726,-73.35565797,0,0,0,0,1a,0,73.60833333,Calm,0,0,0,0
Main Lake South,9/14/2016,Calm,71.6,44.13077726,-73.35565797,0,0,0,0,1a,0,74.10625,Calm,0,0,0,0
Main Lake South,9/17/2016,Rolling,71,44.13077726,-73.35565797,0,0,0,0,1a,0,72.55,Calm,0,0,0,0
Main Lake South,9/20/2016,Calm,,44.13077726,-73.35565797,0,0,0,0,1a,0,72.73333333,Calm,0,0,0,0
Main Lake South,9/21/2016,Calm,64,44.13077726,-73.35565797,0,0,0,0,1b,0,71.3,Calm,0,0,0,0
Main Lake South,9/22/2016,Calm,,44.13077726,-73.35565797,0,0,0,0,1c,0,67.5,Calm,0,0,0,0
Main Lake South,9/27/2016,Calm,68.8,44.13077726,-73.35565797,0,0,0,0,1a,0,67.5,Calm,0,0,0,0
Main Lake South,9/28/2016,Rolling,,44.13077726,-73.35565797,0,0,0,0,1b,0,66.4,Calm,0,0,0,0
Main Lake South,6/8/2017,Calm,,44.13077726,-73.35565797,0,1,0,0,1c,0,68.8,,,,,
Main Lake South,6/13/2017,Calm,,44.13077726,-73.35565797,0,0,0,0,1b,0,,Calm,0,1,0,0
Main Lake South,6/17/2017,Calm,60,44.13077726,-73.35565797,0,0,0,0,1a,0,,Calm,0,0,0,0
Main Lake South,6/20/2017,Calm,,44.13077726,-73.35565797,0,0,0,0,1a,0,60,Calm,0,0,0,0
Main Lake South,6/22/2017,Calm,62,44.13077726,-73.35565797,0,0,0,0,1a,0,60,Calm,0,0,0,0
Main Lake South,6/23/2017,Calm,65.25,44.13077726,-73.35565797,0,0,0,0,1a,0,61,Calm,0,0,0,0
Main Lake South,6/24/2017,Calm,63,44.13077726,-73.35565797,0,0,0,0,1c,0,62.41666667,Calm,0,0,0,0
Main Lake South,6/25/2017,Calm,60,44.13077726,-73.35565797,0,0,0,0,1a,0,63.41666667,Calm,0,0,0,0
Main Lake South,6/26/2017,Calm,66.3,44.13077726,-73.35565797,0,0,0,0,1c,0,62.5625,Calm,0,0,0,0
Main Lake South,6/27/2017,Rolling,68,44.13077726,-73.35565797,0,0,0,0,1a,0,63.31,Calm,0,0,0,0
Main Lake South,6/28/2017,White Caps,,44.13077726,-73.35565797,0,0,0,0,1a,0,64.09166667,Calm,0,0,0,0
Main Lake South,6/29/2017,Calm,67.23333333,44.13077726,-73.35565797,0,0,0,0,1a,0,64.09166667,Calm,0,0,0,0
Main Lake South,6/30/2017,Rolling,64.86666667,44.13077726,-73.35565797,0,0,0,0,1b,0,64.96388889,Calm,0,0,0,0
Main Lake South,7/1/2017,Calm,62.5,44.13077726,-73.35565797,0,0,0,0,1b,0,64.9,Calm,0,0,0,0
Main Lake South,7/3/2017,Rolling,68,44.13077726,-73.35565797,0,0,0,0,1b,0,64.81666667,Calm,0,0,0,0
Main Lake South,7/4/2017,Calm,72,44.13077726,-73.35565797,0,0,0,0,1b,0,66.12,Rolling,0,0,0,0
Main Lake South,7/5/2017,Calm,70.5,44.13077726,-73.35565797,0,0,0,0,1c,0,66.92,Calm,0,0,0,0
Main Lake South,7/6/2017,Rolling,68.675,44.13077726,-73.35565797,1,1,0,0,1b,0,67.51666667,Calm,0,0,0,0
Main Lake South,7/7/2017,Rolling,67.4,44.13077726,-73.35565797,0,0,0,0,1a,0,67.75694444,Calm,0,0,0,0
Main Lake South,7/8/2017,Rolling,,44.13077726,-73.35565797,0,0,0,0,1a,0,68.17916667,Calm,0,0,0,0
Main Lake South,7/9/2017,Calm,65,44.13077726,-73.35565797,0,0,0,0,1b,0,69.315,Rolling,0,0,0,0
Main Lake South,7/10/2017,Calm,67.5,44.13077726,-73.35565797,0,0,0,0,1a,0,68.59583333,Rolling,0,0,0,0
Main Lake South,7/11/2017,Rolling,,44.13077726,-73.35565797,0,0,0,0,1a,0,68.5125,Calm,0,0,0,0
Main Lake South,7/12/2017,Calm,69.5,44.13077726,-73.35565797,0,0,0,0,1a,0,67.815,Rolling,0,0,0,0
Main Lake South,7/13/2017,Rolling,69.1,44.13077726,-73.35565797,0,0,0,0,1b,0,67.615,Rolling,0,0,0,0
Main Lake South,7/14/2017,Rolling,67.4,44.13077726,-73.35565797,1,1,0,0,1b,0,67.7,Rolling,0,0,0,0
Main Lake South,7/15/2017,Calm,64,44.13077726,-73.35565797,0,0,0,0,1a,0,67.7,Rolling,0,0,0,0
Main Lake South,7/17/2017,Calm,76,44.13077726,-73.35565797,0,0,0,0,1a,0,67.08333333,Calm,0,0,0,0
Main Lake South,7/18/2017,Calm,70,44.13077726,-73.35565797,0,0,0,0,1a,0,69.2,Calm,0,0,0,0
Main Lake South,7/19/2017,Calm,75.48333333,44.13077726,-73.35565797,0,0,0,0,1c,0,69.33333333,Calm,0,0,0,0
Main Lake South,7/21/2017,Calm,72.7,44.13077726,-73.35565797,0,0,0,0,1d,0,70.33055556,Calm,0,0,0,0
Main Lake South,7/22/2017,Rolling,69,44.13077726,-73.35565797,0,0,0,0,1a,0,71.63666667,Calm,0,0,0,0
Main Lake South,7/24/2017,Calm,71,44.13077726,-73.35565797,0,0,0,0,1a,0,72.63666667,Calm,0,0,0,0
Main Lake South,7/25/2017,Calm,,44.13077726,-73.35565797,0,0,0,0,1d,0,71.63666667,Calm,0,0,0,0
Main Lake South,7/26/2017,Rolling,72.66666667,44.13077726,-73.35565797,1,1,1,0,1c,0,72.04583333,Calm,0,0,0,0
Main Lake South,7/27/2017,Calm,74.8,44.13077726,-73.35565797,0,0,0,0,1c,0,71.34166667,Calm,0,0,0,0
Main Lake South,7/28/2017,Calm,69.76666667,44.13077726,-73.35565797,0,0,0,0,1a,0,72.03333333,Calm,0,0,0,0
Main Lake South,7/29/2017,White Caps,68,44.13077726,-73.35565797,0,0,0,0,1b,0,71.44666667,Calm,0,0,0,0
Main Lake South,7/31/2017,Calm,73,44.13077726,-73.35565797,1,0,0,0,1d,0,71.24666667,Calm,0,0,0,0
Main Lake South,8/1/2017,Calm,77,44.13077726,-73.35565797,0,0,0,0,3,1,71.64666667,Calm,0,0,0,0
Main Lake South,8/2/2017,Calm,75.04,44.13077726,-73.35565797,1,1,1,0,3,1,72.53888889,Calm,0,0,0,0
Main Lake South,8/3/2017,Rolling,75.1,44.13077726,-73.35565797,0,0,0,0,2,1,72.93444444,Calm,0,0,0,0
Main Lake South,8/4/2017,Rolling,70,44.13077726,-73.35565797,1,1,1,0,1c,0,72.98444444,Calm,0,0,0,0
Main Lake South,8/5/2017,Rolling,70,44.13077726,-73.35565797,0,0,0,0,1d,0,73.02333333,Calm,0,0,0,0
Main Lake South,8/7/2017,Calm,73.4,44.13077726,-73.35565797,1,1,1,0,1d,0,73.35666667,Calm,0,0,0,0
Main Lake South,8/8/2017,Rolling,,44.13077726,-73.35565797,0,0,0,0,1a,0,73.42333333,Calm,0,0,0,0
Main Lake South,8/9/2017,Calm,74.71666667,44.13077726,-73.35565797,0,0,0,0,1b,0,72.708,Rolling,0,0,0,0
Main Lake South,8/10/2017,Rolling,71.45,44.13077726,-73.35565797,0,0,0,0,1b,0,72.64333333,Rolling,0,0,0,0
Main Lake South,8/11/2017,Calm,70,44.13077726,-73.35565797,0,0,0,0,1c,0,71.91333333,Rolling,0,0,0,0
Main Lake South,8/12/2017,Rolling,68,44.13077726,-73.35565797,0,0,0,0,1a,0,71.91333333,Calm,0,0,0,0
Main Lake South,8/14/2017,Calm,70.4,44.13077726,-73.35565797,0,1,0,0,1d,0,71.51333333,Calm,0,0,0,0
Main Lake South,8/15/2017,Rolling,68,44.13077726,-73.35565797,0,0,0,0,1a,0,70.91333333,Calm,0,0,0,0
Main Lake South,8/16/2017,White Caps,75.5,44.13077726,-73.35565797,1,1,0,0,1d,0,70.42777778,Calm,0,0,0,0
Main Lake South,8/17/2017,Calm,73.5,44.13077726,-73.35565797,0,0,0,0,1a,0,70.55833333,Rolling,0,0,0,0
Main Lake South,8/18/2017,Calm,70.2,44.13077726,-73.35565797,0,0,0,0,1c,0,70.9,Calm,0,0,0,0
Main Lake South,8/19/2017,Rolling,70,44.13077726,-73.35565797,0,0,0,0,1a,0,70.93333333,Calm,0,0,0,0
Main Lake South,8/21/2017,Calm,74.3,44.13077726,-73.35565797,0,0,1,0,1a,0,71.26666667,Calm,0,0,0,0
Main Lake South,8/22/2017,Calm,72,44.13077726,-73.35565797,1,1,1,0,1b,0,71.91666667,Calm,0,0,0,0
Main Lake South,8/23/2017,Calm,74.75,44.13077726,-73.35565797,0,0,0,0,1a,0,72.58333333,Calm,0,0,0,0
Main Lake South,8/24/2017,Calm,72.95,44.13077726,-73.35565797,0,0,0,0,1b,0,72.45833333,Calm,0,0,0,0
Main Lake South,8/25/2017,Calm,70.05,44.13077726,-73.35565797,0,0,0,0,1a,0,72.36666667,Calm,0,0,0,0
Main Lake South,8/26/2017,Rolling,70,44.13077726,-73.35565797,0,0,0,0,1a,0,72.34166667,Calm,0,0,0,0
Main Lake South,8/28/2017,Calm,71.4,44.13077726,-73.35565797,1,0,0,1,3,1,72.34166667,Calm,0,0,0,0
Main Lake South,8/29/2017,Calm,,44.13077726,-73.35565797,0,0,0,0,1a,0,71.85833333,Calm,0,0,0,0
Main Lake South,8/30/2017,Calm,73.48333333,44.13077726,-73.35565797,0,0,0,0,1b,0,71.83,Calm,0,0,0,0
Main Lake South,8/31/2017,Calm,,44.13077726,-73.35565797,0,0,0,0,1b,0,71.57666667,Calm,0,0,0,0
Main Lake South,9/1/2017,Rolling,69.3,44.13077726,-73.35565797,0,0,0,0,1c,0,71.23333333,Calm,0,0,0,0
Main Lake South,9/5/2017,Calm,67,44.13077726,-73.35565797,1,0,0,0,1c,0,71.04583333,Calm,0,0,0,0
Main Lake South,9/6/2017,Calm,65,44.13077726,-73.35565797,0,0,0,0,1b,0,69.92777778,Calm,0,0,0,0
Main Lake South,9/7/2017,Calm,70.625,44.13077726,-73.35565797,1,1,1,0,1d,0,67.1,Calm,0,0,0,0
Main Lake South,9/8/2017,Rolling,64.7,44.13077726,-73.35565797,0,0,0,0,1b,0,67.98125,Calm,0,0,0,0
Main Lake South,9/11/2017,Calm,72.7,44.13077726,-73.35565797,1,1,0,0,1b,0,66.83125,Calm,0,0,0,0
Main Lake South,9/13/2017,Rolling,68.5,44.13077726,-73.35565797,0,0,0,0,1c,0,68.005,Calm,0,0,0,0
Main Lake South,9/15/2017,Calm,67,44.13077726,-73.35565797,0,0,0,0,1a,0,69.13125,Rolling,0,0,0,0
Main Lake South,9/16/2017,Calm,66,44.13077726,-73.35565797,0,0,0,0,1a,0,69.4,Calm,0,0,0,0
Main Lake South,9/18/2017,Calm,,44.13077726,-73.35565797,0,0,0,0,1c,0,68.55,Calm,0,0,0,0
Main Lake South,9/19/2017,Calm,69,44.13077726,-73.35565797,0,0,0,0,1a,0,67.16666667,Calm,0,0,0,0
Main Lake South,9/20/2017,White Caps,74.55,44.13077726,-73.35565797,1,1,0,0,1d,0,67.625,Calm,0,0,0,0
Main Lake South,9/22/2017,Calm,69.13333333,44.13077726,-73.35565797,0,0,0,0,1d,0,69.1375,Calm,0,0,0,0
Main Lake South,9/23/2017,Calm,,44.13077726,-73.35565797,0,0,0,0,3,1,69.67083333,Calm,0,0,0,0
Main Lake South,9/24/2017,Calm,,44.13077726,-73.35565797,0,0,0,0,3,1,70.89444444,Calm,0,0,0,0
Main Lake South,9/25/2017,Calm,81,44.13077726,-73.35565797,1,1,1,1,3,1,70.89444444,Calm,0,0,0,0
Main Lake South,9/26/2017,Calm,73.33333333,44.13077726,-73.35565797,0,0,0,0,3,1,73.42083333,Calm,0,0,0,0
Main Lake South,9/27/2017,Calm,80.95,44.13077726,-73.35565797,0,0,0,0,2,1,74.50416667,Calm,0,0,0,0
Main Lake South,9/28/2017,Calm,,44.13077726,-73.35565797,0,0,0,0,2,1,76.10416667,Calm,0,0,0,0
Main Lake South,9/29/2017,Calm,68.5,44.13077726,-73.35565797,0,0,0,0,1d,0,76.10416667,Calm,0,0,0,0
Main Lake South,10/2/2017,Rolling,,44.13077726,-73.35565797,1,1,1,0,2,1,75.94583333,Calm,0,0,0,0
Main Lake South,10/19/2017,Calm,65,44.13077726,-73.35565797,0,0,0,0,3,1,74.26111111,,,,,
Main Lake South,6/8/2018,Rolling,,44.13077726,-73.35565797,0,0,0,0,1c,0,65,,,,,
Main Lake South,6/12/2018,Generally Safe,,44.13077726,-73.35565797,0,0,0,0,1b,0,,Rolling,0,0,0,0
Main Lake South,6/13/2018,Calm,56,44.13077726,-73.35565797,0,0,0,0,1a,0,,Generally Safe,0,0,0,0
Main Lake South,6/14/2018,Calm,60.55,44.13077726,-73.35565797,0,0,0,0,1a,0,56,Calm,0,0,0,0
Main Lake South,6/15/2018,Rolling,57,44.13077726,-73.35565797,0,0,0,0,1a,0,58.275,Calm,0,0,0,0
Main Lake South,6/19/2018,White Caps,63.8,44.13077726,-73.35565797,0,0,0,0,1b,0,57.85,Calm,0,0,0,0
Main Lake South,6/20/2018,Calm,64.93333333,44.13077726,-73.35565797,0,0,0,0,1c,0,59.3375,Calm,0,0,0,0
Main Lake South,6/21/2018,White Caps,63.7,44.13077726,-73.35565797,0,0,0,0,1b,0,61.57083333,Calm,0,0,0,0
Main Lake South,6/22/2018,Calm,64,44.13077726,-73.35565797,0,0,0,0,1a,0,62.35833333,White Caps,0,0,0,0
Main Lake South,6/24/2018,Calm,65,44.13077726,-73.35565797,0,0,0,0,1a,0,64.10833333,Calm,0,0,0,0
Main Lake South,6/25/2018,White Caps,67.6,44.13077726,-73.35565797,0,0,0,0,1c,0,64.28666667,Calm,0,0,0,0
Main Lake South,6/26/2018,Calm,71.7,44.13077726,-73.35565797,0,0,0,0,1b,0,64.83888889,Calm,0,0,0,0
Main Lake South,6/27/2018,White Caps,65.5,44.13077726,-73.35565797,1,0,0,0,1b,0,66.15555556,Calm,0,0,0,0
Main Lake South,6/28/2018,Calm,68.5,44.13077726,-73.35565797,0,0,0,0,1a,0,66.25,Calm,0,0,0,0
Main Lake South,6/29/2018,Rolling,71,44.13077726,-73.35565797,0,0,0,0,1a,0,67.05,Calm,0,0,0,0
Main Lake South,6/30/2018,Calm,63,44.13077726,-73.35565797,0,0,0,0,1a,0,68.21666667,Calm,0,0,0,0
Main Lake South,7/2/2018,Rolling,76.2,44.13077726,-73.35565797,0,0,0,0,1a,0,67.47142857,Calm,0,0,0,0
Main Lake South,7/3/2018,Calm,71.3,44.13077726,-73.35565797,0,0,0,0,1c,0,69.31666667,Calm,0,0,0,0
Main Lake South,7/5/2018,Calm,79.28333333,44.13077726,-73.35565797,0,0,0,0,1b,0,69.25,Calm,0,0,0,0
Main Lake South,7/6/2018,Calm,79,44.13077726,-73.35565797,0,1,0,0,1b,0,72.15666667,Calm,0,0,0,0
Main Lake South,7/7/2018,Calm,65,44.13077726,-73.35565797,0,0,0,0,1a,0,73.75666667,Calm,0,0,0,0
Main Lake South,7/9/2018,Rolling,71,44.13077726,-73.35565797,0,0,0,0,1a,0,74.15666667,Calm,0,0,0,0
Main Lake South,7/10/2018,Calm,71.4,44.13077726,-73.35565797,0,0,0,0,1d,0,73.11666667,Calm,0,0,0,0
Main Lake South,7/11/2018,White Caps,74.66666667,44.13077726,-73.35565797,0,0,0,0,1a,0,73.13666667,Calm,0,0,0,0
Main Lake South,7/12/2018,Calm,81.15,44.13077726,-73.35565797,0,0,0,0,1a,0,73.39166667,Calm,0,0,0,0
Main Lake South,7/13/2018,Calm,72.36666667,44.13077726,-73.35565797,0,0,0,0,1a,0,73.70277778,Calm,0,0,0,0
Main Lake South,7/15/2018,Calm,,44.13077726,-73.35565797,0,0,0,0,3,1,72.59722222,Calm,0,0,0,0
Main Lake South,7/16/2018,Calm,75.5,44.13077726,-73.35565797,1,0,0,0,3,1,74.11666667,Calm,0,0,0,0
Main Lake South,7/17/2018,Calm,76.8,44.13077726,-73.35565797,0,0,0,0,1c,0,75.01666667,Calm,0,0,0,0
Main Lake South,7/18/2018,Calm,76,44.13077726,-73.35565797,1,1,0,0,1d,0,76.09666667,Calm,0,0,0,0
Main Lake South,7/19/2018,Calm,71.25,44.13077726,-73.35565797,0,0,0,0,3,1,76.36333333,Calm,0,0,0,0
Main Lake South,7/20/2018,Rolling,74.18,44.13077726,-73.35565797,1,0,0,0,1d,0,74.38333333,Calm,0,0,0,0
Main Lake South,7/21/2018,Calm,70,44.13077726,-73.35565797,0,0,0,0,3,1,74.746,Calm,0,0,0,0
Main Lake South,7/22/2018,Calm,,44.13077726,-73.35565797,0,0,0,0,3,1,73.955,Calm,0,0,0,0
Main Lake South,7/23/2018,Calm,75.3,44.13077726,-73.35565797,0,0,0,0,1a,0,73.955,Calm,0,0,0,0
Main Lake South,7/24/2018,Rolling,75.25,44.13077726,-73.35565797,0,0,0,0,1b,0,73.92166667,Calm,0,0,0,0
Main Lake South,7/25/2018,Calm,83,44.13077726,-73.35565797,0,0,0,0,1b,0,73.66333333,Calm,0,0,0,0
Main Lake South,7/26/2018,Calm,74.15,44.13077726,-73.35565797,0,0,0,0,1c,0,74.83,Calm,0,0,0,0
Main Lake South,7/27/2018,Rolling,72.26666667,44.13077726,-73.35565797,1,1,0,0,1d,0,75.31333333,Calm,0,0,0,0
Main Lake South,7/28/2018,Calm,70,44.13077726,-73.35565797,0,0,0,0,1a,0,74.99444444,Calm,0,0,0,0
Main Lake South,7/30/2018,Calm,78.26666667,44.13077726,-73.35565797,1,1,1,0,1b,0,74.99444444,Calm,0,0,0,0
Main Lake South,7/31/2018,Calm,77.75,44.13077726,-73.35565797,0,0,0,0,1c,0,75.48888889,Calm,0,0,0,0
Main Lake South,8/1/2018,Calm,74.4,44.13077726,-73.35565797,0,0,0,0,1b,0,75.90555556,Calm,0,0,0,0
Main Lake South,8/2/2018,Rolling,76.4,44.13077726,-73.35565797,0,0,0,0,1a,0,74.47222222,Calm,0,0,0,0
Main Lake South,8/3/2018,Rolling,,44.13077726,-73.35565797,0,0,0,0,1a,0,74.84722222,Calm,0,0,0,0
Main Lake South,8/4/2018,Calm,70,44.13077726,-73.35565797,0,0,0,0,1a,0,75.36333333,Calm,0,0,0,0
Main Lake South,8/6/2018,Calm,74.5,44.13077726,-73.35565797,1,1,0,0,1a,0,75.36333333,Calm,0,0,0,0
Main Lake South,8/7/2018,Rolling,74,44.13077726,-73.35565797,0,0,0,0,1a,0,74.61,Calm,0,0,0,0
Main Lake South,8/8/2018,Calm,77.14,44.13077726,-73.35565797,0,0,0,0,3,1,73.86,Calm,0,0,0,0
Main Lake South,8/9/2018,Calm,81.5,44.13077726,-73.35565797,0,0,0,0,1b,0,74.408,Calm,0,0,0,0
Main Lake South,8/10/2018,Calm,77.05,44.13077726,-73.35565797,0,0,0,0,1b,0,75.428,Calm,0,0,0,0
Main Lake South,8/11/2018,Rolling,70,44.13077726,-73.35565797,0,0,0,0,1a,0,75.69833333,Calm,0,0,0,0
Main Lake South,8/13/2018,Calm,75.8,44.13077726,-73.35565797,0,1,0,0,2,1,75.69833333,Calm,0,0,0,0
Main Lake South,8/14/2018,Calm,78.1,44.13077726,-73.35565797,1,1,1,0,2,1,75.915,Calm,0,0,0,0
Main Lake South,8/15/2018,Calm,84.16,44.13077726,-73.35565797,0,0,0,0,1a,0,76.59833333,Calm,0,0,0,0
Main Lake South,8/16/2018,Rolling,74.33333333,44.13077726,-73.35565797,0,0,0,0,1a,0,77.76833333,Calm,0,0,0,0
Main Lake South,8/17/2018,Calm,77,44.13077726,-73.35565797,0,0,0,0,1a,0,76.57388889,Calm,0,0,0,0
Main Lake South,8/18/2018,Calm,72,44.13077726,-73.35565797,0,0,0,0,1a,0,76.56555556,Calm,0,0,0,0
Main Lake South,8/20/2018,Rolling,77.8,44.13077726,-73.35565797,1,1,0,0,1d,0,76.89888889,Calm,0,0,0,0
Main Lake South,8/21/2018,Calm,75.3,44.13077726,-73.35565797,0,0,0,0,1c,0,77.23222222,Calm,0,0,0,0
Main Lake South,8/22/2018,Calm,76.7,44.13077726,-73.35565797,0,0,0,0,1a,0,76.76555556,Calm,0,0,0,0
Main Lake South,8/23/2018,Calm,,44.13077726,-73.35565797,0,0,0,0,1a,0,75.52222222,Calm,0,0,0,0
Main Lake South,8/24/2018,Rolling,72.5,44.13077726,-73.35565797,0,0,0,0,1a,0,75.76,Calm,0,0,0,0
Main Lake South,8/25/2018,Calm,72,44.13077726,-73.35565797,0,0,0,0,1a,0,74.86,Calm,0,0,0,0
Main Lake South,8/27/2018,Calm,74.65,44.13077726,-73.35565797,1,1,0,0,3,1,74.86,Calm,0,0,0,0
Main Lake South,8/28/2018,Rolling,74,44.13077726,-73.35565797,0,0,0,0,1d,0,74.23,Calm,0,0,0,0
Main Lake South,8/29/2018,Calm,77.82,44.13077726,-73.35565797,0,0,0,0,2,1,73.97,Calm,0,0,0,0
Main Lake South,8/30/2018,White Caps,78.86666667,44.13077726,-73.35565797,0,0,0,0,1a,0,74.194,Calm,0,0,0,0
Main Lake South,9/2/2018,Rolling,69,44.13077726,-73.35565797,0,0,0,0,1a,0,74.97277778,Calm,0,0,0,0
Main Lake South,9/4/2018,Rolling,75.6,44.13077726,-73.35565797,0,0,0,0,1c,0,74.86733333,Rolling,0,0,0,0
Main Lake South,9/5/2018,Calm,76.25,44.13077726,-73.35565797,0,0,0,0,1b,0,75.32166667,Rolling,0,0,0,0
Main Lake South,9/6/2018,White Caps,72.5,44.13077726,-73.35565797,0,0,0,0,1a,0,74.92916667,Rolling,0,0,0,0
Main Lake South,9/8/2018,White Caps,68,44.13077726,-73.35565797,0,0,0,0,1a,0,73.3375,Rolling,0,0,0,0
Main Lake South,9/10/2018,Rolling,66.9,44.13077726,-73.35565797,1,1,0,0,1d,0,72.27,White Caps,0,0,0,0
Main Lake South,9/11/2018,Rolling,68.9,44.13077726,-73.35565797,0,0,0,0,1a,0,71.85,Rolling,0,0,0,0
Main Lake South,9/12/2018,Calm,75.1,44.13077726,-73.35565797,0,0,0,0,2,1,70.51,Rolling,0,0,0,0
Main Lake South,9/13/2018,Calm,77.95,44.13077726,-73.35565797,0,0,0,0,2,1,70.28,Rolling,0,0,0,0
Main Lake South,9/14/2018,Calm,69.5,44.13077726,-73.35565797,0,0,0,0,2,1,71.37,Calm,0,0,0,0
Main Lake South,9/15/2018,Rolling,,44.13077726,-73.35565797,0,0,0,0,1a,0,71.05833333,Calm,0,0,0,0
Main Lake South,9/17/2018,Calm,74,44.13077726,-73.35565797,1,1,0,1,1c,0,71.67,Calm,0,0,0,0
Main Lake South,9/19/2018,Rolling,70,44.13077726,-73.35565797,0,0,0,0,1a,0,73.09,Calm,0,0,0,0
Main Lake South,9/24/2018,Rolling,65.7,44.13077726,-73.35565797,0,0,0,0,1c,0,72.8625,Calm,0,0,0,0
Main Lake South,9/25/2018,White Caps,62.4,44.13077726,-73.35565797,0,0,0,0,1a,0,67.85,Rolling,0,0,0,0
Main Lake South,9/27/2018,Calm,63.5,44.13077726,-73.35565797,0,0,0,0,1d,0,66.03333333,Rolling,0,0,0,0
Main Lake South,10/2/2018,Rolling,60.8,44.13077726,-73.35565797,0,0,0,0,1a,0,63.86666667,Calm,0,0,0,0
Main Lake South,10/4/2018,Calm,59.4,44.13077726,-73.35565797,0,0,0,0,1a,0,62.15,Calm,0,0,0,0
Main Lake South,6/12/2019,Rolling,,44.13077726,-73.35565797,0,0,0,0,1d,0,60.1,,,,,
Main Lake South,6/16/2019,Calm,55,44.13077726,-73.35565797,0,0,0,0,1a,0,,Rolling,0,0,0,0
Main Lake South,6/17/2019,Calm,,44.13077726,-73.35565797,0,0,0,0,1a,0,55,Calm,0,0,0,0
Main Lake South,6/18/2019,Calm,,44.13077726,-73.35565797,1,0,0,0,1b,0,55,Calm,0,0,0,0
Main Lake South,6/19/2019,Calm,62.7,44.13077726,-73.35565797,0,0,0,0,1c,0,55,Calm,0,0,0,0
Main Lake South,6/20/2019,Calm,67.2,44.13077726,-73.35565797,0,0,0,0,1a,0,58.85,Calm,0,0,0,0
Main Lake South,6/21/2019,Calm,53,44.13077726,-73.35565797,0,0,0,0,1b,0,61.63333333,Calm,0,0,0,0
Main Lake South,6/23/2019,Calm,60,44.13077726,-73.35565797,0,0,0,0,1a,0,59.475,Calm,0,0,0,0
Main Lake South,6/24/2019,Calm,73,44.13077726,-73.35565797,0,0,0,0,1c,0,60.725,Calm,0,0,0,0
Main Lake South,6/25/2019,Calm,,44.13077726,-73.35565797,0,0,0,0,1a,0,63.18,Calm,0,0,0,0
Main Lake South,6/26/2019,Calm,70.4,44.13077726,-73.35565797,0,0,0,0,1c,0,63.18,Calm,0,0,0,0
Main Lake South,6/27/2019,Calm,70.8,44.13077726,-73.35565797,0,0,0,0,1a,0,64.72,Calm,0,0,0,0
Main Lake South,6/28/2019,Calm,64,44.13077726,-73.35565797,0,0,0,0,1a,0,65.44,Calm,0,0,0,0
Main Lake South,6/29/2019,Calm,65,44.13077726,-73.35565797,0,0,0,0,1a,0,67.64,Calm,0,0,0,0
Main Lake South,6/30/2019,Calm,,44.13077726,-73.35565797,0,0,0,0,1a,0,67.2,Calm,0,0,0,0
Main Lake South,7/1/2019,Calm,72.6,44.13077726,-73.35565797,1,0,0,0,1a,0,68.64,Calm,0,0,0,0
Main Lake South,7/2/2019,Calm,75.06666667,44.13077726,-73.35565797,0,0,0,0,1d,0,68.56,Calm,0,0,0,0
Main Lake South,7/3/2019,Calm,73.475,44.13077726,-73.35565797,1,1,1,0,1d,0,69.64444444,Calm,0,0,0,0
Main Lake South,7/4/2019,Calm,80.25,44.13077726,-73.35565797,0,0,0,0,1d,0,70.15694444,Calm,0,0,0,0
Main Lake South,7/5/2019,Rolling,78,44.13077726,-73.35565797,0,0,0,0,1b,0,71.73194444,Calm,0,0,0,0
Main Lake South,7/7/2019,Calm,,44.13077726,-73.35565797,0,0,0,0,1a,0,74.06527778,Calm,0,0,0,0
Main Lake South,7/8/2019,Calm,78,44.13077726,-73.35565797,1,0,0,0,3,1,75.87833333,Calm,0,0,0,0
Main Lake South,7/9/2019,Calm,76.46666667,44.13077726,-73.35565797,1,0,1,0,3,1,76.95833333,Calm,0,0,0,0
Main Lake South,7/10/2019,Calm,76.7,44.13077726,-73.35565797,0,0,0,0,3,1,77.23833333,Calm,0,0,0,0
Main Lake South,7/11/2019,Calm,79,44.13077726,-73.35565797,0,0,0,0,1a,0,77.88333333,Calm,0,0,0,0
Main Lake South,7/12/2019,Calm,74,44.13077726,-73.35565797,0,0,0,0,1a,0,77.63333333,Calm,0,0,0,0
Main Lake South,7/13/2019,Rolling,77.6,44.13077726,-73.35565797,0,0,0,0,1c,0,76.83333333,Calm,0,0,0,0
Main Lake South,7/14/2019,Calm,76.8,44.13077726,-73.35565797,1,0,0,0,2,1,76.96111111,Calm,0,0,0,0
Main Lake South,7/15/2019,Calm,76.1,44.13077726,-73.35565797,0,0,0,0,1d,0,76.93809524,Calm,0,0,0,0
Main Lake South,7/16/2019,Calm,72,44.13077726,-73.35565797,0,0,0,0,1c,0,76.66666667,Calm,0,0,0,0
Main Lake South,7/17/2019,Calm,75.775,44.13077726,-73.35565797,0,0,0,0,1d,0,76.02857143,Calm,0,0,0,0
Main Lake South,7/18/2019,Rolling,74.96666667,44.13077726,-73.35565797,0,0,0,0,3,1,75.89642857,Calm,0,0,0,0
Main Lake South,7/19/2019,Rolling,75,44.13077726,-73.35565797,0,0,0,0,1b,0,75.3202381,Calm,0,0,0,0
Main Lake South,7/20/2019,Calm,78,44.13077726,-73.35565797,0,0,0,0,3,1,75.46309524,Calm,0,0,0,0
Main Lake South,7/21/2019,Calm,75,44.13077726,-73.35565797,0,0,0,0,1b,0,75.5202381,Calm,0,0,0,0
Main Lake South,7/22/2019,Calm,73,44.13077726,-73.35565797,0,0,0,0,2,1,75.26309524,Calm,0,0,0,0
Main Lake South,7/23/2019,Calm,77.5,44.13077726,-73.35565797,0,0,0,0,1c,0,74.8202381,Calm,0,0,0,0
Main Lake South,7/24/2019,Rolling,76.28,44.13077726,-73.35565797,1,1,0,0,2,1,75.60595238,Calm,0,0,0,0
Main Lake South,7/25/2019,Rolling,77.3,44.13077726,-73.35565797,0,0,0,0,2,1,75.67809524,Calm,0,0,0,0
Main Lake South,7/26/2019,Calm,76,44.13077726,-73.35565797,1,1,1,0,1d,0,76.01142857,Calm,0,0,0,0
Main Lake South,7/28/2019,Rolling,75,44.13077726,-73.35565797,0,0,0,0,1a,0,76.15428571,Calm,0,0,0,0
Main Lake South,7/29/2019,Calm,75,44.13077726,-73.35565797,1,1,0,0,1c,0,75.84666667,Calm,0,0,0,0
Main Lake South,7/30/2019,Rolling,,44.13077726,-73.35565797,0,0,0,0,1c,0,76.18,Calm,0,0,0,0
Main Lake South,7/31/2019,Calm,76.83333333,44.13077726,-73.35565797,0,0,0,0,1a,0,75.916,Rolling,0,0,0,0
Main Lake South,8/1/2019,Rolling,77.3,44.13077726,-73.35565797,0,0,0,0,1b,0,76.02666667,Calm,0,0,0,0
Main Lake South,8/2/2019,Calm,74,44.13077726,-73.35565797,0,0,0,0,1a,0,76.02666667,Calm,0,0,0,0
Main Lake South,8/4/2019,Calm,75,44.13077726,-73.35565797,0,0,0,0,1a,0,75.62666667,Calm,0,0,0,0
Main Lake South,8/5/2019,Calm,78.6,44.13077726,-73.35565797,1,0,0,0,1a,0,75.62666667,Calm,0,0,0,0
Main Lake South,8/6/2019,Rolling,,44.13077726,-73.35565797,1,1,0,0,1d,0,76.34666667,Calm,0,0,0,0
Main Lake South,8/7/2019,Calm,73.76666667,44.13077726,-73.35565797,0,0,0,0,1c,0,76.34666667,Calm,0,0,0,0
Main Lake South,8/8/2019,Rolling,78,44.13077726,-73.35565797,0,0,0,0,1a,0,75.73333333,Calm,0,0,0,0
Main Lake South,8/9/2019,Calm,75,44.13077726,-73.35565797,1,1,1,1,1b,0,75.87333333,Calm,0,0,0,0
Main Lake South,8/11/2019,Calm,75,44.13077726,-73.35565797,0,0,0,0,1a,0,76.07333333,Calm,0,0,0,0
Main Lake South,8/12/2019,Rolling,74,44.13077726,-73.35565797,0,0,0,0,1a,0,76.07333333,Calm,0,0,0,0
Main Lake South,8/13/2019,Calm,77.25,44.13077726,-73.35565797,0,0,0,0,1d,0,75.15333333,Calm,0,0,0,0
Main Lake South,8/14/2019,Calm,74.5,44.13077726,-73.35565797,0,0,0,0,1c,0,75.50277778,Calm,0,0,0,0
Main Lake South,8/15/2019,Calm,73.76666667,44.13077726,-73.35565797,0,0,0,0,1a,0,75.625,Calm,0,0,0,0
Main Lake South,8/16/2019,Rolling,72,44.13077726,-73.35565797,0,0,0,0,1a,0,74.91944444,Calm,0,0,0,0
Main Lake South,8/17/2019,Calm,,44.13077726,-73.35565797,0,0,0,0,1a,0,74.41944444,Calm,0,0,0,0
Main Lake South,8/18/2019,Calm,,44.13077726,-73.35565797,0,0,0,0,1a,0,74.41944444,Calm,0,0,0,0
Main Lake South,8/19/2019,Calm,74.3,44.13077726,-73.35565797,0,1,0,0,1c,0,74.30333333,Calm,0,0,0,0
Main Lake South,8/20/2019,Calm,,44.13077726,-73.35565797,1,1,1,0,1d,0,74.36333333,Calm,0,0,0,0
Main Lake South,8/21/2019,Calm,75,44.13077726,-73.35565797,0,0,0,0,1c,0,73.64166667,Calm,0,0,0,0
Main Lake South,8/22/2019,Calm,75.42,44.13077726,-73.35565797,0,0,0,0,1c,0,73.76666667,Calm,0,0,0,0
Main Lake South,8/24/2019,Rolling,73,44.13077726,-73.35565797,0,0,0,0,3,1,74.18,Calm,0,0,0,0
Main Lake South,8/25/2019,Calm,,44.13077726,-73.35565797,0,0,0,0,3,1,74.43,Calm,0,0,0,0
Main Lake South,8/26/2019,Calm,75.3,44.13077726,-73.35565797,1,1,1,0,2,1,74.43,Calm,0,0,0,0
Main Lake South,8/27/2019,Calm,77,44.13077726,-73.35565797,0,0,0,0,1c,0,74.68,Calm,0,0,0,0
Main Lake South,8/28/2019,Calm,71.33333333,44.13077726,-73.35565797,0,0,0,0,1c,0,75.144,Calm,0,0,0,0
Main Lake South,8/29/2019,Calm,75.3,44.13077726,-73.35565797,0,0,0,0,1a,0,74.41066667,Calm,0,0,0,0
Main Lake South,8/31/2019,Calm,68,44.13077726,-73.35565797,0,0,0,0,1a,0,74.38666667,Calm,0,0,0,0
Main Lake South,9/1/2019,Calm,,44.13077726,-73.35565797,0,0,0,0,1a,0,73.38666667,Calm,0,0,0,0
Main Lake South,9/3/2019,Rolling,66,44.13077726,-73.35565797,0,1,1,1,1b,0,73.38666667,Calm,0,0,0,0
Main Lake South,9/4/2019,Calm,68.5,44.13077726,-73.35565797,0,0,0,0,1b,0,70.15833333,Calm,0,0,0,0
Main Lake South,9/5/2019,Calm,68.6,44.13077726,-73.35565797,0,0,0,0,1a,0,69.45,Calm,0,0,0,0
Main Lake South,9/6/2019,Calm,71,44.13077726,-73.35565797,0,0,0,0,3,1,67.775,Calm,0,0,0,0
Main Lake South,9/8/2019,Rolling,66,44.13077726,-73.35565797,0,0,0,0,1d,0,68.42,Calm,0,0,0,0
Main Lake South,9/9/2019,Rolling,43.9,44.13077726,-73.35565797,1,1,1,0,1d,0,68.02,Calm,0,0,0,0
Main Lake South,9/10/2019,Rolling,,44.13077726,-73.35565797,0,0,0,0,1a,0,64,Calm,0,0,0,0
Main Lake South,9/11/2019,Calm,71.01666667,44.13077726,-73.35565797,0,0,0,0,1c,0,63.6,Calm,0,0,0,0
Main Lake South,9/12/2019,White Caps,69.7,44.13077726,-73.35565797,0,0,0,0,1b,0,64.10333333,Calm,0,0,0,0
Main Lake South,9/14/2019,White Caps,63,44.13077726,-73.35565797,0,0,0,0,1a,0,64.32333333,Rolling,0,0,0,0
Main Lake South,9/15/2019,Calm,,44.13077726,-73.35565797,0,0,0,0,1c,0,62.72333333,Rolling,0,0,0,0
Main Lake South,9/16/2019,Calm,69.4,44.13077726,-73.35565797,1,0,0,0,1d,0,61.90416667,Calm,0,0,0,0
Main Lake South,9/17/2019,Calm,,44.13077726,-73.35565797,1,1,1,0,1b,0,68.27916667,Calm,0,0,0,0
Main Lake South,9/18/2019,Rolling,61.4,44.13077726,-73.35565797,0,0,0,0,1c,0,68.27916667,Calm,0,0,0,0
Main Lake South,9/19/2019,Calm,66.86666667,44.13077726,-73.35565797,0,0,0,0,2,1,65.875,Calm,0,0,0,0
Main Lake South,9/20/2019,Calm,70,44.13077726,-73.35565797,0,0,0,0,2,1,65.16666667,Calm,0,0,0,0
Main Lake South,9/21/2019,Calm,69.8,44.13077726,-73.35565797,0,0,0,0,3,1,66.13333333,Calm,0,0,0,0
Main Lake South,9/22/2019,Calm,68,44.13077726,-73.35565797,0,0,0,0,3,1,67.49333333,Calm,0,0,0,0
Main Lake South,9/23/2019,Calm,,44.13077726,-73.35565797,0,0,0,0,1c,0,67.57777778,Calm,0,0,0,0
Main Lake South,9/25/2019,Calm,65.275,44.13077726,-73.35565797,0,0,0,0,2,1,67.21333333,Calm,0,0,0,0
Main Lake South,9/27/2019,Calm,,44.13077726,-73.35565797,1,1,0,0,2,1,67.98833333,Calm,0,0,0,0
Main Lake South,9/28/2019,Rolling,60,44.13077726,-73.35565797,0,0,0,0,1a,0,67.69166667,Calm,0,0,0,0
Main Lake South,9/29/2019,Rolling,,44.13077726,-73.35565797,0,0,0,0,1a,0,64.425,Calm,0,0,0,0
Main Lake South,9/30/2019,Calm,,44.13077726,-73.35565797,1,1,1,0,2,1,62.6375,Calm,0,0,0,0
Main Lake South,10/1/2019,Calm,,44.13077726,-73.35565797,0,0,0,0,1c,0,62.6375,Calm,0,0,0,0
Main Lake South,10/2/2019,Rolling,58.8,44.13077726,-73.35565797,0,0,0,0,1a,0,62.6375,Calm,0,0,0,0
Main Lake South,10/3/2019,Calm,56.5,44.13077726,-73.35565797,0,0,0,0,1a,0,59.4,Calm,0,0,0,0
Main Lake South,10/6/2019,Rolling,,44.13077726,-73.35565797,0,0,0,0,1a,0,58.43333333,Calm,0,0,0,0
Main Lake South,10/8/2019,Calm,,44.13077726,-73.35565797,0,0,0,0,2,1,57.65,Calm,0,0,0,0
Main Lake South,10/9/2019,Calm,58.06666667,44.13077726,-73.35565797,0,0,0,0,1c,0,57.65,Calm,0,0,0,0
Main Lake South,10/14/2019,,,44.13077726,-73.35565797,1,1,0,0,1b,0,57.28333333,Calm,0,0,0,0
Main Lake South,10/16/2019,Calm,56.2,44.13077726,-73.35565797,0,0,0,0,1a,0,58.06666667,Calm,0,0,0,0
Main Lake South,10/17/2019,Calm,53.2,44.13077726,-73.35565797,0,0,0,0,1b,0,56.2,Calm,0,0,0,0
Main Lake South,10/23/2019,Calm,56.73333333,44.13077726,-73.35565797,0,0,0,0,1d,0,54.7,Calm,0,0,0,0
Main Lake South,10/26/2019,Calm,,44.13077726,-73.35565797,0,0,0,0,2,1,54.96666667,Calm,0,0,0,0
Main Lake South,10/29/2019,Calm,,44.13077726,-73.35565797,0,0,0,0,1a,0,56.73333333,Calm,0,0,0,0
Main Lake South,10/30/2019,Calm,53.3,44.13077726,-73.35565797,0,0,0,0,1a,0,56.73333333,Calm,0,0,0,0
Main Lake South,11/6/2019,Rolling,50,44.13077726,-73.35565797,0,0,0,0,1b,0,53.3,Calm,0,0,0,0
Main Lake South,6/9/2020,Calm,,44.13077726,-73.35565797,0,0,0,0,1c,0,50,,,,,
Main Lake South,6/26/2020,Calm,,44.13077726,-73.35565797,0,0,0,0,1b,0,,,,,,
Main Lake South,7/1/2020,Rolling,70.76666667,44.13077726,-73.35565797,0,0,0,0,1c,0,,Calm,0,0,0,0
Main Lake South,7/2/2020,Calm,71.65,44.13077726,-73.35565797,0,0,0,0,1b,0,70.76666667,Calm,0,0,0,0
Main Lake South,7/3/2020,Calm,70,44.13077726,-73.35565797,0,0,0,0,1a,0,71.20833333,Calm,0,0,0,0
Main Lake South,7/5/2020,Rolling,70,44.13077726,-73.35565797,0,0,0,0,1a,0,70.80555556,Calm,0,0,0,0
Main Lake South,7/6/2020,Calm,,44.13077726,-73.35565797,0,0,0,0,1d,0,70.60416667,Calm,0,0,0,0
Main Lake South,7/7/2020,White Caps,,44.13077726,-73.35565797,0,0,0,0,1b,0,70.60416667,Calm,0,0,0,0
Main Lake South,7/8/2020,Calm,75.45,44.13077726,-73.35565797,0,0,0,0,1c,0,70.60416667,Calm,0,0,0,0
Main Lake South,7/9/2020,Rolling,75.5,44.13077726,-73.35565797,0,0,0,0,2,1,71.775,Calm,0,0,0,0
Main Lake South,7/10/2020,Calm,75.33333333,44.13077726,-73.35565797,0,0,0,0,2,1,72.7375,Calm,0,0,0,0
Main Lake South,7/12/2020,Calm,75,44.13077726,-73.35565797,0,0,0,0,3,1,74.07083333,Calm,0,0,0,0
Main Lake South,7/13/2020,Rolling,78.1,44.13077726,-73.35565797,0,0,0,0,2,1,75.32083333,Calm,0,0,0,0
Main Lake South,7/15/2020,Rolling,75.325,44.13077726,-73.35565797,0,0,0,0,1c,0,75.87666667,Calm,0,0,0,0
Main Lake South,7/16/2020,Calm,76,44.13077726,-73.35565797,0,0,0,0,1a,0,75.85166667,Rolling,0,0,0,0
Main Lake South,7/17/2020,White Caps,73,44.13077726,-73.35565797,0,0,0,0,1b,0,75.95166667,Calm,0,0,0,0
Main Lake South,7/18/2020,Calm,,44.13077726,-73.35565797,0,0,0,0,2,1,75.485,Calm,0,0,0,0
Main Lake South,7/19/2020,Rolling,70,44.13077726,-73.35565797,0,0,0,0,1a,0,75.485,Calm,0,0,0,0
Main Lake South,7/20/2020,Rolling,,44.13077726,-73.35565797,0,0,0,0,2,1,74.485,Rolling,0,0,0,0
Main Lake South,7/21/2020,Rolling,79.5,44.13077726,-73.35565797,0,0,0,0,1b,0,73.58125,Rolling,0,0,0,0
Main Lake South,7/22/2020,Calm,72.16,44.13077726,-73.35565797,0,0,0,0,1c,0,74.765,Rolling,0,0,0,0
Main Lake South,7/23/2020,Calm,77,44.13077726,-73.35565797,0,0,0,0,2,1,74.132,Calm,0,0,0,0
Main Lake South,7/24/2020,Calm,72,44.13077726,-73.35565797,0,0,0,0,1b,0,74.332,Calm,0,0,0,0
Main Lake South,7/25/2020,Rolling,,44.13077726,-73.35565797,0,0,0,0,1b,0,74.132,Calm,0,0,0,0
Main Lake South,7/26/2020,Rolling,70,44.13077726,-73.35565797,0,0,0,0,1a,0,74.132,Rolling,0,0,0,0
Main Lake South,7/28/2020,Rolling,86.5,44.13077726,-73.35565797,0,0,0,0,1c,0,74.132,Calm,0,0,0,0
Main Lake South,7/29/2020,Calm,77.71666667,44.13077726,-73.35565797,0,0,0,0,1b,0,75.532,Calm,0,0,0,0
Main Lake South,7/30/2020,Calm,84,44.13077726,-73.35565797,0,0,0,0,3,1,76.64333333,Calm,0,0,0,0
Main Lake South,7/31/2020,Calm,76,44.13077726,-73.35565797,0,0,0,0,2,1,78.04333333,Calm,0,0,0,0
Main Lake South,8/1/2020,Rolling,,44.13077726,-73.35565797,0,0,0,0,2,1,78.84333333,Calm,0,0,0,0
Main Lake South,8/2/2020,Rolling,72,44.13077726,-73.35565797,0,0,0,0,1a,0,78.84333333,Calm,0,0,0,0
Main Lake South,8/3/2020,Calm,,44.13077726,-73.35565797,0,0,0,0,1c,0,79.24333333,Calm,0,0,0,0
Main Lake South,8/4/2020,Rolling,,44.13077726,-73.35565797,0,0,0,0,1b,0,79.24333333,Calm,0,0,0,0
Main Lake South,8/5/2020,Rolling,73.44,44.13077726,-73.35565797,0,0,0,0,1c,0,77.42916667,Calm,0,0,0,0
Main Lake South,8/6/2020,Calm,77,44.13077726,-73.35565797,0,0,0,0,1d,0,76.36,Rolling,0,0,0,0
Main Lake South,8/9/2020,Rolling,70,44.13077726,-73.35565797,0,0,0,0,1a,0,74.61,Rolling,0,0,0,0
Main Lake South,8/10/2020,Calm,79,44.13077726,-73.35565797,0,0,0,0,2,1,73.48,Rolling,0,0,0,0
Main Lake South,8/11/2020,Calm,82,44.13077726,-73.35565797,0,0,0,0,1a,0,74.86,Rolling,0,0,0,0
Main Lake South,8/12/2020,Calm,80.1125,44.13077726,-73.35565797,0,0,0,0,2,1,76.288,Calm,0,0,0,0
Main Lake South,8/13/2020,Rolling,81,44.13077726,-73.35565797,0,0,0,0,1a,0,77.6225,Calm,0,0,0,0
Main Lake South,8/14/2020,Calm,72,44.13077726,-73.35565797,0,0,0,0,1b,0,78.4225,Calm,0,0,0,0
Main Lake South,8/15/2020,Calm,,44.13077726,-73.35565797,0,0,0,0,1c,0,77.35208333,Calm,0,0,0,0
Main Lake South,8/17/2020,Calm,,44.13077726,-73.35565797,0,0,0,0,1c,0,77.35208333,Calm,0,0,0,0
Main Lake South,8/18/2020,Rolling,72,44.13077726,-73.35565797,0,0,0,0,1a,0,78.778125,Calm,0,0,0,0
Main Lake South,8/19/2020,Calm,75.03333333,44.13077726,-73.35565797,0,0,0,0,1c,0,76.278125,Calm,0,0,0,0
Main Lake South,8/20/2020,Calm,77,44.13077726,-73.35565797,0,0,0,0,1a,0,75.00833333,Calm,0,0,0,0
Main Lake South,8/21/2020,Calm,72,44.13077726,-73.35565797,0,0,0,0,1a,0,74.00833333,Calm,0,0,0,0
Main Lake South,8/23/2020,Rolling,74,44.13077726,-73.35565797,0,0,0,0,1a,0,74.00833333,Calm,0,0,0,0
Main Lake South,8/24/2020,Calm,,44.13077726,-73.35565797,0,0,0,0,1c,0,74.00666667,Calm,0,0,0,0
Main Lake South,8/25/2020,Calm,78,44.13077726,-73.35565797,0,0,0,0,1b,0,74.00666667,Calm,0,0,0,0
Main Lake South,8/26/2020,Rolling,72.18,44.13077726,-73.35565797,0,0,0,0,1c,0,75.20666667,Calm,0,0,0,0
Main Lake South,8/27/2020,Calm,71,44.13077726,-73.35565797,0,0,0,0,1a,0,74.636,Calm,0,0,0,0
Main Lake South,8/28/2020,Calm,71,44.13077726,-73.35565797,0,0,0,0,2,1,73.436,Calm,0,0,0,0
Main Lake South,8/29/2020,Calm,,44.13077726,-73.35565797,0,0,0,0,1a,0,73.236,Calm,0,0,0,0
Main Lake South,8/31/2020,Calm,,44.13077726,-73.35565797,0,0,0,0,1d,0,73.236,Calm,0,0,0,0
Main Lake South,9/1/2020,Calm,,44.13077726,-73.35565797,0,0,0,0,1a,0,73.045,Calm,0,0,0,0
Main Lake South,9/2/2020,Calm,69.4,44.13077726,-73.35565797,0,0,0,0,1b,0,71.39333333,Calm,0,0,0,0
Main Lake South,9/3/2020,Rolling,75,44.13077726,-73.35565797,0,0,0,0,1a,0,70.46666667,Calm,0,0,0,0
Main Lake South,9/4/2020,Calm,69,44.13077726,-73.35565797,0,0,0,0,1a,0,71.8,Calm,0,0,0,0
Main Lake South,9/6/2020,Calm,70,44.13077726,-73.35565797,0,0,0,0,1a,0,71.13333333,Calm,0,0,0,0
Main Lake South,9/7/2020,Rolling,,44.13077726,-73.35565797,0,0,0,0,1c,0,70.85,Calm,0,0,0,0
Main Lake South,9/8/2020,Calm,64,44.13077726,-73.35565797,0,0,0,0,3,1,70.85,Calm,0,0,0,0
Main Lake South,9/9/2020,Calm,69.61666667,44.13077726,-73.35565797,0,0,0,0,3,1,69.48,Calm,0,0,0,0
Main Lake South,9/10/2020,Calm,72,44.13077726,-73.35565797,0,0,0,0,1a,0,69.52333333,Calm,0,0,0,0
Main Lake South,9/11/2020,Calm,,44.13077726,-73.35565797,0,0,0,0,1c,0,68.92333333,Calm,0,0,0,0
Main Lake South,9/12/2020,Calm,,44.13077726,-73.35565797,0,0,0,0,1c,0,68.90416667,Calm,0,0,0,0
Main Lake South,9/14/2020,Calm,,44.13077726,-73.35565797,0,0,0,0,1c,0,68.90416667,Calm,0,0,0,0
Main Lake South,9/15/2020,Calm,65,44.13077726,-73.35565797,0,0,0,0,2,1,68.53888889,Calm,0,0,0,0
Main Lake South,9/16/2020,Rolling,64.93333333,44.13077726,-73.35565797,0,0,0,0,1b,0,68.87222222,Calm,0,0,0,0
Main Lake South,9/17/2020,Calm,58,44.13077726,-73.35565797,0,0,0,0,1a,0,67.31111111,Calm,0,0,0,0
Main Lake South,9/19/2020,Calm,,44.13077726,-73.35565797,0,0,0,0,1c,0,62.64444444,Calm,0,0,0,0
Main Lake South,9/20/2020,Rolling,60,44.13077726,-73.35565797,0,0,0,0,1a,0,62.64444444,Calm,0,0,0,0
Main Lake South,9/21/2020,Calm,,44.13077726,-73.35565797,0,0,0,0,1c,0,61.98333333,Calm,0,0,0,0
Main Lake South,9/22/2020,White Caps,,44.13077726,-73.35565797,0,0,0,0,1b,0,61.98333333,Calm,0,0,0,0
Main Lake South,9/23/2020,Calm,61.13333333,44.13077726,-73.35565797,0,0,0,0,2,1,60.97777778,Calm,0,0,0,0
Main Lake South,9/24/2020,Calm,58,44.13077726,-73.35565797,0,0,0,0,1a,0,59.71111111,Calm,0,0,0,0
Main Lake South,9/25/2020,Calm,,44.13077726,-73.35565797,0,0,0,0,1a,0,59.71111111,Calm,0,0,0,0
Main Lake South,9/26/2020,Rolling,,44.13077726,-73.35565797,0,0,0,0,1c,0,59.71111111,Calm,0,0,0,0
Main Lake South,9/28/2020,Calm,,44.13077726,-73.35565797,0,0,0,0,1c,0,59.71111111,Calm,0,0,0,0
Main Lake South,9/29/2020,Rolling,62,44.13077726,-73.35565797,0,0,0,0,2,1,59.56666667,Calm,0,0,0,0
Main Lake South,9/30/2020,Rolling,61.53333333,44.13077726,-73.35565797,0,0,0,0,1c,0,60.37777778,Calm,0,0,0,0
Main Lake South,10/1/2020,Rolling,,44.13077726,-73.35565797,0,0,0,0,1a,0,60.51111111,Calm,0,0,0,0
Main Lake South,10/4/2020,Calm,,44.13077726,-73.35565797,0,0,0,0,1a,0,61.76666667,Rolling,0,0,0,0
Main Lake South,10/5/2020,Calm,,44.13077726,-73.35565797,0,0,0,0,1c,0,61.76666667,Rolling,0,0,0,0
Main Lake South,10/6/2020,Rolling,59,44.13077726,-73.35565797,0,0,0,0,1a,0,61.76666667,Rolling,0,0,0,0
Main Lake South,10/7/2020,Rolling,59.96,44.13077726,-73.35565797,0,0,0,0,1b,0,60.26666667,Rolling,0,0,0,0
Main Lake South,10/8/2020,White Caps,,44.13077726,-73.35565797,0,0,0,0,1a,0,59.48,Rolling,0,0,0,0
Main Lake South,10/9/2020,White Caps,,44.13077726,-73.35565797,0,0,0,0,1b,0,59.48,Calm,0,0,0,0
Main Lake South,10/10/2020,White Caps,,44.13077726,-73.35565797,0,0,0,0,1b,0,59.48,Calm,0,0,0,0
Main Lake South,10/13/2020,Calm,52,44.13077726,-73.35565797,0,0,0,0,1a,0,59.48,White Caps,0,0,0,0
Main Lake South,10/14/2020,Calm,60.6,44.13077726,-73.35565797,0,0,0,0,1c,0,55.98,White Caps,0,0,0,0
Main Lake South,10/15/2020,Rolling,,44.13077726,-73.35565797,0,0,0,0,1a,0,56.3,White Caps,0,0,0,0
Main Lake South,10/19/2020,Calm,,44.13077726,-73.35565797,0,0,0,0,1c,0,56.3,Calm,0,0,0,0
Main Lake South,10/20/2020,Calm,51,44.13077726,-73.35565797,0,0,0,0,1a,0,56.3,Calm,0,0,0,0
Main Lake South,10/21/2020,Rolling,58,44.13077726,-73.35565797,0,0,0,0,1b,0,55.8,Calm,0,0,0,0
Main Lake South,10/26/2020,Calm,,44.13077726,-73.35565797,0,0,0,0,1c,0,54.5,Calm,0,0,0,0
Main Lake South,10/27/2020,Calm,47,44.13077726,-73.35565797,0,0,0,0,1a,0,54.5,Calm,0,0,0,0
Main Lake South,10/28/2020,Rolling,48,44.13077726,-73.35565797,0,0,0,0,1b,0,52.5,Calm,0,0,0,0
Main Lake South,11/4/2020,White Caps,42,44.13077726,-73.35565797,0,0,0,0,1b,0,47.5,Rolling,0,0,0,0
Main Lake South,11/5/2020,Calm,48.3,44.13077726,-73.35565797,0,0,0,0,1b,0,42,White Caps,0,0,0,0
Main Lake South,11/8/2020,Calm,,44.13077726,-73.35565797,0,0,0,0,1a,0,45.15,Calm,0,0,0,0
Main Lake South,6/22/2021,Rolling,,44.13077726,-73.35565797,0,0,0,0,1a,0,45.15,,,,,
Main Lake South,6/23/2021,Calm,66.66666667,44.13077726,-73.35565797,0,0,0,0,1c,0,,Rolling,0,0,0,0
Main Lake South,6/24/2021,White Caps,65,44.13077726,-73.35565797,0,0,0,0,1b,0,66.66666667,Calm,0,0,0,0
Main Lake South,6/25/2021,Rolling,60,44.13077726,-73.35565797,0,0,0,0,1a,0,65.83333333,Calm,0,0,0,0
Main Lake South,6/26/2021,Rolling,65,44.13077726,-73.35565797,0,0,0,0,1a,0,63.88888889,Rolling,0,0,0,0
Main Lake South,6/27/2021,Rolling,,44.13077726,-73.35565797,0,0,0,0,1a,0,64.16666667,Rolling,0,0,0,0
Main Lake South,6/28/2021,Calm,,44.13077726,-73.35565797,0,0,0,0,1c,0,64.16666667,Rolling,0,0,0,0
Main Lake South,6/29/2021,Calm,64,44.13077726,-73.35565797,0,0,0,0,1a,0,64.16666667,Rolling,0,0,0,0
Main Lake South,6/30/2021,Calm,69.33333333,44.13077726,-73.35565797,0,0,0,0,1b,0,64.13333333,Calm,0,0,0,0
Main Lake South,7/1/2021,Calm,68.85,44.13077726,-73.35565797,0,0,0,0,1a,0,64.66666667,Calm,0,0,0,0
Main Lake South,7/2/2021,Rolling,64,44.13077726,-73.35565797,0,0,0,0,1a,0,65.43666667,Calm,0,0,0,0
Main Lake South,7/3/2021,Calm,65,44.13077726,-73.35565797,0,0,0,0,1a,0,66.23666667,Calm,0,0,0,0
Main Lake South,7/5/2021,Calm,,44.13077726,-73.35565797,0,0,0,0,1c,0,66.23666667,Calm,0,0,0,0
Main Lake South,7/6/2021,Calm,70.66666667,44.13077726,-73.35565797,0,0,0,0,3,1,66.23666667,Calm,0,0,0,0
Main Lake South,7/7/2021,Calm,55.71428571,44.13077726,-73.35565797,0,1,1,0,1b,0,67.57,Calm,0,0,0,0
Main Lake South,7/8/2021,Calm,68.475,44.13077726,-73.35565797,0,0,0,0,3,1,64.84619048,Calm,0,0,0,0
Main Lake South,7/9/2021,Rolling,70.5,44.13077726,-73.35565797,0,0,0,0,3,1,64.77119048,Calm,0,0,0,0
Main Lake South,7/11/2021,Calm,,44.13077726,-73.35565797,0,0,0,0,3,1,66.07119048,Calm,0,0,0,0
Main Lake South,7/12/2021,Calm,69.66666667,44.13077726,-73.35565797,0,0,0,0,3,1,66.3389881,Calm,0,0,0,0
Main Lake South,7/13/2021,Rolling,44.125,44.13077726,-73.35565797,1,1,0,0,3,1,67.00452381,Calm,0,0,0,0
Main Lake South,7/14/2021,Rolling,74.66666667,44.13077726,-73.35565797,0,0,0,0,3,1,61.69619048,Calm,0,0,0,0
Main Lake South,7/15/2021,Rolling,73.06666667,44.13077726,-73.35565797,0,0,0,0,3,1,65.48666667,Calm,0,0,0,0
Main Lake South,7/16/2021,Calm,73,44.13077726,-73.35565797,0,0,0,0,2,1,66.405,Rolling,0,0,0,0
Main Lake South,7/17/2021,Rolling,68,44.13077726,-73.35565797,0,0,0,0,2,1,66.905,Calm,0,0,0,0
Main Lake South,7/19/2021,Calm,73.4,44.13077726,-73.35565797,0,0,0,0,3,1,67.0875,Rolling,0,0,0,0
Main Lake South,7/20/2021,Calm,70.3875,44.13077726,-73.35565797,0,0,0,0,3,1,67.70972222,Rolling,0,0,0,0
Main Lake South,7/21/2021,Calm,68.8,44.13077726,-73.35565797,0,0,0,0,2,1,72.08680556,Calm,0,0,0,0
Main Lake South,7/22/2021,Calm,71.1,44.13077726,-73.35565797,0,0,0,0,3,1,71.10902778,Calm,0,0,0,0
Main Lake South,7/23/2021,Calm,77,44.13077726,-73.35565797,0,0,0,0,2,1,70.78125,Calm,0,0,0,0
Main Lake South,7/24/2021,Calm,,44.13077726,-73.35565797,0,0,0,0,1a,0,71.44791667,Calm,0,0,0,0
Main Lake South,7/25/2021,Calm,82,44.13077726,-73.35565797,0,0,0,0,1b,0,72.1375,Calm,0,0,0,0
Main Lake South,7/26/2021,Calm,23,44.13077726,-73.35565797,0,1,1,0,1c,0,73.78125,Calm,0,0,0,0
Main Lake South,7/27/2021,Calm,21,44.13077726,-73.35565797,0,1,1,0,1d,0,65.38125,Calm,0,0,0,0
Main Lake South,7/28/2021,Calm,71,44.13077726,-73.35565797,0,0,0,0,1c,0,57.15,Calm,0,0,0,0
Main Lake South,7/29/2021,Rolling,70.35,44.13077726,-73.35565797,0,0,0,0,1c,0,57.51666667,Calm,0,0,0,0
Main Lake South,7/30/2021,Calm,71,44.13077726,-73.35565797,0,0,0,0,1b,0,57.39166667,Calm,0,0,0,0
Main Lake South,8/2/2021,Calm,21,44.13077726,-73.35565797,0,0,0,0,1d,0,56.39166667,Calm,0,0,0,0
Main Lake South,8/3/2021,Calm,,44.13077726,-73.35565797,0,0,0,0,1a,0,50.87,Calm,0,0,0,0
Main Lake South,8/4/2021,Calm,68,44.13077726,-73.35565797,0,0,0,0,1b,0,58.3375,Calm,0,0,0,0
Main Lake South,8/5/2021,Calm,74.26,44.13077726,-73.35565797,0,0,0,0,1c,0,57.5875,Calm,0,0,0,0
Main Lake South,8/6/2021,Rolling,74,44.13077726,-73.35565797,0,0,0,0,1d,0,58.565,Calm,0,0,0,0
Main Lake South,8/7/2021,Calm,69,44.13077726,-73.35565797,0,0,0,0,1a,0,59.315,Calm,0,0,0,0
Main Lake South,8/9/2021,Calm,,44.13077726,-73.35565797,0,0,0,0,1c,0,61.252,Calm,0,0,0,0
Main Lake South,8/10/2021,Rolling,39,44.13077726,-73.35565797,0,1,1,0,1b,0,71.315,Calm,0,0,0,0
Main Lake South,8/11/2021,Calm,59,44.13077726,-73.35565797,0,1,1,0,1d,0,64.852,Calm,0,0,0,0
Main Lake South,8/12/2021,Rolling,76.7,44.13077726,-73.35565797,0,0,0,0,1c,0,63.052,Calm,0,0,0,0
Main Lake South,8/13/2021,Rolling,80,44.13077726,-73.35565797,0,0,0,0,1b,0,63.54,Calm,0,0,0,0
Main Lake South,8/14/2021,Calm,75,44.13077726,-73.35565797,0,0,0,0,1a,0,64.74,Calm,0,0,0,0
Main Lake South,8/16/2021,Calm,72,44.13077726,-73.35565797,0,0,0,0,1c,0,65.94,Calm,0,0,0,0
Main Lake South,8/17/2021,Rolling,72,44.13077726,-73.35565797,0,0,0,0,1a,0,66.95,Calm,0,0,0,0
Main Lake South,8/18/2021,Calm,73,44.13077726,-73.35565797,0,0,0,0,1b,0,72.45,Calm,0,0,0,0
Main Lake South,8/19/2021,Calm,74.75,44.13077726,-73.35565797,0,0,0,0,1c,0,74.78333333,Calm,0,0,0,0
Main Lake South,8/20/2021,Calm,82,44.13077726,-73.35565797,0,0,0,0,1a,0,74.45833333,Calm,0,0,0,0
Main Lake South,8/21/2021,Calm,78,44.13077726,-73.35565797,0,0,0,0,3,1,74.79166667,Calm,0,0,0,0
Main Lake South,8/22/2021,Rolling,82,44.13077726,-73.35565797,0,0,0,0,3,1,75.29166667,Calm,0,0,0,0
Main Lake South,8/23/2021,Calm,82,44.13077726,-73.35565797,0,0,0,0,2,1,76.25,Calm,0,0,0,0
Main Lake South,8/24/2021,Calm,86,44.13077726,-73.35565797,0,0,0,0,2,1,77.67857143,Calm,0,0,0,0
Main Lake South,8/25/2021,Calm,80.5,44.13077726,-73.35565797,0,0,0,0,1c,0,79.67857143,Calm,0,0,0,0
Main Lake South,8/26/2021,Calm,80.7,44.13077726,-73.35565797,0,0,0,0,1c,0,80.75,Calm,0,0,0,0
Main Lake South,8/27/2021,Calm,78.5,44.13077726,-73.35565797,0,0,0,0,1c,0,81.6,Calm,0,0,0,0
Main Lake South,8/30/2021,Calm,39.5,44.13077726,-73.35565797,0,1,1,0,1b,0,81.1,Calm,0,0,0,0
Main Lake South,8/31/2021,Rolling,70,44.13077726,-73.35565797,0,0,0,0,1a,0,73.04,Calm,0,0,0,0
Main Lake South,9/1/2021,Calm,54.33333333,44.13077726,-73.35565797,0,1,1,0,1d,0,69.84,Calm,0,0,0,0
Main Lake South,9/2/2021,Rolling,69.53333333,44.13077726,-73.35565797,0,0,0,0,1b,0,64.60666667,Calm,0,0,0,0
Main Lake South,9/4/2021,Calm,72,44.13077726,-73.35565797,0,0,0,0,3,1,62.37333333,Calm,0,0,0,0
Main Lake South,9/6/2021,Rolling,,44.13077726,-73.35565797,0,0,0,0,1a,0,61.07333333,Calm,0,0,0,0
Main Lake South,9/7/2021,Calm,68.5,44.13077726,-73.35565797,0,0,0,0,2,1,66.46666667,Rolling,0,0,0,0
Main Lake South,9/8/2021,Calm,69.5,44.13077726,-73.35565797,0,0,0,0,1b,0,66.09166667,Calm,0,0,0,0
Main Lake South,9/9/2021,Calm,71.2,44.13077726,-73.35565797,0,0,0,0,1b,0,69.88333333,Calm,0,0,0,0
Main Lake South,9/10/2021,Calm,46.5,44.13077726,-73.35565797,0,0,0,0,2,1,70.3,Calm,0,0,0,0
Main Lake South,9/11/2021,Rolling,68,44.13077726,-73.35565797,0,0,0,0,1a,0,65.54,Calm,0,0,0,0
Main Lake South,9/12/2021,Rolling,,44.13077726,-73.35565797,0,0,0,0,1a,0,64.74,Calm,0,0,0,0
Main Lake South,9/13/2021,Calm,,44.13077726,-73.35565797,0,0,0,0,1c,0,64.74,Calm,0,0,0,0
Main Lake South,9/14/2021,Calm,67,44.13077726,-73.35565797,0,0,0,0,2,1,64.74,Calm,0,0,0,0
Main Lake South,9/15/2021,Calm,67.5,44.13077726,-73.35565797,0,0,0,0,2,1,64.44,Calm,0,0,0,0
Main Lake South,9/16/2021,Rolling,45.4,44.13077726,-73.35565797,0,1,1,0,1c,0,64.04,Calm,0,0,0,0
Main Lake South,9/17/2021,White Caps,36.66666667,44.13077726,-73.35565797,0,1,0,0,1d,0,58.88,Calm,0,0,0,0
Main Lake South,9/18/2021,Rolling,67,44.13077726,-73.35565797,0,0,0,0,1a,0,56.91333333,Calm,0,0,0,0
Main Lake South,9/20/2021,Calm,67.5,44.13077726,-73.35565797,0,0,0,0,1c,0,56.71333333,Calm,0,0,0,0
Main Lake South,9/21/2021,White Caps,68,44.13077726,-73.35565797,0,0,0,0,1a,0,58.51111111,Calm,0,0,0,0
Main Lake South,9/22/2021,Rolling,69,44.13077726,-73.35565797,0,0,0,0,2,1,58.67777778,Calm,0,0,0,0
Main Lake South,9/23/2021,Rolling,69.4,44.13077726,-73.35565797,0,0,0,0,1a,0,58.92777778,Rolling,0,0,0,0
Main Lake South,9/24/2021,Rolling,72,44.13077726,-73.35565797,0,0,0,0,1b,0,62.92777778,Rolling,0,0,0,0
Main Lake South,9/25/2021,Calm,63,44.13077726,-73.35565797,0,0,0,0,1a,0,68.81666667,Rolling,0,0,0,0
Main Lake South,9/27/2021,Rolling,,44.13077726,-73.35565797,0,0,0,0,1a,0,68.15,Rolling,0,0,0,0
Main Lake South,9/28/2021,White Caps,64,44.13077726,-73.35565797,0,0,0,0,1a,0,68.28,Rolling,0,0,0,0
Main Lake South,9/29/2021,Rolling,65.5,44.13077726,-73.35565797,0,0,0,0,2,1,67.48,Rolling,0,0,0,0
Main Lake South,10/1/2021,Calm,65,44.13077726,-73.35565797,0,0,0,0,1d,0,66.78,Rolling,0,0,0,0
Main Lake South,10/3/2021,Calm,,44.13077726,-73.35565797,0,0,0,0,2,1,64.375,Rolling,0,0,0,0
Main Lake South,10/4/2021,Rolling,,44.13077726,-73.35565797,0,0,0,0,1a,0,64.83333333,Calm,0,0,0,0
Main Lake South,10/5/2021,Calm,40.75,44.13077726,-73.35565797,0,1,0,0,3,1,64.83333333,Calm,0,0,0,0
Main Lake South,10/6/2021,Calm,62,44.13077726,-73.35565797,0,0,0,0,3,1,57.08333333,Calm,0,0,0,0
Main Lake South,10/7/2021,Calm,,44.13077726,-73.35565797,0,0,0,0,1c,0,55.91666667,Calm,0,0,0,0
Main Lake South,10/8/2021,Calm,74,44.13077726,-73.35565797,0,0,0,0,3,1,55.91666667,Calm,0,0,0,0
Main Lake South,10/9/2021,Rolling,,44.13077726,-73.35565797,0,0,0,0,1a,0,58.91666667,Calm,0,0,0,0
Main Lake South,10/10/2021,Rolling,63,44.13077726,-73.35565797,0,0,0,0,1a,0,58.91666667,Calm,0,0,0,0
Main Lake South,10/11/2021,Rolling,,44.13077726,-73.35565797,0,0,0,0,1a,0,59.9375,Calm,0,0,0,0
Main Lake South,10/12/2021,Rolling,16.5,44.13077726,-73.35565797,0,1,1,0,1d,0,59.9375,Calm,0,0,0,0
Main Lake South,10/13/2021,Rolling,66,44.13077726,-73.35565797,0,0,0,0,2,1,53.875,Rolling,0,0,0,0
Main Lake South,10/14/2021,Calm,64,44.13077726,-73.35565797,0,0,0,0,2,1,54.875,Rolling,0,0,0,0
Main Lake South,10/15/2021,Rolling,69,44.13077726,-73.35565797,0,0,0,0,1b,0,56.7,Rolling,0,0,0,0
Main Lake South,10/18/2021,Calm,,44.13077726,-73.35565797,0,0,0,0,1a,0,55.7,Rolling,0,0,0,0
Main Lake South,10/20/2021,Calm,64,44.13077726,-73.35565797,0,0,0,0,3,1,53.875,Calm,0,0,0,0
Main Lake South,10/21/2021,Rolling,,44.13077726,-73.35565797,0,0,0,0,1c,0,65.66666667,Calm,0,0,0,0
Main Lake South,10/23/2021,Rolling,,44.13077726,-73.35565797,0,0,0,0,2,1,66.5,Calm,0,0,0,0
Main Lake South,10/24/2021,Calm,,44.13077726,-73.35565797,0,0,0,0,2,1,64,Calm,0,0,0,0
Main Lake South,10/26/2021,White Caps,,44.13077726,-73.35565797,0,0,0,0,1c,0,64,Calm,0,0,0,0
Main Lake South,10/27/2021,Rolling,,44.13077726,-73.35565797,0,0,0,0,1a,0,64,Calm,0,0,0,0
Main Lake South,10/29/2021,Rolling,,44.13077726,-73.35565797,0,0,0,0,2,1,,Rolling,0,0,0,0
Main Lake South,10/30/2021,Rolling,,44.13077726,-73.35565797,0,0,0,0,1c,0,,Rolling,0,0,0,0
Main Lake South,11/1/2021,White Caps,,44.13077726,-73.35565797,0,0,0,0,1a,0,,Rolling,0,0,0,0
Main Lake South,11/4/2021,Calm,,44.13077726,-73.35565797,0,0,0,0,2,1,,Rolling,0,0,0,0
Main Lake South,11/5/2021,Rolling,,44.13077726,-73.35565797,0,0,0,0,2,1,,Rolling,0,0,0,0
Main Lake South,11/6/2021,Rolling,,44.13077726,-73.35565797,0,0,0,0,1a,0,,Rolling,0,0,0,0
Main Lake South,6/22/2022,Rolling,60,44.13077726,-73.35565797,0,0,0,0,1a,0,,,,,,
Main Lake South,6/23/2022,Rolling,61,44.13077726,-73.35565797,0,0,0,0,1b,0,60,Rolling,0,0,0,0
Main Lake South,6/24/2022,Calm,60,44.13077726,-73.35565797,0,0,0,0,1a,0,60.5,Rolling,0,0,0,0
Main Lake South,6/25/2022,Calm,63,44.13077726,-73.35565797,0,0,0,0,1a,0,60.33333333,Rolling,0,0,0,0
Main Lake South,6/27/2022,Calm,58,44.13077726,-73.35565797,0,0,0,0,1a,0,61,Calm,0,0,0,0
Main Lake South,6/28/2022,Calm,,44.13077726,-73.35565797,0,0,0,0,1a,0,60.4,Calm,0,0,0,0
Main Lake South,6/29/2022,Rolling,66.5,44.13077726,-73.35565797,0,0,0,0,1b,0,60.4,Calm,0,0,0,0
Main Lake South,6/30/2022,Calm,71.02,44.13077726,-73.35565797,0,0,0,0,1c,0,61.7,Calm,0,0,0,0
Main Lake South,7/1/2022,Rolling,70,44.13077726,-73.35565797,0,0,0,0,1a,0,63.704,Calm,0,0,0,0
Main Lake South,7/3/2022,Calm,71,44.13077726,-73.35565797,0,0,0,0,1a,0,65.704,Calm,0,0,0,0
Main Lake South,7/4/2022,Calm,70,44.13077726,-73.35565797,0,0,0,0,1a,0,67.304,Calm,0,0,0,0
Main Lake South,7/5/2022,Rolling,60,44.13077726,-73.35565797,0,0,0,0,1a,0,69.704,Calm,0,0,0,0
Main Lake South,7/6/2022,Rolling,67.2,44.13077726,-73.35565797,0,0,0,0,1b,0,68.08666667,Calm,0,0,0,0
Main Lake South,7/7/2022,Calm,74.46666667,44.13077726,-73.35565797,0,0,0,0,1a,0,68.20333333,Calm,0,0,0,0
Main Lake South,7/8/2022,Calm,69,44.13077726,-73.35565797,0,0,0,0,1a,0,68.77777778,Calm,0,0,0,0
Main Lake South,7/11/2022,Rolling,70,44.13077726,-73.35565797,1,1,1,0,1a,0,68.61111111,Calm,0,0,0,0
Main Lake South,7/12/2022,Calm,,44.13077726,-73.35565797,0,0,0,0,1c,0,68.13333333,Rolling,0,0,0,0
Main Lake South,7/13/2022,Calm,71.45,44.13077726,-73.35565797,0,0,0,0,1b,0,70.16666667,Calm,0,0,0,0
Main Lake South,7/14/2022,Rolling,71.85,44.13077726,-73.35565797,0,0,0,0,1a,0,71.22916667,Calm,0,0,0,0
Main Lake South,7/15/2022,Calm,,44.13077726,-73.35565797,0,0,0,0,2,1,70.575,Calm,0,0,0,0
Main Lake South,7/16/2022,Calm,,44.13077726,-73.35565797,0,0,0,0,1c,0,71.1,Calm,0,0,0,0
Main Lake South,7/17/2022,Calm,73.5,44.13077726,-73.35565797,0,0,0,0,3,1,71.1,Calm,0,0,0,0
Main Lake South,7/18/2022,Calm,70,44.13077726,-73.35565797,0,0,0,0,1a,0,71.7,Calm,0,0,0,0
Main Lake South,7/19/2022,Rolling,71,44.13077726,-73.35565797,0,0,0,0,1c,0,71.7,Calm,0,0,0,0
Main Lake South,7/20/2022,Calm,74.1,44.13077726,-73.35565797,0,0,0,0,3,1,71.56,Calm,0,0,0,0
Main Lake South,7/21/2022,Calm,78.175,44.13077726,-73.35565797,0,0,0,0,1b,0,72.09,Calm,0,0,0,0
Main Lake South,7/22/2022,Calm,74.66666667,44.13077726,-73.35565797,0,1,1,0,1d,0,73.355,Calm,0,0,0,0
Main Lake South,7/24/2022,Rolling,71,44.13077726,-73.35565797,0,0,0,0,2,1,73.57361111,Calm,0,0,0,0
Main Lake South,7/25/2022,Calm,65,44.13077726,-73.35565797,0,0,0,0,1a,0,73.15694444,Calm,0,0,0,0
Main Lake South,7/26/2022,Calm,65,44.13077726,-73.35565797,0,0,0,0,1a,0,72.32361111,Calm,0,0,0,0
Main Lake South,7/27/2022,Calm,73.7,44.13077726,-73.35565797,0,0,0,0,1a,0,71.32361111,Calm,0,0,0,0
Main Lake South,7/28/2022,Rolling,78.8,44.13077726,-73.35565797,0,0,0,0,1c,0,71.25694444,Calm,0,0,0,0
Main Lake South,7/29/2022,Calm,72,44.13077726,-73.35565797,0,0,0,0,3,1,71.36111111,Calm,0,0,0,0
Main Lake South,7/30/2022,Calm,,44.13077726,-73.35565797,0,0,0,0,1a,0,70.91666667,Calm,0,0,0,0
Main Lake South,8/1/2022,Calm,75,44.13077726,-73.35565797,0,0,0,0,1d,0,70.91666667,Calm,0,0,0,0
Main Lake South,8/2/2022,Rolling,68,44.13077726,-73.35565797,0,0,0,0,1a,0,72.9,Calm,0,0,0,0
Main Lake South,8/3/2022,Calm,75,44.13077726,-73.35565797,0,0,0,0,1b,0,73.5,Calm,0,0,0,0
Main Lake South,8/4/2022,Calm,74.3,44.13077726,-73.35565797,0,0,0,0,1a,0,73.76,Calm,0,0,0,0
Main Lake South,8/5/2022,Calm,75.33333333,44.13077726,-73.35565797,0,0,0,0,1b,0,72.86,Calm,0,0,0,0
Main Lake South,8/8/2022,Rolling,72,44.13077726,-73.35565797,0,0,0,0,1a,0,73.52666667,Calm,0,0,0,0
Main Lake South,8/9/2022,White Caps,75,44.13077726,-73.35565797,0,0,0,0,1c,0,72.92666667,Calm,0,0,0,0
Main Lake South,8/10/2022,Calm,73.85,44.13077726,-73.35565797,0,0,0,0,1b,0,74.32666667,Calm,0,0,0,0
Main Lake South,8/11/2022,Rolling,77.05,44.13077726,-73.35565797,0,0,0,0,1a,0,74.09666667,Calm,0,0,0,0
Main Lake South,8/12/2022,Calm,73,44.13077726,-73.35565797,0,0,0,0,1a,0,74.64666667,Calm,0,0,0,0
Main Lake South,8/13/2022,Calm,75,44.13077726,-73.35565797,0,0,0,0,1a,0,74.18,Calm,0,0,0,0
Main Lake South,8/14/2022,Calm,73,44.13077726,-73.35565797,0,0,0,0,2,1,74.31666667,Calm,0,0,0,0
Main Lake South,8/15/2022,Calm,74,44.13077726,-73.35565797,0,0,0,0,2,1,74.12857143,Calm,0,0,0,0
Main Lake South,8/16/2022,Calm,75,44.13077726,-73.35565797,0,0,0,0,1c,0,74.41428571,Calm,0,0,0,0
Main Lake South,8/17/2022,Rolling,74,44.13077726,-73.35565797,0,0,0,0,1b,0,74.41428571,Calm,0,0,0,0
Main Lake South,8/18/2022,Calm,76,44.13077726,-73.35565797,0,0,0,0,1a,0,74.43571429,Calm,0,0,0,0
Main Lake South,8/19/2022,Rolling,73.725,44.13077726,-73.35565797,0,0,0,0,1d,0,74.28571429,Calm,0,0,0,0
Main Lake South,8/20/2022,Calm,78,44.13077726,-73.35565797,0,0,0,0,1a,0,74.38928571,Calm,0,0,0,0
Main Lake South,8/22/2022,Calm,74,44.13077726,-73.35565797,0,0,0,0,1b,0,74.81785714,Calm,0,0,0,0
Main Lake South,8/23/2022,Calm,74,44.13077726,-73.35565797,0,0,0,0,1a,0,75.12083333,Calm,0,0,0,0
Main Lake South,8/24/2022,Calm,82.5,44.13077726,-73.35565797,0,0,0,0,1d,0,74.95416667,Calm,0,0,0,0
Main Lake South,8/25/2022,Rolling,74.06666667,44.13077726,-73.35565797,0,0,0,0,1b,0,76.37083333,Calm,0,0,0,0
Main Lake South,8/27/2022,Calm,,44.13077726,-73.35565797,0,0,0,0,1a,0,76.04861111,Calm,0,0,0,0
Main Lake South,8/29/2022,Rolling,72,44.13077726,-73.35565797,0,0,0,0,1a,0,76.14166667,Calm,0,0,0,0
Main Lake South,8/30/2022,Calm,60,44.13077726,-73.35565797,0,0,0,0,1c,0,75.64166667,Calm,0,0,0,0
Main Lake South,8/31/2022,Calm,78,44.13077726,-73.35565797,0,0,0,0,1b,0,72.14166667,Calm,0,0,0,0
Main Lake South,9/1/2022,White Caps,72.96666667,44.13077726,-73.35565797,0,0,0,0,1c,0,71.01666667,Calm,0,0,0,0
Main Lake South,9/2/2022,Calm,70,44.13077726,-73.35565797,0,0,0,0,1a,0,70.74166667,Calm,0,0,0,0
Main Lake South,9/3/2022,Calm,,44.13077726,-73.35565797,0,0,0,0,1a,0,70.59333333,Calm,0,0,0,0
Main Lake South,9/5/2022,Calm,68,44.13077726,-73.35565797,0,0,0,0,1a,0,70.59333333,Calm,0,0,0,0
Main Lake South,9/6/2022,Rolling,70,44.13077726,-73.35565797,0,0,0,0,1a,0,69.79333333,Calm,0,0,0,0
Main Lake South,9/7/2022,Calm,76,44.13077726,-73.35565797,0,0,0,0,2,1,71.79333333,Calm,0,0,0,0
Main Lake South,9/8/2022,Calm,74.33333333,44.13077726,-73.35565797,0,0,0,0,2,1,71.39333333,Calm,0,0,0,0
Main Lake South,9/9/2022,Calm,70,44.13077726,-73.35565797,0,0,0,0,3,1,71.66666667,Calm,0,0,0,0
Main Lake South,9/10/2022,Calm,,44.13077726,-73.35565797,0,0,0,0,1a,0,71.66666667,Calm,0,0,0,0
Main Lake South,9/12/2022,Calm,69.5,44.13077726,-73.35565797,0,0,1,0,2,1,71.66666667,Calm,0,0,0,0
Main Lake South,9/13/2022,Calm,71.5,44.13077726,-73.35565797,0,0,0,0,1c,0,71.96666667,Calm,0,0,0,0
Main Lake South,9/14/2022,Calm,76,44.13077726,-73.35565797,0,0,0,0,1b,0,72.26666667,Calm,0,0,0,0
Main Lake South,9/15/2022,White Caps,69.3,44.13077726,-73.35565797,0,0,0,0,1b,0,72.26666667,Calm,0,0,0,0
Main Lake South,9/16/2022,Calm,66,44.13077726,-73.35565797,0,0,0,0,1b,0,71.26,Calm,0,0,0,0
Main Lake South,9/19/2022,Calm,69.5,44.13077726,-73.35565797,0,0,0,0,1a,0,70.46,Calm,0,0,0,0
Main Lake South,9/20/2022,Rolling,68,44.13077726,-73.35565797,0,0,0,0,1a,0,70.46,Calm,0,0,0,0
Main Lake South,9/21/2022,Calm,71,44.13077726,-73.35565797,0,0,0,0,1d,0,69.76,Calm,0,0,0,0
Main Lake South,9/22/2022,White Caps,66,44.13077726,-73.35565797,0,0,0,0,1b,0,68.76,Calm,0,0,0,0
Main Lake South,9/23/2022,Rolling,,44.13077726,-73.35565797,0,0,0,0,2,1,68.1,Calm,0,0,0,0
Main Lake South,9/28/2022,Calm,,44.13077726,-73.35565797,0,0,0,0,1a,0,68.625,Calm,0,0,0,0
Main Lake South,9/29/2022,Calm,62,44.13077726,-73.35565797,0,0,0,0,1b,0,66,Calm,0,0,0,0
Main Lake South,10/5/2022,Calm,57,44.13077726,-73.35565797,0,0,0,0,1c,0,62,Calm,0,0,0,0
Main Lake South,10/6/2022,Calm,68,44.13077726,-73.35565797,0,0,0,0,1d,0,59.5,Calm,0,0,0,0
Main Lake South,10/7/2022,Calm,62,44.13077726,-73.35565797,0,0,0,0,1a,0,62.5,Calm,0,0,0,0
Main Lake South,10/12/2022,Rolling,,44.13077726,-73.35565797,0,0,0,0,1a,0,62.33333333,Calm,0,0,0,0
Main Lake South,10/13/2022,Rolling,,44.13077726,-73.35565797,0,0,0,0,1a,0,65,Calm,0,0,0,0
Main Lake South,10/14/2022,Calm,,44.13077726,-73.35565797,0,0,0,0,1a,0,62,Rolling,0,0,0,0
Main Lake South,10/19/2022,Rolling,54.5,44.13077726,-73.35565797,0,0,0,0,1b,0,,Rolling,0,0,0,0
Main Lake South,10/21/2022,Rolling,52,44.13077726,-73.35565797,0,0,0,0,1b,0,54.5,Calm,0,0,0,0
Main Lake South,10/22/2022,Rolling,57.2,44.13077726,-73.35565797,0,0,0,0,1a,0,53.25,Rolling,0,0,0,0
Main Lake South,10/26/2022,Rolling,,44.13077726,-73.35565797,0,0,0,0,1a,0,54.56666667,Rolling,0,0,0,0
Main Lake South,10/27/2022,Calm,61,44.13077726,-73.35565797,0,0,0,0,1a,0,54.6,Rolling,0,0,0,0
Main Lake South,10/28/2022,Rolling,50,44.13077726,-73.35565797,0,0,0,0,1a,0,56.73333333,Rolling,0,0,0,0
Main Lake South,11/2/2022,Calm,,44.13077726,-73.35565797,0,0,0,0,1a,0,56.06666667,Rolling,0,0,0,0
Main Lake South,11/5/2022,Rolling,59,44.13077726,-73.35565797,0,0,0,0,1a,0,55.5,Calm,0,0,0,0
Main Lake South,11/9/2022,Calm,,44.13077726,-73.35565797,0,0,0,0,1a,0,59,Calm,0,0,0,0
Malletts Bay,6/18/2013,Calm,0,44.57424437,-73.22195838,0,0,0,0,1b,0,,,,,,
Malletts Bay,6/23/2013,Calm,0,44.57424437,-73.22195838,0,0,0,0,1a,0,0,Calm,0,0,0,0
Malletts Bay,6/25/2013,Calm,75,44.57424437,-73.22195838,0,0,0,0,1c,0,0,Calm,0,0,0,0
Malletts Bay,6/30/2013,Calm,0,44.57424437,-73.22195838,0,0,0,0,1a,0,37.5,Calm,0,0,0,0
Malletts Bay,7/3/2013,Rolling,78.6,44.57424437,-73.22195838,0,0,0,0,1a,0,37.5,Calm,0,0,0,0
Malletts Bay,7/6/2013,Calm,0,44.57424437,-73.22195838,0,0,0,0,1a,0,39.3,Calm,0,0,0,0
Malletts Bay,7/7/2013,Calm,40,44.57424437,-73.22195838,0,0,0,0,1c,0,26.2,Calm,0,0,0,0
Malletts Bay,7/8/2013,Calm,81,44.57424437,-73.22195838,0,0,0,0,1c,0,39.53333333,Calm,0,0,0,0
Malletts Bay,7/14/2013,Calm,73,44.57424437,-73.22195838,0,0,0,0,1b,0,49.9,Calm,0,0,0,0
Malletts Bay,7/21/2013,Rolling,0,44.57424437,-73.22195838,0,0,0,0,1a,0,77,Calm,0,0,0,0
Malletts Bay,7/22/2013,Rolling,82,44.57424437,-73.22195838,0,0,0,0,2,1,0,Rolling,0,0,0,0
Malletts Bay,7/29/2013,Calm,0,44.57424437,-73.22195838,0,0,0,0,1c,0,41,Rolling,0,0,0,0
Malletts Bay,8/5/2013,Rolling,76,44.57424437,-73.22195838,0,0,0,0,1a,0,0,Calm,0,0,0,0
Malletts Bay,8/11/2013,Calm,0,44.57424437,-73.22195838,0,0,0,0,1a,0,76,Rolling,0,0,0,0
Malletts Bay,8/12/2013,Rolling,77.5,44.57424437,-73.22195838,0,0,0,0,2,1,38,Calm,0,0,0,0
Malletts Bay,8/18/2013,Calm,0,44.57424437,-73.22195838,0,0,0,0,1a,0,38.75,Calm,0,0,0,0
Malletts Bay,8/25/2013,Calm,0,44.57424437,-73.22195838,0,0,0,0,1a,0,38.75,Calm,0,0,0,0
Malletts Bay,9/1/2013,Calm,0,44.57424437,-73.22195838,0,0,0,0,1a,0,0,Calm,0,0,0,0
Malletts Bay,6/1/2014,Calm,75.6,44.57424437,-73.22195838,0,0,0,0,1a,0,0,,,,,
Malletts Bay,6/13/2014,Calm,67.5,44.57424437,-73.22195838,0,0,0,0,1a,0,75.6,,,,,
Malletts Bay,6/15/2014,Calm,69.5,44.57424437,-73.22195838,0,0,0,0,1a,0,67.5,Calm,0,0,0,0
Malletts Bay,6/16/2014,Calm,,44.57424437,-73.22195838,0,0,0,0,1a,0,68.5,Calm,0,0,0,0
Malletts Bay,6/19/2014,Rolling,64,44.57424437,-73.22195838,0,0,0,0,1a,0,68.5,Calm,0,0,0,0
Malletts Bay,6/20/2014,Rolling,,44.57424437,-73.22195838,0,0,0,0,1a,0,67,Calm,0,0,0,0
Malletts Bay,6/22/2014,Calm,,44.57424437,-73.22195838,0,0,0,0,1c,0,66.75,Calm,0,0,0,0
Malletts Bay,6/23/2014,Calm,,44.57424437,-73.22195838,0,0,0,0,1a,0,64,Calm,0,0,0,0
Malletts Bay,6/24/2014,Rolling,69.7,44.57424437,-73.22195838,0,0,0,0,1a,0,64,Calm,0,0,0,0
Malletts Bay,6/27/2014,Rolling,64,44.57424437,-73.22195838,0,0,0,0,1a,0,66.85,Calm,0,0,0,0
Malletts Bay,6/30/2014,Rolling,,44.57424437,-73.22195838,0,0,0,0,1b,0,66.85,Rolling,0,0,0,0
Malletts Bay,7/1/2014,Calm,76.5,44.57424437,-73.22195838,0,0,0,0,1a,0,66.85,Rolling,0,0,0,0
Malletts Bay,7/3/2014,Calm,68,44.57424437,-73.22195838,0,0,0,0,1a,0,70.25,Rolling,0,0,0,0
Malletts Bay,7/6/2014,Rolling,67,44.57424437,-73.22195838,0,0,0,0,1a,0,69.5,Calm,0,0,0,0
Malletts Bay,7/8/2014,Calm,75.2,44.57424437,-73.22195838,0,0,0,0,1a,0,70.5,Calm,0,0,0,0
Malletts Bay,7/10/2014,Calm,68,44.57424437,-73.22195838,0,0,0,0,1a,0,70.06666667,Calm,0,0,0,0
Malletts Bay,7/13/2014,Rolling,70,44.57424437,-73.22195838,0,0,0,0,1a,0,70.06666667,Calm,0,0,0,0
Malletts Bay,7/14/2014,Calm,74.6,44.57424437,-73.22195838,0,0,0,0,1b,0,71.06666667,Calm,0,0,0,0
Malletts Bay,7/17/2014,Rolling,71,44.57424437,-73.22195838,0,0,0,0,1a,0,71.95,Calm,0,0,0,0
Malletts Bay,7/18/2014,Calm,,44.57424437,-73.22195838,0,0,0,0,1a,0,71.86666667,Rolling,0,0,0,0
Malletts Bay,7/20/2014,Rolling,71,44.57424437,-73.22195838,0,0,0,0,1a,0,71.86666667,Calm,0,0,0,0
Malletts Bay,7/21/2014,Rolling,,44.57424437,-73.22195838,0,0,0,0,1b,0,72.2,Calm,0,0,0,0
Malletts Bay,7/22/2014,Calm,76.9,44.57424437,-73.22195838,0,0,0,0,1a,0,71,Rolling,0,0,0,0
Malletts Bay,7/25/2014,Rolling,72,44.57424437,-73.22195838,0,0,0,0,1b,0,72.96666667,Calm,0,0,0,0
Malletts Bay,7/27/2014,Rolling,70,44.57424437,-73.22195838,0,0,0,0,1a,0,73.3,Rolling,0,0,0,0
Malletts Bay,7/29/2014,Calm,71.3,44.57424437,-73.22195838,0,0,0,0,1a,0,72.96666667,Rolling,0,0,0,0
Malletts Bay,7/31/2014,White Caps,69,44.57424437,-73.22195838,0,0,0,0,1b,0,71.1,Rolling,0,0,0,0
Malletts Bay,8/3/2014,Rolling,71,44.57424437,-73.22195838,0,0,0,0,1a,0,70.575,Calm,0,0,0,0
Malletts Bay,8/4/2014,Calm,74,44.57424437,-73.22195838,0,0,0,0,1a,0,70.43333333,Calm,0,0,0,0
Malletts Bay,8/7/2014,Rolling,73,44.57424437,-73.22195838,0,0,0,0,1a,0,71.325,Calm,0,0,0,0
Malletts Bay,8/12/2014,Calm,74.45,44.57424437,-73.22195838,0,0,0,0,1a,0,72.66666667,Rolling,0,0,0,0
Malletts Bay,8/14/2014,White Caps,71,44.57424437,-73.22195838,0,0,0,0,1b,0,73.725,Calm,0,0,0,0
Malletts Bay,8/17/2014,Rolling,69,44.57424437,-73.22195838,0,0,0,0,1a,0,72.725,Calm,0,0,0,0
Malletts Bay,8/19/2014,Calm,70.3,44.57424437,-73.22195838,0,0,0,0,1a,0,71.48333333,Calm,0,0,0,0
Malletts Bay,8/20/2014,Calm,72,44.57424437,-73.22195838,0,0,0,0,1a,0,70.1,Calm,0,0,0,0
Malletts Bay,8/24/2014,Rolling,70,44.57424437,-73.22195838,0,0,0,0,1d,0,70.575,Calm,0,0,0,0
Malletts Bay,8/26/2014,Calm,75.3,44.57424437,-73.22195838,0,0,0,0,1a,0,70.76666667,Calm,0,0,0,0
Malletts Bay,8/30/2014,White Caps,70,44.57424437,-73.22195838,0,0,0,0,1a,0,72.43333333,Calm,0,0,0,0
Malletts Bay,9/14/2014,Rolling,68,44.57424437,-73.22195838,0,0,0,0,1a,0,71.76666667,,,,,
Malletts Bay,6/15/2015,Rolling,,44.57424437,-73.22195838,0,0,0,0,1c,0,68,,,,,
Malletts Bay,6/17/2015,Rolling,,44.57424437,-73.22195838,0,0,0,0,1b,0,,Rolling,0,0,0,0
Malletts Bay,6/21/2015,Rolling,,44.57424437,-73.22195838,0,0,0,0,1b,0,,Rolling,0,0,0,0
Malletts Bay,6/22/2015,Calm,,44.57424437,-73.22195838,0,0,0,0,1a,0,,Rolling,0,0,0,0
Malletts Bay,6/24/2015,Rolling,,44.57424437,-73.22195838,0,0,0,0,1a,0,,Rolling,0,0,0,0
Malletts Bay,6/26/2015,Rolling,63.4,44.57424437,-73.22195838,0,0,0,0,1a,0,,Rolling,0,0,0,0
Malletts Bay,6/29/2015,Calm,,44.57424437,-73.22195838,0,0,0,0,1a,0,63.4,Rolling,0,0,0,0
Malletts Bay,7/3/2015,Calm,66.5,44.57424437,-73.22195838,0,0,0,0,1a,0,63.4,Calm,0,0,0,0
Malletts Bay,7/6/2015,Rolling,,44.57424437,-73.22195838,0,0,0,0,1a,0,66.5,Calm,0,0,0,0
Malletts Bay,7/10/2015,Calm,70.9,44.57424437,-73.22195838,0,0,0,0,1a,0,66.5,Calm,0,0,0,0
Malletts Bay,7/13/2015,Rolling,,44.57424437,-73.22195838,0,0,0,0,1a,0,70.9,Calm,0,0,0,0
Malletts Bay,7/16/2015,Rolling,68.9,44.57424437,-73.22195838,0,0,0,0,1a,0,70.9,Calm,0,0,0,0
Malletts Bay,7/20/2015,Calm,,44.57424437,-73.22195838,0,0,0,0,1a,0,69.9,Rolling,0,0,0,0
Malletts Bay,7/24/2015,Calm,74.6,44.57424437,-73.22195838,0,0,0,0,1a,0,68.9,Calm,0,0,0,0
Malletts Bay,7/27/2015,Rolling,,44.57424437,-73.22195838,0,0,0,0,1a,0,74.6,Calm,0,0,0,0
Malletts Bay,7/29/2015,Calm,77,44.57424437,-73.22195838,1,1,0,0,1a,0,74.6,Calm,0,0,0,0
Malletts Bay,7/31/2015,Rolling,76.2,44.57424437,-73.22195838,0,0,0,0,1a,0,75.8,Calm,0,0,0,0
Malletts Bay,8/3/2015,White Caps,,44.57424437,-73.22195838,0,0,0,0,1b,0,76.6,Rolling,0,0,0,0
Malletts Bay,8/5/2015,White Caps,,44.57424437,-73.22195838,0,0,0,0,1a,0,76.6,Calm,0,0,0,0
Malletts Bay,8/7/2015,Rolling,72.1,44.57424437,-73.22195838,0,0,0,0,1a,0,76.2,White Caps,0,0,0,0
Malletts Bay,8/10/2015,Rolling,,44.57424437,-73.22195838,0,0,0,0,1b,0,72.1,White Caps,0,0,0,0
Malletts Bay,8/13/2015,Rolling,72.2,44.57424437,-73.22195838,0,0,0,0,1a,0,72.1,Rolling,0,0,0,0
Malletts Bay,8/19/2015,Rolling,77.6,44.57424437,-73.22195838,0,0,0,0,1a,0,72.15,Rolling,0,0,0,0
Malletts Bay,8/24/2015,Rolling,,44.57424437,-73.22195838,0,0,0,0,1a,0,74.9,Rolling,0,0,0,0
Malletts Bay,8/25/2015,Rolling,74.2,44.57424437,-73.22195838,0,0,0,0,1a,0,77.6,Rolling,0,0,0,0
Malletts Bay,8/31/2015,Rolling,74,44.57424437,-73.22195838,0,0,0,0,1a,0,75.9,Rolling,0,0,0,0
Malletts Bay,9/2/2015,Rolling,73.9,44.57424437,-73.22195838,0,0,0,0,1a,0,74.1,Rolling,0,0,0,0
Malletts Bay,9/14/2015,Rolling,,44.57424437,-73.22195838,0,0,0,0,1a,0,73.95,,,,,
Malletts Bay,9/22/2015,Calm,70,44.57424437,-73.22195838,0,0,0,0,1a,0,,,,,,
Malletts Bay,6/18/2016,Calm,,44.57424437,-73.22195838,0,0,0,0,1b,0,70,,,,,
Malletts Bay,6/23/2016,Calm,64.5,44.57424437,-73.22195838,0,0,0,0,1a,0,,Calm,0,0,0,0
Malletts Bay,6/25/2016,Calm,,44.57424437,-73.22195838,0,0,0,0,1b,0,64.5,Calm,0,0,0,0
Malletts Bay,6/27/2016,Rolling,,44.57424437,-73.22195838,0,0,0,0,1a,0,64.5,Calm,0,0,0,0
Malletts Bay,7/1/2016,Rolling,66.4,44.57424437,-73.22195838,0,0,0,0,1a,0,64.5,Calm,0,0,0,0
Malletts Bay,7/2/2016,Rolling,,44.57424437,-73.22195838,0,0,0,0,1b,0,66.4,Rolling,0,0,0,0
Malletts Bay,7/5/2016,Calm,,44.57424437,-73.22195838,0,0,0,0,1a,0,66.4,Rolling,0,0,0,0
Malletts Bay,7/7/2016,Rolling,73.8,44.57424437,-73.22195838,0,0,0,0,1a,0,66.4,Rolling,0,0,0,0
Malletts Bay,7/8/2016,Rolling,,44.57424437,-73.22195838,0,0,0,0,1b,0,70.1,Rolling,0,0,0,0
Malletts Bay,7/14/2016,White Caps,73.4,44.57424437,-73.22195838,0,0,0,0,1a,0,73.8,Rolling,0,0,0,0
Malletts Bay,7/18/2016,White Caps,,44.57424437,-73.22195838,0,0,0,0,1b,0,73.4,White Caps,0,0,0,0
Malletts Bay,7/21/2016,White Caps,73.6,44.57424437,-73.22195838,0,0,0,0,1b,0,73.4,White Caps,0,0,0,0
Malletts Bay,7/26/2016,Rolling,,44.57424437,-73.22195838,0,0,0,0,1b,0,73.6,White Caps,0,0,0,0
Malletts Bay,7/29/2016,Rolling,73.4,44.57424437,-73.22195838,0,0,0,0,1a,0,73.6,Rolling,0,0,0,0
Malletts Bay,8/4/2016,White Caps,75.8,44.57424437,-73.22195838,0,0,0,0,1b,0,73.4,Rolling,0,0,0,0
Malletts Bay,8/8/2016,Calm,,44.57424437,-73.22195838,0,0,0,0,1b,0,74.6,White Caps,0,0,0,0
Malletts Bay,8/11/2016,Calm,78.7,44.57424437,-73.22195838,0,0,0,0,1a,0,75.8,Calm,0,0,0,0
Malletts Bay,8/15/2016,Calm,,44.57424437,-73.22195838,0,0,0,0,1b,0,78.7,Calm,0,0,0,0
Malletts Bay,8/18/2016,Rolling,76.3,44.57424437,-73.22195838,0,0,0,0,1a,0,78.7,Calm,0,0,0,0
Malletts Bay,8/22/2016,Rolling,,44.57424437,-73.22195838,0,0,0,0,1b,0,76.3,Calm,0,0,0,0
Malletts Bay,8/23/2016,White Caps,74.8,44.57424437,-73.22195838,0,0,0,0,1a,0,76.3,Rolling,0,0,0,0
Malletts Bay,8/29/2016,White Caps,,44.57424437,-73.22195838,0,0,0,0,1a,0,75.55,Rolling,0,0,0,0
Malletts Bay,8/31/2016,Rolling,73.3,44.57424437,-73.22195838,0,0,0,0,1a,0,74.8,White Caps,0,0,0,0
Malletts Bay,9/6/2016,Calm,,44.57424437,-73.22195838,0,0,0,0,1a,0,73.3,Rolling,0,0,0,0
Malletts Bay,6/9/2017,Rolling,,44.57424437,-73.22195838,1,1,0,0,1a,0,73.3,,,,,
Malletts Bay,6/19/2017,Rolling,58,44.57424437,-73.22195838,0,0,0,0,1b,0,,,,,,
Malletts Bay,6/22/2017,Calm,,44.57424437,-73.22195838,0,0,0,0,1a,0,58,Rolling,0,0,0,0
Malletts Bay,6/24/2017,Calm,,44.57424437,-73.22195838,0,0,0,0,1a,0,58,Calm,0,0,0,0
Malletts Bay,6/26/2017,Calm,60,44.57424437,-73.22195838,0,0,0,0,1a,0,58,Calm,0,0,0,0
Malletts Bay,6/27/2017,Calm,,44.57424437,-73.22195838,1,1,0,0,1a,0,60,Calm,0,0,0,0
Malletts Bay,7/3/2017,Rolling,,44.57424437,-73.22195838,0,0,0,0,1a,0,60,Calm,0,0,0,0
Malletts Bay,7/4/2017,Calm,,44.57424437,-73.22195838,0,0,0,0,1a,0,,Calm,0,0,0,0
Malletts Bay,7/10/2017,Rolling,,44.57424437,-73.22195838,0,0,0,0,1a,0,,Calm,0,0,0,0
Malletts Bay,7/11/2017,Calm,,44.57424437,-73.22195838,0,0,0,0,1a,0,,Calm,0,0,0,0
Malletts Bay,7/17/2017,Calm,,44.57424437,-73.22195838,1,1,0,0,1a,0,,Calm,0,0,0,0
Malletts Bay,7/18/2017,Calm,,44.57424437,-73.22195838,0,0,0,0,1a,0,,Calm,0,0,0,0
Malletts Bay,7/24/2017,Rolling,,44.57424437,-73.22195838,0,0,0,0,1a,0,,Calm,0,0,0,0
Malletts Bay,7/25/2017,Calm,,44.57424437,-73.22195838,0,0,0,0,1a,0,,Calm,0,0,0,0
Malletts Bay,7/26/2017,Calm,75.2,44.57424437,-73.22195838,0,0,0,0,1a,0,,Calm,0,0,0,0
Malletts Bay,7/31/2017,Rolling,,44.57424437,-73.22195838,0,0,0,0,1b,0,75.2,Calm,0,0,0,0
Malletts Bay,8/1/2017,Calm,,44.57424437,-73.22195838,1,1,0,0,1d,0,75.2,Calm,0,0,0,0
Malletts Bay,8/2/2017,Calm,77.6,44.57424437,-73.22195838,0,0,0,0,1a,0,75.2,Calm,0,0,0,0
Malletts Bay,8/4/2017,White Caps,,44.57424437,-73.22195838,0,0,0,0,1b,0,77.6,Calm,0,0,0,0
Malletts Bay,8/8/2017,Calm,75.5,44.57424437,-73.22195838,0,0,0,0,1a,0,77.6,Calm,0,0,0,0
Malletts Bay,8/9/2017,Rolling,,44.57424437,-73.22195838,0,0,0,0,1a,0,76.55,Calm,0,0,0,0
Malletts Bay,8/14/2017,Rolling,,44.57424437,-73.22195838,0,0,0,0,1b,0,75.5,Calm,0,0,0,0
Malletts Bay,8/16/2017,Calm,70,44.57424437,-73.22195838,0,0,0,0,1a,0,75.5,Rolling,0,0,0,0
Malletts Bay,8/17/2017,Calm,77.4,44.57424437,-73.22195838,1,1,0,0,1a,0,70,Calm,0,0,0,0
Malletts Bay,8/22/2017,Calm,76.2,44.57424437,-73.22195838,0,0,0,0,1a,0,73.7,Calm,0,0,0,0
Malletts Bay,8/25/2017,Calm,,44.57424437,-73.22195838,0,0,0,0,1a,0,74.53333333,Calm,0,0,0,0
Malletts Bay,8/29/2017,Calm,,44.57424437,-73.22195838,0,0,0,0,1a,0,76.2,Calm,0,0,0,0
Malletts Bay,8/30/2017,Calm,78,44.57424437,-73.22195838,1,1,0,0,1d,0,,Calm,0,0,0,0
Malletts Bay,8/31/2017,Calm,,44.57424437,-73.22195838,0,0,0,0,1b,0,78,Calm,0,0,0,0
Malletts Bay,9/5/2017,Calm,,44.57424437,-73.22195838,0,0,0,0,1a,0,78,Calm,0,0,0,0
Malletts Bay,9/6/2017,Calm,66.2,44.57424437,-73.22195838,0,0,0,0,1a,0,78,Calm,0,0,0,0
Malletts Bay,9/7/2017,Rolling,,44.57424437,-73.22195838,0,0,0,0,1a,0,66.2,Calm,0,0,0,0
Malletts Bay,9/11/2017,Calm,,44.57424437,-73.22195838,0,0,0,0,1a,0,66.2,Calm,0,0,0,0
Malletts Bay,9/13/2017,Calm,70.3,44.57424437,-73.22195838,0,0,0,0,1a,0,66.2,Calm,0,0,0,0
Malletts Bay,9/14/2017,Calm,,44.57424437,-73.22195838,1,1,1,0,1a,0,70.3,Calm,0,0,0,0
Malletts Bay,9/18/2017,Calm,,44.57424437,-73.22195838,0,0,0,0,1a,0,70.3,Calm,0,0,0,0
Malletts Bay,9/22/2017,Rolling,72.6,44.57424437,-73.22195838,0,0,0,0,1a,0,70.3,Calm,0,0,0,0
Malletts Bay,9/25/2017,Calm,,44.57424437,-73.22195838,0,0,0,0,2,1,72.6,Calm,0,0,0,0
Malletts Bay,9/26/2017,Calm,,44.57424437,-73.22195838,0,0,0,0,1a,0,72.6,Calm,0,0,0,0
Malletts Bay,9/27/2017,Calm,76.4,44.57424437,-73.22195838,1,1,0,0,1d,0,72.6,Calm,0,0,0,0
Malletts Bay,6/5/2018,,,44.57424437,-73.22195838,1,1,0,0,1a,0,74.5,,,,,
Malletts Bay,6/18/2018,Rolling,,44.57424437,-73.22195838,1,1,0,0,1b,0,,,,,,
Malletts Bay,6/21/2018,Calm,,44.57424437,-73.22195838,0,0,0,0,1b,0,,Rolling,1,1,0,0
Malletts Bay,6/24/2018,Calm,,44.57424437,-73.22195838,0,0,0,0,2,1,,Calm,0,0,0,0
Malletts Bay,6/25/2018,Rolling,,44.57424437,-73.22195838,0,0,0,0,1a,0,,Calm,0,0,0,0
Malletts Bay,6/26/2018,Rolling,74,44.57424437,-73.22195838,0,0,0,0,2,1,,Calm,0,0,0,0
Malletts Bay,6/27/2018,Calm,68.4,44.57424437,-73.22195838,0,0,0,0,1b,0,74,Calm,0,0,0,0
Malletts Bay,6/28/2018,Calm,72,44.57424437,-73.22195838,0,0,0,0,3,1,71.2,Calm,0,0,0,0
Malletts Bay,6/29/2018,Calm,76,44.57424437,-73.22195838,0,0,0,0,3,1,71.46666667,Calm,0,0,0,0
Malletts Bay,6/30/2018,Rolling,,44.57424437,-73.22195838,0,0,0,0,1d,0,72.6,Calm,0,0,0,0
Malletts Bay,7/1/2018,Calm,,44.57424437,-73.22195838,0,0,0,0,3,1,72.6,Calm,0,0,0,0
Malletts Bay,7/2/2018,Rolling,,44.57424437,-73.22195838,1,1,0,0,1d,0,72.6,Calm,0,0,0,0
Malletts Bay,7/3/2018,Rolling,82,44.57424437,-73.22195838,0,0,0,0,2,1,72.6,Calm,0,0,0,0
Malletts Bay,7/6/2018,Rolling,82,44.57424437,-73.22195838,0,0,0,0,1b,0,74.6,Rolling,0,0,0,0
Malletts Bay,7/9/2018,Rolling,,44.57424437,-73.22195838,0,0,0,0,1a,0,82,Rolling,0,0,0,0
Malletts Bay,7/10/2018,Calm,,44.57424437,-73.22195838,0,0,0,0,1a,0,82,Rolling,0,0,0,0
Malletts Bay,7/11/2018,Rolling,75,44.57424437,-73.22195838,1,1,0,0,1d,0,82,Rolling,0,0,0,0
Malletts Bay,7/16/2018,Calm,,44.57424437,-73.22195838,0,0,0,0,1a,0,78.5,Rolling,0,0,0,0
Malletts Bay,7/17/2018,Rolling,,44.57424437,-73.22195838,0,0,0,0,1a,0,75,Calm,0,0,0,0
Malletts Bay,7/18/2018,White Caps,76,44.57424437,-73.22195838,0,0,0,0,1a,0,75,Rolling,0,0,0,0
Malletts Bay,7/23/2018,Calm,,44.57424437,-73.22195838,0,0,0,0,1c,0,76,Calm,0,0,0,0
Malletts Bay,7/24/2018,White Caps,78,44.57424437,-73.22195838,0,0,0,0,1a,0,76,Calm,0,0,0,0
Malletts Bay,7/30/2018,Rolling,,44.57424437,-73.22195838,0,0,0,0,1b,0,77,Calm,0,0,0,0
Malletts Bay,8/1/2018,White Caps,75,44.57424437,-73.22195838,1,1,1,0,1a,0,78,Rolling,0,0,0,0
Malletts Bay,8/2/2018,Calm,,44.57424437,-73.22195838,0,0,0,0,1c,0,75,Rolling,0,0,0,0
Malletts Bay,8/3/2018,Calm,,44.57424437,-73.22195838,0,0,0,0,3,1,75,Calm,0,0,0,0
Malletts Bay,8/4/2018,Calm,,44.57424437,-73.22195838,0,0,0,0,3,1,75,Calm,0,0,0,0
Malletts Bay,8/6/2018,Calm,,44.57424437,-73.22195838,0,0,0,0,2,1,75,Calm,0,0,0,0
Malletts Bay,8/7/2018,Calm,,44.57424437,-73.22195838,0,0,0,0,1a,0,75,Calm,0,0,0,0
Malletts Bay,8/8/2018,Calm,,44.57424437,-73.22195838,0,0,0,0,3,1,75,Calm,0,0,0,0
Malletts Bay,8/9/2018,Calm,75.5,44.57424437,-73.22195838,0,0,0,0,1d,0,,Calm,0,0,0,0
Malletts Bay,8/10/2018,Rolling,,44.57424437,-73.22195838,0,0,0,0,1c,0,75.5,Calm,0,0,0,0
Malletts Bay,8/13/2018,Calm,,44.57424437,-73.22195838,0,0,0,0,2,1,75.5,Calm,0,0,0,0
Malletts Bay,8/14/2018,Calm,,44.57424437,-73.22195838,0,0,0,0,1a,0,75.5,Calm,0,0,0,0
Malletts Bay,8/15/2018,Calm,,44.57424437,-73.22195838,0,0,0,0,1c,0,75.5,Calm,0,0,0,0
Malletts Bay,8/16/2018,Calm,,44.57424437,-73.22195838,0,0,0,0,1a,0,75.5,Calm,0,0,0,0
Malletts Bay,8/17/2018,,,44.57424437,-73.22195838,1,1,1,0,1a,0,,Calm,0,0,0,0
Malletts Bay,8/20/2018,Calm,,44.57424437,-73.22195838,0,0,0,0,1c,0,,Calm,0,0,0,0
Malletts Bay,8/21/2018,Rolling,,44.57424437,-73.22195838,0,0,0,0,1a,0,,Calm,0,0,0,0
Malletts Bay,8/22/2018,Calm,75.5,44.57424437,-73.22195838,0,0,0,0,1b,0,,Calm,0,0,0,0
Malletts Bay,8/27/2018,Calm,,44.57424437,-73.22195838,0,0,0,0,3,1,75.5,Calm,0,0,0,0
Malletts Bay,8/28/2018,Rolling,,44.57424437,-73.22195838,0,0,0,0,1a,0,75.5,Calm,0,0,0,0
Malletts Bay,8/29/2018,Calm,79,44.57424437,-73.22195838,1,1,1,0,1d,0,75.5,Calm,0,0,0,0
Malletts Bay,9/6/2018,Calm,79,44.57424437,-73.22195838,0,0,0,0,1b,0,79,,,,,
Malletts Bay,9/12/2018,Calm,,44.57424437,-73.22195838,0,0,0,0,1d,0,79,Calm,0,0,0,0
Malletts Bay,9/14/2018,Rolling,70,44.57424437,-73.22195838,1,1,1,0,1d,0,79,Calm,0,0,0,0
Malletts Bay,9/19/2018,Rolling,72,44.57424437,-73.22195838,0,0,0,0,1c,0,70,Calm,0,0,0,0
Malletts Bay,9/26/2018,Calm,,44.57424437,-73.22195838,0,0,0,0,1c,0,71,Rolling,0,0,0,0
Malletts Bay,6/10/2019,,,44.57424437,-73.22195838,1,1,0,0,1a,0,,,,,,
Malletts Bay,6/18/2019,Rolling,,44.57424437,-73.22195838,0,0,0,0,1c,0,,,,,,
Malletts Bay,6/19/2019,Rolling,,44.57424437,-73.22195838,0,0,0,0,1d,0,,Rolling,0,0,0,0
Malletts Bay,6/20/2019,Calm,,44.57424437,-73.22195838,0,0,0,0,1a,0,,Rolling,0,0,0,0
Malletts Bay,6/24/2019,Calm,,44.57424437,-73.22195838,0,0,0,0,1d,0,,Rolling,0,0,0,0
Malletts Bay,6/25/2019,Calm,,44.57424437,-73.22195838,0,0,0,0,1a,0,,Calm,0,0,0,0
Malletts Bay,6/26/2019,Calm,56,44.57424437,-73.22195838,0,0,0,0,3,1,,Calm,0,0,0,0
Malletts Bay,6/27/2019,Calm,,44.57424437,-73.22195838,0,0,0,0,3,1,56,Calm,0,0,0,0
Malletts Bay,6/28/2019,Calm,71.5,44.57424437,-73.22195838,0,0,0,0,2,1,56,Calm,0,0,0,0
Malletts Bay,7/1/2019,Calm,75,44.57424437,-73.22195838,1,0,0,0,2,1,63.75,Calm,0,0,0,0
Malletts Bay,7/2/2019,Calm,73,44.57424437,-73.22195838,0,0,0,0,2,1,67.5,Calm,0,0,0,0
Malletts Bay,7/3/2019,Calm,80,44.57424437,-73.22195838,0,0,0,0,2,1,68.875,Calm,0,0,0,0
Malletts Bay,7/5/2019,Calm,80.4,44.57424437,-73.22195838,0,0,0,0,1b,0,74.875,Calm,0,0,0,0
Malletts Bay,7/8/2019,Calm,,44.57424437,-73.22195838,0,0,0,0,2,1,77.1,Calm,0,0,0,0
Malletts Bay,7/9/2019,Calm,,44.57424437,-73.22195838,0,0,0,0,1d,0,77.8,Calm,0,0,0,0
Malletts Bay,7/10/2019,Calm,,44.57424437,-73.22195838,0,0,0,0,1a,0,80.2,Calm,0,0,0,0
Malletts Bay,7/12/2019,Calm,78.02,44.57424437,-73.22195838,0,0,0,0,1a,0,80.4,Calm,0,0,0,0
Malletts Bay,7/15/2019,Calm,,44.57424437,-73.22195838,0,0,0,0,1a,0,78.02,Calm,0,0,0,0
Malletts Bay,7/16/2019,Rolling,,44.57424437,-73.22195838,0,0,0,0,1b,0,78.02,Calm,0,0,0,0
Malletts Bay,7/17/2019,Calm,75.7,44.57424437,-73.22195838,0,0,0,0,1a,0,78.02,Calm,0,0,0,0
Malletts Bay,7/22/2019,Calm,,44.57424437,-73.22195838,1,1,0,0,1d,0,76.86,Calm,0,0,0,0
Malletts Bay,7/23/2019,Calm,,44.57424437,-73.22195838,0,0,0,0,1a,0,75.7,Calm,0,0,0,0
Malletts Bay,7/24/2019,Calm,,44.57424437,-73.22195838,0,0,0,0,1a,0,75.7,Calm,0,0,0,0
Malletts Bay,7/26/2019,Calm,80,44.57424437,-73.22195838,0,0,0,0,1a,0,,Calm,0,0,0,0
Malletts Bay,7/29/2019,Rolling,,44.57424437,-73.22195838,0,0,0,0,1d,0,80,Calm,0,0,0,0
Malletts Bay,7/30/2019,Calm,,44.57424437,-73.22195838,0,0,0,0,1b,0,80,Calm,0,0,0,0
Malletts Bay,7/31/2019,Calm,,44.57424437,-73.22195838,0,0,0,0,1a,0,80,Calm,0,0,0,0
Malletts Bay,8/2/2019,Rolling,76.3,44.57424437,-73.22195838,0,0,1,0,1d,0,80,Calm,0,0,0,0
Malletts Bay,8/3/2019,Calm,,44.57424437,-73.22195838,0,0,0,0,1a,0,76.3,Calm,0,0,0,0
Malletts Bay,8/5/2019,Calm,,44.57424437,-73.22195838,0,0,0,0,1c,0,76.3,Calm,0,0,0,0
Malletts Bay,8/6/2019,Rolling,,44.57424437,-73.22195838,0,0,0,0,1a,0,76.3,Calm,0,0,0,0
Malletts Bay,8/7/2019,Calm,,44.57424437,-73.22195838,0,0,0,0,1a,0,76.3,Calm,0,0,0,0
Malletts Bay,8/8/2019,Calm,76.6,44.57424437,-73.22195838,0,0,0,0,1a,0,76.3,Calm,0,0,0,0
Malletts Bay,8/12/2019,Rolling,,44.57424437,-73.22195838,0,0,0,0,1c,0,76.45,Calm,0,0,0,0
Malletts Bay,8/13/2019,Rolling,,44.57424437,-73.22195838,0,0,0,0,1c,0,76.6,Calm,0,0,0,0
Malletts Bay,8/14/2019,Calm,,44.57424437,-73.22195838,0,0,0,0,1a,0,76.6,Calm,0,0,0,0
Malletts Bay,8/15/2019,Calm,75.2,44.57424437,-73.22195838,1,1,0,0,1d,0,76.6,Calm,0,0,0,0
Malletts Bay,8/16/2019,Calm,,44.57424437,-73.22195838,0,0,0,0,1a,0,75.2,Calm,0,0,0,0
Malletts Bay,8/19/2019,White Caps,,44.57424437,-73.22195838,0,0,0,0,1b,0,75.2,Calm,0,0,0,0
Malletts Bay,8/20/2019,Calm,,44.57424437,-73.22195838,0,0,0,0,2,1,75.2,Calm,0,0,0,0
Malletts Bay,8/21/2019,Calm,,44.57424437,-73.22195838,0,0,0,0,1a,0,75.2,Calm,0,0,0,0
Malletts Bay,8/22/2019,Calm,76.2,44.57424437,-73.22195838,0,0,0,0,1a,0,75.2,Calm,0,0,0,0
Malletts Bay,8/26/2019,Calm,,44.57424437,-73.22195838,0,0,0,0,1c,0,76.2,Calm,0,0,0,0
Malletts Bay,8/27/2019,Rolling,,44.57424437,-73.22195838,0,0,0,0,1d,0,76.2,Calm,0,0,0,0
Malletts Bay,8/31/2019,Calm,68.8,44.57424437,-73.22195838,0,0,0,0,1a,0,76.2,Calm,0,0,0,0
Malletts Bay,9/2/2019,White Caps,,44.57424437,-73.22195838,0,0,0,0,1c,0,68.8,Calm,0,0,0,0
Malletts Bay,9/3/2019,Calm,,44.57424437,-73.22195838,0,0,0,0,1a,0,68.8,Calm,0,0,0,0
Malletts Bay,9/5/2019,Calm,72,44.57424437,-73.22195838,1,1,1,0,1d,0,68.8,Calm,0,0,0,0
Malletts Bay,9/10/2019,Rolling,,44.57424437,-73.22195838,0,0,0,0,1a,0,70.4,Calm,0,0,0,0
Malletts Bay,9/13/2019,Calm,,44.57424437,-73.22195838,0,0,0,0,1a,0,72,Rolling,0,0,0,0
Malletts Bay,9/16/2019,Rolling,,44.57424437,-73.22195838,0,0,0,0,1c,0,,Calm,0,0,0,0
Malletts Bay,9/18/2019,Calm,,44.57424437,-73.22195838,0,0,0,0,1a,0,,Calm,0,0,0,0
Malletts Bay,9/19/2019,Calm,71.4,44.57424437,-73.22195838,0,0,0,0,1a,0,,Calm,0,0,0,0
Malletts Bay,9/20/2019,,,44.57424437,-73.22195838,0,0,1,0,1a,0,71.4,Calm,0,0,0,0
Malletts Bay,9/23/2019,Rolling,,44.57424437,-73.22195838,0,0,0,0,1b,0,71.4,Calm,0,0,0,0
Malletts Bay,9/26/2019,Calm,64.2,44.57424437,-73.22195838,0,0,0,0,1a,0,71.4,Calm,0,0,0,0
Malletts Bay,9/30/2019,Calm,,44.57424437,-73.22195838,0,0,0,0,1c,0,64.2,Calm,0,0,0,0
Malletts Bay,10/5/2019,Calm,,44.57424437,-73.22195838,0,0,0,0,2,1,64.2,Calm,0,0,0,0
Malletts Bay,10/9/2019,Calm,,44.57424437,-73.22195838,0,0,0,0,1d,0,,Calm,0,0,0,0
Malletts Bay,10/10/2019,Calm,,44.57424437,-73.22195838,0,0,0,0,1a,0,,Calm,0,0,0,0
Malletts Bay,10/14/2019,Rolling,,44.57424437,-73.22195838,0,0,0,0,1a,0,,Calm,0,0,0,0
Malletts Bay,10/15/2019,,,44.57424437,-73.22195838,1,1,1,0,1a,0,,Calm,0,0,0,0
Malletts Bay,10/21/2019,Rolling,,44.57424437,-73.22195838,0,0,0,0,1d,0,,Rolling,0,0,0,0
Malletts Bay,6/24/2020,Rolling,,44.57424437,-73.22195838,0,0,0,0,1a,0,,,,,,
Malletts Bay,6/29/2020,Calm,,44.57424437,-73.22195838,0,0,0,0,1c,0,,Rolling,0,0,0,0
Malletts Bay,7/2/2020,Calm,,44.57424437,-73.22195838,0,0,0,0,1a,0,,Calm,0,0,0,0
Malletts Bay,7/6/2020,Rolling,,44.57424437,-73.22195838,0,0,0,0,1c,0,,Calm,0,0,0,0
Malletts Bay,7/9/2020,Calm,,44.57424437,-73.22195838,0,0,0,0,1c,0,,Calm,0,0,0,0
Malletts Bay,7/10/2020,Calm,,44.57424437,-73.22195838,0,0,0,0,1a,0,,Calm,0,0,0,0
Malletts Bay,7/13/2020,Calm,,44.57424437,-73.22195838,0,0,0,0,1a,0,,Calm,0,0,0,0
Malletts Bay,7/16/2020,Calm,,44.57424437,-73.22195838,0,0,0,0,1c,0,,Calm,0,0,0,0
Malletts Bay,7/17/2020,Calm,,44.57424437,-73.22195838,0,0,0,0,1a,0,,Calm,0,0,0,0
Malletts Bay,7/20/2020,Rolling,,44.57424437,-73.22195838,0,0,0,0,1c,0,,Calm,0,0,0,0
Malletts Bay,7/23/2020,Calm,,44.57424437,-73.22195838,0,0,0,0,1c,0,,Calm,0,0,0,0
Malletts Bay,7/24/2020,White Caps,,44.57424437,-73.22195838,0,0,0,0,1a,0,,Calm,0,0,0,0
Malletts Bay,7/27/2020,Rolling,,44.57424437,-73.22195838,0,0,0,0,1c,0,,Calm,0,0,0,0
Malletts Bay,7/31/2020,Rolling,,44.57424437,-73.22195838,0,0,0,0,1c,0,,Rolling,0,0,0,0
Malletts Bay,8/3/2020,Rolling,,44.57424437,-73.22195838,0,0,0,0,1c,0,,Rolling,0,0,0,0
Malletts Bay,8/6/2020,Calm,,44.57424437,-73.22195838,0,0,0,0,1c,0,,Rolling,0,0,0,0
Malletts Bay,8/7/2020,Calm,,44.57424437,-73.22195838,0,0,0,0,1a,0,,Rolling,0,0,0,0
Malletts Bay,8/10/2020,Calm,,44.57424437,-73.22195838,0,0,0,0,1c,0,,Calm,0,0,0,0
Malletts Bay,8/13/2020,Calm,,44.57424437,-73.22195838,0,0,0,0,1c,0,,Calm,0,0,0,0
Malletts Bay,8/14/2020,White Caps,,44.57424437,-73.22195838,0,0,0,0,1b,0,,Calm,0,0,0,0
Malletts Bay,8/17/2020,Rolling,,44.57424437,-73.22195838,0,0,0,0,1c,0,,Calm,0,0,0,0
Malletts Bay,8/20/2020,Calm,,44.57424437,-73.22195838,0,0,0,0,1c,0,,Calm,0,0,0,0
Malletts Bay,8/24/2020,Calm,,44.57424437,-73.22195838,0,0,0,0,1c,0,,Calm,0,0,0,0
Malletts Bay,8/25/2020,Calm,,44.57424437,-73.22195838,0,0,0,0,1a,0,,Calm,0,0,0,0
Malletts Bay,8/27/2020,Calm,68,44.57424437,-73.22195838,0,0,0,0,1a,0,,Calm,0,0,0,0
Malletts Bay,8/31/2020,Calm,,44.57424437,-73.22195838,0,0,0,0,1a,0,68,Calm,0,0,0,0
Malletts Bay,9/3/2020,Calm,,44.57424437,-73.22195838,0,0,0,0,1a,0,68,Calm,0,0,0,0
Malletts Bay,9/4/2020,Calm,,44.57424437,-73.22195838,0,0,0,0,1c,0,,Calm,0,0,0,0
Malletts Bay,9/5/2020,Calm,,44.57424437,-73.22195838,0,0,0,0,2,1,,Calm,0,0,0,0
Malletts Bay,9/7/2020,White Caps,,44.57424437,-73.22195838,0,0,0,0,1c,0,,Calm,0,0,0,0
Malletts Bay,9/10/2020,Rolling,,44.57424437,-73.22195838,0,0,0,0,1a,0,,Calm,0,0,0,0
Malletts Bay,9/14/2020,Calm,,44.57424437,-73.22195838,0,0,0,0,1a,0,,Rolling,0,0,0,0
Malletts Bay,9/21/2020,Calm,,44.57424437,-73.22195838,0,0,0,0,1d,0,,Calm,0,0,0,0
Malletts Bay,9/22/2020,Calm,,44.57424437,-73.22195838,0,0,0,0,1a,0,,Calm,0,0,0,0
Malletts Bay,9/23/2020,Calm,,44.57424437,-73.22195838,0,0,0,0,2,1,,Calm,0,0,0,0
Malletts Bay,9/24/2020,Calm,,44.57424437,-73.22195838,0,0,0,0,1a,0,,Calm,0,0,0,0
Malletts Bay,9/28/2020,Calm,,44.57424437,-73.22195838,0,0,0,0,1a,0,,Calm,0,0,0,0
Malletts Bay,10/1/2020,Calm,,44.57424437,-73.22195838,0,0,0,0,3,1,,Calm,0,0,0,0
Malletts Bay,10/5/2020,Calm,,44.57424437,-73.22195838,0,0,0,0,1a,0,,Calm,0,0,0,0
Malletts Bay,10/7/2020,Calm,,44.57424437,-73.22195838,0,0,0,0,1a,0,,Calm,0,0,0,0
Malletts Bay,10/13/2020,Calm,,44.57424437,-73.22195838,0,0,0,0,1a,0,,Calm,0,0,0,0
Malletts Bay,10/14/2020,Calm,,44.57424437,-73.22195838,0,0,0,0,1b,0,,Calm,0,0,0,0
Malletts Bay,10/30/2020,Rolling,,44.57424437,-73.22195838,0,0,0,0,1c,0,,,,,,
Malletts Bay,11/6/2020,Rolling,,44.57424437,-73.22195838,0,0,0,0,1a,0,,Rolling,0,0,0,0
Malletts Bay,6/23/2021,Rolling,,44.57424437,-73.22195838,0,0,0,0,1a,0,,,,,,
Malletts Bay,6/24/2021,Calm,,44.57424437,-73.22195838,0,0,0,0,1a,0,,Rolling,0,0,0,0
Malletts Bay,6/28/2021,Rolling,,44.57424437,-73.22195838,0,0,0,0,1d,0,,Calm,0,0,0,0
Malletts Bay,6/30/2021,Calm,,44.57424437,-73.22195838,0,0,0,0,1a,0,,Rolling,0,0,0,0
Malletts Bay,7/1/2021,Rolling,,44.57424437,-73.22195838,0,0,0,0,1a,0,,Calm,0,0,0,0
Malletts Bay,7/2/2021,Calm,,44.57424437,-73.22195838,0,0,0,0,1a,0,,Rolling,0,0,0,0
Malletts Bay,7/5/2021,Rolling,64,44.57424437,-73.22195838,0,0,0,0,1d,0,,Calm,0,0,0,0
Malletts Bay,7/6/2021,White Caps,22,44.57424437,-73.22195838,0,1,0,0,1a,0,64,Calm,0,0,0,0
Malletts Bay,7/7/2021,Calm,,44.57424437,-73.22195838,0,0,0,0,1a,0,43,Calm,0,0,0,0
Malletts Bay,7/8/2021,Calm,,44.57424437,-73.22195838,0,0,0,0,1a,0,43,Calm,0,0,0,0
Malletts Bay,7/9/2021,Rolling,,44.57424437,-73.22195838,0,0,0,0,1b,0,43,Calm,0,0,0,0
Malletts Bay,7/12/2021,Calm,68,44.57424437,-73.22195838,0,0,0,0,2,1,43,Calm,0,0,0,0
Malletts Bay,7/13/2021,Rolling,72,44.57424437,-73.22195838,0,0,0,0,1b,0,45,Calm,0,0,0,0
Malletts Bay,7/15/2021,Calm,,44.57424437,-73.22195838,0,0,0,0,1a,0,70,Calm,0,0,0,0
Malletts Bay,7/16/2021,Calm,72,44.57424437,-73.22195838,0,0,0,0,1c,0,70,Calm,0,0,0,0
Malletts Bay,7/18/2021,Calm,,44.57424437,-73.22195838,0,0,0,0,1a,0,70.66666667,Calm,0,0,0,0
Malletts Bay,7/19/2021,Calm,67,44.57424437,-73.22195838,0,0,0,0,2,1,70.66666667,Calm,0,0,0,0
Malletts Bay,7/20/2021,Calm,,44.57424437,-73.22195838,0,0,0,0,1a,0,70.33333333,Calm,0,0,0,0
Malletts Bay,7/22/2021,Calm,,44.57424437,-73.22195838,0,0,0,0,1a,0,69.5,Calm,0,0,0,0
Malletts Bay,7/23/2021,Calm,23,44.57424437,-73.22195838,0,1,0,0,1d,0,69.5,Calm,0,0,0,0
Malletts Bay,7/26/2021,Rolling,72,44.57424437,-73.22195838,0,0,0,0,1d,0,45,Calm,0,0,0,0
Malletts Bay,7/27/2021,White Caps,,44.57424437,-73.22195838,0,0,0,0,1a,0,47.5,Calm,0,0,0,0
Malletts Bay,7/28/2021,Rolling,,44.57424437,-73.22195838,0,0,0,0,1a,0,47.5,Calm,0,0,0,0
Malletts Bay,8/2/2021,Rolling,68,44.57424437,-73.22195838,0,0,0,0,1b,0,47.5,Rolling,0,0,0,0
Malletts Bay,8/3/2021,Calm,,44.57424437,-73.22195838,0,0,0,0,1a,0,68,Rolling,0,0,0,0
Malletts Bay,8/4/2021,Calm,21,44.57424437,-73.22195838,0,0,1,0,1a,0,68,Rolling,0,0,0,0
Malletts Bay,8/9/2021,White Caps,73,44.57424437,-73.22195838,0,0,0,0,1c,0,44.5,Calm,0,0,0,0
Malletts Bay,8/11/2021,Calm,,44.57424437,-73.22195838,0,0,0,0,1a,0,47,Calm,0,0,0,0
Malletts Bay,8/12/2021,Calm,,44.57424437,-73.22195838,0,0,0,0,1a,0,73,Calm,0,0,0,0
Malletts Bay,8/13/2021,Rolling,75.5,44.57424437,-73.22195838,0,0,0,0,2,1,73,Calm,0,0,0,0
Malletts Bay,8/16/2021,Calm,73,44.57424437,-73.22195838,0,0,0,0,1c,0,74.25,Calm,0,0,0,0
Malletts Bay,8/17/2021,Rolling,,44.57424437,-73.22195838,0,0,0,0,1c,0,74.25,Calm,0,0,0,0
Malletts Bay,8/18/2021,Calm,,44.57424437,-73.22195838,0,0,0,0,1a,0,74.25,Calm,0,0,0,0
Malletts Bay,8/19/2021,Calm,,44.57424437,-73.22195838,0,0,0,0,1a,0,74.25,Calm,0,0,0,0
Malletts Bay,8/23/2021,Calm,73,44.57424437,-73.22195838,0,0,0,0,1c,0,74.25,Calm,0,0,0,0
Malletts Bay,8/25/2021,Calm,25,44.57424437,-73.22195838,0,1,0,0,1a,0,73,Calm,0,0,0,0
Malletts Bay,8/30/2021,Rolling,73,44.57424437,-73.22195838,0,0,0,0,1c,0,49,Calm,0,0,0,0
Malletts Bay,8/31/2021,Rolling,,44.57424437,-73.22195838,0,0,0,0,1c,0,49,Calm,0,0,0,0
Malletts Bay,9/2/2021,Rolling,,44.57424437,-73.22195838,0,0,0,0,1b,0,49,Rolling,0,0,0,0
Malletts Bay,9/6/2021,White Caps,69,44.57424437,-73.22195838,0,0,0,0,1c,0,73,Rolling,0,0,0,0
Malletts Bay,9/9/2021,Calm,,44.57424437,-73.22195838,0,0,0,0,1a,0,69,Rolling,0,0,0,0
Malletts Bay,9/13/2021,Rolling,68,44.57424437,-73.22195838,0,0,0,0,1c,0,69,Calm,0,0,0,0
Malletts Bay,9/14/2021,Calm,21,44.57424437,-73.22195838,0,0,0,0,1d,0,68,Calm,0,0,0,0
Malletts Bay,9/16/2021,Calm,,44.57424437,-73.22195838,0,0,0,0,1a,0,44.5,Calm,0,0,0,0
Malletts Bay,9/20/2021,Rolling,,44.57424437,-73.22195838,0,0,0,0,1c,0,44.5,Calm,0,0,0,0
Malletts Bay,9/21/2021,White Caps,,44.57424437,-73.22195838,0,0,0,0,1c,0,21,Calm,0,0,0,0
Malletts Bay,9/23/2021,Calm,,44.57424437,-73.22195838,0,0,0,0,1a,0,,Calm,0,0,0,0
Malletts Bay,9/27/2021,Calm,66,44.57424437,-73.22195838,0,0,0,0,1c,0,,Calm,0,0,0,0
Malletts Bay,9/30/2021,Rolling,,44.57424437,-73.22195838,0,0,0,0,1b,0,66,Calm,0,0,0,0
Malletts Bay,10/6/2021,Calm,,44.57424437,-73.22195838,0,0,0,0,1c,0,66,Rolling,0,0,0,0
Malletts Bay,10/7/2021,Calm,,44.57424437,-73.22195838,0,0,0,0,1a,0,,Calm,0,0,0,0
Malletts Bay,10/12/2021,Calm,,44.57424437,-73.22195838,0,0,0,0,1c,0,,Calm,0,0,0,0
Malletts Bay,10/15/2021,Calm,,44.57424437,-73.22195838,0,0,0,0,1a,0,,Calm,0,0,0,0
Malletts Bay,10/19/2021,White Caps,17,44.57424437,-73.22195838,0,1,1,0,1a,0,,Calm,0,0,0,0
Malletts Bay,10/22/2021,Rolling,,44.57424437,-73.22195838,0,0,0,0,1a,0,17,Calm,0,0,0,0
Malletts Bay,10/28/2021,Calm,,44.57424437,-73.22195838,0,0,0,0,1d,0,17,Rolling,0,0,0,0
Malletts Bay,6/20/2022,Calm,,44.57424437,-73.22195838,0,0,0,0,1c,0,,,,,,
Malletts Bay,6/26/2022,Calm,,44.57424437,-73.22195838,0,0,0,0,1a,0,,Calm,0,0,0,0
Malletts Bay,6/27/2022,Calm,,44.57424437,-73.22195838,0,0,0,0,1b,0,,Calm,0,0,0,0
Malletts Bay,6/30/2022,Calm,,44.57424437,-73.22195838,0,0,0,0,1a,0,,Calm,0,0,0,0
Malletts Bay,7/4/2022,Rolling,,44.57424437,-73.22195838,0,0,0,0,1d,0,,Calm,0,0,0,0
Malletts Bay,7/6/2022,Rolling,,44.57424437,-73.22195838,0,0,0,0,1a,0,,Calm,0,0,0,0
Malletts Bay,7/7/2022,Calm,,44.57424437,-73.22195838,0,0,0,0,1a,0,,Rolling,0,0,0,0
Malletts Bay,7/8/2022,Calm,,44.57424437,-73.22195838,0,0,0,0,2,1,,Rolling,0,0,0,0
Malletts Bay,7/9/2022,Calm,,44.57424437,-73.22195838,0,0,0,0,1a,0,,Calm,0,0,0,0
Malletts Bay,7/11/2022,Rolling,,44.57424437,-73.22195838,0,0,0,0,1b,0,,Calm,0,0,0,0
Malletts Bay,7/13/2022,Calm,,44.57424437,-73.22195838,0,0,0,0,1a,0,,Calm,0,0,0,0
Malletts Bay,7/14/2022,Calm,,44.57424437,-73.22195838,0,0,0,0,1a,0,,Calm,0,0,0,0
Malletts Bay,7/18/2022,Rolling,,44.57424437,-73.22195838,0,0,0,0,1a,0,,Calm,0,0,0,0
Malletts Bay,7/20/2022,Calm,,44.57424437,-73.22195838,0,0,0,0,2,1,,Calm,0,0,0,0
Malletts Bay,7/21/2022,Calm,75,44.57424437,-73.22195838,0,1,1,0,1c,0,,Calm,0,0,0,0
Malletts Bay,7/25/2022,Rolling,,44.57424437,-73.22195838,0,0,0,0,1a,0,75,Calm,0,0,0,0
Malletts Bay,7/27/2022,Rolling,,44.57424437,-73.22195838,0,0,0,0,1b,0,75,Calm,0,0,0,0
Malletts Bay,7/28/2022,Calm,,44.57424437,-73.22195838,0,0,0,0,1c,0,75,Rolling,0,0,0,0
Malletts Bay,8/1/2022,Rolling,,44.57424437,-73.22195838,0,0,0,0,1a,0,,Rolling,0,0,0,0
Malletts Bay,8/4/2022,Calm,,44.57424437,-73.22195838,0,0,0,0,1c,0,,Calm,0,0,0,0
Malletts Bay,8/8/2022,Rolling,77,44.57424437,-73.22195838,0,1,1,0,1c,0,,Calm,0,0,0,0
Malletts Bay,8/10/2022,Calm,,44.57424437,-73.22195838,0,0,0,0,1a,0,77,Calm,0,0,0,0
Malletts Bay,8/11/2022,Calm,,44.57424437,-73.22195838,0,0,0,0,1c,0,77,Calm,0,0,0,0
Malletts Bay,8/15/2022,Calm,,44.57424437,-73.22195838,0,0,0,0,1d,0,77,Calm,0,0,0,0
Malletts Bay,8/16/2022,Calm,,44.57424437,-73.22195838,0,0,0,0,1a,0,,Calm,0,0,0,0
Malletts Bay,8/18/2022,Calm,,44.57424437,-73.22195838,0,0,0,0,1c,0,,Calm,0,0,0,0
Malletts Bay,8/20/2022,Calm,,44.57424437,-73.22195838,0,0,0,0,2,1,,Calm,0,0,0,0
Malletts Bay,8/21/2022,Rolling,,44.57424437,-73.22195838,0,0,0,0,1d,0,,Calm,0,0,0,0
Malletts Bay,8/22/2022,Rolling,,44.57424437,-73.22195838,0,0,0,0,1d,0,,Calm,0,0,0,0
Malletts Bay,8/25/2022,Rolling,,44.57424437,-73.22195838,0,0,0,0,1c,0,,Calm,0,0,0,0
Malletts Bay,8/29/2022,Rolling,,44.57424437,-73.22195838,0,0,0,0,1b,0,,Rolling,0,0,0,0
Malletts Bay,8/30/2022,Rolling,75,44.57424437,-73.22195838,0,0,0,0,2,1,,Rolling,0,0,0,0
Malletts Bay,8/31/2022,Rolling,,44.57424437,-73.22195838,0,0,0,0,1b,0,75,Rolling,0,0,0,0
Malletts Bay,9/1/2022,Calm,,44.57424437,-73.22195838,0,0,0,0,1c,0,75,Rolling,0,0,0,0
Malletts Bay,9/5/2022,Calm,,44.57424437,-73.22195838,0,0,0,0,1c,0,75,Rolling,0,0,0,0
Malletts Bay,9/8/2022,Calm,,44.57424437,-73.22195838,0,0,0,0,1c,0,75,Calm,0,0,0,0
Malletts Bay,9/12/2022,Calm,,44.57424437,-73.22195838,0,0,0,0,2,1,,Calm,0,0,0,0
Malletts Bay,9/13/2022,Calm,,44.57424437,-73.22195838,0,0,0,0,1c,0,,Calm,0,0,0,0
Malletts Bay,9/15/2022,Calm,,44.57424437,-73.22195838,0,0,0,0,1c,0,,Calm,0,0,0,0
Malletts Bay,9/19/2022,Calm,,44.57424437,-73.22195838,0,0,0,0,1a,0,,Calm,0,0,0,0
Malletts Bay,9/20/2022,Calm,,44.57424437,-73.22195838,0,0,0,0,1a,0,,Calm,0,0,0,0
Malletts Bay,9/23/2022,Rolling,,44.57424437,-73.22195838,0,0,0,0,1a,0,,Calm,0,0,0,0
Malletts Bay,9/26/2022,Rolling,,44.57424437,-73.22195838,0,0,0,0,1c,0,,Calm,0,0,0,0
Malletts Bay,9/29/2022,Rolling,,44.57424437,-73.22195838,0,0,0,0,1c,0,,Rolling,0,0,0,0
Malletts Bay,10/1/2022,Calm,,44.57424437,-73.22195838,0,0,0,0,1c,0,,Rolling,0,0,0,0
Malletts Bay,10/6/2022,Calm,,44.57424437,-73.22195838,0,0,0,0,1c,0,,Calm,0,0,0,0
Malletts Bay,10/12/2022,White Caps,68,44.57424437,-73.22195838,0,0,0,0,1a,0,,Calm,0,0,0,0
Malletts Bay,10/13/2022,Calm,,44.57424437,-73.22195838,0,0,0,0,1a,0,68,Calm,0,0,0,0
Malletts Bay,10/23/2022,Calm,,44.57424437,-73.22195838,0,0,0,0,1a,0,68,,,,,
Malletts Bay,11/3/2022,Calm,,44.57424437,-73.22195838,0,0,0,0,1a,0,,,,,,
Missisquoi Bay,7/1/2012,,,45.00183181,-73.14339263,0,0,0,0,1c,0,,,,,,
Missisquoi Bay,7/2/2012,,,45.00183181,-73.14339263,0,0,0,0,2,1,,,0,0,0,0
Missisquoi Bay,7/8/2012,,,45.00183181,-73.14339263,0,0,0,0,1b,0,,,0,0,0,0
Missisquoi Bay,7/9/2012,,,45.00183181,-73.14339263,0,0,0,0,1a,0,,,0,0,0,0
Missisquoi Bay,7/15/2012,,,45.00183181,-73.14339263,0,0,0,0,1c,0,,,0,0,0,0
Missisquoi Bay,7/16/2012,,,45.00183181,-73.14339263,0,0,0,0,1a,0,,,0,0,0,0
Missisquoi Bay,7/22/2012,,,45.00183181,-73.14339263,0,0,0,0,2,1,,,0,0,0,0
Missisquoi Bay,7/23/2012,,,45.00183181,-73.14339263,0,0,0,0,1a,0,,,0,0,0,0
Missisquoi Bay,7/29/2012,,,45.00183181,-73.14339263,0,0,0,0,3,1,,,0,0,0,0
Missisquoi Bay,7/30/2012,,,45.00183181,-73.14339263,0,0,0,0,2,1,,,0,0,0,0
Missisquoi Bay,8/4/2012,,,45.00183181,-73.14339263,0,0,0,0,1c,0,,,0,0,0,0
Missisquoi Bay,8/5/2012,,,45.00183181,-73.14339263,0,0,0,0,1c,0,,,0,0,0,0
Missisquoi Bay,8/6/2012,,,45.00183181,-73.14339263,0,0,0,0,1b,0,,,0,0,0,0
Missisquoi Bay,8/12/2012,,,45.00183181,-73.14339263,0,0,0,0,3,1,,,0,0,0,0
Missisquoi Bay,8/13/2012,,,45.00183181,-73.14339263,0,0,0,0,1c,0,,,0,0,0,0
Missisquoi Bay,8/19/2012,,,45.00183181,-73.14339263,0,0,0,0,2,1,,,0,0,0,0
Missisquoi Bay,8/20/2012,,,45.00183181,-73.14339263,0,0,0,0,1a,0,,,0,0,0,0
Missisquoi Bay,8/26/2012,,,45.00183181,-73.14339263,0,0,0,0,3,1,,,0,0,0,0
Missisquoi Bay,8/29/2012,,,45.00183181,-73.14339263,0,0,0,0,1a,0,,,0,0,0,0
Missisquoi Bay,9/2/2012,,,45.00183181,-73.14339263,0,0,0,0,3,1,,,0,0,0,0
Missisquoi Bay,9/4/2012,,,45.00183181,-73.14339263,0,0,0,0,1c,0,,,0,0,0,0
Missisquoi Bay,9/9/2012,,,45.00183181,-73.14339263,0,0,0,0,1c,0,,,0,0,0,0
Missisquoi Bay,9/10/2012,,,45.00183181,-73.14339263,0,0,0,0,1b,0,,,0,0,0,0
Missisquoi Bay,9/16/2012,,,45.00183181,-73.14339263,0,0,0,0,1c,0,,,0,0,0,0
Missisquoi Bay,9/23/2012,,,45.00183181,-73.14339263,0,0,0,0,1b,0,,,0,0,0,0
Missisquoi Bay,6/16/2013,Calm,68.65,45.00183181,-73.14339263,0,0,0,0,1b,0,,,,,,
Missisquoi Bay,6/17/2013,Calm,65.6,45.00183181,-73.14339263,0,0,0,0,1a,0,68.65,Calm,0,0,0,0
Missisquoi Bay,6/23/2013,Calm,70.7,45.00183181,-73.14339263,1,1,1,0,1b,0,67.125,Calm,0,0,0,0
Missisquoi Bay,6/24/2013,Rolling,72,45.00183181,-73.14339263,0,0,0,0,1a,0,68.15,Calm,0,0,0,0
Missisquoi Bay,6/25/2013,Calm,0,45.00183181,-73.14339263,0,0,0,0,1a,0,71.35,Calm,0,0,0,0
Missisquoi Bay,6/29/2013,Rolling,0,45.00183181,-73.14339263,0,0,0,0,1c,0,47.56666667,Calm,0,0,0,0
Missisquoi Bay,6/30/2013,Calm,76,45.00183181,-73.14339263,0,0,0,0,1a,0,35.675,Calm,0,0,0,0
Missisquoi Bay,7/2/2013,Calm,75,45.00183181,-73.14339263,1,0,0,0,1a,0,37,Calm,0,0,0,0
Missisquoi Bay,7/7/2013,Calm,57.425,45.00183181,-73.14339263,1,1,0,0,1a,0,50.33333333,Calm,0,0,0,0
Missisquoi Bay,7/9/2013,Calm,80,45.00183181,-73.14339263,0,0,0,0,1a,0,66.2125,Calm,1,0,0,0
Missisquoi Bay,7/13/2013,Calm,0,45.00183181,-73.14339263,0,0,0,0,1a,0,68.7125,Calm,0,0,0,0
Missisquoi Bay,7/14/2013,Calm,80,45.00183181,-73.14339263,0,0,0,0,1a,0,45.80833333,Calm,0,0,0,0
Missisquoi Bay,7/16/2013,Calm,83.4,45.00183181,-73.14339263,0,1,0,0,1a,0,53.33333333,Calm,0,0,0,0
Missisquoi Bay,7/20/2013,Rolling,0,45.00183181,-73.14339263,0,0,0,0,1a,0,54.46666667,Calm,0,0,0,0
Missisquoi Bay,7/21/2013,Rolling,76.75,45.00183181,-73.14339263,0,1,0,0,1b,0,54.46666667,Calm,0,0,0,0
Missisquoi Bay,7/22/2013,Calm,76,45.00183181,-73.14339263,0,0,0,0,1a,0,53.38333333,Rolling,0,1,0,0
Missisquoi Bay,7/23/2013,Calm,78,45.00183181,-73.14339263,0,1,1,0,1a,0,59.0375,Calm,0,0,0,0
Missisquoi Bay,7/28/2013,Rolling,49.36666667,45.00183181,-73.14339263,0,1,1,0,1b,0,57.6875,Calm,0,1,0,0
Missisquoi Bay,7/29/2013,Calm,76,45.00183181,-73.14339263,0,0,0,0,1a,0,67.78888889,Calm,0,1,1,0
Missisquoi Bay,7/30/2013,Calm,76,45.00183181,-73.14339263,0,1,0,0,1c,0,67.78888889,Calm,0,1,1,0
Missisquoi Bay,8/3/2013,Rolling,0,45.00183181,-73.14339263,0,0,0,0,1a,0,67.12222222,Calm,0,1,0,0
Missisquoi Bay,8/4/2013,Calm,71.75,45.00183181,-73.14339263,0,0,0,0,1b,0,50.34166667,Calm,0,0,0,0
Missisquoi Bay,8/6/2013,Calm,74,45.00183181,-73.14339263,1,1,0,0,1a,0,55.9375,Calm,0,0,0,0
Missisquoi Bay,8/11/2013,Rolling,48.46666667,45.00183181,-73.14339263,0,0,0,0,1b,0,48.58333333,Calm,0,0,0,0
Missisquoi Bay,8/12/2013,Calm,76,45.00183181,-73.14339263,0,0,0,0,1a,0,61.23333333,Calm,0,0,0,0
Missisquoi Bay,8/13/2013,Rolling,73,45.00183181,-73.14339263,0,1,0,0,1c,0,66.15555556,Calm,0,0,0,0
Missisquoi Bay,8/17/2013,Calm,0,45.00183181,-73.14339263,0,0,0,0,2,1,65.82222222,Rolling,0,0,0,0
Missisquoi Bay,8/18/2013,Rolling,73.4,45.00183181,-73.14339263,0,0,0,0,1a,0,49.36666667,Calm,0,0,0,0
Missisquoi Bay,8/19/2013,Rolling,73,45.00183181,-73.14339263,0,0,0,0,1b,0,55.6,Calm,0,0,0,0
Missisquoi Bay,8/20/2013,Calm,79,45.00183181,-73.14339263,0,1,1,0,1b,0,54.85,Rolling,0,0,0,0
Missisquoi Bay,8/24/2013,Calm,0,45.00183181,-73.14339263,0,0,0,0,2,1,56.35,Calm,0,0,0,0
Missisquoi Bay,8/25/2013,Rolling,0,45.00183181,-73.14339263,0,0,0,0,1a,0,56.35,Calm,0,0,0,0
Missisquoi Bay,8/26/2013,Calm,72,45.00183181,-73.14339263,1,1,1,0,2,1,38,Calm,0,0,0,0
Missisquoi Bay,8/27/2013,Calm,37,45.00183181,-73.14339263,0,0,0,0,2,1,37.75,Calm,0,0,0,0
Missisquoi Bay,8/28/2013,Rolling,0,45.00183181,-73.14339263,0,0,0,0,2,1,27.25,Calm,0,0,0,0
Missisquoi Bay,9/1/2013,Calm,75.65,45.00183181,-73.14339263,1,0,1,0,2,1,21.8,Calm,0,0,0,0
Missisquoi Bay,9/3/2013,Calm,38,45.00183181,-73.14339263,0,0,0,0,1a,0,46.1625,Calm,0,0,0,0
Missisquoi Bay,9/13/2013,Rolling,0,45.00183181,-73.14339263,0,0,0,0,1b,0,37.88333333,,,,,
Missisquoi Bay,9/24/2013,Rolling,64,45.00183181,-73.14339263,0,0,0,0,1a,0,0,,,,,
Missisquoi Bay,6/15/2014,Rolling,67.43333333,45.00183181,-73.14339263,0,0,0,0,1b,0,64,,,,,
Missisquoi Bay,6/16/2014,Calm,73.6,45.00183181,-73.14339263,0,0,0,0,1c,0,67.43333333,Rolling,0,0,0,0
Missisquoi Bay,6/17/2014,Calm,75,45.00183181,-73.14339263,0,0,0,0,1a,0,70.51666667,Calm,0,0,0,0
Missisquoi Bay,6/21/2014,Rolling,77,45.00183181,-73.14339263,0,0,0,0,1a,0,72.01111111,Calm,0,0,0,0
Missisquoi Bay,6/22/2014,Calm,65,45.00183181,-73.14339263,0,0,0,0,1b,0,73.25833333,Calm,0,0,0,0
Missisquoi Bay,6/23/2014,Calm,73.73333333,45.00183181,-73.14339263,0,0,0,0,1b,0,72.65,Calm,0,0,0,0
Missisquoi Bay,6/24/2014,Rolling,71,45.00183181,-73.14339263,0,0,0,0,1b,0,72.68333333,Calm,0,0,0,0
Missisquoi Bay,6/26/2014,Calm,72.8,45.00183181,-73.14339263,0,0,0,0,1a,0,71.68333333,Calm,0,0,0,0
Missisquoi Bay,6/29/2014,Calm,74.45,45.00183181,-73.14339263,0,0,0,0,1b,0,71.90666667,Calm,0,0,0,0
Missisquoi Bay,6/30/2014,Rolling,77.86666667,45.00183181,-73.14339263,0,0,0,0,1c,0,72.99583333,Calm,0,0,0,0
Missisquoi Bay,7/6/2014,Calm,72.25,45.00183181,-73.14339263,0,0,1,0,1b,0,74.02916667,Calm,0,0,0,0
Missisquoi Bay,7/7/2014,Rolling,72.1,45.00183181,-73.14339263,0,0,0,0,1b,0,75.05833333,Calm,0,0,0,0
Missisquoi Bay,7/8/2014,Calm,74.6,45.00183181,-73.14339263,0,0,0,0,1a,0,72.175,Calm,0,0,0,0
Missisquoi Bay,7/11/2014,Calm,,45.00183181,-73.14339263,0,0,0,0,1a,0,72.98333333,Calm,0,0,0,0
Missisquoi Bay,7/13/2014,Rolling,75,45.00183181,-73.14339263,0,0,0,0,1d,0,72.98333333,Calm,0,0,0,0
Missisquoi Bay,7/14/2014,Calm,79.4,45.00183181,-73.14339263,0,0,0,0,1a,0,73.9,Calm,0,0,0,0
Missisquoi Bay,7/15/2014,Calm,,45.00183181,-73.14339263,0,0,0,0,1d,0,76.33333333,Calm,0,0,0,0
Missisquoi Bay,7/16/2014,Calm,76.9,45.00183181,-73.14339263,0,0,0,0,1a,0,77.2,Calm,0,0,0,0
Missisquoi Bay,7/20/2014,Calm,76,45.00183181,-73.14339263,0,1,0,0,1b,0,77.1,Calm,0,0,0,0
Missisquoi Bay,7/21/2014,Rolling,78.45,45.00183181,-73.14339263,0,0,0,0,1c,0,77.43333333,Calm,0,0,0,0
Missisquoi Bay,7/22/2014,Calm,84.7,45.00183181,-73.14339263,0,0,0,0,1c,0,77.11666667,Calm,0,0,0,0
Missisquoi Bay,7/24/2014,Rolling,,45.00183181,-73.14339263,0,0,0,0,3,1,79.0125,Calm,0,0,0,0
Missisquoi Bay,7/27/2014,Calm,73,45.00183181,-73.14339263,1,1,1,0,1d,0,79.71666667,Calm,0,0,0,0
Missisquoi Bay,7/28/2014,Rolling,70.55,45.00183181,-73.14339263,0,0,0,1,1b,0,78.71666667,Calm,0,0,0,0
Missisquoi Bay,7/29/2014,Calm,72.3,45.00183181,-73.14339263,0,0,0,0,3,1,76.08333333,Calm,0,0,0,0
Missisquoi Bay,7/30/2014,Rolling,76.7,45.00183181,-73.14339263,0,0,0,0,1b,0,71.95,Calm,0,0,0,0
Missisquoi Bay,8/3/2014,Calm,73,45.00183181,-73.14339263,0,0,1,0,3,1,73.1375,Calm,0,0,0,0
Missisquoi Bay,8/4/2014,Calm,78.05,45.00183181,-73.14339263,0,0,0,1,1b,0,73.1375,Calm,0,0,0,0
Missisquoi Bay,8/6/2014,Calm,,45.00183181,-73.14339263,0,0,0,0,1a,0,75.0125,Calm,0,0,0,0
Missisquoi Bay,8/10/2014,Calm,76.63333333,45.00183181,-73.14339263,1,0,1,0,3,1,75.525,Calm,0,0,0,0
Missisquoi Bay,8/11/2014,Rolling,80.1,45.00183181,-73.14339263,0,0,0,0,1c,0,77.34166667,Calm,0,0,0,0
Missisquoi Bay,8/12/2014,Calm,79.05,45.00183181,-73.14339263,0,0,0,0,1a,0,78.36666667,Calm,0,0,0,0
Missisquoi Bay,8/17/2014,White Caps,69.06666667,45.00183181,-73.14339263,1,0,1,0,3,1,78.59444444,Calm,0,0,0,0
Missisquoi Bay,8/18/2014,Rolling,71.1,45.00183181,-73.14339263,0,0,0,0,1a,0,76.07222222,Calm,0,0,0,0
Missisquoi Bay,8/19/2014,Calm,71.6,45.00183181,-73.14339263,0,0,0,0,1d,0,73.07222222,Calm,0,0,0,0
Missisquoi Bay,8/21/2014,Rolling,74,45.00183181,-73.14339263,0,0,0,0,2,1,70.58888889,Calm,0,0,0,0
Missisquoi Bay,8/24/2014,Calm,72,45.00183181,-73.14339263,1,1,1,0,3,1,71.44166667,Rolling,0,0,0,0
Missisquoi Bay,8/25/2014,Calm,79.1,45.00183181,-73.14339263,1,0,1,0,2,1,72.175,Calm,0,0,0,0
Missisquoi Bay,8/26/2014,Rolling,81.1,45.00183181,-73.14339263,0,0,0,0,3,1,74.175,Calm,0,0,0,0
Missisquoi Bay,8/31/2014,Calm,71.55,45.00183181,-73.14339263,0,0,0,0,3,1,76.55,Calm,1,0,1,0
Missisquoi Bay,9/1/2014,Calm,73,45.00183181,-73.14339263,1,0,1,0,2,1,77.25,Calm,0,0,0,0
Missisquoi Bay,9/2/2014,Rolling,77.9,45.00183181,-73.14339263,1,0,1,0,2,1,75.21666667,Calm,0,0,0,0
Missisquoi Bay,9/7/2014,Calm,73.2,45.00183181,-73.14339263,1,0,0,0,1d,0,74.15,Calm,1,0,1,0
Missisquoi Bay,9/8/2014,Calm,73.05,45.00183181,-73.14339263,0,0,0,0,1a,0,74.7,Calm,1,0,1,0
Missisquoi Bay,9/9/2014,Calm,75.9,45.00183181,-73.14339263,0,0,0,0,1c,0,74.71666667,Calm,1,0,0,0
Missisquoi Bay,9/14/2014,Rolling,60,45.00183181,-73.14339263,0,1,0,0,1b,0,74.05,Calm,0,0,0,0
Missisquoi Bay,9/15/2014,Calm,60.1,45.00183181,-73.14339263,0,0,0,0,1b,0,69.65,Calm,0,0,0,0
Missisquoi Bay,9/21/2014,Rolling,62.6,45.00183181,-73.14339263,0,1,1,0,1b,0,65.33333333,Calm,0,0,0,0
Missisquoi Bay,9/22/2014,Calm,62.5,45.00183181,-73.14339263,0,0,0,0,1a,0,61.35,Calm,0,0,0,0
Missisquoi Bay,9/28/2014,Calm,59,45.00183181,-73.14339263,0,0,0,0,1a,0,62.55,Calm,0,0,0,0
Missisquoi Bay,9/29/2014,Calm,68.3,45.00183181,-73.14339263,0,1,0,0,1c,0,60.75,Calm,0,0,0,0
Missisquoi Bay,6/14/2015,Rolling,60,45.00183181,-73.14339263,0,0,0,0,1b,0,63.65,,,,,
Missisquoi Bay,6/15/2015,Calm,63,45.00183181,-73.14339263,0,0,0,0,1b,0,60,Rolling,0,0,0,0
Missisquoi Bay,6/16/2015,Calm,,45.00183181,-73.14339263,0,0,0,0,1a,0,61.5,Calm,0,0,0,0
Missisquoi Bay,6/19/2015,Rolling,,45.00183181,-73.14339263,0,0,0,0,1a,0,61.5,Calm,0,0,0,0
Missisquoi Bay,6/20/2015,Calm,74,45.00183181,-73.14339263,0,0,0,0,1b,0,61.5,Calm,0,0,0,0
Missisquoi Bay,6/21/2015,Calm,74,45.00183181,-73.14339263,0,0,0,0,1a,0,65.66666667,Calm,0,0,0,0
Missisquoi Bay,6/22/2015,Calm,70,45.00183181,-73.14339263,0,0,0,0,1a,0,70.33333333,Calm,0,0,0,0
Missisquoi Bay,6/23/2015,Rolling,74.1,45.00183181,-73.14339263,0,0,0,0,1c,0,72.66666667,Calm,0,0,0,0
Missisquoi Bay,6/24/2015,Calm,,45.00183181,-73.14339263,0,0,0,0,1a,0,73.025,Calm,0,0,0,0
Missisquoi Bay,6/25/2015,Calm,,45.00183181,-73.14339263,0,0,0,0,1b,0,73.025,Calm,0,0,0,0
Missisquoi Bay,6/26/2015,Rolling,,45.00183181,-73.14339263,0,0,0,0,1a,0,73.025,Calm,0,0,0,0
Missisquoi Bay,6/27/2015,Calm,76,45.00183181,-73.14339263,0,0,0,0,1c,0,73.025,Calm,0,0,0,0
Missisquoi Bay,6/28/2015,Calm,,45.00183181,-73.14339263,0,0,0,0,1a,0,73.525,Calm,0,0,0,0
Missisquoi Bay,6/29/2015,Calm,67.9,45.00183181,-73.14339263,0,1,0,0,1a,0,73.36666667,Calm,0,0,0,0
Missisquoi Bay,6/30/2015,Calm,72.1,45.00183181,-73.14339263,0,0,0,0,1a,0,72.66666667,Calm,0,0,0,0
Missisquoi Bay,7/2/2015,White Caps,,45.00183181,-73.14339263,0,0,0,0,1b,0,72,Calm,0,0,0,0
Missisquoi Bay,7/4/2015,Calm,73,45.00183181,-73.14339263,0,0,0,0,1a,0,72,Calm,0,0,0,0
Missisquoi Bay,7/5/2015,Rolling,71.5,45.00183181,-73.14339263,0,0,0,0,1a,0,71,Calm,0,0,0,0
Missisquoi Bay,7/6/2015,Calm,73.5,45.00183181,-73.14339263,0,1,0,0,1a,0,71.125,Calm,0,0,0,0
Missisquoi Bay,7/7/2015,Calm,74.2,45.00183181,-73.14339263,0,0,0,0,1a,0,72.525,Calm,0,0,0,0
Missisquoi Bay,7/9/2015,White Caps,,45.00183181,-73.14339263,0,0,0,0,1b,0,73.05,Calm,0,0,0,0
Missisquoi Bay,7/11/2015,Rolling,80,45.00183181,-73.14339263,0,0,0,0,1c,0,73.05,Calm,0,0,0,0
Missisquoi Bay,7/12/2015,Calm,75,45.00183181,-73.14339263,0,0,0,0,2,1,74.8,Calm,0,0,0,0
Missisquoi Bay,7/13/2015,Calm,77.3,45.00183181,-73.14339263,0,1,1,0,1d,0,75.675,Calm,0,0,0,0
Missisquoi Bay,7/14/2015,Rolling,77.5,45.00183181,-73.14339263,0,1,0,0,2,1,76.625,Calm,0,0,0,0
Missisquoi Bay,7/19/2015,,73.5,45.00183181,-73.14339263,0,0,0,0,1a,0,77.45,Calm,0,1,0,0
Missisquoi Bay,7/20/2015,Calm,76,45.00183181,-73.14339263,0,0,0,0,1a,0,76.1,Calm,0,1,0,0
Missisquoi Bay,7/21/2015,Calm,75.33333333,45.00183181,-73.14339263,0,0,0,0,1a,0,75.66666667,Calm,0,0,0,0
Missisquoi Bay,7/22/2015,Calm,72,45.00183181,-73.14339263,0,0,0,0,3,1,74.94444444,Calm,0,0,0,0
Missisquoi Bay,7/25/2015,Calm,82,45.00183181,-73.14339263,0,0,0,0,3,1,74.20833333,Calm,0,0,0,0
Missisquoi Bay,7/26/2015,Calm,74.9,45.00183181,-73.14339263,0,0,0,0,1a,0,75.76666667,Calm,0,0,0,0
Missisquoi Bay,7/27/2015,Calm,78,45.00183181,-73.14339263,0,0,0,0,3,1,76.04666667,Calm,0,0,0,0
Missisquoi Bay,7/28/2015,Calm,80,45.00183181,-73.14339263,0,0,0,0,1a,0,76.44666667,Calm,0,0,0,0
Missisquoi Bay,8/1/2015,Calm,,45.00183181,-73.14339263,0,0,0,0,1b,0,77.38,Calm,0,0,0,0
Missisquoi Bay,8/2/2015,Rolling,77.1,45.00183181,-73.14339263,0,0,0,0,1d,0,77.63333333,Calm,0,0,0,0
Missisquoi Bay,8/3/2015,Calm,75.33333333,45.00183181,-73.14339263,1,1,1,0,1d,0,78.36666667,Calm,0,0,0,0
Missisquoi Bay,8/4/2015,Calm,76.275,45.00183181,-73.14339263,0,0,0,0,2,1,77.47777778,Calm,0,0,0,0
Missisquoi Bay,8/6/2015,White Caps,73.66666667,45.00183181,-73.14339263,1,1,1,0,2,1,76.23611111,Calm,0,0,0,0
Missisquoi Bay,8/7/2015,Calm,73,45.00183181,-73.14339263,0,0,0,0,3,1,75.59375,Calm,0,0,0,0
Missisquoi Bay,8/8/2015,Calm,,45.00183181,-73.14339263,0,0,0,0,3,1,75.075,Calm,0,0,0,0
Missisquoi Bay,8/9/2015,Calm,76.7,45.00183181,-73.14339263,0,0,0,0,3,1,75.075,Calm,0,0,0,0
Missisquoi Bay,8/10/2015,Calm,73,45.00183181,-73.14339263,1,0,1,0,3,1,74.995,Calm,0,0,0,0
Missisquoi Bay,8/11/2015,Rolling,72.3,45.00183181,-73.14339263,1,0,1,1,1a,0,74.52833333,Calm,0,0,0,0
Missisquoi Bay,8/12/2015,Calm,,45.00183181,-73.14339263,0,0,0,0,3,1,73.73333333,Calm,0,0,0,0
Missisquoi Bay,8/13/2015,Calm,,45.00183181,-73.14339263,0,0,0,0,3,1,73.73333333,Calm,0,0,0,0
Missisquoi Bay,8/15/2015,Calm,81.5,45.00183181,-73.14339263,0,0,0,0,3,1,73.75,Calm,0,0,0,0
Missisquoi Bay,8/16/2015,Rolling,78.2,45.00183181,-73.14339263,0,0,0,0,2,1,75.875,Calm,0,0,0,0
Missisquoi Bay,8/17/2015,Calm,76,45.00183181,-73.14339263,1,0,1,0,1d,0,76.25,Calm,0,0,0,0
Missisquoi Bay,8/18/2015,Calm,78.1,45.00183181,-73.14339263,0,0,0,0,3,1,77,Calm,0,0,0,0
Missisquoi Bay,8/19/2015,White Caps,,45.00183181,-73.14339263,1,1,1,0,3,1,78.45,Calm,0,0,0,0
Missisquoi Bay,8/20/2015,Calm,75,45.00183181,-73.14339263,0,0,0,0,3,1,78.45,Calm,0,0,0,0
Missisquoi Bay,8/21/2015,Calm,75,45.00183181,-73.14339263,0,0,0,0,3,1,77.76,Calm,0,0,0,0
Missisquoi Bay,8/22/2015,Calm,75,45.00183181,-73.14339263,0,0,0,0,3,1,77.3,Calm,0,0,0,0
Missisquoi Bay,8/23/2015,Calm,84.5,45.00183181,-73.14339263,0,0,0,0,3,1,76.21666667,Calm,0,0,0,0
Missisquoi Bay,8/24/2015,Calm,79,45.00183181,-73.14339263,1,0,1,0,3,1,77.26666667,Calm,0,0,0,0
Missisquoi Bay,8/25/2015,Calm,78.83333333,45.00183181,-73.14339263,1,1,0,0,3,1,77.76666667,Calm,0,0,0,0
Missisquoi Bay,8/26/2015,Calm,75.66666667,45.00183181,-73.14339263,0,0,0,0,3,1,77.88888889,Calm,0,0,0,0
Missisquoi Bay,8/27/2015,Calm,74,45.00183181,-73.14339263,0,0,0,0,3,1,77.57142857,Calm,0,0,0,0
Missisquoi Bay,8/29/2015,Calm,,45.00183181,-73.14339263,0,0,0,0,1d,0,77.42857143,Calm,0,0,0,0
Missisquoi Bay,8/30/2015,Calm,76.15,45.00183181,-73.14339263,0,0,0,0,3,1,78.4,Calm,0,0,0,0
Missisquoi Bay,8/31/2015,Calm,77,45.00183181,-73.14339263,0,0,0,0,1a,0,76.73,Calm,0,0,0,0
Missisquoi Bay,9/1/2015,Calm,75.5,45.00183181,-73.14339263,1,1,1,0,3,1,76.33,Calm,0,0,0,0
Missisquoi Bay,9/4/2015,Calm,,45.00183181,-73.14339263,1,1,1,0,3,1,75.66333333,Calm,0,0,0,0
Missisquoi Bay,9/5/2015,Calm,,45.00183181,-73.14339263,0,0,0,0,1c,0,76.21666667,Calm,0,0,0,0
Missisquoi Bay,9/6/2015,Rolling,80.2,45.00183181,-73.14339263,0,0,0,0,1a,0,76.21666667,Calm,0,0,0,0
Missisquoi Bay,9/7/2015,Calm,73,45.00183181,-73.14339263,1,0,1,0,1d,0,77.56666667,Calm,0,0,0,0
Missisquoi Bay,9/8/2015,Calm,80,45.00183181,-73.14339263,1,1,1,0,3,1,76.23333333,Calm,1,0,1,0
Missisquoi Bay,9/10/2015,Calm,,45.00183181,-73.14339263,0,0,0,0,2,1,77.73333333,Calm,1,0,1,0
Missisquoi Bay,9/11/2015,Calm,72,45.00183181,-73.14339263,0,0,0,0,3,1,77.73333333,Calm,0,0,0,0
Missisquoi Bay,9/13/2015,Calm,71.9,45.00183181,-73.14339263,0,0,0,0,3,1,76.3,Calm,0,0,0,0
Missisquoi Bay,9/14/2015,Rolling,71,45.00183181,-73.14339263,1,1,1,0,1d,0,74.225,Calm,0,0,0,0
Missisquoi Bay,9/15/2015,Calm,74,45.00183181,-73.14339263,1,1,0,0,1a,0,73.725,Calm,0,0,0,0
Missisquoi Bay,9/16/2015,Calm,72,45.00183181,-73.14339263,0,0,0,0,1a,0,72.225,Calm,0,0,0,0
Missisquoi Bay,9/17/2015,Rolling,,45.00183181,-73.14339263,1,1,1,0,3,1,72.18,Calm,0,0,0,0
Missisquoi Bay,9/18/2015,Calm,,45.00183181,-73.14339263,0,0,0,0,1b,0,72.18,Calm,0,0,0,0
Missisquoi Bay,9/20/2015,Calm,72.2,45.00183181,-73.14339263,0,0,0,0,1a,0,72.225,Calm,0,0,0,0
Missisquoi Bay,9/21/2015,Calm,70,45.00183181,-73.14339263,1,0,1,0,3,1,72.3,Calm,0,0,0,0
Missisquoi Bay,9/22/2015,Calm,67.5,45.00183181,-73.14339263,0,0,0,0,1a,0,72.05,Calm,0,0,0,0
Missisquoi Bay,9/24/2015,Calm,,45.00183181,-73.14339263,0,0,0,0,1b,0,70.425,Calm,0,0,0,0
Missisquoi Bay,9/26/2015,Calm,68,45.00183181,-73.14339263,0,0,0,0,3,1,69.9,Calm,0,0,0,0
Missisquoi Bay,9/27/2015,White Caps,66.5,45.00183181,-73.14339263,0,0,0,0,1b,0,69.425,Calm,0,0,0,0
Missisquoi Bay,9/29/2015,Calm,68,45.00183181,-73.14339263,0,0,0,0,1c,0,68,Calm,0,0,0,0
Missisquoi Bay,6/18/2016,Calm,72.8,45.00183181,-73.14339263,0,0,0,0,1a,0,67.5,,,,,
Missisquoi Bay,6/19/2016,Calm,,45.00183181,-73.14339263,0,0,0,0,1a,0,72.8,Calm,0,0,0,0
Missisquoi Bay,6/20/2016,Calm,68,45.00183181,-73.14339263,0,0,0,0,1a,0,72.8,Calm,0,0,0,0
Missisquoi Bay,6/24/2016,Calm,70,45.00183181,-73.14339263,0,0,0,0,1c,0,70.4,Calm,0,0,0,0
Missisquoi Bay,6/25/2016,Calm,79,45.00183181,-73.14339263,0,0,0,0,1c,0,70.26666667,Calm,0,0,0,0
Missisquoi Bay,6/26/2016,Calm,,45.00183181,-73.14339263,0,0,0,0,1b,0,72.33333333,Calm,0,0,0,0
Missisquoi Bay,6/27/2016,Rolling,74,45.00183181,-73.14339263,0,0,0,0,1c,0,72.33333333,Calm,0,0,0,0
Missisquoi Bay,7/2/2016,Calm,75.5,45.00183181,-73.14339263,0,0,0,0,1a,0,74.33333333,Calm,0,0,0,0
Missisquoi Bay,7/3/2016,Calm,76.1,45.00183181,-73.14339263,0,0,0,0,1a,0,74.75,Calm,0,0,0,0
Missisquoi Bay,7/4/2016,Calm,74,45.00183181,-73.14339263,1,0,0,0,1c,0,75.2,Calm,0,0,0,0
Missisquoi Bay,7/7/2016,Calm,,45.00183181,-73.14339263,0,0,0,0,1a,0,75.2,Calm,0,0,0,0
Missisquoi Bay,7/9/2016,Rolling,76.5,45.00183181,-73.14339263,0,0,0,0,1c,0,75.2,Calm,0,0,0,0
Missisquoi Bay,7/11/2016,Calm,76.85,45.00183181,-73.14339263,0,0,0,0,1a,0,75.53333333,Calm,0,0,0,0
Missisquoi Bay,7/12/2016,Calm,75,45.00183181,-73.14339263,0,0,0,1,1b,0,76.675,Calm,0,0,0,0
Missisquoi Bay,7/14/2016,White Caps,,45.00183181,-73.14339263,0,0,0,0,1b,0,76.11666667,Calm,0,0,0,0
Missisquoi Bay,7/16/2016,Calm,76.5,45.00183181,-73.14339263,0,0,0,0,1a,0,76.11666667,Calm,0,0,0,0
Missisquoi Bay,7/18/2016,Calm,78.1,45.00183181,-73.14339263,0,0,0,1,1b,0,76.11666667,Calm,0,0,0,0
Missisquoi Bay,7/19/2016,Rolling,75,45.00183181,-73.14339263,0,0,0,0,1a,0,76.53333333,Calm,0,0,0,0
Missisquoi Bay,7/20/2016,Calm,,45.00183181,-73.14339263,0,0,0,0,1b,0,76.53333333,Calm,0,0,0,0
Missisquoi Bay,7/23/2016,Calm,78,45.00183181,-73.14339263,0,0,0,0,1d,0,76.53333333,Calm,0,0,0,0
Missisquoi Bay,7/24/2016,Calm,81,45.00183181,-73.14339263,0,0,0,0,1b,0,77.03333333,Calm,0,0,0,0
Missisquoi Bay,7/25/2016,Calm,76,45.00183181,-73.14339263,0,0,0,0,1b,0,78.025,Calm,0,0,0,0
Missisquoi Bay,7/26/2016,Rolling,80,45.00183181,-73.14339263,0,0,0,0,1c,0,77.5,Calm,0,0,0,0
Missisquoi Bay,7/28/2016,Calm,,45.00183181,-73.14339263,0,0,0,0,1a,0,78.75,Calm,0,0,0,0
Missisquoi Bay,7/30/2016,Calm,80,45.00183181,-73.14339263,0,0,0,0,1a,0,78.75,Calm,0,0,0,0
Missisquoi Bay,7/31/2016,Calm,83,45.00183181,-73.14339263,0,0,0,0,1a,0,79.25,Calm,0,0,0,0
Missisquoi Bay,8/1/2016,Calm,79,45.00183181,-73.14339263,0,0,0,0,1c,0,79.75,Calm,0,0,0,0
Missisquoi Bay,8/3/2016,Calm,,45.00183181,-73.14339263,1,0,0,0,2,1,80.5,Calm,0,0,0,0
Missisquoi Bay,8/7/2016,Calm,81.6,45.00183181,-73.14339263,0,0,0,0,1a,0,80.66666667,Calm,0,0,0,0
Missisquoi Bay,8/8/2016,Calm,78,45.00183181,-73.14339263,1,1,0,0,1d,0,80.3,Calm,0,0,0,0
Missisquoi Bay,8/9/2016,Calm,82,45.00183181,-73.14339263,0,0,0,0,1c,0,79.8,Calm,1,0,0,0
Missisquoi Bay,8/13/2016,Calm,,45.00183181,-73.14339263,0,0,0,0,1a,0,80.53333333,Calm,0,0,0,0
Missisquoi Bay,8/14/2016,Rolling,80,45.00183181,-73.14339263,0,0,0,0,1c,0,80.53333333,Calm,0,0,0,0
Missisquoi Bay,8/15/2016,Calm,80,45.00183181,-73.14339263,0,0,0,0,3,1,80,Calm,0,0,0,0
Missisquoi Bay,8/16/2016,Calm,75.5,45.00183181,-73.14339263,1,0,0,0,3,1,80.66666667,Calm,0,0,0,0
Missisquoi Bay,8/19/2016,Calm,,45.00183181,-73.14339263,1,0,1,1,3,1,78.5,Calm,0,0,0,0
Missisquoi Bay,8/20/2016,Rolling,,45.00183181,-73.14339263,0,0,0,0,1a,0,78.5,Calm,0,0,0,0
Missisquoi Bay,8/21/2016,White Caps,77,45.00183181,-73.14339263,0,0,0,0,1b,0,78.5,Calm,0,0,0,0
Missisquoi Bay,8/22/2016,Rolling,72,45.00183181,-73.14339263,0,0,0,0,1b,0,77.5,Calm,0,0,0,0
Missisquoi Bay,8/23/2016,Calm,,45.00183181,-73.14339263,0,0,0,0,3,1,74.83333333,Calm,0,0,0,0
Missisquoi Bay,8/24/2016,Calm,79,45.00183181,-73.14339263,0,0,0,0,1d,0,74.5,Calm,0,0,0,0
Missisquoi Bay,8/27/2016,Calm,,45.00183181,-73.14339263,0,0,0,0,3,1,76,Calm,0,0,0,0
Missisquoi Bay,8/28/2016,Calm,,45.00183181,-73.14339263,0,0,0,0,3,1,76,Calm,0,0,0,0
Missisquoi Bay,8/29/2016,Calm,71,45.00183181,-73.14339263,0,0,0,0,1b,0,75.5,Calm,0,0,0,0
Missisquoi Bay,8/31/2016,Calm,75,45.00183181,-73.14339263,0,0,0,0,1c,0,75,Calm,0,0,0,0
Missisquoi Bay,9/1/2016,Calm,72,45.00183181,-73.14339263,0,0,0,0,3,1,73,Calm,0,0,0,0
Missisquoi Bay,9/2/2016,Calm,,45.00183181,-73.14339263,0,0,0,0,3,1,72.66666667,Calm,0,0,0,0
Missisquoi Bay,9/3/2016,Calm,,45.00183181,-73.14339263,0,0,0,0,3,1,72.66666667,Calm,0,0,0,0
Missisquoi Bay,9/4/2016,Calm,77,45.00183181,-73.14339263,0,0,0,0,3,1,72.66666667,Calm,0,0,0,0
Missisquoi Bay,9/6/2016,Calm,71,45.00183181,-73.14339263,0,0,0,0,3,1,73.75,Calm,0,0,0,0
Missisquoi Bay,9/10/2016,Calm,,45.00183181,-73.14339263,0,0,0,0,3,1,73.75,Calm,0,0,0,0
Missisquoi Bay,9/12/2016,Calm,71,45.00183181,-73.14339263,0,0,0,0,1b,0,74,Calm,0,0,0,0
Missisquoi Bay,9/14/2016,Calm,76,45.00183181,-73.14339263,0,0,0,0,1c,0,71,Calm,0,0,0,0
Missisquoi Bay,9/15/2016,Calm,72,45.00183181,-73.14339263,0,0,0,0,3,1,73.5,Calm,0,0,0,0
Missisquoi Bay,9/16/2016,Calm,,45.00183181,-73.14339263,1,0,1,0,3,1,73,Calm,0,0,0,0
Missisquoi Bay,9/18/2016,Rolling,74.6,45.00183181,-73.14339263,0,0,0,0,1d,0,73,Calm,0,0,0,0
Missisquoi Bay,9/19/2016,Calm,,45.00183181,-73.14339263,0,0,0,0,2,1,73.4,Calm,0,0,0,0
Missisquoi Bay,9/20/2016,Calm,73,45.00183181,-73.14339263,0,0,0,0,1c,0,74.2,Calm,0,0,0,0
Missisquoi Bay,9/21/2016,Calm,,45.00183181,-73.14339263,0,0,0,0,3,1,73.9,Calm,0,0,0,0
Missisquoi Bay,9/22/2016,Calm,,45.00183181,-73.14339263,0,0,0,0,3,1,73.2,Calm,0,0,0,0
Missisquoi Bay,9/25/2016,Calm,64.5,45.00183181,-73.14339263,0,0,0,0,3,1,73.8,Calm,0,0,0,0
Missisquoi Bay,9/27/2016,Calm,,45.00183181,-73.14339263,0,0,0,0,2,1,68.75,Calm,0,0,0,0
Missisquoi Bay,9/28/2016,Rolling,68,45.00183181,-73.14339263,0,0,0,0,1a,0,64.5,Calm,0,0,0,0
Missisquoi Bay,9/29/2016,Calm,,45.00183181,-73.14339263,1,1,1,0,3,1,66.25,Calm,0,0,0,0
Missisquoi Bay,10/2/2016,Rolling,,45.00183181,-73.14339263,0,0,0,0,2,1,66.25,Calm,0,0,0,0
Missisquoi Bay,10/5/2016,Calm,,45.00183181,-73.14339263,0,0,0,0,3,1,68,Rolling,0,0,0,0
Missisquoi Bay,10/6/2016,Rolling,,45.00183181,-73.14339263,0,0,0,0,2,1,,Calm,0,0,0,0
Missisquoi Bay,10/7/2016,Calm,,45.00183181,-73.14339263,0,0,0,0,3,1,,Rolling,0,0,0,0
Missisquoi Bay,6/1/2017,White Caps,,45.00183181,-73.14339263,0,1,1,0,1b,0,,,,,,
Missisquoi Bay,6/14/2017,Rolling,,45.00183181,-73.14339263,0,0,1,0,1d,0,,,,,,
Missisquoi Bay,6/20/2017,Rolling,,45.00183181,-73.14339263,0,0,0,0,1b,0,,Rolling,0,0,1,0
Missisquoi Bay,6/24/2017,Calm,73.5,45.00183181,-73.14339263,0,0,0,0,1a,0,,Rolling,0,0,0,0
Missisquoi Bay,6/25/2017,Calm,,45.00183181,-73.14339263,0,0,0,0,1b,0,73.5,Calm,0,0,0,0
Missisquoi Bay,6/26/2017,Rolling,70.5,45.00183181,-73.14339263,0,0,0,0,1b,0,73.5,Calm,0,0,0,0
Missisquoi Bay,6/27/2017,Rolling,,45.00183181,-73.14339263,0,0,0,0,1b,0,72,Calm,0,0,0,0
Missisquoi Bay,6/30/2017,Calm,65,45.00183181,-73.14339263,0,0,0,0,1a,0,72,Calm,0,0,0,0
Missisquoi Bay,7/1/2017,Rolling,,45.00183181,-73.14339263,0,0,0,0,1a,0,69.66666667,Calm,0,0,0,0
Missisquoi Bay,7/2/2017,Calm,72,45.00183181,-73.14339263,0,0,0,0,1b,0,67.75,Rolling,0,0,0,0
Missisquoi Bay,7/3/2017,Calm,,45.00183181,-73.14339263,0,0,0,0,1a,0,69.16666667,Rolling,0,0,0,0
Missisquoi Bay,7/4/2017,Rolling,68,45.00183181,-73.14339263,0,0,0,0,1b,0,68.5,Calm,0,0,0,0
Missisquoi Bay,7/5/2017,Calm,,45.00183181,-73.14339263,0,0,0,0,1d,0,68.33333333,Calm,0,0,0,0
Missisquoi Bay,7/8/2017,Calm,75,45.00183181,-73.14339263,0,0,0,0,1b,0,68.33333333,Calm,0,0,0,0
Missisquoi Bay,7/9/2017,Calm,73.9,45.00183181,-73.14339263,0,0,0,0,1b,0,71.66666667,Calm,0,0,0,0
Missisquoi Bay,7/10/2017,Calm,72,45.00183181,-73.14339263,0,0,0,0,1a,0,72.3,Calm,0,0,0,0
Missisquoi Bay,7/11/2017,Calm,,45.00183181,-73.14339263,0,0,0,0,1b,0,72.225,Calm,0,0,0,0
Missisquoi Bay,7/15/2017,Calm,74,45.00183181,-73.14339263,0,0,0,0,1a,0,73.63333333,Calm,0,0,0,0
Missisquoi Bay,7/16/2017,Rolling,72,45.00183181,-73.14339263,0,0,0,0,1b,0,73.3,Calm,0,0,0,0
Missisquoi Bay,7/17/2017,Calm,72,45.00183181,-73.14339263,0,0,0,0,1b,0,72.66666667,Calm,0,0,0,0
Missisquoi Bay,7/19/2017,Calm,,45.00183181,-73.14339263,0,0,0,0,1b,0,72.66666667,Calm,0,0,0,0
Missisquoi Bay,7/20/2017,Calm,79.88,45.00183181,-73.14339263,1,0,1,0,2,1,72.66666667,Calm,0,0,0,0
Missisquoi Bay,7/21/2017,Calm,66,45.00183181,-73.14339263,0,0,0,0,1b,0,74.47,Calm,0,0,0,0
Missisquoi Bay,7/22/2017,Rolling,76.7,45.00183181,-73.14339263,0,0,0,0,1a,0,72.776,Calm,0,0,0,0
Missisquoi Bay,7/23/2017,Rolling,,45.00183181,-73.14339263,0,0,0,0,1a,0,73.316,Calm,0,0,0,0
Missisquoi Bay,7/24/2017,Calm,70.5,45.00183181,-73.14339263,0,0,0,0,1b,0,73.645,Calm,0,0,0,0
Missisquoi Bay,7/25/2017,Calm,,45.00183181,-73.14339263,0,0,0,0,1b,0,73.27,Calm,0,0,0,0
Missisquoi Bay,7/29/2017,Calm,76,45.00183181,-73.14339263,0,0,0,0,1a,0,73.27,Calm,0,0,0,0
Missisquoi Bay,7/30/2017,Calm,76.8,45.00183181,-73.14339263,0,0,0,0,3,1,73.25,Calm,0,0,0,0
Missisquoi Bay,7/31/2017,Calm,70,45.00183181,-73.14339263,0,0,0,0,1b,0,74.43333333,Calm,0,0,0,0
Missisquoi Bay,8/1/2017,Calm,74,45.00183181,-73.14339263,0,0,0,0,1b,0,74.26666667,Calm,0,0,0,0
Missisquoi Bay,8/2/2017,Rolling,,45.00183181,-73.14339263,0,0,0,0,1d,0,74.2,Calm,0,0,0,0
Missisquoi Bay,8/3/2017,Rolling,,45.00183181,-73.14339263,0,0,1,0,1b,0,74.2,Calm,0,0,0,0
Missisquoi Bay,8/4/2017,Rolling,70,45.00183181,-73.14339263,0,0,0,0,1a,0,74.2,Calm,0,0,0,0
Missisquoi Bay,8/5/2017,Calm,76,45.00183181,-73.14339263,0,0,0,0,1a,0,73.36,Calm,0,0,0,0
Missisquoi Bay,8/6/2017,Calm,75.6,45.00183181,-73.14339263,0,0,0,0,1a,0,73.36,Calm,0,0,0,0
Missisquoi Bay,8/7/2017,Calm,71,45.00183181,-73.14339263,0,0,0,0,3,1,73.12,Calm,0,0,0,0
Missisquoi Bay,8/8/2017,Calm,74,45.00183181,-73.14339263,0,0,0,0,1b,0,73.32,Calm,0,0,0,0
Missisquoi Bay,8/12/2017,Calm,78,45.00183181,-73.14339263,0,0,0,0,1a,0,73.32,Calm,0,0,0,0
Missisquoi Bay,8/13/2017,Calm,75.9,45.00183181,-73.14339263,0,0,0,0,1a,0,74.65,Calm,0,0,0,0
Missisquoi Bay,8/14/2017,Calm,72,45.00183181,-73.14339263,1,0,0,0,1a,0,74.725,Calm,0,0,0,0
Missisquoi Bay,8/16/2017,Calm,,45.00183181,-73.14339263,0,0,0,0,3,1,74.975,Calm,0,0,0,0
Missisquoi Bay,8/17/2017,Calm,24.3,45.00183181,-73.14339263,0,0,0,0,3,1,75.3,Calm,0,0,0,0
Missisquoi Bay,8/18/2017,Calm,70,45.00183181,-73.14339263,0,0,0,0,1a,0,62.55,Calm,0,0,0,0
Missisquoi Bay,8/19/2017,Rolling,74,45.00183181,-73.14339263,0,0,0,0,1a,0,64.04,Calm,0,0,0,0
Missisquoi Bay,8/20/2017,Calm,75.5,45.00183181,-73.14339263,0,0,0,0,1a,0,63.24,Calm,0,0,0,0
Missisquoi Bay,8/21/2017,White Caps,72,45.00183181,-73.14339263,1,1,1,0,2,1,63.16,Calm,0,0,0,0
Missisquoi Bay,8/22/2017,Rolling,76,45.00183181,-73.14339263,0,0,0,0,1a,0,63.16,Calm,0,0,0,0
Missisquoi Bay,8/23/2017,Rolling,,45.00183181,-73.14339263,0,0,0,0,1b,0,65.3,Calm,0,0,0,0
Missisquoi Bay,8/26/2017,Calm,73.5,45.00183181,-73.14339263,0,0,0,0,3,1,65.3,Rolling,0,0,0,0
Missisquoi Bay,8/27/2017,Calm,70,45.00183181,-73.14339263,0,0,0,0,3,1,74.25,Calm,0,0,0,0
Missisquoi Bay,8/28/2017,Calm,72.5,45.00183181,-73.14339263,1,0,1,0,3,1,72.875,Calm,0,0,0,0
Missisquoi Bay,8/29/2017,Calm,70,45.00183181,-73.14339263,0,0,0,0,3,1,73,Calm,0,0,0,0
Missisquoi Bay,8/30/2017,Calm,78.8,45.00183181,-73.14339263,0,0,0,0,3,1,71.5,Calm,0,0,0,0
Missisquoi Bay,8/31/2017,Calm,70,45.00183181,-73.14339263,0,0,0,0,3,1,72.96,Calm,0,0,0,0
Missisquoi Bay,9/2/2017,Calm,69.4,45.00183181,-73.14339263,0,0,0,0,3,1,72.46666667,Calm,0,0,0,0
Missisquoi Bay,9/4/2017,Calm,68,45.00183181,-73.14339263,0,0,0,0,1a,0,71.78333333,Calm,0,0,0,0
Missisquoi Bay,9/6/2017,Calm,65,45.00183181,-73.14339263,0,0,0,0,1a,0,71.24,Calm,0,0,0,0
Missisquoi Bay,9/8/2017,White Caps,,45.00183181,-73.14339263,1,1,1,0,2,1,68.1,Calm,0,0,0,0
Missisquoi Bay,9/10/2017,Calm,65.1,45.00183181,-73.14339263,0,0,0,0,3,1,67.46666667,Calm,0,0,0,0
Missisquoi Bay,9/11/2017,Calm,66,45.00183181,-73.14339263,0,1,0,0,1a,0,66.03333333,Calm,0,0,0,0
Missisquoi Bay,9/12/2017,Calm,67,45.00183181,-73.14339263,0,0,0,0,1a,0,65.36666667,Calm,0,0,0,0
Missisquoi Bay,9/17/2017,Rolling,75.5,45.00183181,-73.14339263,0,0,0,0,1a,0,65.775,Calm,0,0,0,0
Missisquoi Bay,9/18/2017,Calm,70,45.00183181,-73.14339263,0,0,0,0,3,1,69.5,Calm,0,0,0,0
Missisquoi Bay,9/21/2017,Calm,,45.00183181,-73.14339263,1,1,1,0,2,1,70.83333333,Calm,0,0,0,0
Missisquoi Bay,9/24/2017,Rolling,76,45.00183181,-73.14339263,0,0,0,0,1a,0,72.75,Calm,0,0,0,0
Missisquoi Bay,9/25/2017,Calm,70,45.00183181,-73.14339263,0,0,0,0,3,1,73,Calm,0,0,0,0
Missisquoi Bay,9/26/2017,Calm,77.03333333,45.00183181,-73.14339263,0,0,0,0,3,1,73,Calm,0,0,0,0
Missisquoi Bay,10/2/2017,Calm,65,45.00183181,-73.14339263,0,0,0,0,3,1,74.34444444,Calm,0,0,0,0
Missisquoi Bay,10/3/2017,Calm,69.7,45.00183181,-73.14339263,1,1,1,0,2,1,71.01666667,Calm,0,0,0,0
Missisquoi Bay,10/5/2017,Calm,,45.00183181,-73.14339263,1,1,0,0,3,1,67.35,Calm,0,0,0,0
Missisquoi Bay,10/21/2017,Calm,,45.00183181,-73.14339263,0,0,0,0,3,1,67.35,,,,,
Missisquoi Bay,6/11/2018,Rolling,55,45.00183181,-73.14339263,0,0,0,0,1b,0,,,,,,
Missisquoi Bay,6/14/2018,Rolling,,45.00183181,-73.14339263,0,0,1,0,1a,0,55,Rolling,0,0,0,0
Missisquoi Bay,6/18/2018,Calm,62,45.00183181,-73.14339263,0,0,0,0,1a,0,55,Rolling,0,0,0,0
Missisquoi Bay,6/19/2018,Rolling,,45.00183181,-73.14339263,0,0,0,0,1b,0,62,Calm,0,0,0,0
Missisquoi Bay,6/25/2018,White Caps,60,45.00183181,-73.14339263,1,0,0,0,1b,0,62,Calm,0,0,0,0
Missisquoi Bay,6/26/2018,Calm,74,45.00183181,-73.14339263,0,0,0,0,1b,0,60,Rolling,0,0,0,0
Missisquoi Bay,6/29/2018,Rolling,,45.00183181,-73.14339263,1,1,0,0,1d,0,67,Calm,0,0,0,0
Missisquoi Bay,7/2/2018,Calm,75,45.00183181,-73.14339263,0,0,0,0,1a,0,67,Calm,1,0,0,0
Missisquoi Bay,7/3/2018,Calm,,45.00183181,-73.14339263,0,0,0,0,1b,0,74.5,Calm,0,0,0,0
Missisquoi Bay,7/9/2018,White Caps,74.66666667,45.00183181,-73.14339263,1,1,1,0,1d,0,75,Calm,0,0,0,0
Missisquoi Bay,7/10/2018,Calm,,45.00183181,-73.14339263,0,0,0,0,1b,0,74.66666667,Calm,0,0,0,0
Missisquoi Bay,7/11/2018,Rolling,,45.00183181,-73.14339263,0,0,0,0,1d,0,74.66666667,Calm,0,0,0,0
Missisquoi Bay,7/15/2018,Calm,,45.00183181,-73.14339263,0,0,0,0,2,1,74.66666667,Calm,0,0,0,0
Missisquoi Bay,7/16/2018,Calm,77,45.00183181,-73.14339263,0,0,0,0,1a,0,74.66666667,Calm,0,0,0,0
Missisquoi Bay,7/17/2018,Calm,81,45.00183181,-73.14339263,0,0,0,0,1c,0,77,Calm,0,0,0,0
Missisquoi Bay,7/21/2018,Rolling,,45.00183181,-73.14339263,0,0,0,0,3,1,79,Calm,0,0,0,0
Missisquoi Bay,7/22/2018,Calm,,45.00183181,-73.14339263,0,0,0,0,2,1,79,Calm,0,0,0,0
Missisquoi Bay,7/23/2018,Calm,77.5,45.00183181,-73.14339263,1,1,0,0,2,1,79,Calm,0,0,0,0
Missisquoi Bay,7/24/2018,Calm,,45.00183181,-73.14339263,0,0,0,0,1c,0,79.25,Calm,0,0,0,0
Missisquoi Bay,7/26/2018,Calm,,45.00183181,-73.14339263,0,0,0,0,1d,0,77.5,Calm,0,0,0,0
Missisquoi Bay,7/27/2018,Calm,,45.00183181,-73.14339263,0,0,0,0,2,1,77.5,Calm,0,0,0,0
Missisquoi Bay,7/28/2018,Calm,,45.00183181,-73.14339263,0,0,0,0,2,1,77.5,Calm,0,0,0,0
Missisquoi Bay,7/29/2018,Calm,,45.00183181,-73.14339263,0,0,0,0,1a,0,77.5,Calm,0,0,0,0
Missisquoi Bay,7/30/2018,Calm,75,45.00183181,-73.14339263,0,0,0,0,1a,0,77.5,Calm,0,0,0,0
Missisquoi Bay,7/31/2018,Calm,,45.00183181,-73.14339263,0,0,0,0,3,1,75,Calm,0,0,0,0
Missisquoi Bay,8/1/2018,Calm,,45.00183181,-73.14339263,0,0,0,0,3,1,75,Calm,0,0,0,0
Missisquoi Bay,8/2/2018,White Caps,75.66666667,45.00183181,-73.14339263,1,0,1,0,1d,0,75,Calm,0,0,0,0
Missisquoi Bay,8/5/2018,Calm,,45.00183181,-73.14339263,0,0,0,0,3,1,75.33333333,Calm,0,0,0,0
Missisquoi Bay,8/6/2018,Rolling,77,45.00183181,-73.14339263,1,0,0,0,1a,0,75.33333333,Calm,0,0,0,0
Missisquoi Bay,8/7/2018,Calm,,45.00183181,-73.14339263,0,0,0,0,1a,0,76.33333333,Calm,0,0,0,0
Missisquoi Bay,8/8/2018,Calm,,45.00183181,-73.14339263,0,0,0,0,3,1,76.33333333,Calm,0,0,0,0
Missisquoi Bay,8/12/2018,Rolling,75,45.00183181,-73.14339263,0,0,0,0,2,1,76.33333333,Calm,0,0,0,0
Missisquoi Bay,8/13/2018,Calm,75,45.00183181,-73.14339263,1,0,1,0,1d,0,76,Calm,0,0,0,0
Missisquoi Bay,8/14/2018,Calm,77,45.00183181,-73.14339263,0,0,0,0,3,1,75,Calm,0,0,0,0
Missisquoi Bay,8/15/2018,Calm,,45.00183181,-73.14339263,0,0,0,0,1c,0,75.66666667,Calm,0,0,0,0
Missisquoi Bay,8/16/2018,Calm,77.5,45.00183181,-73.14339263,1,1,1,0,3,1,75.66666667,Calm,0,0,0,0
Missisquoi Bay,8/17/2018,Calm,76,45.00183181,-73.14339263,0,0,0,0,3,1,76.125,Calm,0,0,0,0
Missisquoi Bay,8/19/2018,Rolling,75,45.00183181,-73.14339263,0,0,0,0,3,1,76.1,Calm,0,0,0,0
Missisquoi Bay,8/20/2018,Calm,74,45.00183181,-73.14339263,1,0,1,0,3,1,76.1,Calm,0,0,0,0
Missisquoi Bay,8/21/2018,Calm,,45.00183181,-73.14339263,0,0,0,0,3,1,75.9,Calm,0,0,0,0
Missisquoi Bay,8/22/2018,Calm,,45.00183181,-73.14339263,0,0,0,0,2,1,75.625,Calm,0,0,0,0
Missisquoi Bay,8/27/2018,Calm,73,45.00183181,-73.14339263,1,0,1,0,3,1,75.625,Calm,0,0,0,0
Missisquoi Bay,8/28/2018,Rolling,80,45.00183181,-73.14339263,0,0,0,0,1b,0,73,Calm,0,0,0,0
Missisquoi Bay,8/31/2018,Calm,73,45.00183181,-73.14339263,0,0,0,0,3,1,76.5,Calm,0,0,0,0
Missisquoi Bay,9/4/2018,Calm,,45.00183181,-73.14339263,0,0,0,0,1b,0,75.33333333,Calm,0,0,0,0
Missisquoi Bay,9/5/2018,Calm,73,45.00183181,-73.14339263,0,1,1,0,1a,0,73,Calm,0,0,0,0
Missisquoi Bay,9/7/2018,Calm,,45.00183181,-73.14339263,1,0,1,1,3,1,73,Calm,0,0,0,0
Missisquoi Bay,9/10/2018,Calm,70,45.00183181,-73.14339263,1,1,1,0,1c,0,73,Calm,0,0,1,0
Missisquoi Bay,9/12/2018,Calm,69,45.00183181,-73.14339263,0,0,0,0,3,1,71.5,Calm,1,1,1,0
Missisquoi Bay,9/13/2018,Calm,70,45.00183181,-73.14339263,0,0,0,0,3,1,69.5,Calm,1,0,1,0
Missisquoi Bay,9/14/2018,Calm,70,45.00183181,-73.14339263,0,0,0,0,3,1,69.66666667,Calm,0,0,0,0
Missisquoi Bay,9/20/2018,Calm,65.6,45.00183181,-73.14339263,0,0,0,0,3,1,69.75,Calm,0,0,0,0
Missisquoi Bay,9/24/2018,Rolling,65.66666667,45.00183181,-73.14339263,1,1,1,1,2,1,67.8,Calm,0,0,0,0
Missisquoi Bay,9/25/2018,White Caps,65,45.00183181,-73.14339263,0,0,0,0,1c,0,65.63333333,Calm,0,0,0,0
Missisquoi Bay,6/3/2019,Rolling,,45.00183181,-73.14339263,0,0,0,0,1d,0,65.42222222,,,,,
Missisquoi Bay,6/17/2019,Calm,62,45.00183181,-73.14339263,1,1,1,0,1d,0,,,,,,
Missisquoi Bay,6/18/2019,Calm,,45.00183181,-73.14339263,0,0,0,0,2,1,62,Calm,1,1,1,0
Missisquoi Bay,6/19/2019,Rolling,,45.00183181,-73.14339263,0,0,0,0,1d,0,62,Calm,0,0,0,0
Missisquoi Bay,6/24/2019,Calm,62,45.00183181,-73.14339263,0,1,1,0,2,1,62,Calm,0,0,0,0
Missisquoi Bay,6/26/2019,Calm,,45.00183181,-73.14339263,0,0,0,0,2,1,62,Calm,0,0,0,0
Missisquoi Bay,7/2/2019,Rolling,73,45.00183181,-73.14339263,0,0,1,0,1c,0,62,Calm,0,0,0,0
Missisquoi Bay,7/3/2019,Calm,,45.00183181,-73.14339263,0,0,0,0,2,1,73,Calm,0,0,0,0
Missisquoi Bay,7/8/2019,Calm,,45.00183181,-73.14339263,0,1,1,0,2,1,73,Calm,0,0,0,0
Missisquoi Bay,7/9/2019,Calm,74,45.00183181,-73.14339263,0,0,1,0,2,1,73,Calm,0,0,1,0
Missisquoi Bay,7/12/2019,Calm,,45.00183181,-73.14339263,0,0,0,0,3,1,74,Calm,0,0,1,0
Missisquoi Bay,7/15/2019,Rolling,78.8,45.00183181,-73.14339263,0,0,0,0,3,1,74,Calm,0,0,1,0
Missisquoi Bay,7/16/2019,Calm,75,45.00183181,-73.14339263,0,0,1,0,1a,0,76.4,Calm,0,0,0,0
Missisquoi Bay,7/20/2019,White Caps,,45.00183181,-73.14339263,0,0,0,0,2,1,76.9,Calm,0,0,0,0
Missisquoi Bay,7/22/2019,Calm,,45.00183181,-73.14339263,0,0,0,0,3,1,76.9,Calm,0,0,0,0
Missisquoi Bay,7/23/2019,Calm,72,45.00183181,-73.14339263,1,1,0,0,2,1,75,Calm,0,0,0,0
Missisquoi Bay,7/25/2019,Rolling,,45.00183181,-73.14339263,0,0,0,0,1b,0,72,Calm,0,0,0,0
Missisquoi Bay,7/30/2019,Calm,75,45.00183181,-73.14339263,1,0,0,0,1a,0,72,Calm,0,0,0,0
Missisquoi Bay,7/31/2019,Calm,,45.00183181,-73.14339263,0,0,0,0,2,1,75,Calm,0,0,0,0
Missisquoi Bay,8/1/2019,Calm,,45.00183181,-73.14339263,0,0,0,0,3,1,75,Calm,0,0,0,0
Missisquoi Bay,8/3/2019,Rolling,,45.00183181,-73.14339263,0,0,0,0,2,1,75,Calm,0,0,0,0
Missisquoi Bay,8/5/2019,Calm,,45.00183181,-73.14339263,1,1,1,0,3,1,75,Calm,0,0,0,0
Missisquoi Bay,8/6/2019,Calm,74,45.00183181,-73.14339263,1,0,1,0,1d,0,75,Calm,0,0,0,0
Missisquoi Bay,8/9/2019,White Caps,,45.00183181,-73.14339263,0,0,0,0,2,1,74,Calm,1,0,1,0
Missisquoi Bay,8/12/2019,Rolling,,45.00183181,-73.14339263,0,0,0,0,3,1,74,Calm,1,0,1,0
Missisquoi Bay,8/13/2019,Calm,71,45.00183181,-73.14339263,0,0,0,0,3,1,74,Calm,0,0,0,0
Missisquoi Bay,8/15/2019,Calm,75.2,45.00183181,-73.14339263,0,0,0,0,2,1,71,Calm,0,0,0,0
Missisquoi Bay,8/20/2019,Calm,71,45.00183181,-73.14339263,1,1,1,0,3,1,73.1,Calm,0,0,0,0
Missisquoi Bay,8/23/2019,Rolling,,45.00183181,-73.14339263,1,1,1,0,2,1,73.1,Calm,1,1,1,0
Missisquoi Bay,8/24/2019,Calm,,45.00183181,-73.14339263,0,0,0,0,3,1,71,Calm,1,1,1,0
Missisquoi Bay,8/26/2019,Calm,71,45.00183181,-73.14339263,0,0,0,0,3,1,71,Calm,1,1,1,0
Missisquoi Bay,8/27/2019,Calm,70,45.00183181,-73.14339263,1,1,1,0,3,1,71,Calm,0,0,0,0
Missisquoi Bay,8/28/2019,Rolling,70,45.00183181,-73.14339263,0,0,0,0,3,1,70.5,Calm,0,0,0,0
Missisquoi Bay,9/1/2019,Calm,,45.00183181,-73.14339263,0,0,0,0,1b,0,70.33333333,Calm,0,0,0,0
Missisquoi Bay,9/3/2019,Calm,70,45.00183181,-73.14339263,0,0,0,0,2,1,70.33333333,Calm,0,0,0,0
Missisquoi Bay,9/7/2019,Rolling,,45.00183181,-73.14339263,0,0,0,0,1c,0,70,Calm,0,0,0,0
Missisquoi Bay,9/9/2019,Calm,68,45.00183181,-73.14339263,0,0,0,0,1a,0,70,Calm,0,0,0,0
Missisquoi Bay,9/10/2019,Calm,19,45.00183181,-73.14339263,1,1,1,0,3,1,69,Calm,0,0,0,0
Missisquoi Bay,9/16/2019,Rolling,65,45.00183181,-73.14339263,1,0,0,0,1c,0,43.5,Calm,0,0,0,0
Missisquoi Bay,9/21/2019,Calm,,45.00183181,-73.14339263,0,0,0,0,2,1,42,Rolling,1,0,0,0
Missisquoi Bay,9/23/2019,Calm,61,45.00183181,-73.14339263,0,0,0,0,1a,0,65,Calm,0,0,0,0
Missisquoi Bay,9/25/2019,Calm,,45.00183181,-73.14339263,0,1,1,0,2,1,61,Calm,0,0,0,0
Missisquoi Bay,9/30/2019,Calm,60,45.00183181,-73.14339263,0,0,0,0,1b,0,61,Calm,0,0,0,0
Missisquoi Bay,10/8/2019,Calm,58,45.00183181,-73.14339263,0,0,0,0,1a,0,60,,,,,
Missisquoi Bay,10/14/2019,Rolling,56,45.00183181,-73.14339263,0,0,0,0,1b,0,58,Calm,0,0,0,0
Missisquoi Bay,6/17/2020,Rolling,,45.00183181,-73.14339263,0,0,0,0,1a,0,57,,,,,
Missisquoi Bay,6/22/2020,Rolling,83.6,45.00183181,-73.14339263,0,0,0,0,1d,0,,Rolling,0,0,0,0
Missisquoi Bay,7/1/2020,Calm,69,45.00183181,-73.14339263,0,0,0,0,1b,0,83.6,,,,,
Missisquoi Bay,7/6/2020,Calm,73,45.00183181,-73.14339263,0,0,0,0,1c,0,69,Calm,0,0,0,0
Missisquoi Bay,7/7/2020,White Caps,,45.00183181,-73.14339263,0,0,0,0,1a,0,71,Calm,0,0,0,0
Missisquoi Bay,7/13/2020,Calm,73,45.00183181,-73.14339263,0,0,0,0,1a,0,71,Calm,0,0,0,0
Missisquoi Bay,7/19/2020,Calm,,45.00183181,-73.14339263,0,0,0,0,2,1,73,Calm,0,0,0,0
Missisquoi Bay,7/20/2020,Rolling,71,45.00183181,-73.14339263,0,0,0,0,1a,0,73,Calm,0,0,0,0
Missisquoi Bay,7/23/2020,Calm,,45.00183181,-73.14339263,0,0,0,0,2,1,71,Calm,0,0,0,0
Missisquoi Bay,7/27/2020,Calm,73,45.00183181,-73.14339263,0,0,0,0,1a,0,71,Calm,0,0,0,0
Missisquoi Bay,7/30/2020,Calm,,45.00183181,-73.14339263,0,0,0,0,1d,0,73,Calm,0,0,0,0
Missisquoi Bay,8/3/2020,Rolling,72,45.00183181,-73.14339263,0,0,0,0,1a,0,73,Calm,0,0,0,0
Missisquoi Bay,8/7/2020,Calm,,45.00183181,-73.14339263,0,0,0,0,3,1,72,Rolling,0,0,0,0
Missisquoi Bay,8/8/2020,Calm,68,45.00183181,-73.14339263,0,0,0,0,3,1,72,Calm,0,0,0,0
Missisquoi Bay,8/10/2020,Calm,74,45.00183181,-73.14339263,0,0,0,0,1a,0,70,Calm,0,0,0,0
Missisquoi Bay,8/15/2020,Calm,82,45.00183181,-73.14339263,0,0,0,0,2,1,71,Calm,0,0,0,0
Missisquoi Bay,8/18/2020,Calm,70,45.00183181,-73.14339263,0,0,0,0,2,1,78,Calm,0,0,0,0
Missisquoi Bay,8/22/2020,Calm,90,45.00183181,-73.14339263,0,0,0,0,3,1,76,Calm,0,0,0,0
Missisquoi Bay,8/24/2020,Calm,71,45.00183181,-73.14339263,0,0,0,0,1a,0,80,Calm,0,0,0,0
Missisquoi Bay,8/28/2020,Rolling,71.425,45.00183181,-73.14339263,0,0,0,0,3,1,77,Calm,0,0,0,0
Missisquoi Bay,8/29/2020,Calm,68,45.00183181,-73.14339263,0,0,0,0,1d,0,77.475,Calm,0,0,0,0
Missisquoi Bay,8/31/2020,Calm,72.33333333,45.00183181,-73.14339263,0,0,0,0,3,1,70.14166667,Calm,0,0,0,0
Missisquoi Bay,9/5/2020,Rolling,72,45.00183181,-73.14339263,0,0,0,0,1b,0,70.58611111,Calm,0,0,0,0
Missisquoi Bay,9/7/2020,Rolling,69,45.00183181,-73.14339263,0,0,0,0,1a,0,72.16666667,Calm,0,0,0,0
Missisquoi Bay,9/11/2020,Rolling,68,45.00183181,-73.14339263,0,0,0,0,2,1,70.5,Rolling,0,0,0,0
Missisquoi Bay,9/14/2020,Rolling,65,45.00183181,-73.14339263,0,0,0,0,1a,0,69.66666667,Rolling,0,0,0,0
Missisquoi Bay,9/21/2020,Calm,60,45.00183181,-73.14339263,0,0,0,0,1a,0,66.5,Rolling,0,0,0,0
Missisquoi Bay,9/28/2020,Calm,63,45.00183181,-73.14339263,0,0,0,0,1a,0,60,Calm,0,0,0,0
Missisquoi Bay,10/5/2020,Calm,60,45.00183181,-73.14339263,0,0,0,0,1a,0,63,Calm,0,0,0,0
Missisquoi Bay,6/20/2021,Rolling,,45.00183181,-73.14339263,0,0,0,0,3,1,60,,,,,
Missisquoi Bay,6/21/2021,Calm,,45.00183181,-73.14339263,0,0,0,0,1a,0,,Rolling,0,0,0,0
Missisquoi Bay,6/23/2021,Calm,,45.00183181,-73.14339263,0,0,0,0,1b,0,,Calm,0,0,0,0
Missisquoi Bay,6/28/2021,Rolling,22,45.00183181,-73.14339263,0,0,1,0,1d,0,,Calm,0,0,0,0
Missisquoi Bay,6/29/2021,Calm,,45.00183181,-73.14339263,0,0,0,0,1a,0,22,Calm,0,0,0,0
Missisquoi Bay,7/1/2021,Calm,24.5,45.00183181,-73.14339263,0,0,0,0,2,1,22,Calm,0,0,0,0
Missisquoi Bay,7/5/2021,Calm,,45.00183181,-73.14339263,0,0,0,0,1b,0,23.25,Calm,0,0,0,0
Missisquoi Bay,7/12/2021,Rolling,,45.00183181,-73.14339263,1,0,0,0,3,1,24.5,Calm,0,0,0,0
Missisquoi Bay,7/16/2021,Rolling,24,45.00183181,-73.14339263,0,1,1,0,1d,0,,Rolling,1,0,0,0
Missisquoi Bay,7/20/2021,Calm,,45.00183181,-73.14339263,1,0,0,0,1b,0,24,Rolling,0,1,1,0
Missisquoi Bay,7/22/2021,Calm,,45.00183181,-73.14339263,0,0,0,0,1d,0,24,Calm,0,0,0,0
Missisquoi Bay,7/25/2021,Rolling,,45.00183181,-73.14339263,0,0,0,0,1d,0,24,Calm,0,0,0,0
Missisquoi Bay,7/27/2021,Calm,,45.00183181,-73.14339263,1,0,0,0,1b,0,,Calm,0,0,0,0
Missisquoi Bay,8/1/2021,Calm,74,45.00183181,-73.14339263,0,0,0,0,1d,0,,Calm,0,0,0,0
Missisquoi Bay,8/2/2021,Rolling,21,45.00183181,-73.14339263,0,1,1,0,1d,0,74,Calm,0,0,0,0
Missisquoi Bay,8/3/2021,Calm,,45.00183181,-73.14339263,0,1,0,0,1b,0,47.5,Calm,0,0,0,0
Missisquoi Bay,8/10/2021,Calm,,45.00183181,-73.14339263,1,1,0,0,1d,0,47.5,Calm,0,1,0,0
Missisquoi Bay,8/13/2021,Calm,,45.00183181,-73.14339263,0,0,0,0,3,1,,Calm,1,1,0,0
Missisquoi Bay,8/17/2021,Calm,,45.00183181,-73.14339263,0,1,0,0,1d,0,,Calm,0,0,0,0
Missisquoi Bay,8/20/2021,Calm,,45.00183181,-73.14339263,0,0,0,0,3,1,,Calm,0,0,0,0
Missisquoi Bay,8/21/2021,Calm,,45.00183181,-73.14339263,0,0,0,0,3,1,,Calm,0,0,0,0
Missisquoi Bay,8/22/2021,Calm,75,45.00183181,-73.14339263,0,0,0,0,3,1,,Calm,0,0,0,0
Missisquoi Bay,8/23/2021,Calm,25,45.00183181,-73.14339263,0,1,1,0,3,1,75,Calm,0,0,0,0
Missisquoi Bay,8/24/2021,Rolling,76.55,45.00183181,-73.14339263,0,0,0,0,3,1,50,Calm,0,0,0,0
Missisquoi Bay,8/29/2021,Calm,77,45.00183181,-73.14339263,0,0,0,0,3,1,58.85,Calm,0,0,0,0
Missisquoi Bay,8/31/2021,Calm,,45.00183181,-73.14339263,0,1,0,0,1d,0,59.51666667,Calm,0,0,0,0
Missisquoi Bay,9/1/2021,Calm,,45.00183181,-73.14339263,0,0,0,0,3,1,77,Calm,0,0,0,0
Missisquoi Bay,9/3/2021,Rolling,,45.00183181,-73.14339263,0,0,0,0,3,1,77,Calm,0,0,0,0
Missisquoi Bay,9/7/2021,Rolling,,45.00183181,-73.14339263,0,1,0,0,1d,0,77,Calm,0,0,0,0
Missisquoi Bay,9/9/2021,White Caps,21,45.00183181,-73.14339263,0,0,0,0,2,1,,Rolling,0,0,0,0
Missisquoi Bay,9/10/2021,White Caps,21,45.00183181,-73.14339263,0,1,1,0,2,1,21,Rolling,0,0,0,0
Missisquoi Bay,9/14/2021,Calm,,45.00183181,-73.14339263,0,1,1,0,3,1,21,White Caps,0,1,0,0
Missisquoi Bay,9/16/2021,Calm,,45.00183181,-73.14339263,0,0,0,0,3,1,21,White Caps,0,1,1,0
Missisquoi Bay,9/21/2021,Calm,20,45.00183181,-73.14339263,0,1,0,0,1d,0,21,Calm,0,0,0,0
Missisquoi Bay,9/28/2021,Rolling,,45.00183181,-73.14339263,0,0,0,0,1b,0,20,Calm,0,1,0,0
Missisquoi Bay,10/5/2021,Calm,,45.00183181,-73.14339263,0,0,0,0,3,1,,Rolling,0,0,0,0
Missisquoi Bay,10/6/2021,Calm,,45.00183181,-73.14339263,0,0,0,0,3,1,,Calm,0,0,0,0
Missisquoi Bay,10/7/2021,Rolling,16,45.00183181,-73.14339263,0,1,1,0,2,1,,Calm,0,0,0,0
Missisquoi Bay,10/12/2021,Calm,,45.00183181,-73.14339263,0,0,0,0,1b,0,16,Calm,0,0,0,0
Missisquoi Bay,10/19/2021,Rolling,,45.00183181,-73.14339263,0,0,0,0,1b,0,16,Calm,0,0,0,0
Missisquoi Bay,11/2/2021,Calm,,45.00183181,-73.14339263,0,0,0,0,1b,0,,,,,,
Missisquoi Bay,6/21/2022,Calm,,45.00183181,-73.14339263,0,0,0,0,1b,0,,,,,,
Missisquoi Bay,6/28/2022,Calm,67,45.00183181,-73.14339263,0,0,0,0,2,1,,Calm,0,0,0,0
Missisquoi Bay,7/3/2022,Rolling,75,45.00183181,-73.14339263,0,0,0,0,1d,0,67,Calm,0,0,0,0
Missisquoi Bay,7/4/2022,Calm,75,45.00183181,-73.14339263,0,0,0,0,3,1,71,Calm,0,0,0,0
Missisquoi Bay,7/5/2022,Calm,,45.00183181,-73.14339263,0,0,0,0,1b,0,72.33333333,Calm,0,0,0,0
Missisquoi Bay,7/7/2022,Calm,,45.00183181,-73.14339263,0,0,0,0,3,1,75,Calm,0,0,0,0
Missisquoi Bay,7/9/2022,Calm,75,45.00183181,-73.14339263,0,0,0,0,1c,0,75,Calm,0,0,0,0
Missisquoi Bay,7/11/2022,Calm,,45.00183181,-73.14339263,1,0,1,0,1b,0,75,Calm,0,0,0,0
Missisquoi Bay,7/19/2022,White Caps,76,45.00183181,-73.14339263,1,1,1,0,1d,0,75,,,,,
Missisquoi Bay,8/2/2022,Calm,,45.00183181,-73.14339263,0,0,0,0,2,1,76,,,,,
Missisquoi Bay,8/5/2022,White Caps,75,45.00183181,-73.14339263,1,0,1,0,1d,0,,Calm,0,0,0,0
Missisquoi Bay,8/6/2022,Calm,75,45.00183181,-73.14339263,0,0,0,0,3,1,75,Calm,0,0,0,0
Missisquoi Bay,8/7/2022,Calm,75,45.00183181,-73.14339263,0,0,0,0,2,1,75,Calm,0,0,0,0
Missisquoi Bay,8/8/2022,Calm,,45.00183181,-73.14339263,0,1,1,0,1b,0,75,Calm,0,0,0,0
Missisquoi Bay,8/10/2022,Calm,75,45.00183181,-73.14339263,0,0,0,0,3,1,75,Calm,0,0,0,0
Missisquoi Bay,8/11/2022,Calm,75,45.00183181,-73.14339263,0,0,0,0,3,1,75,Calm,0,0,0,0
Missisquoi Bay,8/13/2022,Rolling,75,45.00183181,-73.14339263,0,0,0,0,3,1,75,Calm,0,0,0,0
Missisquoi Bay,8/14/2022,Calm,75,45.00183181,-73.14339263,0,0,0,0,3,1,75,Calm,0,0,0,0
Missisquoi Bay,8/15/2022,Calm,71.5,45.00183181,-73.14339263,1,1,1,0,3,1,75,Calm,0,0,0,0
Missisquoi Bay,8/16/2022,Rolling,,45.00183181,-73.14339263,0,0,0,0,2,1,74.3,Calm,0,0,0,0
Missisquoi Bay,8/23/2022,Calm,,45.00183181,-73.14339263,0,0,1,0,1d,0,74.3,Rolling,0,0,0,0
Missisquoi Bay,8/25/2022,White Caps,75,45.00183181,-73.14339263,0,1,1,0,2,1,,Calm,0,0,1,0
Missisquoi Bay,8/29/2022,Calm,,45.00183181,-73.14339263,0,1,0,0,1d,0,75,Calm,0,0,1,0
Missisquoi Bay,9/6/2022,Calm,70,45.00183181,-73.14339263,0,0,0,0,1d,0,75,,,,,
Missisquoi Bay,9/13/2022,Calm,,45.00183181,-73.14339263,0,1,1,0,1a,0,70,Calm,0,0,0,0
Missisquoi Bay,9/20/2022,Calm,,45.00183181,-73.14339263,1,0,1,0,2,1,,Calm,0,1,1,0
Missisquoi Bay,9/27/2022,Calm,,45.00183181,-73.14339263,0,0,0,0,1a,0,,Calm,1,0,1,0
Missisquoi Bay,10/4/2022,Calm,62,45.00183181,-73.14339263,0,0,0,0,3,1,,Calm,0,0,0,0
Missisquoi Bay,10/11/2022,Calm,,45.00183181,-73.14339263,0,0,0,0,1b,0,62,Calm,0,0,0,0
Missisquoi Bay,10/18/2022,Calm,,45.00183181,-73.14339263,0,0,0,0,1b,0,,Calm,0,0,0,0
Missisquoi Bay,10/19/2022,Rolling,54,45.00183181,-73.14339263,0,0,0,0,1a,0,,Calm,0,0,0,0
Missisquoi Bay,10/25/2022,Calm,,45.00183181,-73.14339263,0,0,0,0,1a,0,54,Calm,0,0,0,0
Missisquoi Bay,11/2/2022,Calm,,45.00183181,-73.14339263,0,0,0,0,1a,0,54,,,,,
St. Albans Bay,6/26/2012,,,44.78895616,-73.16823468,0,0,0,0,1b,0,,,,,,
St. Albans Bay,7/1/2012,,,44.78895616,-73.16823468,0,0,0,0,1a,0,,,0,0,0,0
St. Albans Bay,7/2/2012,,,44.78895616,-73.16823468,0,0,0,0,1c,0,,,0,0,0,0
St. Albans Bay,7/8/2012,,,44.78895616,-73.16823468,0,0,0,0,1c,0,,,0,0,0,0
St. Albans Bay,7/9/2012,,,44.78895616,-73.16823468,0,0,0,0,1c,0,,,0,0,0,0
St. Albans Bay,7/10/2012,,,44.78895616,-73.16823468,0,0,0,0,1a,0,,,0,0,0,0
St. Albans Bay,7/15/2012,,,44.78895616,-73.16823468,0,0,0,0,1c,0,,,0,0,0,0
St. Albans Bay,7/16/2012,,,44.78895616,-73.16823468,0,0,0,0,1c,0,,,0,0,0,0
St. Albans Bay,7/17/2012,,,44.78895616,-73.16823468,0,0,0,0,1b,0,,,0,0,0,0
St. Albans Bay,7/22/2012,,,44.78895616,-73.16823468,0,0,0,0,1b,0,,,0,0,0,0
St. Albans Bay,7/23/2012,,,44.78895616,-73.16823468,0,0,0,0,1c,0,,,0,0,0,0
St. Albans Bay,7/24/2012,,,44.78895616,-73.16823468,0,0,0,0,1a,0,,,0,0,0,0
St. Albans Bay,7/29/2012,,,44.78895616,-73.16823468,0,0,0,0,2,1,,,0,0,0,0
St. Albans Bay,7/30/2012,,,44.78895616,-73.16823468,0,0,0,0,1b,0,,,0,0,0,0
St. Albans Bay,7/31/2012,,,44.78895616,-73.16823468,0,0,0,0,1a,0,,,0,0,0,0
St. Albans Bay,8/5/2012,,,44.78895616,-73.16823468,0,0,0,0,1c,0,,,0,0,0,0
St. Albans Bay,8/6/2012,,,44.78895616,-73.16823468,0,0,0,0,1a,0,,,0,0,0,0
St. Albans Bay,8/7/2012,,,44.78895616,-73.16823468,0,0,0,0,1c,0,,,0,0,0,0
St. Albans Bay,8/12/2012,,,44.78895616,-73.16823468,0,0,0,0,1c,0,,,0,0,0,0
St. Albans Bay,8/13/2012,,,44.78895616,-73.16823468,0,0,0,0,1a,0,,,0,0,0,0
St. Albans Bay,8/14/2012,,,44.78895616,-73.16823468,0,0,0,0,1a,0,,,0,0,0,0
St. Albans Bay,8/15/2012,,,44.78895616,-73.16823468,0,0,0,0,1a,0,,,0,0,0,0
St. Albans Bay,8/19/2012,,,44.78895616,-73.16823468,0,0,0,0,1a,0,,,0,0,0,0
St. Albans Bay,8/20/2012,,,44.78895616,-73.16823468,0,0,0,0,1b,0,,,0,0,0,0
St. Albans Bay,8/21/2012,,,44.78895616,-73.16823468,0,0,0,0,1a,0,,,0,0,0,0
St. Albans Bay,8/23/2012,,,44.78895616,-73.16823468,0,0,0,0,1c,0,,,0,0,0,0
St. Albans Bay,8/25/2012,,,44.78895616,-73.16823468,0,0,0,0,2,1,,,0,0,0,0
St. Albans Bay,8/26/2012,,,44.78895616,-73.16823468,0,0,0,0,3,1,,,0,0,0,0
St. Albans Bay,8/27/2012,,,44.78895616,-73.16823468,0,0,0,0,1b,0,,,0,0,0,0
St. Albans Bay,8/28/2012,,,44.78895616,-73.16823468,0,0,0,0,1b,0,,,0,0,0,0
St. Albans Bay,8/30/2012,,,44.78895616,-73.16823468,0,0,0,0,2,1,,,0,0,0,0
St. Albans Bay,9/2/2012,,,44.78895616,-73.16823468,0,0,0,0,1c,0,,,0,0,0,0
St. Albans Bay,9/3/2012,,,44.78895616,-73.16823468,0,0,0,0,2,1,,,0,0,0,0
St. Albans Bay,9/4/2012,,,44.78895616,-73.16823468,0,0,0,0,1a,0,,,0,0,0,0
St. Albans Bay,9/6/2012,,,44.78895616,-73.16823468,0,0,0,0,3,1,,,0,0,0,0
St. Albans Bay,6/17/2013,Calm,32.65,44.78895616,-73.16823468,0,0,0,0,1a,0,,,,,,
St. Albans Bay,6/18/2013,Calm,64,44.78895616,-73.16823468,0,0,0,0,1a,0,32.65,Calm,0,0,0,0
St. Albans Bay,6/23/2013,Calm,0,44.78895616,-73.16823468,0,0,0,0,1a,0,48.325,Calm,0,0,0,0
St. Albans Bay,6/24/2013,Calm,65,44.78895616,-73.16823468,0,0,0,0,1a,0,32.21666667,Calm,0,0,0,0
St. Albans Bay,6/30/2013,Calm,0,44.78895616,-73.16823468,0,0,0,0,1a,0,43,Calm,0,0,0,0
St. Albans Bay,7/1/2013,Calm,73.5,44.78895616,-73.16823468,0,0,0,0,1b,0,32.5,Calm,0,0,0,0
St. Albans Bay,7/2/2013,Calm,69.5,44.78895616,-73.16823468,0,0,0,0,1b,0,36.75,Calm,0,0,0,0
St. Albans Bay,7/6/2013,Calm,0,44.78895616,-73.16823468,0,0,0,0,1a,0,47.66666667,Calm,0,0,0,0
St. Albans Bay,7/8/2013,Calm,78,44.78895616,-73.16823468,0,0,0,0,1b,0,35.75,Calm,0,0,0,0
St. Albans Bay,7/9/2013,Calm,74,44.78895616,-73.16823468,0,0,0,0,1a,0,49.16666667,Calm,0,0,0,0
St. Albans Bay,7/14/2013,Calm,0,44.78895616,-73.16823468,0,0,0,0,1a,0,50.66666667,Calm,0,0,0,0
St. Albans Bay,7/15/2013,Calm,83.7,44.78895616,-73.16823468,0,0,0,0,1a,0,50.66666667,Calm,0,0,0,0
St. Albans Bay,7/16/2013,Calm,83,44.78895616,-73.16823468,0,0,0,0,1a,0,52.56666667,Calm,0,0,0,0
St. Albans Bay,7/18/2013,Calm,0,44.78895616,-73.16823468,0,0,0,0,2,1,55.56666667,Calm,0,0,0,0
St. Albans Bay,7/22/2013,Calm,53.7,44.78895616,-73.16823468,0,0,0,0,1c,0,41.675,Calm,0,0,0,0
St. Albans Bay,7/23/2013,Calm,0,44.78895616,-73.16823468,0,0,0,0,1a,0,45.56666667,Calm,0,0,0,0
St. Albans Bay,7/29/2013,Calm,80.2,44.78895616,-73.16823468,0,0,0,0,2,1,17.9,Calm,0,0,0,0
St. Albans Bay,7/30/2013,Calm,74.4,44.78895616,-73.16823468,0,0,0,0,1a,0,40.1,Calm,0,0,0,0
St. Albans Bay,8/4/2013,Calm,0,44.78895616,-73.16823468,0,0,0,0,1a,0,77.3,Calm,0,0,0,0
St. Albans Bay,8/5/2013,Rolling,37,44.78895616,-73.16823468,0,0,0,0,1a,0,51.53333333,Calm,0,0,0,0
St. Albans Bay,8/6/2013,Calm,72.3,44.78895616,-73.16823468,0,0,0,0,1a,0,37.13333333,Calm,0,0,0,0
St. Albans Bay,8/9/2013,Calm,0,44.78895616,-73.16823468,0,0,0,0,1a,0,36.43333333,Calm,0,0,0,0
St. Albans Bay,8/12/2013,Rolling,74.3,44.78895616,-73.16823468,0,0,0,0,1a,0,27.325,Calm,0,0,0,0
St. Albans Bay,8/13/2013,Calm,73.75,44.78895616,-73.16823468,0,0,0,0,1a,0,48.86666667,Calm,0,0,0,0
St. Albans Bay,8/17/2013,Calm,76,44.78895616,-73.16823468,0,0,0,0,3,1,49.35,Calm,0,0,0,0
St. Albans Bay,8/18/2013,Calm,0,44.78895616,-73.16823468,0,0,0,0,2,1,74.68333333,Calm,0,0,0,0
St. Albans Bay,8/19/2013,Calm,49.53333333,44.78895616,-73.16823468,0,0,0,0,3,1,56.0125,Calm,0,0,0,0
St. Albans Bay,8/20/2013,Rolling,73.8,44.78895616,-73.16823468,0,0,0,0,2,1,49.82083333,Calm,0,0,0,0
St. Albans Bay,8/21/2013,Rolling,74,44.78895616,-73.16823468,0,0,0,0,2,1,49.83333333,Calm,0,0,0,0
St. Albans Bay,8/25/2013,Rolling,74,44.78895616,-73.16823468,0,0,0,0,3,1,54.66666667,Calm,0,0,0,0
St. Albans Bay,8/26/2013,Rolling,72,44.78895616,-73.16823468,0,0,0,0,1a,0,67.83333333,Rolling,0,0,0,0
St. Albans Bay,8/27/2013,Calm,0,44.78895616,-73.16823468,0,0,0,0,3,1,73.45,Rolling,0,0,0,0
St. Albans Bay,8/28/2013,Calm,74,44.78895616,-73.16823468,0,0,0,0,3,1,55,Rolling,0,0,0,0
St. Albans Bay,9/1/2013,Calm,70,44.78895616,-73.16823468,0,0,0,0,1a,0,55,Calm,0,0,0,0
St. Albans Bay,9/2/2013,Calm,80,44.78895616,-73.16823468,0,0,0,0,1c,0,54,Calm,0,0,0,0
St. Albans Bay,6/16/2014,Calm,69,44.78895616,-73.16823468,0,0,0,0,1a,0,56,,,,,
St. Albans Bay,6/17/2014,Calm,73.7,44.78895616,-73.16823468,0,0,0,0,1a,0,69,Calm,0,0,0,0
St. Albans Bay,6/23/2014,Calm,70.5,44.78895616,-73.16823468,0,0,0,0,1d,0,71.35,Calm,0,0,0,0
St. Albans Bay,6/25/2014,Calm,67,44.78895616,-73.16823468,0,0,0,0,1a,0,72.1,Calm,0,0,0,0
St. Albans Bay,6/30/2014,Calm,74.86666667,44.78895616,-73.16823468,0,0,0,0,1b,0,68.75,Calm,0,0,0,0
St. Albans Bay,7/7/2014,Rolling,71.675,44.78895616,-73.16823468,0,0,0,0,1b,0,70.93333333,Calm,0,0,0,0
St. Albans Bay,7/9/2014,Rolling,73.3,44.78895616,-73.16823468,0,0,0,0,1a,0,71.675,Rolling,0,0,0,0
St. Albans Bay,7/11/2014,Calm,74,44.78895616,-73.16823468,0,0,0,0,1d,0,72.4875,Rolling,0,0,0,0
St. Albans Bay,7/14/2014,Calm,74.53333333,44.78895616,-73.16823468,0,0,0,0,1d,0,72.99166667,Rolling,0,0,0,0
St. Albans Bay,7/15/2014,Calm,75.4,44.78895616,-73.16823468,0,0,0,0,1a,0,73.94444444,Calm,0,0,0,0
St. Albans Bay,7/21/2014,Rolling,76.4,44.78895616,-73.16823468,0,0,0,0,1d,0,74.30833333,Calm,0,0,0,0
St. Albans Bay,7/22/2014,Calm,81,44.78895616,-73.16823468,0,0,0,0,1a,0,75.9,Calm,0,0,0,0
St. Albans Bay,7/28/2014,Calm,71,44.78895616,-73.16823468,0,0,0,0,1a,0,78.7,Calm,0,0,0,0
St. Albans Bay,7/29/2014,Rolling,72.35,44.78895616,-73.16823468,0,0,0,0,2,1,76,Calm,0,0,0,0
St. Albans Bay,7/30/2014,White Caps,71,44.78895616,-73.16823468,0,0,0,0,1a,0,71.675,Calm,0,0,0,0
St. Albans Bay,8/1/2014,Rolling,73.5,44.78895616,-73.16823468,0,0,0,0,2,1,71.45,Calm,0,0,0,0
St. Albans Bay,8/4/2014,Calm,75.925,44.78895616,-73.16823468,0,0,0,0,3,1,71.9625,Rolling,0,0,0,0
St. Albans Bay,8/6/2014,Calm,77,44.78895616,-73.16823468,0,0,0,0,3,1,73.19375,Calm,0,0,0,0
St. Albans Bay,8/8/2014,Calm,78,44.78895616,-73.16823468,0,0,0,0,3,1,75.475,Calm,0,0,0,0
St. Albans Bay,8/11/2014,Calm,78.05,44.78895616,-73.16823468,0,0,0,0,3,1,76.975,Calm,0,0,0,0
St. Albans Bay,8/12/2014,Calm,76.8,44.78895616,-73.16823468,0,0,0,0,1a,0,77.68333333,Calm,0,0,0,0
St. Albans Bay,8/18/2014,Calm,68.66666667,44.78895616,-73.16823468,0,0,0,0,2,1,77.4625,Calm,0,0,0,0
St. Albans Bay,8/19/2014,Calm,,44.78895616,-73.16823468,0,0,0,0,3,1,72.73333333,Calm,0,0,0,0
St. Albans Bay,8/25/2014,Rolling,75.16666667,44.78895616,-73.16823468,0,0,0,0,3,1,68.66666667,Calm,0,0,0,0
St. Albans Bay,8/26/2014,Rolling,77.4,44.78895616,-73.16823468,0,0,0,0,1a,0,75.16666667,Calm,0,0,0,0
St. Albans Bay,9/1/2014,Calm,73.8,44.78895616,-73.16823468,0,0,0,0,3,1,76.28333333,Rolling,0,0,0,0
St. Albans Bay,9/2/2014,Calm,74.3,44.78895616,-73.16823468,0,0,0,0,1a,0,75.6,Calm,0,0,0,0
St. Albans Bay,9/3/2014,Calm,78.6,44.78895616,-73.16823468,0,0,0,0,3,1,74.05,Calm,0,0,0,0
St. Albans Bay,9/8/2014,Rolling,78.9,44.78895616,-73.16823468,1,1,1,0,3,1,75.56666667,Calm,0,0,0,0
St. Albans Bay,9/17/2014,Calm,66.5,44.78895616,-73.16823468,0,0,0,0,1a,0,77.26666667,,,,,
St. Albans Bay,6/15/2015,Rolling,62,44.78895616,-73.16823468,0,0,0,0,1a,0,66.5,,,,,
St. Albans Bay,6/16/2015,Calm,,44.78895616,-73.16823468,0,0,0,0,1a,0,62,Rolling,0,0,0,0
St. Albans Bay,6/19/2015,Calm,,44.78895616,-73.16823468,0,0,0,0,1b,0,62,Calm,0,0,0,0
St. Albans Bay,6/22/2015,Calm,64,44.78895616,-73.16823468,0,0,0,0,1a,0,62,Calm,0,0,0,0
St. Albans Bay,6/23/2015,Rolling,,44.78895616,-73.16823468,0,0,0,0,1b,0,64,Calm,0,0,0,0
St. Albans Bay,6/26/2015,Calm,,44.78895616,-73.16823468,0,0,0,0,1b,0,64,Calm,0,0,0,0
St. Albans Bay,6/29/2015,Calm,63,44.78895616,-73.16823468,0,0,0,0,1a,0,64,Calm,0,0,0,0
St. Albans Bay,6/30/2015,Rolling,,44.78895616,-73.16823468,0,0,0,0,1a,0,63,Calm,0,0,0,0
St. Albans Bay,7/1/2015,Calm,,44.78895616,-73.16823468,0,0,0,0,1a,0,63,Calm,0,0,0,0
St. Albans Bay,7/3/2015,Calm,,44.78895616,-73.16823468,0,0,0,0,1b,0,63,Calm,0,0,0,0
St. Albans Bay,7/6/2015,Calm,70,44.78895616,-73.16823468,0,0,0,0,1d,0,63,Calm,0,0,0,0
St. Albans Bay,7/7/2015,Rolling,,44.78895616,-73.16823468,0,0,0,0,1a,0,70,Calm,0,0,0,0
St. Albans Bay,7/10/2015,Calm,,44.78895616,-73.16823468,0,0,0,0,1a,0,70,Calm,0,0,0,0
St. Albans Bay,7/11/2015,Calm,,44.78895616,-73.16823468,0,0,0,0,1a,0,70,Calm,0,0,0,0
St. Albans Bay,7/12/2015,Calm,,44.78895616,-73.16823468,0,0,0,0,1d,0,70,Calm,0,0,0,0
St. Albans Bay,7/13/2015,Rolling,84,44.78895616,-73.16823468,1,1,1,0,3,1,70,Calm,0,0,0,0
St. Albans Bay,7/14/2015,Rolling,,44.78895616,-73.16823468,0,0,0,0,1a,0,84,Calm,0,0,0,0
St. Albans Bay,7/15/2015,Rolling,,44.78895616,-73.16823468,0,0,0,0,3,1,84,Calm,0,0,0,0
St. Albans Bay,7/16/2015,Rolling,,44.78895616,-73.16823468,0,0,0,0,1a,0,84,Calm,0,0,0,0
St. Albans Bay,7/18/2015,Rolling,,44.78895616,-73.16823468,0,0,0,0,1a,0,84,Rolling,0,0,0,0
St. Albans Bay,7/19/2015,Rolling,,44.78895616,-73.16823468,0,0,0,0,1a,0,84,Rolling,0,0,0,0
St. Albans Bay,7/20/2015,Calm,80,44.78895616,-73.16823468,0,0,0,0,3,1,84,Rolling,0,0,0,0
St. Albans Bay,7/21/2015,Rolling,,44.78895616,-73.16823468,0,0,0,0,1d,0,80,Rolling,0,0,0,0
St. Albans Bay,7/22/2015,Calm,,44.78895616,-73.16823468,0,0,0,0,1d,0,80,Rolling,0,0,0,0
St. Albans Bay,7/23/2015,Rolling,,44.78895616,-73.16823468,0,0,0,0,1d,0,80,Rolling,0,0,0,0
St. Albans Bay,7/26/2015,Calm,,44.78895616,-73.16823468,0,0,0,0,3,1,80,Rolling,0,0,0,0
St. Albans Bay,7/27/2015,Rolling,80,44.78895616,-73.16823468,1,1,0,0,3,1,80,Calm,0,0,0,0
St. Albans Bay,7/28/2015,Calm,91,44.78895616,-73.16823468,1,1,1,0,3,1,80,Rolling,0,0,0,0
St. Albans Bay,7/29/2015,Rolling,91,44.78895616,-73.16823468,0,0,0,0,3,1,85.5,Calm,0,0,0,0
St. Albans Bay,7/30/2015,Rolling,,44.78895616,-73.16823468,0,0,0,0,1c,0,87.33333333,Rolling,0,0,0,0
St. Albans Bay,7/31/2015,Calm,,44.78895616,-73.16823468,0,0,0,0,1d,0,87.33333333,Rolling,0,0,0,0
St. Albans Bay,8/3/2015,White Caps,82,44.78895616,-73.16823468,0,0,0,0,1b,0,87.33333333,Rolling,0,0,0,0
St. Albans Bay,8/6/2015,Rolling,,44.78895616,-73.16823468,0,0,0,0,1a,0,88,Calm,0,0,0,0
St. Albans Bay,8/7/2015,Calm,75,44.78895616,-73.16823468,1,1,1,0,2,1,82,Calm,0,0,0,0
St. Albans Bay,8/10/2015,Rolling,78,44.78895616,-73.16823468,1,0,1,0,1b,0,78.5,Calm,0,0,0,0
St. Albans Bay,8/11/2015,Rolling,,44.78895616,-73.16823468,0,0,0,0,1b,0,76.5,Rolling,1,0,1,0
St. Albans Bay,8/13/2015,Calm,,44.78895616,-73.16823468,0,0,0,0,3,1,76.5,Rolling,0,0,0,0
St. Albans Bay,8/14/2015,Rolling,80,44.78895616,-73.16823468,0,0,0,0,2,1,76.5,Calm,0,0,0,0
St. Albans Bay,8/15/2015,Calm,,44.78895616,-73.16823468,0,0,0,0,3,1,79,Rolling,0,0,0,0
St. Albans Bay,8/16/2015,Calm,,44.78895616,-73.16823468,0,0,0,0,3,1,79,Rolling,0,0,0,0
St. Albans Bay,8/17/2015,Rolling,85,44.78895616,-73.16823468,1,1,0,0,2,1,79,Calm,0,0,0,0
St. Albans Bay,8/18/2015,Calm,85,44.78895616,-73.16823468,0,0,0,0,3,1,82.5,Calm,0,0,0,0
St. Albans Bay,8/19/2015,Calm,85,44.78895616,-73.16823468,0,0,0,0,3,1,83.33333333,Calm,0,0,0,0
St. Albans Bay,8/20/2015,Rolling,,44.78895616,-73.16823468,0,0,0,0,1c,0,83.75,Calm,0,0,0,0
St. Albans Bay,8/21/2015,Calm,,44.78895616,-73.16823468,0,0,0,0,3,1,83.75,Calm,0,0,0,0
St. Albans Bay,8/23/2015,Calm,,44.78895616,-73.16823468,0,0,0,0,3,1,85,Calm,0,0,0,0
St. Albans Bay,8/24/2015,White Caps,86,44.78895616,-73.16823468,1,1,0,0,3,1,85,Calm,0,0,0,0
St. Albans Bay,8/25/2015,Calm,84,44.78895616,-73.16823468,0,0,0,0,3,1,85.33333333,Calm,0,0,0,0
St. Albans Bay,8/26/2015,Calm,,44.78895616,-73.16823468,0,0,0,0,3,1,85,Calm,0,0,0,0
St. Albans Bay,8/28/2015,Calm,,44.78895616,-73.16823468,0,0,0,0,3,1,85,Calm,0,0,0,0
St. Albans Bay,8/31/2015,White Caps,80,44.78895616,-73.16823468,1,1,0,0,3,1,85,Calm,0,0,0,0
St. Albans Bay,9/1/2015,Calm,82,44.78895616,-73.16823468,1,1,1,0,3,1,82,Calm,0,0,0,0
St. Albans Bay,9/2/2015,Calm,,44.78895616,-73.16823468,0,0,0,0,2,1,81,Calm,0,0,0,0
St. Albans Bay,9/3/2015,White Caps,,44.78895616,-73.16823468,0,0,0,0,2,1,81,Calm,0,0,0,0
St. Albans Bay,9/4/2015,Calm,,44.78895616,-73.16823468,0,0,0,0,1d,0,81,Calm,0,0,0,0
St. Albans Bay,9/8/2015,Calm,83,44.78895616,-73.16823468,1,1,0,0,3,1,81,Calm,0,0,0,0
St. Albans Bay,9/10/2015,Calm,,44.78895616,-73.16823468,0,0,0,0,1d,0,83,Calm,0,0,0,0
St. Albans Bay,9/11/2015,Calm,,44.78895616,-73.16823468,0,0,0,0,1d,0,83,Calm,0,0,0,0
St. Albans Bay,9/15/2015,Rolling,78,44.78895616,-73.16823468,0,0,0,0,1d,0,83,Calm,0,0,0,0
St. Albans Bay,9/20/2015,Calm,,44.78895616,-73.16823468,0,0,0,0,1d,0,78,Rolling,0,0,0,0
St. Albans Bay,9/21/2015,Calm,80,44.78895616,-73.16823468,0,0,0,0,2,1,78,Calm,0,0,0,0
St. Albans Bay,9/22/2015,Calm,70,44.78895616,-73.16823468,1,1,0,0,1a,0,79,Calm,0,0,0,0
St. Albans Bay,9/25/2015,Calm,,44.78895616,-73.16823468,0,0,0,0,1d,0,75,Calm,0,0,0,0
St. Albans Bay,10/6/2015,Rolling,,44.78895616,-73.16823468,0,0,0,0,3,1,75,,,,,
St. Albans Bay,6/18/2016,Calm,,44.78895616,-73.16823468,0,0,0,0,1b,0,,,,,,
St. Albans Bay,6/20/2016,White Caps,73,44.78895616,-73.16823468,0,0,0,0,1b,0,,Calm,0,0,0,0
St. Albans Bay,6/24/2016,Calm,,44.78895616,-73.16823468,0,0,0,0,1c,0,73,Calm,0,0,0,0
St. Albans Bay,6/25/2016,Calm,,44.78895616,-73.16823468,0,0,0,0,1c,0,73,Calm,0,0,0,0
St. Albans Bay,6/27/2016,White Caps,75.4,44.78895616,-73.16823468,0,0,0,0,1a,0,73,Calm,0,0,0,0
St. Albans Bay,7/1/2016,Calm,,44.78895616,-73.16823468,0,0,0,0,1c,0,75.4,Calm,0,0,0,0
St. Albans Bay,7/5/2016,Rolling,75.25,44.78895616,-73.16823468,0,1,0,0,1a,0,75.4,Calm,0,0,0,0
St. Albans Bay,7/8/2016,Calm,,44.78895616,-73.16823468,0,0,0,0,1b,0,75.25,Calm,0,0,0,0
St. Albans Bay,7/12/2016,Rolling,78.5,44.78895616,-73.16823468,1,0,1,0,1a,0,75.25,Calm,0,0,0,0
St. Albans Bay,7/14/2016,Rolling,,44.78895616,-73.16823468,0,0,0,0,1d,0,78.5,Calm,0,0,0,0
St. Albans Bay,7/17/2016,Calm,,44.78895616,-73.16823468,0,0,0,0,2,1,78.5,Rolling,0,0,0,0
St. Albans Bay,7/18/2016,White Caps,76.6,44.78895616,-73.16823468,0,0,0,0,1a,0,78.5,Rolling,0,0,0,0
St. Albans Bay,7/19/2016,White Caps,,44.78895616,-73.16823468,1,0,0,0,1a,0,77.55,Rolling,0,0,0,0
St. Albans Bay,7/21/2016,Rolling,,44.78895616,-73.16823468,0,0,0,0,1c,0,76.6,White Caps,0,0,0,0
St. Albans Bay,7/24/2016,Calm,,44.78895616,-73.16823468,0,0,0,0,3,1,76.6,White Caps,0,0,0,0
St. Albans Bay,7/26/2016,Rolling,75.55,44.78895616,-73.16823468,0,0,0,1,1b,0,76.6,Calm,0,0,0,0
St. Albans Bay,7/27/2016,Calm,,44.78895616,-73.16823468,0,0,0,0,1a,0,75.55,Rolling,0,0,0,0
St. Albans Bay,7/29/2016,Calm,,44.78895616,-73.16823468,0,0,0,0,1c,0,75.55,Calm,0,0,0,0
St. Albans Bay,8/2/2016,Calm,75.26666667,44.78895616,-73.16823468,1,0,0,0,1a,0,75.55,Calm,0,0,0,0
St. Albans Bay,8/4/2016,Rolling,,44.78895616,-73.16823468,0,0,0,0,1c,0,75.26666667,Calm,0,0,0,0
St. Albans Bay,8/8/2016,White Caps,76.1,44.78895616,-73.16823468,1,0,0,0,1a,0,75.26666667,Calm,0,0,0,0
St. Albans Bay,8/9/2016,Rolling,70,44.78895616,-73.16823468,0,0,0,0,1a,0,75.68333333,Calm,1,0,0,0
St. Albans Bay,8/10/2016,Calm,,44.78895616,-73.16823468,0,0,0,0,1a,0,73.05,Rolling,0,0,0,0
St. Albans Bay,8/12/2016,White Caps,,44.78895616,-73.16823468,0,0,0,0,1d,0,73.05,Calm,0,0,0,0
St. Albans Bay,8/15/2016,Calm,78.4,44.78895616,-73.16823468,1,0,0,0,3,1,73.05,White Caps,0,0,0,0
St. Albans Bay,8/16/2016,Calm,,44.78895616,-73.16823468,0,0,0,0,1a,0,74.2,Calm,0,0,0,0
St. Albans Bay,8/17/2016,Rolling,,44.78895616,-73.16823468,0,0,0,0,2,1,78.4,Calm,0,0,0,0
St. Albans Bay,8/18/2016,Rolling,,44.78895616,-73.16823468,1,0,1,0,3,1,78.4,Calm,0,0,0,0
St. Albans Bay,8/19/2016,Calm,,44.78895616,-73.16823468,0,0,0,0,3,1,78.4,Calm,0,0,0,0
St. Albans Bay,8/20/2016,Calm,,44.78895616,-73.16823468,0,0,0,0,3,1,78.4,Calm,0,0,0,0
St. Albans Bay,8/22/2016,Rolling,70.5,44.78895616,-73.16823468,1,0,1,1,3,1,78.4,Calm,0,0,0,0
St. Albans Bay,8/23/2016,Rolling,,44.78895616,-73.16823468,0,0,0,0,2,1,70.5,Calm,0,0,0,0
St. Albans Bay,8/24/2016,Calm,,44.78895616,-73.16823468,0,0,0,0,1d,0,70.5,Rolling,0,0,0,0
St. Albans Bay,8/28/2016,Calm,,44.78895616,-73.16823468,0,0,0,0,3,1,70.5,Rolling,0,0,0,0
St. Albans Bay,8/29/2016,Rolling,74.75,44.78895616,-73.16823468,1,1,0,1,1d,0,70.5,Calm,0,0,0,0
St. Albans Bay,8/30/2016,Rolling,,44.78895616,-73.16823468,0,0,0,0,1a,0,74.75,Calm,0,0,0,0
St. Albans Bay,9/1/2016,Rolling,,44.78895616,-73.16823468,0,0,0,0,1c,0,74.75,Rolling,0,0,0,0
St. Albans Bay,9/2/2016,Calm,,44.78895616,-73.16823468,0,0,0,0,2,1,74.75,Rolling,0,0,0,0
St. Albans Bay,9/3/2016,Calm,,44.78895616,-73.16823468,0,0,0,0,3,1,74.75,Rolling,0,0,0,0
St. Albans Bay,9/5/2016,Calm,77.25,44.78895616,-73.16823468,0,0,0,0,3,1,74.75,Rolling,0,0,0,0
St. Albans Bay,9/6/2016,Calm,,44.78895616,-73.16823468,1,1,0,0,1d,0,77.25,Calm,0,0,0,0
St. Albans Bay,9/9/2016,Calm,,44.78895616,-73.16823468,1,0,1,0,3,1,77.25,Calm,0,0,0,0
St. Albans Bay,9/13/2016,White Caps,77.1,44.78895616,-73.16823468,1,1,1,0,1c,0,77.25,Calm,1,0,0,0
St. Albans Bay,9/28/2016,Calm,,44.78895616,-73.16823468,1,1,1,0,2,1,77.1,,,,,
St. Albans Bay,10/19/2016,Rolling,,44.78895616,-73.16823468,1,1,1,0,2,1,,,,,,
St. Albans Bay,6/2/2017,Rolling,,44.78895616,-73.16823468,0,0,0,0,1b,0,,,,,,
St. Albans Bay,6/15/2017,Calm,,44.78895616,-73.16823468,0,0,0,0,1a,0,,,,,,
St. Albans Bay,6/22/2017,Rolling,69,44.78895616,-73.16823468,0,0,0,0,1a,0,,Calm,0,0,0,0
St. Albans Bay,6/24/2017,Calm,,44.78895616,-73.16823468,0,0,0,0,1a,0,69,Rolling,0,0,0,0
St. Albans Bay,6/26/2017,Calm,,44.78895616,-73.16823468,0,0,0,0,1a,0,69,Calm,0,0,0,0
St. Albans Bay,6/27/2017,White Caps,66.5,44.78895616,-73.16823468,1,0,0,0,1a,0,69,Calm,0,0,0,0
St. Albans Bay,6/28/2017,Calm,,44.78895616,-73.16823468,0,0,0,0,1a,0,67.75,Calm,0,0,0,0
St. Albans Bay,6/29/2017,White Caps,,44.78895616,-73.16823468,0,0,0,0,1a,0,67.75,Calm,0,0,0,0
St. Albans Bay,6/30/2017,Rolling,,44.78895616,-73.16823468,0,0,0,0,1a,0,66.5,Calm,0,0,0,0
St. Albans Bay,7/5/2017,Rolling,69,44.78895616,-73.16823468,0,0,0,0,1c,0,66.5,Calm,0,0,0,0
St. Albans Bay,7/6/2017,Rolling,74.3,44.78895616,-73.16823468,0,0,0,0,1c,0,69,Rolling,0,0,0,0
St. Albans Bay,7/8/2017,Calm,,44.78895616,-73.16823468,0,0,0,0,1b,0,71.65,Rolling,0,0,0,0
St. Albans Bay,7/11/2017,Rolling,74.5,44.78895616,-73.16823468,0,0,0,0,1c,0,71.65,Rolling,0,0,0,0
St. Albans Bay,7/13/2017,Calm,,44.78895616,-73.16823468,0,0,0,0,1c,0,72.6,Rolling,0,0,0,0
St. Albans Bay,7/14/2017,Rolling,,44.78895616,-73.16823468,0,0,0,0,1c,0,74.5,Calm,0,0,0,0
St. Albans Bay,7/18/2017,Calm,75.3,44.78895616,-73.16823468,1,0,1,0,1d,0,74.5,Rolling,0,0,0,0
St. Albans Bay,7/20/2017,Calm,,44.78895616,-73.16823468,1,1,1,0,2,1,75.3,Calm,0,0,0,0
St. Albans Bay,7/21/2017,Rolling,,44.78895616,-73.16823468,0,0,0,0,1d,0,75.3,Calm,1,0,1,0
St. Albans Bay,7/22/2017,Calm,,44.78895616,-73.16823468,0,0,0,0,1a,0,75.3,Calm,1,0,1,0
St. Albans Bay,7/25/2017,Calm,76,44.78895616,-73.16823468,0,0,1,0,1a,0,75.3,Calm,0,0,0,0
St. Albans Bay,7/26/2017,Rolling,,44.78895616,-73.16823468,0,0,0,0,1a,0,76,Calm,0,0,0,0
St. Albans Bay,7/28/2017,Calm,,44.78895616,-73.16823468,0,0,0,0,1d,0,76,Calm,0,0,0,0
St. Albans Bay,7/31/2017,Calm,,44.78895616,-73.16823468,1,0,1,0,1d,0,76,Calm,0,0,0,0
St. Albans Bay,8/1/2017,Calm,76.53333333,44.78895616,-73.16823468,1,0,1,0,3,1,76,Calm,0,0,0,0
St. Albans Bay,8/2/2017,Calm,,44.78895616,-73.16823468,0,0,0,0,2,1,76.53333333,Calm,0,0,0,0
St. Albans Bay,8/3/2017,Calm,,44.78895616,-73.16823468,0,0,0,0,1d,0,76.53333333,Calm,0,0,0,0
St. Albans Bay,8/4/2017,Rolling,,44.78895616,-73.16823468,0,0,0,0,2,1,76.53333333,Calm,0,0,0,0
St. Albans Bay,8/5/2017,Rolling,,44.78895616,-73.16823468,0,0,0,0,1d,0,76.53333333,Calm,0,0,0,0
St. Albans Bay,8/7/2017,Calm,,44.78895616,-73.16823468,0,0,0,0,1d,0,76.53333333,Calm,0,0,0,0
St. Albans Bay,8/8/2017,Calm,72.55,44.78895616,-73.16823468,1,0,0,0,1d,0,76.53333333,Calm,0,0,0,0
St. Albans Bay,8/9/2017,Rolling,,44.78895616,-73.16823468,1,1,1,0,2,1,72.55,Calm,0,0,0,0
St. Albans Bay,8/10/2017,Calm,,44.78895616,-73.16823468,0,0,0,0,3,1,72.55,Calm,0,0,0,0
St. Albans Bay,8/11/2017,Rolling,,44.78895616,-73.16823468,1,1,0,0,3,1,72.55,Calm,0,0,0,0
St. Albans Bay,8/13/2017,Calm,,44.78895616,-73.16823468,0,0,0,0,3,1,72.55,Calm,1,0,0,0
St. Albans Bay,8/14/2017,White Caps,76.96666667,44.78895616,-73.16823468,1,1,0,0,3,1,72.55,Calm,0,0,0,0
St. Albans Bay,8/15/2017,Calm,,44.78895616,-73.16823468,1,1,0,0,3,1,74.75833333,Calm,1,0,0,0
St. Albans Bay,8/16/2017,Rolling,,44.78895616,-73.16823468,0,0,0,0,1c,0,76.96666667,Calm,1,1,0,0
St. Albans Bay,8/17/2017,Calm,77,44.78895616,-73.16823468,0,0,0,0,2,1,76.96666667,Calm,0,0,0,0
St. Albans Bay,8/22/2017,White Caps,76.2,44.78895616,-73.16823468,1,1,0,0,1d,0,76.98333333,Calm,0,0,0,0
St. Albans Bay,8/25/2017,Calm,,44.78895616,-73.16823468,0,0,0,0,1a,0,76.6,White Caps,1,1,0,0
St. Albans Bay,8/27/2017,Calm,,44.78895616,-73.16823468,0,0,0,0,3,1,76.2,Calm,0,0,0,0
St. Albans Bay,8/28/2017,Calm,,44.78895616,-73.16823468,0,0,0,0,1a,0,76.2,Calm,0,0,0,0
St. Albans Bay,8/29/2017,Calm,71.25,44.78895616,-73.16823468,1,1,0,0,3,1,76.2,Calm,0,0,0,0
St. Albans Bay,8/30/2017,Calm,,44.78895616,-73.16823468,0,0,0,0,3,1,71.25,Calm,0,0,0,0
St. Albans Bay,8/31/2017,White Caps,,44.78895616,-73.16823468,1,1,0,0,2,1,71.25,Calm,0,0,0,0
St. Albans Bay,9/1/2017,Rolling,,44.78895616,-73.16823468,0,0,0,0,3,1,71.25,Calm,0,0,0,0
St. Albans Bay,9/4/2017,Calm,,44.78895616,-73.16823468,0,0,0,0,3,1,71.25,Calm,0,0,0,0
St. Albans Bay,9/5/2017,Calm,71,44.78895616,-73.16823468,0,0,0,0,1d,0,71.25,Calm,0,0,0,0
St. Albans Bay,9/6/2017,Calm,,44.78895616,-73.16823468,0,0,0,0,3,1,71,Calm,0,0,0,0
St. Albans Bay,9/7/2017,Calm,,44.78895616,-73.16823468,0,0,0,0,3,1,71,Calm,0,0,0,0
St. Albans Bay,9/8/2017,Rolling,,44.78895616,-73.16823468,0,0,0,0,3,1,71,Calm,0,0,0,0
St. Albans Bay,9/10/2017,Calm,,44.78895616,-73.16823468,0,0,0,0,3,1,71,Calm,0,0,0,0
St. Albans Bay,9/11/2017,Calm,,44.78895616,-73.16823468,0,0,0,0,3,1,71,Calm,0,0,0,0
St. Albans Bay,9/12/2017,Calm,73.9,44.78895616,-73.16823468,0,0,0,0,3,1,71,Calm,0,0,0,0
St. Albans Bay,9/13/2017,Calm,,44.78895616,-73.16823468,0,0,0,0,3,1,73.9,Calm,0,0,0,0
St. Albans Bay,9/14/2017,Calm,74,44.78895616,-73.16823468,0,0,0,0,3,1,73.9,Calm,0,0,0,0
St. Albans Bay,9/16/2017,Calm,,44.78895616,-73.16823468,0,0,0,0,3,1,73.95,Calm,0,0,0,0
St. Albans Bay,9/18/2017,Calm,,44.78895616,-73.16823468,1,1,0,0,3,1,73.95,Calm,0,0,0,0
St. Albans Bay,9/19/2017,Rolling,,44.78895616,-73.16823468,1,1,0,0,3,1,73.95,Calm,0,0,0,0
St. Albans Bay,9/22/2017,Calm,,44.78895616,-73.16823468,0,0,0,0,1d,0,74,Calm,1,1,0,0
St. Albans Bay,9/25/2017,Calm,72,44.78895616,-73.16823468,0,0,0,0,3,1,,Calm,1,1,0,0
St. Albans Bay,9/26/2017,Calm,83.9,44.78895616,-73.16823468,1,1,0,0,3,1,72,Calm,0,0,0,0
St. Albans Bay,9/27/2017,Rolling,,44.78895616,-73.16823468,0,0,0,0,1d,0,77.95,Calm,0,0,0,0
St. Albans Bay,9/29/2017,Rolling,,44.78895616,-73.16823468,1,1,0,0,2,1,77.95,Calm,0,0,0,0
St. Albans Bay,10/3/2017,White Caps,,44.78895616,-73.16823468,1,1,0,1,1d,0,77.95,Rolling,1,1,0,0
St. Albans Bay,6/7/2018,,,44.78895616,-73.16823468,0,1,0,0,1a,0,,,,,,
St. Albans Bay,6/15/2018,Calm,,44.78895616,-73.16823468,0,0,0,0,1c,0,,,,,,
St. Albans Bay,6/19/2018,Rolling,,44.78895616,-73.16823468,0,0,0,0,1a,0,,Calm,0,0,0,0
St. Albans Bay,6/21/2018,Rolling,,44.78895616,-73.16823468,1,0,0,0,1d,0,,Calm,0,0,0,0
St. Albans Bay,6/25/2018,Calm,71,44.78895616,-73.16823468,0,0,0,0,1a,0,,Rolling,0,0,0,0
St. Albans Bay,6/26/2018,Calm,75.4,44.78895616,-73.16823468,0,0,0,0,1a,0,71,Rolling,0,0,0,0
St. Albans Bay,6/28/2018,Rolling,,44.78895616,-73.16823468,0,0,0,0,1c,0,73.2,Calm,0,0,0,0
St. Albans Bay,7/2/2018,Calm,,44.78895616,-73.16823468,0,0,0,0,1d,0,73.2,Calm,0,0,0,0
St. Albans Bay,7/3/2018,Calm,81.5,44.78895616,-73.16823468,1,1,0,0,1a,0,75.4,Calm,0,0,0,0
St. Albans Bay,7/4/2018,Rolling,76,44.78895616,-73.16823468,1,0,0,0,2,1,81.5,Calm,0,0,0,0
St. Albans Bay,7/6/2018,Rolling,,44.78895616,-73.16823468,0,0,0,0,1c,0,78.75,Calm,1,0,0,0
St. Albans Bay,7/9/2018,Rolling,,44.78895616,-73.16823468,0,0,0,0,1a,0,78.75,Calm,0,0,0,0
St. Albans Bay,7/10/2018,Rolling,83.65,44.78895616,-73.16823468,1,0,0,0,1d,0,78.75,Rolling,0,0,0,0
St. Albans Bay,7/12/2018,Rolling,,44.78895616,-73.16823468,0,0,0,0,1d,0,79.825,Rolling,0,0,0,0
St. Albans Bay,7/13/2018,Calm,,44.78895616,-73.16823468,0,0,0,0,2,1,83.65,Rolling,0,0,0,0
St. Albans Bay,7/16/2018,Calm,81.2,44.78895616,-73.16823468,1,1,0,0,2,1,83.65,Rolling,0,0,0,0
St. Albans Bay,7/17/2018,Rolling,79,44.78895616,-73.16823468,1,1,0,1,1d,0,82.425,Calm,0,0,0,0
St. Albans Bay,7/18/2018,Rolling,84,44.78895616,-73.16823468,0,0,0,0,1a,0,80.1,Calm,0,0,0,0
St. Albans Bay,7/19/2018,Calm,85,44.78895616,-73.16823468,0,0,0,0,3,1,81.4,Rolling,0,0,0,0
St. Albans Bay,7/20/2018,Rolling,,44.78895616,-73.16823468,0,0,0,0,1d,0,82.3,Calm,0,0,0,0
St. Albans Bay,7/23/2018,Rolling,83,44.78895616,-73.16823468,1,1,0,0,1d,0,82.3,Rolling,0,0,0,0
St. Albans Bay,7/24/2018,White Caps,83,44.78895616,-73.16823468,0,0,0,0,1d,0,82.75,Rolling,0,0,0,0
St. Albans Bay,7/26/2018,Calm,80,44.78895616,-73.16823468,1,1,0,0,3,1,83.75,Rolling,0,0,0,0
St. Albans Bay,7/27/2018,Calm,,44.78895616,-73.16823468,0,0,0,0,3,1,82,Rolling,0,0,0,0
St. Albans Bay,7/28/2018,Calm,,44.78895616,-73.16823468,0,0,0,0,3,1,82,Calm,0,0,0,0
St. Albans Bay,7/30/2018,Calm,,44.78895616,-73.16823468,0,0,0,0,1c,0,82,Calm,0,0,0,0
St. Albans Bay,7/31/2018,Calm,84,44.78895616,-73.16823468,1,1,0,0,1a,0,81.5,Calm,0,0,0,0
St. Albans Bay,8/3/2018,Calm,82,44.78895616,-73.16823468,0,0,0,0,1d,0,82,Calm,0,0,0,0
St. Albans Bay,8/4/2018,Calm,83,44.78895616,-73.16823468,0,0,0,0,3,1,83,Calm,0,0,0,0
St. Albans Bay,8/6/2018,White Caps,86.25,44.78895616,-73.16823468,1,1,1,0,3,1,83,Calm,0,0,0,0
St. Albans Bay,8/11/2018,Calm,86,44.78895616,-73.16823468,0,0,0,0,3,1,83.8125,Calm,0,0,0,0
St. Albans Bay,8/13/2018,Calm,,44.78895616,-73.16823468,1,1,0,0,3,1,86.125,Calm,0,0,0,0
St. Albans Bay,8/14/2018,Calm,81.65,44.78895616,-73.16823468,1,1,1,0,3,1,86,Calm,0,0,0,0
St. Albans Bay,8/20/2018,White Caps,,44.78895616,-73.16823468,0,0,0,0,1c,0,83.825,Calm,1,1,0,0
St. Albans Bay,8/21/2018,White Caps,76.5,44.78895616,-73.16823468,0,1,0,0,3,1,81.65,Calm,0,0,0,0
St. Albans Bay,8/23/2018,Calm,,44.78895616,-73.16823468,0,0,0,0,1c,0,76.5,White Caps,0,0,0,0
St. Albans Bay,8/27/2018,Calm,,44.78895616,-73.16823468,0,0,0,0,1a,0,76.5,White Caps,0,0,0,0
St. Albans Bay,8/28/2018,White Caps,79.5,44.78895616,-73.16823468,1,1,0,0,3,1,76.5,Calm,0,0,0,0
St. Albans Bay,8/31/2018,Calm,,44.78895616,-73.16823468,0,0,0,0,3,1,79.5,Calm,0,0,0,0
St. Albans Bay,9/4/2018,Rolling,,44.78895616,-73.16823468,0,0,0,0,1a,0,79.5,Calm,0,0,0,0
St. Albans Bay,9/5/2018,Calm,73,44.78895616,-73.16823468,1,1,1,0,2,1,,Calm,0,0,0,0
St. Albans Bay,9/6/2018,Rolling,,44.78895616,-73.16823468,1,0,0,0,2,1,73,Calm,0,0,0,0
St. Albans Bay,9/18/2018,Rolling,81.5,44.78895616,-73.16823468,1,1,0,1,2,1,73,,,,,
St. Albans Bay,9/19/2018,Rolling,,44.78895616,-73.16823468,1,1,0,0,2,1,81.5,Rolling,1,1,0,1
St. Albans Bay,9/21/2018,Rolling,,44.78895616,-73.16823468,0,0,0,0,2,1,81.5,Rolling,1,1,0,0
St. Albans Bay,9/25/2018,White Caps,,44.78895616,-73.16823468,1,1,1,1,1d,0,81.5,Rolling,1,1,0,0
St. Albans Bay,10/11/2018,Calm,,44.78895616,-73.16823468,0,0,0,0,3,1,,,,,,
St. Albans Bay,10/13/2018,White Caps,,44.78895616,-73.16823468,0,0,0,0,1c,0,,Calm,0,0,0,0
St. Albans Bay,6/11/2019,Calm,,44.78895616,-73.16823468,0,0,0,0,1d,0,,,,,,
St. Albans Bay,6/20/2019,Calm,64,44.78895616,-73.16823468,0,0,0,0,1a,0,,,,,,
St. Albans Bay,6/25/2019,Rolling,64.13333333,44.78895616,-73.16823468,0,1,1,0,1d,0,64,Calm,0,0,0,0
St. Albans Bay,6/27/2019,Rolling,,44.78895616,-73.16823468,0,0,0,0,1a,0,64.06666667,Calm,0,0,0,0
St. Albans Bay,6/28/2019,Calm,,44.78895616,-73.16823468,0,0,0,0,2,1,64.13333333,Rolling,0,0,0,0
St. Albans Bay,6/30/2019,Calm,,44.78895616,-73.16823468,0,0,0,0,2,1,64.13333333,Rolling,0,0,0,0
St. Albans Bay,7/1/2019,Calm,,44.78895616,-73.16823468,0,0,0,0,2,1,64.13333333,Calm,0,0,0,0
St. Albans Bay,7/2/2019,Calm,70.5,44.78895616,-73.16823468,0,0,0,0,1a,0,64.13333333,Calm,0,0,0,0
St. Albans Bay,7/3/2019,Calm,,44.78895616,-73.16823468,0,0,0,0,3,1,70.5,Calm,0,0,0,0
St. Albans Bay,7/4/2019,Calm,,44.78895616,-73.16823468,0,0,0,0,3,1,70.5,Calm,0,0,0,0
St. Albans Bay,7/5/2019,Rolling,74,44.78895616,-73.16823468,0,0,0,0,1a,0,70.5,Calm,0,0,0,0
St. Albans Bay,7/8/2019,Calm,78,44.78895616,-73.16823468,0,0,0,0,3,1,72.25,Calm,0,0,0,0
St. Albans Bay,7/9/2019,Calm,75,44.78895616,-73.16823468,1,0,0,0,3,1,74.16666667,Calm,0,0,0,0
St. Albans Bay,7/10/2019,Calm,,44.78895616,-73.16823468,0,0,0,0,3,1,75.66666667,Calm,0,0,0,0
St. Albans Bay,7/11/2019,Calm,75,44.78895616,-73.16823468,0,0,0,0,1d,0,75.66666667,Calm,0,0,0,0
St. Albans Bay,7/12/2019,Calm,75,44.78895616,-73.16823468,0,0,0,0,3,1,75.5,Calm,0,0,0,0
St. Albans Bay,7/15/2019,Calm,75,44.78895616,-73.16823468,1,1,0,0,3,1,75.75,Calm,0,0,0,0
St. Albans Bay,7/16/2019,Rolling,,44.78895616,-73.16823468,0,0,0,0,2,1,75,Calm,0,0,0,0
St. Albans Bay,7/18/2019,Calm,,44.78895616,-73.16823468,0,0,0,0,3,1,75,Calm,0,0,0,0
St. Albans Bay,7/19/2019,Rolling,76,44.78895616,-73.16823468,0,0,0,0,1b,0,75,Calm,0,0,0,0
St. Albans Bay,7/20/2019,Rolling,76,44.78895616,-73.16823468,0,0,0,0,1d,0,75.5,Calm,0,0,0,0
St. Albans Bay,7/23/2019,Calm,77,44.78895616,-73.16823468,1,0,0,0,3,1,75.66666667,Rolling,0,0,0,0
St. Albans Bay,7/24/2019,Calm,,44.78895616,-73.16823468,0,0,0,0,2,1,76.33333333,Calm,0,0,0,0
St. Albans Bay,7/25/2019,Calm,,44.78895616,-73.16823468,0,0,0,0,3,1,76.33333333,Calm,0,0,0,0
St. Albans Bay,7/26/2019,Rolling,,44.78895616,-73.16823468,0,0,0,0,1d,0,76.33333333,Calm,0,0,0,0
St. Albans Bay,7/29/2019,Calm,73,44.78895616,-73.16823468,1,1,0,0,3,1,76.5,Calm,0,0,0,0
St. Albans Bay,7/30/2019,Rolling,79,44.78895616,-73.16823468,1,1,0,0,3,1,75,Calm,0,0,0,0
St. Albans Bay,7/31/2019,Calm,,44.78895616,-73.16823468,0,0,0,0,1d,0,76,Calm,0,0,0,0
St. Albans Bay,8/1/2019,Calm,,44.78895616,-73.16823468,0,0,0,0,3,1,76,Calm,0,0,0,0
St. Albans Bay,8/2/2019,Calm,,44.78895616,-73.16823468,0,0,0,0,3,1,76,Calm,0,0,0,0
St. Albans Bay,8/3/2019,Rolling,,44.78895616,-73.16823468,0,0,0,0,2,1,76,Calm,0,0,0,0
St. Albans Bay,8/4/2019,Calm,,44.78895616,-73.16823468,0,0,0,0,2,1,76,Calm,0,0,0,0
St. Albans Bay,8/5/2019,Calm,,44.78895616,-73.16823468,0,0,0,0,3,1,76,Calm,0,0,0,0
St. Albans Bay,8/6/2019,White Caps,78,44.78895616,-73.16823468,1,1,0,0,3,1,79,Calm,0,0,0,0
St. Albans Bay,8/7/2019,Calm,,44.78895616,-73.16823468,0,0,0,0,3,1,78,Calm,0,0,0,0
St. Albans Bay,8/8/2019,Rolling,,44.78895616,-73.16823468,1,1,1,0,3,1,78,Calm,0,0,0,0
St. Albans Bay,8/12/2019,White Caps,,44.78895616,-73.16823468,1,1,1,0,2,1,78,Calm,0,0,0,0
St. Albans Bay,8/13/2019,Calm,76,44.78895616,-73.16823468,1,1,0,0,1d,0,78,White Caps,1,1,0,0
St. Albans Bay,8/14/2019,Calm,,44.78895616,-73.16823468,0,0,0,0,1c,0,76,Calm,1,1,0,0
St. Albans Bay,8/15/2019,White Caps,,44.78895616,-73.16823468,0,0,0,0,2,1,76,Calm,1,1,0,0
St. Albans Bay,8/20/2019,Calm,76,44.78895616,-73.16823468,1,0,1,1,1d,0,76,Calm,0,0,0,0
St. Albans Bay,8/21/2019,Rolling,,44.78895616,-73.16823468,0,0,0,0,1c,0,76,Calm,0,0,0,0
St. Albans Bay,8/22/2019,Rolling,,44.78895616,-73.16823468,0,0,0,0,1a,0,76,Calm,0,0,0,0
St. Albans Bay,8/25/2019,Calm,,44.78895616,-73.16823468,0,0,0,0,3,1,76,Rolling,0,0,0,0
St. Albans Bay,8/27/2019,White Caps,79,44.78895616,-73.16823468,1,1,1,0,1d,0,76,Calm,0,0,0,0
St. Albans Bay,8/28/2019,White Caps,,44.78895616,-73.16823468,1,1,0,0,2,1,79,Rolling,0,0,0,0
St. Albans Bay,8/29/2019,Calm,,44.78895616,-73.16823468,0,0,0,0,2,1,79,White Caps,0,0,0,0
St. Albans Bay,9/2/2019,White Caps,72.5,44.78895616,-73.16823468,1,1,1,1,1d,0,79,White Caps,1,1,0,0
St. Albans Bay,9/3/2019,Calm,,44.78895616,-73.16823468,0,0,0,0,3,1,75.75,White Caps,1,1,0,0
St. Albans Bay,9/5/2019,Calm,,44.78895616,-73.16823468,0,0,0,1,3,1,72.5,Calm,0,0,0,0
St. Albans Bay,9/9/2019,Rolling,,44.78895616,-73.16823468,0,0,0,0,3,1,72.5,Calm,0,0,0,1
St. Albans Bay,9/10/2019,Rolling,75.5,44.78895616,-73.16823468,1,1,1,0,2,1,,Calm,0,0,0,0
St. Albans Bay,9/12/2019,Calm,,44.78895616,-73.16823468,0,0,0,0,1a,0,75.5,Rolling,0,0,0,0
St. Albans Bay,9/16/2019,Calm,,44.78895616,-73.16823468,0,0,0,0,1c,0,75.5,Rolling,0,0,0,0
St. Albans Bay,9/17/2019,Calm,67.9,44.78895616,-73.16823468,1,1,0,0,1d,0,75.5,Calm,0,0,0,0
St. Albans Bay,9/18/2019,Rolling,,44.78895616,-73.16823468,1,1,1,1,2,1,67.9,Calm,0,0,0,0
St. Albans Bay,9/23/2019,Rolling,,44.78895616,-73.16823468,0,0,0,0,1c,0,67.9,Calm,1,1,0,0
St. Albans Bay,9/24/2019,Rolling,67,44.78895616,-73.16823468,1,0,1,1,1d,0,67.9,Rolling,1,1,0,0
St. Albans Bay,9/25/2019,Calm,,44.78895616,-73.16823468,0,0,0,0,2,1,67,Rolling,1,0,1,1
St. Albans Bay,9/27/2019,Rolling,,44.78895616,-73.16823468,0,0,0,0,1c,0,67,Rolling,0,0,0,0
St. Albans Bay,9/30/2019,Calm,,44.78895616,-73.16823468,0,0,0,0,3,1,67,Rolling,0,0,0,0
St. Albans Bay,10/3/2019,Calm,,44.78895616,-73.16823468,0,0,0,0,1a,0,67,Calm,0,0,0,0
St. Albans Bay,10/5/2019,Calm,,44.78895616,-73.16823468,0,0,0,0,3,1,,Calm,0,0,0,0
St. Albans Bay,10/8/2019,Calm,,44.78895616,-73.16823468,0,0,0,0,2,1,,Calm,0,0,0,0
St. Albans Bay,10/10/2019,Calm,,44.78895616,-73.16823468,1,1,0,0,2,1,,Calm,0,0,0,0
St. Albans Bay,10/14/2019,Rolling,,44.78895616,-73.16823468,0,0,0,0,2,1,,Calm,0,0,0,0
St. Albans Bay,10/23/2019,Calm,,44.78895616,-73.16823468,0,0,0,0,1a,0,,,,,,
St. Albans Bay,10/28/2019,Calm,,44.78895616,-73.16823468,0,0,0,0,2,1,,Calm,0,0,0,0
St. Albans Bay,10/30/2019,Rolling,,44.78895616,-73.16823468,1,1,0,0,1d,0,,Calm,0,0,0,0
St. Albans Bay,11/7/2019,Calm,,44.78895616,-73.16823468,0,0,0,0,1a,0,,,,,,
St. Albans Bay,11/13/2019,Calm,,44.78895616,-73.16823468,0,0,0,0,1a,0,,Calm,0,0,0,0
St. Albans Bay,6/8/2020,Calm,,44.78895616,-73.16823468,0,0,0,0,1a,0,,,,,,
St. Albans Bay,6/29/2020,Calm,,44.78895616,-73.16823468,0,0,0,0,1c,0,,,,,,
St. Albans Bay,6/30/2020,Rolling,,44.78895616,-73.16823468,0,0,0,0,1a,0,,Calm,0,0,0,0
St. Albans Bay,7/2/2020,Calm,,44.78895616,-73.16823468,0,0,0,0,1c,0,,Calm,0,0,0,0
St. Albans Bay,7/6/2020,Calm,,44.78895616,-73.16823468,0,0,0,0,1c,0,,Calm,0,0,0,0
St. Albans Bay,7/9/2020,Rolling,79,44.78895616,-73.16823468,0,0,0,0,1c,0,,Calm,0,0,0,0
St. Albans Bay,7/13/2020,Calm,84,44.78895616,-73.16823468,0,0,0,0,3,1,79,Calm,0,0,0,0
St. Albans Bay,7/15/2020,Calm,76,44.78895616,-73.16823468,0,0,0,0,2,1,81.5,Calm,0,0,0,0
St. Albans Bay,7/16/2020,White Caps,,44.78895616,-73.16823468,0,0,0,0,1c,0,79.66666667,Calm,0,0,0,0
St. Albans Bay,7/19/2020,Rolling,,44.78895616,-73.16823468,0,0,0,0,2,1,80,Calm,0,0,0,0
St. Albans Bay,7/20/2020,Calm,78,44.78895616,-73.16823468,0,0,0,0,1c,0,80,Calm,0,0,0,0
St. Albans Bay,7/21/2020,Calm,78,44.78895616,-73.16823468,0,0,0,0,1a,0,77,Calm,0,0,0,0
St. Albans Bay,7/22/2020,Calm,76,44.78895616,-73.16823468,0,0,0,0,2,1,77.33333333,Calm,0,0,0,0
St. Albans Bay,7/23/2020,Calm,,44.78895616,-73.16823468,0,0,0,0,1d,0,77.33333333,Calm,0,0,0,0
St. Albans Bay,7/27/2020,Rolling,,44.78895616,-73.16823468,0,0,0,0,1c,0,77.33333333,Calm,0,0,0,0
St. Albans Bay,7/28/2020,White Caps,80,44.78895616,-73.16823468,0,0,0,0,1a,0,77,Calm,0,0,0,0
St. Albans Bay,7/30/2020,Calm,,44.78895616,-73.16823468,0,0,0,0,2,1,78,Calm,0,0,0,0
St. Albans Bay,7/31/2020,Calm,76,44.78895616,-73.16823468,0,0,0,0,3,1,80,Calm,0,0,0,0
St. Albans Bay,8/1/2020,Calm,78,44.78895616,-73.16823468,0,0,0,0,2,1,78,Calm,0,0,0,0
St. Albans Bay,8/2/2020,Rolling,,44.78895616,-73.16823468,0,0,0,0,3,1,78,Calm,0,0,0,0
St. Albans Bay,8/3/2020,White Caps,78.5,44.78895616,-73.16823468,0,0,0,0,1c,0,78,Calm,0,0,0,0
St. Albans Bay,8/6/2020,Calm,,44.78895616,-73.16823468,0,0,0,0,2,1,78.125,Calm,0,0,0,0
St. Albans Bay,8/7/2020,Calm,,44.78895616,-73.16823468,0,0,0,0,3,1,77.5,Calm,0,0,0,0
St. Albans Bay,8/8/2020,Calm,,44.78895616,-73.16823468,0,0,0,0,3,1,78.25,Calm,0,0,0,0
St. Albans Bay,8/9/2020,Rolling,,44.78895616,-73.16823468,0,0,0,0,3,1,78.5,Calm,0,0,0,0
St. Albans Bay,8/10/2020,Calm,82,44.78895616,-73.16823468,0,0,0,0,3,1,78.5,Calm,0,0,0,0
St. Albans Bay,8/11/2020,White Caps,80,44.78895616,-73.16823468,0,0,0,0,3,1,82,Calm,0,0,0,0
St. Albans Bay,8/12/2020,Calm,,44.78895616,-73.16823468,0,0,0,0,3,1,81,Calm,0,0,0,0
St. Albans Bay,8/13/2020,Calm,,44.78895616,-73.16823468,0,0,0,0,3,1,81,Calm,0,0,0,0
St. Albans Bay,8/14/2020,Calm,,44.78895616,-73.16823468,0,0,0,0,1c,0,81,Calm,0,0,0,0
St. Albans Bay,8/15/2020,Calm,,44.78895616,-73.16823468,0,0,0,0,3,1,81,Calm,0,0,0,0
St. Albans Bay,8/16/2020,Rolling,,44.78895616,-73.16823468,0,0,0,0,1c,0,81,Calm,0,0,0,0
St. Albans Bay,8/17/2020,Rolling,,44.78895616,-73.16823468,0,0,0,0,1c,0,81,Calm,0,0,0,0
St. Albans Bay,8/18/2020,Calm,80,44.78895616,-73.16823468,0,0,0,0,2,1,80,Calm,0,0,0,0
St. Albans Bay,8/19/2020,Calm,,44.78895616,-73.16823468,0,0,0,0,1d,0,80,Calm,0,0,0,0
St. Albans Bay,8/20/2020,Calm,,44.78895616,-73.16823468,0,0,0,0,3,1,80,Calm,0,0,0,0
St. Albans Bay,8/21/2020,Rolling,,44.78895616,-73.16823468,0,0,0,0,1c,0,80,Calm,0,0,0,0
St. Albans Bay,8/22/2020,Calm,,44.78895616,-73.16823468,0,0,0,0,3,1,80,Calm,0,0,0,0
St. Albans Bay,8/23/2020,Rolling,,44.78895616,-73.16823468,0,0,0,0,1c,0,80,Calm,0,0,0,0
St. Albans Bay,8/24/2020,White Caps,,44.78895616,-73.16823468,0,0,0,0,2,1,80,Calm,0,0,0,0
St. Albans Bay,8/27/2020,Rolling,,44.78895616,-73.16823468,0,0,0,0,1b,0,80,Calm,0,0,0,0
St. Albans Bay,8/28/2020,Calm,,44.78895616,-73.16823468,0,0,0,0,3,1,,Rolling,0,0,0,0
St. Albans Bay,8/31/2020,Calm,75,44.78895616,-73.16823468,0,0,0,0,3,1,,Calm,0,0,0,0
St. Albans Bay,9/1/2020,Rolling,,44.78895616,-73.16823468,0,0,0,0,1c,0,75,Calm,0,0,0,0
St. Albans Bay,9/3/2020,Rolling,,44.78895616,-73.16823468,0,0,0,0,1c,0,75,Calm,0,0,0,0
St. Albans Bay,9/7/2020,White Caps,68,44.78895616,-73.16823468,0,0,0,0,1c,0,75,Rolling,0,0,0,0
St. Albans Bay,9/9/2020,Calm,,44.78895616,-73.16823468,0,0,0,0,2,1,68,Rolling,0,0,0,0
St. Albans Bay,9/10/2020,Calm,,44.78895616,-73.16823468,0,0,0,0,1c,0,68,Calm,0,0,0,0
St. Albans Bay,9/14/2020,Rolling,62,44.78895616,-73.16823468,0,0,0,0,1c,0,68,Calm,0,0,0,0
St. Albans Bay,9/17/2020,Calm,,44.78895616,-73.16823468,0,0,0,0,1a,0,62,Calm,0,0,0,0
St. Albans Bay,9/21/2020,Calm,66,44.78895616,-73.16823468,0,0,0,0,3,1,62,Calm,0,0,0,0
St. Albans Bay,9/22/2020,Calm,,44.78895616,-73.16823468,0,0,0,0,1a,0,66,Calm,0,0,0,0
St. Albans Bay,9/24/2020,Calm,,44.78895616,-73.16823468,0,0,0,0,1a,0,66,Calm,0,0,0,0
St. Albans Bay,10/1/2020,Rolling,,44.78895616,-73.16823468,0,0,0,0,1b,0,66,Calm,0,0,0,0
St. Albans Bay,10/3/2020,Calm,,44.78895616,-73.16823468,0,0,0,0,2,1,,Rolling,0,0,0,0
St. Albans Bay,6/24/2021,White Caps,74.7,44.78895616,-73.16823468,0,0,0,0,1b,0,,,,,,
St. Albans Bay,6/25/2021,White Caps,20,44.78895616,-73.16823468,0,0,1,0,1a,0,74.7,White Caps,0,0,0,0
St. Albans Bay,6/28/2021,Rolling,61.5,44.78895616,-73.16823468,0,0,0,0,1a,0,47.35,White Caps,0,0,0,0
St. Albans Bay,6/30/2021,Rolling,65,44.78895616,-73.16823468,0,0,0,0,1c,0,52.06666667,White Caps,0,0,0,0
St. Albans Bay,7/1/2021,Calm,77.2,44.78895616,-73.16823468,0,0,0,0,1d,0,55.3,Rolling,0,0,0,0
St. Albans Bay,7/2/2021,Calm,,44.78895616,-73.16823468,0,0,0,0,1c,0,55.925,Rolling,0,0,0,0
St. Albans Bay,7/5/2021,Rolling,68,44.78895616,-73.16823468,0,0,0,0,1a,0,67.9,Calm,0,0,0,0
St. Albans Bay,7/7/2021,Calm,68,44.78895616,-73.16823468,0,0,0,0,1a,0,70.06666667,Calm,0,0,0,0
St. Albans Bay,7/8/2021,Calm,69.4,44.78895616,-73.16823468,0,0,0,0,3,1,71.06666667,Calm,0,0,0,0
St. Albans Bay,7/9/2021,Rolling,,44.78895616,-73.16823468,0,0,0,0,1d,0,68.46666667,Calm,0,0,0,0
St. Albans Bay,7/11/2021,Calm,66,44.78895616,-73.16823468,0,0,0,0,2,1,68.46666667,Calm,0,0,0,0
St. Albans Bay,7/12/2021,Calm,69,44.78895616,-73.16823468,0,0,0,0,2,1,67.85,Calm,0,0,0,0
St. Albans Bay,7/15/2021,Rolling,80.2,44.78895616,-73.16823468,0,0,0,0,1d,0,68.1,Calm,0,0,0,0
St. Albans Bay,7/17/2021,Calm,70,44.78895616,-73.16823468,0,0,0,0,3,1,71.73333333,Calm,0,0,0,0
St. Albans Bay,7/18/2021,Rolling,,44.78895616,-73.16823468,0,0,0,0,2,1,71.3,Calm,0,0,0,0
St. Albans Bay,7/19/2021,Rolling,76,44.78895616,-73.16823468,0,0,0,0,3,1,73.06666667,Calm,0,0,0,0
St. Albans Bay,7/20/2021,Calm,,44.78895616,-73.16823468,0,0,0,0,3,1,75.4,Rolling,0,0,0,0
St. Albans Bay,7/21/2021,Rolling,23,44.78895616,-73.16823468,0,1,0,0,3,1,75.4,Rolling,0,0,0,0
St. Albans Bay,7/22/2021,Rolling,76.2,44.78895616,-73.16823468,0,0,0,0,1a,0,62.3,Rolling,0,0,0,0
St. Albans Bay,7/23/2021,Calm,69,44.78895616,-73.16823468,0,0,0,0,3,1,61.3,Rolling,0,0,0,0
St. Albans Bay,7/24/2021,Rolling,,44.78895616,-73.16823468,0,0,0,0,3,1,62.84,Rolling,0,0,0,0
St. Albans Bay,7/25/2021,Rolling,,44.78895616,-73.16823468,0,0,0,0,1d,0,61.05,Rolling,0,0,0,0
St. Albans Bay,7/26/2021,Rolling,78.66666667,44.78895616,-73.16823468,0,0,0,0,1c,0,61.05,Rolling,0,0,0,0
St. Albans Bay,7/28/2021,Rolling,79.1,44.78895616,-73.16823468,0,0,0,0,1a,0,61.71666667,Rolling,0,0,0,0
St. Albans Bay,7/29/2021,Rolling,,44.78895616,-73.16823468,0,0,0,0,1c,0,75.74166667,Rolling,0,0,0,0
St. Albans Bay,8/2/2021,Calm,68,44.78895616,-73.16823468,0,0,0,0,1c,0,75.58888889,Rolling,0,0,0,0
St. Albans Bay,8/3/2021,White Caps,21,44.78895616,-73.16823468,0,0,1,0,2,1,73.55,Rolling,0,0,0,0
St. Albans Bay,8/5/2021,Calm,78.8,44.78895616,-73.16823468,0,0,0,0,3,1,56.03333333,Calm,0,0,0,0
St. Albans Bay,8/6/2021,Rolling,,44.78895616,-73.16823468,0,0,0,0,3,1,55.93333333,Calm,0,0,0,0
St. Albans Bay,8/7/2021,Calm,,44.78895616,-73.16823468,0,0,0,0,3,1,55.93333333,Calm,0,0,0,0
St. Albans Bay,8/8/2021,Calm,,44.78895616,-73.16823468,0,0,0,0,3,1,55.93333333,Calm,0,0,0,0
St. Albans Bay,8/9/2021,Rolling,73,44.78895616,-73.16823468,0,0,0,0,1d,0,55.93333333,Calm,0,0,0,0
St. Albans Bay,8/10/2021,Rolling,81,44.78895616,-73.16823468,0,1,0,0,1c,0,57.6,Calm,0,0,0,0
St. Albans Bay,8/12/2021,Rolling,82,44.78895616,-73.16823468,0,0,0,0,3,1,77.6,Calm,0,0,0,0
St. Albans Bay,8/16/2021,Rolling,73,44.78895616,-73.16823468,0,0,0,0,1c,0,78.66666667,Rolling,0,0,0,0
St. Albans Bay,8/17/2021,Rolling,61.33333333,44.78895616,-73.16823468,1,1,1,0,1d,0,78.66666667,Rolling,0,0,0,0
St. Albans Bay,8/19/2021,Calm,76.4,44.78895616,-73.16823468,0,0,0,0,1c,0,72.11111111,Rolling,0,0,0,0
St. Albans Bay,8/20/2021,Calm,74.3,44.78895616,-73.16823468,0,0,0,0,3,1,70.24444444,Rolling,0,0,0,0
St. Albans Bay,8/21/2021,Calm,,44.78895616,-73.16823468,0,0,0,0,3,1,71.25833333,Calm,0,0,0,0
St. Albans Bay,8/22/2021,Rolling,,44.78895616,-73.16823468,0,0,0,0,3,1,71.25833333,Calm,0,0,0,0
St. Albans Bay,8/23/2021,Rolling,79.66666667,44.78895616,-73.16823468,0,1,1,0,1d,0,71.25833333,Calm,0,0,0,0
St. Albans Bay,8/26/2021,Rolling,81.8,44.78895616,-73.16823468,0,0,0,0,3,1,72.925,Calm,0,0,0,0
St. Albans Bay,8/30/2021,Rolling,80.26666667,44.78895616,-73.16823468,0,1,1,0,2,1,78.58888889,Rolling,0,0,0,0
St. Albans Bay,9/1/2021,Calm,,44.78895616,-73.16823468,0,0,0,0,3,1,81.03333333,Rolling,0,0,0,0
St. Albans Bay,9/2/2021,Calm,,44.78895616,-73.16823468,0,0,0,0,1c,0,81.03333333,Rolling,0,0,0,0
St. Albans Bay,9/7/2021,Rolling,73,44.78895616,-73.16823468,0,1,1,0,2,1,80.26666667,Calm,0,0,0,0
St. Albans Bay,9/9/2021,Rolling,71.1,44.78895616,-73.16823468,0,0,0,0,1c,0,73,Calm,0,0,0,0
St. Albans Bay,9/10/2021,Rolling,21,44.78895616,-73.16823468,0,1,1,0,2,1,72.05,Rolling,0,0,0,0
St. Albans Bay,9/13/2021,Rolling,74,44.78895616,-73.16823468,0,0,0,0,1d,0,55.03333333,Rolling,0,1,1,0
St. Albans Bay,9/14/2021,Calm,74,44.78895616,-73.16823468,0,0,0,0,3,1,59.775,Rolling,0,0,0,0
St. Albans Bay,9/16/2021,Calm,72.8,44.78895616,-73.16823468,0,0,0,0,3,1,60.025,Rolling,0,0,0,0
St. Albans Bay,9/17/2021,Rolling,,44.78895616,-73.16823468,0,0,0,0,1c,0,60.45,Calm,0,0,0,0
St. Albans Bay,9/20/2021,White Caps,20,44.78895616,-73.16823468,0,1,1,0,2,1,73.6,Calm,0,0,0,0
St. Albans Bay,9/23/2021,Rolling,72.1,44.78895616,-73.16823468,0,0,0,0,1c,0,55.6,Calm,0,0,0,0
St. Albans Bay,9/30/2021,Calm,60.2,44.78895616,-73.16823468,0,0,0,0,1a,0,46.05,Rolling,0,0,0,0
St. Albans Bay,10/3/2021,Calm,,44.78895616,-73.16823468,0,0,0,0,3,1,60.2,Calm,0,0,0,0
St. Albans Bay,10/6/2021,Calm,,44.78895616,-73.16823468,0,0,0,0,3,1,60.2,Calm,0,0,0,0
St. Albans Bay,10/7/2021,Calm,65.1,44.78895616,-73.16823468,0,0,0,0,3,1,60.2,Calm,0,0,0,0
St. Albans Bay,10/8/2021,Calm,,44.78895616,-73.16823468,0,0,0,0,3,1,65.1,Calm,0,0,0,0
St. Albans Bay,10/9/2021,Rolling,,44.78895616,-73.16823468,0,0,0,0,1c,0,65.1,Calm,0,0,0,0
St. Albans Bay,10/13/2021,White Caps,18,44.78895616,-73.16823468,0,1,1,0,2,1,65.1,Calm,0,0,0,0
St. Albans Bay,10/14/2021,Calm,66.9,44.78895616,-73.16823468,0,0,0,0,3,1,41.55,Calm,0,0,0,0
St. Albans Bay,10/15/2021,Rolling,,44.78895616,-73.16823468,0,0,0,0,3,1,42.45,Calm,0,0,0,0
St. Albans Bay,10/16/2021,White Caps,,44.78895616,-73.16823468,0,0,0,0,1c,0,42.45,Rolling,0,0,0,0
St. Albans Bay,10/20/2021,Calm,,44.78895616,-73.16823468,0,0,0,0,3,1,42.45,White Caps,0,0,0,0
St. Albans Bay,10/21/2021,Rolling,,44.78895616,-73.16823468,0,0,0,0,1c,0,66.9,Calm,0,0,0,0
St. Albans Bay,10/28/2021,Calm,,44.78895616,-73.16823468,0,0,0,0,1a,0,,Rolling,0,0,0,0
St. Albans Bay,6/20/2022,Calm,56,44.78895616,-73.16823468,0,0,0,0,1a,0,,,,,,
St. Albans Bay,6/23/2022,Rolling,,44.78895616,-73.16823468,0,0,0,0,1c,0,56,Calm,0,0,0,0
St. Albans Bay,6/27/2022,Rolling,64,44.78895616,-73.16823468,0,0,0,0,1a,0,56,Calm,0,0,0,0
St. Albans Bay,6/30/2022,Calm,,44.78895616,-73.16823468,0,0,0,0,1c,0,64,Rolling,0,0,0,0
St. Albans Bay,7/4/2022,Calm,69,44.78895616,-73.16823468,0,0,0,0,1a,0,64,Calm,0,0,0,0
St. Albans Bay,7/7/2022,Calm,,44.78895616,-73.16823468,0,0,0,0,1c,0,69,Calm,0,0,0,0
St. Albans Bay,7/12/2022,White Caps,,44.78895616,-73.16823468,0,1,1,0,1c,0,69,Calm,0,0,0,0
St. Albans Bay,7/13/2022,Calm,,44.78895616,-73.16823468,0,0,0,0,1d,0,,Calm,0,0,0,0
St. Albans Bay,7/14/2022,Calm,,44.78895616,-73.16823468,0,0,0,0,1d,0,,Calm,0,0,0,0
St. Albans Bay,7/15/2022,Rolling,,44.78895616,-73.16823468,0,0,0,0,1d,0,,Calm,0,0,0,0
St. Albans Bay,7/18/2022,Rolling,67,44.78895616,-73.16823468,0,0,0,0,1b,0,,Calm,0,0,0,0
St. Albans Bay,7/19/2022,Rolling,75,44.78895616,-73.16823468,0,0,1,0,1d,0,67,Calm,0,0,0,0
St. Albans Bay,7/20/2022,Calm,,44.78895616,-73.16823468,0,0,0,0,3,1,71,Rolling,0,0,0,0
St. Albans Bay,7/21/2022,Rolling,,44.78895616,-73.16823468,0,0,0,0,3,1,71,Rolling,0,0,0,0
St. Albans Bay,7/22/2022,Rolling,,44.78895616,-73.16823468,0,0,0,0,3,1,71,Rolling,0,0,0,0
St. Albans Bay,7/25/2022,Rolling,76,44.78895616,-73.16823468,0,0,0,0,1b,0,71,Rolling,0,0,0,0
St. Albans Bay,7/26/2022,Rolling,,44.78895616,-73.16823468,0,1,1,0,1c,0,75.5,Rolling,0,0,0,0
St. Albans Bay,7/28/2022,Rolling,,44.78895616,-73.16823468,0,0,0,0,1c,0,76,Rolling,0,0,0,0
St. Albans Bay,7/29/2022,Rolling,75,44.78895616,-73.16823468,0,0,0,0,2,1,76,Rolling,0,0,0,0
St. Albans Bay,8/2/2022,Rolling,,44.78895616,-73.16823468,0,0,0,0,2,1,75.5,Rolling,0,0,0,0
St. Albans Bay,8/3/2022,Calm,,44.78895616,-73.16823468,0,0,0,0,3,1,75,Rolling,0,0,0,0
St. Albans Bay,8/4/2022,Rolling,,44.78895616,-73.16823468,0,0,0,0,3,1,75,Rolling,0,0,0,0
St. Albans Bay,8/5/2022,Calm,,44.78895616,-73.16823468,0,0,0,0,3,1,75,Rolling,0,0,0,0
St. Albans Bay,8/6/2022,Calm,,44.78895616,-73.16823468,0,0,0,0,3,1,,Calm,0,0,0,0
St. Albans Bay,8/7/2022,White Caps,,44.78895616,-73.16823468,0,0,0,0,3,1,,Calm,0,0,0,0
St. Albans Bay,8/8/2022,Calm,78,44.78895616,-73.16823468,0,0,0,0,2,1,,Calm,0,0,0,0
St. Albans Bay,8/9/2022,Calm,,44.78895616,-73.16823468,0,1,1,0,3,1,78,Calm,0,0,0,0
St. Albans Bay,8/10/2022,Calm,,44.78895616,-73.16823468,0,0,0,0,3,1,78,Calm,0,0,0,0
St. Albans Bay,8/11/2022,Calm,,44.78895616,-73.16823468,0,0,0,0,2,1,78,Calm,0,0,0,0
St. Albans Bay,8/12/2022,Calm,,44.78895616,-73.16823468,0,0,0,0,3,1,78,Calm,0,0,0,0
St. Albans Bay,8/13/2022,Calm,72,44.78895616,-73.16823468,0,0,0,0,1b,0,78,Calm,0,0,0,0
St. Albans Bay,8/15/2022,Calm,73.5,44.78895616,-73.16823468,1,1,1,0,3,1,75,Calm,0,0,0,0
St. Albans Bay,8/16/2022,Calm,,44.78895616,-73.16823468,0,0,0,0,2,1,72.75,Calm,0,0,0,0
St. Albans Bay,8/18/2022,Calm,,44.78895616,-73.16823468,0,0,0,0,1c,0,72.75,Calm,0,0,0,0
St. Albans Bay,8/23/2022,Calm,72,44.78895616,-73.16823468,1,0,1,0,1c,0,72.75,Calm,0,0,0,0
St. Albans Bay,8/25/2022,Calm,,44.78895616,-73.16823468,0,0,0,0,1c,0,72,Calm,0,0,0,0
St. Albans Bay,8/28/2022,Rolling,,44.78895616,-73.16823468,0,0,0,0,1c,0,72,Calm,0,0,0,0
St. Albans Bay,8/29/2022,White Caps,,44.78895616,-73.16823468,0,0,0,0,1a,0,72,Calm,0,0,0,0
St. Albans Bay,8/30/2022,White Caps,,44.78895616,-73.16823468,0,1,1,0,1c,0,72,Calm,0,0,0,0
St. Albans Bay,9/1/2022,Rolling,75,44.78895616,-73.16823468,0,0,0,0,1d,0,,White Caps,0,0,0,0
St. Albans Bay,9/5/2022,Calm,71,44.78895616,-73.16823468,0,0,0,0,1a,0,75,White Caps,0,0,0,0
St. Albans Bay,9/6/2022,Rolling,,44.78895616,-73.16823468,0,0,1,0,1c,0,73,Calm,0,0,0,0
St. Albans Bay,9/8/2022,Rolling,,44.78895616,-73.16823468,0,0,0,0,3,1,73,Rolling,0,0,0,0
St. Albans Bay,9/9/2022,Calm,,44.78895616,-73.16823468,0,0,0,0,3,1,71,Rolling,0,0,0,0
St. Albans Bay,9/10/2022,Rolling,,44.78895616,-73.16823468,0,0,0,0,3,1,71,Calm,0,0,0,0
St. Albans Bay,9/11/2022,Rolling,,44.78895616,-73.16823468,0,0,0,0,3,1,71,Rolling,0,0,0,0
St. Albans Bay,9/12/2022,Calm,,44.78895616,-73.16823468,0,0,0,0,3,1,71,Rolling,0,0,0,0
St. Albans Bay,9/13/2022,Calm,65,44.78895616,-73.16823468,1,1,1,0,3,1,,Rolling,0,0,0,0
St. Albans Bay,9/14/2022,Calm,,44.78895616,-73.16823468,0,0,0,0,1c,0,65,Calm,0,0,0,0
St. Albans Bay,9/15/2022,Calm,,44.78895616,-73.16823468,0,0,0,0,1a,0,65,Calm,0,0,0,0
St. Albans Bay,9/20/2022,Calm,,44.78895616,-73.16823468,0,1,1,0,1a,0,65,Calm,0,0,0,0
St. Albans Bay,9/21/2022,Rolling,70,44.78895616,-73.16823468,0,0,0,0,3,1,,Calm,0,0,0,0
St. Albans Bay,9/22/2022,Rolling,,44.78895616,-73.16823468,0,0,0,0,1d,0,70,Calm,0,0,0,0
St. Albans Bay,9/29/2022,Calm,,44.78895616,-73.16823468,0,0,0,0,1a,0,70,Rolling,0,0,0,0
St. Albans Bay,10/1/2022,Calm,,44.78895616,-73.16823468,0,0,0,0,3,1,,Calm,0,0,0,0
St. Albans Bay,10/2/2022,Calm,,44.78895616,-73.16823468,0,0,0,0,1c,0,,Calm,0,0,0,0
St. Albans Bay,10/4/2022,Calm,,44.78895616,-73.16823468,0,0,0,0,1c,0,,Calm,0,0,0,0
St. Albans Bay,10/5/2022,Calm,,44.78895616,-73.16823468,0,0,0,0,3,1,,Calm,0,0,0,0
St. Albans Bay,10/6/2022,Rolling,,44.78895616,-73.16823468,0,0,0,0,2,1,,Calm,0,0,0,0
St. Albans Bay,10/11/2022,Rolling,,44.78895616,-73.16823468,0,0,0,0,1c,0,,Calm,0,0,0,0
St. Albans Bay,10/13/2022,Rolling,,44.78895616,-73.16823468,0,0,0,0,1c,0,,Rolling,0,0,0,0
St. Albans Bay,10/18/2022,Calm,,44.78895616,-73.16823468,0,0,0,0,1c,0,,Rolling,0,0,0,0
