vct_report_date,vct_region,vct_water_surface,vct_water_temp,vct_anabaena,vct_aphanizomenon,vct_microcystin,vct_oscillatoria
2015-05-31,Inland Sea,,,,,,
2015-06-03,Main Lake Central,0.0,70.0,0.0,0.0,0.0,0.0
2015-06-03,Main Lake North,0.5,70.0,0.0,1.0,0.0,0.0
2015-06-04,Inland Sea,0.6666666666666666,70.0,0.0,1.0,0.0,0.0
2015-06-04,St. Albans Bay,0.75,70.0,1.0,1.0,0.0,0.0
2015-06-05,Missisquoi Bay,0.8,70.0,1.0,1.0,0.0,0.0
2015-06-11,Main Lake South,1.0,70.0,1.0,1.0,1.0,0.0
2015-06-13,Inland Sea,0.8571428571428571,70.0,1.0,1.0,1.0,0.0
2015-06-14,Main Lake Central,0.75,70.0,1.0,1.0,1.0,0.0
2015-06-14,Main Lake North,0.7222222222222222,64.875,1.0,1.0,1.0,0.0
2015-06-14,Main Lake South,0.75,61.25,1.0,1.0,1.0,0.0
2015-06-14,Missisquoi Bay,0.6818181818181818,60.4375,1.0,1.0,1.0,0.0
2015-06-15,Inland Sea,0.7083333333333334,60.35,1.0,1.0,1.0,0.0
2015-06-15,Main Lake Central,0.7051282051282051,60.35,1.0,1.0,1.0,0.0
2015-06-15,Main Lake North,0.7261904761904762,60.625,1.0,1.0,1.0,0.0
2015-06-15,Main Lake South,0.8333333333333333,59.90833333333333,1.0,1.0,1.0,0.0
2015-06-15,Malletts Bay,0.8333333333333333,59.90833333333333,1.0,1.0,1.0,0.0
2015-06-15,Missisquoi Bay,0.8333333333333333,59.90833333333333,1.0,1.0,1.0,0.0
2015-06-15,St. Albans Bay,0.7619047619047619,60.35,0.0,1.0,1.0,0.0
2015-06-16,Inland Sea,0.7619047619047619,60.55625,0.0,1.0,1.0,0.0
2015-06-16,Main Lake Central,0.6802721088435374,61.02777777777778,0.0,1.0,0.0,0.0
2015-06-16,Main Lake North,0.7159863945578231,61.545,0.0,0.0,0.0,0.0
2015-06-16,Main Lake South,0.733843537414966,61.94318181818182,0.0,0.0,0.0,0.0
2015-06-16,Missisquoi Bay,0.733843537414966,62.42348484848485,0.0,0.0,0.0,0.0
2015-06-16,St. Albans Bay,0.6624149659863946,63.26583333333333,0.0,0.0,0.0,0.0
2015-06-17,Inland Sea,0.6981292517006803,63.85092592592592,0.0,0.0,0.0,0.0
2015-06-17,Main Lake Central,0.6267006802721088,63.928703703703704,0.0,0.0,0.0,0.0
2015-06-17,Main Lake North,0.5790816326530612,63.83583333333333,0.0,0.0,0.0,0.0
2015-06-17,Main Lake South,0.5790816326530612,64.26583333333333,0.0,0.0,0.0,0.0
2015-06-17,Malletts Bay,0.5076530612244898,64.09583333333333,0.0,0.0,0.0,0.0
2015-06-18,Main Lake Central,0.5076530612244898,64.09583333333333,0.0,0.0,0.0,0.0
2015-06-18,Main Lake South,0.5076530612244898,64.26893939393939,0.0,0.0,0.0,0.0
2015-06-19,Main Lake South,0.5790816326530612,63.54166666666666,0.0,0.0,0.0,0.0
2015-06-19,Missisquoi Bay,0.5076530612244898,63.695833333333326,0.0,0.0,0.0,0.0
2015-06-19,St. Albans Bay,0.5178571428571429,63.57314814814814,0.0,0.0,0.0,0.0
2015-06-20,Main Lake Central,0.48214285714285715,63.244791666666664,0.0,0.0,0.0,0.0
2015-06-20,Main Lake South,0.5,62.25416666666666,0.0,0.0,0.0,0.0
2015-06-20,Missisquoi Bay,0.4880952380952381,61.75,0.0,0.0,0.0,0.0
2015-06-21,Inland Sea,0.5238095238095238,63.111111111111114,0.0,0.0,0.0,0.0
2015-06-21,Main Lake Central,0.511904761904762,63.46,0.0,0.0,0.0,0.0
2015-06-21,Main Lake South,0.5476190476190477,64.28999999999999,0.0,0.0,0.0,0.0
2015-06-21,Malletts Bay,0.5476190476190477,65.71000000000001,0.0,0.0,0.0,0.0
2015-06-21,Missisquoi Bay,0.5476190476190476,65.64444444444445,0.0,0.0,0.0,0.0
2015-06-22,Inland Sea,0.5119047619047619,66.75555555555556,0.0,0.0,0.0,0.0
2015-06-22,Main Lake Central,0.4880952380952381,67.23333333333333,0.0,0.0,0.0,0.0
2015-06-22,Main Lake North,0.41666666666666663,67.51583333333335,0.0,0.0,0.0,0.0
2015-06-22,Main Lake South,0.35714285714285715,68.48416666666667,0.0,0.0,0.0,0.0
2015-06-22,Malletts Bay,0.35714285714285715,68.64924242424242,0.0,0.0,0.0,0.0
2015-06-22,Missisquoi Bay,0.2857142857142857,68.64924242424242,0.0,0.0,0.0,0.0
2015-06-22,St. Albans Bay,0.30357142857142855,68.76180555555555,0.0,0.0,0.0,0.0
2015-06-23,Inland Sea,0.26785714285714285,69.26180555555555,0.0,0.0,0.0,0.0
2015-06-23,Main Lake Central,0.3244047619047619,70.01597222222223,0.0,0.0,0.0,0.0
2015-06-23,Main Lake North,0.4136904761904762,69.29652777777778,0.0,0.0,0.0,0.0
2015-06-23,Main Lake South,0.4613095238095238,69.57708333333333,0.0,0.0,0.0,0.0
2015-06-23,Missisquoi Bay,0.4880952380952381,69.36541666666666,0.0,0.0,0.0,0.0
2015-06-23,St. Albans Bay,0.5595238095238095,69.10708333333334,0.0,0.0,0.0,0.0
2015-06-24,Inland Sea,0.5595238095238095,69.10708333333334,0.0,0.0,0.0,0.0
2015-06-24,Main Lake Central,0.5833333333333334,68.39597222222223,0.0,0.0,0.0,0.0
2015-06-24,Main Lake North,0.5561224489795918,68.16819444444444,0.0,0.0,0.0,0.0
2015-06-24,Main Lake South,0.6275510204081634,68.0161111111111,0.0,0.0,0.0,0.0
2015-06-24,Malletts Bay,0.6513605442176872,67.92583333333333,0.0,0.0,0.0,0.0
2015-06-24,Missisquoi Bay,0.7227891156462586,67.71,0.0,0.0,0.0,0.0
2015-06-25,Main Lake Central,0.7227891156462586,67.71,0.0,0.0,0.0,0.0
2015-06-25,Main Lake North,0.7763605442176872,67.3281818181818,0.0,0.0,0.0,0.0
2015-06-25,Main Lake South,0.8477891156462586,67.39181818181818,0.0,0.0,0.0,0.0
2015-06-25,Missisquoi Bay,0.8388605442176872,66.99636363636364,1.0,1.0,0.0,0.0
2015-06-26,Inland Sea,0.7138605442176872,67.15933333333334,1.0,1.0,0.0,0.0
2015-06-26,Main Lake Central,0.6424319727891158,66.86266666666668,1.0,1.0,0.0,0.0
2015-06-26,Main Lake South,0.6513605442176872,67.13666666666667,1.0,1.0,0.0,0.0
2015-06-26,Malletts Bay,0.5799319727891158,66.36296296296297,1.0,1.0,0.0,0.0
2015-06-26,Missisquoi Bay,0.5799319727891156,66.38666666666667,1.0,1.0,0.0,0.0
2015-06-26,St. Albans Bay,0.6275510204081634,66.48888888888888,1.0,1.0,0.0,0.0
2015-06-27,Main Lake Central,0.6071428571428571,66.2,1.0,1.0,0.0,0.0
2015-06-27,Main Lake North,0.5595238095238095,65.5125,1.0,1.0,0.0,0.0
2015-06-27,Missisquoi Bay,0.5238095238095238,65.0625,1.0,1.0,0.0,0.0
2015-06-28,Inland Sea,0.45238095238095244,66.27777777777777,1.0,1.0,0.0,0.0
2015-06-28,Main Lake Central,0.45238095238095244,65.75,1.0,1.0,0.0,0.0
2015-06-28,Main Lake South,0.45238095238095244,65.07000000000001,1.0,1.0,0.0,0.0
2015-06-28,Missisquoi Bay,0.380952380952381,65.78999999999999,1.0,1.0,0.0,0.0
2015-06-29,Inland Sea,0.3095238095238096,65.80000000000001,1.0,1.0,0.0,0.0
2015-06-29,Main Lake Central,0.3541666666666667,66.04142857142858,1.0,1.0,1.0,0.0
2015-06-29,Main Lake North,0.3541666666666667,66.09142857142858,1.0,1.0,1.0,0.0
2015-06-29,Main Lake South,0.33035714285714285,65.91142857142857,1.0,1.0,1.0,0.0
2015-06-29,Malletts Bay,0.33035714285714285,65.93766233766233,1.0,1.0,1.0,0.0
2015-06-29,Missisquoi Bay,0.25892857142857145,65.87142857142857,1.0,0.0,1.0,0.0
2015-06-29,St. Albans Bay,0.2160714285714286,66.05584415584416,1.0,1.0,1.0,0.0
2015-06-30,Inland Sea,0.2160714285714286,65.93452380952381,1.0,1.0,1.0,0.0
2015-06-30,Main Lake Central,0.2557539682539683,66.70813492063492,1.0,1.0,1.0,0.0
2015-06-30,Main Lake North,0.3113095238095238,67.30292658730158,1.0,1.0,1.0,0.0
2015-06-30,Main Lake South,0.34192176870748303,66.78348214285715,1.0,1.0,1.0,0.0
2015-06-30,Missisquoi Bay,0.37049319727891156,67.28681547619048,1.0,1.0,1.0,1.0
2015-06-30,St. Albans Bay,0.33477891156462586,68.37848214285714,1.0,1.0,1.0,1.0
2015-07-01,Inland Sea,0.40620748299319726,68.05834415584415,1.0,1.0,1.0,1.0
2015-07-01,Main Lake Central,0.4300170068027211,68.05834415584415,1.0,1.0,1.0,1.0
2015-07-01,Main Lake South,0.4091836734693878,68.94795454545455,1.0,1.0,1.0,1.0
2015-07-01,St. Albans Bay,0.4568027210884354,69.09275,1.0,1.0,1.0,1.0
2015-07-02,Main Lake Central,0.4091836734693877,69.28083333333332,1.0,1.0,1.0,1.0
2015-07-02,Main Lake North,0.4663265306122449,69.47416666666668,1.0,1.0,1.0,1.0
2015-07-02,Missisquoi Bay,0.4663265306122449,69.42675,1.0,1.0,1.0,1.0
2015-07-03,Main Lake North,0.5806122448979592,69.59638888888888,1.0,1.0,1.0,1.0
2015-07-03,Main Lake South,0.7234693877551022,69.69638888888888,1.0,1.0,1.0,1.0
2015-07-03,Malletts Bay,0.6599773242630386,69.56052083333333,1.0,1.0,0.0,1.0
2015-07-03,St. Albans Bay,0.6401360544217687,69.48083333333332,1.0,1.0,0.0,1.0
2015-07-04,Main Lake Central,0.6095238095238097,69.43999999999998,1.0,1.0,0.0,1.0
2015-07-04,Main Lake South,0.5952380952380952,69.14857142857143,1.0,1.0,0.0,0.0
2015-07-04,Missisquoi Bay,0.630952380952381,68.65666666666667,1.0,1.0,0.0,0.0
2015-07-05,Inland Sea,0.5595238095238095,69.27714285714286,1.0,1.0,0.0,0.0
2015-07-05,Main Lake Central,0.5714285714285714,69.05916666666667,1.0,1.0,0.0,0.0
2015-07-05,Main Lake North,0.619047619047619,67.60916666666667,1.0,1.0,0.0,0.0
2015-07-05,Main Lake South,0.5714285714285714,67.43037037037037,1.0,1.0,0.0,0.0
2015-07-05,Missisquoi Bay,0.6428571428571429,68.12733333333333,1.0,1.0,0.0,0.0
2015-07-06,Inland Sea,0.6571428571428571,68.48333333333332,1.0,1.0,0.0,0.0
2015-07-06,Main Lake Central,0.6571428571428571,68.66833333333332,1.0,1.0,0.0,0.0
2015-07-06,Main Lake North,0.5410714285714285,68.83744588744588,1.0,1.0,0.0,0.0
2015-07-06,Main Lake South,0.39821428571428574,69.3374458874459,1.0,1.0,0.0,0.0
2015-07-06,Malletts Bay,0.40841836734693876,69.67876984126984,1.0,1.0,0.0,0.0
2015-07-06,Missisquoi Bay,0.44413265306122446,69.9677489177489,1.0,1.0,0.0,0.0
2015-07-06,St. Albans Bay,0.44413265306122446,70.26210317460317,1.0,1.0,0.0,0.0
2015-07-07,Inland Sea,0.42984693877551017,70.67876984126984,1.0,1.0,0.0,0.0
2015-07-07,Main Lake Central,0.43698979591836734,70.74743589743589,1.0,1.0,0.0,1.0
2015-07-07,Main Lake North,0.5084183673469388,70.68974358974359,1.0,1.0,0.0,1.0
2015-07-07,Main Lake South,0.5298469387755103,70.99641025641026,1.0,1.0,0.0,1.0
2015-07-07,Missisquoi Bay,0.4686224489795919,71.29897435897436,1.0,1.0,0.0,1.0
2015-07-07,St. Albans Bay,0.5162414965986395,71.9297435897436,1.0,1.0,0.0,1.0
2015-07-08,Inland Sea,0.5162414965986395,71.7238888888889,1.0,1.0,0.0,1.0
2015-07-08,Main Lake Central,0.46267006802721095,71.61,1.0,1.0,0.0,1.0
2015-07-08,Main Lake North,0.5647108843537415,71.7475,1.0,1.0,0.0,1.0
2015-07-08,Main Lake South,0.573639455782313,71.67845238095238,1.0,1.0,0.0,1.0
2015-07-08,Missisquoi Bay,0.6629251700680273,71.56734126984126,1.0,1.0,0.0,1.0
2015-07-09,Main Lake Central,0.7241496598639455,71.39770562770563,1.0,1.0,0.0,1.0
2015-07-09,Main Lake South,0.7241496598639456,71.44789682539682,1.0,1.0,0.0,1.0
2015-07-09,Missisquoi Bay,0.7955782312925171,71.261341991342,1.0,1.0,0.0,1.0
2015-07-10,Main Lake Central,0.9384353741496599,71.38747619047619,1.0,1.0,0.0,1.0
2015-07-10,Main Lake South,0.8598639455782313,71.13033333333334,1.0,1.0,0.0,0.0
2015-07-10,Malletts Bay,0.8360544217687075,71.00592592592594,1.0,1.0,0.0,0.0
2015-07-10,St. Albans Bay,0.8146258503401361,70.93703703703703,1.0,1.0,0.0,0.0
2015-07-11,Inland Sea,0.8044217687074829,71.0125,1.0,1.0,0.0,0.0
2015-07-11,Main Lake Central,0.7568027210884354,70.55714285714285,1.0,1.0,0.0,0.0
2015-07-11,Main Lake North,0.7363945578231293,70.40416666666667,1.0,1.0,0.0,0.0
2015-07-11,Main Lake South,0.7899659863945578,69.8875,1.0,1.0,0.0,0.0
2015-07-11,Missisquoi Bay,0.711734693877551,70.075,1.0,1.0,0.0,0.0
2015-07-11,St. Albans Bay,0.7474489795918366,71.3625,1.0,1.0,0.0,0.0
2015-07-12,Inland Sea,0.6581632653061223,71.6047619047619,1.0,1.0,0.0,0.0
2015-07-12,Main Lake Central,0.6224489795918366,71.96666666666667,1.0,1.0,0.0,0.0
2015-07-12,Main Lake South,0.5986394557823129,71.34166666666667,1.0,1.0,0.0,0.0
2015-07-12,Missisquoi Bay,0.5272108843537414,71.34166666666667,1.0,0.0,0.0,0.0
2015-07-12,St. Albans Bay,0.3843537414965986,71.74814814814815,1.0,0.0,0.0,0.0
2015-07-13,Inland Sea,0.4129251700680272,72.09166666666667,1.0,0.0,0.0,0.0
2015-07-13,Main Lake Central,0.40102040816326534,72.42592592592592,1.0,1.0,0.0,0.0
2015-07-13,Main Lake North,0.3872841444270016,72.91798941798942,1.0,1.0,0.0,0.0
2015-07-13,Main Lake South,0.3991889063317635,73.27619047619048,1.0,1.0,0.0,0.0
2015-07-13,Malletts Bay,0.42980115122972273,73.93835497835498,1.0,1.0,0.0,0.0
2015-07-13,Missisquoi Bay,0.4502093144950288,74.39885714285714,1.0,1.0,0.0,0.0
2015-07-13,St. Albans Bay,0.40735217163788595,75.52885714285713,1.0,1.0,1.0,0.0
2015-07-14,Inland Sea,0.43116169544740973,76.52885714285713,1.0,1.0,1.0,0.0
2015-07-14,Main Lake Central,0.4629077271934415,76.02171428571428,1.0,1.0,1.0,0.0
2015-07-14,Main Lake North,0.5581458224315367,75.67246753246754,1.0,1.0,1.0,0.0
2015-07-14,Main Lake South,0.6295743938601082,75.40883116883116,1.0,1.0,1.0,0.0
2015-07-14,Malletts Bay,0.6319553462410604,76.15948051948051,1.0,1.0,1.0,0.0
2015-07-14,Missisquoi Bay,0.7748124890982033,76.02952380952381,1.0,1.0,1.0,0.0
2015-07-14,St. Albans Bay,0.822431536717251,76.23785714285714,1.0,1.0,1.0,0.0
2015-07-15,Inland Sea,0.8652886795743939,76.23785714285714,1.0,1.0,1.0,0.0
2015-07-15,Main Lake Central,0.8652886795743939,76.3412987012987,1.0,1.0,1.0,0.0
2015-07-15,Main Lake North,0.900453514739229,75.84961038961039,1.0,1.0,1.0,0.0
2015-07-15,Main Lake South,0.9123582766439909,75.56779220779221,1.0,1.0,1.0,0.0
2015-07-15,St. Albans Bay,1.0246031746031747,73.88051948051948,1.0,1.0,1.0,0.0
2015-07-16,Inland Sea,1.0603174603174603,73.88051948051948,1.0,1.0,1.0,0.0
2015-07-16,Main Lake Central,1.1031746031746033,73.53857142857143,1.0,1.0,1.0,0.0
2015-07-16,Malletts Bay,1.126984126984127,72.37619047619049,1.0,1.0,0.0,0.0
2015-07-16,St. Albans Bay,1.0952380952380953,71.70634920634922,1.0,1.0,0.0,0.0
2015-07-17,Inland Sea,1.0714285714285714,71.64714285714285,1.0,1.0,0.0,0.0
2015-07-17,Main Lake Central,1.0357142857142858,71.65387755102041,1.0,1.0,0.0,0.0
2015-07-17,Main Lake North,1.0571428571428572,71.05333333333334,1.0,1.0,0.0,0.0
2015-07-17,Main Lake South,0.9857142857142858,70.34400000000001,1.0,1.0,0.0,0.0
2015-07-18,Inland Sea,1.0095238095238095,68.555,1.0,1.0,0.0,0.0
2015-07-18,Main Lake Central,1.0095238095238095,68.84400000000001,1.0,1.0,0.0,0.0
2015-07-18,Main Lake North,1.030952380952381,68.95333333333333,1.0,1.0,0.0,0.0
2015-07-18,Main Lake South,1.0452380952380953,69.05,1.0,1.0,0.0,0.0
2015-07-18,St. Albans Bay,1.0214285714285716,68.17999999999999,1.0,1.0,0.0,0.0
2015-07-19,Inland Sea,0.9500000000000001,69.725,1.0,1.0,0.0,0.0
2015-07-19,Main Lake Central,0.8964285714285715,70.44666666666667,1.0,1.0,0.0,0.0
2015-07-19,Main Lake South,0.8488095238095238,70.64999999999999,1.0,1.0,0.0,0.0
2015-07-19,Missisquoi Bay,0.7773809523809524,70.64999999999999,1.0,1.0,0.0,0.0
2015-07-19,St. Albans Bay,0.7602564102564102,71.41666666666667,1.0,1.0,0.0,0.0
2015-07-20,Inland Sea,0.7602564102564102,71.41666666666667,1.0,1.0,0.0,0.0
2015-07-20,Main Lake Central,0.7294871794871794,71.81714285714285,1.0,1.0,0.0,0.0
2015-07-20,Main Lake North,0.6611111111111112,72.22392857142857,1.0,1.0,0.0,0.0
2015-07-20,Main Lake South,0.6098290598290598,72.48423280423282,1.0,1.0,0.0,0.0
2015-07-20,Malletts Bay,0.5713675213675213,72.97080952380952,1.0,1.0,0.0,0.0
2015-07-20,Missisquoi Bay,0.4944444444444444,73.30089947089947,1.0,1.0,0.0,0.0
2015-07-20,St. Albans Bay,0.49444444444444446,74.0231216931217,1.0,1.0,1.0,0.0
2015-07-21,Inland Sea,0.41752136752136754,75.07867724867725,1.0,1.0,1.0,0.0
2015-07-21,Main Lake Central,0.4790598290598291,75.05080952380953,1.0,1.0,1.0,0.0
2015-07-21,Main Lake North,0.44829059829059825,74.96891774891775,1.0,1.0,1.0,0.0
2015-07-21,Main Lake South,0.43675213675213675,75.03679653679654,1.0,1.0,1.0,0.0
2015-07-21,Missisquoi Bay,0.4550671550671551,75.18225108225108,1.0,1.0,1.0,0.0
2015-07-21,St. Albans Bay,0.49352869352869355,75.19484126984128,1.0,1.0,1.0,0.0
2015-07-22,Inland Sea,0.5297052154195011,75.34891774891776,1.0,1.0,1.0,0.0
2015-07-22,Main Lake Central,0.5297052154195011,75.34891774891776,1.0,1.0,1.0,0.0
2015-07-22,Main Lake South,0.5344671201814059,75.07891774891776,1.0,1.0,1.0,0.0
2015-07-22,Missisquoi Bay,0.5622448979591838,74.55878787878788,1.0,1.0,1.0,0.0
2015-07-22,St. Albans Bay,0.5384353741496598,74.32545454545453,1.0,1.0,1.0,0.0
2015-07-23,Inland Sea,0.5027210884353741,74.023,1.0,1.0,1.0,0.0
2015-07-23,Main Lake Central,0.5384353741496598,74.023,1.0,1.0,1.0,0.0
2015-07-23,Main Lake South,0.5051020408163265,73.953,0.0,1.0,0.0,0.0
2015-07-23,St. Albans Bay,0.5336734693877551,73.21549999999999,1.0,1.0,0.0,0.0
2015-07-24,Inland Sea,0.5479591836734693,73.03944444444444,1.0,1.0,0.0,0.0
2015-07-24,Main Lake North,0.5051020408163265,73.19685185185185,1.0,1.0,0.0,0.0
2015-07-24,Main Lake South,0.5336734693877551,73.07685185185184,1.0,1.0,0.0,0.0
2015-07-24,Malletts Bay,0.4928571428571429,72.71388888888889,1.0,1.0,0.0,0.0
2015-07-25,Main Lake Central,0.4571428571428572,72.63240740740741,1.0,1.0,0.0,0.0
2015-07-25,Main Lake South,0.4571428571428572,72.63240740740741,1.0,1.0,0.0,0.0
2015-07-25,Missisquoi Bay,0.38571428571428573,72.63240740740741,1.0,1.0,0.0,0.0
2015-07-26,Inland Sea,0.33809523809523817,73.82685185185184,1.0,1.0,0.0,0.0
2015-07-26,Main Lake Central,0.37380952380952387,74.45462962962964,1.0,1.0,0.0,0.0
2015-07-26,Main Lake North,0.4333333333333334,74.43240740740741,1.0,1.0,0.0,0.0
2015-07-26,Main Lake South,0.4333333333333333,73.98916666666666,1.0,1.0,0.0,0.0
2015-07-26,Missisquoi Bay,0.4333333333333333,73.98916666666666,1.0,1.0,0.0,0.0
2015-07-26,St. Albans Bay,0.44523809523809527,73.94916666666667,1.0,1.0,0.0,0.0
2015-07-27,Inland Sea,0.4166666666666667,74.0962962962963,0.0,0.0,0.0,0.0
2015-07-27,Main Lake Central,0.38492063492063494,74.2995238095238,1.0,0.0,1.0,0.0
2015-07-27,Main Lake North,0.4257369614512472,74.32285714285715,1.0,0.0,1.0,0.0
2015-07-27,Main Lake South,0.38287981859410436,74.92785714285715,1.0,0.0,1.0,0.0
2015-07-27,Malletts Bay,0.41859410430839006,75.71642857142857,1.0,0.0,1.0,0.0
2015-07-27,Missisquoi Bay,0.4900226757369615,75.84047619047618,1.0,0.0,1.0,0.0
2015-07-27,St. Albans Bay,0.4364512471655329,76.05642857142857,1.0,0.0,1.0,0.0
2015-07-28,Inland Sea,0.5316893424036281,76.41493506493507,1.0,1.0,1.0,0.0
2015-07-28,Main Lake Central,0.5520975056689342,75.97129870129869,1.0,1.0,1.0,0.0
2015-07-28,Main Lake North,0.48066893424036283,76.32584415584415,1.0,1.0,1.0,0.0
2015-07-28,Main Lake South,0.4390022675736961,76.61675324675325,1.0,1.0,1.0,0.0
2015-07-28,Missisquoi Bay,0.44852607709750564,77.32094905094905,1.0,1.0,1.0,0.0
2015-07-28,St. Albans Bay,0.41281179138321994,77.5442032967033,1.0,1.0,1.0,0.0
2015-07-29,Inland Sea,0.37709750566893424,78.88586996336996,1.0,1.0,1.0,0.0
2015-07-29,Main Lake Central,0.41281179138321994,78.71516201746971,1.0,1.0,1.0,0.0
2015-07-29,Main Lake South,0.4207482993197279,78.94043674274442,1.0,1.0,1.0,0.0
2015-07-29,Malletts Bay,0.4513605442176871,78.8019752042829,1.0,1.0,1.0,0.0
2015-07-29,St. Albans Bay,0.49421768707482994,78.6442828965906,1.0,1.0,1.0,0.0
2015-07-30,Inland Sea,0.5299319727891156,79.65307410538179,1.0,1.0,1.0,0.0
2015-07-30,Main Lake Central,0.5299319727891156,79.65307410538179,1.0,1.0,1.0,0.0
2015-07-30,Main Lake South,0.5835034013605442,79.62230487461258,1.0,1.0,1.0,0.0
2015-07-30,St. Albans Bay,0.5120748299319728,79.59083028083029,1.0,1.0,1.0,0.0
2015-07-31,Inland Sea,0.5630952380952381,79.81545121545122,1.0,1.0,1.0,0.0
2015-07-31,Main Lake Central,0.5630952380952381,79.90699633699634,1.0,1.0,1.0,0.0
2015-07-31,Main Lake South,0.6880952380952381,80.10699633699633,1.0,1.0,1.0,0.0
2015-07-31,Malletts Bay,0.6785714285714286,80.36931216931217,1.0,1.0,1.0,0.0
2015-07-31,St. Albans Bay,0.75,79.94708994708995,1.0,1.0,1.0,0.0
2015-08-01,Main Lake Central,0.75,78.56547619047619,1.0,1.0,1.0,0.0
2015-08-01,Main Lake South,0.761904761904762,78.16964285714286,1.0,1.0,1.0,0.0
2015-08-01,Missisquoi Bay,0.7857142857142857,78.04285714285713,1.0,1.0,1.0,0.0
2015-08-02,Inland Sea,0.7142857142857143,78.71666666666667,1.0,1.0,1.0,0.0
2015-08-02,Main Lake Central,0.6904761904761905,78.38333333333334,1.0,1.0,1.0,0.0
2015-08-02,Main Lake North,0.7261904761904762,75.77499999999999,1.0,1.0,1.0,0.0
2015-08-02,Main Lake South,0.7261904761904762,75.52142857142857,1.0,1.0,1.0,0.0
2015-08-02,Missisquoi Bay,0.6547619047619048,75.175,1.0,1.0,1.0,0.0
2015-08-03,Inland Sea,0.7023809523809524,75.45,1.0,1.0,1.0,0.0
2015-08-03,Main Lake Central,0.6785714285714286,75.68124999999999,1.0,1.0,1.0,0.0
2015-08-03,Main Lake North,0.7738095238095238,75.42037037037036,1.0,1.0,1.0,0.0
2015-08-03,Main Lake South,0.7023809523809523,75.1537037037037,0.0,0.0,0.0,0.0
2015-08-03,Malletts Bay,0.738095238095238,75.23833333333333,0.0,0.0,0.0,0.0
2015-08-03,Missisquoi Bay,0.8095238095238094,75.13148148148149,0.0,0.0,0.0,0.0
2015-08-03,St. Albans Bay,0.8333333333333333,75.15166666666667,1.0,1.0,1.0,0.0
2015-08-04,Inland Sea,0.9285714285714286,76.00166666666667,1.0,1.0,1.0,0.0
2015-08-04,Main Lake Central,0.8928571428571429,75.87424242424242,1.0,1.0,1.0,0.0
2015-08-04,Main Lake North,0.9404761904761905,75.79305555555555,1.0,1.0,1.0,0.0
2015-08-04,Main Lake South,0.9047619047619048,75.82305555555556,1.0,1.0,1.0,0.0
2015-08-04,Missisquoi Bay,0.8154761904761905,75.90555555555555,1.0,1.0,1.0,0.0
2015-08-05,Inland Sea,0.7726190476190476,76.09513888888888,1.0,1.0,1.0,0.0
2015-08-05,Main Lake Central,0.7726190476190476,76.03397435897435,1.0,1.0,1.0,0.0
2015-08-05,Main Lake North,0.7726190476190476,75.94935897435897,1.0,1.0,1.0,0.0
2015-08-05,Main Lake South,0.8678571428571429,75.54166666666667,1.0,1.0,1.0,0.0
2015-08-05,Malletts Bay,0.8083333333333333,75.43910256410255,1.0,1.0,1.0,0.0
2015-08-06,Inland Sea,0.8797619047619047,75.50902777777777,1.0,1.0,1.0,0.0
2015-08-06,Main Lake North,0.9154761904761904,75.46439393939393,1.0,1.0,1.0,0.0
2015-08-06,Main Lake South,0.844047619047619,75.42569444444445,1.0,1.0,1.0,0.0
2015-08-06,Missisquoi Bay,0.8916666666666666,75.43409090909091,1.0,1.0,1.0,0.0
2015-08-06,St. Albans Bay,0.8488095238095238,74.67651515151516,1.0,1.0,1.0,0.0
2015-08-07,Inland Sea,0.8845238095238095,74.68416666666667,1.0,1.0,1.0,0.0
2015-08-07,Main Lake Central,0.8607142857142857,74.57750000000001,1.0,1.0,1.0,0.0
2015-08-07,Main Lake South,0.9202380952380952,74.7915,1.0,1.0,1.0,0.0
2015-08-07,Malletts Bay,0.9023809523809524,74.61944444444444,1.0,1.0,1.0,0.0
2015-08-07,Missisquoi Bay,0.9452380952380952,74.15555555555555,1.0,1.0,1.0,0.0
2015-08-07,St. Albans Bay,0.9452380952380952,73.89999999999999,1.0,1.0,1.0,0.0
2015-08-08,Inland Sea,0.8738095238095237,73.78888888888888,1.0,1.0,1.0,0.0
2015-08-08,Main Lake Central,0.7309523809523809,74.1222222222222,1.0,1.0,1.0,0.0
2015-08-08,Main Lake North,0.7564625850340135,74.38888888888889,1.0,1.0,1.0,0.0
2015-08-08,Missisquoi Bay,0.6136054421768707,74.55,1.0,1.0,1.0,0.0
2015-08-09,Inland Sea,0.5421768707482993,74.55,1.0,1.0,1.0,0.0
2015-08-09,Main Lake Central,0.5064625850340135,74.55,1.0,1.0,1.0,0.0
2015-08-09,Main Lake South,0.5064625850340135,74.5090909090909,1.0,1.0,1.0,0.0
2015-08-09,Missisquoi Bay,0.43027210884353734,74.31212121212121,1.0,1.0,1.0,0.0
2015-08-10,Inland Sea,0.358843537414966,74.5111111111111,1.0,1.0,1.0,0.0
2015-08-10,Main Lake Central,0.3826530612244898,74.66388888888888,1.0,1.0,1.0,0.0
2015-08-10,Main Lake North,0.3826530612244898,74.2826388888889,1.0,1.0,1.0,0.0
2015-08-10,Main Lake South,0.4397959183673469,74.35064102564102,1.0,1.0,1.0,0.0
2015-08-10,Malletts Bay,0.4397959183673469,74.5264652014652,1.0,1.0,1.0,1.0
2015-08-10,Missisquoi Bay,0.5112244897959183,74.65367063492063,1.0,1.0,1.0,1.0
2015-08-10,St. Albans Bay,0.5255102040816326,74.48700396825397,1.0,1.0,1.0,1.0
2015-08-11,Inland Sea,0.5969387755102041,74.73700396825397,1.0,1.0,1.0,1.0
2015-08-11,Main Lake Central,0.6071428571428571,74.45089285714285,1.0,1.0,1.0,1.0
2015-08-11,Main Lake North,0.6607142857142857,74.11755952380952,1.0,1.0,1.0,1.0
2015-08-11,Main Lake South,0.6845238095238095,74.04954212454211,1.0,1.0,1.0,1.0
2015-08-11,Missisquoi Bay,0.6567460317460317,73.84492673992673,1.0,1.0,1.0,1.0
2015-08-11,St. Albans Bay,0.6567460317460317,73.7064652014652,1.0,1.0,1.0,1.0
2015-08-12,Inland Sea,0.7043650793650793,73.89033730158731,1.0,1.0,1.0,1.0
2015-08-12,Main Lake Central,0.7043650793650793,73.80700396825397,1.0,1.0,1.0,1.0
2015-08-12,Main Lake North,0.6996031746031746,73.70144841269841,1.0,1.0,1.0,1.0
2015-08-12,Main Lake South,0.6281746031746032,73.79103174603175,1.0,1.0,1.0,1.0
2015-08-12,Missisquoi Bay,0.571031746031746,73.66597402597402,1.0,1.0,1.0,1.0
2015-08-13,Inland Sea,0.4996031746031746,73.59400000000001,1.0,1.0,1.0,1.0
2015-08-13,Main Lake Central,0.42817460317460315,73.38545454545455,1.0,1.0,1.0,1.0
2015-08-13,Main Lake South,0.41388888888888886,73.65818181818182,1.0,1.0,1.0,1.0
2015-08-13,Malletts Bay,0.34246031746031746,73.224,1.0,1.0,1.0,1.0
2015-08-13,Missisquoi Bay,0.34246031746031746,73.34733333333334,1.0,0.0,1.0,1.0
2015-08-13,St. Albans Bay,0.28888888888888886,73.49703703703705,1.0,0.0,1.0,1.0
2015-08-14,Main Lake Central,0.2650793650793651,73.53,1.0,0.0,1.0,1.0
2015-08-14,Main Lake South,0.32857142857142857,73.7,1.0,0.0,1.0,1.0
2015-08-14,St. Albans Bay,0.2928571428571428,73.93333333333334,0.0,0.0,0.0,0.0
2015-08-15,Inland Sea,0.32857142857142857,74.8,0.0,0.0,0.0,0.0
2015-08-15,Main Lake Central,0.32857142857142857,74.98571428571428,0.0,0.0,0.0,0.0
2015-08-15,Main Lake North,0.2857142857142857,74.57142857142857,0.0,0.0,0.0,0.0
2015-08-15,Main Lake South,0.35714285714285715,74.66666666666667,0.0,0.0,0.0,0.0
2015-08-15,Missisquoi Bay,0.35714285714285715,74.71428571428571,0.0,0.0,0.0,0.0
2015-08-15,St. Albans Bay,0.39285714285714285,75.5625,0.0,0.0,0.0,0.0
2015-08-16,Inland Sea,0.39285714285714285,76.17142857142858,0.0,0.0,0.0,0.0
2015-08-16,Main Lake Central,0.39285714285714285,75.88571428571429,0.0,0.0,0.0,0.0
2015-08-16,Main Lake North,0.4404761904761905,75.81666666666666,0.0,0.0,0.0,0.0
2015-08-16,Main Lake South,0.40476190476190477,76.04166666666666,0.0,0.0,0.0,0.0
2015-08-16,Missisquoi Bay,0.40476190476190477,76.04166666666666,0.0,0.0,0.0,0.0
2015-08-16,St. Albans Bay,0.4761904761904762,76.28148148148148,0.0,0.0,0.0,0.0
2015-08-17,Inland Sea,0.40476190476190477,76.28148148148148,0.0,0.0,0.0,0.0
2015-08-17,Main Lake Central,0.41666666666666663,76.23833333333332,0.0,0.0,0.0,0.0
2015-08-17,Main Lake North,0.3554421768707483,75.85166666666666,1.0,1.0,0.0,0.0
2015-08-17,Main Lake South,0.40306122448979587,75.775,1.0,1.0,0.0,0.0
2015-08-17,Missisquoi Bay,0.4316326530612245,76.63699999999999,1.0,1.0,0.0,0.0
2015-08-17,St. Albans Bay,0.36020408163265305,76.5790909090909,1.0,1.0,1.0,0.0
2015-08-18,Inland Sea,0.4316326530612245,77.48818181818181,1.0,1.0,1.0,0.0
2015-08-18,Main Lake Central,0.42189239332096473,77.30246753246753,1.0,1.0,1.0,0.0
2015-08-18,Main Lake North,0.49332096474953613,77.33767857142857,1.0,1.0,1.0,0.0
2015-08-18,Main Lake South,0.5035250463821892,77.92795634920634,1.0,1.0,1.0,0.0
2015-08-18,Missisquoi Bay,0.47631416202844773,78.27622023809523,1.0,1.0,1.0,0.0
2015-08-18,St. Albans Bay,0.46440940012368576,78.6178869047619,1.0,1.0,1.0,0.0
2015-08-19,Inland Sea,0.46440940012368576,79.10881868131868,1.0,1.0,1.0,0.0
2015-08-19,Main Lake Central,0.4465522572665429,79.11266483516482,1.0,1.0,1.0,0.0
2015-08-19,Main Lake North,0.4941713048855906,79.2474744897959,1.0,1.0,1.0,0.0
2015-08-19,Main Lake South,0.5179808286951144,79.50881868131867,1.0,1.0,1.0,0.0
2015-08-19,Malletts Bay,0.5256338899196041,79.9293315018315,1.0,1.0,1.0,0.0
2015-08-19,Missisquoi Bay,0.5494434137291281,80.0344597069597,1.0,1.0,1.0,0.0
2015-08-19,St. Albans Bay,0.6399196042053185,80.02733134920635,1.0,1.0,1.0,0.0
2015-08-20,Main Lake Central,0.6875386518243661,80.77733134920635,1.0,1.0,1.0,0.0
2015-08-20,Main Lake North,0.7589672232529375,80.39345238095238,1.0,1.0,1.0,0.0
2015-08-20,Malletts Bay,0.804421768707483,80.48708333333333,1.0,1.0,1.0,0.0
2015-08-20,Missisquoi Bay,0.8758503401360545,80.79398148148147,1.0,1.0,1.0,0.0
2015-08-20,St. Albans Bay,0.8656462585034014,80.11805555555556,1.0,1.0,1.0,0.0
2015-08-21,Main Lake North,0.9523809523809524,80.19375,1.0,1.0,1.0,0.0
2015-08-21,Main Lake South,1.0,80.49285714285713,1.0,1.0,1.0,0.0
2015-08-21,Missisquoi Bay,1.0,79.74166666666666,1.0,1.0,1.0,0.0
2015-08-21,St. Albans Bay,0.9464285714285714,79.2,1.0,1.0,1.0,0.0
2015-08-22,Inland Sea,0.8988095238095238,78.84,1.0,1.0,1.0,0.0
2015-08-22,Main Lake Central,0.8630952380952381,78.2,1.0,1.0,1.0,0.0
2015-08-22,Main Lake North,0.8095238095238095,76.71111111111111,1.0,1.0,1.0,0.0
2015-08-22,Missisquoi Bay,0.7380952380952381,76.8611111111111,1.0,1.0,1.0,0.0
2015-08-23,Inland Sea,0.6190476190476192,76.59523809523809,1.0,1.0,0.0,0.0
2015-08-23,Main Lake Central,0.5714285714285714,74.88095238095238,1.0,1.0,0.0,0.0
2015-08-23,Main Lake North,0.4523809523809524,75.08333333333333,1.0,1.0,0.0,0.0
2015-08-23,Main Lake South,0.380952380952381,75.29629629629629,1.0,1.0,0.0,0.0
2015-08-23,Missisquoi Bay,0.2380952380952381,75.29629629629629,0.0,0.0,0.0,0.0
2015-08-23,St. Albans Bay,0.2380952380952381,76.35185185185185,0.0,0.0,0.0,0.0
2015-08-24,Inland Sea,0.13095238095238096,76.35185185185185,0.0,0.0,0.0,0.0
2015-08-24,Main Lake Central,0.13988095238095238,76.61291666666666,1.0,1.0,0.0,0.0
2015-08-24,Main Lake North,0.25892857142857145,76.55037878787878,1.0,1.0,0.0,1.0
2015-08-24,Main Lake South,0.34226190476190477,76.81628787878788,1.0,1.0,0.0,1.0
2015-08-24,Malletts Bay,0.4136904761904762,76.78993055555556,1.0,1.0,0.0,1.0
2015-08-24,Missisquoi Bay,0.4494047619047619,76.95265151515152,1.0,1.0,0.0,1.0
2015-08-24,St. Albans Bay,0.45833333333333337,77.5284090909091,1.0,1.0,1.0,1.0
2015-08-25,Inland Sea,0.5833333333333333,78.21022727272727,1.0,1.0,1.0,1.0
2015-08-25,Main Lake Central,0.6139455782312925,78.47613636363637,1.0,1.0,1.0,1.0
2015-08-25,Main Lake North,0.6258503401360545,78.79583333333333,1.0,1.0,1.0,1.0
2015-08-25,Main Lake South,0.6020408163265306,78.8503787878788,1.0,1.0,1.0,1.0
2015-08-25,Malletts Bay,0.6377551020408163,78.60492424242425,1.0,1.0,1.0,1.0
2015-08-25,Missisquoi Bay,0.7091836734693878,78.23784722222223,1.0,1.0,1.0,1.0
2015-08-25,St. Albans Bay,0.7234693877551021,77.765625,1.0,1.0,1.0,1.0
2015-08-26,Inland Sea,0.7234693877551021,78.2451923076923,1.0,1.0,1.0,1.0
2015-08-26,Main Lake Central,0.6533163265306122,78.15884615384616,1.0,1.0,1.0,1.0
2015-08-26,Main Lake North,0.5342687074829932,78.345,1.0,1.0,1.0,1.0
2015-08-26,Main Lake South,0.4509353741496599,78.35125000000001,1.0,1.0,1.0,1.0
2015-08-26,Missisquoi Bay,0.37950680272108844,78.03180555555555,1.0,1.0,1.0,1.0
2015-08-26,St. Albans Bay,0.30807823129251705,77.8498717948718,1.0,1.0,1.0,1.0
2015-08-27,Main Lake Central,0.2991496598639456,77.75402777777778,1.0,1.0,0.0,1.0
2015-08-27,Main Lake South,0.17414965986394557,76.83736111111112,1.0,1.0,0.0,1.0
2015-08-27,Missisquoi Bay,0.1792517006802721,76.27694444444444,1.0,1.0,0.0,0.0
2015-08-28,Inland Sea,0.1673469387755102,76.06722222222221,1.0,1.0,0.0,0.0
2015-08-28,Main Lake Central,0.1673469387755102,75.97333333333334,1.0,1.0,0.0,0.0
2015-08-28,Main Lake South,0.13163265306122449,76.14066666666666,1.0,1.0,0.0,0.0
2015-08-28,St. Albans Bay,0.06020408163265307,76.3562962962963,1.0,1.0,0.0,0.0
2015-08-29,Inland Sea,0.045918367346938785,76.04666666666667,1.0,0.0,0.0,0.0
2015-08-29,Main Lake Central,0.11734693877551021,74.91047619047619,1.0,0.0,0.0,0.0
2015-08-29,Missisquoi Bay,0.14285714285714285,74.0047619047619,1.0,0.0,0.0,0.0
2015-08-30,Inland Sea,0.14285714285714285,74.0047619047619,1.0,0.0,0.0,0.0
2015-08-30,Main Lake Central,0.14285714285714285,73.43333333333332,1.0,0.0,0.0,0.0
2015-08-30,Main Lake South,0.21428571428571427,73.76666666666667,1.0,0.0,0.0,0.0
2015-08-30,Missisquoi Bay,0.21428571428571427,73.45,1.0,0.0,0.0,0.0
2015-08-31,Inland Sea,0.25,73.83571428571429,1.0,0.0,0.0,0.0
2015-08-31,Main Lake Central,0.2928571428571428,74.06428571428572,1.0,0.0,0.0,0.0
2015-08-31,Main Lake North,0.32857142857142857,75.0142857142857,1.0,1.0,0.0,0.0
2015-08-31,Main Lake South,0.38571428571428573,75.15714285714284,1.0,1.0,0.0,0.0
2015-08-31,Malletts Bay,0.4571428571428572,75.46875,1.0,1.0,0.0,0.0
2015-08-31,Missisquoi Bay,0.5285714285714286,75.30555555555556,1.0,1.0,0.0,0.0
2015-08-31,St. Albans Bay,0.5285714285714286,75.475,1.0,1.0,0.0,0.0
2015-09-01,Inland Sea,0.6714285714285715,75.88636363636364,1.0,1.0,0.0,0.0
2015-09-01,Main Lake Central,0.6142857142857142,76.0513888888889,1.0,1.0,1.0,0.0
2015-09-01,Main Lake North,0.5785714285714285,76.53194444444445,1.0,1.0,1.0,0.0
2015-09-01,Main Lake South,0.5785714285714285,76.64829059829059,1.0,1.0,1.0,0.0
2015-09-01,Missisquoi Bay,0.5785714285714285,76.87232905982906,1.0,1.0,1.0,0.0
2015-09-01,St. Albans Bay,0.5071428571428572,76.91079059829059,1.0,1.0,1.0,0.0
2015-09-02,Inland Sea,0.5071428571428572,77.27430555555556,1.0,1.0,1.0,0.0
2015-09-02,Main Lake Central,0.4714285714285715,77.35406746031745,1.0,1.0,1.0,0.0
2015-09-02,Main Lake South,0.42857142857142866,77.41207264957265,1.0,1.0,1.0,0.0
2015-09-02,Malletts Bay,0.38571428571428573,77.71079059829059,1.0,1.0,1.0,0.0
2015-09-02,St. Albans Bay,0.39999999999999997,77.62617521367521,1.0,1.0,1.0,0.0
2015-09-03,Inland Sea,0.32857142857142857,77.62418981481481,1.0,1.0,1.0,0.0
2015-09-03,Main Lake Central,0.39999999999999997,77.95366161616161,1.0,1.0,1.0,0.0
2015-09-03,Main Lake South,0.4714285714285714,78.22638888888888,1.0,1.0,1.0,0.0
2015-09-03,St. Albans Bay,0.32857142857142857,77.40820707070706,1.0,1.0,1.0,0.0
2015-09-04,Inland Sea,0.4035714285714286,77.3623611111111,1.0,1.0,1.0,0.0
2015-09-04,Main Lake Central,0.47500000000000003,77.23569444444443,1.0,1.0,1.0,0.0
2015-09-04,Main Lake North,0.5464285714285715,77.14583333333333,1.0,1.0,1.0,0.0
2015-09-04,Main Lake South,0.5464285714285715,77.175,1.0,1.0,1.0,0.0
2015-09-04,Missisquoi Bay,0.5464285714285715,77.41428571428571,1.0,1.0,1.0,0.0
2015-09-04,St. Albans Bay,0.5464285714285715,76.64999999999999,1.0,1.0,1.0,0.0
2015-09-05,Inland Sea,0.5464285714285715,76.52666666666667,1.0,1.0,1.0,0.0
2015-09-05,Missisquoi Bay,0.6178571428571429,76.52666666666667,1.0,1.0,1.0,0.0
2015-09-06,Inland Sea,0.5892857142857143,75.225,1.0,1.0,1.0,0.0
2015-09-06,Main Lake Central,0.5892857142857143,75.66666666666664,1.0,1.0,1.0,0.0
2015-09-06,Missisquoi Bay,0.6428571428571429,75.41666666666666,1.0,1.0,1.0,0.0
2015-09-07,Inland Sea,0.5714285714285714,76.37333333333333,1.0,1.0,1.0,0.0
2015-09-07,Main Lake Central,0.5892857142857143,76.30666666666666,1.0,1.0,1.0,0.0
2015-09-07,Main Lake North,0.6845238095238094,77.57666666666667,1.0,1.0,1.0,0.0
2015-09-07,Main Lake South,0.6904761904761905,77.31388888888888,1.0,1.0,1.0,0.0
2015-09-07,Missisquoi Bay,0.6666666666666666,77.80555555555556,1.0,1.0,1.0,0.0
2015-09-08,Inland Sea,0.5952380952380951,77.1190476190476,1.0,1.0,1.0,0.0
2015-09-08,Main Lake Central,0.6041666666666666,77.4095238095238,1.0,1.0,1.0,0.0
2015-09-08,Main Lake North,0.6041666666666666,77.5223544973545,1.0,1.0,1.0,0.0
2015-09-08,Main Lake South,0.6143707482993197,77.67011904761905,1.0,1.0,1.0,0.0
2015-09-08,Missisquoi Bay,0.6143707482993197,77.82056277056277,1.0,1.0,1.0,0.0
2015-09-08,St. Albans Bay,0.5429421768707482,78.00218253968254,1.0,1.0,1.0,0.0
2015-09-09,Inland Sea,0.5429421768707483,78.38663003663004,1.0,1.0,1.0,0.0
2015-09-09,Main Lake South,0.5429421768707483,78.78758503401362,1.0,1.0,1.0,0.0
2015-09-10,Inland Sea,0.546513605442177,79.1328231292517,1.0,1.0,1.0,0.0
2015-09-10,Main Lake South,0.4750850340136055,78.9328231292517,1.0,1.0,1.0,0.0
2015-09-10,Missisquoi Bay,0.3857993197278912,78.87637362637362,1.0,1.0,1.0,0.0
2015-09-10,St. Albans Bay,0.29056122448979593,79.00357142857142,1.0,1.0,1.0,0.0
2015-09-11,Main Lake Central,0.19532312925170067,79.27662337662338,1.0,1.0,1.0,0.0
2015-09-11,Main Lake South,0.2191326530612245,79.30928571428572,1.0,1.0,1.0,0.0
2015-09-11,Missisquoi Bay,0.2191326530612245,80.01031746031747,1.0,1.0,1.0,0.0
2015-09-11,St. Albans Bay,0.21020408163265308,79.18333333333334,1.0,1.0,1.0,0.0
2015-09-13,Inland Sea,0.21020408163265308,79.278125,1.0,1.0,1.0,0.0
2015-09-13,Main Lake Central,0.23571428571428574,78.15312499999999,1.0,1.0,1.0,0.0
2015-09-13,Main Lake South,0.2892857142857143,77.415625,1.0,1.0,1.0,0.0
2015-09-13,Missisquoi Bay,0.2892857142857143,77.04642857142858,1.0,1.0,1.0,0.0
2015-09-14,Inland Sea,0.2892857142857143,75.46071428571429,1.0,1.0,1.0,0.0
2015-09-14,Main Lake Central,0.2416666666666667,73.6654761904762,1.0,1.0,1.0,0.0
2015-09-14,Main Lake North,0.23214285714285715,72.38690476190477,1.0,1.0,1.0,0.0
2015-09-14,Main Lake South,0.26785714285714285,71.6797619047619,1.0,1.0,1.0,0.0
2015-09-14,Malletts Bay,0.26785714285714285,71.76145833333334,1.0,1.0,1.0,0.0
2015-09-14,Missisquoi Bay,0.3392857142857143,71.76145833333334,1.0,1.0,1.0,0.0
2015-09-15,Inland Sea,0.4107142857142857,71.67685185185185,1.0,1.0,1.0,0.0
2015-09-15,Main Lake Central,0.4107142857142857,72.01916666666666,1.0,1.0,1.0,0.0
2015-09-15,Main Lake North,0.48214285714285715,72.14015151515152,1.0,1.0,1.0,0.0
2015-09-15,Main Lake South,0.5107142857142858,72.37833333333333,1.0,1.0,1.0,0.0
2015-09-15,Missisquoi Bay,0.5107142857142858,72.86555555555556,1.0,1.0,1.0,0.0
2015-09-15,St. Albans Bay,0.47500000000000003,73.19888888888889,1.0,1.0,1.0,0.0
2015-09-16,Inland Sea,0.4928571428571429,73.5801388888889,1.0,1.0,1.0,0.0
2015-09-16,Main Lake Central,0.4928571428571429,73.65089743589743,1.0,1.0,1.0,0.0
2015-09-16,Main Lake South,0.5214285714285715,73.93038461538461,1.0,1.0,1.0,0.0
2015-09-16,Missisquoi Bay,0.5511904761904762,74.13551282051282,1.0,1.0,1.0,0.0
2015-09-17,Main Lake North,0.5035714285714286,74.24705128205127,1.0,1.0,1.0,0.0
2015-09-17,Missisquoi Bay,0.5392857142857143,74.39680555555556,1.0,1.0,1.0,0.0
2015-09-18,Malletts Bay,0.6345238095238095,74.58439393939393,1.0,1.0,1.0,0.0
2015-09-18,Missisquoi Bay,0.6345238095238095,74.58439393939393,1.0,1.0,1.0,0.0
2015-09-19,Inland Sea,0.5630952380952381,74.94283333333333,1.0,1.0,1.0,0.0
2015-09-19,Main Lake Central,0.5630952380952381,74.92537037037037,1.0,1.0,1.0,0.0
2015-09-20,Inland Sea,0.5988095238095238,74.77537037037037,1.0,1.0,1.0,0.0
2015-09-20,Main Lake Central,0.5702380952380952,74.03981481481482,1.0,1.0,1.0,0.0
2015-09-20,Main Lake South,0.713095238095238,72.7925925925926,1.0,1.0,1.0,0.0
2015-09-20,Missisquoi Bay,0.713095238095238,72.64166666666667,1.0,1.0,1.0,0.0
2015-09-20,St. Albans Bay,0.6416666666666666,71.91666666666667,1.0,1.0,1.0,0.0
2015-09-21,Inland Sea,0.6416666666666666,71.54761904761905,1.0,1.0,1.0,0.0
2015-09-21,Main Lake Central,0.6845238095238094,71.1857142857143,1.0,1.0,1.0,0.0
2015-09-21,Main Lake North,0.6309523809523808,70.85714285714286,1.0,1.0,1.0,0.0
2015-09-21,Main Lake South,0.6309523809523808,71.28571428571429,1.0,1.0,1.0,0.0
2015-09-21,Missisquoi Bay,0.5833333333333333,71.26666666666667,1.0,1.0,1.0,0.0
2015-09-21,St. Albans Bay,0.4880952380952381,71.12592592592593,1.0,1.0,1.0,0.0
2015-09-22,Inland Sea,0.4166666666666667,72.01333333333334,1.0,1.0,1.0,0.0
2015-09-22,Main Lake Central,0.4761904761904762,71.66121212121212,1.0,1.0,1.0,0.0
2015-09-22,Main Lake North,0.5119047619047619,71.56861111111111,1.0,1.0,1.0,0.0
2015-09-22,Main Lake South,0.47619047619047616,71.39361111111111,1.0,1.0,1.0,0.0
2015-09-22,Malletts Bay,0.47619047619047616,71.44361111111111,1.0,1.0,1.0,0.0
2015-09-22,Missisquoi Bay,0.3333333333333333,71.69361111111111,1.0,1.0,1.0,0.0
2015-09-22,St. Albans Bay,0.3333333333333333,71.37102564102564,1.0,1.0,1.0,0.0
2015-09-23,Inland Sea,0.369047619047619,71.20179487179487,1.0,1.0,1.0,0.0
2015-09-23,Main Lake Central,0.369047619047619,70.92309523809523,1.0,1.0,1.0,0.0
2015-09-23,Main Lake North,0.34523809523809523,70.63738095238095,1.0,1.0,1.0,0.0
2015-09-23,Main Lake South,0.4166666666666667,70.54794871794871,1.0,1.0,1.0,0.0
2015-09-24,Main Lake South,0.4166666666666667,70.15179487179488,1.0,1.0,1.0,0.0
2015-09-24,Missisquoi Bay,0.4642857142857143,70.07000000000001,1.0,1.0,1.0,0.0
2015-09-25,Main Lake South,0.4642857142857143,70.07636363636364,1.0,1.0,1.0,0.0
2015-09-25,St. Albans Bay,0.5357142857142857,69.084,1.0,1.0,1.0,0.0
2015-09-26,Missisquoi Bay,0.4761904761904762,69.1888888888889,1.0,1.0,1.0,0.0
2015-09-27,Main Lake Central,0.36904761904761907,68.90555555555555,1.0,1.0,1.0,0.0
2015-09-27,Missisquoi Bay,0.36904761904761907,68.77777777777777,1.0,1.0,1.0,0.0
2015-09-28,Inland Sea,0.511904761904762,68.54444444444444,1.0,1.0,1.0,0.0
2015-09-28,Main Lake Central,0.5833333333333334,68.43333333333334,1.0,1.0,1.0,0.0
2015-09-28,Main Lake North,0.7261904761904763,68.27222222222221,1.0,1.0,1.0,0.0
2015-09-28,Main Lake South,0.8333333333333334,68.05,1.0,1.0,1.0,0.0
2015-09-29,Main Lake Central,0.9047619047619049,67.78333333333333,1.0,1.0,1.0,0.0
2015-09-29,Main Lake South,0.9285714285714286,67.63125,1.0,1.0,1.0,0.0
2015-09-29,Missisquoi Bay,0.880952380952381,67.71111111111111,1.0,1.0,1.0,0.0
2015-10-04,Inland Sea,0.8809523809523808,67.50555555555555,1.0,1.0,1.0,0.0
2015-10-06,Main Lake North,0.8095238095238094,66.05499999999999,1.0,1.0,1.0,0.0
2015-10-06,St. Albans Bay,0.8095238095238094,66.05499999999999,1.0,1.0,1.0,0.0
2015-10-07,Missisquoi Bay,0.8095238095238094,66.05499999999999,1.0,1.0,0.0,0.0
2015-10-15,St. Albans Bay,0.8809523809523808,66.05499999999999,1.0,1.0,1.0,0.0
2015-10-21,Missisquoi Bay,0.9487179487179487,65.83888888888889,1.0,1.0,1.0,0.0
2016-06-03,Malletts Bay,0.9444444444444443,65.475,1.0,1.0,1.0,0.0
2016-06-14,Main Lake South,0.861111111111111,65.32857142857142,1.0,1.0,1.0,1.0
2016-06-15,Main Lake North,0.7777777777777777,64.71666666666665,1.0,1.0,1.0,1.0
2016-06-15,Missisquoi Bay,0.611111111111111,64.45,1.0,1.0,1.0,1.0
2016-06-16,Main Lake Central,0.4444444444444444,63.56249999999999,1.0,1.0,1.0,1.0
2016-06-17,Main Lake Central,0.47222222222222215,63.11666666666665,1.0,1.0,1.0,1.0
2016-06-17,Main Lake North,0.47222222222222215,63.11666666666665,1.0,1.0,1.0,1.0
2016-06-18,Inland Sea,0.5277777777777778,60.499999999999986,1.0,1.0,1.0,1.0
2016-06-18,Main Lake Central,0.6111111111111112,53.0,1.0,1.0,1.0,1.0
2016-06-18,Main Lake South,0.6111111111111112,,1.0,1.0,1.0,1.0
2016-06-18,Malletts Bay,0.6111111111111112,63.0,1.0,1.0,1.0,1.0
2016-06-18,Missisquoi Bay,0.5277777777777778,63.0,1.0,1.0,1.0,1.0
2016-06-18,St. Albans Bay,0.48611111111111116,67.9,1.0,1.0,1.0,1.0
2016-06-19,Inland Sea,0.4487179487179488,67.9,1.0,1.0,1.0,1.0
2016-06-19,Main Lake Central,0.48809523809523814,69.53333333333333,1.0,1.0,0.0,1.0
2016-06-19,Main Lake North,0.48809523809523814,68.4,1.0,1.0,0.0,0.0
2016-06-19,Main Lake South,0.5595238095238095,66.32000000000001,1.0,1.0,0.0,0.0
2016-06-19,Missisquoi Bay,0.630952380952381,66.32000000000001,1.0,1.0,0.0,0.0
2016-06-20,Inland Sea,0.630952380952381,66.32000000000001,1.0,1.0,0.0,0.0
2016-06-20,Main Lake Central,0.5595238095238095,66.43333333333334,0.0,0.0,0.0,0.0
2016-06-20,Main Lake North,0.5595238095238095,66.43333333333334,0.0,0.0,0.0,0.0
2016-06-20,Main Lake South,0.5595238095238095,66.75714285714285,0.0,0.0,0.0,0.0
2016-06-20,Missisquoi Bay,0.5595238095238095,66.75714285714285,0.0,0.0,0.0,0.0
2016-06-20,St. Albans Bay,0.5952380952380952,66.9125,0.0,0.0,0.0,0.0
2016-06-21,Inland Sea,0.6904761904761906,68.1625,0.0,0.0,0.0,0.0
2016-06-21,Main Lake Central,0.761904761904762,68.42777777777778,0.0,0.0,0.0,0.0
2016-06-21,Main Lake North,0.7976190476190477,67.36666666666667,0.0,0.0,0.0,0.0
2016-06-21,Main Lake South,0.8333333333333334,67.29,0.0,0.0,0.0,0.0
2016-06-22,Main Lake Central,0.819047619047619,66.78,0.0,0.0,0.0,0.0
2016-06-22,Main Lake North,0.7476190476190476,67.52,0.0,0.0,0.0,0.0
2016-06-22,Main Lake South,0.7654761904761905,68.6775,0.0,0.0,0.0,0.0
2016-06-23,Inland Sea,0.7297619047619047,69.2159090909091,0.0,0.0,0.0,0.0
2016-06-23,Main Lake Central,0.7297619047619047,69.79791666666667,0.0,0.0,0.0,0.0
2016-06-23,Main Lake North,0.7059523809523809,70.04791666666667,0.0,0.0,0.0,0.0
2016-06-23,Main Lake South,0.7059523809523809,69.35192307692307,0.0,0.0,0.0,0.0
2016-06-23,Malletts Bay,0.6702380952380952,69.375,0.0,0.0,0.0,0.0
2016-06-24,Inland Sea,0.5988095238095238,69.02678571428571,0.0,0.0,0.0,0.0
2016-06-24,Main Lake Central,0.5630952380952381,69.10576923076923,0.0,0.0,0.0,0.0
2016-06-24,Main Lake South,0.46785714285714286,69.02884615384616,0.0,0.0,0.0,0.0
2016-06-24,Missisquoi Bay,0.4440476190476191,68.90961538461538,1.0,1.0,0.0,0.0
2016-06-24,St. Albans Bay,0.3726190476190476,69.42884615384615,1.0,1.0,0.0,0.0
2016-06-25,Inland Sea,0.33690476190476193,69.66458333333333,1.0,1.0,0.0,0.0
2016-06-25,Main Lake Central,0.3154761904761905,70.03125,1.0,1.0,0.0,0.0
2016-06-25,Main Lake South,0.33333333333333337,69.81590909090909,1.0,1.0,0.0,0.0
2016-06-25,Malletts Bay,0.3154761904761905,69.21818181818182,1.0,1.0,0.0,0.0
2016-06-25,Missisquoi Bay,0.27976190476190477,68.67999999999999,1.0,1.0,0.0,0.0
2016-06-25,St. Albans Bay,0.27976190476190477,68.96000000000001,1.0,1.0,0.0,0.0
2016-06-26,Inland Sea,0.27976190476190477,68.84444444444445,1.0,1.0,0.0,0.0
2016-06-26,Main Lake Central,0.24404761904761907,71.06666666666666,1.0,1.0,0.0,0.0
2016-06-26,Main Lake North,0.29404761904761906,70.84444444444445,1.0,1.0,0.0,0.0
2016-06-26,Main Lake South,0.29404761904761906,71.6375,1.0,1.0,0.0,0.0
2016-06-26,Missisquoi Bay,0.3654761904761905,71.6375,1.0,1.0,0.0,0.0
2016-06-27,Inland Sea,0.3654761904761905,71.58571428571427,1.0,1.0,0.0,0.0
2016-06-27,Main Lake Central,0.3714285714285714,71.44285714285714,0.0,0.0,0.0,0.0
2016-06-27,Main Lake North,0.4857142857142857,71.18928571428572,0.0,0.0,0.0,0.0
2016-06-27,Main Lake South,0.5928571428571429,70.85312499999999,0.0,0.0,0.0,0.0
2016-06-27,Malletts Bay,0.5928571428571429,70.521875,0.0,1.0,0.0,1.0
2016-06-27,Missisquoi Bay,0.6464285714285715,70.521875,0.0,1.0,0.0,1.0
2016-06-27,St. Albans Bay,0.6464285714285715,71.896875,0.0,1.0,0.0,1.0
2016-06-28,Inland Sea,0.7892857142857144,72.28611111111111,0.0,1.0,0.0,1.0
2016-06-28,Main Lake Central,0.8607142857142858,71.446875,0.0,1.0,0.0,1.0
2016-06-28,Main Lake North,0.9035714285714286,71.44166666666666,0.0,1.0,0.0,1.0
2016-06-28,Main Lake South,0.9511904761904761,70.825,0.0,1.0,0.0,1.0
2016-06-28,Malletts Bay,0.8833333333333334,71.125,0.0,1.0,0.0,1.0
2016-06-29,Inland Sea,1.0261904761904763,71.125,1.0,1.0,0.0,1.0
2016-06-29,Main Lake Central,0.9904761904761905,70.96916666666667,1.0,1.0,1.0,1.0
2016-06-29,Main Lake North,0.9904761904761905,71.24469696969697,1.0,1.0,1.0,1.0
2016-06-29,Main Lake South,1.0083333333333333,71.33560606060607,1.0,1.0,1.0,1.0
2016-06-29,St. Albans Bay,0.894047619047619,71.13333333333334,1.0,1.0,1.0,1.0
2016-06-30,Inland Sea,0.8583333333333333,71.39666666666668,1.0,1.0,1.0,1.0
2016-06-30,Main Lake Central,0.8583333333333333,72.23166666666665,1.0,1.0,1.0,0.0
2016-06-30,Main Lake North,0.8583333333333333,72.39242424242424,1.0,1.0,1.0,0.0
2016-06-30,Main Lake South,0.894047619047619,72.23787878787878,1.0,1.0,1.0,0.0
2016-07-01,Inland Sea,0.7511904761904761,71.6560606060606,1.0,1.0,1.0,0.0
2016-07-01,Main Lake Central,0.7154761904761904,71.6560606060606,1.0,1.0,1.0,0.0
2016-07-01,Malletts Bay,0.7083333333333333,71.68166666666667,1.0,1.0,1.0,0.0
2016-07-01,St. Albans Bay,0.6964285714285714,70.77666666666667,1.0,1.0,1.0,0.0
2016-07-02,Inland Sea,0.7261904761904762,70.8962962962963,1.0,1.0,1.0,0.0
2016-07-02,Main Lake Central,0.6904761904761905,70.71166666666667,1.0,1.0,1.0,0.0
2016-07-02,Main Lake North,0.7976190476190476,70.83888888888889,1.0,1.0,0.0,0.0
2016-07-02,Malletts Bay,0.9404761904761905,70.44375,1.0,1.0,0.0,0.0
2016-07-02,Missisquoi Bay,0.9404761904761905,70.64999999999999,1.0,1.0,0.0,0.0
2016-07-03,Inland Sea,0.9404761904761905,72.00714285714285,1.0,1.0,0.0,0.0
2016-07-03,Main Lake Central,0.9047619047619048,72.13125,1.0,0.0,0.0,0.0
2016-07-03,Main Lake South,0.9226190476190476,70.875,1.0,0.0,0.0,0.0
2016-07-03,Missisquoi Bay,0.9226190476190476,70.42857142857143,1.0,0.0,0.0,0.0
2016-07-04,Inland Sea,0.8154761904761905,70.97142857142858,1.0,0.0,0.0,0.0
2016-07-04,Main Lake Central,0.8869047619047619,71.25714285714285,1.0,0.0,0.0,0.0
2016-07-04,Main Lake North,0.9226190476190476,71.25714285714285,1.0,0.0,0.0,1.0
2016-07-04,Main Lake South,0.8869047619047619,71.225,0.0,0.0,0.0,1.0
2016-07-04,Missisquoi Bay,0.8869047619047619,71.91428571428571,0.0,0.0,0.0,1.0
2016-07-05,Inland Sea,0.8392857142857143,72.175,1.0,0.0,0.0,1.0
2016-07-05,Main Lake Central,0.775,72.609375,1.0,0.0,0.0,1.0
2016-07-05,Main Lake North,0.6386363636363637,72.76071428571429,1.0,0.0,0.0,1.0
2016-07-05,Main Lake South,0.5161873840445269,72.99964285714286,1.0,0.0,0.0,1.0
2016-07-05,Malletts Bay,0.46516697588126155,71.95649350649352,1.0,1.0,0.0,1.0
2016-07-05,St. Albans Bay,0.4651669758812616,71.60214285714287,1.0,1.0,0.0,1.0
2016-07-06,Inland Sea,0.5008812615955474,71.82714285714286,1.0,1.0,0.0,1.0
2016-07-06,Main Lake Central,0.4711193568336426,72.30214285714285,1.0,1.0,0.0,1.0
2016-07-06,Main Lake North,0.42350030921459497,72.98376623376623,1.0,1.0,0.0,1.0
2016-07-06,Main Lake South,0.4711193568336425,72.79285714285714,1.0,1.0,0.0,1.0
2016-07-06,Missisquoi Bay,0.40683364254792825,73.14172077922078,1.0,1.0,0.0,1.0
2016-07-07,Main Lake Central,0.4068336425479283,73.14172077922078,1.0,1.0,1.0,1.0
2016-07-07,Main Lake South,0.45445269016697587,73.95990259740259,1.0,1.0,1.0,1.0
2016-07-07,Malletts Bay,0.4306431663574521,74.04657738095237,1.0,1.0,1.0,1.0
2016-07-07,Missisquoi Bay,0.5020717377860234,74.02991071428572,1.0,1.0,1.0,1.0
2016-07-08,Inland Sea,0.4592145949288806,74.16672077922078,1.0,1.0,1.0,1.0
2016-07-08,Main Lake Central,0.4765306122448979,74.18625,1.0,1.0,1.0,1.0
2016-07-08,Main Lake South,0.5418367346938775,74.13125,1.0,1.0,1.0,1.0
2016-07-08,Malletts Bay,0.5928571428571429,75.53194444444443,1.0,1.0,1.0,1.0
2016-07-08,St. Albans Bay,0.6642857142857144,75.53194444444443,1.0,1.0,1.0,1.0
2016-07-09,Inland Sea,0.6285714285714287,75.56718749999999,1.0,1.0,1.0,1.0
2016-07-09,Main Lake Central,0.6047619047619046,75.26718749999999,1.0,1.0,1.0,1.0
2016-07-09,Missisquoi Bay,0.6880952380952381,74.61964285714285,1.0,1.0,1.0,1.0
2016-07-10,Inland Sea,0.7119047619047618,74.97678571428571,1.0,1.0,1.0,1.0
2016-07-10,Main Lake Central,0.7047619047619048,74.99999999999999,1.0,1.0,1.0,1.0
2016-07-10,Main Lake South,0.6690476190476191,73.75,1.0,1.0,0.0,0.0
2016-07-11,Inland Sea,0.6928571428571428,72.70833333333333,1.0,1.0,0.0,0.0
2016-07-11,Main Lake Central,0.645238095238095,73.30833333333332,0.0,0.0,0.0,0.0
2016-07-11,Main Lake North,0.6044217687074829,73.75833333333333,1.0,1.0,0.0,0.0
2016-07-11,Main Lake South,0.624829931972789,73.59285714285714,1.0,1.0,0.0,0.0
2016-07-11,Malletts Bay,0.6248299319727891,73.76875,1.0,1.0,0.0,1.0
2016-07-11,Missisquoi Bay,0.6105442176870748,73.64999999999999,1.0,1.0,0.0,1.0
2016-07-12,Inland Sea,0.5391156462585034,74.05,1.0,1.0,0.0,1.0
2016-07-12,Main Lake Central,0.5212585034013605,74.33703703703704,1.0,1.0,0.0,1.0
2016-07-12,Main Lake North,0.5240057561486132,74.37333333333332,1.0,1.0,1.0,1.0
2016-07-12,Main Lake South,0.5648220826792255,75.08733333333333,1.0,1.0,1.0,1.0
2016-07-12,Missisquoi Bay,0.4780873888016745,75.16272727272728,1.0,1.0,1.0,1.0
2016-07-12,St. Albans Bay,0.4066588173731031,75.02636363636364,1.0,1.0,1.0,1.0
2016-07-13,Inland Sea,0.4780873888016745,75.31583333333334,1.0,1.0,1.0,1.0
2016-07-13,Main Lake Central,0.5138016745159603,76.39916666666667,1.0,1.0,1.0,1.0
2016-07-13,Main Lake North,0.47484063555492123,76.67615384615385,1.0,1.0,1.0,1.0
2016-07-13,Main Lake South,0.6176977784120642,76.65307692307692,1.0,1.0,1.0,1.0
2016-07-14,Inland Sea,0.6347045811331525,76.65307692307692,1.0,1.0,1.0,1.0
2016-07-14,Main Lake Central,0.6857249892964178,76.99083333333333,1.0,1.0,1.0,1.0
2016-07-14,Main Lake North,0.7333440369154655,77.17181818181818,1.0,1.0,1.0,1.0
2016-07-14,Main Lake South,0.804772608344037,76.74083333333333,1.0,1.0,1.0,1.0
2016-07-14,Malletts Bay,0.8476297512011798,76.16166666666666,1.0,1.0,1.0,1.0
2016-07-14,Missisquoi Bay,0.9369154654868941,75.89222222222222,1.0,1.0,1.0,1.0
2016-07-14,St. Albans Bay,1.0413110698824986,76.00060606060606,1.0,0.0,1.0,1.0
2016-07-15,Inland Sea,1.0957328385899816,75.87666666666667,1.0,0.0,1.0,1.0
2016-07-15,Main Lake Central,1.0753246753246752,75.8722222222222,1.0,0.0,1.0,1.0
2016-07-16,Inland Sea,1.1467532467532469,75.98124999999999,1.0,0.0,1.0,0.0
2016-07-16,Main Lake Central,1.0753246753246752,75.69375,0.0,0.0,0.0,0.0
2016-07-16,Missisquoi Bay,1.0217532467532469,75.18571428571428,0.0,0.0,0.0,0.0
2016-07-17,Inland Sea,0.9892857142857142,74.68571428571428,0.0,0.0,0.0,0.0
2016-07-17,Main Lake Central,0.8464285714285714,74.75714285714285,0.0,0.0,0.0,0.0
2016-07-17,St. Albans Bay,0.7988095238095239,74.11428571428571,0.0,0.0,0.0,0.0
2016-07-18,Inland Sea,0.7273809523809524,74.11428571428571,0.0,0.0,0.0,0.0
2016-07-18,Main Lake Central,0.7988095238095239,74.225,0.0,0.0,0.0,0.0
2016-07-18,Main Lake North,0.7452380952380953,74.975,1.0,0.0,0.0,1.0
2016-07-18,Main Lake South,0.7976190476190476,75.4875,1.0,0.0,0.0,1.0
2016-07-18,Malletts Bay,0.7261904761904762,75.4,1.0,0.0,0.0,1.0
2016-07-18,Missisquoi Bay,0.7261904761904762,75.4,1.0,0.0,0.0,1.0
2016-07-18,St. Albans Bay,0.6309523809523808,75.7,1.0,0.0,0.0,1.0
2016-07-19,Inland Sea,0.7738095238095237,75.79,1.0,0.0,0.0,1.0
2016-07-19,Main Lake Central,0.7452380952380951,75.9909090909091,1.0,0.0,0.0,1.0
2016-07-19,Main Lake North,0.7898809523809522,75.84242424242424,1.0,0.0,0.0,1.0
2016-07-19,Main Lake South,0.831547619047619,75.75138888888888,1.0,0.0,0.0,1.0
2016-07-19,Missisquoi Bay,0.8910714285714285,75.74638888888889,1.0,0.0,0.0,1.0
2016-07-19,St. Albans Bay,0.9625,75.42972222222222,1.0,0.0,0.0,1.0
2016-07-20,Inland Sea,1.0339285714285713,75.74151515151516,1.0,0.0,0.0,1.0
2016-07-20,Main Lake Central,1.0339285714285713,75.56305555555555,1.0,0.0,0.0,1.0
2016-07-20,Main Lake North,0.9267857142857142,75.47972222222222,1.0,0.0,0.0,1.0
2016-07-20,Main Lake South,0.8375,75.3963888888889,1.0,0.0,0.0,1.0
2016-07-20,Missisquoi Bay,0.7422619047619047,75.32347222222222,1.0,1.0,0.0,1.0
2016-07-21,Inland Sea,0.6708333333333333,75.5619696969697,1.0,1.0,0.0,1.0
2016-07-21,Main Lake Central,0.5994047619047619,75.5619696969697,1.0,1.0,0.0,1.0
2016-07-21,Main Lake North,0.6351190476190476,75.18924242424242,1.0,1.0,0.0,1.0
2016-07-21,Main Lake South,0.5636904761904761,75.04816666666666,1.0,1.0,0.0,1.0
2016-07-21,Malletts Bay,0.5684523809523809,74.51483333333333,1.0,1.0,0.0,1.0
2016-07-21,Missisquoi Bay,0.6666666666666666,74.41816666666666,1.0,1.0,0.0,1.0
2016-07-21,St. Albans Bay,0.6785714285714286,74.38129629629628,1.0,1.0,1.0,1.0
2016-07-22,Inland Sea,0.6666666666666666,74.12395833333332,1.0,1.0,1.0,1.0
2016-07-22,Main Lake South,0.6666666666666666,73.99880952380951,1.0,1.0,1.0,1.0
2016-07-23,Inland Sea,0.5952380952380951,73.99880952380951,1.0,1.0,1.0,1.0
2016-07-23,Main Lake North,0.6309523809523808,73.7702380952381,1.0,1.0,1.0,1.0
2016-07-23,Missisquoi Bay,0.5952380952380951,73.73194444444444,1.0,1.0,1.0,1.0
2016-07-24,Inland Sea,0.6190476190476188,73.89861111111112,1.0,1.0,1.0,1.0
2016-07-24,Main Lake Central,0.6547619047619045,75.02777777777777,1.0,0.0,1.0,0.0
2016-07-24,Main Lake South,0.7440476190476188,74.66666666666666,1.0,0.0,1.0,0.0
2016-07-24,Missisquoi Bay,0.7440476190476188,74.66666666666666,1.0,0.0,1.0,0.0
2016-07-24,St. Albans Bay,0.7797619047619045,75.66666666666666,1.0,0.0,1.0,0.0
2016-07-25,Inland Sea,0.7083333333333331,75.66666666666666,1.0,0.0,1.0,0.0
2016-07-25,Main Lake Central,0.6964285714285714,76.16666666666667,1.0,0.0,1.0,0.0
2016-07-25,Main Lake North,0.6011904761904762,76.11666666666666,1.0,0.0,1.0,0.0
2016-07-25,Main Lake South,0.5535714285714285,75.81428571428572,1.0,0.0,0.0,0.0
2016-07-25,Malletts Bay,0.5297619047619048,75.875,1.0,0.0,0.0,1.0
2016-07-25,Missisquoi Bay,0.5297619047619048,75.875,1.0,1.0,1.0,1.0
2016-07-26,Inland Sea,0.5297619047619048,75.88888888888889,1.0,1.0,1.0,1.0
2016-07-26,Main Lake Central,0.5297619047619048,76.5962962962963,1.0,1.0,1.0,1.0
2016-07-26,Main Lake North,0.5399659863945578,76.52916666666667,1.0,1.0,1.0,1.0
2016-07-26,Main Lake South,0.5569727891156462,76.33345238095237,1.0,1.0,1.0,1.0
2016-07-26,Malletts Bay,0.5450680272108842,76.1520238095238,1.0,1.0,1.0,1.0
2016-07-26,Missisquoi Bay,0.5272108843537414,76.55780423280423,1.0,1.0,1.0,1.0
2016-07-26,St. Albans Bay,0.5272108843537414,76.9020238095238,1.0,1.0,1.0,1.0
2016-07-27,Inland Sea,0.5272108843537414,76.35702380952381,1.0,1.0,1.0,1.0
2016-07-27,Main Lake Central,0.5629251700680271,76.4745670995671,1.0,1.0,1.0,1.0
2016-07-27,Main Lake North,0.5884353741496599,76.51835317460318,1.0,1.0,1.0,1.0
2016-07-27,Main Lake South,0.6122448979591837,76.83501984126984,1.0,1.0,1.0,1.0
2016-07-27,St. Albans Bay,0.5884353741496599,76.5016865079365,1.0,1.0,1.0,1.0
2016-07-28,Inland Sea,0.6003401360544217,76.52002164502164,1.0,1.0,1.0,1.0
2016-07-28,Main Lake Central,0.5289115646258503,76.14335317460318,1.0,1.0,0.0,1.0
2016-07-28,Main Lake South,0.564625850340136,76.4766865079365,1.0,1.0,0.0,1.0
2016-07-28,Missisquoi Bay,0.5289115646258503,76.27946428571428,1.0,1.0,0.0,1.0
2016-07-29,Inland Sea,0.5187074829931972,76.31168831168831,1.0,1.0,0.0,1.0
2016-07-29,Main Lake Central,0.5493197278911565,76.33857142857144,1.0,1.0,0.0,1.0
2016-07-29,Malletts Bay,0.5731292517006803,76.14444444444445,1.0,1.0,0.0,1.0
2016-07-29,St. Albans Bay,0.5731292517006803,75.86999999999999,1.0,1.0,0.0,1.0
2016-07-30,Inland Sea,0.5731292517006803,75.41111111111111,1.0,1.0,0.0,1.0
2016-07-30,Main Lake Central,0.5255102040816326,75.62777777777778,1.0,1.0,0.0,1.0
2016-07-30,Main Lake North,0.5136054421768707,75.375,1.0,1.0,0.0,1.0
2016-07-30,Main Lake South,0.4523809523809524,75.14285714285714,1.0,1.0,0.0,0.0
2016-07-30,Missisquoi Bay,0.4523809523809523,74.81666666666666,1.0,1.0,0.0,0.0
2016-07-31,Inland Sea,0.4523809523809523,76.48333333333333,1.0,1.0,0.0,0.0
2016-07-31,Main Lake Central,0.4166666666666666,76.57142857142857,1.0,1.0,0.0,0.0
2016-07-31,Main Lake South,0.4166666666666666,76.57142857142857,1.0,1.0,0.0,0.0
2016-07-31,Missisquoi Bay,0.3809523809523809,76.0,0.0,0.0,0.0,0.0
2016-08-01,Inland Sea,0.3809523809523809,77.16666666666667,0.0,0.0,0.0,0.0
2016-08-01,Main Lake Central,0.3809523809523809,77.0,0.0,0.0,0.0,0.0
2016-08-01,Main Lake North,0.35714285714285704,77.0,0.0,0.0,0.0,1.0
2016-08-01,Main Lake South,0.3095238095238094,77.0,0.0,0.0,0.0,1.0
2016-08-01,Missisquoi Bay,0.23809523809523805,77.45714285714287,1.0,0.0,0.0,1.0
2016-08-02,Inland Sea,0.1666666666666666,77.65,1.0,0.0,0.0,1.0
2016-08-02,Main Lake Central,0.1666666666666666,77.67142857142858,1.0,0.0,0.0,1.0
2016-08-02,Main Lake North,0.1428571428571428,77.74375,1.0,0.0,0.0,1.0
2016-08-02,Main Lake South,0.1428571428571428,78.08333333333333,1.0,0.0,1.0,1.0
2016-08-02,St. Albans Bay,0.07142857142857138,78.42166666666667,1.0,0.0,1.0,1.0
2016-08-03,Inland Sea,0.08928571428571423,77.94833333333334,1.0,0.0,1.0,1.0
2016-08-03,Main Lake Central,0.14642857142857138,78.76333333333334,1.0,0.0,1.0,1.0
2016-08-03,Main Lake North,0.1821428571428571,79.26333333333334,1.0,0.0,1.0,1.0
2016-08-03,Main Lake South,0.2535714285714285,79.27878787878787,1.0,0.0,1.0,1.0
2016-08-03,Missisquoi Bay,0.27397959183673465,78.89242424242424,1.0,0.0,1.0,1.0
2016-08-04,Inland Sea,0.32159863945578226,79.18166666666666,1.0,0.0,1.0,1.0
2016-08-04,Main Lake Central,0.32159863945578226,79.20151515151515,1.0,0.0,1.0,1.0
2016-08-04,Main Lake South,0.39302721088435366,78.89305555555556,1.0,0.0,1.0,1.0
2016-08-04,Malletts Bay,0.4644557823129251,79.10151515151516,1.0,1.0,1.0,1.0
2016-08-04,St. Albans Bay,0.607312925170068,78.81060606060606,1.0,1.0,1.0,1.0
2016-08-05,Inland Sea,0.6549319727891155,78.81060606060606,1.0,1.0,1.0,1.0
2016-08-05,Main Lake South,0.7263605442176869,78.86666666666666,1.0,1.0,1.0,1.0
2016-08-06,Inland Sea,0.7263605442176869,79.22666666666666,1.0,1.0,1.0,1.0
2016-08-06,Main Lake Central,0.7263605442176869,78.97777777777777,1.0,1.0,1.0,1.0
2016-08-06,Main Lake North,0.7799319727891155,79.44166666666666,1.0,1.0,1.0,1.0
2016-08-06,Main Lake South,0.7227891156462585,78.61190476190475,1.0,1.0,1.0,1.0
2016-08-07,Inland Sea,0.7227891156462585,78.88055555555555,1.0,1.0,1.0,1.0
2016-08-07,Main Lake Central,0.6513605442176871,78.77,1.0,1.0,1.0,1.0
2016-08-07,Missisquoi Bay,0.7023809523809523,77.82000000000001,1.0,1.0,1.0,1.0
2016-08-08,Inland Sea,0.6547619047619048,78.45,1.0,1.0,0.0,0.0
2016-08-08,Main Lake Central,0.6249999999999999,77.46666666666665,1.0,1.0,0.0,0.0
2016-08-08,Main Lake North,0.5982142857142857,76.96666666666665,1.0,1.0,0.0,1.0
2016-08-08,Main Lake South,0.5553571428571428,77.14285714285714,1.0,0.0,0.0,1.0
2016-08-08,Malletts Bay,0.4601190476190476,78.04285714285713,1.0,0.0,0.0,1.0
2016-08-08,Missisquoi Bay,0.4244047619047619,78.04285714285713,1.0,1.0,0.0,1.0
2016-08-08,St. Albans Bay,0.3886904761904762,78.0375,1.0,1.0,0.0,1.0
2016-08-09,Inland Sea,0.531547619047619,77.0,1.0,1.0,0.0,1.0
2016-08-09,Main Lake Central,0.531547619047619,77.47407407407407,1.0,1.0,0.0,1.0
2016-08-09,Main Lake North,0.4601190476190476,77.52666666666667,1.0,1.0,0.0,1.0
2016-08-09,Main Lake South,0.4601190476190476,77.68008658008658,1.0,1.0,0.0,1.0
2016-08-09,Missisquoi Bay,0.44027777777777777,77.93007936507937,1.0,1.0,0.0,1.0
2016-08-09,St. Albans Bay,0.44027777777777777,78.24315018315018,1.0,1.0,0.0,1.0
2016-08-10,Inland Sea,0.44027777777777777,77.93545787545787,1.0,1.0,0.0,1.0
2016-08-10,Main Lake Central,0.47599206349206347,77.40468864468865,1.0,1.0,0.0,1.0
2016-08-10,Main Lake North,0.5295634920634921,77.75084249084249,1.0,1.0,0.0,1.0
2016-08-10,Main Lake South,0.6277777777777777,78.02007326007326,1.0,1.0,0.0,1.0
2016-08-10,St. Albans Bay,0.6230158730158729,77.77391941391942,1.0,1.0,0.0,1.0
2016-08-11,Inland Sea,0.5753968253968254,77.4134126984127,1.0,1.0,0.0,1.0
2016-08-11,Main Lake Central,0.5396825396825397,77.4134126984127,1.0,1.0,0.0,0.0
2016-08-11,Main Lake North,0.5468253968253968,77.4134126984127,1.0,1.0,0.0,0.0
2016-08-11,Main Lake South,0.4039682539682539,77.57174603174603,1.0,1.0,0.0,0.0
2016-08-11,Malletts Bay,0.4396825396825396,77.68702380952381,1.0,1.0,0.0,0.0
2016-08-12,Inland Sea,0.4396825396825396,77.74535714285715,1.0,1.0,0.0,0.0
2016-08-12,Main Lake South,0.5825396825396825,77.61181818181818,1.0,1.0,0.0,0.0
2016-08-12,St. Albans Bay,0.6142857142857142,76.82272727272728,1.0,1.0,0.0,0.0
2016-08-13,Inland Sea,0.7571428571428571,76.305,1.0,1.0,0.0,0.0
2016-08-13,Main Lake Central,0.6857142857142857,77.00555555555556,1.0,1.0,0.0,0.0
2016-08-13,Main Lake North,0.65,77.29375,1.0,1.0,0.0,0.0
2016-08-13,Missisquoi Bay,0.5785714285714285,77.19285714285715,1.0,1.0,0.0,0.0
2016-08-14,Inland Sea,0.43571428571428567,77.39166666666667,1.0,1.0,0.0,0.0
2016-08-14,Main Lake Central,0.41190476190476183,77.60833333333333,1.0,1.0,0.0,0.0
2016-08-14,Main Lake North,0.4476190476190475,76.30714285714285,1.0,1.0,0.0,0.0
2016-08-14,Main Lake South,0.519047619047619,76.14375,1.0,1.0,0.0,0.0
2016-08-14,Missisquoi Bay,0.47619047619047616,75.87857142857142,0.0,0.0,0.0,0.0
2016-08-15,Inland Sea,0.5476190476190476,76.16428571428571,0.0,0.0,0.0,0.0
2016-08-15,Main Lake Central,0.5119047619047619,75.78571428571429,0.0,0.0,0.0,0.0
2016-08-15,Main Lake North,0.5261904761904761,75.3,1.0,0.0,0.0,0.0
2016-08-15,Main Lake South,0.41904761904761895,75.39999999999999,1.0,0.0,1.0,0.0
2016-08-15,Malletts Bay,0.4428571428571428,76.68571428571428,1.0,1.0,1.0,1.0
2016-08-15,Missisquoi Bay,0.29999999999999993,76.68571428571428,1.0,1.0,1.0,1.0
2016-08-15,St. Albans Bay,0.29999999999999993,77.1,1.0,1.0,1.0,1.0
2016-08-16,Inland Sea,0.29999999999999993,77.24444444444445,1.0,1.0,1.0,1.0
2016-08-16,Main Lake Central,0.35357142857142854,77.15,1.0,1.0,1.0,1.0
2016-08-16,Main Lake North,0.35357142857142854,77.15,1.0,1.0,1.0,1.0
2016-08-16,Main Lake South,0.3773809523809524,77.09666666666666,1.0,1.0,1.0,1.0
2016-08-16,Missisquoi Bay,0.3559523809523809,77.83916666666667,1.0,1.0,1.0,1.0
2016-08-16,St. Albans Bay,0.28452380952380946,77.88916666666667,1.0,1.0,1.0,1.0
2016-08-17,Inland Sea,0.32023809523809516,77.88916666666667,1.0,1.0,1.0,1.0
2016-08-17,Main Lake Central,0.24880952380952376,77.32916666666667,1.0,1.0,1.0,1.0
2016-08-17,Main Lake North,0.27261904761904754,76.5625,1.0,1.0,1.0,1.0
2016-08-17,Main Lake South,0.32976190476190465,76.39318181818182,1.0,1.0,1.0,1.0
2016-08-17,St. Albans Bay,0.35119047619047616,76.2909090909091,1.0,1.0,0.0,1.0
2016-08-18,Inland Sea,0.35119047619047616,75.82000000000001,1.0,0.0,0.0,0.0
2016-08-18,Main Lake Central,0.42261904761904756,75.82000000000001,1.0,0.0,1.0,0.0
2016-08-18,Main Lake South,0.44642857142857134,75.72,1.0,0.0,1.0,0.0
2016-08-18,Malletts Bay,0.44642857142857134,75.88,1.0,0.0,1.0,0.0
2016-08-18,St. Albans Bay,0.46428571428571425,75.88,1.0,0.0,1.0,0.0
2016-08-19,Inland Sea,0.5714285714285714,75.88,1.0,0.0,1.0,0.0
2016-08-19,Main Lake North,0.5476190476190476,75.89259259259259,1.0,0.0,1.0,0.0
2016-08-19,Main Lake South,0.6047619047619046,75.88854166666665,1.0,0.0,1.0,0.0
2016-08-19,Missisquoi Bay,0.6761904761904761,75.94404761904761,1.0,0.0,1.0,0.0
2016-08-19,St. Albans Bay,0.6761904761904761,75.94404761904761,1.0,0.0,1.0,1.0
2016-08-20,Main Lake Central,0.6761904761904761,76.20138888888887,1.0,0.0,1.0,1.0
2016-08-20,Main Lake North,0.7952380952380952,76.975,1.0,0.0,1.0,1.0
2016-08-20,Main Lake South,0.7238095238095238,77.54374999999999,1.0,0.0,1.0,1.0
2016-08-20,Missisquoi Bay,0.738095238095238,78.43333333333332,1.0,0.0,1.0,1.0
2016-08-20,St. Albans Bay,0.738095238095238,78.43333333333332,1.0,0.0,1.0,1.0
2016-08-21,Inland Sea,0.7202380952380951,78.43333333333332,1.0,0.0,1.0,1.0
2016-08-21,Main Lake Central,0.8392857142857143,78.14999999999998,1.0,0.0,1.0,1.0
2016-08-21,Main Lake South,0.9464285714285714,74.65,1.0,0.0,1.0,1.0
2016-08-21,Missisquoi Bay,0.9464285714285714,73.0,1.0,0.0,1.0,1.0
2016-08-22,Inland Sea,0.9821428571428571,75.0,1.0,0.0,1.0,1.0
2016-08-22,Main Lake Central,1.0535714285714286,74.45,1.0,0.0,1.0,1.0
2016-08-22,Main Lake North,1.0535714285714286,74.2625,1.0,0.0,1.0,1.0
2016-08-22,Main Lake South,1.005952380952381,74.21000000000001,1.0,0.0,1.0,1.0
2016-08-22,Malletts Bay,1.0416666666666665,74.21666666666667,0.0,0.0,0.0,0.0
2016-08-22,Missisquoi Bay,1.113095238095238,74.21666666666667,0.0,0.0,0.0,0.0
2016-08-22,St. Albans Bay,1.0654761904761905,73.89999999999999,0.0,0.0,0.0,0.0
2016-08-23,Inland Sea,1.119047619047619,73.475,1.0,0.0,1.0,1.0
2016-08-23,Main Lake Central,1.1666666666666665,73.475,1.0,0.0,1.0,1.0
2016-08-23,Main Lake North,1.1666666666666665,73.3111111111111,1.0,0.0,1.0,1.0
2016-08-23,Main Lake South,1.1845238095238095,73.53999999999999,1.0,0.0,1.0,1.0
2016-08-23,Malletts Bay,1.0845238095238094,73.42727272727274,1.0,1.0,1.0,1.0
2016-08-23,Missisquoi Bay,1.120238095238095,73.5909090909091,1.0,1.0,1.0,1.0
2016-08-23,St. Albans Bay,1.0488095238095236,73.5909090909091,1.0,1.0,1.0,1.0
2016-08-24,Inland Sea,1.013095238095238,73.25,1.0,1.0,1.0,1.0
2016-08-24,Main Lake Central,0.9773809523809522,74.09,1.0,1.0,1.0,1.0
2016-08-24,Main Lake North,0.9773809523809522,73.92,1.0,1.0,1.0,1.0
2016-08-24,Main Lake South,1.025,73.885,1.0,1.0,1.0,1.0
2016-08-24,Malletts Bay,0.9892857142857141,74.29333333333334,1.0,1.0,1.0,1.0
2016-08-24,Missisquoi Bay,0.9892857142857141,74.29333333333334,1.0,1.0,1.0,1.0
2016-08-24,St. Albans Bay,0.894047619047619,74.99333333333334,1.0,1.0,1.0,1.0
2016-08-25,Inland Sea,0.8404761904761904,75.4925925925926,1.0,1.0,1.0,0.0
2016-08-25,Main Lake Central,0.7214285714285713,75.4925925925926,1.0,1.0,1.0,0.0
2016-08-25,Main Lake South,0.7214285714285713,76.15925925925927,1.0,1.0,1.0,0.0
2016-08-26,Inland Sea,0.7392857142857141,75.95555555555556,1.0,1.0,1.0,0.0
2016-08-26,Main Lake Central,0.732142857142857,76.4125,1.0,1.0,1.0,0.0
2016-08-26,Main Lake North,0.6346153846153845,76.64285714285714,1.0,1.0,1.0,0.0
2016-08-26,Main Lake South,0.6874999999999999,76.64285714285714,1.0,1.0,1.0,0.0
2016-08-27,Main Lake Central,0.6458333333333331,76.3125,1.0,1.0,1.0,0.0
2016-08-27,Main Lake North,0.6874999999999999,75.16875,1.0,1.0,1.0,0.0
2016-08-27,Main Lake South,0.6041666666666665,75.62142857142858,1.0,1.0,1.0,0.0
2016-08-27,Missisquoi Bay,0.6041666666666665,75.24285714285715,1.0,1.0,1.0,0.0
2016-08-28,Inland Sea,0.5624999999999999,74.72777777777777,1.0,1.0,1.0,0.0
2016-08-28,Main Lake Central,0.4791666666666665,74.72380952380952,1.0,1.0,1.0,0.0
2016-08-28,Main Lake South,0.6458333333333331,74.58095238095237,1.0,1.0,1.0,0.0
2016-08-28,Missisquoi Bay,0.7291666666666665,74.58095238095237,1.0,1.0,1.0,0.0
2016-08-28,St. Albans Bay,0.7291666666666665,74.58095238095237,1.0,1.0,1.0,0.0
2016-08-29,Inland Sea,0.6458333333333331,74.0111111111111,1.0,1.0,1.0,0.0
2016-08-29,Main Lake Central,0.6458333333333331,74.38333333333333,1.0,1.0,1.0,0.0
2016-08-29,Main Lake North,0.6597222222222221,74.55714285714285,1.0,1.0,1.0,0.0
2016-08-29,Main Lake South,0.6474358974358974,74.425,1.0,1.0,1.0,0.0
2016-08-29,Malletts Bay,0.7202380952380951,74.425,1.0,0.0,0.0,1.0
2016-08-29,Missisquoi Bay,0.7916666666666666,74.48571428571428,1.0,0.0,0.0,1.0
2016-08-29,St. Albans Bay,0.7559523809523808,74.25714285714285,1.0,0.0,0.0,1.0
2016-08-30,Inland Sea,0.8273809523809523,74.31875,1.0,1.0,0.0,1.0
2016-08-30,Main Lake Central,0.8273809523809523,74.81875,1.0,1.0,0.0,1.0
2016-08-30,Main Lake North,0.8988095238095237,74.79444444444444,1.0,1.0,1.0,1.0
2016-08-30,Main Lake South,0.9294217687074829,75.23518518518519,1.0,1.0,1.0,1.0
2016-08-30,St. Albans Bay,0.78656462585034,74.7974074074074,1.0,1.0,1.0,1.0
2016-08-31,Inland Sea,0.78656462585034,74.7974074074074,1.0,1.0,1.0,1.0
2016-08-31,Main Lake Central,0.8579931972789115,74.7974074074074,1.0,1.0,1.0,1.0
2016-08-31,Main Lake North,0.8937074829931972,74.66766666666666,1.0,1.0,1.0,1.0
2016-08-31,Main Lake South,0.8044217687074829,74.46766666666666,1.0,1.0,1.0,1.0
2016-08-31,Malletts Bay,0.8282312925170068,74.37266666666666,1.0,1.0,1.0,1.0
2016-08-31,Missisquoi Bay,0.8639455782312925,74.35266666666668,1.0,1.0,1.0,1.0
2016-09-01,Inland Sea,0.7448979591836734,74.41151515151516,1.0,1.0,1.0,1.0
2016-09-01,Main Lake South,0.6377551020408162,74.61055555555556,1.0,1.0,1.0,1.0
2016-09-01,Missisquoi Bay,0.6258503401360543,74.61055555555555,1.0,1.0,1.0,1.0
2016-09-01,St. Albans Bay,0.5544217687074829,74.38138888888888,1.0,1.0,1.0,0.0
2016-09-02,Main Lake Central,0.5306122448979591,74.3251515151515,1.0,1.0,1.0,0.0
2016-09-02,Missisquoi Bay,0.4591836734693877,74.54333333333334,0.0,0.0,0.0,0.0
2016-09-02,St. Albans Bay,0.4285714285714285,74.131,0.0,0.0,0.0,0.0
2016-09-03,Inland Sea,0.4285714285714285,74.13888888888889,0.0,0.0,0.0,0.0
2016-09-03,Main Lake Central,0.3571428571428571,74.14500000000001,0.0,0.0,0.0,0.0
2016-09-03,Missisquoi Bay,0.3571428571428571,74.23181818181818,0.0,0.0,0.0,0.0
2016-09-03,St. Albans Bay,0.32142857142857134,74.30499999999999,0.0,0.0,0.0,0.0
2016-09-04,Main Lake Central,0.32142857142857134,74.33888888888889,0.0,0.0,0.0,0.0
2016-09-04,Main Lake South,0.32142857142857134,73.4888888888889,0.0,0.0,0.0,0.0
2016-09-04,Missisquoi Bay,0.24999999999999994,73.5125,0.0,0.0,0.0,0.0
2016-09-05,Inland Sea,0.24999999999999994,73.76249999999999,0.0,0.0,0.0,0.0
2016-09-05,Main Lake North,0.28571428571428564,73.6625,0.0,0.0,0.0,0.0
2016-09-05,Main Lake South,0.26190476190476186,74.225,0.0,0.0,0.0,0.0
2016-09-05,St. Albans Bay,0.26190476190476186,74.54285714285713,0.0,0.0,0.0,0.0
2016-09-06,Inland Sea,0.21428571428571422,74.88125,0.0,0.0,0.0,0.0
2016-09-06,Main Lake Central,0.21428571428571422,75.525,0.0,0.0,0.0,0.0
2016-09-06,Main Lake North,0.24107142857142852,75.55111111111111,0.0,1.0,0.0,0.0
2016-09-06,Main Lake South,0.24107142857142852,75.93,0.0,1.0,0.0,0.0
2016-09-06,Malletts Bay,0.27678571428571425,76.29249999999999,0.0,1.0,0.0,1.0
2016-09-06,Missisquoi Bay,0.2053571428571428,76.42500000000001,0.0,1.0,0.0,1.0
2016-09-06,St. Albans Bay,0.2053571428571428,75.88250000000001,0.0,1.0,0.0,1.0
2016-09-07,Main Lake Central,0.2053571428571428,75.88250000000001,1.0,1.0,0.0,1.0
2016-09-07,Main Lake North,0.16964285714285707,76.58250000000001,1.0,1.0,0.0,1.0
2016-09-07,Main Lake South,0.24107142857142852,76.67500000000001,1.0,1.0,0.0,1.0
2016-09-08,Main Lake Central,0.24107142857142852,76.6425,1.0,1.0,0.0,1.0
2016-09-08,Main Lake North,0.24107142857142852,76.6425,1.0,1.0,0.0,1.0
2016-09-08,Main Lake South,0.31249999999999994,76.29249999999999,1.0,1.0,0.0,1.0
2016-09-09,St. Albans Bay,0.38392857142857134,75.99318181818181,1.0,1.0,0.0,1.0
2016-09-10,Inland Sea,0.38392857142857134,75.86749999999999,1.0,1.0,1.0,1.0
2016-09-10,Main Lake Central,0.4553571428571428,75.54249999999999,1.0,1.0,1.0,1.0
2016-09-10,Main Lake North,0.4821428571428571,75.51833333333333,1.0,1.0,1.0,1.0
2016-09-10,Main Lake South,0.5535714285714285,75.04062499999999,1.0,1.0,1.0,1.0
2016-09-10,Missisquoi Bay,0.5178571428571428,74.0625,1.0,1.0,1.0,0.0
2016-09-11,Main Lake Central,0.5178571428571428,74.0625,1.0,1.0,1.0,0.0
2016-09-12,Inland Sea,0.5892857142857143,74.1875,1.0,1.0,1.0,0.0
2016-09-12,Main Lake Central,0.625,74.60000000000001,1.0,0.0,1.0,0.0
2016-09-12,Main Lake North,0.5892857142857143,74.67500000000001,1.0,0.0,1.0,0.0
2016-09-12,Main Lake South,0.5892857142857143,74.41875,1.0,0.0,1.0,0.0
2016-09-12,Missisquoi Bay,0.5892857142857143,74.55000000000001,1.0,0.0,1.0,0.0
2016-09-13,Inland Sea,0.5178571428571428,73.99444444444445,1.0,0.0,1.0,0.0
2016-09-13,Main Lake Central,0.5892857142857143,74.24375,1.0,0.0,1.0,0.0
2016-09-13,Main Lake North,0.6198979591836734,74.15833333333333,1.0,0.0,1.0,0.0
2016-09-13,St. Albans Bay,0.7032312925170068,74.23148148148148,1.0,1.0,0.0,0.0
2016-09-14,Main Lake Central,0.7746598639455782,74.03148148148148,1.0,1.0,1.0,0.0
2016-09-14,Main Lake North,0.7210884353741497,74.03148148148148,1.0,1.0,1.0,0.0
2016-09-14,Main Lake South,0.7210884353741497,73.62833333333333,1.0,1.0,1.0,0.0
2016-09-14,Missisquoi Bay,0.7210884353741497,73.78833333333333,1.0,1.0,1.0,0.0
2016-09-15,Main Lake South,0.7210884353741497,73.98939393939393,1.0,1.0,1.0,0.0
2016-09-15,Missisquoi Bay,0.7210884353741497,74.18833333333333,1.0,1.0,1.0,0.0
2016-09-16,Main Lake North,0.6853741496598639,73.59833333333333,1.0,1.0,1.0,0.0
2016-09-16,Missisquoi Bay,0.6853741496598639,73.90757575757574,1.0,1.0,1.0,0.0
2016-09-17,Inland Sea,0.6139455782312925,73.74333333333333,1.0,1.0,1.0,0.0
2016-09-17,Main Lake South,0.7210884353741497,73.24833333333333,1.0,1.0,1.0,0.0
2016-09-18,Inland Sea,0.7925170068027211,73.24833333333333,1.0,1.0,1.0,0.0
2016-09-18,Main Lake Central,0.6496598639455782,73.24833333333333,1.0,1.0,1.0,0.0
2016-09-18,Missisquoi Bay,0.5476190476190476,72.71666666666667,1.0,1.0,1.0,0.0
2016-09-19,Inland Sea,0.5357142857142857,72.695,1.0,1.0,1.0,0.0
2016-09-19,Main Lake Central,0.41666666666666663,72.84,1.0,1.0,1.0,0.0
2016-09-19,Main Lake North,0.4166666666666666,72.84,1.0,1.0,1.0,0.0
2016-09-19,Main Lake South,0.4166666666666666,73.14000000000001,1.0,1.0,1.0,0.0
2016-09-19,Missisquoi Bay,0.488095238095238,73.31111111111112,1.0,1.0,1.0,0.0
2016-09-20,Main Lake Central,0.488095238095238,72.97500000000001,1.0,1.0,1.0,0.0
2016-09-20,Main Lake North,0.5595238095238094,72.97500000000001,1.0,1.0,1.0,0.0
2016-09-20,Main Lake South,0.6309523809523808,72.89166666666667,1.0,1.0,1.0,0.0
2016-09-20,Malletts Bay,0.6309523809523808,72.3047619047619,1.0,1.0,1.0,0.0
2016-09-20,Missisquoi Bay,0.7023809523809523,72.3047619047619,1.0,1.0,1.0,0.0
2016-09-21,Main Lake Central,0.5952380952380951,72.64047619047619,1.0,1.0,1.0,0.0
2016-09-21,Main Lake North,0.5952380952380951,72.64047619047619,1.0,1.0,1.0,0.0
2016-09-21,Main Lake South,0.6666666666666666,72.18541666666667,1.0,1.0,1.0,0.0
2016-09-21,Missisquoi Bay,0.7023809523809523,71.81041666666667,1.0,1.0,1.0,0.0
2016-09-22,Main Lake North,0.6309523809523808,71.41190476190476,1.0,1.0,1.0,0.0
2016-09-22,Main Lake South,0.6071428571428571,70.61904761904762,1.0,1.0,1.0,0.0
2016-09-22,Missisquoi Bay,0.6071428571428571,70.61904761904762,1.0,1.0,1.0,0.0
2016-09-24,Main Lake Central,0.5357142857142857,70.22222222222223,1.0,1.0,1.0,0.0
2016-09-25,Inland Sea,0.5357142857142857,70.22222222222223,1.0,1.0,1.0,0.0
2016-09-25,Main Lake Central,0.607142857142857,69.32619047619048,1.0,1.0,1.0,0.0
2016-09-25,Missisquoi Bay,0.5357142857142857,68.91041666666666,1.0,1.0,1.0,0.0
2016-09-26,Main Lake Central,0.49999999999999994,68.05625,1.0,1.0,1.0,0.0
2016-09-26,Main Lake North,0.5714285714285714,68.05625,1.0,1.0,1.0,0.0
2016-09-27,Inland Sea,0.5952380952380951,68.05000000000001,1.0,1.0,1.0,0.0
2016-09-27,Main Lake Central,0.6309523809523808,67.38888888888889,1.0,1.0,1.0,0.0
2016-09-27,Main Lake North,0.5595238095238094,67.27777777777777,1.0,1.0,1.0,0.0
2016-09-27,Main Lake South,0.5595238095238094,66.76666666666667,1.0,1.0,1.0,0.0
2016-09-27,Missisquoi Bay,0.5238095238095237,67.30000000000001,1.0,1.0,1.0,0.0
2016-09-28,Inland Sea,0.5238095238095237,67.30000000000001,1.0,1.0,1.0,0.0
2016-09-28,Main Lake Central,0.5238095238095237,66.5875,1.0,1.0,1.0,0.0
2016-09-28,Main Lake North,0.5238095238095237,66.41111111111111,1.0,1.0,1.0,0.0
2016-09-28,Main Lake South,0.5952380952380951,66.57000000000001,1.0,1.0,1.0,0.0
2016-09-28,Missisquoi Bay,0.5952380952380951,66.57000000000001,1.0,1.0,1.0,0.0
2016-09-28,St. Albans Bay,0.5952380952380951,66.975,1.0,1.0,1.0,0.0
2016-09-29,Missisquoi Bay,0.5238095238095237,67.08333333333333,1.0,1.0,1.0,0.0
2016-10-01,Inland Sea,0.488095238095238,67.40625,1.0,1.0,1.0,0.0
2016-10-01,Main Lake North,0.4166666666666666,67.25,1.0,1.0,1.0,0.0
2016-10-02,Missisquoi Bay,0.32142857142857134,67.13888888888889,1.0,1.0,1.0,0.0
2016-10-03,Malletts Bay,0.3571428571428571,67.15,1.0,1.0,1.0,0.0
2016-10-04,Main Lake Central,0.4285714285714285,66.74285714285715,1.0,1.0,1.0,0.0
2016-10-04,Main Lake South,0.3571428571428571,67.13333333333334,1.0,1.0,1.0,0.0
2016-10-05,Main Lake Central,0.3928571428571428,66.8,1.0,1.0,1.0,0.0
2016-10-05,Main Lake South,0.3928571428571428,66.8,1.0,1.0,1.0,0.0
2016-10-05,Missisquoi Bay,0.46428571428571425,66.8,1.0,1.0,1.0,0.0
2016-10-06,Main Lake Central,0.46428571428571425,67.25,1.0,1.0,1.0,0.0
2016-10-06,Missisquoi Bay,0.3928571428571428,67.00000000000001,1.0,1.0,1.0,0.0
2016-10-07,Main Lake Central,0.3928571428571428,67.00000000000001,1.0,1.0,1.0,0.0
2016-10-07,Missisquoi Bay,0.3928571428571428,66.50000000000001,1.0,1.0,1.0,0.0
2016-10-11,Main Lake Central,0.3928571428571428,66.50000000000001,1.0,1.0,1.0,0.0
2016-10-11,Main Lake North,0.5357142857142857,66.50000000000001,1.0,1.0,1.0,1.0
2016-10-14,Inland Sea,0.6785714285714286,67.0,1.0,1.0,1.0,1.0
2016-10-19,Inland Sea,0.75,,1.0,1.0,1.0,1.0
2016-10-19,St. Albans Bay,0.7307692307692307,,1.0,1.0,1.0,1.0
2016-10-20,Malletts Bay,0.7307692307692307,,1.0,1.0,1.0,1.0
2017-06-01,Missisquoi Bay,0.7916666666666666,,1.0,1.0,1.0,1.0
2017-06-02,Inland Sea,0.8888888888888888,,1.0,1.0,1.0,1.0
2017-06-02,St. Albans Bay,0.9722222222222222,,1.0,1.0,1.0,1.0
2017-06-05,Main Lake Central,0.9722222222222222,,1.0,1.0,1.0,1.0
2017-06-08,Main Lake South,0.9722222222222222,,1.0,1.0,1.0,1.0
2017-06-09,Malletts Bay,0.9722222222222222,,1.0,1.0,1.0,1.0
2017-06-12,Main Lake Central,0.9722222222222222,,1.0,1.0,1.0,1.0
2017-06-12,Main Lake North,0.9722222222222222,,1.0,1.0,1.0,1.0
2017-06-13,Main Lake South,1.0555555555555556,,1.0,1.0,1.0,1.0
2017-06-14,Main Lake North,0.8888888888888888,,1.0,1.0,1.0,0.0
2017-06-14,Missisquoi Bay,0.8055555555555555,,1.0,1.0,1.0,0.0
2017-06-15,Inland Sea,0.8055555555555555,,1.0,1.0,1.0,0.0
2017-06-15,St. Albans Bay,0.7435897435897435,,1.0,1.0,1.0,0.0
2017-06-17,Main Lake North,0.6666666666666666,,1.0,1.0,1.0,0.0
2017-06-17,Main Lake South,0.619047619047619,63.0,1.0,1.0,1.0,0.0
2017-06-19,Inland Sea,0.49999999999999994,61.5,1.0,1.0,1.0,0.0
2017-06-19,Malletts Bay,0.4285714285714285,61.0,1.0,1.0,1.0,0.0
2017-06-20,Main Lake Central,0.4285714285714285,60.25,1.0,1.0,1.0,0.0
2017-06-20,Main Lake North,0.49999999999999994,61.48,1.0,1.0,1.0,0.0
2017-06-20,Main Lake South,0.5238095238095237,62.12222222222223,1.0,1.0,1.0,0.0
2017-06-20,Missisquoi Bay,0.4523809523809523,62.12222222222223,1.0,1.0,1.0,0.0
2017-06-21,Inland Sea,0.4523809523809523,62.12222222222223,1.0,1.0,1.0,0.0
2017-06-21,Main Lake Central,0.4166666666666666,62.12222222222223,1.0,0.0,1.0,0.0
2017-06-22,Inland Sea,0.488095238095238,62.12222222222223,1.0,1.0,1.0,0.0
2017-06-22,Main Lake Central,0.488095238095238,62.976190476190474,1.0,1.0,1.0,0.0
2017-06-22,Main Lake North,0.44523809523809516,63.17708333333333,1.0,1.0,0.0,0.0
2017-06-22,Main Lake South,0.44523809523809516,63.26851851851851,0.0,1.0,0.0,0.0
2017-06-22,Malletts Bay,0.4809523809523809,63.141666666666666,0.0,1.0,0.0,0.0
2017-06-22,St. Albans Bay,0.4809523809523809,63.157407407407405,0.0,1.0,0.0,0.0
2017-06-23,Inland Sea,0.5238095238095237,64.1574074074074,0.0,1.0,0.0,0.0
2017-06-23,Main Lake Central,0.5238095238095237,65.41296296296296,0.0,1.0,0.0,0.0
2017-06-23,Main Lake North,0.4682539682539682,66.23518518518519,0.0,1.0,0.0,0.0
2017-06-23,Main Lake South,0.39682539682539675,66.21458333333334,0.0,1.0,0.0,0.0
2017-06-24,Inland Sea,0.3908730158730158,66.20416666666667,0.0,1.0,0.0,0.0
2017-06-24,Main Lake Central,0.3908730158730158,67.08148148148149,0.0,1.0,0.0,0.0
2017-06-24,Main Lake South,0.31944444444444436,67.37333333333333,0.0,1.0,0.0,0.0
2017-06-24,Malletts Bay,0.28373015873015867,66.97575757575758,0.0,1.0,0.0,0.0
2017-06-24,Missisquoi Bay,0.21230158730158724,66.97575757575758,0.0,0.0,0.0,0.0
2017-06-24,St. Albans Bay,0.14087301587301582,67.46666666666668,0.0,0.0,0.0,0.0
2017-06-25,Main Lake North,0.11230158730158725,67.75500000000001,0.0,0.0,0.0,0.0
2017-06-25,Main Lake South,0.2551587301587301,68.17222222222223,0.0,0.0,0.0,0.0
2017-06-25,Missisquoi Bay,0.2194444444444444,67.94999999999999,0.0,0.0,0.0,0.0
2017-06-26,Inland Sea,0.2551587301587301,67.94999999999999,0.0,0.0,0.0,0.0
2017-06-26,Main Lake Central,0.23611111111111108,67.83888888888889,0.0,0.0,0.0,0.0
2017-06-26,Main Lake North,0.23611111111111108,67.18611111111112,0.0,0.0,0.0,0.0
2017-06-26,Main Lake South,0.22023809523809518,67.409375,0.0,0.0,0.0,0.0
2017-06-26,Malletts Bay,0.22023809523809518,67.2861111111111,0.0,0.0,0.0,0.0
2017-06-26,Missisquoi Bay,0.20238095238095233,66.70277777777777,0.0,0.0,0.0,0.0
2017-06-26,St. Albans Bay,0.2738095238095237,66.30277777777776,0.0,0.0,0.0,0.0
2017-06-27,Inland Sea,0.2738095238095237,65.84062499999999,0.0,0.0,0.0,0.0
2017-06-27,Main Lake Central,0.3452380952380952,66.340625,1.0,0.0,0.0,0.0
2017-06-27,Main Lake North,0.3988095238095237,65.92129629629629,1.0,0.0,0.0,0.0
2017-06-27,Main Lake South,0.4702380952380952,65.31296296296296,1.0,0.0,0.0,0.0
2017-06-27,Malletts Bay,0.5178571428571428,65.58166666666666,1.0,0.0,0.0,0.0
2017-06-27,Missisquoi Bay,0.3988095238095237,65.58166666666666,1.0,1.0,0.0,0.0
2017-06-27,St. Albans Bay,0.4702380952380952,66.20185185185184,1.0,1.0,0.0,0.0
2017-06-28,Inland Sea,0.5773809523809523,66.23166666666665,1.0,1.0,0.0,0.0
2017-06-28,Main Lake Central,0.5892857142857143,66.30166666666666,1.0,1.0,0.0,0.0
2017-06-28,Main Lake North,0.6527777777777777,66.10916666666667,1.0,1.0,0.0,0.0
2017-06-28,Main Lake South,0.7003968253968254,65.90833333333333,1.0,1.0,0.0,0.0
2017-06-28,St. Albans Bay,0.8432539682539681,65.86916666666666,1.0,1.0,0.0,0.0
2017-06-29,Inland Sea,0.8432539682539681,66.52129629629628,1.0,1.0,0.0,0.0
2017-06-29,Main Lake Central,0.867063492063492,66.21759259259258,1.0,1.0,0.0,0.0
2017-06-29,Main Lake North,0.9384920634920634,66.31083333333333,1.0,1.0,0.0,0.0
2017-06-29,Main Lake South,1.0099206349206349,66.23425925925926,1.0,1.0,1.0,0.0
2017-06-29,St. Albans Bay,0.9563492063492063,66.7527777777778,1.0,1.0,1.0,0.0
2017-06-30,Inland Sea,0.992063492063492,66.59375,1.0,1.0,1.0,0.0
2017-06-30,Main Lake Central,0.9444444444444444,66.96875,1.0,1.0,1.0,0.0
2017-06-30,Main Lake North,0.9841269841269841,66.94999999999999,1.0,1.0,1.0,0.0
2017-06-30,Main Lake South,0.9126984126984127,67.155,1.0,1.0,1.0,0.0
2017-06-30,Missisquoi Bay,0.8412698412698412,66.99166666666666,1.0,1.0,1.0,0.0
2017-06-30,St. Albans Bay,0.8055555555555555,66.62166666666666,1.0,1.0,1.0,0.0
2017-07-01,Inland Sea,0.8134920634920634,66.96851851851851,1.0,1.0,1.0,0.0
2017-07-01,Main Lake Central,0.8373015873015872,67.76851851851852,1.0,1.0,1.0,0.0
2017-07-01,Main Lake South,0.6944444444444444,67.49166666666666,1.0,1.0,1.0,0.0
2017-07-01,Missisquoi Bay,0.7301587301587301,67.03787878787878,1.0,1.0,1.0,0.0
2017-07-02,Inland Sea,0.7063492063492063,66.965,1.0,1.0,1.0,0.0
2017-07-02,Main Lake Central,0.6349206349206348,66.94444444444444,1.0,1.0,1.0,0.0
2017-07-02,Main Lake North,0.5634920634920634,66.85,0.0,0.0,0.0,0.0
2017-07-02,Missisquoi Bay,0.5992063492063491,66.80740740740741,0.0,0.0,0.0,0.0
2017-07-03,Inland Sea,0.5277777777777777,67.32666666666667,0.0,0.0,0.0,0.0
2017-07-03,Main Lake Central,0.5992063492063491,67.12666666666667,0.0,0.0,0.0,0.0
2017-07-03,Main Lake North,0.5952380952380951,67.78,0.0,0.0,0.0,0.0
2017-07-03,Main Lake South,0.6666666666666666,67.67999999999999,0.0,0.0,0.0,0.0
2017-07-03,Malletts Bay,0.6666666666666666,67.99333333333334,0.0,0.0,0.0,0.0
2017-07-03,Missisquoi Bay,0.738095238095238,68.32592592592593,0.0,0.0,0.0,0.0
2017-07-04,Main Lake Central,0.6666666666666666,68.32592592592593,0.0,0.0,0.0,0.0
2017-07-04,Main Lake North,0.5952380952380951,67.91481481481482,0.0,0.0,0.0,0.0
2017-07-04,Main Lake South,0.619047619047619,68.35925925925926,0.0,0.0,0.0,0.0
2017-07-04,Malletts Bay,0.619047619047619,69.41481481481482,0.0,0.0,0.0,0.0
2017-07-04,Missisquoi Bay,0.5476190476190476,69.41481481481482,0.0,0.0,0.0,0.0
2017-07-05,Inland Sea,0.5952380952380951,69.27333333333334,0.0,0.0,0.0,0.0
2017-07-05,Main Lake Central,0.5238095238095237,69.52333333333334,0.0,0.0,0.0,0.0
2017-07-05,Main Lake North,0.49829931972789104,69.66277056277056,0.0,0.0,0.0,0.0
2017-07-05,Main Lake South,0.49829931972789104,69.48095238095237,1.0,0.0,0.0,0.0
2017-07-05,Missisquoi Bay,0.4554421768707482,69.61731601731601,1.0,0.0,0.0,0.0
2017-07-05,St. Albans Bay,0.3959183673469387,69.24571428571429,1.0,0.0,0.0,0.0
2017-07-06,Inland Sea,0.3721088435374149,69.34571428571428,1.0,0.0,0.0,0.0
2017-07-06,Main Lake Central,0.360204081632653,69.94771428571428,1.0,0.0,0.0,0.0
2017-07-06,Main Lake North,0.4173469387755101,69.88883116883117,1.0,0.0,0.0,0.0
2017-07-06,Main Lake South,0.45306122448979586,69.68142857142857,1.0,0.0,0.0,0.0
2017-07-06,St. Albans Bay,0.5142857142857141,69.78767857142857,1.0,1.0,0.0,0.0
2017-07-07,Main Lake Central,0.544047619047619,70.22934523809523,1.0,1.0,0.0,0.0
2017-07-07,Main Lake North,0.5287414965986394,70.09045634920635,1.0,1.0,0.0,0.0
2017-07-07,Main Lake South,0.6239795918367346,70.21170329670329,1.0,1.0,0.0,0.0
2017-07-08,Inland Sea,0.6477891156462584,70.16554945054945,1.0,1.0,0.0,0.0
2017-07-08,Main Lake South,0.6835034013605441,70.45785714285715,1.0,1.0,0.0,0.0
2017-07-08,Missisquoi Bay,0.7447278911564624,70.40791666666668,1.0,1.0,0.0,0.0
2017-07-08,St. Albans Bay,0.7447278911564624,70.82458333333334,1.0,1.0,0.0,0.0
2017-07-09,Inland Sea,0.7161564625850338,70.85409090909091,1.0,1.0,0.0,0.0
2017-07-09,Main Lake Central,0.7161564625850338,70.85409090909091,1.0,1.0,0.0,0.0
2017-07-09,Main Lake North,0.704251700680272,70.85409090909091,1.0,1.0,0.0,0.0
2017-07-09,Main Lake South,0.6685374149659863,70.5375,1.0,1.0,0.0,0.0
2017-07-09,Missisquoi Bay,0.5399659863945577,70.1075,1.0,1.0,0.0,0.0
2017-07-10,Inland Sea,0.5399659863945577,70.75750000000001,1.0,1.0,0.0,0.0
2017-07-10,Main Lake Central,0.47874149659863935,70.89000000000001,0.0,0.0,0.0,0.0
2017-07-10,Main Lake North,0.4823129251700679,70.822,0.0,0.0,0.0,0.0
2017-07-10,Main Lake South,0.46190476190476176,70.8762962962963,0.0,0.0,0.0,0.0
2017-07-10,Malletts Bay,0.3666666666666666,70.41333333333334,0.0,0.0,0.0,0.0
2017-07-10,Missisquoi Bay,0.3666666666666666,70.79,0.0,0.0,0.0,0.0
2017-07-11,Inland Sea,0.33095238095238083,70.7525,0.0,0.0,0.0,0.0
2017-07-11,Main Lake Central,0.33095238095238083,70.44666666666666,0.0,0.0,0.0,0.0
2017-07-11,Main Lake North,0.3666666666666666,69.8775,1.0,1.0,0.0,0.0
2017-07-11,Main Lake South,0.42023809523809513,70.15037037037037,1.0,1.0,0.0,0.0
2017-07-11,Malletts Bay,0.4916666666666666,70.15037037037037,1.0,1.0,0.0,0.0
2017-07-11,Missisquoi Bay,0.45595238095238083,70.29416666666667,1.0,1.0,0.0,0.0
2017-07-11,St. Albans Bay,0.432142857142857,70.29416666666667,1.0,1.0,0.0,0.0
2017-07-12,Inland Sea,0.5035714285714284,71.48166666666667,1.0,1.0,0.0,0.0
2017-07-12,Main Lake Central,0.5154761904761903,71.13619047619048,1.0,1.0,0.0,0.0
2017-07-12,Main Lake North,0.6253663003663003,71.04717948717949,1.0,1.0,0.0,0.0
2017-07-12,Main Lake South,0.586080586080586,71.1514652014652,1.0,1.0,0.0,0.0
2017-07-13,Inland Sea,0.6289377289377288,70.94503205128206,1.0,1.0,0.0,0.0
2017-07-13,Main Lake Central,0.6575091575091575,70.82628205128205,1.0,1.0,0.0,0.0
2017-07-13,Main Lake North,0.6289377289377288,70.52558404558404,1.0,1.0,0.0,0.0
2017-07-13,Main Lake South,0.7003663003663003,70.34128205128205,1.0,1.0,0.0,0.0
2017-07-13,St. Albans Bay,0.7003663003663003,70.47878205128205,1.0,1.0,0.0,0.0
2017-07-14,Inland Sea,0.6527472527472525,70.47878205128205,1.0,0.0,0.0,0.0
2017-07-14,Main Lake Central,0.599175824175824,70.12461538461538,0.0,0.0,0.0,0.0
2017-07-14,Main Lake North,0.5634615384615383,69.9274358974359,0.0,0.0,0.0,0.0
2017-07-14,Main Lake South,0.6348901098901097,69.59969230769231,0.0,0.0,0.0,0.0
2017-07-14,St. Albans Bay,0.724175824175824,69.39972027972027,1.0,1.0,0.0,0.0
2017-07-15,Main Lake Central,0.724175824175824,68.8896923076923,1.0,1.0,0.0,0.0
2017-07-15,Main Lake North,0.6765567765567765,68.7179020979021,1.0,1.0,0.0,0.0
2017-07-15,Main Lake South,0.5666666666666667,68.652,1.0,1.0,0.0,0.0
2017-07-15,Missisquoi Bay,0.5488095238095237,67.61699999999999,1.0,1.0,0.0,0.0
2017-07-16,Inland Sea,0.5059523809523808,68.067,1.0,1.0,0.0,0.0
2017-07-16,Main Lake Central,0.4773809523809523,68.902,1.0,1.0,0.0,0.0
2017-07-16,Main Lake North,0.5059523809523808,68.84,1.0,1.0,0.0,0.0
2017-07-16,Missisquoi Bay,0.4345238095238094,68.84,1.0,1.0,0.0,0.0
2017-07-17,Inland Sea,0.4345238095238094,69.13,1.0,1.0,0.0,0.0
2017-07-17,Main Lake Central,0.41071428571428564,68.98181818181818,1.0,1.0,0.0,0.0
2017-07-17,Main Lake North,0.41071428571428564,69.18484848484849,1.0,1.0,0.0,0.0
2017-07-17,Main Lake South,0.3988095238095237,69.24393939393939,1.0,1.0,0.0,0.0
2017-07-17,Malletts Bay,0.3273809523809523,70.0939393939394,1.0,1.0,0.0,0.0
2017-07-17,Missisquoi Bay,0.238095238095238,70.36333333333333,1.0,1.0,0.0,0.0
2017-07-18,Inland Sea,0.16666666666666657,70.51212121212122,1.0,1.0,0.0,0.0
2017-07-18,Main Lake Central,0.238095238095238,70.92121212121212,1.0,1.0,0.0,0.0
2017-07-18,Main Lake North,0.28911564625850333,71.07916666666667,1.0,1.0,0.0,0.0
2017-07-18,Main Lake South,0.32482993197278903,71.98125,1.0,1.0,0.0,0.0
2017-07-18,Malletts Bay,0.32482993197278903,71.64791666666667,1.0,1.0,0.0,0.0
2017-07-18,St. Albans Bay,0.32482993197278903,71.35227272727273,1.0,1.0,0.0,0.0
2017-07-19,Inland Sea,0.2772108843537414,72.06136363636364,1.0,1.0,1.0,0.0
2017-07-19,Main Lake Central,0.2772108843537414,72.70625,1.0,1.0,1.0,0.0
2017-07-19,Main Lake North,0.2504251700680271,72.76041666666666,1.0,1.0,1.0,0.0
2017-07-19,Main Lake South,0.27423469387755095,73.21875,1.0,1.0,1.0,0.0
2017-07-19,Missisquoi Bay,0.2742346938775509,73.53125,1.0,1.0,1.0,0.0
2017-07-20,Inland Sea,0.2504251700680271,73.94318181818181,1.0,1.0,1.0,0.0
2017-07-20,Main Lake Central,0.2504251700680271,74.22045454545456,1.0,1.0,1.0,0.0
2017-07-20,Main Lake North,0.2504251700680271,74.13263888888889,1.0,1.0,1.0,0.0
2017-07-20,Missisquoi Bay,0.2504251700680271,74.50763888888889,1.0,1.0,1.0,0.0
2017-07-20,St. Albans Bay,0.19685374149659854,75.20597222222223,1.0,1.0,1.0,0.0
2017-07-21,Inland Sea,0.14583333333333323,75.42318181818182,1.0,1.0,1.0,0.0
2017-07-21,Main Lake Central,0.11011904761904752,75.70272727272726,1.0,1.0,1.0,0.0
2017-07-21,Main Lake North,0.18154761904761893,75.73202020202021,1.0,1.0,1.0,0.0
2017-07-21,Main Lake South,0.25297619047619035,75.67101851851852,1.0,1.0,1.0,0.0
2017-07-21,Missisquoi Bay,0.2648809523809523,75.45435185185185,1.0,1.0,1.0,0.0
2017-07-21,St. Albans Bay,0.2648809523809523,74.30435185185185,1.0,1.0,1.0,0.0
2017-07-22,Inland Sea,0.3273809523809523,74.45474747474748,1.0,1.0,1.0,0.0
2017-07-22,Main Lake South,0.30357142857142844,74.63656565656566,1.0,1.0,1.0,0.0
2017-07-22,Missisquoi Bay,0.3749999999999999,74.04717171717172,1.0,1.0,1.0,0.0
2017-07-22,St. Albans Bay,0.4464285714285713,74.26824074074075,1.0,1.0,1.0,0.0
2017-07-23,Main Lake Central,0.4464285714285713,73.83353535353535,1.0,1.0,1.0,0.0
2017-07-23,Main Lake North,0.5178571428571427,73.7880808080808,1.0,1.0,1.0,0.0
2017-07-23,Missisquoi Bay,0.5178571428571427,73.51688888888889,1.0,1.0,1.0,0.0
2017-07-24,Main Lake North,0.5714285714285713,72.80987654320988,1.0,1.0,1.0,0.0
2017-07-24,Main Lake South,0.607142857142857,72.80987654320988,0.0,0.0,0.0,0.0
2017-07-24,Malletts Bay,0.607142857142857,72.04320987654322,0.0,0.0,0.0,0.0
2017-07-24,Missisquoi Bay,0.607142857142857,72.25833333333333,0.0,0.0,0.0,0.0
2017-07-25,Inland Sea,0.5357142857142856,71.69583333333334,0.0,0.0,0.0,0.0
2017-07-25,Main Lake Central,0.5238095238095236,71.35833333333333,0.0,0.0,0.0,0.0
2017-07-25,Main Lake North,0.5238095238095237,71.86458333333334,1.0,0.0,0.0,0.0
2017-07-25,Main Lake South,0.4166666666666666,71.58333333333333,1.0,0.0,0.0,0.0
2017-07-25,Malletts Bay,0.4166666666666666,71.15625,1.0,0.0,0.0,0.0
2017-07-25,Missisquoi Bay,0.3452380952380952,71.46428571428571,1.0,0.0,0.0,0.0
2017-07-25,St. Albans Bay,0.2738095238095237,70.59166666666665,1.0,0.0,0.0,0.0
2017-07-26,Inland Sea,0.2738095238095237,71.36428571428571,1.0,0.0,1.0,0.0
2017-07-26,Main Lake Central,0.2976190476190475,71.70714285714286,1.0,0.0,1.0,0.0
2017-07-26,Main Lake North,0.3525641025641025,71.5175,1.0,0.0,1.0,0.0
2017-07-26,Main Lake South,0.281135531135531,71.44148148148149,1.0,0.0,1.0,0.0
2017-07-26,Malletts Bay,0.3257783882783882,71.564,1.0,1.0,1.0,0.0
2017-07-26,St. Albans Bay,0.3257783882783882,71.98400000000001,1.0,1.0,1.0,0.0
2017-07-27,Inland Sea,0.3257783882783882,71.98400000000001,1.0,1.0,1.0,0.0
2017-07-27,Main Lake Central,0.40741104133961265,72.10733333333334,1.0,1.0,1.0,0.0
2017-07-27,Main Lake North,0.4550300889586603,72.25933333333333,1.0,1.0,1.0,0.0
2017-07-27,Main Lake South,0.4550300889586603,72.50481481481481,1.0,1.0,1.0,0.0
2017-07-28,Inland Sea,0.490744374672946,73.11222222222221,1.0,1.0,1.0,0.0
2017-07-28,Main Lake Central,0.5193158032443745,72.836,1.0,1.0,1.0,0.0
2017-07-28,Main Lake North,0.5652341705913134,72.80181818181819,1.0,1.0,1.0,0.0
2017-07-28,Main Lake South,0.5652341705913134,72.56833333333334,1.0,1.0,1.0,0.0
2017-07-28,St. Albans Bay,0.5795198848770277,72.0488888888889,1.0,1.0,1.0,0.0
2017-07-29,Inland Sea,0.48428178963893237,71.77454545454545,1.0,1.0,1.0,0.0
2017-07-29,Main Lake South,0.42933673469387745,71.933,1.0,1.0,1.0,0.0
2017-07-29,Missisquoi Bay,0.5721938775510204,71.64966666666666,1.0,1.0,1.0,0.0
2017-07-30,Inland Sea,0.49183673469387745,71.983,1.0,1.0,1.0,0.0
2017-07-30,Main Lake Central,0.49183673469387745,71.62555555555555,1.0,1.0,1.0,0.0
2017-07-30,Missisquoi Bay,0.45612244897959175,71.663,1.0,1.0,1.0,0.0
2017-07-31,Inland Sea,0.3744897959183673,72.16966666666666,1.0,1.0,1.0,0.0
2017-07-31,Main Lake Central,0.3744897959183673,72.24185185185185,1.0,1.0,1.0,0.0
2017-07-31,Main Lake North,0.44591836734693874,72.28966666666666,1.0,1.0,1.0,0.0
2017-07-31,Main Lake South,0.410204081632653,72.40966666666667,1.0,1.0,1.0,0.0
2017-07-31,Malletts Bay,0.3816326530612244,72.67466666666667,1.0,1.0,1.0,0.0
2017-07-31,Missisquoi Bay,0.4071428571428571,72.69851851851851,1.0,0.0,1.0,0.0
2017-07-31,St. Albans Bay,0.43095238095238086,72.69851851851851,1.0,0.0,1.0,0.0
2017-08-01,Inland Sea,0.4523809523809523,73.065,1.0,0.0,1.0,0.0
2017-08-01,Main Lake Central,0.46258503401360535,73.28,1.0,0.0,1.0,0.0
2017-08-01,Main Lake North,0.46258503401360535,72.952,1.0,1.0,1.0,0.0
2017-08-01,Main Lake South,0.31972789115646244,74.102,1.0,1.0,1.0,0.0
2017-08-01,Malletts Bay,0.31972789115646244,74.202,1.0,1.0,1.0,0.0
2017-08-01,Missisquoi Bay,0.31972789115646244,74.202,1.0,1.0,1.0,0.0
2017-08-01,St. Albans Bay,0.2840136054421768,74.402,1.0,1.0,1.0,0.0
2017-08-02,Inland Sea,0.2840136054421768,74.37533333333333,1.0,1.0,1.0,0.0
2017-08-02,Main Lake Central,0.23044217687074822,74.61393939393939,1.0,1.0,1.0,0.0
2017-08-02,Main Lake North,0.18648613291470426,74.71848484848485,1.0,1.0,1.0,0.0
2017-08-02,Main Lake South,0.18648613291470426,74.69803030303031,1.0,1.0,1.0,0.0
2017-08-02,Malletts Bay,0.19243851386708521,74.88348484848485,1.0,1.0,1.0,0.0
2017-08-02,Missisquoi Bay,0.12100994243851378,75.10986111111112,1.0,1.0,1.0,0.0
2017-08-02,St. Albans Bay,0.1686289900575614,75.57439393939394,1.0,1.0,1.0,0.0
2017-08-03,Inland Sea,0.13291470434327568,75.57439393939394,1.0,1.0,1.0,0.0
2017-08-03,Main Lake Central,0.14413919413919404,76.04192640692641,1.0,1.0,1.0,0.0
2017-08-03,Main Lake North,0.19175824175824166,76.41854978354978,1.0,1.0,1.0,0.0
2017-08-03,Main Lake South,0.19175824175824166,76.06400432900433,1.0,1.0,1.0,0.0
2017-08-03,Missisquoi Bay,0.2453296703296702,75.89127705627706,1.0,1.0,1.0,0.0
2017-08-03,St. Albans Bay,0.29294871794871785,75.89127705627706,1.0,1.0,1.0,0.0
2017-08-04,Inland Sea,0.32152014652014643,76.08040476190476,1.0,1.0,1.0,0.0
2017-08-04,Main Lake Central,0.3929487179487179,76.56707142857144,1.0,1.0,1.0,0.0
2017-08-04,Main Lake North,0.4854811854811854,76.55707142857143,1.0,1.0,1.0,0.0
2017-08-04,Main Lake South,0.5651515151515151,76.77007142857143,1.0,1.0,1.0,0.0
2017-08-04,Malletts Bay,0.6508658008658007,76.19257142857143,1.0,1.0,1.0,0.0
2017-08-04,Missisquoi Bay,0.7877705627705627,76.32063492063492,1.0,1.0,1.0,0.0
2017-08-04,St. Albans Bay,0.8591991341991341,75.47619047619047,1.0,1.0,1.0,0.0
2017-08-05,Inland Sea,0.8949134199134198,75.47619047619047,1.0,1.0,1.0,0.0
2017-08-05,Main Lake Central,0.8949134199134198,75.22857142857143,1.0,1.0,1.0,0.0
2017-08-05,Main Lake South,1.016341991341991,74.82428571428571,1.0,1.0,1.0,0.0
2017-08-05,Missisquoi Bay,1.0401515151515153,74.41,1.0,1.0,1.0,0.0
2017-08-05,St. Albans Bay,1.0758658008658009,74.45,1.0,1.0,1.0,0.0
2017-08-06,Inland Sea,1.0937229437229437,74.37777777777778,1.0,1.0,1.0,0.0
2017-08-06,Main Lake Central,1.046103896103896,74.14,1.0,1.0,1.0,0.0
2017-08-06,Main Lake North,1.0532467532467533,73.58181818181818,1.0,1.0,1.0,0.0
2017-08-06,Missisquoi Bay,1.1246753246753247,72.8,1.0,1.0,1.0,0.0
2017-08-07,Inland Sea,1.0142857142857142,72.67,1.0,1.0,1.0,0.0
2017-08-07,Main Lake Central,0.9071428571428571,72.30000000000001,1.0,1.0,1.0,0.0
2017-08-07,Main Lake North,0.8214285714285714,72.80555555555556,1.0,1.0,0.0,0.0
2017-08-07,Main Lake South,0.6785714285714286,72.625,1.0,1.0,0.0,0.0
2017-08-07,Missisquoi Bay,0.6071428571428571,72.965,1.0,1.0,1.0,0.0
2017-08-07,St. Albans Bay,0.5357142857142857,72.78636363636363,1.0,1.0,1.0,0.0
2017-08-08,Inland Sea,0.5357142857142857,72.765,1.0,1.0,1.0,0.0
2017-08-08,Main Lake Central,0.4166666666666666,72.35499999999999,1.0,1.0,1.0,0.0
2017-08-08,Main Lake North,0.3928571428571428,72.55499999999999,1.0,1.0,1.0,0.0
2017-08-08,Main Lake South,0.3714285714285714,72.44500000000001,1.0,1.0,1.0,0.0
2017-08-08,Malletts Bay,0.3714285714285714,72.44500000000001,1.0,1.0,1.0,0.0
2017-08-08,Missisquoi Bay,0.3714285714285714,72.795,1.0,1.0,1.0,0.0
2017-08-08,St. Albans Bay,0.3357142857142857,73.39500000000001,1.0,1.0,1.0,0.0
2017-08-09,Inland Sea,0.1928571428571428,73.31818181818181,1.0,1.0,1.0,0.0
2017-08-09,Main Lake Central,0.24047619047619043,73.12727272727273,1.0,1.0,1.0,0.0
2017-08-09,Main Lake South,0.288095238095238,73.07638888888889,1.0,1.0,1.0,0.0
2017-08-09,Malletts Bay,0.29999999999999993,73.09027777777779,1.0,1.0,1.0,0.0
2017-08-09,St. Albans Bay,0.3714285714285714,73.28030303030303,1.0,1.0,1.0,0.0
2017-08-10,Inland Sea,0.47857142857142854,73.26833333333335,1.0,1.0,1.0,0.0
2017-08-10,Main Lake Central,0.4428571428571428,74.06833333333334,1.0,1.0,1.0,0.0
2017-08-10,Main Lake North,0.483673469387755,74.0039393939394,1.0,1.0,1.0,0.0
2017-08-10,Main Lake South,0.5312925170068027,74.63121212121213,1.0,1.0,1.0,0.0
2017-08-10,St. Albans Bay,0.5372448979591836,74.58121212121213,1.0,1.0,1.0,0.0
2017-08-11,Inland Sea,0.5535714285714285,74.54933333333334,1.0,1.0,1.0,0.0
2017-08-11,Main Lake Central,0.5059523809523808,74.8721212121212,1.0,1.0,1.0,0.0
2017-08-11,Main Lake North,0.5916666666666666,75.17939393939393,1.0,1.0,1.0,0.0
2017-08-11,Main Lake South,0.663095238095238,74.99757575757576,1.0,1.0,1.0,0.0
2017-08-11,St. Albans Bay,0.6988095238095237,74.76575757575758,1.0,1.0,1.0,0.0
2017-08-12,Inland Sea,0.7226190476190475,74.89233333333333,1.0,1.0,1.0,0.0
2017-08-12,Main Lake South,0.8178571428571428,75.15629629629629,1.0,1.0,1.0,0.0
2017-08-12,Missisquoi Bay,0.8773809523809523,74.41,1.0,1.0,1.0,0.0
2017-08-13,Main Lake Central,0.8416666666666666,74.76899999999999,1.0,1.0,1.0,0.0
2017-08-13,Main Lake North,0.8059523809523809,74.6990909090909,1.0,1.0,1.0,0.0
2017-08-13,Missisquoi Bay,0.8773809523809523,74.26899999999999,1.0,1.0,1.0,0.0
2017-08-13,St. Albans Bay,0.83656462585034,74.523,1.0,1.0,0.0,0.0
2017-08-14,Inland Sea,0.7651360544217686,74.03666666666668,1.0,1.0,0.0,0.0
2017-08-14,Main Lake Central,0.71156462585034,74.36000000000001,1.0,1.0,0.0,0.0
2017-08-14,Main Lake North,0.7666666666666666,74.16166666666668,1.0,1.0,0.0,0.0
2017-08-14,Main Lake South,0.8142857142857143,73.595,1.0,1.0,0.0,0.0
2017-08-14,Malletts Bay,0.7285714285714285,72.65277777777777,1.0,1.0,0.0,0.0
2017-08-14,Missisquoi Bay,0.7285714285714285,72.734375,1.0,1.0,0.0,0.0
2017-08-14,St. Albans Bay,0.6928571428571428,72.984375,1.0,1.0,0.0,0.0
2017-08-15,Inland Sea,0.7404761904761904,73.42685185185185,1.0,1.0,0.0,0.0
2017-08-15,Main Lake Central,0.669047619047619,73.33416666666668,1.0,1.0,0.0,0.0
2017-08-15,Main Lake North,0.669047619047619,73.69416666666666,1.0,1.0,0.0,0.0
2017-08-15,Main Lake South,0.7047619047619047,73.28816666666667,1.0,1.0,0.0,0.0
2017-08-15,St. Albans Bay,0.7047619047619047,72.68816666666666,1.0,1.0,0.0,0.0
2017-08-16,Inland Sea,0.7047619047619047,72.68816666666666,1.0,1.0,0.0,0.0
2017-08-16,Main Lake Central,0.7047619047619047,72.44316666666667,1.0,1.0,0.0,0.0
2017-08-16,Main Lake South,0.769047619047619,72.68469696969697,1.0,1.0,0.0,0.0
2017-08-16,Malletts Bay,0.88015873015873,72.91930555555555,1.0,1.0,0.0,0.0
2017-08-16,Missisquoi Bay,0.7944444444444444,72.70472222222222,1.0,1.0,0.0,0.0
2017-08-16,St. Albans Bay,0.7587301587301587,72.67787878787878,1.0,1.0,0.0,0.0
2017-08-17,Inland Sea,0.8301587301587301,72.90566666666666,1.0,1.0,0.0,0.0
2017-08-17,Main Lake Central,0.785515873015873,73.33469696969696,1.0,1.0,0.0,0.0
2017-08-17,Main Lake North,0.848015873015873,73.48924242424242,1.0,1.0,0.0,0.0
2017-08-17,Main Lake South,0.7765873015873016,73.115,1.0,1.0,0.0,0.0
2017-08-17,Malletts Bay,0.70515873015873,73.20590909090909,1.0,1.0,0.0,0.0
2017-08-17,Missisquoi Bay,0.6694444444444443,73.73318181818182,1.0,1.0,0.0,0.0
2017-08-17,St. Albans Bay,0.5980158730158729,69.22045454545454,1.0,1.0,0.0,0.0
2017-08-18,Inland Sea,0.5265873015873016,70.03863636363636,1.0,1.0,0.0,0.0
2017-08-18,Main Lake North,0.5027777777777777,70.84375,1.0,1.0,0.0,0.0
2017-08-18,Main Lake South,0.6456349206349206,70.88958333333333,1.0,1.0,0.0,0.0
2017-08-18,Missisquoi Bay,0.617063492063492,70.48125,1.0,1.0,0.0,0.0
2017-08-19,Main Lake South,0.5416666666666666,70.02291666666667,1.0,1.0,0.0,0.0
2017-08-19,Missisquoi Bay,0.613095238095238,70.02291666666667,1.0,1.0,0.0,0.0
2017-08-20,Inland Sea,0.6488095238095237,70.32884615384616,1.0,1.0,0.0,0.0
2017-08-20,Main Lake Central,0.5773809523809523,70.32884615384616,1.0,1.0,0.0,0.0
2017-08-20,Main Lake North,0.6220238095238094,69.89615384615385,1.0,1.0,0.0,0.0
2017-08-20,Missisquoi Bay,0.6309523809523808,69.57916666666667,1.0,1.0,0.0,0.0
2017-08-21,Main Lake Central,0.5833333333333333,69.8,1.0,1.0,0.0,0.0
2017-08-21,Main Lake North,0.7023809523809523,69.89166666666667,1.0,1.0,0.0,0.0
2017-08-21,Main Lake South,0.7023809523809523,69.52499999999999,1.0,1.0,0.0,0.0
2017-08-21,Missisquoi Bay,0.7023809523809523,73.69166666666668,1.0,1.0,1.0,0.0
2017-08-22,Inland Sea,0.7880952380952381,73.275,1.0,1.0,1.0,0.0
2017-08-22,Main Lake Central,0.8119047619047618,72.88333333333334,1.0,1.0,1.0,0.0
2017-08-22,Main Lake North,0.7761904761904761,72.94166666666666,1.0,1.0,1.0,0.0
2017-08-22,Main Lake South,0.8119047619047618,73.30499999999999,1.0,1.0,1.0,0.0
2017-08-22,Malletts Bay,0.8476190476190475,73.47166666666668,1.0,1.0,1.0,0.0
2017-08-22,Missisquoi Bay,0.7761904761904761,73.98833333333333,1.0,1.0,1.0,0.0
2017-08-22,St. Albans Bay,0.7761904761904761,74.15499999999999,1.0,1.0,1.0,0.0
2017-08-23,Inland Sea,0.919047619047619,74.31230769230768,1.0,1.0,1.0,0.0
2017-08-23,Main Lake Central,0.8833333333333332,74.52,1.0,1.0,1.0,0.0
2017-08-23,Main Lake North,0.8436507936507935,74.37839285714286,1.0,1.0,1.0,0.0
2017-08-23,Main Lake South,0.915079365079365,74.04267857142857,1.0,1.0,1.0,0.0
2017-08-23,Missisquoi Bay,0.8049603174603174,74.05339285714285,1.0,1.0,1.0,0.0
2017-08-24,Inland Sea,0.8406746031746032,74.13442307692307,1.0,1.0,1.0,0.0
2017-08-24,Main Lake Central,0.8644841269841269,73.98826923076923,1.0,1.0,1.0,0.0
2017-08-24,Main Lake North,0.8680555555555555,73.98057692307692,1.0,1.0,1.0,0.0
2017-08-24,Main Lake South,0.7966269841269841,73.895625,1.0,1.0,1.0,0.0
2017-08-25,Inland Sea,0.7251984126984127,73.74979166666667,1.0,1.0,1.0,0.0
2017-08-25,Main Lake Central,0.677579365079365,73.46145833333333,1.0,1.0,1.0,0.0
2017-08-25,Main Lake North,0.6299603174603174,73.54312499999999,1.0,1.0,1.0,0.0
2017-08-25,Main Lake South,0.6656746031746031,73.193125,1.0,1.0,1.0,0.0
2017-08-25,Malletts Bay,0.5942460317460317,72.69729166666667,1.0,1.0,1.0,0.0
2017-08-25,St. Albans Bay,0.4513888888888888,72.37886363636363,1.0,1.0,1.0,0.0
2017-08-26,Inland Sea,0.4156746031746031,72.14675,1.0,1.0,1.0,0.0
2017-08-26,Main Lake South,0.3839285714285713,72.10333333333334,1.0,1.0,1.0,0.0
2017-08-26,Missisquoi Bay,0.3839285714285713,72.01444444444445,1.0,1.0,1.0,0.0
2017-08-27,Inland Sea,0.3749999999999999,71.87555555555555,1.0,1.0,1.0,0.0
2017-08-27,Main Lake Central,0.30357142857142844,71.87555555555555,1.0,1.0,1.0,0.0
2017-08-27,Main Lake North,0.3511904761904761,72.16444444444444,1.0,1.0,1.0,0.0
2017-08-27,Missisquoi Bay,0.2619047619047618,72.1975,1.0,1.0,0.0,0.0
2017-08-27,St. Albans Bay,0.2619047619047618,71.95333333333333,1.0,1.0,0.0,0.0
2017-08-28,Inland Sea,0.22619047619047608,71.82875,1.0,1.0,0.0,0.0
2017-08-28,Main Lake Central,0.27380952380952367,71.93285714285715,1.0,1.0,0.0,0.0
2017-08-28,Main Lake North,0.24999999999999992,72.03571428571429,1.0,1.0,0.0,0.0
2017-08-28,Main Lake South,0.2142857142857142,72.03571428571429,1.0,1.0,0.0,0.0
2017-08-28,Missisquoi Bay,0.24999999999999992,72.22857142857143,1.0,1.0,0.0,1.0
2017-08-28,St. Albans Bay,0.26785714285714274,72.2625,1.0,1.0,1.0,1.0
2017-08-29,Inland Sea,0.26785714285714274,72.2625,1.0,1.0,1.0,1.0
2017-08-29,Main Lake Central,0.33928571428571414,72.45555555555556,1.0,1.0,1.0,1.0
2017-08-29,Main Lake North,0.31547619047619035,72.5,1.0,1.0,1.0,1.0
2017-08-29,Main Lake South,0.33928571428571414,72.38888888888889,1.0,1.0,1.0,1.0
2017-08-29,Malletts Bay,0.33928571428571414,72.38888888888889,1.0,1.0,1.0,1.0
2017-08-29,Missisquoi Bay,0.26785714285714274,72.0625,1.0,1.0,1.0,1.0
2017-08-29,St. Albans Bay,0.26785714285714274,71.83333333333333,1.0,1.0,1.0,1.0
2017-08-30,Inland Sea,0.26785714285714274,71.97222222222223,1.0,1.0,1.0,1.0
2017-08-30,Main Lake Central,0.26785714285714274,72.33250000000001,1.0,1.0,1.0,1.0
2017-08-30,Main Lake North,0.2288961038961038,72.21249999999999,1.0,1.0,1.0,1.0
2017-08-30,Main Lake South,0.2288961038961038,72.21249999999999,1.0,1.0,1.0,1.0
2017-08-30,Malletts Bay,0.2527056277056276,72.34734848484848,1.0,1.0,1.0,1.0
2017-08-30,Missisquoi Bay,0.2527056277056276,72.94734848484849,1.0,1.0,1.0,0.0
2017-08-30,St. Albans Bay,0.23484848484848472,73.52007575757575,1.0,1.0,0.0,0.0
2017-08-31,Inland Sea,0.25865800865800853,73.52007575757575,1.0,1.0,0.0,0.0
2017-08-31,Main Lake Central,0.25865800865800853,72.9746212121212,1.0,1.0,0.0,0.0
2017-08-31,Main Lake North,0.2681818181818181,73.14007575757576,1.0,1.0,0.0,0.0
2017-08-31,Main Lake South,0.3158008658008657,73.20408333333333,1.0,1.0,0.0,0.0
2017-08-31,Malletts Bay,0.35151515151515145,73.20408333333333,1.0,1.0,0.0,0.0
2017-08-31,Missisquoi Bay,0.35151515151515145,73.20408333333333,1.0,1.0,0.0,0.0
2017-08-31,St. Albans Bay,0.35151515151515145,73.20408333333333,1.0,1.0,0.0,0.0
2017-09-01,Inland Sea,0.4943722943722943,73.42120370370371,1.0,1.0,0.0,0.0
2017-09-01,Main Lake Central,0.5658008658008657,72.32398148148148,1.0,1.0,0.0,0.0
2017-09-01,Main Lake North,0.6047619047619046,71.65592592592594,1.0,1.0,0.0,0.0
2017-09-01,Main Lake South,0.6047619047619046,70.80037037037037,1.0,1.0,0.0,0.0
2017-09-01,St. Albans Bay,0.6523809523809522,70.33555555555556,1.0,1.0,0.0,0.0
2017-09-02,Inland Sea,0.6702380952380951,69.3775,1.0,1.0,0.0,0.0
2017-09-02,Missisquoi Bay,0.6702380952380951,68.03142857142858,1.0,1.0,0.0,0.0
2017-09-03,Main Lake Central,0.664285714285714,68.2025,1.0,1.0,0.0,0.0
2017-09-04,Main Lake Central,0.664285714285714,67.7025,1.0,1.0,0.0,0.0
2017-09-04,Main Lake North,0.6785714285714285,67.175,1.0,1.0,0.0,0.0
2017-09-04,Missisquoi Bay,0.6785714285714285,67.6,1.0,1.0,0.0,0.0
2017-09-04,St. Albans Bay,0.6428571428571427,67.64,1.0,1.0,0.0,0.0
2017-09-05,Main Lake Central,0.6785714285714285,67.64,1.0,1.0,0.0,0.0
2017-09-05,Main Lake North,0.732142857142857,67.29333333333334,1.0,1.0,0.0,0.0
2017-09-05,Main Lake South,0.5892857142857142,67.14848484848484,1.0,1.0,0.0,0.0
2017-09-05,Malletts Bay,0.5178571428571428,67.26666666666667,1.0,1.0,0.0,0.0
2017-09-05,St. Albans Bay,0.44642857142857134,67.49333333333333,1.0,1.0,0.0,0.0
2017-09-06,Inland Sea,0.44642857142857134,67.99333333333333,1.0,1.0,0.0,0.0
2017-09-06,Main Lake Central,0.41071428571428564,67.68833333333333,1.0,1.0,0.0,0.0
2017-09-06,Main Lake North,0.36904761904761896,67.46666666666667,1.0,1.0,0.0,0.0
2017-09-06,Main Lake South,0.4166666666666666,67.39444444444445,1.0,1.0,0.0,0.0
2017-09-06,Malletts Bay,0.4345238095238094,67.02777777777779,1.0,1.0,0.0,0.0
2017-09-06,Missisquoi Bay,0.363095238095238,67.21111111111112,1.0,1.0,0.0,0.0
2017-09-06,St. Albans Bay,0.2916666666666666,66.96111111111112,1.0,1.0,0.0,0.0
2017-09-07,Inland Sea,0.22023809523809515,66.59393939393941,1.0,1.0,0.0,0.0
2017-09-07,Main Lake Central,0.22023809523809515,66.50303030303031,1.0,1.0,0.0,0.0
2017-09-07,Main Lake North,0.2023809523809523,66.48730158730159,1.0,1.0,0.0,0.0
2017-09-07,Main Lake South,0.14880952380952372,66.48311688311688,1.0,0.0,0.0,0.0
2017-09-07,Malletts Bay,0.20833333333333326,66.93084415584416,1.0,1.0,1.0,0.0
2017-09-07,St. Albans Bay,0.2797619047619047,66.92392857142858,1.0,1.0,1.0,0.0
2017-09-08,Inland Sea,0.2797619047619047,66.92392857142858,1.0,1.0,1.0,0.0
2017-09-08,Main Lake Central,0.2797619047619047,66.33392857142857,1.0,1.0,1.0,0.0
2017-09-08,Main Lake North,0.24404761904761899,66.20892857142857,1.0,1.0,1.0,0.0
2017-09-08,Main Lake South,0.3035714285714285,66.3154761904762,1.0,1.0,1.0,0.0
2017-09-08,Missisquoi Bay,0.3095238095238094,66.10436507936508,1.0,1.0,1.0,0.0
2017-09-08,St. Albans Bay,0.39285714285714274,66.24241071428571,1.0,1.0,1.0,0.0
2017-09-09,Inland Sea,0.44047619047619035,66.2484693877551,1.0,1.0,1.0,0.0
2017-09-10,Main Lake Central,0.44047619047619035,65.83418367346938,1.0,1.0,1.0,0.0
2017-09-10,Main Lake North,0.5119047619047618,65.72991071428572,1.0,1.0,1.0,0.0
2017-09-10,Missisquoi Bay,0.5119047619047618,65.5484693877551,1.0,1.0,1.0,0.0
2017-09-10,St. Albans Bay,0.5297619047619047,65.375,1.0,1.0,1.0,0.0
2017-09-11,Main Lake Central,0.5297619047619047,65.375,1.0,1.0,1.0,0.0
2017-09-11,Main Lake North,0.5238095238095237,64.8952380952381,1.0,1.0,1.0,0.0
2017-09-11,Main Lake South,0.4523809523809523,65.28333333333333,1.0,1.0,1.0,0.0
2017-09-11,Malletts Bay,0.4523809523809523,66.10740740740741,1.0,1.0,1.0,0.0
2017-09-11,Missisquoi Bay,0.4523809523809523,66.23333333333333,1.0,1.0,1.0,0.0
2017-09-11,St. Albans Bay,0.4523809523809523,66.35833333333333,1.0,1.0,1.0,0.0
2017-09-12,Main Lake Central,0.4115646258503401,66.35833333333333,1.0,1.0,1.0,0.0
2017-09-12,Main Lake North,0.42942176870748294,66.20833333333333,1.0,1.0,1.0,0.0
2017-09-12,Missisquoi Bay,0.32465986394557816,66.76296296296296,1.0,1.0,1.0,0.0
2017-09-12,St. Albans Bay,0.2770408163265305,66.78666666666666,1.0,1.0,1.0,0.0
2017-09-13,Inland Sea,0.2770408163265305,67.96666666666667,1.0,1.0,1.0,0.0
2017-09-13,Main Lake Central,0.2413265306122448,68.2962962962963,1.0,1.0,1.0,0.0
2017-09-13,Main Lake North,0.28894557823129247,68.30666666666667,1.0,1.0,1.0,0.0
2017-09-13,Main Lake South,0.2532312925170067,68.66296296296296,1.0,1.0,1.0,0.0
2017-09-13,Malletts Bay,0.3068027210884353,68.64666666666668,1.0,1.0,1.0,0.0
2017-09-13,St. Albans Bay,0.2532312925170067,68.95,1.0,1.0,1.0,0.0
2017-09-14,Inland Sea,0.28894557823129247,69.05555555555556,1.0,1.0,1.0,0.0
2017-09-14,Main Lake Central,0.28894557823129247,69.05555555555556,1.0,1.0,1.0,0.0
2017-09-14,Main Lake North,0.28894557823129247,69.05555555555556,1.0,1.0,1.0,0.0
2017-09-14,Malletts Bay,0.28894557823129247,69.05555555555556,1.0,1.0,1.0,0.0
2017-09-14,St. Albans Bay,0.25833333333333325,69.05555555555556,1.0,1.0,1.0,0.0
2017-09-15,Inland Sea,0.18690476190476182,70.22222222222223,1.0,1.0,1.0,0.0
2017-09-15,Main Lake Central,0.1726190476190475,70.5611111111111,1.0,1.0,1.0,0.0
2017-09-15,Main Lake North,0.18154761904761893,70.78333333333333,1.0,1.0,1.0,0.0
2017-09-15,Main Lake South,0.18154761904761893,70.81666666666666,1.0,1.0,1.0,0.0
2017-09-16,Main Lake South,0.14583333333333323,70.435,1.0,1.0,1.0,0.0
2017-09-16,St. Albans Bay,0.09821428571428562,70.19500000000001,1.0,1.0,1.0,0.0
2017-09-17,Main Lake Central,0.09821428571428562,70.19500000000001,1.0,1.0,1.0,0.0
2017-09-17,Missisquoi Bay,0.044642857142857054,70.44500000000001,1.0,1.0,1.0,0.0
2017-09-18,Inland Sea,0.11607142857142848,70.965,1.0,1.0,1.0,0.0
2017-09-18,Main Lake Central,0.1517857142857142,70.965,1.0,1.0,1.0,0.0
2017-09-18,Main Lake North,0.175595238095238,71.345,1.0,1.0,1.0,0.0
2017-09-18,Main Lake South,0.175595238095238,71.0409090909091,1.0,1.0,1.0,0.0
2017-09-18,Malletts Bay,0.175595238095238,71.545,1.0,1.0,1.0,0.0
2017-09-18,Missisquoi Bay,0.175595238095238,71.545,1.0,1.0,0.0,0.0
2017-09-18,St. Albans Bay,0.175595238095238,71.14500000000001,1.0,1.0,0.0,0.0
2017-09-19,Main Lake Central,0.2062074829931972,70.80000000000001,1.0,1.0,0.0,0.0
2017-09-19,Main Lake North,0.2687074829931972,71.32222222222222,1.0,1.0,0.0,0.0
2017-09-19,Main Lake South,0.2865646258503401,71.61851851851851,1.0,1.0,0.0,0.0
2017-09-19,St. Albans Bay,0.2865646258503401,71.84074074074073,1.0,1.0,0.0,0.0
2017-09-20,Inland Sea,0.3579931972789115,72.57083333333333,1.0,1.0,0.0,0.0
2017-09-20,Main Lake Central,0.3579931972789115,72.57083333333333,1.0,1.0,0.0,0.0
2017-09-20,Main Lake North,0.3835034013605441,72.38958333333333,1.0,1.0,0.0,0.0
2017-09-20,Main Lake South,0.3835034013605441,71.9452380952381,1.0,1.0,0.0,0.0
2017-09-21,Inland Sea,0.39540816326530603,72.27083333333334,1.0,1.0,0.0,0.0
2017-09-21,Main Lake Central,0.3894557823129251,71.75208333333333,1.0,1.0,0.0,0.0
2017-09-21,Main Lake North,0.46088435374149656,72.25208333333333,1.0,1.0,0.0,0.0
2017-09-21,Missisquoi Bay,0.532312925170068,71.87962962962963,1.0,1.0,0.0,0.0
2017-09-22,Inland Sea,0.532312925170068,71.87962962962963,1.0,1.0,1.0,0.0
2017-09-22,Main Lake Central,0.532312925170068,72.11458333333334,1.0,1.0,1.0,0.0
2017-09-22,Main Lake South,0.558843537414966,72.05740740740741,1.0,1.0,1.0,0.0
2017-09-22,Malletts Bay,0.5112244897959183,71.55,1.0,1.0,1.0,0.0
2017-09-22,St. Albans Bay,0.5647959183673469,71.07592592592592,1.0,1.0,1.0,0.0
2017-09-23,Main Lake South,0.5647959183673469,71.33541666666666,1.0,1.0,1.0,0.0
2017-09-24,Inland Sea,0.49336734693877543,71.33541666666666,1.0,1.0,1.0,0.0
2017-09-24,Main Lake Central,0.49336734693877543,71.72037037037038,1.0,1.0,1.0,0.0
2017-09-24,Main Lake South,0.4678571428571428,72.21481481481482,1.0,1.0,1.0,0.0
2017-09-24,Missisquoi Bay,0.39642857142857135,72.21481481481482,1.0,1.0,1.0,0.0
2017-09-25,Inland Sea,0.38452380952380943,72.37592592592594,1.0,1.0,1.0,0.0
2017-09-25,Main Lake Central,0.3666666666666666,73.0925925925926,1.0,1.0,1.0,0.0
2017-09-25,Main Lake North,0.29999999999999993,73.03703703703704,1.0,1.0,1.0,0.0
2017-09-25,Main Lake South,0.22857142857142848,73.27037037037037,1.0,1.0,1.0,0.0
2017-09-25,Malletts Bay,0.22857142857142845,74.04333333333334,1.0,1.0,1.0,1.0
2017-09-25,Missisquoi Bay,0.22857142857142845,74.04333333333334,1.0,1.0,1.0,1.0
2017-09-25,St. Albans Bay,0.17142857142857132,73.88333333333334,1.0,1.0,1.0,1.0
2017-09-26,Main Lake Central,0.1476190476190475,74.17,1.0,1.0,1.0,1.0
2017-09-26,Main Lake North,0.10476190476190468,74.60625,1.0,1.0,1.0,1.0
2017-09-26,Main Lake South,0.1404761904761904,74.0965909090909,1.0,1.0,1.0,1.0
2017-09-26,Malletts Bay,0.1404761904761904,74.03298611111111,1.0,1.0,1.0,1.0
2017-09-26,Missisquoi Bay,0.1404761904761904,73.96325757575757,1.0,1.0,1.0,1.0
2017-09-26,St. Albans Bay,0.1404761904761904,74.23901515151515,1.0,1.0,1.0,1.0
2017-09-27,Inland Sea,0.16428571428571417,75.04409722222222,1.0,1.0,1.0,1.0
2017-09-27,Main Lake Central,0.19999999999999993,74.95719696969697,1.0,1.0,1.0,1.0
2017-09-27,Main Lake North,0.2555555555555555,74.55265151515151,1.0,1.0,1.0,1.0
2017-09-27,Main Lake South,0.2507936507936507,74.50719696969696,1.0,1.0,1.0,1.0
2017-09-27,Malletts Bay,0.27460317460317446,75.41174242424243,1.0,1.0,1.0,1.0
2017-09-27,St. Albans Bay,0.3222222222222221,74.99356060606061,1.0,1.0,1.0,0.0
2017-09-28,Inland Sea,0.39365079365079353,74.99356060606061,1.0,1.0,1.0,0.0
2017-09-28,Main Lake Central,0.48293650793650783,75.42689393939393,1.0,1.0,1.0,0.0
2017-09-28,Main Lake North,0.5686507936507935,75.10871212121212,1.0,1.0,1.0,0.0
2017-09-28,Main Lake South,0.6115079365079364,74.88484848484849,1.0,1.0,1.0,0.0
2017-09-29,Inland Sea,0.5757936507936507,75.47333333333333,1.0,1.0,0.0,0.0
2017-09-29,Main Lake Central,0.6472222222222221,75.71111111111111,1.0,1.0,0.0,0.0
2017-09-29,Main Lake South,0.6472222222222221,75.71111111111111,1.0,1.0,0.0,0.0
2017-09-29,St. Albans Bay,0.6472222222222221,74.76296296296296,1.0,1.0,0.0,0.0
2017-09-30,Main Lake North,0.6948412698412697,73.62083333333334,1.0,1.0,0.0,0.0
2017-10-01,Inland Sea,0.5876984126984126,72.9962962962963,1.0,1.0,0.0,0.0
2017-10-01,Main Lake Central,0.5678571428571427,74.03518518518518,1.0,1.0,0.0,0.0
2017-10-01,Main Lake North,0.5678571428571427,73.2574074074074,1.0,1.0,0.0,0.0
2017-10-02,Inland Sea,0.544047619047619,72.29583333333332,1.0,1.0,0.0,0.0
2017-10-02,Main Lake South,0.5678571428571427,71.47083333333333,1.0,1.0,0.0,0.0
2017-10-02,Missisquoi Bay,0.5678571428571427,71.47083333333333,1.0,1.0,1.0,0.0
2017-10-03,Inland Sea,0.4785714285714285,70.25,1.0,1.0,1.0,0.0
2017-10-03,Main Lake North,0.5357142857142856,70.1625,1.0,1.0,1.0,0.0
2017-10-03,Missisquoi Bay,0.607142857142857,69.54285714285713,1.0,1.0,1.0,0.0
2017-10-03,St. Albans Bay,0.607142857142857,69.5625,1.0,1.0,1.0,0.0
2017-10-05,Main Lake Central,0.6785714285714285,69.5625,1.0,1.0,1.0,1.0
2017-10-05,Missisquoi Bay,0.6785714285714285,68.83333333333333,1.0,1.0,1.0,1.0
2017-10-13,Main Lake Central,0.7023809523809523,68.875,1.0,1.0,1.0,1.0
2017-10-19,Main Lake South,0.6309523809523808,68.875,1.0,1.0,1.0,1.0
2017-10-21,Missisquoi Bay,0.6309523809523808,68.5,1.0,1.0,1.0,1.0
2018-06-05,Malletts Bay,0.5952380952380951,66.32857142857144,1.0,1.0,1.0,1.0
2018-06-06,Main Lake Central,0.641025641025641,66.71666666666667,1.0,1.0,1.0,1.0
2018-06-07,Inland Sea,0.6944444444444443,66.71666666666667,1.0,1.0,1.0,1.0
2018-06-07,St. Albans Bay,0.6666666666666665,66.1,1.0,1.0,1.0,1.0
2018-06-08,Main Lake South,0.6333333333333332,66.1,1.0,1.0,1.0,1.0
2018-06-11,Inland Sea,0.7333333333333332,66.375,1.0,1.0,1.0,1.0
2018-06-11,Main Lake Central,0.5666666666666667,66.3,1.0,1.0,1.0,1.0
2018-06-11,Main Lake North,0.36666666666666653,65.84,1.0,1.0,1.0,1.0
2018-06-11,Missisquoi Bay,0.4666666666666665,64.2,1.0,1.0,1.0,1.0
2018-06-12,Inland Sea,0.36666666666666653,62.666666666666664,1.0,1.0,1.0,0.0
2018-06-12,Main Lake Central,0.4666666666666665,64.08333333333333,1.0,1.0,1.0,0.0
2018-06-12,Main Lake North,0.5208333333333333,63.96190476190476,1.0,1.0,1.0,0.0
2018-06-12,Main Lake South,0.5708333333333332,64.03854166666667,1.0,1.0,0.0,0.0
2018-06-13,Inland Sea,0.6708333333333332,63.901190476190486,1.0,1.0,0.0,0.0
2018-06-13,Main Lake Central,0.8041666666666666,62.97604166666667,1.0,1.0,0.0,0.0
2018-06-13,Main Lake North,0.8219696969696969,61.97870370370371,0.0,1.0,0.0,0.0
2018-06-13,Main Lake South,0.8368055555555555,61.38083333333334,0.0,1.0,0.0,0.0
2018-06-14,Inland Sea,0.8339743589743589,60.89166666666667,0.0,1.0,0.0,0.0
2018-06-14,Main Lake North,0.8458333333333332,61.25486111111112,0.0,0.0,0.0,0.0
2018-06-14,Main Lake South,0.8101190476190475,61.23525641025641,0.0,0.0,0.0,0.0
2018-06-14,Missisquoi Bay,0.8220238095238094,60.700641025641026,0.0,0.0,0.0,0.0
2018-06-15,Inland Sea,0.8934523809523808,60.425694444444446,0.0,0.0,1.0,0.0
2018-06-15,Main Lake Central,0.8220238095238094,60.84236111111111,0.0,0.0,1.0,0.0
2018-06-15,Main Lake South,0.750595238095238,61.28402777777777,0.0,0.0,1.0,0.0
2018-06-15,St. Albans Bay,0.7863095238095237,60.075694444444444,0.0,0.0,1.0,0.0
2018-06-16,Inland Sea,0.7238095238095237,59.78863636363636,0.0,0.0,1.0,0.0
2018-06-16,Main Lake North,0.7595238095238094,59.55454545454545,0.0,0.0,1.0,0.0
2018-06-17,Inland Sea,0.688095238095238,59.55454545454545,0.0,0.0,1.0,0.0
2018-06-17,Main Lake Central,0.5928571428571427,60.05454545454545,0.0,0.0,1.0,0.0
2018-06-18,Inland Sea,0.5928571428571427,60.963636363636354,0.0,0.0,1.0,0.0
2018-06-18,Main Lake Central,0.5452380952380952,61.459999999999994,0.0,0.0,1.0,0.0
2018-06-18,Main Lake North,0.5595238095238094,62.85999999999999,0.0,0.0,1.0,0.0
2018-06-18,Malletts Bay,0.5952380952380951,62.594444444444434,0.0,0.0,1.0,0.0
2018-06-18,Missisquoi Bay,0.6309523809523808,62.793749999999996,1.0,1.0,1.0,0.0
2018-06-19,Inland Sea,0.5952380952380951,62.974999999999994,1.0,1.0,1.0,0.0
2018-06-19,Main Lake Central,0.5809523809523809,63.15833333333333,1.0,1.0,0.0,0.0
2018-06-19,Main Lake North,0.6523809523809524,63.28425925925925,1.0,1.0,0.0,0.0
2018-06-19,Main Lake South,0.7095238095238094,64.03981481481482,1.0,1.0,0.0,0.0
2018-06-19,Missisquoi Bay,0.7452380952380951,64.79537037037036,1.0,1.0,0.0,0.0
2018-06-19,St. Albans Bay,0.8166666666666665,64.79537037037036,1.0,1.0,0.0,0.0
2018-06-20,Inland Sea,0.8166666666666665,65.14479166666666,1.0,1.0,0.0,0.0
2018-06-20,Main Lake Central,0.8880952380952379,65.80648148148148,1.0,1.0,0.0,0.0
2018-06-20,Main Lake North,0.9085034013605442,66.69537037037037,1.0,1.0,0.0,0.0
2018-06-20,Main Lake South,0.9085034013605442,66.47314814814814,1.0,1.0,0.0,0.0
2018-06-21,Inland Sea,0.8846938775510204,66.31916666666667,1.0,1.0,0.0,0.0
2018-06-21,Main Lake North,0.8846938775510204,65.91018518518518,1.0,1.0,0.0,0.0
2018-06-21,Main Lake South,0.7775510204081632,65.81916666666667,1.0,1.0,0.0,0.0
2018-06-21,Malletts Bay,0.789455782312925,65.62651515151515,0.0,1.0,0.0,0.0
2018-06-21,St. Albans Bay,0.8073129251700679,65.98916666666666,0.0,1.0,0.0,0.0
2018-06-22,Inland Sea,0.8215986394557823,66.14074074074074,1.0,1.0,0.0,0.0
2018-06-22,Main Lake Central,0.7501700680272109,66.87037037037038,1.0,1.0,0.0,0.0
2018-06-22,Main Lake South,0.6930272108843536,66.75648148148149,1.0,1.0,0.0,0.0
2018-06-23,Main Lake North,0.5501700680272108,66.77870370370371,1.0,1.0,0.0,0.0
2018-06-24,Main Lake Central,0.47874149659863935,66.77870370370371,1.0,1.0,0.0,0.0
2018-06-24,Main Lake South,0.4073129251700679,66.50083333333335,1.0,1.0,0.0,0.0
2018-06-24,Malletts Bay,0.3358843537414965,65.89083333333335,1.0,1.0,0.0,0.0
2018-06-25,Inland Sea,0.31547619047619035,65.43425925925926,1.0,1.0,0.0,0.0
2018-06-25,Main Lake Central,0.2869047619047618,65.43425925925926,1.0,1.0,0.0,0.0
2018-06-25,Main Lake North,0.2869047619047618,65.55277777777778,1.0,1.0,0.0,0.0
2018-06-25,Main Lake South,0.21547619047619038,65.55277777777778,1.0,1.0,0.0,0.0
2018-06-25,Malletts Bay,0.3583333333333333,65.84166666666665,1.0,1.0,0.0,0.0
2018-06-25,Missisquoi Bay,0.34642857142857136,66.109375,1.0,1.0,0.0,0.0
2018-06-25,St. Albans Bay,0.47142857142857136,65.43055555555556,1.0,1.0,0.0,0.0
2018-06-26,Inland Sea,0.4238095238095237,65.9875,1.0,1.0,0.0,0.0
2018-06-26,Main Lake Central,0.4238095238095237,65.72999999999999,1.0,1.0,0.0,0.0
2018-06-26,Main Lake North,0.4544217687074829,66.1645,1.0,0.0,0.0,0.0
2018-06-26,Main Lake South,0.4663265306122448,66.53049999999999,1.0,0.0,0.0,0.0
2018-06-26,Malletts Bay,0.4901360544217686,67.00045454545455,1.0,0.0,0.0,0.0
2018-06-26,Missisquoi Bay,0.5615646258503401,67.90954545454545,1.0,0.0,0.0,0.0
2018-06-26,St. Albans Bay,0.5615646258503401,68.72772727272728,1.0,0.0,0.0,0.0
2018-06-27,Inland Sea,0.5615646258503401,69.28375,1.0,0.0,0.0,0.0
2018-06-27,Main Lake Central,0.5544217687074829,70.35458333333334,1.0,0.0,0.0,0.0
2018-06-27,Main Lake North,0.6377551020408162,70.76083333333334,1.0,0.0,0.0,0.0
2018-06-27,Main Lake South,0.7329931972789115,70.36897435897436,1.0,0.0,0.0,0.0
2018-06-27,Malletts Bay,0.677437641723356,70.2074358974359,1.0,0.0,0.0,0.0
2018-06-28,Inland Sea,0.6238662131519275,70.07833333333333,1.0,0.0,0.0,0.0
2018-06-28,Main Lake South,0.5167233560090703,70.9354761904762,1.0,0.0,0.0,0.0
2018-06-28,Malletts Bay,0.4929138321995464,70.75690476190476,1.0,0.0,0.0,0.0
2018-06-28,St. Albans Bay,0.4929138321995464,70.78369047619047,1.0,0.0,0.0,0.0
2018-06-29,Inland Sea,0.5337301587301587,70.81166666666667,1.0,0.0,0.0,0.0
2018-06-29,Main Lake Central,0.5218253968253967,70.89935897435898,1.0,0.0,0.0,0.0
2018-06-29,Main Lake North,0.5265873015873016,70.4301282051282,1.0,0.0,0.0,0.0
2018-06-29,Main Lake South,0.45515873015873015,70.13263888888888,1.0,0.0,0.0,0.0
2018-06-29,Malletts Bay,0.5265873015873016,69.88263888888888,1.0,0.0,0.0,0.0
2018-06-29,Missisquoi Bay,0.5444444444444444,69.93263888888889,1.0,0.0,0.0,0.0
2018-06-30,Inland Sea,0.5563492063492063,69.48560606060606,1.0,1.0,0.0,0.0
2018-06-30,Main Lake South,0.5444444444444444,69.22424242424242,1.0,1.0,0.0,0.0
2018-06-30,Malletts Bay,0.4492063492063491,68.98181818181818,1.0,1.0,0.0,0.0
2018-07-01,Inland Sea,0.4333333333333332,69.33,1.0,1.0,0.0,0.0
2018-07-01,Main Lake Central,0.41547619047619033,70.045,1.0,1.0,0.0,0.0
2018-07-01,Main Lake North,0.41547619047619033,70.615,1.0,1.0,0.0,0.0
2018-07-01,Malletts Bay,0.43928571428571417,70.85,1.0,1.0,0.0,0.0
2018-07-02,Inland Sea,0.4678571428571427,70.70625,1.0,1.0,0.0,0.0
2018-07-02,Main Lake Central,0.42499999999999993,70.40555555555555,1.0,1.0,0.0,0.0
2018-07-02,Main Lake North,0.5043650793650792,70.97777777777777,1.0,1.0,0.0,0.0
2018-07-02,Main Lake South,0.5472222222222222,72.02222222222223,1.0,1.0,0.0,0.0
2018-07-02,Malletts Bay,0.6186507936507936,72.44000000000001,1.0,1.0,0.0,0.0
2018-07-02,Missisquoi Bay,0.6186507936507936,72.60000000000001,1.0,1.0,0.0,0.0
2018-07-02,St. Albans Bay,0.6007936507936507,72.4888888888889,1.0,1.0,0.0,0.0
2018-07-03,Inland Sea,0.5888888888888888,72.4888888888889,1.0,1.0,0.0,0.0
2018-07-03,Main Lake Central,0.5174603174603173,73.67111111111112,1.0,1.0,0.0,0.0
2018-07-03,Main Lake North,0.5353174603174602,75.42666666666668,1.0,1.0,0.0,0.0
2018-07-03,Main Lake South,0.4842970521541949,75.71000000000001,1.0,1.0,0.0,0.0
2018-07-03,Malletts Bay,0.5021541950113377,75.285,1.0,1.0,0.0,0.0
2018-07-03,Missisquoi Bay,0.5200113378684806,75.715,1.0,1.0,0.0,0.0
2018-07-03,St. Albans Bay,0.4962018140589568,75.715,1.0,1.0,0.0,0.0
2018-07-04,Inland Sea,0.4676303854875282,76.2409090909091,1.0,1.0,0.0,0.0
2018-07-04,Main Lake Central,0.46286848072562353,77.21363636363637,1.0,1.0,0.0,0.0
2018-07-04,Main Lake North,0.395408163265306,78.24545454545455,1.0,1.0,0.0,0.0
2018-07-04,St. Albans Bay,0.3239795918367346,78.24545454545455,1.0,1.0,0.0,0.0
2018-07-05,Inland Sea,0.3239795918367346,78.22727272727273,1.0,1.0,0.0,0.0
2018-07-05,Main Lake Central,0.28826530612244883,78.83333333333333,1.0,1.0,0.0,0.0
2018-07-05,Main Lake North,0.35076530612244883,79.04166666666667,1.0,1.0,0.0,0.0
2018-07-05,Main Lake South,0.31505102040816313,79.04166666666667,1.0,1.0,0.0,0.0
2018-07-06,Inland Sea,0.32695578231292505,79.09527777777778,1.0,1.0,0.0,0.0
2018-07-06,Main Lake Central,0.3090986394557822,79.50361111111111,1.0,1.0,0.0,0.0
2018-07-06,Main Lake South,0.3601190476190475,79.25486111111111,1.0,1.0,0.0,0.0
2018-07-06,Malletts Bay,0.403486394557823,79.89652777777778,1.0,1.0,0.0,0.0
2018-07-06,St. Albans Bay,0.42134353741496583,79.89652777777778,1.0,1.0,0.0,0.0
2018-07-07,Inland Sea,0.4927721088435373,79.89652777777778,1.0,1.0,0.0,0.0
2018-07-07,Main Lake North,0.4927721088435373,79.68819444444445,1.0,1.0,0.0,0.0
2018-07-07,Main Lake South,0.4689625850340135,79.7780303030303,1.0,1.0,0.0,0.0
2018-07-08,Main Lake Central,0.4570578231292516,77.93257575757576,1.0,1.0,0.0,0.0
2018-07-09,Inland Sea,0.4570578231292516,78.22583333333333,1.0,1.0,0.0,0.0
2018-07-09,Main Lake Central,0.42134353741496583,77.82583333333334,1.0,1.0,0.0,0.0
2018-07-09,Main Lake North,0.42848639455782306,76.80783333333333,1.0,1.0,0.0,0.0
2018-07-09,Main Lake South,0.46122448979591824,76.45783333333334,1.0,1.0,0.0,0.0
2018-07-09,Malletts Bay,0.5326530612244896,75.96166666666667,1.0,1.0,0.0,0.0
2018-07-09,Missisquoi Bay,0.5921768707482992,75.62950000000001,1.0,1.0,0.0,0.0
2018-07-09,St. Albans Bay,0.6874149659863944,74.72616666666667,1.0,1.0,1.0,0.0
2018-07-10,Inland Sea,0.6874149659863944,74.66518518518518,1.0,1.0,1.0,0.0
2018-07-10,Main Lake Central,0.669047619047619,74.5874074074074,1.0,1.0,1.0,0.0
2018-07-10,Main Lake North,0.5976190476190474,73.76703703703703,1.0,1.0,1.0,0.0
2018-07-10,Main Lake South,0.5547619047619047,74.16366666666667,1.0,1.0,1.0,0.0
2018-07-10,Malletts Bay,0.5547619047619047,73.40366666666667,1.0,1.0,1.0,0.0
2018-07-10,Missisquoi Bay,0.5547619047619047,73.40366666666667,1.0,1.0,1.0,0.0
2018-07-10,St. Albans Bay,0.5547619047619047,74.3374074074074,1.0,1.0,1.0,0.0
2018-07-11,Inland Sea,0.6261904761904761,75.26866666666668,1.0,1.0,1.0,0.0
2018-07-11,Main Lake Central,0.6190476190476188,75.62366666666667,1.0,1.0,1.0,0.0
2018-07-11,Main Lake North,0.638690476190476,75.94916666666668,1.0,1.0,1.0,0.0
2018-07-11,Main Lake South,0.5910714285714285,76.32916666666668,1.0,1.0,1.0,0.0
2018-07-11,Malletts Bay,0.6148809523809522,76.69583333333334,1.0,1.0,1.0,0.0
2018-07-11,Missisquoi Bay,0.5970238095238093,76.54166666666667,1.0,1.0,1.0,0.0
2018-07-12,Inland Sea,0.5732142857142856,76.72916666666666,1.0,1.0,0.0,0.0
2018-07-12,Main Lake Central,0.5553571428571428,76.9689393939394,1.0,1.0,0.0,0.0
2018-07-12,Main Lake South,0.5660714285714284,76.30530303030304,1.0,1.0,0.0,0.0
2018-07-12,St. Albans Bay,0.5660714285714284,76.89924242424242,1.0,1.0,0.0,0.0
2018-07-13,Inland Sea,0.6089285714285714,76.81583333333333,1.0,1.0,0.0,0.0
2018-07-13,Main Lake North,0.6089285714285714,77.12916666666668,1.0,1.0,0.0,0.0
2018-07-13,Main Lake South,0.6089285714285714,77.12916666666668,1.0,1.0,0.0,0.0
2018-07-13,St. Albans Bay,0.6089285714285714,76.69621212121211,1.0,1.0,0.0,0.0
2018-07-14,Main Lake North,0.5374999999999999,76.00083333333332,1.0,1.0,0.0,0.0
2018-07-15,Inland Sea,0.6517857142857142,76.05092592592592,1.0,1.0,0.0,0.0
2018-07-15,Main Lake Central,0.6035714285714285,76.07592592592592,1.0,1.0,0.0,0.0
2018-07-15,Main Lake North,0.6273809523809523,76.32037037037037,1.0,1.0,0.0,0.0
2018-07-15,Main Lake South,0.5321428571428571,76.52708333333334,1.0,1.0,0.0,0.0
2018-07-15,Missisquoi Bay,0.47857142857142854,76.7452380952381,0.0,0.0,0.0,0.0
2018-07-16,Inland Sea,0.4071428571428571,76.7452380952381,0.0,0.0,0.0,0.0
2018-07-16,Main Lake Central,0.36785714285714277,76.53571428571429,0.0,0.0,0.0,0.0
2018-07-16,Main Lake North,0.32222222222222213,77.95178571428572,1.0,1.0,1.0,1.0
2018-07-16,Main Lake South,0.3936507936507936,77.07321428571427,1.0,1.0,1.0,1.0
2018-07-16,Malletts Bay,0.32222222222222213,76.87656249999999,1.0,1.0,1.0,1.0
2018-07-16,Missisquoi Bay,0.32222222222222213,77.21130952380952,1.0,1.0,1.0,1.0
2018-07-16,St. Albans Bay,0.32222222222222213,77.18489583333333,1.0,1.0,1.0,1.0
2018-07-17,Inland Sea,0.32222222222222213,78.2890625,1.0,1.0,1.0,1.0
2018-07-17,Main Lake Central,0.3579365079365079,78.83916666666667,1.0,1.0,1.0,1.0
2018-07-17,Main Lake North,0.2626984126984126,79.09525,1.0,1.0,1.0,1.0
2018-07-17,Main Lake South,0.2960317460317459,79.00925,1.0,1.0,1.0,1.0
2018-07-17,Malletts Bay,0.2603174603174602,78.68925,1.0,1.0,1.0,1.0
2018-07-17,Missisquoi Bay,0.3317460317460316,78.68925,1.0,1.0,1.0,1.0
2018-07-17,St. Albans Bay,0.3317460317460316,78.89931818181819,1.0,1.0,1.0,1.0
2018-07-18,Inland Sea,0.4031746031746031,78.90770833333333,1.0,1.0,1.0,1.0
2018-07-18,Main Lake Central,0.4603174603174602,78.674375,1.0,1.0,1.0,1.0
2018-07-18,Main Lake North,0.5059523809523808,78.02125,1.0,1.0,0.0,1.0
2018-07-18,Main Lake South,0.4821428571428571,78.10458333333334,1.0,1.0,0.0,1.0
2018-07-18,Malletts Bay,0.5446428571428571,78.14625,1.0,1.0,0.0,1.0
2018-07-18,St. Albans Bay,0.6874999999999999,77.98115384615384,1.0,1.0,0.0,1.0
2018-07-19,Inland Sea,0.7589285714285713,78.51961538461538,1.0,1.0,0.0,1.0
2018-07-19,Main Lake Central,0.794642857142857,78.55615384615385,1.0,1.0,0.0,1.0
2018-07-19,Main Lake North,0.7827380952380951,78.03769230769231,1.0,1.0,0.0,1.0
2018-07-19,Main Lake South,0.806547619047619,77.75750000000001,1.0,1.0,0.0,1.0
2018-07-19,St. Albans Bay,0.7668650793650792,77.2,1.0,1.0,0.0,1.0
2018-07-20,Inland Sea,0.7311507936507935,77.88333333333333,1.0,1.0,0.0,1.0
2018-07-20,Main Lake Central,0.6597222222222221,78.39230769230768,1.0,1.0,0.0,1.0
2018-07-20,Main Lake South,0.6954365079365078,78.175,1.0,1.0,0.0,1.0
2018-07-20,St. Albans Bay,0.6874999999999999,77.77333333333333,1.0,1.0,0.0,0.0
2018-07-21,Inland Sea,0.663690476190476,78.01636363636364,1.0,1.0,0.0,0.0
2018-07-21,Main Lake South,0.6458333333333331,78.56409090909091,1.0,1.0,0.0,0.0
2018-07-21,Missisquoi Bay,0.5982142857142856,78.01863636363636,1.0,1.0,0.0,0.0
2018-07-22,Inland Sea,0.607142857142857,78.2205,1.0,1.0,0.0,0.0
2018-07-22,Main Lake Central,0.46428571428571414,78.46722222222223,1.0,1.0,0.0,0.0
2018-07-22,Main Lake North,0.46428571428571414,77.35611111111112,1.0,1.0,0.0,0.0
2018-07-22,Main Lake South,0.42857142857142844,76.81625,1.0,1.0,0.0,0.0
2018-07-22,Missisquoi Bay,0.4047619047619047,76.86142857142856,1.0,0.0,0.0,0.0
2018-07-23,Inland Sea,0.3333333333333333,76.86142857142856,1.0,0.0,0.0,0.0
2018-07-23,Main Lake Central,0.3539682539682539,77.29714285714284,1.0,0.0,0.0,0.0
2018-07-23,Main Lake North,0.4253968253968253,75.98761904761905,1.0,0.0,0.0,0.0
2018-07-23,Main Lake South,0.44920634920634905,74.77333333333333,1.0,1.0,0.0,0.0
2018-07-23,Malletts Bay,0.41349206349206336,74.83916666666667,1.0,1.0,0.0,0.0
2018-07-23,Missisquoi Bay,0.3499999999999999,74.93333333333335,1.0,1.0,0.0,0.0
2018-07-23,St. Albans Bay,0.33809523809523795,75.25416666666666,1.0,1.0,0.0,0.0
2018-07-24,Inland Sea,0.3738095238095237,75.74166666666667,1.0,1.0,0.0,0.0
2018-07-24,Main Lake Central,0.4452380952380951,76.86666666666667,1.0,1.0,0.0,0.0
2018-07-24,Main Lake North,0.4690476190476189,76.67592592592592,1.0,1.0,0.0,0.0
2018-07-24,Main Lake South,0.5404761904761903,76.95833333333334,1.0,1.0,0.0,0.0
2018-07-24,Malletts Bay,0.5523809523809523,77.08333333333334,1.0,1.0,0.0,0.0
2018-07-24,Missisquoi Bay,0.6952380952380951,77.16666666666667,1.0,1.0,0.0,0.0
2018-07-24,St. Albans Bay,0.7309523809523808,77.16666666666667,1.0,1.0,0.0,0.0
2018-07-25,Inland Sea,0.8738095238095236,77.65277777777779,1.0,1.0,0.0,0.0
2018-07-25,Main Lake Central,0.9642857142857142,78.04444444444444,1.0,1.0,0.0,0.0
2018-07-25,Main Lake North,0.9772727272727272,78.35416666666667,1.0,1.0,0.0,0.0
2018-07-25,Main Lake South,1.0963203463203464,78.27083333333333,1.0,1.0,0.0,0.0
2018-07-26,Inland Sea,1.1534632034632035,78.91250000000001,1.0,1.0,0.0,0.0
2018-07-26,Main Lake Central,1.224891774891775,78.87307692307694,1.0,1.0,0.0,0.0
2018-07-26,Main Lake North,1.2401978973407546,78.50128205128206,1.0,1.0,0.0,0.0
2018-07-26,Main Lake South,1.2401978973407546,77.80897435897435,1.0,0.0,0.0,0.0
2018-07-26,Missisquoi Bay,1.1687693259121832,77.43589743589743,1.0,0.0,0.0,0.0
2018-07-26,St. Albans Bay,1.0735312306740876,77.62638888888888,1.0,0.0,0.0,0.0
2018-07-27,Inland Sea,1.0259121830550402,77.66805555555555,1.0,1.0,0.0,0.0
2018-07-27,Main Lake Central,1.0140074211502783,77.77222222222223,1.0,1.0,0.0,0.0
2018-07-27,Main Lake South,0.9425788497217068,77.43888888888888,1.0,1.0,0.0,0.0
2018-07-27,Missisquoi Bay,0.9782931354359926,77.04102564102564,1.0,1.0,0.0,0.0
2018-07-27,St. Albans Bay,0.8711502782931354,76.54444444444444,1.0,1.0,0.0,0.0
2018-07-28,Main Lake Central,0.7521026592455163,76.32121212121211,1.0,1.0,0.0,0.0
2018-07-28,Main Lake North,0.6676870748299318,76.35303030303031,1.0,1.0,0.0,0.0
2018-07-28,Main Lake South,0.524829931972789,76.48833333333333,1.0,1.0,0.0,0.0
2018-07-28,Missisquoi Bay,0.4676870748299318,75.18833333333333,1.0,1.0,0.0,0.0
2018-07-28,St. Albans Bay,0.39625850340136043,74.83148148148149,1.0,1.0,0.0,0.0
2018-07-29,Inland Sea,0.3452380952380952,75.10208333333333,1.0,1.0,0.0,0.0
2018-07-29,Main Lake Central,0.3095238095238094,75.03958333333333,1.0,1.0,0.0,0.0
2018-07-29,Missisquoi Bay,0.3333333333333332,75.39583333333333,1.0,1.0,0.0,0.0
2018-07-30,Inland Sea,0.3333333333333332,75.39583333333333,1.0,1.0,0.0,0.0
2018-07-30,Main Lake Central,0.3095238095238094,74.64583333333333,1.0,1.0,0.0,0.0
2018-07-30,Main Lake North,0.3095238095238094,74.75,1.0,1.0,0.0,0.0
2018-07-30,Main Lake South,0.3095238095238094,75.375,1.0,1.0,0.0,0.0
2018-07-30,Malletts Bay,0.2619047619047618,76.125,1.0,1.0,1.0,0.0
2018-07-30,Missisquoi Bay,0.2976190476190475,76.125,1.0,1.0,1.0,0.0
2018-07-30,St. Albans Bay,0.2976190476190475,76.0,1.0,1.0,1.0,0.0
2018-07-31,Inland Sea,0.3333333333333332,75.5125,1.0,1.0,1.0,0.0
2018-07-31,Main Lake Central,0.34761904761904755,76.16388888888889,1.0,1.0,1.0,0.0
2018-07-31,Main Lake North,0.36410256410256403,76.83849206349207,1.0,1.0,1.0,0.0
2018-07-31,Main Lake South,0.39471480900052314,77.36964285714285,1.0,1.0,1.0,0.0
2018-07-31,Missisquoi Bay,0.41852433281004703,77.40422077922078,1.0,1.0,1.0,0.0
2018-07-31,St. Albans Bay,0.3828100470957613,77.79464285714286,1.0,1.0,1.0,0.0
2018-08-01,Inland Sea,0.35900052328623744,78.49464285714285,1.0,1.0,1.0,0.0
2018-08-01,Main Lake Central,0.4304290947148089,78.60422077922078,1.0,1.0,1.0,0.0
2018-08-01,Main Lake North,0.5447148090005232,79.0724025974026,1.0,1.0,1.0,0.0
2018-08-01,Main Lake South,0.6161433804290946,78.95119047619048,1.0,1.0,1.0,0.0
2018-08-01,Malletts Bay,0.5804290947148089,78.53300865800865,1.0,1.0,1.0,0.0
2018-08-01,Missisquoi Bay,0.6994767137624278,78.23603896103896,1.0,1.0,1.0,0.0
2018-08-02,Inland Sea,0.6280481423338564,78.23603896103896,1.0,1.0,1.0,0.0
2018-08-02,Main Lake Central,0.6994767137624278,78.8724025974026,1.0,1.0,1.0,0.0
2018-08-02,Main Lake North,0.7173338566195707,78.8724025974026,1.0,1.0,1.0,0.0
2018-08-02,Main Lake South,0.8459052851909993,78.29285714285714,1.0,1.0,1.0,0.0
2018-08-02,Malletts Bay,0.8702380952380951,78.32272727272728,1.0,1.0,1.0,0.0
2018-08-02,Missisquoi Bay,0.8539115646258502,77.94000000000001,1.0,1.0,1.0,0.0
2018-08-03,Inland Sea,0.9372448979591835,77.73166666666667,1.0,1.0,1.0,0.0
2018-08-03,Main Lake Central,0.9729591836734693,77.71969696969698,1.0,1.0,1.0,0.0
2018-08-03,Main Lake South,1.0158163265306122,76.91060606060606,1.0,1.0,1.0,0.0
2018-08-03,Malletts Bay,1.0158163265306122,76.63166666666666,1.0,1.0,1.0,0.0
2018-08-03,St. Albans Bay,0.9015306122448978,76.35185185185185,1.0,1.0,1.0,0.0
2018-08-04,Inland Sea,0.758673469387755,77.01851851851853,1.0,1.0,1.0,0.0
2018-08-04,Main Lake Central,0.8301020408163264,77.1962962962963,1.0,1.0,1.0,0.0
2018-08-04,Main Lake South,0.758673469387755,77.21851851851852,1.0,1.0,1.0,0.0
2018-08-04,Malletts Bay,0.758673469387755,76.49666666666667,1.0,1.0,1.0,0.0
2018-08-04,St. Albans Bay,0.6872448979591835,75.8851851851852,1.0,1.0,1.0,0.0
2018-08-05,Main Lake Central,0.633673469387755,76.59666666666666,1.0,1.0,1.0,0.0
2018-08-05,Missisquoi Bay,0.49081632653061213,76.83166666666668,1.0,1.0,1.0,0.0
2018-08-06,Inland Sea,0.4499999999999999,76.87962962962962,1.0,1.0,1.0,0.0
2018-08-06,Main Lake Central,0.4833333333333332,76.82166666666666,1.0,1.0,1.0,0.0
2018-08-06,Main Lake North,0.40680272108843524,77.47357142857143,1.0,1.0,0.0,0.0
2018-08-06,Main Lake South,0.442517006802721,77.31357142857142,1.0,1.0,0.0,0.0
2018-08-06,Malletts Bay,0.3996598639455781,77.25357142857142,1.0,1.0,0.0,0.0
2018-08-06,Missisquoi Bay,0.32823129251700667,77.25357142857142,1.0,1.0,0.0,0.0
2018-08-06,St. Albans Bay,0.39965986394557806,77.23051948051948,1.0,1.0,0.0,0.0
2018-08-07,Inland Sea,0.5187074829931971,77.61688311688312,1.0,1.0,1.0,0.0
2018-08-07,Main Lake Central,0.4115646258503399,77.81688311688312,1.0,1.0,1.0,0.0
2018-08-07,Main Lake North,0.36394557823129237,77.95324675324675,1.0,1.0,1.0,0.0
2018-08-07,Main Lake South,0.4175170068027209,78.6737012987013,1.0,1.0,1.0,0.0
2018-08-07,Malletts Bay,0.46513605442176853,78.28422619047619,1.0,1.0,1.0,0.0
2018-08-07,Missisquoi Bay,0.5008503401360542,77.85551948051949,1.0,1.0,1.0,0.0
2018-08-08,Inland Sea,0.5008503401360542,77.90607142857144,1.0,1.0,1.0,0.0
2018-08-08,Main Lake Central,0.5008503401360542,78.0237012987013,1.0,1.0,1.0,0.0
2018-08-08,Main Lake North,0.45972479901051316,78.66233766233766,1.0,1.0,1.0,0.0
2018-08-08,Main Lake South,0.44696969696969685,78.26060606060607,1.0,1.0,1.0,0.0
2018-08-08,Malletts Bay,0.37554112554112545,78.36424242424242,1.0,1.0,1.0,0.0
2018-08-08,Missisquoi Bay,0.37554112554112545,78.75066666666666,1.0,1.0,1.0,0.0
2018-08-09,Inland Sea,0.37554112554112545,78.75066666666666,1.0,1.0,1.0,0.0
2018-08-09,Main Lake Central,0.35173160173160156,79.32066666666667,1.0,1.0,1.0,0.0
2018-08-09,Main Lake South,0.304112554112554,78.77066666666667,0.0,0.0,0.0,0.0
2018-08-09,Malletts Bay,0.35173160173160156,79.10066666666667,0.0,0.0,0.0,0.0
2018-08-10,Inland Sea,0.3279220779220778,78.98066666666668,0.0,0.0,0.0,0.0
2018-08-10,Main Lake Central,0.31006493506493493,79.34816666666666,0.0,0.0,0.0,0.0
2018-08-10,Main Lake South,0.3695887445887444,79.70316666666666,0.0,0.0,0.0,0.0
2018-08-10,Malletts Bay,0.3695887445887444,79.46196969696969,0.0,0.0,0.0,0.0
2018-08-11,Inland Sea,0.44101731601731586,79.46196969696969,0.0,0.0,0.0,0.0
2018-08-11,Main Lake North,0.44101731601731586,79.3528787878788,0.0,0.0,0.0,0.0
2018-08-11,Main Lake South,0.43452380952380937,78.95566666666666,0.0,0.0,0.0,0.0
2018-08-11,St. Albans Bay,0.48809523809523797,78.179,0.0,0.0,0.0,0.0
2018-08-12,Inland Sea,0.48809523809523797,79.065,0.0,0.0,0.0,0.0
2018-08-12,Main Lake Central,0.48809523809523797,78.96818181818182,0.0,0.0,0.0,0.0
2018-08-12,Missisquoi Bay,0.5238095238095236,78.85000000000001,0.0,0.0,0.0,0.0
2018-08-13,Inland Sea,0.5476190476190474,78.20833333333333,0.0,0.0,0.0,0.0
2018-08-13,Main Lake Central,0.476190476190476,78.25416666666666,1.0,1.0,0.0,0.0
2018-08-13,Main Lake North,0.44047619047619035,78.07083333333333,1.0,1.0,0.0,0.0
2018-08-13,Main Lake South,0.46428571428571414,78.72083333333333,1.0,1.0,0.0,0.0
2018-08-13,Malletts Bay,0.42857142857142844,78.2375,1.0,1.0,0.0,0.0
2018-08-13,Missisquoi Bay,0.3214285714285713,78.3,1.0,1.0,0.0,0.0
2018-08-13,St. Albans Bay,0.2857142857142856,78.11363636363636,1.0,1.0,1.0,0.0
2018-08-14,Inland Sea,0.23809523809523797,78.11363636363636,1.0,1.0,1.0,0.0
2018-08-14,Main Lake Central,0.26190476190476175,78.08333333333333,1.0,1.0,1.0,0.0
2018-08-14,Main Lake North,0.27210884353741477,78.18194444444445,1.0,1.0,1.0,0.0
2018-08-14,Main Lake South,0.2006802721088434,79.20486111111111,1.0,1.0,1.0,0.0
2018-08-14,Malletts Bay,0.2149659863945577,78.54652777777778,1.0,1.0,1.0,0.0
2018-08-14,Missisquoi Bay,0.2149659863945577,78.59621212121213,1.0,1.0,1.0,0.0
2018-08-14,St. Albans Bay,0.179251700680272,78.54621212121214,1.0,1.0,1.0,0.0
2018-08-15,Inland Sea,0.10782312925170054,79.15075757575758,1.0,1.0,1.0,0.0
2018-08-15,Main Lake Central,0.1256802721088434,79.03257575757576,1.0,1.0,1.0,0.0
2018-08-15,Main Lake North,0.19540816326530597,79.67500000000001,1.0,1.0,1.0,0.0
2018-08-15,Main Lake South,0.24302721088435358,78.92045454545455,1.0,1.0,1.0,0.0
2018-08-15,Malletts Bay,0.24302721088435358,79.68045454545455,1.0,1.0,1.0,0.0
2018-08-15,Missisquoi Bay,0.24302721088435358,79.68045454545455,1.0,1.0,1.0,0.0
2018-08-16,Inland Sea,0.24302721088435358,80.1485,1.0,1.0,1.0,0.0
2018-08-16,Main Lake Central,0.23707482993197265,80.53954545454546,1.0,1.0,1.0,0.0
2018-08-16,Main Lake North,0.28469387755102027,80.62439393939394,1.0,1.0,1.0,0.0
2018-08-16,Main Lake South,0.3102040816326529,80.41833333333334,1.0,1.0,1.0,0.0
2018-08-16,Malletts Bay,0.35306122448979577,79.69636363636363,1.0,1.0,1.0,0.0
2018-08-16,Missisquoi Bay,0.3387755102040814,79.856,1.0,1.0,1.0,0.0
2018-08-17,Inland Sea,0.3387755102040814,79.64181818181818,1.0,1.0,1.0,0.0
2018-08-17,Main Lake Central,0.3387755102040814,79.44181818181818,1.0,1.0,1.0,0.0
2018-08-17,Main Lake South,0.4102040816326529,78.88272727272727,1.0,1.0,1.0,0.0
2018-08-17,Malletts Bay,0.39234693877551,78.61,1.0,1.0,1.0,0.0
2018-08-17,Missisquoi Bay,0.3346153846153844,77.83433333333332,1.0,1.0,1.0,0.0
2018-08-18,Inland Sea,0.25769230769230755,77.93433333333333,1.0,1.0,1.0,0.0
2018-08-18,Main Lake South,0.25769230769230755,77.11833333333333,1.0,1.0,1.0,0.0
2018-08-19,Inland Sea,0.25769230769230755,76.65303030303029,1.0,1.0,1.0,0.0
2018-08-19,Main Lake Central,0.27692307692307677,76.76527777777777,1.0,1.0,1.0,0.0
2018-08-19,Missisquoi Bay,0.296153846153846,76.2611111111111,1.0,1.0,1.0,0.0
2018-08-20,Inland Sea,0.296153846153846,75.96111111111112,1.0,1.0,1.0,0.0
2018-08-20,Main Lake Central,0.28333333333333316,76.24236111111112,1.0,1.0,1.0,0.0
2018-08-20,Main Lake North,0.31410256410256393,76.33958333333334,1.0,1.0,1.0,0.0
2018-08-20,Main Lake South,0.39102564102564086,76.39423076923077,1.0,1.0,1.0,0.0
2018-08-20,Malletts Bay,0.4423076923076922,76.41730769230769,1.0,1.0,1.0,0.0
2018-08-20,Missisquoi Bay,0.4423076923076922,76.55208333333333,1.0,1.0,1.0,0.0
2018-08-20,St. Albans Bay,0.36538461538461525,76.42708333333333,1.0,1.0,1.0,0.0
2018-08-21,Inland Sea,0.519230769230769,76.375,1.0,1.0,1.0,0.0
2018-08-21,Main Lake Central,0.5178571428571427,76.34375,1.0,1.0,1.0,0.0
2018-08-21,Main Lake North,0.5892857142857142,76.41041666666668,1.0,1.0,1.0,0.0
2018-08-21,Main Lake South,0.6892857142857142,76.49791666666667,1.0,1.0,1.0,0.0
2018-08-21,Malletts Bay,0.7607142857142856,76.77291666666667,1.0,1.0,1.0,0.0
2018-08-21,Missisquoi Bay,0.8142857142857142,76.66136363636365,1.0,1.0,1.0,0.0
2018-08-21,St. Albans Bay,0.7785714285714285,76.4875,1.0,1.0,1.0,0.0
2018-08-22,Main Lake Central,0.8499999999999999,76.6375,1.0,1.0,1.0,0.0
2018-08-22,Main Lake North,0.8976190476190474,76.39666666666666,1.0,1.0,1.0,0.0
2018-08-22,Main Lake South,0.8619047619047617,75.99666666666666,1.0,1.0,1.0,0.0
2018-08-22,Malletts Bay,0.8142857142857141,75.96166666666667,1.0,1.0,1.0,0.0
2018-08-22,Missisquoi Bay,0.7904761904761903,75.73166666666667,1.0,1.0,1.0,0.0
2018-08-23,Inland Sea,0.7904761904761903,75.73166666666667,1.0,1.0,1.0,0.0
2018-08-23,Main Lake Central,0.826190476190476,75.63166666666667,1.0,1.0,0.0,0.0
2018-08-23,Main Lake South,0.7547619047619046,75.30151515151516,1.0,1.0,0.0,0.0
2018-08-23,St. Albans Bay,0.7190476190476189,75.23166666666667,1.0,1.0,0.0,0.0
2018-08-24,Inland Sea,0.6476190476190474,75.05740740740741,1.0,1.0,0.0,0.0
2018-08-24,Main Lake South,0.5476190476190474,74.80833333333334,0.0,1.0,0.0,0.0
2018-08-25,Main Lake North,0.5476190476190474,74.45833333333334,0.0,1.0,0.0,0.0
2018-08-25,Main Lake South,0.476190476190476,74.45833333333334,0.0,1.0,0.0,0.0
2018-08-26,Inland Sea,0.476190476190476,74.18518518518519,0.0,1.0,0.0,0.0
2018-08-26,Main Lake Central,0.4047619047619046,73.64074074074075,0.0,0.0,0.0,0.0
2018-08-27,Inland Sea,0.3690476190476189,73.13333333333334,0.0,0.0,0.0,0.0
2018-08-27,Main Lake Central,0.33333333333333315,73.57777777777778,0.0,0.0,0.0,0.0
2018-08-27,Main Lake North,0.3214285714285713,73.48888888888888,1.0,0.0,1.0,0.0
2018-08-27,Main Lake South,0.3214285714285713,73.57222222222222,1.0,0.0,1.0,0.0
2018-08-27,Malletts Bay,0.3214285714285713,73.67999999999999,1.0,1.0,1.0,0.0
2018-08-27,Missisquoi Bay,0.2857142857142856,73.75555555555555,1.0,1.0,1.0,0.0
2018-08-27,St. Albans Bay,0.21428571428571416,73.86666666666666,1.0,1.0,1.0,0.0
2018-08-28,Inland Sea,0.21428571428571416,73.86666666666666,1.0,1.0,1.0,0.0
2018-08-28,Main Lake Central,0.23809523809523797,74.92999999999999,1.0,1.0,1.0,0.0
2018-08-28,Main Lake North,0.2559523809523808,75.06233766233767,1.0,1.0,1.0,0.0
2018-08-28,Main Lake South,0.2702380952380951,75.91991341991341,1.0,1.0,1.0,0.0
2018-08-28,Malletts Bay,0.3416666666666665,75.75992063492063,1.0,1.0,1.0,0.0
2018-08-28,Missisquoi Bay,0.41309523809523796,76.1017316017316,1.0,1.0,1.0,0.0
2018-08-28,St. Albans Bay,0.41309523809523796,76.86536796536797,1.0,1.0,1.0,0.0
2018-08-29,Inland Sea,0.49642857142857133,77.41991341991341,1.0,1.0,1.0,0.0
2018-08-29,Main Lake Central,0.5964285714285713,77.28354978354979,1.0,1.0,1.0,0.0
2018-08-29,Main Lake North,0.6559523809523808,78.1865800865801,1.0,1.0,1.0,0.0
2018-08-29,Main Lake South,0.7392857142857141,78.16385281385281,1.0,1.0,1.0,0.0
2018-08-29,Malletts Bay,0.7535714285714284,78.45203463203462,1.0,1.0,1.0,0.0
2018-08-30,Inland Sea,0.7892857142857143,78.49769841269841,1.0,1.0,1.0,0.0
2018-08-30,Main Lake North,0.7892857142857143,78.99748917748917,1.0,1.0,1.0,0.0
2018-08-30,Main Lake South,0.8607142857142855,78.33103174603174,1.0,1.0,1.0,0.0
2018-08-31,Inland Sea,0.9185374149659863,77.8615873015873,1.0,1.0,1.0,0.0
2018-08-31,Main Lake North,0.9006802721088434,77.63777777777777,1.0,1.0,1.0,0.0
2018-08-31,Missisquoi Bay,0.8863945578231291,77.24727272727273,1.0,1.0,1.0,0.0
2018-08-31,St. Albans Bay,0.8149659863945578,77.15636363636364,1.0,1.0,1.0,0.0
2018-09-01,Inland Sea,0.7435374149659862,77.15636363636364,1.0,1.0,1.0,0.0
2018-09-01,Main Lake North,0.8149659863945578,77.09272727272727,1.0,1.0,1.0,0.0
2018-09-02,Inland Sea,0.8387755102040816,76.852,1.0,1.0,1.0,0.0
2018-09-02,Main Lake Central,0.810204081632653,76.852,1.0,1.0,1.0,0.0
2018-09-02,Main Lake South,0.810204081632653,75.56866666666666,1.0,1.0,1.0,0.0
2018-09-03,Inland Sea,0.7744897959183673,74.86866666666666,1.0,1.0,1.0,0.0
2018-09-03,Main Lake North,0.8137755102040815,74.40416666666667,1.0,1.0,1.0,0.0
2018-09-04,Inland Sea,0.9209183673469387,74.20416666666668,0.0,0.0,0.0,0.0
2018-09-04,Main Lake Central,0.9685374149659862,74.09469696969698,0.0,0.0,0.0,0.0
2018-09-04,Main Lake North,0.9185374149659863,74.51833333333333,1.0,1.0,0.0,0.0
2018-09-04,Main Lake South,0.8547619047619046,74.62136363636364,1.0,1.0,0.0,0.0
2018-09-04,Missisquoi Bay,0.9119047619047617,74.79409090909091,1.0,1.0,0.0,0.0
2018-09-04,St. Albans Bay,0.8404761904761903,74.79409090909091,1.0,1.0,0.0,0.0
2018-09-05,Inland Sea,0.9119047619047617,74.9735,1.0,1.0,0.0,0.0
2018-09-05,Main Lake Central,0.9690476190476189,75.30545454545455,1.0,1.0,0.0,0.0
2018-09-05,Main Lake North,0.8619047619047617,75.37818181818183,1.0,1.0,0.0,0.0
2018-09-05,Main Lake South,0.7904761904761903,75.58416666666666,1.0,1.0,0.0,0.0
2018-09-05,Missisquoi Bay,0.7904761904761903,75.77166666666666,1.0,1.0,0.0,0.0
2018-09-05,St. Albans Bay,0.7190476190476189,75.77166666666666,1.0,1.0,1.0,0.0
2018-09-06,Inland Sea,0.6952380952380951,76.105,1.0,1.0,1.0,0.0
2018-09-06,Main Lake Central,0.6654761904761903,76.67375,1.0,1.0,1.0,0.0
2018-09-06,Main Lake North,0.5369047619047617,76.6440909090909,1.0,1.0,1.0,0.0
2018-09-06,Main Lake South,0.5249999999999998,76.64863636363636,1.0,1.0,1.0,0.0
2018-09-06,Malletts Bay,0.6285714285714284,76.36136363636363,1.0,1.0,1.0,0.0
2018-09-06,St. Albans Bay,0.6107142857142857,76.27045454545454,1.0,1.0,1.0,0.0
2018-09-07,Inland Sea,0.6249999999999999,76.3375,1.0,1.0,1.0,0.0
2018-09-07,Main Lake Central,0.6249999999999999,76.55227272727272,1.0,1.0,1.0,0.0
2018-09-07,Main Lake North,0.6249999999999999,76.19791666666667,1.0,1.0,1.0,0.0
2018-09-07,Missisquoi Bay,0.5678571428571427,75.97727272727273,1.0,1.0,1.0,0.0
2018-09-08,Inland Sea,0.5321428571428569,75.56500000000001,1.0,1.0,1.0,1.0
2018-09-08,Main Lake South,0.4607142857142855,74.38000000000001,1.0,1.0,1.0,1.0
2018-09-09,Main Lake Central,0.5321428571428569,73.555,1.0,1.0,1.0,1.0
2018-09-10,Inland Sea,0.6035714285714284,73.155,1.0,1.0,1.0,1.0
2018-09-10,Main Lake Central,0.6416666666666666,72.53,1.0,1.0,1.0,1.0
2018-09-10,Main Lake North,0.6714285714285714,71.1725,1.0,1.0,1.0,1.0
2018-09-10,Main Lake South,0.7285714285714285,70.92045454545455,1.0,1.0,1.0,1.0
2018-09-10,Missisquoi Bay,0.7404761904761904,70.36136363636363,1.0,1.0,1.0,1.0
2018-09-11,Inland Sea,0.6154761904761904,70.1340909090909,1.0,1.0,1.0,1.0
2018-09-11,Main Lake Central,0.663095238095238,70.08863636363635,1.0,1.0,1.0,1.0
2018-09-11,Main Lake South,0.6392857142857142,70.08291666666666,1.0,1.0,1.0,1.0
2018-09-12,Main Lake Central,0.7107142857142856,69.26625,1.0,1.0,1.0,1.0
2018-09-12,Main Lake North,0.682142857142857,69.44125,1.0,1.0,1.0,1.0
2018-09-12,Main Lake South,0.682142857142857,69.715,1.0,1.0,1.0,1.0
2018-09-12,Malletts Bay,0.6964285714285713,70.09964285714285,1.0,1.0,1.0,0.0
2018-09-12,Missisquoi Bay,0.6964285714285713,70.41499999999999,1.0,1.0,1.0,0.0
2018-09-13,Inland Sea,0.5535714285714285,70.49192307692307,1.0,1.0,1.0,0.0
2018-09-13,Main Lake North,0.48214285714285704,71.14576923076923,1.0,1.0,1.0,0.0
2018-09-13,Main Lake South,0.3964285714285713,71.70346153846154,1.0,1.0,1.0,0.0
2018-09-13,Missisquoi Bay,0.37857142857142845,72.59,1.0,1.0,1.0,0.0
2018-09-14,Inland Sea,0.307142857142857,72.71307692307693,1.0,1.0,1.0,0.0
2018-09-14,Main Lake Central,0.2595238095238094,73.19,1.0,1.0,1.0,0.0
2018-09-14,Main Lake North,0.2952380952380951,73.42846153846155,1.0,1.0,1.0,1.0
2018-09-14,Main Lake South,0.2952380952380951,73.00538461538461,1.0,1.0,1.0,1.0
2018-09-14,Malletts Bay,0.2714285714285713,72.96538461538461,1.0,1.0,1.0,1.0
2018-09-14,Missisquoi Bay,0.2714285714285713,73.05,1.0,1.0,1.0,1.0
2018-09-15,Inland Sea,0.22857142857142845,72.71153846153847,1.0,1.0,1.0,1.0
2018-09-15,Main Lake Central,0.22857142857142845,72.01923076923077,1.0,1.0,1.0,1.0
2018-09-15,Main Lake South,0.2857142857142856,71.7625,1.0,1.0,1.0,1.0
2018-09-16,Inland Sea,0.35714285714285704,71.7625,1.0,1.0,1.0,1.0
2018-09-16,Main Lake Central,0.35714285714285704,72.22083333333333,1.0,1.0,1.0,1.0
2018-09-17,Inland Sea,0.42857142857142844,72.42916666666666,1.0,1.0,1.0,1.0
2018-09-17,Main Lake Central,0.46428571428571414,72.5125,1.0,1.0,1.0,1.0
2018-09-17,Main Lake South,0.4999999999999999,72.51666666666667,1.0,1.0,1.0,1.0
2018-09-18,Inland Sea,0.5357142857142856,72.85000000000001,1.0,1.0,1.0,1.0
2018-09-18,Main Lake Central,0.5357142857142856,73.32083333333334,1.0,1.0,1.0,1.0
2018-09-18,Main Lake North,0.5549450549450549,73.40625,1.0,1.0,1.0,1.0
2018-09-18,St. Albans Bay,0.5430402930402929,73.82291666666667,1.0,1.0,1.0,1.0
2018-09-19,Inland Sea,0.5906593406593406,74.82291666666667,1.0,1.0,1.0,1.0
2018-09-19,Main Lake Central,0.6263736263736263,74.78958333333334,1.0,1.0,0.0,1.0
2018-09-19,Main Lake North,0.6710164835164835,74.74791666666667,1.0,1.0,0.0,1.0
2018-09-19,Main Lake South,0.6710164835164835,75.16458333333334,1.0,1.0,0.0,1.0
2018-09-19,Malletts Bay,0.7067307692307692,74.7673076923077,1.0,1.0,0.0,1.0
2018-09-19,St. Albans Bay,0.7424450549450549,74.56964285714285,1.0,1.0,0.0,1.0
2018-09-20,Inland Sea,0.8138736263736263,74.57499999999999,1.0,1.0,0.0,1.0
2018-09-20,Main Lake Central,0.7424450549450549,73.775,1.0,1.0,0.0,1.0
2018-09-20,Main Lake North,0.7067307692307692,73.74423076923077,1.0,1.0,0.0,1.0
2018-09-20,Missisquoi Bay,0.6710164835164835,73.12884615384615,1.0,1.0,0.0,1.0
2018-09-21,Inland Sea,0.6353021978021978,72.4826923076923,1.0,1.0,0.0,1.0
2018-09-21,Main Lake Central,0.7781593406593406,71.58653846153847,1.0,1.0,0.0,1.0
2018-09-21,St. Albans Bay,0.8422619047619045,71.375,1.0,1.0,0.0,1.0
2018-09-22,Inland Sea,0.8779761904761904,70.77272727272727,1.0,1.0,0.0,1.0
2018-09-22,Main Lake North,0.8065476190476188,69.44545454545454,1.0,1.0,0.0,1.0
2018-09-23,Inland Sea,0.7708333333333331,69.42999999999999,1.0,1.0,0.0,0.0
2018-09-24,Main Lake Central,0.726190476190476,68.97999999999999,1.0,1.0,0.0,0.0
2018-09-24,Main Lake South,0.7976190476190474,68.47999999999999,1.0,1.0,0.0,0.0
2018-09-24,Missisquoi Bay,0.7619047619047618,68.05,1.0,1.0,0.0,0.0
2018-09-25,Inland Sea,0.7083333333333331,67.41666666666666,1.0,1.0,1.0,1.0
2018-09-25,Main Lake South,0.7083333333333331,67.10606060606061,1.0,1.0,1.0,1.0
2018-09-25,Missisquoi Bay,0.851190476190476,66.45151515151514,1.0,1.0,1.0,1.0
2018-09-25,St. Albans Bay,0.9940476190476188,65.57878787878788,1.0,1.0,1.0,1.0
2018-09-26,Main Lake Central,1.101190476190476,65.13666666666667,1.0,1.0,1.0,1.0
2018-09-26,Main Lake North,1.163690476190476,65.08518518518518,1.0,1.0,1.0,1.0
2018-09-26,Malletts Bay,1.163690476190476,64.83333333333333,1.0,1.0,1.0,1.0
2018-09-27,Inland Sea,1.044642857142857,64.83333333333333,1.0,1.0,1.0,1.0
2018-09-27,Main Lake North,0.9732142857142856,65.24074074074073,1.0,1.0,1.0,1.0
2018-09-27,Main Lake South,0.9732142857142856,65.35185185185186,1.0,1.0,1.0,1.0
2018-09-28,Inland Sea,0.9017857142857142,65.16666666666667,1.0,1.0,1.0,1.0
2018-09-28,Main Lake North,0.9017857142857142,65.62666666666667,1.0,1.0,1.0,1.0
2018-09-29,Inland Sea,0.9732142857142856,65.52666666666667,1.0,1.0,1.0,1.0
2018-09-30,Main Lake North,0.9732142857142856,65.84666666666666,1.0,1.0,1.0,1.0
2018-10-01,Inland Sea,1.0624999999999998,65.86666666666667,1.0,1.0,1.0,1.0
2018-10-02,Main Lake North,0.9910714285714285,65.64444444444445,1.0,1.0,1.0,1.0
2018-10-02,Main Lake South,0.9910714285714285,66.05,1.0,1.0,1.0,1.0
2018-10-03,Inland Sea,0.919642857142857,65.525,1.0,1.0,1.0,1.0
2018-10-03,Main Lake Central,0.7767857142857142,64.96666666666667,0.0,0.0,0.0,0.0
2018-10-03,Main Lake North,0.7857142857142856,64.27000000000001,0.0,0.0,0.0,0.0
2018-10-04,Inland Sea,0.6785714285714285,63.57727272727273,0.0,0.0,0.0,0.0
2018-10-04,Main Lake Central,0.8214285714285713,63.679166666666674,0.0,0.0,0.0,0.0
2018-10-04,Main Lake South,0.9285714285714285,62.97083333333334,0.0,0.0,0.0,0.0
2018-10-06,Main Lake Central,0.9642857142857142,62.262499999999996,0.0,0.0,0.0,0.0
2018-10-10,Inland Sea,1.0357142857142856,62.395833333333336,0.0,0.0,0.0,0.0
2018-10-10,Main Lake Central,1.107142857142857,62.47638888888889,0.0,0.0,0.0,0.0
2018-10-10,Main Lake North,1.0357142857142856,62.97638888888889,0.0,0.0,0.0,0.0
2018-10-11,Inland Sea,1.0357142857142856,62.69305555555555,0.0,0.0,0.0,0.0
2018-10-11,St. Albans Bay,0.9642857142857142,62.462820512820514,0.0,0.0,0.0,0.0
2018-10-12,Inland Sea,0.9642857142857142,62.50138888888889,0.0,0.0,0.0,0.0
2018-10-13,St. Albans Bay,0.9642857142857142,62.19358974358974,0.0,0.0,0.0,0.0
2018-10-15,Main Lake Central,1.0357142857142856,62.30972222222223,0.0,0.0,0.0,0.0
2018-10-19,Inland Sea,1.107142857142857,61.768055555555556,0.0,0.0,0.0,0.0
2019-06-03,Missisquoi Bay,1.1785714285714286,61.65972222222222,0.0,0.0,0.0,0.0
2019-06-04,Main Lake Central,1.2142857142857142,62.11515151515152,0.0,0.0,0.0,0.0
2019-06-05,Main Lake Central,1.0714285714285714,61.84666666666667,0.0,1.0,0.0,0.0
2019-06-10,Main Lake Central,0.9642857142857142,62.05185185185186,0.0,1.0,0.0,0.0
2019-06-10,Main Lake North,0.9285714285714285,62.383333333333326,0.0,1.0,0.0,0.0
2019-06-10,Malletts Bay,0.857142857142857,61.99523809523809,1.0,1.0,0.0,0.0
2019-06-11,Inland Sea,0.846153846153846,60.56666666666666,1.0,1.0,0.0,0.0
2019-06-11,St. Albans Bay,0.769230769230769,58.879999999999995,1.0,1.0,0.0,0.0
2019-06-12,Main Lake South,0.6923076923076922,57.224999999999994,1.0,1.0,0.0,0.0
2019-06-15,Main Lake Central,0.6923076923076922,56.4,1.0,1.0,0.0,0.0
2019-06-16,Inland Sea,0.769230769230769,57.550000000000004,1.0,1.0,0.0,0.0
2019-06-16,Main Lake South,0.6153846153846152,57.23333333333333,1.0,1.0,0.0,0.0
2019-06-17,Inland Sea,0.4615384615384614,56.675,1.0,1.0,0.0,0.0
2019-06-17,Main Lake Central,0.38461538461538447,58.9875,1.0,1.0,0.0,0.0
2019-06-17,Main Lake North,0.23076923076923064,60.3125,1.0,1.0,0.0,0.0
2019-06-17,Main Lake South,0.15384615384615372,60.3125,1.0,1.0,0.0,0.0
2019-06-17,Missisquoi Bay,0.15384615384615372,60.3125,1.0,1.0,0.0,0.0
2019-06-18,Inland Sea,0.19230769230769218,60.65,1.0,1.0,1.0,0.0
2019-06-18,Main Lake Central,0.19230769230769218,60.375,1.0,1.0,1.0,0.0
2019-06-18,Main Lake South,0.19230769230769218,60.892857142857146,1.0,1.0,1.0,0.0
2019-06-18,Malletts Bay,0.17857142857142844,60.892857142857146,1.0,1.0,1.0,0.0
2019-06-18,Missisquoi Bay,0.24999999999999986,60.892857142857146,1.0,1.0,1.0,0.0
2019-06-19,Inland Sea,0.24999999999999986,60.892857142857146,1.0,1.0,1.0,0.0
2019-06-19,Main Lake Central,0.19047619047619033,61.573750000000004,1.0,1.0,1.0,0.0
2019-06-19,Main Lake North,0.16666666666666652,62.45375,1.0,1.0,1.0,0.0
2019-06-19,Main Lake South,0.2202380952380951,63.153333333333336,1.0,1.0,1.0,0.0
2019-06-19,Malletts Bay,0.2559523809523808,64.00888888888889,1.0,1.0,1.0,0.0
2019-06-19,Missisquoi Bay,0.3273809523809522,64.10375,1.0,1.0,1.0,0.0
2019-06-20,Inland Sea,0.39880952380952367,64.40428571428572,1.0,1.0,1.0,0.0
2019-06-20,Main Lake South,0.47023809523809507,65.01625,1.0,1.0,1.0,0.0
2019-06-20,Malletts Bay,0.47023809523809507,65.25888888888889,1.0,1.0,1.0,0.0
2019-06-20,St. Albans Bay,0.43452380952380937,65.66625,1.0,0.0,0.0,0.0
2019-06-21,Main Lake Central,0.43452380952380937,66.29125,1.0,0.0,0.0,0.0
2019-06-21,Main Lake North,0.5059523809523808,65.44125,1.0,0.0,0.0,0.0
2019-06-21,Main Lake South,0.5059523809523808,65.44125,0.0,0.0,0.0,0.0
2019-06-22,Inland Sea,0.43452380952380937,64.05888888888889,0.0,0.0,0.0,0.0
2019-06-22,Main Lake Central,0.43452380952380937,64.453,0.0,0.0,0.0,0.0
2019-06-23,Inland Sea,0.4940476190476189,64.24333333333333,0.0,0.0,0.0,0.0
2019-06-23,Main Lake Central,0.4464285714285713,63.76875,0.0,0.0,0.0,0.0
2019-06-23,Main Lake South,0.39285714285714274,63.05714285714286,0.0,0.0,0.0,0.0
2019-06-24,Inland Sea,0.35714285714285704,62.67142857142858,0.0,0.0,0.0,0.0
2019-06-24,Main Lake Central,0.31428571428571417,63.212500000000006,0.0,0.0,0.0,0.0
2019-06-24,Main Lake North,0.27857142857142847,63.74444444444445,1.0,1.0,0.0,0.0
2019-06-24,Main Lake South,0.20714285714285705,62.71111111111111,1.0,1.0,0.0,0.0
2019-06-24,Malletts Bay,0.24285714285714274,63.35555555555556,1.0,1.0,0.0,0.0
2019-06-24,Missisquoi Bay,0.27857142857142847,63.35555555555556,1.0,1.0,0.0,0.0
2019-06-25,Inland Sea,0.27857142857142847,63.13333333333334,1.0,1.0,1.0,0.0
2019-06-25,Main Lake Central,0.2642857142857142,64.6,1.0,1.0,1.0,0.0
2019-06-25,Main Lake North,0.2642857142857142,64.5325,1.0,1.0,1.0,0.0
2019-06-25,Main Lake South,0.3357142857142856,65.68249999999999,1.0,1.0,1.0,0.0
2019-06-25,Malletts Bay,0.3595238095238094,65.425,1.0,1.0,1.0,0.0
2019-06-25,St. Albans Bay,0.28809523809523796,65.425,1.0,1.0,1.0,0.0
2019-06-26,Inland Sea,0.3595238095238094,65.29583333333332,1.0,1.0,1.0,0.0
2019-06-26,Main Lake Central,0.3595238095238094,65.54348484848485,1.0,1.0,1.0,0.0
2019-06-26,Main Lake North,0.3753968253968253,66.33780303030302,1.0,1.0,1.0,0.0
2019-06-26,Main Lake South,0.3896825396825396,66.18628787878788,1.0,1.0,1.0,0.0
2019-06-26,Malletts Bay,0.3539682539682539,66.4044696969697,0.0,1.0,1.0,0.0
2019-06-26,Missisquoi Bay,0.3539682539682539,66.04083333333334,0.0,1.0,1.0,0.0
2019-06-27,Inland Sea,0.3182539682539681,65.34491666666666,0.0,1.0,1.0,0.0
2019-06-27,Main Lake Central,0.28253968253968237,65.99537878787879,0.0,1.0,1.0,0.0
2019-06-27,Main Lake South,0.32150072150072134,66.6024494949495,0.0,1.0,1.0,0.0
2019-06-27,Malletts Bay,0.30007215007214993,66.63881313131313,0.0,1.0,1.0,0.0
2019-06-27,St. Albans Bay,0.30007215007214993,66.91019444444444,0.0,1.0,1.0,0.0
2019-06-28,Inland Sea,0.30007215007214993,67.17799382716049,0.0,1.0,1.0,0.0
2019-06-28,Main Lake Central,0.2762626262626261,67.80019444444444,0.0,1.0,1.0,0.0
2019-06-28,Main Lake North,0.294119769119769,68.18805555555556,0.0,1.0,1.0,0.0
2019-06-28,Main Lake South,0.294119769119769,68.59352777777778,0.0,0.0,0.0,0.0
2019-06-28,Malletts Bay,0.294119769119769,68.19152777777778,0.0,0.0,0.0,0.0
2019-06-28,St. Albans Bay,0.31396103896103883,68.46777777777778,0.0,0.0,0.0,0.0
2019-06-29,Main Lake Central,0.27110389610389596,68.81604938271605,0.0,0.0,0.0,0.0
2019-06-29,Main Lake South,0.27110389610389596,68.61805555555556,0.0,0.0,0.0,0.0
2019-06-30,Inland Sea,0.27110389610389596,69.74305555555556,0.0,0.0,0.0,0.0
2019-06-30,Main Lake Central,0.27110389610389596,69.74305555555556,0.0,0.0,0.0,0.0
2019-06-30,Main Lake North,0.4139610389610388,69.18055555555556,0.0,0.0,0.0,0.0
2019-06-30,Main Lake South,0.3749999999999999,69.25238095238095,0.0,0.0,0.0,0.0
2019-06-30,St. Albans Bay,0.33928571428571414,68.99444444444445,0.0,0.0,0.0,0.0
2019-07-01,Inland Sea,0.33928571428571414,68.99444444444445,0.0,0.0,0.0,0.0
2019-07-01,Main Lake Central,0.2916666666666665,69.25238095238095,0.0,0.0,0.0,0.0
2019-07-01,Main Lake North,0.3120748299319726,69.41666666666666,1.0,0.0,0.0,0.0
2019-07-01,Main Lake South,0.29421768707482976,69.40714285714286,1.0,0.0,0.0,0.0
2019-07-01,Malletts Bay,0.2227891156462584,69.80624999999999,1.0,0.0,0.0,0.0
2019-07-01,St. Albans Bay,0.25136054421768694,71.18124999999999,1.0,0.0,0.0,0.0
2019-07-02,Inland Sea,0.21564625850340122,71.13571428571427,1.0,0.0,0.0,0.0
2019-07-02,Main Lake Central,0.22993197278911554,71.59375,1.0,0.0,0.0,0.0
2019-07-02,Main Lake North,0.2442176870748298,71.85,1.0,0.0,0.0,0.0
2019-07-02,Main Lake South,0.2918367346938774,72.63888888888889,1.0,0.0,0.0,0.0
2019-07-02,Malletts Bay,0.3037414965986393,72.88166666666666,1.0,0.0,0.0,0.0
2019-07-02,Missisquoi Bay,0.16088435374149648,73.38166666666666,1.0,0.0,0.0,0.0
2019-07-02,St. Albans Bay,0.2323129251700679,73.3469696969697,1.0,0.0,1.0,0.0
2019-07-03,Inland Sea,0.2323129251700679,73.10972222222222,1.0,0.0,1.0,0.0
2019-07-03,Main Lake Central,0.24124149659863933,73.5051282051282,1.0,0.0,1.0,0.0
2019-07-03,Main Lake North,0.24600340136054408,73.92820512820514,1.0,0.0,1.0,0.0
2019-07-03,Main Lake South,0.22559523809523796,74.0397435897436,1.0,0.0,1.0,0.0
2019-07-03,Malletts Bay,0.24146825396825383,74.15320512820512,1.0,1.0,1.0,0.0
2019-07-03,Missisquoi Bay,0.24146825396825383,74.7224358974359,1.0,1.0,1.0,0.0
2019-07-03,St. Albans Bay,0.21289682539682528,74.69930555555555,1.0,1.0,1.0,0.0
2019-07-04,Inland Sea,0.21289682539682528,74.69930555555555,1.0,1.0,1.0,0.0
2019-07-04,Main Lake Central,0.2700396825396824,75.09097222222222,1.0,1.0,1.0,0.0
2019-07-04,Main Lake South,0.2843253968253967,75.50972222222222,1.0,1.0,1.0,0.0
2019-07-04,St. Albans Bay,0.2724206349206348,76.18888888888888,1.0,1.0,1.0,0.0
2019-07-05,Inland Sea,0.26051587301587287,76.2909090909091,1.0,1.0,1.0,0.0
2019-07-05,Main Lake Central,0.2962301587301586,76.80000000000001,1.0,1.0,1.0,0.0
2019-07-05,Main Lake South,0.2860260770975055,77.04,1.0,1.0,1.0,0.0
2019-07-05,Malletts Bay,0.357454648526077,77.7218181818182,1.0,1.0,1.0,0.0
2019-07-05,St. Albans Bay,0.3842403628117913,77.91727272727273,1.0,1.0,1.0,0.0
2019-07-06,Main Lake Central,0.4270975056689341,77.70818181818181,1.0,1.0,1.0,0.0
2019-07-07,Inland Sea,0.4270975056689341,78.07181818181817,1.0,1.0,1.0,0.0
2019-07-07,Main Lake Central,0.48265306122448975,78.53150000000001,0.0,0.0,0.0,0.0
2019-07-07,Main Lake South,0.5897959183673469,77.73150000000001,0.0,0.0,0.0,0.0
2019-07-08,Inland Sea,0.5897959183673469,77.73150000000001,0.0,0.0,0.0,0.0
2019-07-08,Main Lake Central,0.5999999999999999,75.97106060606062,0.0,0.0,0.0,0.0
2019-07-08,Main Lake North,0.5285714285714285,75.81954545454545,1.0,0.0,0.0,0.0
2019-07-08,Main Lake South,0.4999999999999999,75.50818181818181,1.0,0.0,0.0,0.0
2019-07-08,Malletts Bay,0.46428571428571414,75.30363636363636,1.0,0.0,0.0,0.0
2019-07-08,Missisquoi Bay,0.46428571428571414,75.30363636363636,1.0,0.0,0.0,0.0
2019-07-08,St. Albans Bay,0.42857142857142844,74.97399999999999,1.0,1.0,1.0,0.0
2019-07-09,Inland Sea,0.36734693877551006,75.21,1.0,1.0,1.0,0.0
2019-07-09,Main Lake Central,0.2959183673469386,75.275,1.0,1.0,1.0,0.0
2019-07-09,Main Lake North,0.2602040816326529,75.05166666666666,1.0,1.0,1.0,0.0
2019-07-09,Main Lake South,0.2602040816326529,75.38166666666666,1.0,1.0,1.0,0.0
2019-07-09,Malletts Bay,0.2602040816326529,75.02833333333334,1.0,1.0,1.0,0.0
2019-07-09,Missisquoi Bay,0.1887755102040815,75.02833333333334,1.0,1.0,1.0,0.0
2019-07-09,St. Albans Bay,0.08163265306122436,75.22833333333332,1.0,1.0,1.0,0.0
2019-07-10,Inland Sea,0.11020408163265293,75.20757575757575,1.0,1.0,1.0,0.0
2019-07-10,Main Lake Central,0.14081632653061213,76.79060606060607,1.0,1.0,1.0,0.0
2019-07-10,Main Lake North,0.17653061224489783,76.56575757575757,1.0,1.0,1.0,0.0
2019-07-10,Main Lake South,0.24795918367346928,76.49757575757576,1.0,1.0,1.0,0.0
2019-07-10,Malletts Bay,0.24795918367346928,76.37939393939395,1.0,1.0,1.0,0.0
2019-07-10,St. Albans Bay,0.24795918367346928,76.37939393939395,1.0,1.0,1.0,0.0
2019-07-11,Inland Sea,0.283673469387755,76.37939393939395,1.0,0.0,1.0,0.0
2019-07-11,Main Lake Central,0.3551020408163264,76.35212121212122,1.0,0.0,1.0,0.0
2019-07-11,Main Lake South,0.3908163265306121,75.83666666666666,1.0,0.0,1.0,0.0
2019-07-11,St. Albans Bay,0.42653061224489786,75.91242424242424,1.0,0.0,1.0,0.0
2019-07-12,Inland Sea,0.3789115646258502,75.70333333333333,1.0,0.0,1.0,0.0
2019-07-12,Main Lake Central,0.3789115646258502,75.93363636363637,1.0,0.0,1.0,0.0
2019-07-12,Main Lake South,0.40088958660387214,75.9975,1.0,1.0,1.0,0.0
2019-07-12,Malletts Bay,0.40088958660387214,75.9975,1.0,1.0,0.0,0.0
2019-07-12,Missisquoi Bay,0.37231815803244356,76.24916666666667,1.0,1.0,0.0,0.0
2019-07-12,St. Albans Bay,0.3315018315018313,76.29181818181819,1.0,1.0,0.0,0.0
2019-07-13,Main Lake Central,0.2957875457875456,76.25909090909092,1.0,1.0,0.0,0.0
2019-07-13,Main Lake South,0.2779304029304028,76.37272727272727,1.0,1.0,0.0,0.0
2019-07-14,Inland Sea,0.3493589743589742,76.45454545454545,1.0,1.0,0.0,0.0
2019-07-14,Main Lake Central,0.3493589743589742,76.25,1.0,1.0,0.0,0.0
2019-07-14,Main Lake North,0.3850732600732599,76.26923076923077,1.0,1.0,0.0,0.0
2019-07-14,Main Lake South,0.3850732600732599,76.14999999999999,1.0,1.0,0.0,0.0
2019-07-15,Inland Sea,0.3850732600732599,76.46833333333333,1.0,1.0,0.0,0.0
2019-07-15,Main Lake Central,0.3697671376242804,76.4838888888889,1.0,1.0,0.0,0.0
2019-07-15,Main Lake North,0.36793563579277855,76.49555555555555,1.0,1.0,1.0,0.0
2019-07-15,Main Lake South,0.40364992150706425,76.26787878787879,1.0,1.0,1.0,0.0
2019-07-15,Malletts Bay,0.40548142333856607,76.21333333333334,1.0,1.0,1.0,0.0
2019-07-15,Missisquoi Bay,0.40548142333856607,76.43466666666667,1.0,1.0,1.0,0.0
2019-07-15,St. Albans Bay,0.45310047095761374,76.51266666666666,1.0,1.0,1.0,0.0
2019-07-16,Inland Sea,0.45310047095761374,76.37515151515152,1.0,1.0,1.0,0.0
2019-07-16,Main Lake Central,0.5721480900052328,76.31151515151515,1.0,1.0,1.0,0.0
2019-07-16,Main Lake North,0.5840528519099947,76.07060606060605,1.0,1.0,1.0,0.0
2019-07-16,Main Lake South,0.5661957090528518,75.9001515151515,1.0,1.0,1.0,0.0
2019-07-16,Malletts Bay,0.6019099947671375,75.71833333333333,1.0,1.0,1.0,0.0
2019-07-16,Missisquoi Bay,0.6257195185766614,75.64016666666666,1.0,1.0,1.0,0.0
2019-07-16,St. Albans Bay,0.5542909471480899,75.5819696969697,1.0,1.0,1.0,0.0
2019-07-17,Inland Sea,0.5900052328623756,75.46016666666667,1.0,1.0,1.0,0.0
2019-07-17,Main Lake Central,0.6053113553113552,75.1415,1.0,1.0,1.0,0.0
2019-07-17,Main Lake North,0.6093073593073592,75.19874999999999,1.0,1.0,1.0,0.0
2019-07-17,Main Lake South,0.5914502164502163,75.02916666666667,1.0,1.0,1.0,0.0
2019-07-17,Malletts Bay,0.6033549783549782,74.99962121212121,1.0,1.0,1.0,0.0
2019-07-18,Inland Sea,0.6033549783549782,75.0579861111111,1.0,1.0,1.0,0.0
2019-07-18,Main Lake Central,0.5914502164502162,74.81215277777778,1.0,1.0,1.0,0.0
2019-07-18,Main Lake South,0.6220624613481754,74.94048611111111,1.0,0.0,1.0,0.0
2019-07-18,St. Albans Bay,0.562538651824366,74.99604166666667,1.0,0.0,1.0,0.0
2019-07-19,Main Lake Central,0.505991032776747,75.14568181818183,1.0,0.0,1.0,0.0
2019-07-19,Main Lake North,0.4881338899196041,75.01386363636364,0.0,0.0,1.0,0.0
2019-07-19,Main Lake South,0.5238481756338899,75.31525,0.0,0.0,1.0,0.0
2019-07-19,St. Albans Bay,0.47622912801484224,75.28659090909092,0.0,0.0,1.0,0.0
2019-07-20,Inland Sea,0.5833719851576993,75.3775,0.0,0.0,0.0,0.0
2019-07-20,Main Lake Central,0.5595624613481754,75.76826388888888,0.0,0.0,0.0,0.0
2019-07-20,Main Lake North,0.5555942073799215,75.62659722222223,0.0,0.0,0.0,0.0
2019-07-20,Main Lake South,0.5296201814058955,75.61878787878788,0.0,0.0,0.0,0.0
2019-07-20,Missisquoi Bay,0.5236678004535146,76.0430303030303,0.0,0.0,0.0,0.0
2019-07-20,St. Albans Bay,0.6308106575963717,76.06983333333334,0.0,0.0,0.0,0.0
2019-07-21,Inland Sea,0.7022392290249432,76.09983333333334,0.0,0.0,0.0,0.0
2019-07-21,Main Lake Central,0.6903344671201813,76.31483333333333,0.0,0.0,0.0,0.0
2019-07-21,Main Lake North,0.7311507936507935,76.4275,0.0,0.0,0.0,0.0
2019-07-21,Main Lake South,0.7787698412698411,76.58981481481482,0.0,0.0,0.0,0.0
2019-07-22,Inland Sea,0.7698412698412697,76.43083333333334,0.0,0.0,0.0,0.0
2019-07-22,Main Lake Central,0.734126984126984,74.72999999999999,0.0,0.0,0.0,0.0
2019-07-22,Main Lake North,0.6769841269841267,74.57121212121211,1.0,0.0,0.0,0.0
2019-07-22,Main Lake South,0.653174603174603,74.6621212121212,1.0,1.0,0.0,0.0
2019-07-22,Malletts Bay,0.6174603174603173,74.38939393939394,1.0,1.0,0.0,0.0
2019-07-22,Missisquoi Bay,0.5698412698412697,73.82166666666667,1.0,1.0,0.0,0.0
2019-07-23,Inland Sea,0.538095238095238,73.76851851851852,1.0,1.0,0.0,0.0
2019-07-23,Main Lake Central,0.5619047619047618,74.30166666666666,1.0,1.0,0.0,0.0
2019-07-23,Main Lake North,0.5499999999999998,74.42666666666666,1.0,1.0,0.0,0.0
2019-07-23,Main Lake South,0.42142857142857126,74.42666666666666,1.0,1.0,1.0,0.0
2019-07-23,Malletts Bay,0.3499999999999999,74.57666666666667,1.0,1.0,1.0,0.0
2019-07-23,Missisquoi Bay,0.32619047619047603,74.1962962962963,1.0,1.0,1.0,0.0
2019-07-23,St. Albans Bay,0.25476190476190463,73.56666666666666,1.0,1.0,1.0,0.0
2019-07-24,Inland Sea,0.15952380952380937,73.91,1.0,1.0,1.0,0.0
2019-07-24,Main Lake Central,0.1595238095238094,74.01,1.0,1.0,1.0,0.0
2019-07-24,Main Lake North,0.19199134199134188,76.24444444444444,1.0,1.0,1.0,0.0
2019-07-24,Main Lake South,0.19556277056277044,76.34611111111111,1.0,1.0,1.0,0.0
2019-07-24,Malletts Bay,0.2114357864357863,76.3741111111111,1.0,1.0,1.0,0.0
2019-07-24,St. Albans Bay,0.14000721500721489,76.749012345679,1.0,1.0,1.0,0.0
2019-07-25,Inland Sea,0.15191197691197678,76.749012345679,1.0,1.0,1.0,0.0
2019-07-25,Main Lake Central,0.20548340548340535,77.1141111111111,1.0,1.0,1.0,0.0
2019-07-25,Main Lake North,0.22453102453102441,76.8891111111111,1.0,1.0,1.0,0.0
2019-07-25,Main Lake South,0.2423881673881673,76.66411111111111,1.0,1.0,1.0,0.0
2019-07-25,Missisquoi Bay,0.28524531024531014,76.7219191919192,1.0,1.0,0.0,0.0
2019-07-25,St. Albans Bay,0.35667388167388153,76.64411111111112,1.0,1.0,0.0,0.0
2019-07-26,Inland Sea,0.35667388167388153,76.64411111111112,1.0,1.0,0.0,0.0
2019-07-26,Main Lake Central,0.40429292929292915,77.5541111111111,1.0,1.0,0.0,0.0
2019-07-26,Main Lake North,0.42810245310245293,77.7641111111111,1.0,1.0,0.0,0.0
2019-07-26,Main Lake South,0.4995310245310244,77.5641111111111,1.0,1.0,0.0,0.0
2019-07-26,Malletts Bay,0.48134920634920625,77.203,1.0,1.0,1.0,0.0
2019-07-26,St. Albans Bay,0.46349206349206334,77.803,1.0,1.0,1.0,0.0
2019-07-27,Inland Sea,0.49523809523809514,77.97222222222223,1.0,1.0,1.0,0.0
2019-07-27,Main Lake Central,0.5666666666666665,77.97222222222223,1.0,1.0,1.0,0.0
2019-07-27,Main Lake North,0.5547619047619047,77.97222222222223,1.0,1.0,1.0,0.0
2019-07-28,Inland Sea,0.5726190476190475,77.66874999999999,1.0,1.0,1.0,0.0
2019-07-28,Main Lake Central,0.5297619047619047,77.5625,1.0,1.0,1.0,0.0
2019-07-28,Main Lake North,0.5833333333333331,76.9375,1.0,1.0,1.0,0.0
2019-07-28,Main Lake South,0.526190476190476,76.88571428571427,1.0,1.0,1.0,0.0
2019-07-29,Inland Sea,0.526190476190476,76.64999999999999,1.0,1.0,1.0,0.0
2019-07-29,Main Lake Central,0.5440476190476189,77.10777777777777,1.0,1.0,1.0,0.0
2019-07-29,Main Lake North,0.520238095238095,76.99944444444445,1.0,1.0,1.0,0.0
2019-07-29,Main Lake South,0.5023809523809523,76.91425925925927,1.0,1.0,1.0,0.0
2019-07-29,Malletts Bay,0.4309523809523808,77.02537037037037,1.0,1.0,1.0,0.0
2019-07-29,St. Albans Bay,0.48809523809523797,77.15354166666667,1.0,1.0,0.0,0.0
2019-07-30,Inland Sea,0.49829931972789104,76.27854166666667,1.0,1.0,0.0,0.0
2019-07-30,Main Lake Central,0.46258503401360535,76.80314814814815,1.0,1.0,0.0,0.0
2019-07-30,Main Lake North,0.4467120181405894,77.21033333333334,1.0,1.0,1.0,0.0
2019-07-30,Main Lake South,0.5895691609977323,77.21033333333334,1.0,1.0,1.0,0.0
2019-07-30,Malletts Bay,0.6133786848072561,77.21033333333334,1.0,1.0,1.0,0.0
2019-07-30,Missisquoi Bay,0.6490929705215418,77.34481481481481,1.0,1.0,1.0,0.0
2019-07-30,St. Albans Bay,0.5776643990929704,77.67814814814815,1.0,1.0,1.0,0.0
2019-07-31,Inland Sea,0.6848072562358275,77.81033333333333,1.0,1.0,1.0,0.0
2019-07-31,Main Lake Central,0.6541950113378683,78.08283333333334,1.0,1.0,1.0,0.0
2019-07-31,Main Lake North,0.699829931972789,77.88083333333334,1.0,1.0,1.0,0.0
2019-07-31,Main Lake South,0.7474489795918365,77.86833333333334,1.0,1.0,1.0,0.0
2019-07-31,Malletts Bay,0.7295918367346937,77.71833333333333,1.0,1.0,1.0,0.0
2019-07-31,Missisquoi Bay,0.7295918367346937,78.02037037037036,1.0,1.0,1.0,0.0
2019-07-31,St. Albans Bay,0.6581632653061222,78.02037037037036,1.0,1.0,1.0,0.0
2019-08-01,Inland Sea,0.6717687074829931,78.64791666666666,1.0,1.0,1.0,0.0
2019-08-01,Main Lake Central,0.6717687074829931,78.71041666666666,1.0,1.0,1.0,0.0
2019-08-01,Main Lake North,0.6653202947845804,78.428125,1.0,1.0,0.0,0.0
2019-08-01,Main Lake South,0.5510345804988661,78.56574074074075,1.0,1.0,0.0,0.0
2019-08-01,Missisquoi Bay,0.5272250566893423,78.43916666666667,1.0,1.0,0.0,0.0
2019-08-01,St. Albans Bay,0.4915107709750566,78.43916666666667,1.0,1.0,0.0,0.0
2019-08-02,Inland Sea,0.5272250566893423,78.8212962962963,1.0,1.0,0.0,0.0
2019-08-02,Main Lake Central,0.43793934240362803,78.99351851851851,0.0,0.0,0.0,0.0
2019-08-02,Main Lake North,0.4149801587301586,79.15208333333332,1.0,1.0,0.0,0.0
2019-08-02,Main Lake South,0.38720238095238085,79.2095238095238,1.0,1.0,0.0,0.0
2019-08-02,Malletts Bay,0.3157738095238094,78.35238095238095,1.0,1.0,0.0,0.0
2019-08-02,St. Albans Bay,0.38720238095238085,78.27619047619046,1.0,1.0,1.0,0.0
2019-08-03,Malletts Bay,0.41101190476190463,78.27619047619046,1.0,1.0,1.0,0.0
2019-08-03,Missisquoi Bay,0.41101190476190463,78.27619047619046,1.0,1.0,1.0,0.0
2019-08-03,St. Albans Bay,0.45863095238095225,78.27619047619046,1.0,1.0,1.0,0.0
2019-08-04,Main Lake Central,0.49434523809523795,77.73888888888888,1.0,1.0,1.0,0.0
2019-08-04,Main Lake South,0.5880952380952379,77.46944444444445,1.0,1.0,1.0,0.0
2019-08-04,St. Albans Bay,0.5952380952380951,76.69166666666666,1.0,1.0,1.0,0.0
2019-08-05,Inland Sea,0.5238095238095236,76.57,1.0,1.0,1.0,0.0
2019-08-05,Main Lake Central,0.5544217687074828,75.89166666666667,1.0,1.0,1.0,0.0
2019-08-05,Main Lake North,0.5289115646258502,76.14285714285714,1.0,1.0,1.0,0.0
2019-08-05,Main Lake South,0.558673469387755,75.40833333333335,1.0,1.0,1.0,0.0
2019-08-05,Malletts Bay,0.5408163265306121,75.86428571428573,1.0,1.0,1.0,0.0
2019-08-05,Missisquoi Bay,0.5408163265306121,75.86428571428573,1.0,1.0,1.0,0.0
2019-08-05,St. Albans Bay,0.5408163265306121,76.17500000000001,1.0,1.0,1.0,0.0
2019-08-06,Inland Sea,0.46938775510204067,76.15,1.0,1.0,1.0,0.0
2019-08-06,Main Lake Central,0.4812925170068026,76.28055555555555,1.0,1.0,1.0,0.0
2019-08-06,Main Lake North,0.5348639455782311,76.50833333333334,1.0,1.0,1.0,0.0
2019-08-06,Main Lake South,0.5348639455782311,76.70979166666667,1.0,1.0,1.0,0.0
2019-08-06,Malletts Bay,0.5348639455782311,76.70979166666667,1.0,1.0,1.0,0.0
2019-08-06,Missisquoi Bay,0.46343537414965974,76.66833333333334,1.0,1.0,1.0,0.0
2019-08-06,St. Albans Bay,0.42772108843537404,76.5254761904762,1.0,1.0,1.0,0.0
2019-08-07,Inland Sea,0.5229591836734693,76.70979166666667,1.0,1.0,1.0,0.0
2019-08-07,Main Lake Central,0.5459183673469387,77.30979166666667,1.0,1.0,1.0,0.0
2019-08-07,Main Lake North,0.5785714285714284,77.18389880952381,1.0,1.0,1.0,0.0
2019-08-07,Main Lake South,0.6023809523809522,77.27457671957671,1.0,1.0,1.0,0.0
2019-08-07,Malletts Bay,0.6202380952380951,76.73753968253968,1.0,1.0,1.0,0.0
2019-08-07,St. Albans Bay,0.5845238095238094,76.73753968253968,1.0,1.0,1.0,0.0
2019-08-08,Inland Sea,0.6202380952380951,76.73753968253968,1.0,1.0,1.0,0.0
2019-08-08,Main Lake Central,0.6738095238095237,76.76378571428572,1.0,1.0,1.0,0.0
2019-08-08,Main Lake North,0.6835497835497835,77.77045238095238,1.0,1.0,1.0,0.0
2019-08-08,Main Lake South,0.6775974025974024,77.48295238095237,1.0,1.0,1.0,0.0
2019-08-08,Malletts Bay,0.6775974025974024,77.47095238095237,1.0,1.0,1.0,0.0
2019-08-08,St. Albans Bay,0.606168831168831,77.39177489177489,1.0,1.0,1.0,0.0
2019-08-09,Inland Sea,0.6299783549783547,77.39177489177489,1.0,1.0,1.0,0.0
2019-08-09,Main Lake Central,0.6299783549783547,78.0008658008658,1.0,1.0,1.0,0.0
2019-08-09,Main Lake North,0.6240259740259739,77.59177489177489,1.0,1.0,1.0,0.0
2019-08-09,Main Lake South,0.7133116883116882,77.38268398268399,1.0,1.0,1.0,0.0
2019-08-09,Missisquoi Bay,0.6883116883116882,77.23333333333333,1.0,1.0,1.0,1.0
2019-08-11,Inland Sea,0.7597402597402596,77.15666666666667,1.0,1.0,1.0,1.0
2019-08-11,Main Lake Central,0.7775974025974025,77.53333333333335,1.0,1.0,1.0,1.0
2019-08-11,Main Lake South,0.8133116883116882,77.48,1.0,1.0,1.0,1.0
2019-08-12,Inland Sea,0.7954545454545453,77.25454545454546,1.0,1.0,1.0,1.0
2019-08-12,Main Lake Central,0.7929035250463821,75.44848484848485,1.0,1.0,1.0,1.0
2019-08-12,Main Lake North,0.8664965986394557,74.44848484848485,1.0,1.0,1.0,1.0
2019-08-12,Main Lake South,0.8545918367346939,74.72121212121213,1.0,1.0,1.0,1.0
2019-08-12,Malletts Bay,0.8545918367346939,74.35757575757576,1.0,1.0,1.0,1.0
2019-08-12,Missisquoi Bay,0.9260204081632653,74.13333333333334,1.0,1.0,1.0,1.0
2019-08-12,St. Albans Bay,0.9022108843537414,74.13333333333334,1.0,1.0,1.0,1.0
2019-08-13,Inland Sea,1.0450680272108843,73.4037037037037,1.0,1.0,1.0,1.0
2019-08-13,Main Lake Central,1.0034013605442176,73.51481481481481,1.0,1.0,1.0,1.0
2019-08-13,Main Lake North,0.9141156462585033,73.73703703703704,1.0,1.0,1.0,1.0
2019-08-13,Main Lake South,0.9676870748299319,73.88148148148147,1.0,1.0,1.0,0.0
2019-08-13,Malletts Bay,0.8605442176870747,74.21833333333333,1.0,1.0,1.0,0.0
2019-08-13,Missisquoi Bay,0.8962585034013604,74.21833333333333,1.0,1.0,1.0,0.0
2019-08-13,St. Albans Bay,0.8962585034013604,73.61833333333333,1.0,1.0,1.0,0.0
2019-08-14,Inland Sea,0.8784013605442176,73.71833333333333,1.0,1.0,1.0,0.0
2019-08-14,Main Lake Central,0.8579931972789115,75.59299999999999,1.0,1.0,1.0,0.0
2019-08-14,Main Lake North,0.778628117913832,75.79466666666666,1.0,1.0,1.0,0.0
2019-08-14,Main Lake South,0.778628117913832,75.29466666666666,1.0,1.0,1.0,0.0
2019-08-14,Malletts Bay,0.7071995464852606,75.34466666666665,1.0,1.0,1.0,0.0
2019-08-14,St. Albans Bay,0.6714852607709749,75.34466666666665,1.0,1.0,1.0,0.0
2019-08-15,Inland Sea,0.6000566893424034,75.34466666666665,1.0,1.0,1.0,0.0
2019-08-15,Main Lake Central,0.4810090702947844,75.34466666666665,1.0,1.0,0.0,0.0
2019-08-15,Main Lake North,0.4946145124716552,75.338,1.0,1.0,1.0,0.0
2019-08-15,Main Lake South,0.4589002267573695,75.15333333333334,1.0,1.0,1.0,0.0
2019-08-15,Malletts Bay,0.41128117913832185,74.87185185185186,1.0,1.0,1.0,0.0
2019-08-15,Missisquoi Bay,0.39937641723355993,74.64407407407407,1.0,1.0,1.0,0.0
2019-08-15,St. Albans Bay,0.32794784580498854,74.69966666666667,1.0,1.0,1.0,0.0
2019-08-16,Inland Sea,0.43509070294784574,75.11074074074074,1.0,1.0,1.0,0.0
2019-08-16,Main Lake Central,0.43509070294784574,75.0662962962963,1.0,1.0,1.0,0.0
2019-08-16,Main Lake North,0.5473356009070294,74.76851851851853,1.0,1.0,1.0,0.0
2019-08-16,Main Lake South,0.5790816326530611,74.36250000000001,1.0,1.0,1.0,0.0
2019-08-16,Malletts Bay,0.6147959183673468,74.23750000000001,1.0,1.0,1.0,0.0
2019-08-17,Inland Sea,0.6147959183673468,74.20000000000002,1.0,1.0,1.0,0.0
2019-08-17,Main Lake Central,0.5790816326530611,74.20000000000002,1.0,1.0,1.0,0.0
2019-08-17,Main Lake South,0.6505102040816325,74.20000000000002,1.0,1.0,1.0,0.0
2019-08-18,Inland Sea,0.6267006802721087,74.20000000000002,1.0,1.0,1.0,0.0
2019-08-18,Main Lake Central,0.601190476190476,74.20952380952382,1.0,1.0,1.0,0.0
2019-08-18,Main Lake North,0.6547619047619045,74.55833333333334,1.0,1.0,0.0,0.0
2019-08-18,Main Lake South,0.7023809523809522,74.67142857142858,1.0,1.0,0.0,0.0
2019-08-19,Inland Sea,0.6785714285714285,74.58333333333334,0.0,0.0,0.0,0.0
2019-08-19,Main Lake Central,0.7023809523809523,74.61888888888889,0.0,0.0,0.0,0.0
2019-08-19,Main Lake North,0.6230158730158729,74.85190476190476,1.0,1.0,1.0,0.0
2019-08-19,Main Lake South,0.6587301587301587,76.4804761904762,1.0,1.0,1.0,0.0
2019-08-19,Malletts Bay,0.5158730158730157,76.63761904761905,1.0,1.0,1.0,0.0
2019-08-20,Main Lake Central,0.5873015873015871,76.63761904761905,1.0,1.0,1.0,0.0
2019-08-20,Main Lake North,0.5158730158730157,77.49476190476192,1.0,1.0,1.0,0.0
2019-08-20,Main Lake South,0.5587301587301585,77.55541666666667,1.0,1.0,1.0,1.0
2019-08-20,Malletts Bay,0.5730158730158729,77.55541666666667,1.0,1.0,1.0,1.0
2019-08-20,Missisquoi Bay,0.5373015873015871,77.55541666666667,1.0,1.0,1.0,1.0
2019-08-20,St. Albans Bay,0.5373015873015872,76.82703703703704,1.0,1.0,1.0,1.0
2019-08-21,Inland Sea,0.5015873015873015,76.99370370370372,1.0,1.0,1.0,1.0
2019-08-21,Main Lake Central,0.4896825396825396,76.57425925925925,1.0,1.0,1.0,1.0
2019-08-21,Main Lake North,0.5253968253968253,76.41683333333333,1.0,1.0,1.0,1.0
2019-08-21,Main Lake South,0.5253968253968253,76.41683333333333,1.0,1.0,1.0,1.0
2019-08-21,Malletts Bay,0.5373015873015872,76.3755,1.0,1.0,1.0,1.0
2019-08-21,St. Albans Bay,0.4738095238095236,76.38944444444445,1.0,1.0,1.0,1.0
2019-08-22,Inland Sea,0.5095238095238094,75.063125,1.0,1.0,1.0,1.0
2019-08-22,Main Lake Central,0.557142857142857,75.17214285714284,1.0,1.0,1.0,1.0
2019-08-22,Main Lake North,0.457142857142857,75.285625,1.0,1.0,1.0,1.0
2019-08-22,Main Lake South,0.4857142857142856,74.910625,1.0,1.0,1.0,1.0
2019-08-22,Malletts Bay,0.47142857142857136,74.590625,1.0,1.0,1.0,1.0
2019-08-22,St. Albans Bay,0.49285714285714277,74.76944444444445,1.0,1.0,1.0,1.0
2019-08-23,Inland Sea,0.5285714285714285,74.76944444444445,1.0,1.0,1.0,1.0
2019-08-23,Main Lake Central,0.5523809523809523,75.26388888888887,1.0,0.0,1.0,1.0
2019-08-23,Main Lake North,0.6059523809523808,75.59722222222223,0.0,0.0,0.0,0.0
2019-08-23,Missisquoi Bay,0.6535714285714285,75.79444444444444,1.0,1.0,1.0,0.0
2019-08-24,Inland Sea,0.6178571428571428,75.89375,1.0,1.0,1.0,0.0
2019-08-24,Main Lake South,0.6178571428571428,75.89375,1.0,1.0,1.0,0.0
2019-08-24,Missisquoi Bay,0.6535714285714285,75.64375,1.0,1.0,1.0,0.0
2019-08-25,Inland Sea,0.6535714285714285,75.64375,1.0,1.0,1.0,0.0
2019-08-25,Main Lake Central,0.5940476190476189,75.57222222222222,1.0,1.0,1.0,0.0
2019-08-25,Main Lake South,0.5464285714285714,75.715,1.0,1.0,1.0,0.0
2019-08-25,St. Albans Bay,0.5214285714285714,75.67444444444443,1.0,1.0,1.0,0.0
2019-08-26,Inland Sea,0.5285714285714285,75.75874999999999,1.0,1.0,1.0,0.0
2019-08-26,Main Lake Central,0.4999999999999999,76.01,1.0,1.0,1.0,0.0
2019-08-26,Main Lake North,0.48809523809523797,75.63083333333333,1.0,1.0,1.0,0.0
2019-08-26,Main Lake South,0.4404761904761903,76.00518518518518,1.0,1.0,1.0,0.0
2019-08-26,Malletts Bay,0.4166666666666665,75.98851851851853,1.0,1.0,1.0,0.0
2019-08-26,Missisquoi Bay,0.39880952380952367,75.61208333333335,1.0,1.0,1.0,0.0
2019-08-27,Inland Sea,0.3273809523809522,75.11208333333335,1.0,1.0,1.0,0.0
2019-08-27,Main Lake Central,0.2916666666666665,75.0051851851852,1.0,1.0,1.0,0.0
2019-08-27,Main Lake North,0.4107142857142856,75.0051851851852,1.0,1.0,1.0,0.0
2019-08-27,Main Lake South,0.4107142857142856,75.2088888888889,1.0,1.0,1.0,0.0
2019-08-27,Malletts Bay,0.48214285714285704,75.388,1.0,1.0,1.0,0.0
2019-08-27,Missisquoi Bay,0.5416666666666665,75.43111111111111,1.0,1.0,1.0,0.0
2019-08-27,St. Albans Bay,0.5416666666666665,74.65333333333334,1.0,1.0,1.0,0.0
2019-08-28,Inland Sea,0.6666666666666666,75.088,1.0,1.0,1.0,0.0
2019-08-28,Main Lake Central,0.6666666666666666,75.088,1.0,1.0,1.0,0.0
2019-08-28,Main Lake North,0.7559523809523808,74.8225,1.0,1.0,1.0,0.0
2019-08-28,Main Lake South,0.8214285714285714,74.5725,1.0,1.0,1.0,0.0
2019-08-28,Missisquoi Bay,0.8452380952380951,73.80583333333334,1.0,1.0,1.0,0.0
2019-08-28,St. Albans Bay,0.9166666666666666,73.27583333333334,1.0,1.0,1.0,0.0
2019-08-29,Inland Sea,1.0238095238095237,73.27583333333334,1.0,1.0,1.0,0.0
2019-08-29,Main Lake Central,1.0119047619047616,73.79916666666668,1.0,1.0,1.0,0.0
2019-08-29,Main Lake North,1.0119047619047616,73.68416666666667,1.0,1.0,1.0,0.0
2019-08-29,Main Lake South,0.9404761904761904,73.68416666666667,1.0,1.0,1.0,0.0
2019-08-29,St. Albans Bay,0.9047619047619045,73.73083333333334,1.0,1.0,1.0,0.0
2019-08-30,Inland Sea,0.8333333333333331,73.3675925925926,1.0,1.0,1.0,0.0
2019-08-30,Main Lake Central,0.8333333333333331,73.26083333333334,1.0,1.0,1.0,0.0
2019-08-30,Main Lake North,0.976190476190476,73.06083333333333,1.0,1.0,1.0,0.0
2019-08-31,Inland Sea,0.9047619047619045,72.26083333333334,1.0,1.0,0.0,0.0
2019-08-31,Main Lake Central,0.9404761904761904,72.58257575757577,1.0,1.0,0.0,0.0
2019-08-31,Main Lake South,0.9226190476190474,72.36333333333333,1.0,1.0,0.0,0.0
2019-08-31,Malletts Bay,0.8333333333333331,72.09666666666666,1.0,1.0,0.0,0.0
2019-09-01,Main Lake Central,0.7857142857142856,71.84333333333333,1.0,1.0,0.0,0.0
2019-09-01,Main Lake South,0.857142857142857,72.14333333333333,1.0,1.0,0.0,0.0
2019-09-01,Missisquoi Bay,0.7142857142857142,72.14333333333333,0.0,0.0,0.0,0.0
2019-09-02,Inland Sea,0.6904761904761905,71.6888888888889,0.0,0.0,0.0,0.0
2019-09-02,Main Lake Central,0.7261904761904762,71.2074074074074,0.0,0.0,0.0,0.0
2019-09-02,Main Lake North,0.7499999999999999,71.2074074074074,0.0,0.0,0.0,0.0
2019-09-02,Malletts Bay,0.7857142857142856,70.56296296296296,0.0,0.0,0.0,0.0
2019-09-02,St. Albans Bay,0.9285714285714285,70.56296296296296,0.0,0.0,0.0,0.0
2019-09-03,Main Lake Central,0.9999999999999999,70.58518518518518,1.0,1.0,1.0,1.0
2019-09-03,Main Lake North,0.9285714285714285,70.70899470899471,1.0,1.0,1.0,1.0
2019-09-03,Main Lake South,0.9285714285714285,70.67261904761905,1.0,1.0,1.0,1.0
2019-09-03,Malletts Bay,0.9285714285714285,69.44761904761904,1.0,1.0,1.0,1.0
2019-09-03,Missisquoi Bay,0.8809523809523807,69.44761904761904,1.0,1.0,1.0,1.0
2019-09-03,St. Albans Bay,0.8809523809523807,69.69761904761904,1.0,1.0,1.0,1.0
2019-09-04,Inland Sea,0.8809523809523807,69.82585034013604,1.0,1.0,1.0,1.0
2019-09-04,Main Lake Central,0.8809523809523808,69.25442176870749,1.0,1.0,1.0,1.0
2019-09-04,Main Lake North,0.9625850340136053,69.47761904761904,1.0,1.0,1.0,1.0
2019-09-04,Main Lake South,1.0340136054421767,69.45232804232803,1.0,1.0,1.0,1.0
2019-09-05,Inland Sea,1.0340136054421767,69.43380952380953,1.0,1.0,1.0,1.0
2019-09-05,Main Lake Central,0.9625850340136053,69.89042857142857,1.0,1.0,1.0,1.0
2019-09-05,Main Lake North,0.9106369820655533,70.60709523809524,1.0,1.0,1.0,1.0
2019-09-05,Main Lake South,0.7677798392084104,70.60709523809524,1.0,1.0,1.0,1.0
2019-09-05,Malletts Bay,0.6249226963512676,70.21709523809524,1.0,1.0,1.0,1.0
2019-09-05,St. Albans Bay,0.5534941249226962,70.50566666666666,1.0,1.0,1.0,1.0
2019-09-06,Inland Sea,0.48206555349412483,70.50566666666666,1.0,1.0,1.0,1.0
2019-09-06,Main Lake North,0.41063698206555344,70.75566666666666,1.0,1.0,1.0,1.0
2019-09-06,Main Lake South,0.458256029684601,70.5960606060606,1.0,1.0,1.0,1.0
2019-09-07,Inland Sea,0.4820655534941248,70.6869696969697,1.0,1.0,1.0,1.0
2019-09-07,Main Lake North,0.4820655534941248,70.6869696969697,1.0,1.0,1.0,1.0
2019-09-07,Missisquoi Bay,0.3392084106369819,70.85566666666666,1.0,1.0,1.0,1.0
2019-09-08,Inland Sea,0.3290043290043289,70.83518518518518,1.0,1.0,1.0,1.0
2019-09-08,Main Lake Central,0.2813852813852813,71.02962962962962,1.0,1.0,1.0,1.0
2019-09-08,Main Lake North,0.3528138528138527,71.34583333333333,1.0,1.0,1.0,1.0
2019-09-08,Main Lake South,0.49567099567099554,70.96666666666667,1.0,1.0,1.0,1.0
2019-09-09,Inland Sea,0.5476190476190476,69.44285714285715,1.0,1.0,1.0,1.0
2019-09-09,Main Lake Central,0.5619047619047618,69.47083333333333,1.0,1.0,1.0,1.0
2019-09-09,Main Lake North,0.6095238095238094,69.45,1.0,1.0,1.0,1.0
2019-09-09,Main Lake South,0.6095238095238094,69.075,1.0,1.0,1.0,1.0
2019-09-09,Missisquoi Bay,0.6809523809523809,66.27777777777777,1.0,1.0,1.0,1.0
2019-09-09,St. Albans Bay,0.6809523809523809,66.22222222222223,1.0,1.0,1.0,1.0
2019-09-10,Inland Sea,0.6809523809523809,65.875,1.0,1.0,1.0,1.0
2019-09-10,Main Lake Central,0.6749999999999998,65.75,1.0,1.0,1.0,1.0
2019-09-10,Main Lake North,0.7464285714285712,66.81481481481482,1.0,1.0,1.0,1.0
2019-09-10,Main Lake South,0.8178571428571427,66.73333333333333,1.0,1.0,1.0,1.0
2019-09-10,Malletts Bay,0.8178571428571427,66.73333333333333,1.0,1.0,1.0,1.0
2019-09-10,Missisquoi Bay,0.8654761904761904,66.25925925925927,1.0,1.0,1.0,1.0
2019-09-10,St. Albans Bay,0.7226190476190475,61.53333333333334,1.0,1.0,1.0,1.0
2019-09-11,Inland Sea,0.6273809523809523,62.803030303030305,1.0,1.0,1.0,1.0
2019-09-11,Main Lake Central,0.5559523809523809,63.07575757575758,1.0,1.0,1.0,1.0
2019-09-11,Main Lake North,0.5773809523809523,62.969696969696976,1.0,1.0,1.0,0.0
2019-09-11,Main Lake South,0.5297619047619047,62.42333333333333,1.0,1.0,1.0,0.0
2019-09-12,Inland Sea,0.5654761904761904,62.625,1.0,1.0,1.0,0.0
2019-09-12,Main Lake Central,0.5654761904761904,64.70555555555556,1.0,1.0,1.0,0.0
2019-09-12,Main Lake North,0.6471088435374149,64.29375,1.0,1.0,1.0,0.0
2019-09-12,Main Lake South,0.5994897959183672,64.81666666666666,1.0,1.0,1.0,0.0
2019-09-12,St. Albans Bay,0.7244897959183673,64.78333333333333,1.0,1.0,1.0,0.0
2019-09-13,Inland Sea,0.6530612244897959,63.46458333333333,1.0,1.0,1.0,0.0
2019-09-13,Malletts Bay,0.5816326530612245,63.46458333333334,1.0,1.0,1.0,0.0
2019-09-14,Inland Sea,0.510204081632653,63.46458333333334,1.0,1.0,1.0,0.0
2019-09-14,Main Lake North,0.510204081632653,63.46458333333334,1.0,1.0,1.0,0.0
2019-09-14,Main Lake South,0.6173469387755102,69.81666666666668,1.0,1.0,1.0,0.0
2019-09-15,Main Lake Central,0.7125850340136053,68.03095238095239,0.0,0.0,0.0,0.0
2019-09-15,Main Lake South,0.7125850340136053,67.45952380952382,0.0,0.0,0.0,0.0
2019-09-16,Inland Sea,0.6768707482993196,67.28611111111111,0.0,0.0,0.0,0.0
2019-09-16,Main Lake Central,0.6911564625850338,67.10238095238095,0.0,0.0,0.0,0.0
2019-09-16,Main Lake North,0.6840136054421767,66.95714285714287,0.0,0.0,0.0,0.0
2019-09-16,Main Lake South,0.7554421768707481,66.95714285714287,0.0,0.0,0.0,0.0
2019-09-16,Malletts Bay,0.6738095238095237,67.2625,1.0,0.0,0.0,0.0
2019-09-16,Missisquoi Bay,0.7214285714285713,67.01428571428572,1.0,0.0,0.0,0.0
2019-09-16,St. Albans Bay,0.6499999999999998,66.34285714285714,1.0,0.0,0.0,0.0
2019-09-17,Inland Sea,0.6499999999999998,66.34285714285714,1.0,0.0,0.0,0.0
2019-09-17,Main Lake Central,0.6738095238095237,66.39999999999999,1.0,0.0,0.0,0.0
2019-09-17,Main Lake North,0.7656462585034013,66.62857142857142,1.0,1.0,1.0,1.0
2019-09-17,Main Lake South,0.6942176870748299,66.425,1.0,1.0,1.0,1.0
2019-09-17,St. Albans Bay,0.6227891156462585,66.425,1.0,1.0,1.0,1.0
2019-09-18,Inland Sea,0.4799319727891156,67.0375,1.0,1.0,1.0,1.0
2019-09-18,Main Lake Central,0.5156462585034013,67.32857142857142,1.0,1.0,1.0,1.0
2019-09-18,Main Lake North,0.5692176870748299,66.9125,1.0,1.0,1.0,1.0
2019-09-18,Main Lake South,0.5692176870748299,66.6625,1.0,1.0,1.0,1.0
2019-09-18,Malletts Bay,0.6120748299319727,65.5875,1.0,1.0,1.0,1.0
2019-09-18,St. Albans Bay,0.5049319727891156,65.5875,1.0,1.0,1.0,1.0
2019-09-19,Inland Sea,0.576360544217687,65.04285714285716,1.0,1.0,1.0,1.0
2019-09-19,Main Lake Central,0.5253401360544216,65.4375,1.0,1.0,1.0,1.0
2019-09-19,Main Lake North,0.5074829931972789,65.5,1.0,1.0,1.0,1.0
2019-09-19,Main Lake South,0.5074829931972789,65.5,1.0,1.0,1.0,1.0
2019-09-19,Malletts Bay,0.4979591836734693,65.67083333333333,1.0,1.0,1.0,1.0
2019-09-20,Inland Sea,0.4418367346938775,66.09583333333333,1.0,1.0,1.0,1.0
2019-09-20,Main Lake North,0.4418367346938775,66.25238095238095,1.0,1.0,1.0,1.0
2019-09-20,Main Lake South,0.4775510204081632,66.25238095238095,1.0,1.0,1.0,1.0
2019-09-20,Malletts Bay,0.4775510204081632,66.55238095238096,1.0,1.0,1.0,1.0
2019-09-21,Inland Sea,0.4758241758241758,66.55238095238096,1.0,1.0,1.0,1.0
2019-09-21,Main Lake Central,0.4181318681318681,67.58095238095238,1.0,1.0,1.0,1.0
2019-09-21,Main Lake North,0.4283882783882783,68.17777777777778,1.0,1.0,1.0,1.0
2019-09-21,Main Lake South,0.3514652014652014,69.53333333333333,1.0,1.0,1.0,1.0
2019-09-21,Missisquoi Bay,0.33223443223443216,69.57777777777778,1.0,1.0,1.0,1.0
2019-09-22,Inland Sea,0.25531135531135524,69.57777777777778,1.0,1.0,1.0,1.0
2019-09-22,Main Lake Central,0.23333333333333325,69.85333333333332,0.0,0.0,1.0,0.0
2019-09-22,Main Lake North,0.17564102564102557,69.85333333333332,0.0,0.0,1.0,0.0
2019-09-22,Main Lake South,0.17564102564102557,69.85333333333332,0.0,0.0,1.0,0.0
2019-09-23,Inland Sea,0.19871794871794862,70.08,0.0,0.0,1.0,0.0
2019-09-23,Main Lake Central,0.19102564102564093,68.93333333333334,0.0,0.0,1.0,0.0
2019-09-23,Main Lake North,0.25512820512820505,68.51944444444445,1.0,0.0,1.0,0.0
2019-09-23,Main Lake South,0.2166666666666666,68.4452380952381,1.0,0.0,1.0,0.0
2019-09-23,Malletts Bay,0.2166666666666666,68.18611111111112,1.0,0.0,1.0,0.0
2019-09-23,Missisquoi Bay,0.27261904761904754,68.18611111111112,1.0,0.0,0.0,0.0
2019-09-23,St. Albans Bay,0.27261904761904754,66.48611111111111,1.0,0.0,0.0,0.0
2019-09-24,Inland Sea,0.32023809523809516,66.48611111111111,1.0,0.0,0.0,0.0
2019-09-24,Main Lake Central,0.3916666666666666,66.48611111111111,1.0,0.0,0.0,0.0
2019-09-24,Main Lake North,0.43095238095238086,65.35277777777777,1.0,1.0,1.0,0.0
2019-09-24,St. Albans Bay,0.5738095238095237,65.35277777777777,1.0,1.0,1.0,0.0
2019-09-25,Inland Sea,0.645238095238095,65.58809523809524,1.0,1.0,1.0,1.0
2019-09-25,Main Lake Central,0.645238095238095,65.91458333333334,1.0,1.0,1.0,1.0
2019-09-25,Main Lake North,0.6809523809523809,66.31296296296297,1.0,1.0,1.0,1.0
2019-09-25,Main Lake South,0.6928571428571428,66.53518518518518,1.0,1.0,1.0,1.0
2019-09-25,Missisquoi Bay,0.6642857142857143,66.49166666666667,1.0,1.0,1.0,1.0
2019-09-25,St. Albans Bay,0.6047619047619047,66.496875,1.0,1.0,1.0,1.0
2019-09-26,Inland Sea,0.5690476190476189,66.28214285714286,1.0,1.0,1.0,1.0
2019-09-26,Main Lake Central,0.6047619047619046,66.021875,1.0,1.0,1.0,1.0
2019-09-26,Malletts Bay,0.5690476190476189,65.79722222222222,1.0,1.0,1.0,1.0
2019-09-27,Inland Sea,0.5690476190476189,66.15277777777777,1.0,1.0,1.0,1.0
2019-09-27,Main Lake North,0.5214285714285714,66.15277777777777,1.0,1.0,1.0,1.0
2019-09-27,Main Lake South,0.48571428571428565,65.9375,1.0,1.0,1.0,1.0
2019-09-27,St. Albans Bay,0.4523809523809523,66.26388888888889,1.0,1.0,1.0,1.0
2019-09-28,Main Lake Central,0.3809523809523809,66.26388888888889,1.0,1.0,1.0,1.0
2019-09-28,Main Lake South,0.3095238095238094,66.171875,1.0,1.0,1.0,0.0
2019-09-29,Main Lake South,0.3809523809523809,65.14687500000001,1.0,1.0,1.0,0.0
2019-09-30,Inland Sea,0.4166666666666666,64.525,1.0,1.0,1.0,0.0
2019-09-30,Main Lake Central,0.36904761904761896,63.667857142857144,1.0,1.0,1.0,0.0
2019-09-30,Main Lake North,0.3869047619047618,63.4,1.0,1.0,1.0,0.0
2019-09-30,Main Lake South,0.3869047619047618,63.628571428571426,1.0,1.0,0.0,0.0
2019-09-30,Malletts Bay,0.4107142857142856,63.628571428571426,1.0,1.0,1.0,0.0
2019-09-30,Missisquoi Bay,0.3749999999999999,63.53333333333333,1.0,1.0,1.0,0.0
2019-09-30,St. Albans Bay,0.33928571428571414,62.86666666666667,1.0,1.0,1.0,0.0
2019-10-01,Inland Sea,0.3749999999999999,62.6,1.0,1.0,1.0,0.0
2019-10-01,Main Lake Central,0.3511904761904761,62.6,1.0,1.0,1.0,0.0
2019-10-01,Main Lake North,0.4583333333333332,62.25,1.0,1.0,1.0,0.0
2019-10-01,Main Lake South,0.5773809523809523,62.25,1.0,1.0,1.0,0.0
2019-10-02,Main Lake Central,0.5059523809523808,62.25,1.0,1.0,1.0,0.0
2019-10-02,Main Lake South,0.5416666666666666,63.5,1.0,1.0,1.0,0.0
2019-10-03,Inland Sea,0.5416666666666666,63.260000000000005,1.0,1.0,1.0,0.0
2019-10-03,Main Lake Central,0.4702380952380952,63.260000000000005,1.0,1.0,1.0,0.0
2019-10-03,Main Lake South,0.5059523809523808,63.075,1.0,1.0,1.0,0.0
2019-10-03,St. Albans Bay,0.488095238095238,61.760000000000005,1.0,1.0,1.0,0.0
2019-10-04,Main Lake North,0.488095238095238,60.95,1.0,1.0,1.0,0.0
2019-10-05,Main Lake Central,0.607142857142857,60.760000000000005,1.0,1.0,1.0,0.0
2019-10-05,Main Lake North,0.6428571428571427,60.760000000000005,1.0,1.0,1.0,0.0
2019-10-05,Malletts Bay,0.6428571428571427,60.95,1.0,1.0,1.0,0.0
2019-10-05,St. Albans Bay,0.607142857142857,60.95,1.0,1.0,1.0,0.0
2019-10-06,Main Lake Central,0.607142857142857,60.95,1.0,1.0,1.0,0.0
2019-10-06,Main Lake North,0.5714285714285713,60.95,0.0,0.0,0.0,0.0
2019-10-06,Main Lake South,0.4999999999999999,60.95,0.0,0.0,0.0,0.0
2019-10-07,Inland Sea,0.5714285714285713,60.95,0.0,0.0,0.0,0.0
2019-10-07,Main Lake Central,0.5714285714285713,58.7,0.0,0.0,0.0,0.0
2019-10-07,Main Lake North,0.4999999999999999,58.666666666666664,0.0,0.0,0.0,0.0
2019-10-08,Main Lake Central,0.5952380952380951,58.666666666666664,0.0,0.0,0.0,0.0
2019-10-08,Main Lake South,0.5773809523809523,59.25,0.0,0.0,0.0,0.0
2019-10-08,Missisquoi Bay,0.5773809523809523,60.166666666666664,0.0,0.0,0.0,0.0
2019-10-08,St. Albans Bay,0.5773809523809523,59.625,0.0,0.0,0.0,0.0
2019-10-09,Inland Sea,0.43452380952380937,59.5,0.0,0.0,0.0,0.0
2019-10-09,Main Lake Central,0.3988095238095237,59.5,0.0,0.0,0.0,0.0
2019-10-09,Main Lake North,0.4702380952380952,59.125,0.0,0.0,0.0,0.0
2019-10-09,Main Lake South,0.5059523809523808,59.125,0.0,0.0,0.0,0.0
2019-10-09,Malletts Bay,0.5297619047619048,58.913333333333334,0.0,0.0,0.0,0.0
2019-10-10,Inland Sea,0.42261904761904756,58.913333333333334,0.0,0.0,0.0,0.0
2019-10-10,Main Lake Central,0.42261904761904756,59.46111111111111,1.0,1.0,0.0,0.0
2019-10-10,Malletts Bay,0.38690476190476186,59.46111111111111,1.0,1.0,0.0,0.0
2019-10-10,St. Albans Bay,0.35119047619047616,59.45333333333333,1.0,1.0,0.0,0.0
2019-10-11,Main Lake North,0.35119047619047616,59.45333333333333,1.0,1.0,0.0,0.0
2019-10-12,Inland Sea,0.2559523809523808,59.21111111111111,1.0,1.0,0.0,0.0
2019-10-12,Main Lake Central,0.238095238095238,58.85333333333333,1.0,1.0,0.0,0.0
2019-10-12,Main Lake North,0.238095238095238,58.85333333333333,1.0,1.0,0.0,0.0
2019-10-13,Main Lake North,0.238095238095238,59.06666666666666,1.0,1.0,0.0,0.0
2019-10-14,Inland Sea,0.238095238095238,59.06666666666666,1.0,1.0,0.0,0.0
2019-10-14,Main Lake Central,0.3095238095238094,59.15333333333333,1.0,1.0,0.0,0.0
2019-10-14,Main Lake North,0.3273809523809523,59.44166666666666,1.0,1.0,0.0,0.0
2019-10-14,Main Lake South,0.363095238095238,58.95333333333333,1.0,1.0,0.0,0.0
2019-10-14,Malletts Bay,0.36538461538461525,59.175,1.0,1.0,0.0,0.0
2019-10-14,Missisquoi Bay,0.4807692307692306,59.175,1.0,1.0,0.0,0.0
2019-10-14,St. Albans Bay,0.4807692307692306,57.625,1.0,1.0,0.0,0.0
2019-10-15,Main Lake Central,0.519230769230769,57.625,1.0,1.0,0.0,0.0
2019-10-15,Main Lake North,0.519230769230769,57.3,1.0,1.0,1.0,0.0
2019-10-15,Malletts Bay,0.5624999999999999,57.3,1.0,1.0,1.0,0.0
2019-10-16,Main Lake Central,0.6136363636363634,57.125,1.0,1.0,1.0,0.0
2019-10-16,Main Lake North,0.7045454545454544,56.3,1.0,1.0,1.0,0.0
2019-10-16,Main Lake South,0.8863636363636362,56.3,1.0,1.0,1.0,0.0
2019-10-17,Inland Sea,0.9772727272727271,56.28333333333334,1.0,1.0,1.0,0.0
2019-10-17,Main Lake South,1.159090909090909,56.28333333333334,1.0,1.0,1.0,0.0
2019-10-18,Main Lake North,1.0681818181818181,55.23333333333334,1.0,1.0,1.0,0.0
2019-10-19,Inland Sea,1.1363636363636362,55.48571428571429,1.0,1.0,1.0,0.0
2019-10-19,Main Lake Central,1.0454545454545452,55.23333333333334,1.0,1.0,1.0,0.0
2019-10-20,Inland Sea,1.0416666666666665,55.23333333333334,1.0,1.0,1.0,0.0
2019-10-20,Main Lake North,0.9583333333333331,55.23333333333334,1.0,1.0,1.0,0.0
2019-10-21,Inland Sea,0.9583333333333331,55.080000000000005,1.0,1.0,1.0,0.0
2019-10-21,Main Lake Central,0.8749999999999999,55.06666666666667,1.0,1.0,1.0,0.0
2019-10-21,Main Lake North,0.8833333333333332,54.88000000000001,1.0,1.0,1.0,0.0
2019-10-21,Malletts Bay,0.8923076923076921,54.88000000000001,1.0,1.0,1.0,0.0
2019-10-22,Inland Sea,0.8999999999999998,54.88000000000001,0.0,0.0,0.0,0.0
2019-10-22,Main Lake Central,0.8285714285714284,55.35000000000001,0.0,0.0,0.0,0.0
2019-10-22,Main Lake North,0.757142857142857,55.35000000000001,0.0,0.0,0.0,0.0
2019-10-23,Inland Sea,0.757142857142857,55.05,0.0,0.0,0.0,0.0
2019-10-23,Main Lake Central,0.6142857142857141,55.05,0.0,0.0,0.0,0.0
2019-10-23,Main Lake South,0.6619047619047619,56.25,0.0,0.0,0.0,0.0
2019-10-23,St. Albans Bay,0.5369047619047618,56.18333333333334,0.0,0.0,0.0,0.0
2019-10-24,Inland Sea,0.5607142857142856,56.18333333333334,0.0,0.0,0.0,0.0
2019-10-24,Main Lake Central,0.5607142857142856,56.18333333333334,0.0,0.0,0.0,0.0
2019-10-25,Main Lake Central,0.5428571428571427,55.45066666666666,0.0,0.0,0.0,0.0
2019-10-25,Main Lake North,0.47142857142857125,54.852222222222224,1.0,1.0,0.0,0.0
2019-10-26,Inland Sea,0.47142857142857125,54.82266666666667,1.0,1.0,0.0,0.0
2019-10-26,Main Lake Central,0.46428571428571414,54.82266666666667,1.0,1.0,0.0,0.0
2019-10-26,Main Lake North,0.4499999999999999,54.82266666666667,1.0,1.0,0.0,0.0
2019-10-26,Main Lake South,0.3785714285714285,54.82266666666667,1.0,1.0,0.0,0.0
2019-10-28,Inland Sea,0.3785714285714285,54.82266666666667,1.0,1.0,0.0,0.0
2019-10-28,Main Lake Central,0.30714285714285705,54.51888888888889,1.0,1.0,0.0,0.0
2019-10-28,St. Albans Bay,0.24464285714285708,54.391111111111115,1.0,1.0,0.0,0.0
2019-10-29,Main Lake Central,0.24464285714285708,54.391111111111115,1.0,1.0,0.0,0.0
2019-10-29,Main Lake North,0.252579365079365,53.66730158730159,1.0,1.0,0.0,0.0
2019-10-29,Main Lake South,0.30615079365079356,52.54507936507937,1.0,1.0,0.0,0.0
2019-10-30,Inland Sea,0.2823412698412698,52.54507936507937,1.0,1.0,0.0,0.0
2019-10-30,Main Lake Central,0.21091269841269833,52.54507936507937,1.0,1.0,1.0,0.0
2019-10-30,Main Lake North,0.20734126984126974,52.85563492063492,1.0,1.0,1.0,0.0
2019-10-30,Main Lake South,0.2787698412698412,53.054761904761904,0.0,1.0,1.0,0.0
2019-10-30,St. Albans Bay,0.3144841269841269,53.09563492063492,0.0,1.0,1.0,0.0
2019-10-31,Inland Sea,0.36210317460317454,53.09563492063492,1.0,1.0,1.0,0.0
2019-10-31,Main Lake Central,0.30496031746031743,53.09563492063492,1.0,1.0,1.0,0.0
2019-11-01,Main Lake Central,0.36845238095238086,53.09563492063492,1.0,1.0,1.0,0.0
2019-11-01,Main Lake North,0.5113095238095237,52.96768707482993,1.0,1.0,1.0,0.0
2019-11-02,Inland Sea,0.6541666666666666,53.11054421768707,1.0,1.0,1.0,0.0
2019-11-03,Main Lake North,0.6988095238095237,52.9234126984127,1.0,1.0,1.0,0.0
2019-11-04,Main Lake Central,0.8416666666666666,52.9234126984127,1.0,1.0,1.0,0.0
2019-11-05,Main Lake Central,0.8575396825396825,52.14722222222222,1.0,1.0,1.0,0.0
2019-11-06,Main Lake Central,0.7861111111111111,52.13611111111111,1.0,1.0,1.0,0.0
2019-11-06,Main Lake South,0.8983560090702947,51.72142857142857,1.0,1.0,1.0,0.0
2019-11-07,Inland Sea,0.9697845804988662,51.506249999999994,1.0,1.0,0.0,0.0
2019-11-07,Main Lake Central,0.9912131519274375,51.09523809523809,1.0,1.0,0.0,0.0
2019-11-07,St. Albans Bay,0.919784580498866,51.09523809523809,1.0,1.0,0.0,0.0
2019-11-08,Main Lake Central,0.8840702947845803,50.72777777777777,1.0,1.0,0.0,0.0
2019-11-08,Main Lake North,0.9793083900226757,49.57142857142857,0.0,0.0,0.0,0.0
2019-11-09,Main Lake Central,0.9793083900226757,49.57142857142857,0.0,0.0,0.0,0.0
2019-11-10,Main Lake Central,0.9158163265306121,49.57142857142857,0.0,0.0,0.0,0.0
2019-11-11,Main Lake Central,0.9158163265306121,48.971428571428575,0.0,0.0,0.0,0.0
2019-11-12,Main Lake Central,0.8301020408163264,47.3095238095238,0.0,0.0,0.0,0.0
2019-11-12,Main Lake North,0.895578231292517,46.32083333333333,0.0,0.0,0.0,0.0
2019-11-13,Main Lake Central,0.7527210884353741,46.32083333333333,0.0,0.0,0.0,0.0
2019-11-13,St. Albans Bay,0.7221088435374149,45.074999999999996,0.0,0.0,0.0,0.0
2019-11-14,Inland Sea,0.7221088435374149,44.38095238095237,0.0,0.0,0.0,0.0
2019-11-14,Main Lake Central,0.6098639455782313,43.572222222222216,0.0,0.0,0.0,0.0
2019-11-15,Inland Sea,0.558843537414966,42.19444444444444,0.0,0.0,0.0,0.0
2019-11-15,Main Lake Central,0.5231292517006801,42.19444444444444,0.0,0.0,0.0,0.0
2019-11-15,Main Lake North,0.5945578231292517,42.19444444444444,0.0,0.0,0.0,0.0
2019-11-20,Main Lake North,0.6421768707482993,42.19444444444444,0.0,0.0,0.0,0.0
2020-06-08,Inland Sea,0.4993197278911564,42.10666666666667,0.0,0.0,0.0,0.0
2020-06-08,St. Albans Bay,0.5707482993197278,42.10666666666667,0.0,0.0,0.0,0.0
2020-06-09,Main Lake South,0.5707482993197278,42.10666666666667,0.0,0.0,0.0,0.0
2020-06-15,Main Lake Central,0.42789115646258497,40.63333333333333,0.0,0.0,0.0,0.0
2020-06-17,Main Lake North,0.44217687074829926,40.05555555555555,0.0,0.0,0.0,0.0
2020-06-17,Missisquoi Bay,0.3231292517006802,40.383333333333326,0.0,0.0,0.0,0.0
2020-06-22,Missisquoi Bay,0.43027210884353734,40.383333333333326,0.0,0.0,0.0,0.0
2020-06-23,Main Lake North,0.46088435374149656,62.66666666666667,0.0,0.0,0.0,0.0
2020-06-24,Main Lake Central,0.6037414965986395,62.66666666666667,0.0,0.0,0.0,0.0
2020-06-24,Malletts Bay,0.7465986394557823,62.66666666666667,0.0,0.0,0.0,0.0
2020-06-26,Main Lake Central,0.7976190476190474,83.60000000000001,0.0,0.0,0.0,0.0
2020-06-26,Main Lake South,0.7976190476190474,41.800000000000004,0.0,0.0,0.0,0.0
2020-06-27,Main Lake Central,0.7619047619047618,41.800000000000004,0.0,0.0,0.0,0.0
2020-06-28,Main Lake North,0.7857142857142857,51.20000000000001,0.0,0.0,0.0,0.0
2020-06-29,Inland Sea,0.7857142857142857,51.20000000000001,0.0,0.0,0.0,0.0
2020-06-29,Main Lake Central,0.7857142857142857,55.9875,0.0,0.0,0.0,0.0
2020-06-29,Main Lake North,0.8571428571428571,55.9875,0.0,0.0,0.0,0.0
2020-06-29,Malletts Bay,0.8928571428571429,58.39,0.0,0.0,0.0,0.0
2020-06-29,St. Albans Bay,0.8214285714285714,58.39,0.0,0.0,0.0,0.0
2020-06-30,Inland Sea,0.8214285714285714,58.39,0.0,0.0,0.0,0.0
2020-06-30,Main Lake Central,0.7857142857142857,60.15833333333333,0.0,0.0,0.0,0.0
2020-06-30,St. Albans Bay,0.738095238095238,58.55833333333333,0.0,0.0,0.0,0.0
2020-07-01,Inland Sea,0.6666666666666666,58.55833333333333,0.0,0.0,0.0,0.0
2020-07-01,Main Lake Central,0.5238095238095237,59.76428571428571,0.0,0.0,0.0,0.0
2020-07-01,Main Lake South,0.5595238095238094,61.918749999999996,0.0,0.0,0.0,0.0
2020-07-01,Missisquoi Bay,0.607142857142857,70.76458333333333,0.0,0.0,0.0,0.0
2020-07-02,Inland Sea,0.5714285714285714,70.56851851851852,0.0,0.0,0.0,0.0
2020-07-02,Main Lake Central,0.5446428571428571,71.45074074074074,0.0,0.0,0.0,0.0
2020-07-02,Main Lake North,0.5803571428571427,71.20566666666666,0.0,0.0,0.0,0.0
2020-07-02,Main Lake South,0.5089285714285714,71.30074074074074,0.0,0.0,0.0,0.0
2020-07-02,Malletts Bay,0.45178571428571423,71.33566666666665,0.0,0.0,0.0,0.0
2020-07-02,St. Albans Bay,0.41607142857142854,71.70629629629629,0.0,0.0,0.0,0.0
2020-07-03,Inland Sea,0.4398809523809523,71.70629629629629,0.0,0.0,0.0,0.0
2020-07-03,Main Lake Central,0.4398809523809523,71.70629629629629,0.0,0.0,0.0,0.0
2020-07-03,Main Lake South,0.36845238095238086,72.03962962962962,0.0,0.0,0.0,0.0
2020-07-04,Inland Sea,0.3446428571428571,71.59518518518517,0.0,0.0,0.0,0.0
2020-07-04,Main Lake Central,0.3446428571428571,71.59518518518517,0.0,0.0,0.0,0.0
2020-07-05,Inland Sea,0.41607142857142854,72.16958333333332,0.0,0.0,0.0,0.0
2020-07-05,Main Lake Central,0.33273809523809517,71.4795238095238,0.0,0.0,0.0,0.0
2020-07-05,Main Lake South,0.3089285714285714,71.65571428571428,0.0,0.0,0.0,0.0
2020-07-06,Inland Sea,0.3803571428571428,71.79857142857144,0.0,0.0,0.0,0.0
2020-07-06,Main Lake Central,0.3357142857142857,71.33095238095238,0.0,0.0,0.0,0.0
2020-07-06,Main Lake North,0.3142857142857142,72.61666666666667,0.0,0.0,0.0,0.0
2020-07-06,Main Lake South,0.3244897959183673,73.28958333333334,0.0,0.0,0.0,0.0
2020-07-06,Malletts Bay,0.3459183673469387,73.52380952380953,0.0,0.0,0.0,0.0
2020-07-06,Missisquoi Bay,0.4173469387755101,73.52380952380953,0.0,0.0,0.0,0.0
2020-07-06,St. Albans Bay,0.3935374149659864,73.45833333333334,0.0,0.0,0.0,0.0
2020-07-07,Inland Sea,0.3935374149659864,73.45833333333334,0.0,0.0,0.0,0.0
2020-07-07,Main Lake Central,0.41734693877551016,74.53750000000001,0.0,0.0,0.0,0.0
2020-07-07,Main Lake North,0.4744897959183673,75.7875,0.0,0.0,0.0,0.0
2020-07-07,Main Lake South,0.40306122448979587,75.7875,0.0,0.0,0.0,0.0
2020-07-07,Missisquoi Bay,0.42687074829931965,75.7875,0.0,0.0,0.0,0.0
2020-07-08,Inland Sea,0.5459183673469387,75.7875,0.0,0.0,0.0,0.0
2020-07-08,Main Lake Central,0.5935374149659863,75.4125,0.0,0.0,0.0,0.0
2020-07-08,Main Lake North,0.5578231292517006,75.85,0.0,0.0,0.0,0.0
2020-07-08,Main Lake South,0.7006802721088434,76.01904761904761,0.0,0.0,0.0,0.0
2020-07-09,Inland Sea,0.7272108843537415,75.65476190476191,0.0,0.0,0.0,0.0
2020-07-09,Main Lake Central,0.7437925170068026,75.99761904761905,0.0,0.0,0.0,0.0
2020-07-09,Main Lake North,0.7300562532705389,75.59791666666666,0.0,0.0,0.0,0.0
2020-07-09,Main Lake South,0.6586276818419675,75.59791666666666,0.0,0.0,0.0,0.0
2020-07-09,Malletts Bay,0.7062467294610151,75.91041666666666,0.0,0.0,0.0,0.0
2020-07-09,St. Albans Bay,0.7062467294610151,75.91041666666666,0.0,0.0,0.0,0.0
2020-07-10,Inland Sea,0.7252943485086342,75.70625,0.0,0.0,0.0,0.0
2020-07-10,Main Lake Central,0.680056253270539,76.7125,0.0,0.0,0.0,0.0
2020-07-10,Main Lake North,0.7157705389848247,76.76666666666667,0.0,0.0,0.0,0.0
2020-07-10,Main Lake South,0.691961015175301,76.76666666666667,0.0,0.0,0.0,0.0
2020-07-10,Malletts Bay,0.5729133961276818,76.62333333333333,0.0,0.0,0.0,0.0
2020-07-11,Inland Sea,0.5014848246991103,77.47037037037038,0.0,0.0,0.0,0.0
2020-07-11,Main Lake Central,0.4657705389848246,77.96666666666667,0.0,0.0,0.0,0.0
2020-07-12,Inland Sea,0.3229133961276817,77.70370370370371,0.0,0.0,0.0,0.0
2020-07-12,Main Lake Central,0.32971611721611715,77.76481481481481,0.0,0.0,0.0,0.0
2020-07-12,Main Lake South,0.3505494505494505,77.44259259259259,0.0,0.0,0.0,0.0
2020-07-13,Inland Sea,0.36428571428571427,77.68703703703704,0.0,0.0,0.0,0.0
2020-07-13,Main Lake Central,0.3714285714285714,77.69833333333334,0.0,0.0,0.0,0.0
2020-07-13,Main Lake North,0.3634920634920634,77.88833333333334,0.0,0.0,0.0,0.0
2020-07-13,Main Lake South,0.38134920634920627,77.89848484848484,0.0,0.0,0.0,0.0
2020-07-13,Malletts Bay,0.386111111111111,77.81666666666666,0.0,0.0,0.0,0.0
2020-07-13,Missisquoi Bay,0.37420634920634915,76.79333333333332,0.0,0.0,0.0,0.0
2020-07-13,St. Albans Bay,0.33849206349206346,76.37333333333333,0.0,0.0,0.0,0.0
2020-07-14,Inland Sea,0.267063492063492,77.06666666666666,0.0,0.0,0.0,0.0
2020-07-14,Main Lake Central,0.2908730158730158,77.18181818181819,0.0,0.0,0.0,0.0
2020-07-15,Inland Sea,0.3765873015873015,77.39791666666666,0.0,0.0,0.0,0.0
2020-07-15,Main Lake Central,0.3884920634920634,77.51346153846154,0.0,0.0,0.0,0.0
2020-07-15,Main Lake North,0.43134920634920626,77.51038461538461,0.0,0.0,0.0,0.0
2020-07-15,Main Lake South,0.4194444444444444,77.2026923076923,0.0,0.0,0.0,0.0
2020-07-15,St. Albans Bay,0.41944444444444434,77.03538461538461,0.0,0.0,0.0,0.0
2020-07-16,Inland Sea,0.38373015873015864,77.1123076923077,0.0,0.0,0.0,0.0
2020-07-16,Main Lake Central,0.43908730158730147,77.14307692307692,0.0,0.0,0.0,0.0
2020-07-16,Main Lake North,0.4851190476190475,77.12166666666667,0.0,0.0,0.0,0.0
2020-07-16,Main Lake South,0.556547619047619,77.04181818181819,0.0,0.0,0.0,0.0
2020-07-16,Malletts Bay,0.5446428571428571,76.8509090909091,0.0,0.0,0.0,0.0
2020-07-16,St. Albans Bay,0.5624999999999999,76.8509090909091,0.0,0.0,0.0,0.0
2020-07-17,Inland Sea,0.681547619047619,77.236,0.0,0.0,0.0,0.0
2020-07-17,Main Lake Central,0.7529761904761905,75.836,0.0,0.0,0.0,0.0
2020-07-17,Main Lake South,0.7665816326530612,75.4885,0.0,0.0,0.0,0.0
2020-07-17,Malletts Bay,0.8237244897959182,74.811,0.0,0.0,0.0,0.0
2020-07-18,Inland Sea,0.8118197278911564,74.35666666666667,0.0,0.0,0.0,0.0
2020-07-18,Main Lake Central,0.7689625850340135,74.79444444444444,0.0,0.0,0.0,0.0
2020-07-18,Main Lake North,0.8046768707482992,75.14375,0.0,0.0,0.0,0.0
2020-07-18,Main Lake South,0.7570578231292515,75.728125,0.0,0.0,0.0,0.0
2020-07-19,Inland Sea,0.7927721088435372,75.68928571428572,0.0,0.0,0.0,0.0
2020-07-19,Main Lake Central,0.7659863945578229,75.66071428571429,0.0,0.0,0.0,0.0
2020-07-19,Main Lake South,0.7517006802721087,75.890625,0.0,0.0,0.0,0.0
2020-07-19,Missisquoi Bay,0.7338435374149659,75.23611111111111,0.0,0.0,0.0,0.0
2020-07-19,St. Albans Bay,0.6981292517006802,75.140625,0.0,0.0,0.0,0.0
2020-07-20,Inland Sea,0.7517006802721087,75.140625,0.0,0.0,0.0,0.0
2020-07-20,Main Lake Central,0.6594387755102041,75.46944444444445,0.0,0.0,0.0,0.0
2020-07-20,Main Lake North,0.6475340136054422,76.42055555555557,0.0,0.0,0.0,0.0
2020-07-20,Main Lake South,0.6434523809523809,76.57333333333334,0.0,0.0,0.0,0.0
2020-07-20,Malletts Bay,0.5720238095238095,77.02000000000001,0.0,0.0,0.0,0.0
2020-07-20,Missisquoi Bay,0.619642857142857,77.02000000000001,0.0,0.0,0.0,0.0
2020-07-20,St. Albans Bay,0.6910714285714284,75.95750000000001,0.0,0.0,0.0,0.0
2020-07-21,Inland Sea,0.6553571428571427,76.18444444444445,0.0,0.0,0.0,0.0
2020-07-21,Main Lake Central,0.6732142857142857,76.94,0.0,0.0,0.0,0.0
2020-07-21,Main Lake North,0.6732142857142857,77.046,0.0,0.0,0.0,0.0
2020-07-21,Main Lake South,0.6732142857142857,76.94,0.0,0.0,0.0,0.0
2020-07-21,St. Albans Bay,0.6732142857142857,77.16222222222223,0.0,0.0,0.0,0.0
2020-07-22,Inland Sea,0.6017857142857143,78.05111111111111,0.0,0.0,0.0,0.0
2020-07-22,Main Lake Central,0.6017857142857143,77.816,0.0,0.0,0.0,0.0
2020-07-22,Main Lake North,0.5303571428571427,77.69333333333333,0.0,0.0,0.0,0.0
2020-07-22,Main Lake South,0.5035714285714284,77.22969696969697,0.0,0.0,0.0,0.0
2020-07-22,St. Albans Bay,0.46785714285714286,76.6478787878788,0.0,0.0,0.0,0.0
2020-07-23,Inland Sea,0.41071428571428564,76.78424242424244,0.0,0.0,0.0,0.0
2020-07-23,Main Lake Central,0.3571428571428571,77.12722222222223,0.0,0.0,0.0,0.0
2020-07-23,Main Lake North,0.3503401360544217,77.12722222222223,0.0,0.0,0.0,0.0
2020-07-23,Main Lake South,0.29676870748299317,77.68424242424243,0.0,0.0,0.0,0.0
2020-07-23,Malletts Bay,0.29676870748299317,77.59333333333333,0.0,0.0,0.0,0.0
2020-07-23,Missisquoi Bay,0.29676870748299317,76.67266666666667,0.0,0.0,0.0,0.0
2020-07-23,St. Albans Bay,0.26105442176870747,76.5251851851852,0.0,0.0,0.0,0.0
2020-07-24,Inland Sea,0.22534013605442174,76.5251851851852,0.0,0.0,0.0,0.0
2020-07-24,Main Lake Central,0.16819727891156458,76.66592592592593,0.0,0.0,0.0,0.0
2020-07-24,Main Lake North,0.21581632653061217,76.80148148148149,0.0,0.0,0.0,0.0
2020-07-24,Main Lake South,0.2872448979591836,76.93916666666667,0.0,0.0,0.0,0.0
2020-07-24,Malletts Bay,0.3110544217687074,76.38083333333334,0.0,0.0,0.0,0.0
2020-07-25,Inland Sea,0.45391156462585025,76.86380952380954,0.0,0.0,0.0,0.0
2020-07-25,Main Lake Central,0.43010204081632647,77.64777777777779,0.0,0.0,0.0,0.0
2020-07-25,Main Lake South,0.43010204081632647,77.97733333333335,0.0,0.0,0.0,0.0
2020-07-26,Inland Sea,0.483673469387755,77.24666666666667,0.0,0.0,0.0,0.0
2020-07-26,Main Lake Central,0.4666666666666666,77.24666666666667,0.0,0.0,0.0,0.0
2020-07-26,Main Lake South,0.48452380952380947,77.49733333333333,0.0,0.0,0.0,0.0
2020-07-27,Inland Sea,0.5202380952380952,76.09733333333334,0.0,0.0,0.0,0.0
2020-07-27,Main Lake Central,0.5470238095238095,76.46777777777778,0.0,0.0,0.0,0.0
2020-07-27,Main Lake North,0.5827380952380953,77.07238095238095,0.0,0.0,0.0,0.0
2020-07-27,Malletts Bay,0.6255952380952381,76.87583333333333,0.0,0.0,0.0,0.0
2020-07-27,Missisquoi Bay,0.6589285714285713,76.32000000000001,0.0,0.0,0.0,0.0
2020-07-27,St. Albans Bay,0.6113095238095237,75.43142857142857,0.0,0.0,0.0,0.0
2020-07-28,Inland Sea,0.6113095238095237,75.43142857142857,0.0,0.0,0.0,0.0
2020-07-28,Main Lake Central,0.6351190476190475,76.97428571428573,0.0,0.0,0.0,0.0
2020-07-28,Main Lake North,0.54328231292517,77.53375,0.0,0.0,0.0,0.0
2020-07-28,Main Lake South,0.6147108843537413,77.53375,0.0,0.0,0.0,0.0
2020-07-28,St. Albans Bay,0.6575680272108844,78.53,0.0,0.0,0.0,0.0
2020-07-29,Inland Sea,0.7289965986394557,78.67699999999999,0.0,0.0,0.0,0.0
2020-07-29,Main Lake Central,0.7551870748299319,78.50333333333333,0.0,0.0,0.0,0.0
2020-07-29,Main Lake South,0.762329931972789,78.63242424242425,0.0,0.0,0.0,0.0
2020-07-30,Inland Sea,0.7176870748299319,79.3339393939394,0.0,0.0,0.0,0.0
2020-07-30,Main Lake Central,0.6730442176870747,79.29575757575758,0.0,0.0,0.0,0.0
2020-07-30,Main Lake North,0.6628401360544217,79.09575757575759,0.0,0.0,0.0,0.0
2020-07-30,Main Lake South,0.6437925170068025,79.27757575757576,0.0,0.0,0.0,0.0
2020-07-30,Missisquoi Bay,0.6063775510204081,79.67111111111112,0.0,0.0,0.0,0.0
2020-07-30,St. Albans Bay,0.6063775510204081,80.27757575757576,0.0,0.0,0.0,0.0
2020-07-31,Inland Sea,0.5349489795918366,80.27757575757576,0.0,0.0,0.0,0.0
2020-07-31,Main Lake Central,0.4962585034013604,79.84121212121212,0.0,0.0,0.0,0.0
2020-07-31,Main Lake South,0.4720238095238094,79.43060606060607,0.0,0.0,0.0,0.0
2020-07-31,Malletts Bay,0.42440476190476184,79.14472222222223,0.0,0.0,0.0,0.0
2020-07-31,St. Albans Bay,0.4767857142857142,78.47606060606061,0.0,0.0,0.0,0.0
2020-08-01,Inland Sea,0.36249999999999993,78.11242424242424,0.0,0.0,0.0,0.0
2020-08-01,Main Lake Central,0.31249999999999994,78.04272727272728,0.0,0.0,0.0,0.0
2020-08-01,Main Lake North,0.28392857142857136,77.82272727272726,0.0,0.0,0.0,0.0
2020-08-01,Main Lake South,0.269047619047619,78.57575757575756,0.0,0.0,0.0,0.0
2020-08-01,St. Albans Bay,0.34047619047619043,78.64333333333333,0.0,0.0,0.0,0.0
2020-08-02,Inland Sea,0.35068027210884345,78.59333333333333,0.0,0.0,0.0,0.0
2020-08-02,Main Lake Central,0.32687074829931967,78.44333333333333,0.0,0.0,0.0,0.0
2020-08-02,Main Lake South,0.38809523809523805,77.67933333333333,0.0,0.0,0.0,0.0
2020-08-02,St. Albans Bay,0.4595238095238095,77.1630303030303,0.0,0.0,0.0,0.0
2020-08-03,Inland Sea,0.530952380952381,77.1630303030303,0.0,0.0,0.0,0.0
2020-08-03,Main Lake Central,0.550595238095238,76.90848484848485,0.0,0.0,0.0,0.0
2020-08-03,Main Lake North,0.6309523809523808,76.70242424242424,0.0,0.0,0.0,0.0
2020-08-03,Main Lake South,0.6785714285714285,76.77266666666667,0.0,0.0,0.0,0.0
2020-08-03,Malletts Bay,0.5833333333333331,76.77266666666667,0.0,0.0,0.0,0.0
2020-08-03,Missisquoi Bay,0.6261904761904761,76.85851851851852,0.0,0.0,0.0,0.0
2020-08-03,St. Albans Bay,0.6976190476190476,76.41407407407408,0.0,0.0,0.0,0.0
2020-08-04,Inland Sea,0.7726190476190476,76.5251851851852,0.0,0.0,0.0,0.0
2020-08-04,Main Lake Central,0.7607142857142856,75.25851851851853,0.0,0.0,0.0,0.0
2020-08-04,Main Lake South,0.7464285714285712,75.33266666666667,0.0,0.0,0.0,0.0
2020-08-05,Inland Sea,0.7821428571428569,75.0362962962963,0.0,0.0,0.0,0.0
2020-08-05,Main Lake Central,0.8615079365079364,75.28907407407408,0.0,0.0,0.0,0.0
2020-08-05,Main Lake South,0.8972222222222221,74.86018518518519,0.0,0.0,0.0,0.0
2020-08-06,Inland Sea,0.8900793650793649,75.02018518518518,0.0,0.0,0.0,0.0
2020-08-06,Main Lake Central,0.8424603174603174,75.23816666666667,0.0,0.0,0.0,0.0
2020-08-06,Main Lake North,0.8176482873851294,75.07316666666665,0.0,0.0,0.0,0.0
2020-08-06,Main Lake South,0.7390768588137009,75.10650000000001,0.0,0.0,0.0,0.0
2020-08-06,Malletts Bay,0.6676482873851295,75.27863636363637,0.0,0.0,0.0,0.0
2020-08-06,St. Albans Bay,0.7033625730994152,75.27863636363637,0.0,0.0,0.0,0.0
2020-08-07,Inland Sea,0.6676482873851295,75.27863636363637,0.0,0.0,0.0,0.0
2020-08-07,Main Lake Central,0.596219715956558,76.46045454545455,0.0,0.0,0.0,0.0
2020-08-07,Main Lake North,0.5069340016708437,75.95136363636364,0.0,0.0,0.0,0.0
2020-08-07,Malletts Bay,0.5069340016708437,76.0865,0.0,0.0,0.0,0.0
2020-08-07,Missisquoi Bay,0.4497911445279866,76.09611111111111,0.0,0.0,0.0,0.0
2020-08-07,St. Albans Bay,0.3783625730994151,76.09611111111111,0.0,0.0,0.0,0.0
2020-08-08,Inland Sea,0.3092015753669889,75.82375,0.0,0.0,0.0,0.0
2020-08-08,Main Lake Central,0.20205871822413166,76.01125,0.0,0.0,0.0,0.0
2020-08-08,Main Lake North,0.1377730039384174,76.45625000000001,0.0,0.0,0.0,0.0
2020-08-08,Missisquoi Bay,0.11396348012889358,76.80625,0.0,0.0,0.0,0.0
2020-08-08,St. Albans Bay,0.11020408163265298,76.11250000000001,0.0,0.0,0.0,0.0
2020-08-09,Inland Sea,0.0959183673469387,76.27142857142859,0.0,0.0,0.0,0.0
2020-08-09,Main Lake Central,0.09591836734693869,76.12857142857142,0.0,0.0,0.0,0.0
2020-08-09,Main Lake North,0.11122448979591829,76.2125,0.0,0.0,0.0,0.0
2020-08-09,Main Lake South,0.11122448979591829,76.2125,0.0,0.0,0.0,0.0
2020-08-09,St. Albans Bay,0.1826530612244897,74.3375,0.0,0.0,0.0,0.0
2020-08-10,Inland Sea,0.23979591836734684,74.54285714285716,0.0,0.0,0.0,0.0
2020-08-10,Main Lake Central,0.25927643784786636,74.87857142857143,0.0,0.0,0.0,0.0
2020-08-10,Main Lake North,0.25927643784786636,75.42539682539683,0.0,0.0,0.0,0.0
2020-08-10,Main Lake South,0.2694805194805194,75.58285714285714,0.0,0.0,0.0,0.0
2020-08-10,Malletts Bay,0.25927643784786636,75.8935064935065,0.0,0.0,0.0,0.0
2020-08-10,Missisquoi Bay,0.28308596165739014,76.08285714285714,0.0,0.0,0.0,0.0
2020-08-10,St. Albans Bay,0.28308596165739014,75.78285714285714,0.0,0.0,0.0,0.0
2020-08-11,Inland Sea,0.28308596165739014,75.98285714285714,0.0,0.0,0.0,0.0
2020-08-11,Main Lake Central,0.28308596165739014,76.86984126984127,0.0,0.0,0.0,0.0
2020-08-11,Main Lake South,0.3402288188002473,77.03285714285714,0.0,0.0,0.0,0.0
2020-08-11,St. Albans Bay,0.375943104514533,77.63285714285715,0.0,0.0,0.0,0.0
2020-08-12,Inland Sea,0.46777983920841054,77.95285714285714,0.0,0.0,0.0,0.0
2020-08-12,Main Lake Central,0.4638115852401566,78.37532467532468,0.0,0.0,0.0,0.0
2020-08-12,Main Lake North,0.40825602968460106,79.22987012987012,0.0,0.0,0.0,0.0
2020-08-12,Main Lake South,0.3749226963512677,79.36904761904762,0.0,0.0,0.0,0.0
2020-08-12,St. Albans Bay,0.35544217687074825,79.609375,0.0,0.0,0.0,0.0
2020-08-13,Inland Sea,0.35544217687074825,79.59204545454546,0.0,0.0,0.0,0.0
2020-08-13,Main Lake Central,0.35952380952380947,79.55568181818182,0.0,0.0,0.0,0.0
2020-08-13,Main Lake North,0.35952380952380947,79.19204545454546,0.0,0.0,0.0,0.0
2020-08-13,Main Lake South,0.3357142857142857,79.19204545454546,0.0,0.0,0.0,0.0
2020-08-13,Malletts Bay,0.4071428571428571,79.82840909090909,0.0,0.0,0.0,0.0
2020-08-13,St. Albans Bay,0.4071428571428571,79.61125000000001,0.0,0.0,0.0,0.0
2020-08-14,Inland Sea,0.41904761904761895,79.61125000000001,0.0,0.0,0.0,0.0
2020-08-14,Main Lake Central,0.38333333333333325,79.66125000000001,0.0,0.0,0.0,0.0
2020-08-14,Main Lake South,0.4369047619047618,79.06291666666667,0.0,0.0,0.0,0.0
2020-08-14,Malletts Bay,0.3178571428571428,78.26291666666667,0.0,0.0,0.0,0.0
2020-08-14,St. Albans Bay,0.4289682539682539,77.78101851851852,0.0,0.0,0.0,0.0
2020-08-15,Inland Sea,0.413095238095238,77.57864583333334,0.0,0.0,0.0,0.0
2020-08-15,Main Lake Central,0.38928571428571423,77.10416666666666,0.0,0.0,0.0,0.0
2020-08-15,Main Lake North,0.42499999999999993,76.60277777777777,0.0,0.0,0.0,0.0
2020-08-15,Main Lake South,0.42499999999999993,77.9452380952381,0.0,0.0,0.0,0.0
2020-08-15,Missisquoi Bay,0.41071428571428564,78.16944444444444,0.0,0.0,0.0,0.0
2020-08-15,St. Albans Bay,0.41071428571428564,79.33611111111111,0.0,0.0,0.0,0.0
2020-08-16,Inland Sea,0.41071428571428564,79.33611111111111,0.0,0.0,0.0,0.0
2020-08-16,Main Lake Central,0.3928571428571428,78.53055555555555,0.0,0.0,0.0,0.0
2020-08-16,St. Albans Bay,0.46428571428571425,78.4547619047619,0.0,0.0,0.0,0.0
2020-08-17,Inland Sea,0.5595238095238095,78.4547619047619,0.0,0.0,0.0,0.0
2020-08-17,Main Lake Central,0.5476190476190476,75.4452380952381,0.0,0.0,0.0,0.0
2020-08-17,Main Lake North,0.5011904761904761,75.875,0.0,0.0,0.0,0.0
2020-08-17,Main Lake South,0.5202380952380952,76.16071428571429,0.0,0.0,0.0,0.0
2020-08-17,Malletts Bay,0.3773809523809523,76.16071428571429,0.0,0.0,0.0,0.0
2020-08-17,St. Albans Bay,0.4488095238095237,76.16071428571429,0.0,0.0,0.0,0.0
2020-08-18,Inland Sea,0.5202380952380952,76.16071428571429,0.0,0.0,0.0,0.0
2020-08-18,Main Lake Central,0.5559523809523809,76.634375,0.0,0.0,0.0,0.0
2020-08-18,Main Lake South,0.5718253968253968,75.521875,0.0,0.0,0.0,0.0
2020-08-18,Missisquoi Bay,0.6432539682539682,75.13055555555555,0.0,0.0,0.0,0.0
2020-08-18,St. Albans Bay,0.6789682539682539,73.79722222222222,0.0,0.0,0.0,0.0
2020-08-19,Inland Sea,0.6789682539682539,74.41749999999999,0.0,0.0,0.0,0.0
2020-08-19,Main Lake Central,0.6325396825396824,74.67833333333334,0.0,0.0,0.0,0.0
2020-08-19,Main Lake North,0.6039682539682538,74.57433333333333,0.0,0.0,0.0,0.0
2020-08-19,Main Lake South,0.5682539682539681,74.65848484848485,0.0,0.0,0.0,0.0
2020-08-19,St. Albans Bay,0.5623015873015873,76.21303030303031,0.0,0.0,0.0,0.0
2020-08-20,Inland Sea,0.5194444444444445,75.93183333333334,0.0,0.0,0.0,0.0
2020-08-20,Main Lake Central,0.4765873015873015,76.26183333333333,0.0,0.0,0.0,0.0
2020-08-20,Main Lake North,0.5033730158730158,76.26183333333333,0.0,0.0,0.0,0.0
2020-08-20,Main Lake South,0.43194444444444435,76.26183333333333,0.0,0.0,0.0,0.0
2020-08-20,Malletts Bay,0.3962301587301586,76.3289393939394,0.0,0.0,0.0,0.0
2020-08-20,St. Albans Bay,0.3248015873015872,75.96683333333333,0.0,0.0,0.0,0.0
2020-08-21,Inland Sea,0.33273809523809517,75.84092592592593,0.0,0.0,0.0,0.0
2020-08-21,Main Lake Central,0.2613095238095237,75.96314814814815,0.0,0.0,0.0,0.0
2020-08-21,Main Lake South,0.23988095238095228,76.77148148148149,0.0,0.0,0.0,0.0
2020-08-21,St. Albans Bay,0.27559523809523806,75.8825925925926,0.0,0.0,0.0,0.0
2020-08-22,Inland Sea,0.33988095238095234,75.52104166666666,0.0,0.0,0.0,0.0
2020-08-22,Main Lake Central,0.2970238095238095,75.31547619047619,0.0,0.0,0.0,0.0
2020-08-22,Main Lake North,0.22559523809523802,75.28472222222221,0.0,0.0,0.0,0.0
2020-08-22,Missisquoi Bay,0.23154761904761897,75.33500000000001,0.0,0.0,0.0,0.0
2020-08-22,St. Albans Bay,0.23154761904761897,77.77916666666667,0.0,0.0,0.0,0.0
2020-08-23,Inland Sea,0.23154761904761897,77.875,0.0,0.0,0.0,0.0
2020-08-23,Main Lake Central,0.22857142857142848,77.875,0.0,0.0,0.0,0.0
2020-08-23,Main Lake South,0.22857142857142848,77.8125,0.0,0.0,0.0,0.0
2020-08-23,St. Albans Bay,0.2642857142857142,77.3125,0.0,0.0,0.0,0.0
2020-08-24,Inland Sea,0.3119047619047618,77.3125,0.0,0.0,0.0,0.0
2020-08-24,Main Lake Central,0.31984126984126976,77.0202380952381,0.0,0.0,0.0,0.0
2020-08-24,Main Lake North,0.3555555555555555,77.16309523809524,0.0,0.0,0.0,0.0
2020-08-24,Main Lake South,0.3412698412698412,76.6952380952381,0.0,0.0,0.0,0.0
2020-08-24,Malletts Bay,0.30555555555555547,77.47777777777777,0.0,0.0,0.0,0.0
2020-08-24,Missisquoi Bay,0.23412698412698404,77.47777777777777,0.0,0.0,0.0,0.0
2020-08-24,St. Albans Bay,0.23412698412698404,76.55238095238096,0.0,0.0,0.0,0.0
2020-08-25,Inland Sea,0.32936507936507925,76.55238095238096,0.0,0.0,0.0,0.0
2020-08-25,Main Lake Central,0.4484126984126983,77.12083333333334,0.0,0.0,0.0,0.0
2020-08-25,Main Lake South,0.5198412698412698,75.12083333333334,0.0,0.0,0.0,0.0
2020-08-25,Malletts Bay,0.5555555555555555,75.44074074074075,0.0,0.0,0.0,0.0
2020-08-26,Inland Sea,0.5317460317460316,75.44074074074075,0.0,0.0,0.0,0.0
2020-08-26,Main Lake Central,0.603174603174603,75.21407407407408,0.0,0.0,0.0,0.0
2020-08-26,Main Lake North,0.6460317460317458,75.20518518518519,0.0,0.0,0.0,0.0
2020-08-26,Main Lake South,0.7412698412698412,74.88466666666667,0.0,0.0,0.0,0.0
2020-08-27,Inland Sea,0.7503401360544216,74.576,0.0,0.0,0.0,0.0
2020-08-27,Main Lake Central,0.7146258503401359,74.26599999999999,0.0,0.0,0.0,0.0
2020-08-27,Main Lake North,0.7146258503401359,74.216,0.0,0.0,0.0,0.0
2020-08-27,Main Lake South,0.7146258503401359,74.10545454545455,0.0,0.0,0.0,0.0
2020-08-27,Malletts Bay,0.7146258503401359,73.84666666666666,0.0,0.0,0.0,0.0
2020-08-27,St. Albans Bay,0.7146258503401359,73.59666666666666,0.0,0.0,0.0,0.0
2020-08-28,Inland Sea,0.6670068027210884,73.59666666666666,0.0,0.0,0.0,0.0
2020-08-28,Main Lake Central,0.530643166357452,72.91454545454545,0.0,0.0,0.0,0.0
2020-08-28,Main Lake North,0.45921459492888056,72.73272727272727,0.0,0.0,0.0,0.0
2020-08-28,Main Lake South,0.42350030921459486,72.3690909090909,0.0,0.0,0.0,0.0
2020-08-28,Missisquoi Bay,0.42350030921459486,72.255,0.0,0.0,0.0,0.0
2020-08-28,St. Albans Bay,0.40564316635745207,71.91875,0.0,0.0,0.0,0.0
2020-08-29,Inland Sea,0.29135745207173763,71.73681818181818,0.0,0.0,0.0,0.0
2020-08-29,Main Lake Central,0.14850030921459484,71.7105,0.0,0.0,0.0,0.0
2020-08-29,Main Lake South,0.17911255411255403,71.65833333333335,0.0,0.0,0.0,0.0
2020-08-29,Missisquoi Bay,0.17911255411255403,71.74062500000001,0.0,0.0,0.0,0.0
2020-08-30,Inland Sea,0.17911255411255403,71.05312500000001,0.0,0.0,0.0,0.0
2020-08-30,Main Lake Central,0.25054112554112545,70.915625,0.0,0.0,0.0,0.0
2020-08-31,Inland Sea,0.35768398268398255,71.540625,0.0,0.0,0.0,0.0
2020-08-31,Main Lake Central,0.35768398268398255,72.31919642857143,0.0,0.0,0.0,0.0
2020-08-31,Main Lake North,0.310064935064935,71.96891534391534,0.0,0.0,0.0,0.0
2020-08-31,Main Lake South,0.3273809523809523,71.9720238095238,0.0,0.0,0.0,0.0
2020-08-31,Malletts Bay,0.3273809523809523,71.96891534391534,0.0,0.0,0.0,0.0
2020-08-31,Missisquoi Bay,0.3273809523809523,71.71502976190476,0.0,0.0,0.0,0.0
2020-08-31,St. Albans Bay,0.3273809523809523,71.88169642857143,0.0,0.0,0.0,0.0
2020-09-01,Inland Sea,0.2916666666666666,72.32857142857144,0.0,0.0,0.0,0.0
2020-09-01,Main Lake Central,0.34880952380952374,71.91428571428571,0.0,0.0,0.0,0.0
2020-09-01,Main Lake North,0.40725108225108214,71.74285714285715,0.0,0.0,0.0,0.0
2020-09-01,Main Lake South,0.40725108225108214,71.74285714285715,0.0,0.0,0.0,0.0
2020-09-01,St. Albans Bay,0.4429653679653679,71.74285714285715,0.0,0.0,0.0,0.0
2020-09-02,Inland Sea,0.5143939393939393,72.15873015873017,0.0,0.0,0.0,0.0
2020-09-02,Main Lake Central,0.5679653679653679,72.04761904761905,0.0,0.0,0.0,0.0
2020-09-02,Main Lake South,0.5679653679653679,71.82539682539682,0.0,0.0,0.0,0.0
2020-09-03,Inland Sea,0.6036796536796535,71.28888888888888,0.0,0.0,0.0,0.0
2020-09-03,Main Lake Central,0.6036796536796535,71.6148148148148,0.0,0.0,0.0,0.0
2020-09-03,Main Lake North,0.6084415584415582,71.28148148148148,0.0,0.0,0.0,0.0
2020-09-03,Main Lake South,0.6084415584415582,71.28148148148148,0.0,0.0,0.0,0.0
2020-09-03,Malletts Bay,0.656060606060606,71.65333333333334,0.0,0.0,0.0,0.0
2020-09-03,St. Albans Bay,0.656060606060606,71.57777777777777,0.0,0.0,0.0,0.0
2020-09-04,Inland Sea,0.7096320346320345,71.14999999999999,0.0,0.0,0.0,0.0
2020-09-04,Main Lake Central,0.706060606060606,72.075,0.0,0.0,0.0,0.0
2020-09-04,Main Lake South,0.7011904761904761,72.1125,0.0,0.0,0.0,0.0
2020-09-04,Malletts Bay,0.6654761904761904,71.76666666666667,0.0,0.0,0.0,0.0
2020-09-05,Inland Sea,0.6297619047619047,71.76666666666667,0.0,0.0,0.0,0.0
2020-09-05,Main Lake Central,0.5583333333333332,71.76666666666667,0.0,0.0,0.0,0.0
2020-09-05,Malletts Bay,0.47619047619047616,72.14444444444445,0.0,0.0,0.0,0.0
2020-09-05,Missisquoi Bay,0.369047619047619,71.91250000000001,0.0,0.0,0.0,0.0
2020-09-06,Inland Sea,0.4047619047619047,72.2375,0.0,0.0,0.0,0.0
2020-09-06,Main Lake Central,0.47619047619047616,72.1,0.0,0.0,0.0,0.0
2020-09-06,Main Lake South,0.4833333333333333,72.34375,0.0,0.0,0.0,0.0
2020-09-07,Inland Sea,0.4833333333333333,72.08333333333333,0.0,0.0,0.0,0.0
2020-09-07,Main Lake Central,0.530952380952381,71.19444444444444,0.0,0.0,0.0,0.0
2020-09-07,Main Lake North,0.6738095238095239,70.875,0.0,0.0,0.0,0.0
2020-09-07,Main Lake South,0.6916666666666667,70.70454545454545,0.0,0.0,0.0,0.0
2020-09-07,Malletts Bay,0.7095238095238096,70.175,0.0,0.0,0.0,0.0
2020-09-07,Missisquoi Bay,0.775,70.13888888888889,0.0,0.0,0.0,0.0
2020-09-07,St. Albans Bay,0.8107142857142857,70.13888888888889,0.0,0.0,0.0,0.0
2020-09-08,Inland Sea,0.9535714285714285,69.925,0.0,0.0,0.0,0.0
2020-09-08,Main Lake Central,0.9535714285714285,69.87121212121211,0.0,0.0,0.0,0.0
2020-09-08,Main Lake North,0.961734693877551,69.62272727272727,0.0,0.0,0.0,0.0
2020-09-08,Main Lake South,0.961734693877551,69.62272727272727,0.0,0.0,0.0,0.0
2020-09-09,Inland Sea,0.9081632653061223,68.89545454545454,0.0,0.0,0.0,0.0
2020-09-09,Main Lake Central,0.8635204081632653,68.69090909090909,0.0,0.0,0.0,0.0
2020-09-09,Main Lake North,0.899234693877551,68.51363636363637,0.0,0.0,0.0,0.0
2020-09-09,Main Lake South,0.9706632653061223,68.365,0.0,0.0,0.0,0.0
2020-09-09,St. Albans Bay,0.9060374149659863,68.62666666666667,0.0,0.0,0.0,0.0
2020-09-10,Inland Sea,0.7631802721088434,68.6962962962963,0.0,0.0,0.0,0.0
2020-09-10,Main Lake Central,0.7274659863945577,68.67407407407407,0.0,0.0,0.0,0.0
2020-09-10,Main Lake North,0.7274659863945577,68.60666666666665,0.0,0.0,0.0,0.0
2020-09-10,Main Lake South,0.6512755102040816,68.60666666666665,0.0,0.0,0.0,0.0
2020-09-10,Malletts Bay,0.6155612244897959,68.90666666666667,0.0,0.0,0.0,0.0
2020-09-10,St. Albans Bay,0.5441326530612244,69.0074074074074,0.0,0.0,0.0,0.0
2020-09-11,Inland Sea,0.5441326530612244,68.96666666666667,0.0,0.0,0.0,0.0
2020-09-11,Main Lake Central,0.4931122448979592,68.59523809523809,0.0,0.0,0.0,0.0
2020-09-11,Main Lake North,0.5645408163265306,67.90833333333333,0.0,0.0,0.0,0.0
2020-09-11,Main Lake South,0.5823979591836734,68.40833333333333,0.0,0.0,0.0,0.0
2020-09-11,Missisquoi Bay,0.5794217687074829,68.35952380952381,0.0,0.0,0.0,0.0
2020-09-12,Main Lake South,0.5794217687074829,68.21666666666667,0.0,0.0,0.0,0.0
2020-09-13,Inland Sea,0.5079931972789116,68.21666666666667,0.0,0.0,0.0,0.0
2020-09-13,Main Lake Central,0.5488095238095237,67.41428571428571,0.0,0.0,0.0,0.0
2020-09-14,Inland Sea,0.644047619047619,67.41428571428571,0.0,0.0,0.0,0.0
2020-09-14,Main Lake Central,0.6142857142857142,66.92285714285715,0.0,0.0,0.0,0.0
2020-09-14,Main Lake North,0.6448979591836734,66.19428571428571,0.0,0.0,0.0,0.0
2020-09-14,Main Lake South,0.7091836734693876,66.21166666666667,0.0,0.0,0.0,0.0
2020-09-14,Malletts Bay,0.6972789115646257,65.38476190476192,0.0,0.0,0.0,0.0
2020-09-14,Missisquoi Bay,0.6258503401360543,65.38476190476192,0.0,0.0,0.0,0.0
2020-09-14,St. Albans Bay,0.6972789115646257,65.33666666666667,0.0,0.0,0.0,0.0
2020-09-15,Inland Sea,0.7925170068027211,64.96592592592593,0.0,0.0,0.0,0.0
2020-09-15,Main Lake South,0.7210884353741497,65.19916666666667,0.0,0.0,0.0,0.0
2020-09-16,Inland Sea,0.695578231292517,64.82416666666667,0.0,0.0,0.0,0.0
2020-09-16,Main Lake Central,0.7717687074829931,64.71870370370371,0.0,0.0,0.0,0.0
2020-09-16,Main Lake South,0.8074829931972788,64.38537037037037,0.0,0.0,0.0,0.0
2020-09-17,Inland Sea,0.8878401360544217,64.44016666666667,0.0,0.0,0.0,0.0
2020-09-17,Main Lake Central,0.840221088435374,64.73016666666668,0.0,0.0,0.0,0.0
2020-09-17,Main Lake North,0.775595238095238,64.75469696969698,0.0,0.0,0.0,0.0
2020-09-17,Main Lake South,0.7696428571428571,64.69416666666667,0.0,0.0,0.0,0.0
2020-09-17,St. Albans Bay,0.7033163265306122,64.20416666666668,0.0,0.0,0.0,0.0
2020-09-18,Inland Sea,0.596173469387755,63.967592592592595,0.0,0.0,0.0,0.0
2020-09-18,Main Lake Central,0.5723639455782311,64.37083333333332,0.0,0.0,0.0,0.0
2020-09-18,Main Lake North,0.6437925170068025,63.973484848484844,0.0,0.0,0.0,0.0
2020-09-19,Inland Sea,0.6199829931972788,63.87083333333332,0.0,0.0,0.0,0.0
2020-09-19,Main Lake Central,0.5247448979591837,64.0787037037037,0.0,0.0,0.0,0.0
2020-09-19,Main Lake South,0.6676020408163265,64.0787037037037,0.0,0.0,0.0,0.0
2020-09-20,Inland Sea,0.6573979591836734,63.96354166666666,0.0,0.0,0.0,0.0
2020-09-20,Main Lake Central,0.6288265306122448,63.729166666666664,0.0,0.0,0.0,0.0
2020-09-20,Main Lake South,0.5931122448979591,63.54761904761905,0.0,0.0,0.0,0.0
2020-09-21,Inland Sea,0.5841836734693876,62.84285714285714,0.0,0.0,0.0,0.0
2020-09-21,Main Lake Central,0.5603741496598639,61.83428571428571,0.0,0.0,0.0,0.0
2020-09-21,Main Lake North,0.5297619047619048,61.262857142857136,0.0,0.0,0.0,0.0
2020-09-21,Main Lake South,0.5261904761904762,61.43833333333333,0.0,0.0,0.0,0.0
2020-09-21,Malletts Bay,0.4904761904761904,61.92952380952381,0.0,0.0,0.0,0.0
2020-09-21,Missisquoi Bay,0.4904761904761904,61.92952380952381,0.0,0.0,0.0,0.0
2020-09-21,St. Albans Bay,0.4904761904761904,60.78666666666667,0.0,0.0,0.0,0.0
2020-09-22,Inland Sea,0.45476190476190465,61.64380952380952,0.0,0.0,0.0,0.0
2020-09-22,Main Lake Central,0.4071428571428571,61.56333333333333,0.0,0.0,0.0,0.0
2020-09-22,Main Lake South,0.5142857142857142,61.38962962962963,0.0,0.0,0.0,0.0
2020-09-22,Malletts Bay,0.4904761904761904,61.38962962962963,0.0,0.0,0.0,0.0
2020-09-22,St. Albans Bay,0.4904761904761904,61.38962962962963,0.0,0.0,0.0,0.0
2020-09-23,Inland Sea,0.41904761904761895,61.31333333333333,0.0,0.0,0.0,0.0
2020-09-23,Main Lake Central,0.38333333333333325,61.540740740740745,0.0,0.0,0.0,0.0
2020-09-23,Main Lake South,0.3221088435374149,61.98518518518519,0.0,0.0,0.0,0.0
2020-09-23,Malletts Bay,0.3221088435374149,62.12888888888889,0.0,0.0,0.0,0.0
2020-09-24,Inland Sea,0.3221088435374149,62.269999999999996,0.0,0.0,0.0,0.0
2020-09-24,Main Lake Central,0.3316326530612244,63.024166666666666,0.0,0.0,0.0,0.0
2020-09-24,Main Lake North,0.3835807050092764,62.732592592592596,0.0,0.0,0.0,0.0
2020-09-24,Main Lake South,0.3835807050092764,62.732592592592596,0.0,0.0,0.0,0.0
2020-09-24,Malletts Bay,0.3835807050092764,62.510370370370374,0.0,0.0,0.0,0.0
2020-09-24,St. Albans Bay,0.3478664192949906,62.07416666666667,0.0,0.0,0.0,0.0
2020-09-25,Inland Sea,0.3478664192949906,62.22761904761905,0.0,0.0,0.0,0.0
2020-09-25,Main Lake Central,0.2407235621521335,63.22761904761905,0.0,0.0,0.0,0.0
2020-09-25,Main Lake North,0.19310451453308589,63.32416666666667,0.0,0.0,0.0,0.0
2020-09-25,Main Lake South,0.19310451453308589,63.32416666666667,0.0,0.0,0.0,0.0
2020-09-26,Inland Sea,0.19310451453308589,63.32416666666667,0.0,0.0,0.0,0.0
2020-09-26,Main Lake Central,0.1573902288188002,63.31904761904762,0.0,0.0,0.0,0.0
2020-09-26,Main Lake South,0.21861471861471854,63.205555555555556,0.0,0.0,0.0,0.0
2020-09-27,Inland Sea,0.3257575757575757,63.620000000000005,0.0,0.0,0.0,0.0
2020-09-27,Main Lake Central,0.3614718614718614,63.620000000000005,0.0,0.0,0.0,0.0
2020-09-28,Inland Sea,0.40909090909090906,62.35000000000001,0.0,0.0,0.0,0.0
2020-09-28,Main Lake Central,0.4142857142857142,63.84375,0.0,0.0,0.0,0.0
2020-09-28,Main Lake North,0.4499999999999999,64.38166666666666,0.0,0.0,0.0,0.0
2020-09-28,Main Lake South,0.4499999999999999,65.97708333333333,0.0,0.0,0.0,0.0
2020-09-28,Malletts Bay,0.4499999999999999,65.97708333333333,0.0,0.0,0.0,0.0
2020-09-28,Missisquoi Bay,0.4499999999999999,65.97708333333333,0.0,0.0,0.0,0.0
2020-09-29,Inland Sea,0.4499999999999999,64.97708333333333,0.0,0.0,0.0,0.0
2020-09-29,Main Lake Central,0.4499999999999999,65.97708333333333,0.0,0.0,0.0,0.0
2020-09-29,Main Lake South,0.5214285714285714,66.38166666666666,0.0,0.0,0.0,0.0
2020-09-30,Inland Sea,0.575,65.65138888888889,0.0,0.0,0.0,0.0
2020-09-30,Main Lake Central,0.5928571428571427,65.09761904761905,0.0,0.0,0.0,0.0
2020-09-30,Main Lake North,0.5392857142857143,64.96041666666666,0.0,0.0,0.0,0.0
2020-09-30,Main Lake South,0.43214285714285705,64.96041666666666,0.0,0.0,0.0,0.0
2020-10-01,Inland Sea,0.44404761904761897,64.57962962962964,0.0,0.0,0.0,0.0
2020-10-01,Main Lake Central,0.37261904761904757,64.57962962962964,0.0,0.0,0.0,0.0
2020-10-01,Main Lake North,0.35119047619047616,64.35520833333334,0.0,0.0,0.0,0.0
2020-10-01,Main Lake South,0.38690476190476186,64.04404761904763,0.0,0.0,0.0,0.0
2020-10-01,Malletts Bay,0.4583333333333333,64.04404761904763,0.0,0.0,0.0,0.0
2020-10-01,St. Albans Bay,0.4583333333333333,64.04404761904763,0.0,0.0,0.0,0.0
2020-10-02,Inland Sea,0.5059523809523808,64.04404761904763,0.0,0.0,0.0,0.0
2020-10-02,Main Lake Central,0.5059523809523808,64.21805555555557,0.0,0.0,0.0,0.0
2020-10-02,Main Lake North,0.4345238095238094,63.46166666666668,0.0,0.0,0.0,0.0
2020-10-03,Inland Sea,0.4345238095238094,62.32708333333334,0.0,0.0,0.0,0.0
2020-10-03,Main Lake Central,0.3809523809523809,62.077083333333334,0.0,0.0,0.0,0.0
2020-10-03,St. Albans Bay,0.363095238095238,62.17777777777778,0.0,0.0,0.0,0.0
2020-10-04,Inland Sea,0.3452380952380952,61.266666666666666,0.0,0.0,0.0,0.0
2020-10-04,Main Lake Central,0.3809523809523809,59.84444444444444,0.0,0.0,0.0,0.0
2020-10-04,Main Lake South,0.3333333333333333,59.0,0.0,0.0,0.0,0.0
2020-10-05,Inland Sea,0.3333333333333333,59.0,0.0,0.0,0.0,0.0
2020-10-05,Main Lake Central,0.3452380952380952,59.26666666666666,0.0,0.0,0.0,0.0
2020-10-05,Main Lake North,0.3452380952380952,58.949999999999996,0.0,0.0,0.0,0.0
2020-10-05,Main Lake South,0.2738095238095237,58.949999999999996,0.0,0.0,0.0,0.0
2020-10-05,Malletts Bay,0.2738095238095237,58.949999999999996,0.0,0.0,0.0,0.0
2020-10-05,Missisquoi Bay,0.2261904761904761,58.949999999999996,0.0,0.0,0.0,0.0
2020-10-06,Inland Sea,0.2261904761904761,59.160000000000004,0.0,0.0,0.0,0.0
2020-10-06,Main Lake South,0.2261904761904761,59.160000000000004,0.0,0.0,0.0,0.0
2020-10-07,Inland Sea,0.2261904761904761,59.13333333333333,0.0,0.0,0.0,0.0
2020-10-07,Main Lake Central,0.2261904761904761,58.760000000000005,0.0,0.0,0.0,0.0
2020-10-07,Main Lake South,0.29761904761904756,59.96666666666666,0.0,0.0,0.0,0.0
2020-10-07,Malletts Bay,0.38333333333333325,59.965714285714284,0.0,0.0,0.0,0.0
2020-10-08,Inland Sea,0.38333333333333325,60.46,0.0,0.0,0.0,0.0
2020-10-08,Main Lake Central,0.47261904761904755,59.55142857142857,0.0,0.0,0.0,0.0
2020-10-08,Main Lake North,0.544047619047619,59.55142857142857,0.0,0.0,0.0,0.0
2020-10-08,Main Lake South,0.5678571428571427,59.51,0.0,0.0,0.0,0.0
2020-10-09,Inland Sea,0.6392857142857142,59.812,0.0,0.0,0.0,0.0
2020-10-09,Main Lake Central,0.6392857142857142,59.812,0.0,0.0,0.0,0.0
2020-10-09,Main Lake North,0.6869047619047618,59.812,0.0,0.0,0.0,0.0
2020-10-09,Main Lake South,0.7583333333333332,59.812,0.0,0.0,0.0,0.0
2020-10-10,Main Lake South,0.9011904761904761,59.76500000000001,0.0,0.0,0.0,0.0
2020-10-11,Inland Sea,1.044047619047619,59.76500000000001,0.0,0.0,0.0,0.0
2020-10-11,Main Lake Central,0.9726190476190475,60.02000000000001,0.0,0.0,0.0,0.0
2020-10-12,Inland Sea,1.044047619047619,60.02000000000001,0.0,0.0,0.0,0.0
2020-10-12,Main Lake Central,1.0678571428571426,55.57555555555555,0.0,0.0,0.0,0.0
2020-10-12,Main Lake North,1.0535714285714284,55.25555555555555,0.0,0.0,0.0,0.0
2020-10-13,Inland Sea,1.0892857142857142,55.25555555555555,0.0,0.0,0.0,0.0
2020-10-13,Main Lake South,0.9999999999999999,55.83333333333333,0.0,0.0,0.0,0.0
2020-10-13,Malletts Bay,0.9285714285714285,54.55555555555555,0.0,0.0,0.0,0.0
2020-10-14,Inland Sea,0.857142857142857,54.55555555555555,0.0,0.0,0.0,0.0
2020-10-14,Main Lake Central,0.7142857142857142,54.55555555555555,0.0,0.0,0.0,0.0
2020-10-14,Main Lake South,0.7499999999999999,56.916666666666664,0.0,0.0,0.0,0.0
2020-10-14,Malletts Bay,0.720238095238095,57.65333333333333,0.0,0.0,0.0,0.0
2020-10-15,Inland Sea,0.720238095238095,57.65333333333333,0.0,0.0,0.0,0.0
2020-10-15,Main Lake Central,0.6726190476190476,58.144444444444446,0.0,0.0,0.0,0.0
2020-10-15,Main Lake North,0.601190476190476,58.144444444444446,0.0,0.0,0.0,0.0
2020-10-15,Main Lake South,0.7202380952380951,58.144444444444446,0.0,0.0,0.0,0.0
2020-10-16,Main Lake Central,0.7202380952380951,58.144444444444446,0.0,0.0,0.0,0.0
2020-10-16,Main Lake North,0.6535714285714285,59.239999999999995,0.0,0.0,0.0,0.0
2020-10-17,Inland Sea,0.5821428571428571,59.300000000000004,0.0,0.0,0.0,0.0
2020-10-18,Main Lake Central,0.5107142857142856,59.64,0.0,0.0,0.0,0.0
2020-10-19,Inland Sea,0.5821428571428571,59.64,0.0,0.0,0.0,0.0
2020-10-19,Main Lake Central,0.6714285714285714,59.56,0.0,0.0,0.0,0.0
2020-10-19,Main Lake North,0.7428571428571428,59.56,0.0,0.0,0.0,0.0
2020-10-19,Main Lake South,0.8142857142857142,59.56,0.0,0.0,0.0,0.0
2020-10-20,Main Lake Central,0.7785714285714285,58.45,0.0,0.0,0.0,0.0
2020-10-20,Main Lake South,0.8321428571428571,56.800000000000004,0.0,0.0,0.0,0.0
2020-10-21,Inland Sea,0.7607142857142856,55.64,0.0,0.0,0.0,0.0
2020-10-21,Main Lake Central,0.6654761904761903,54.39999999999999,0.0,0.0,0.0,0.0
2020-10-21,Main Lake South,0.6083333333333333,54.39999999999999,0.0,0.0,0.0,0.0
2020-10-22,Inland Sea,0.5607142857142856,55.11999999999999,0.0,0.0,0.0,0.0
2020-10-22,Main Lake Central,0.4892857142857142,55.11999999999999,0.0,0.0,0.0,0.0
2020-10-22,Main Lake North,0.4607142857142856,55.11999999999999,0.0,0.0,0.0,0.0
2020-10-23,Inland Sea,0.4607142857142856,55.11999999999999,0.0,0.0,0.0,0.0
2020-10-23,Main Lake Central,0.49642857142857133,54.919999999999995,0.0,0.0,0.0,0.0
2020-10-23,Main Lake North,0.5678571428571427,54.919999999999995,0.0,0.0,0.0,0.0
2020-10-25,Inland Sea,0.6214285714285713,55.74999999999999,0.0,0.0,0.0,0.0
2020-10-25,Main Lake Central,0.6928571428571428,53.760000000000005,0.0,0.0,0.0,0.0
2020-10-26,Inland Sea,0.6928571428571428,53.760000000000005,0.0,0.0,0.0,0.0
2020-10-26,Main Lake Central,0.8119047619047618,52.56111111111111,0.0,0.0,0.0,0.0
2020-10-26,Main Lake South,0.8323129251700679,52.27333333333333,0.0,0.0,0.0,0.0
2020-10-27,Main Lake North,0.8323129251700679,52.59166666666667,0.0,0.0,0.0,0.0
2020-10-27,Main Lake South,0.9037414965986394,52.59166666666667,0.0,0.0,0.0,0.0
2020-10-28,Inland Sea,0.9251700680272109,51.473333333333336,0.0,0.0,0.0,0.0
2020-10-28,Main Lake Central,0.907312925170068,50.17333333333333,0.0,0.0,0.0,0.0
2020-10-28,Main Lake South,0.9644557823129251,50.17333333333333,0.0,0.0,0.0,0.0
2020-10-29,Inland Sea,1.0120748299319726,49.81111111111111,0.0,0.0,0.0,0.0
2020-10-29,Main Lake Central,1.0477891156462584,49.81111111111111,0.0,0.0,0.0,0.0
2020-10-29,Main Lake North,1.0715986394557822,47.77333333333333,0.0,0.0,0.0,0.0
2020-10-30,Inland Sea,0.9287414965986392,47.77333333333333,0.0,0.0,0.0,0.0
2020-10-30,Main Lake Central,0.8573129251700679,47.644444444444446,0.0,0.0,0.0,0.0
2020-10-30,Malletts Bay,0.8573129251700679,48.013333333333335,0.0,0.0,0.0,0.0
2020-11-01,Main Lake Central,0.8573129251700679,48.013333333333335,0.0,0.0,0.0,0.0
2020-11-02,Inland Sea,0.8607142857142855,48.37500000000001,0.0,0.0,0.0,0.0
2020-11-03,Inland Sea,0.8581632653061223,46.795,0.0,0.0,0.0,0.0
2020-11-04,Inland Sea,1.0010204081632652,46.795,0.0,0.0,0.0,0.0
2020-11-04,Main Lake Central,0.9295918367346937,46.795,0.0,0.0,0.0,0.0
2020-11-04,Main Lake South,1.0367346938775508,49.795,0.0,0.0,0.0,0.0
2020-11-05,Inland Sea,1.1260204081632652,47.895,0.0,0.0,0.0,0.0
2020-11-05,Main Lake Central,1.1403061224489794,48.32916666666667,0.0,0.0,0.0,0.0
2020-11-05,Main Lake North,1.1641156462585034,48.395,0.0,0.0,0.0,0.0
2020-11-05,Main Lake South,1.242687074829932,48.395,0.0,0.0,0.0,0.0
2020-11-06,Inland Sea,1.2545918367346935,48.37916666666666,0.0,0.0,0.0,0.0
2020-11-06,Malletts Bay,1.2545918367346935,49.18214285714286,0.0,0.0,0.0,0.0
2020-11-08,Inland Sea,1.2545918367346935,49.54583333333333,0.0,0.0,0.0,0.0
2020-11-08,Main Lake North,1.111734693877551,49.54583333333333,0.0,0.0,0.0,0.0
2020-11-08,Main Lake South,1.0403061224489796,49.54583333333333,0.0,0.0,0.0,0.0
2020-11-09,Inland Sea,0.9178571428571427,49.54583333333333,0.0,0.0,0.0,0.0
2020-11-13,Inland Sea,0.8285714285714284,51.35999999999999,0.0,0.0,0.0,0.0
2020-11-22,Inland Sea,0.6857142857142856,51.35999999999999,0.0,0.0,0.0,0.0
2021-06-20,Main Lake Central,0.6857142857142856,51.35999999999999,0.0,0.0,0.0,0.0
2021-06-20,Missisquoi Bay,0.6142857142857141,52.959999999999994,0.0,0.0,0.0,0.0
2021-06-21,Main Lake Central,0.5428571428571427,55.69999999999999,0.0,0.0,0.0,0.0
2021-06-21,Main Lake North,0.6142857142857141,57.433333333333316,0.0,0.0,0.0,0.0
2021-06-21,Missisquoi Bay,0.6857142857142856,57.433333333333316,0.0,0.0,0.0,0.0
2021-06-22,Inland Sea,0.5714285714285713,57.433333333333316,0.0,0.0,0.0,0.0
2021-06-22,Main Lake Central,0.5714285714285713,65.2,0.0,0.0,0.0,0.0
2021-06-22,Main Lake South,0.5714285714285713,70.8,0.0,0.0,0.0,0.0
2021-06-23,Inland Sea,0.5714285714285713,70.8,0.0,0.0,0.0,0.0
2021-06-23,Main Lake Central,0.5714285714285713,70.32666666666667,0.0,0.0,0.0,0.0
2021-06-23,Main Lake North,0.603174603174603,59.995,0.0,1.0,1.0,0.0
2021-06-23,Main Lake South,0.6746031746031745,60.396,0.0,1.0,1.0,0.0
2021-06-23,Malletts Bay,0.6746031746031745,61.441111111111105,0.0,1.0,1.0,0.0
2021-06-23,Missisquoi Bay,0.7460317460317459,61.441111111111105,0.0,1.0,1.0,0.0
2021-06-24,Inland Sea,0.7460317460317459,61.441111111111105,0.0,1.0,1.0,0.0
2021-06-24,Main Lake Central,0.7460317460317459,61.91888888888889,0.0,1.0,1.0,0.0
2021-06-24,Main Lake North,0.7698412698412698,62.359047619047615,0.0,1.0,1.0,0.0
2021-06-24,Main Lake South,0.7126984126984126,63.98916666666667,0.0,1.0,1.0,0.0
2021-06-24,Malletts Bay,0.7126984126984126,64.10148148148147,0.0,1.0,1.0,0.0
2021-06-24,St. Albans Bay,0.7305555555555554,64.10148148148147,0.0,1.0,1.0,0.0
2021-06-25,Inland Sea,0.784126984126984,64.44592592592592,0.0,1.0,1.0,0.0
2021-06-25,Main Lake Central,0.8912698412698411,62.42133333333334,0.0,1.0,1.0,0.0
2021-06-25,Main Lake South,0.870861678004535,63.14666666666667,0.0,1.0,1.0,0.0
2021-06-25,St. Albans Bay,0.9422902494331064,62.2939393939394,0.0,1.0,1.0,0.0
2021-06-26,Inland Sea,1.0534013605442176,61.47575757575758,0.0,0.0,1.0,0.0
2021-06-26,Main Lake Central,0.9819727891156462,61.42333333333333,0.0,0.0,1.0,0.0
2021-06-26,Main Lake South,1.0176870748299318,61.22666666666667,0.0,0.0,1.0,0.0
2021-06-27,Inland Sea,1.0176870748299318,61.56969696969697,0.0,0.0,1.0,0.0
2021-06-27,Main Lake Central,1.1605442176870748,61.56969696969697,0.0,0.0,1.0,0.0
2021-06-27,Main Lake South,1.1605442176870748,60.94545454545455,0.0,0.0,1.0,0.0
2021-06-28,Inland Sea,1.1367346938775509,60.540000000000006,0.0,0.0,1.0,0.0
2021-06-28,Main Lake Central,1.051020408163265,59.8,0.0,0.0,1.0,0.0
2021-06-28,Main Lake North,0.9438775510204079,59.22222222222222,0.0,0.0,1.0,0.0
2021-06-28,Main Lake South,0.9795918367346937,58.0,0.0,0.0,1.0,0.0
2021-06-28,Malletts Bay,0.8545918367346937,56.14444444444444,0.0,0.0,1.0,0.0
2021-06-28,Missisquoi Bay,0.8188775510204079,57.637499999999996,0.0,0.0,1.0,0.0
2021-06-28,St. Albans Bay,0.8154761904761905,51.5875,0.0,0.0,1.0,0.0
2021-06-29,Inland Sea,0.8154761904761904,51.775,0.0,0.0,1.0,0.0
2021-06-29,Main Lake Central,0.6726190476190474,60.4375,0.0,0.0,1.0,0.0
2021-06-29,Main Lake North,0.6726190476190474,59.22222222222222,0.0,1.0,1.0,0.0
2021-06-29,Main Lake South,0.6369047619047618,54.36666666666667,0.0,1.0,1.0,0.0
2021-06-29,Missisquoi Bay,0.5654761904761904,54.25555555555556,0.0,1.0,1.0,0.0
2021-06-30,Inland Sea,0.4226190476190475,54.25555555555556,0.0,1.0,1.0,0.0
2021-06-30,Main Lake Central,0.37976190476190463,54.91851851851852,0.0,1.0,1.0,0.0
2021-06-30,Main Lake South,0.332142857142857,56.376666666666665,0.0,1.0,1.0,0.0
2021-06-30,Malletts Bay,0.34107142857142847,56.510000000000005,0.0,1.0,1.0,0.0
2021-06-30,St. Albans Bay,0.30535714285714277,56.510000000000005,0.0,1.0,1.0,0.0
2021-07-01,Inland Sea,0.3232142857142856,58.31,0.0,1.0,1.0,0.0
2021-07-01,Main Lake Central,0.3470238095238094,60.13636363636363,0.0,1.0,1.0,0.0
2021-07-01,Main Lake North,0.3113095238095237,60.541666666666664,0.0,1.0,1.0,0.0
2021-07-01,Main Lake South,0.2994047619047618,65.01875,0.0,1.0,1.0,0.0
2021-07-01,Malletts Bay,0.25178571428571417,65.63125,0.0,1.0,1.0,0.0
2021-07-01,Missisquoi Bay,0.3232142857142856,63.47954545454545,0.0,1.0,1.0,0.0
2021-07-01,St. Albans Bay,0.3232142857142856,61.20681818181818,0.0,1.0,1.0,0.0
2021-07-02,Inland Sea,0.34107142857142847,66.31590909090909,0.0,0.0,0.0,0.0
2021-07-02,Main Lake Central,0.34107142857142847,67.125,0.0,0.0,0.0,0.0
2021-07-02,Main Lake South,0.37678571428571417,67.02291666666666,0.0,0.0,0.0,0.0
2021-07-02,Malletts Bay,0.41964285714285704,66.35902777777777,0.0,0.0,0.0,0.0
2021-07-02,St. Albans Bay,0.39583333333333315,66.07348484848484,0.0,0.0,0.0,0.0
2021-07-03,Inland Sea,0.38690476190476175,65.74749999999999,0.0,0.0,0.0,0.0
2021-07-03,Main Lake Central,0.42261904761904745,65.74749999999999,0.0,0.0,0.0,0.0
2021-07-03,Main Lake South,0.38690476190476175,66.1475,0.0,0.0,0.0,0.0
2021-07-04,Inland Sea,0.363095238095238,64.80749999999999,0.0,0.0,0.0,0.0
2021-07-04,Main Lake Central,0.3273809523809523,64.7861111111111,0.0,0.0,0.0,0.0
2021-07-05,Inland Sea,0.363095238095238,64.37222222222222,0.0,0.0,0.0,0.0
2021-07-05,Main Lake Central,0.35357142857142837,64.57407407407408,0.0,0.0,0.0,0.0
2021-07-05,Main Lake North,0.3535714285714285,64.57407407407408,0.0,0.0,0.0,0.0
2021-07-05,Main Lake South,0.4249999999999999,69.85185185185185,0.0,0.0,0.0,0.0
2021-07-05,Malletts Bay,0.40714285714285703,68.93333333333334,0.0,0.0,0.0,0.0
2021-07-05,Missisquoi Bay,0.4785714285714285,67.82083333333334,0.0,0.0,0.0,0.0
2021-07-05,St. Albans Bay,0.4785714285714285,68.0952380952381,0.0,0.0,0.0,0.0
2021-07-06,Inland Sea,0.4785714285714285,68.66666666666666,0.0,0.0,0.0,0.0
2021-07-06,Main Lake Central,0.526190476190476,69.22916666666667,0.0,0.0,0.0,0.0
2021-07-06,Main Lake South,0.526190476190476,69.87037037037038,0.0,0.0,0.0,0.0
2021-07-06,Malletts Bay,0.5312925170068026,69.95,0.0,0.0,0.0,0.0
2021-07-07,Inland Sea,0.6384353741496598,65.25,0.0,1.0,0.0,0.0
2021-07-07,Main Lake Central,0.6384353741496598,66.03,0.0,1.0,0.0,0.0
2021-07-07,Main Lake North,0.6920068027210883,66.2090909090909,0.0,1.0,0.0,0.0
2021-07-07,Main Lake South,0.6205782312925169,65.63,0.0,1.0,0.0,0.0
2021-07-07,Malletts Bay,0.6420068027210883,64.13476190476192,0.0,1.0,1.0,0.0
2021-07-07,St. Albans Bay,0.5705782312925168,64.13476190476192,0.0,1.0,1.0,0.0
2021-07-08,Inland Sea,0.4991496598639454,63.73476190476191,0.0,1.0,1.0,0.0
2021-07-08,Main Lake Central,0.4991496598639454,64.11114718614719,0.0,1.0,1.0,0.0
2021-07-08,Main Lake North,0.427721088435374,64.20205627705629,0.0,1.0,1.0,0.0
2021-07-08,Main Lake South,0.39200680272108823,64.52966269841271,0.0,1.0,1.0,0.0
2021-07-08,Malletts Bay,0.32057823129251684,64.56924603174603,0.0,1.0,1.0,0.0
2021-07-08,St. Albans Bay,0.2729591836734692,63.78766233766234,0.0,1.0,1.0,0.0
2021-07-09,Inland Sea,0.2729591836734692,63.278571428571425,0.0,1.0,1.0,0.0
2021-07-09,Main Lake Central,0.232142857142857,63.11796536796537,0.0,1.0,1.0,0.0
2021-07-09,Main Lake South,0.13690476190476178,67.11796536796537,0.0,1.0,1.0,0.0
2021-07-09,Malletts Bay,0.232142857142857,66.90887445887446,0.0,1.0,1.0,0.0
2021-07-09,St. Albans Bay,0.2857142857142856,66.79976190476191,0.0,1.0,1.0,0.0
2021-07-10,Inland Sea,0.35714285714285704,66.79976190476191,0.0,1.0,1.0,0.0
2021-07-10,Main Lake Central,0.35714285714285704,67.72833333333332,0.0,0.0,0.0,0.0
2021-07-11,Main Lake Central,0.42857142857142844,67.76666666666667,0.0,0.0,0.0,0.0
2021-07-11,Main Lake South,0.46428571428571414,67.90303030303029,0.0,0.0,0.0,0.0
2021-07-11,St. Albans Bay,0.46428571428571414,67.90583333333333,0.0,0.0,0.0,0.0
2021-07-12,Inland Sea,0.48809523809523797,68.00583333333333,0.0,0.0,0.0,0.0
2021-07-12,Main Lake Central,0.49702380952380937,68.1425,0.0,0.0,0.0,0.0
2021-07-12,Main Lake North,0.518762939958592,66.49499999999999,1.0,1.0,1.0,0.0
2021-07-12,Main Lake South,0.5366200828157349,67.49545454545454,1.0,1.0,1.0,0.0
2021-07-12,Malletts Bay,0.5366200828157349,67.51969696969697,1.0,1.0,1.0,0.0
2021-07-12,Missisquoi Bay,0.5604296066252586,67.43787878787879,1.0,1.0,1.0,0.0
2021-07-12,St. Albans Bay,0.5604296066252586,67.58166666666668,1.0,1.0,1.0,0.0
2021-07-13,Inland Sea,0.46519151138716347,67.43166666666667,1.0,1.0,1.0,0.0
2021-07-13,Main Lake Central,0.4294772256728777,68.45151515151515,1.0,1.0,1.0,0.0
2021-07-13,Main Lake North,0.4294772256728777,68.6588888888889,1.0,1.0,1.0,0.0
2021-07-13,Main Lake South,0.46519151138716347,68.99151515151516,1.0,1.0,1.0,0.0
2021-07-13,Malletts Bay,0.458698004893657,66.80742424242425,1.0,1.0,1.0,0.0
2021-07-14,Inland Sea,0.4944122906079427,67.03469696969697,1.0,1.0,1.0,0.0
2021-07-14,Main Lake Central,0.555636780403861,67.5963888888889,1.0,1.0,1.0,0.0
2021-07-14,Main Lake North,0.5930517463902556,67.8463888888889,1.0,1.0,1.0,0.0
2021-07-14,Main Lake South,0.6555517463902556,67.69606060606061,1.0,1.0,1.0,0.0
2021-07-15,Inland Sea,0.6950371057513912,69.75666666666667,1.0,1.0,0.0,0.0
2021-07-15,Main Lake Central,0.7128942486085341,69.8869696969697,1.0,1.0,0.0,0.0
2021-07-15,Main Lake North,0.7709299628942484,69.94227272727272,1.0,1.0,0.0,0.0
2021-07-15,Main Lake South,0.818549010513296,71.0998484848485,1.0,1.0,0.0,0.0
2021-07-15,Malletts Bay,0.8185490105132961,71.26375,1.0,1.0,0.0,0.0
2021-07-15,St. Albans Bay,0.8423585343228198,71.46954545454545,1.0,1.0,0.0,0.0
2021-07-16,Inland Sea,0.8423585343228198,71.61045454545454,1.0,1.0,0.0,0.0
2021-07-16,Main Lake Central,0.7709299628942484,72.37954545454546,1.0,1.0,0.0,0.0
2021-07-16,Main Lake North,0.7661680581323437,72.40625000000001,1.0,1.0,0.0,0.0
2021-07-16,Main Lake South,0.8440901360544216,70.5625,0.0,1.0,1.0,0.0
2021-07-16,Malletts Bay,0.7964710884353741,70.64583333333333,0.0,1.0,1.0,0.0
2021-07-16,Missisquoi Bay,0.7352465986394556,70.49791666666667,0.0,1.0,1.0,0.0
2021-07-17,Inland Sea,0.7454506802721087,66.74791666666667,0.0,1.0,1.0,0.0
2021-07-17,Main Lake Central,0.6883078231292515,66.99807692307692,0.0,1.0,1.0,0.0
2021-07-17,Main Lake North,0.6270833333333332,66.73717948717949,0.0,1.0,1.0,0.0
2021-07-17,Main Lake South,0.6270833333333332,66.51153846153846,0.0,1.0,1.0,0.0
2021-07-17,St. Albans Bay,0.6404761904761903,66.33653846153847,0.0,1.0,1.0,0.0
2021-07-18,Inland Sea,0.5690476190476189,65.51089743589743,0.0,1.0,1.0,0.0
2021-07-18,Main Lake Central,0.5214285714285714,64.88125000000001,0.0,1.0,1.0,0.0
2021-07-18,Malletts Bay,0.5452380952380951,65.12115384615385,0.0,1.0,1.0,0.0
2021-07-18,St. Albans Bay,0.4738095238095236,63.864583333333336,0.0,1.0,1.0,0.0
2021-07-19,Inland Sea,0.5214285714285712,62.45227272727273,0.0,1.0,1.0,0.0
2021-07-19,Main Lake Central,0.4904761904761904,62.349242424242426,0.0,1.0,1.0,0.0
2021-07-19,Main Lake North,0.41904761904761895,66.38416666666667,0.0,1.0,1.0,0.0
2021-07-19,Main Lake South,0.4666666666666666,65.64907407407408,0.0,1.0,1.0,0.0
2021-07-19,Malletts Bay,0.4666666666666666,65.80462962962963,0.0,1.0,1.0,0.0
2021-07-19,St. Albans Bay,0.39523809523809517,70.5824074074074,0.0,0.0,0.0,0.0
2021-07-20,Inland Sea,0.4523809523809523,71.24907407407407,0.0,0.0,0.0,0.0
2021-07-20,Main Lake Central,0.4761904761904761,72.14444444444445,0.0,0.0,0.0,0.0
2021-07-20,Main Lake South,0.4608843537414965,71.69012345679012,0.0,0.0,0.0,0.0
2021-07-20,Malletts Bay,0.3949502878074305,71.95540123456789,0.0,0.0,0.0,0.0
2021-07-20,Missisquoi Bay,0.3949502878074305,72.19982638888888,0.0,0.0,0.0,0.0
2021-07-20,St. Albans Bay,0.3949502878074305,72.19982638888888,1.0,0.0,0.0,0.0
2021-07-21,Inland Sea,0.34733124018838296,72.79980158730157,1.0,0.0,0.0,0.0
2021-07-21,Main Lake Central,0.3949502878074305,71.58732638888888,1.0,1.0,0.0,0.0
2021-07-21,Main Lake South,0.43661695447409726,71.52206790123456,1.0,1.0,0.0,0.0
2021-07-21,St. Albans Bay,0.42947409733124015,71.21466049382715,1.0,1.0,0.0,0.0
2021-07-22,Inland Sea,0.40566457352171625,66.39319444444445,1.0,1.0,0.0,0.0
2021-07-22,Main Lake Central,0.3750523286237571,67.39229797979797,1.0,1.0,0.0,0.0
2021-07-22,Main Lake North,0.40751986109128957,66.5320707070707,1.0,1.0,0.0,0.0
2021-07-22,Main Lake South,0.4253770039484324,66.3120707070707,1.0,1.0,0.0,0.0
2021-07-22,Malletts Bay,0.3825198610912896,65.86661616161615,1.0,1.0,0.0,0.0
2021-07-22,Missisquoi Bay,0.35871033728176577,64.51994444444445,1.0,1.0,0.0,0.0
2021-07-22,St. Albans Bay,0.3383021740164596,63.6987037037037,1.0,1.0,0.0,0.0
2021-07-23,Inland Sea,0.40423623995052554,64.34453703703703,1.0,1.0,0.0,0.0
2021-07-23,Main Lake Central,0.4220933828076684,65.51508333333334,1.0,1.0,0.0,0.0
2021-07-23,Main Lake North,0.4493042671614099,66.0455303030303,0.0,1.0,0.0,0.0
2021-07-23,Main Lake South,0.4493042671614099,62.45840277777777,0.0,1.0,0.0,0.0
2021-07-23,Malletts Bay,0.4118893011750154,63.616736111111116,0.0,1.0,0.0,0.0
2021-07-23,St. Albans Bay,0.3583178726035868,59.616736111111116,0.0,1.0,0.0,0.0
2021-07-24,Inland Sea,0.32974644403215825,59.63340277777778,0.0,1.0,0.0,0.0
2021-07-24,Main Lake Central,0.31784168212739633,63.55006944444445,0.0,1.0,0.0,0.0
2021-07-24,Main Lake South,0.3127396413110698,63.068125,0.0,1.0,0.0,0.0
2021-07-24,St. Albans Bay,0.2802721088435373,62.98909090909091,0.0,1.0,0.0,0.0
2021-07-25,Inland Sea,0.33384353741496586,62.83,0.0,1.0,0.0,0.0
2021-07-25,Main Lake Central,0.3052721088435373,62.71999999999999,0.0,1.0,0.0,0.0
2021-07-25,Main Lake South,0.3971088435374148,63.69090909090908,0.0,1.0,0.0,0.0
2021-07-25,Missisquoi Bay,0.3971088435374148,65.21666666666665,0.0,1.0,0.0,0.0
2021-07-25,St. Albans Bay,0.3971088435374149,64.21818181818182,0.0,1.0,0.0,0.0
2021-07-26,Inland Sea,0.4744897959183673,63.03499999999999,0.0,1.0,0.0,0.0
2021-07-26,Main Lake Central,0.4676870748299319,63.2,0.0,1.0,0.0,0.0
2021-07-26,Main Lake North,0.5212585034013605,67.8,0.0,1.0,0.0,0.0
2021-07-26,Main Lake South,0.5824829931972788,67.7,0.0,1.0,0.0,0.0
2021-07-26,Malletts Bay,0.5705782312925168,67.7,0.0,1.0,1.0,0.0
2021-07-26,St. Albans Bay,0.6420068027210883,68.0,0.0,1.0,1.0,0.0
2021-07-27,Inland Sea,0.6491496598639455,68.86666666666667,0.0,1.0,1.0,0.0
2021-07-27,Main Lake Central,0.6134353741496598,69.20666666666668,0.0,1.0,1.0,0.0
2021-07-27,Main Lake South,0.6491496598639455,69.73333333333333,0.0,1.0,1.0,0.0
2021-07-27,Malletts Bay,0.5777210884353741,65.67222222222223,0.0,1.0,1.0,0.0
2021-07-27,Missisquoi Bay,0.720578231292517,65.27878787878788,0.0,1.0,1.0,0.0
2021-07-28,Inland Sea,0.6287414965986394,64.46666666666667,1.0,1.0,1.0,0.0
2021-07-28,Main Lake Central,0.676360544217687,64.09666666666666,1.0,1.0,1.0,0.0
2021-07-28,Main Lake South,0.6644557823129251,64.5878787878788,1.0,1.0,1.0,0.0
2021-07-28,Malletts Bay,0.6202380952380951,65.12222222222222,1.0,1.0,1.0,0.0
2021-07-28,St. Albans Bay,0.6712585034013604,64.4060606060606,1.0,1.0,1.0,0.0
2021-07-29,Inland Sea,0.6891156462585032,65.32424242424243,1.0,1.0,1.0,0.0
2021-07-29,Main Lake Central,0.6534013605442175,65.19696969696969,1.0,1.0,1.0,0.0
2021-07-29,Main Lake North,0.6965561224489795,69.46969696969698,1.0,1.0,1.0,0.0
2021-07-29,Main Lake South,0.6822704081632652,69.48484848484848,1.0,1.0,1.0,0.0
2021-07-29,St. Albans Bay,0.692984693877551,68.72878787878788,1.0,1.0,1.0,0.0
2021-07-30,Inland Sea,0.7644132653061224,68.10166666666666,1.0,1.0,1.0,0.0
2021-07-30,Main Lake Central,0.7644132653061224,67.70166666666667,1.0,1.0,1.0,0.0
2021-07-30,Main Lake South,0.8256377551020408,72.86166666666666,1.0,0.0,0.0,0.0
2021-07-31,Inland Sea,0.7542091836734693,72.69242424242424,1.0,0.0,0.0,0.0
2021-07-31,Main Lake Central,0.8494472789115645,72.69242424242424,0.0,0.0,0.0,0.0
2021-08-01,Inland Sea,0.8018282312925169,72.13166666666667,0.0,0.0,0.0,0.0
2021-08-01,Main Lake Central,0.7780187074829931,72.18166666666667,0.0,0.0,0.0,0.0
2021-08-01,Missisquoi Bay,0.7984268707482992,71.98166666666667,0.0,0.0,0.0,0.0
2021-08-02,Inland Sea,0.7269982993197278,72.16515151515152,0.0,0.0,0.0,0.0
2021-08-02,Main Lake Central,0.7031887755102041,71.51969696969697,0.0,0.0,0.0,0.0
2021-08-02,Main Lake North,0.6674744897959183,71.21166666666667,0.0,0.0,0.0,0.0
2021-08-02,Main Lake South,0.6540816326530612,68.86166666666666,0.0,1.0,0.0,0.0
2021-08-02,Malletts Bay,0.6326530612244897,63.745000000000005,0.0,1.0,0.0,0.0
2021-08-02,Missisquoi Bay,0.6267006802721087,63.510000000000005,0.0,1.0,0.0,0.0
2021-08-02,St. Albans Bay,0.6267006802721087,59.64545454545455,0.0,1.0,1.0,0.0
2021-08-03,Inland Sea,0.590986394557823,59.372727272727275,0.0,1.0,1.0,0.0
2021-08-03,Main Lake Central,0.601190476190476,54.68181818181818,0.0,1.0,1.0,0.0
2021-08-03,Main Lake South,0.5833333333333331,55.13636363636363,0.0,1.0,1.0,0.0
2021-08-03,Malletts Bay,0.5595238095238094,55.13636363636363,0.0,1.0,1.0,0.0
2021-08-03,Missisquoi Bay,0.5595238095238094,55.13636363636363,0.0,1.0,1.0,0.0
2021-08-03,St. Albans Bay,0.5595238095238094,53.65,0.0,1.0,1.0,0.0
2021-08-04,Inland Sea,0.6309523809523808,48.85,0.0,1.0,1.0,0.0
2021-08-04,Main Lake Central,0.6845238095238094,48.980000000000004,0.0,1.0,1.0,0.0
2021-08-04,Main Lake North,0.677721088435374,48.95333333333333,0.0,1.0,1.0,0.0
2021-08-04,Main Lake South,0.677721088435374,48.95333333333333,0.0,1.0,1.0,0.0
2021-08-04,Malletts Bay,0.6241496598639455,51.10333333333334,0.0,1.0,1.0,0.0
2021-08-05,Inland Sea,0.6241496598639455,51.10333333333334,0.0,1.0,1.0,0.0
2021-08-05,Main Lake Central,0.5765306122448978,51.98833333333333,0.0,1.0,1.0,0.0
2021-08-05,Main Lake North,0.510204081632653,56.89944444444444,0.0,1.0,1.0,0.0
2021-08-05,Main Lake South,0.510204081632653,57.57694444444445,0.0,1.0,1.0,0.0
2021-08-05,St. Albans Bay,0.4693877551020407,62.90294444444445,0.0,1.0,1.0,0.0
2021-08-06,Inland Sea,0.4288033395176251,63.182944444444445,0.0,1.0,1.0,0.0
2021-08-06,Main Lake Central,0.4407081014223871,64.36631313131313,0.0,1.0,1.0,0.0
2021-08-06,Main Lake North,0.4907081014223871,62.79412037037037,0.0,1.0,1.0,0.0
2021-08-06,Main Lake South,0.5621366728509585,59.579188034188036,0.0,0.0,1.0,0.0
2021-08-06,St. Albans Bay,0.4907081014223871,63.656111111111116,0.0,0.0,1.0,0.0
2021-08-07,Inland Sea,0.50856524427953,62.68578703703704,0.0,0.0,1.0,0.0
2021-08-07,Main Lake South,0.5391774891774891,61.863282828282834,0.0,0.0,1.0,0.0
2021-08-07,St. Albans Bay,0.5391774891774891,62.45800925925926,0.0,0.0,1.0,0.0
2021-08-08,Inland Sea,0.5629870129870129,61.95419191919193,0.0,0.0,1.0,0.0
2021-08-08,Main Lake Central,0.5415584415584415,66.86025252525252,0.0,0.0,0.0,0.0
2021-08-08,Main Lake North,0.5415584415584415,66.41934343434345,0.0,0.0,0.0,0.0
2021-08-08,St. Albans Bay,0.536456400742115,66.05016666666668,0.0,0.0,0.0,0.0
2021-08-09,Inland Sea,0.536456400742115,65.08074074074074,0.0,0.0,0.0,0.0
2021-08-09,Main Lake Central,0.5534632034632034,64.8851851851852,0.0,0.0,0.0,0.0
2021-08-09,Main Lake North,0.6476190476190476,64.68518518518519,0.0,0.0,0.0,0.0
2021-08-09,Main Lake South,0.6357142857142856,64.55185185185185,0.0,0.0,0.0,0.0
2021-08-09,Malletts Bay,0.6035714285714285,66.93333333333334,0.0,0.0,0.0,0.0
2021-08-09,St. Albans Bay,0.6154761904761904,73.43333333333334,0.0,0.0,0.0,0.0
2021-08-10,Inland Sea,0.6154761904761904,73.30833333333334,0.0,0.0,0.0,0.0
2021-08-10,Main Lake Central,0.5678571428571428,74.25185185185185,0.0,0.0,0.0,0.0
2021-08-10,Main Lake South,0.5678571428571428,74.72666666666666,0.0,0.0,0.0,0.0
2021-08-10,Missisquoi Bay,0.6392857142857142,71.72666666666666,0.0,1.0,1.0,0.0
2021-08-10,St. Albans Bay,0.6154761904761904,71.72666666666666,1.0,1.0,1.0,0.0
2021-08-11,Inland Sea,0.7011904761904761,72.33,1.0,1.0,1.0,0.0
2021-08-11,Main Lake Central,0.7596320346320345,73.07666666666667,1.0,1.0,1.0,0.0
2021-08-11,Main Lake North,0.7953463203463202,72.97878787878788,1.0,1.0,1.0,0.0
2021-08-11,Main Lake South,0.8310606060606059,72.97878787878788,1.0,1.0,1.0,0.0
2021-08-11,Malletts Bay,0.8231240981240981,71.75151515151515,1.0,1.0,1.0,0.0
2021-08-12,Inland Sea,0.7516955266955268,71.22666666666666,1.0,1.0,1.0,0.0
2021-08-12,Main Lake Central,0.7231240981240982,71.91916666666665,1.0,1.0,1.0,0.0
2021-08-12,Main Lake North,0.7724938460232578,72.22550505050505,1.0,1.0,1.0,0.0
2021-08-12,Main Lake South,0.7070176555470672,73.06641414141414,1.0,1.0,1.0,0.0
2021-08-12,Malletts Bay,0.6891605126899244,73.40277777777779,1.0,1.0,1.0,0.0
2021-08-12,St. Albans Bay,0.7010652745946864,72.56305555555556,1.0,1.0,1.0,0.0
2021-08-13,Inland Sea,0.6742795603089721,72.86305555555556,1.0,1.0,1.0,0.0
2021-08-13,Main Lake Central,0.6504700364994482,77.35805555555555,1.0,1.0,1.0,0.0
2021-08-13,Main Lake South,0.7040414650708768,77.60732323232322,0.0,1.0,1.0,0.0
2021-08-13,Malletts Bay,0.6754700364994483,77.51641414141415,0.0,1.0,1.0,0.0
2021-08-13,Missisquoi Bay,0.6884570494864611,77.15580808080807,0.0,1.0,1.0,0.0
2021-08-14,Inland Sea,0.6527427637721754,77.67138888888888,0.0,1.0,1.0,0.0
2021-08-14,Main Lake Central,0.7122665732959851,77.67138888888888,0.0,1.0,1.0,0.0
2021-08-14,Main Lake South,0.6725840336134452,79.37138888888889,0.0,0.0,0.0,0.0
2021-08-15,Inland Sea,0.6368697478991595,78.9739898989899,0.0,0.0,0.0,0.0
2021-08-15,Main Lake Central,0.6654411764705882,77.98080808080807,0.0,0.0,0.0,0.0
2021-08-16,Inland Sea,0.6696428571428571,78.04545454545455,0.0,0.0,0.0,0.0
2021-08-16,Main Lake Central,0.6262755102040816,77.3469696969697,0.0,0.0,0.0,0.0
2021-08-16,Main Lake North,0.5727040816326531,72.49545454545454,0.0,1.0,1.0,0.0
2021-08-16,Main Lake South,0.6084183673469388,72.7875,0.0,1.0,1.0,0.0
2021-08-16,Malletts Bay,0.5637755102040816,71.95416666666667,0.0,1.0,1.0,0.0
2021-08-16,St. Albans Bay,0.5161564625850339,71.04166666666667,0.0,1.0,1.0,0.0
2021-08-17,Inland Sea,0.5340136054421768,70.45,0.0,1.0,1.0,0.0
2021-08-17,Main Lake Central,0.47687074829931964,68.60555555555555,0.0,1.0,1.0,0.0
2021-08-17,Main Lake South,0.4411564625850339,68.31388888888888,0.0,1.0,1.0,0.0
2021-08-17,Malletts Bay,0.5125850340136053,68.5974358974359,0.0,1.0,1.0,0.0
2021-08-17,Missisquoi Bay,0.48877551020408155,68.5974358974359,0.0,1.0,1.0,0.0
2021-08-17,St. Albans Bay,0.48877551020408155,67.98055555555555,0.0,1.0,1.0,0.0
2021-08-18,Inland Sea,0.560204081632653,66.84166666666667,1.0,1.0,1.0,0.0
2021-08-18,Main Lake Central,0.5512755102040815,67.30666666666667,1.0,1.0,1.0,0.0
2021-08-18,Main Lake North,0.5274659863945578,67.14,1.0,1.0,1.0,0.0
2021-08-18,Main Lake South,0.5886904761904761,66.4648484848485,1.0,1.0,1.0,0.0
2021-08-18,Malletts Bay,0.6090986394557822,70.98,1.0,1.0,1.0,0.0
2021-08-19,Inland Sea,0.5376700680272107,70.478,1.0,1.0,1.0,0.0
2021-08-19,Main Lake Central,0.5852891156462584,70.85133333333333,1.0,1.0,1.0,0.0
2021-08-19,Main Lake North,0.671003401360544,70.75133333333333,1.0,1.0,1.0,0.0
2021-08-19,Main Lake South,0.5995748299319726,71.04133333333334,1.0,1.0,1.0,0.0
2021-08-19,Malletts Bay,0.6329081632653061,72.72966666666666,1.0,1.0,1.0,0.0
2021-08-19,St. Albans Bay,0.5971938775510204,72.81074074074074,1.0,1.0,1.0,0.0
2021-08-20,Inland Sea,0.5436224489795918,73.29962962962964,1.0,1.0,1.0,0.0
2021-08-20,Main Lake Central,0.48647959183673456,73.66966666666667,1.0,1.0,1.0,0.0
2021-08-20,Main Lake South,0.4966836734693877,74.01333333333334,1.0,1.0,1.0,0.0
2021-08-20,Missisquoi Bay,0.46096938775510193,75.89212121212121,0.0,0.0,0.0,0.0
2021-08-20,St. Albans Bay,0.39846938775510193,75.82333333333334,0.0,0.0,0.0,0.0
2021-08-21,Inland Sea,0.3508503401360544,75.85333333333334,0.0,0.0,0.0,0.0
2021-08-21,Main Lake Central,0.30323129251700676,76.53939393939395,0.0,0.0,0.0,0.0
2021-08-21,Main Lake North,0.2828231292517006,76.63030303030304,0.0,0.0,0.0,0.0
2021-08-21,Main Lake South,0.2828231292517006,76.63030303030304,0.0,0.0,0.0,0.0
2021-08-21,Missisquoi Bay,0.24413265306122442,76.83636363636364,0.0,0.0,0.0,0.0
2021-08-21,St. Albans Bay,0.15841836734693873,77.32000000000001,0.0,0.0,0.0,0.0
2021-08-22,Inland Sea,0.15841836734693873,77.47777777777777,0.0,0.0,0.0,0.0
2021-08-22,Main Lake Central,0.15841836734693873,77.33888888888889,0.0,0.0,0.0,0.0
2021-08-22,Main Lake North,0.19413265306122443,77.35499999999999,0.0,0.0,0.0,0.0
2021-08-22,Main Lake South,0.17627551020408158,77.115,0.0,0.0,0.0,0.0
2021-08-22,Missisquoi Bay,0.21556122448979584,77.615,0.0,0.0,0.0,0.0
2021-08-22,St. Albans Bay,0.2053571428571428,77.37,0.0,0.0,0.0,0.0
2021-08-23,Inland Sea,0.22321428571428564,76.85555555555555,0.0,0.0,0.0,0.0
2021-08-23,Main Lake Central,0.23214285714285707,76.97,0.0,0.0,0.0,0.0
2021-08-23,Main Lake North,0.23214285714285707,77.26666666666667,0.0,1.0,1.0,0.0
2021-08-23,Main Lake South,0.23214285714285707,73.66666666666667,0.0,1.0,1.0,0.0
2021-08-23,Malletts Bay,0.23214285714285707,74.55555555555556,0.0,1.0,1.0,0.0
2021-08-23,Missisquoi Bay,0.2559523809523809,74.4,0.0,1.0,1.0,0.0
2021-08-23,St. Albans Bay,0.27083333333333326,69.1,0.0,1.0,1.0,0.0
2021-08-24,Inland Sea,0.32440476190476186,70.06060606060606,0.0,1.0,1.0,0.0
2021-08-24,Main Lake Central,0.36011904761904756,70.30555555555556,0.0,1.0,1.0,0.0
2021-08-24,Main Lake South,0.3482142857142857,70.84722222222221,0.0,1.0,1.0,0.0
2021-08-24,Missisquoi Bay,0.33035714285714285,71.55555555555556,0.0,1.0,1.0,0.0
2021-08-25,Inland Sea,0.3813775510204081,71.76805555555556,0.0,1.0,1.0,0.0
2021-08-25,Main Lake Central,0.38336167800453513,71.79972222222223,0.0,1.0,1.0,0.0
2021-08-25,Main Lake North,0.42417800453514737,72.21638888888889,0.0,1.0,1.0,0.0
2021-08-25,Main Lake South,0.4420351473922902,72.21638888888889,0.0,1.0,1.0,0.0
2021-08-25,Malletts Bay,0.45989229024943307,72.42472222222223,0.0,1.0,1.0,0.0
2021-08-26,Inland Sea,0.5313208616780045,68.77666666666667,0.0,1.0,1.0,0.0
2021-08-26,Main Lake Central,0.5432256235827664,71.35358974358975,0.0,1.0,1.0,0.0
2021-08-26,Main Lake North,0.5789399092970521,70.58264957264957,0.0,1.0,1.0,0.0
2021-08-26,Main Lake South,0.6087018140589568,70.27688034188034,0.0,1.0,1.0,0.0
2021-08-26,St. Albans Bay,0.584892290249433,74.56149572649574,0.0,1.0,1.0,0.0
2021-08-27,Inland Sea,0.6116780045351472,74.7255982905983,0.0,1.0,1.0,0.0
2021-08-27,Main Lake Central,0.647392290249433,74.7255982905983,0.0,1.0,1.0,0.0
2021-08-27,Main Lake South,0.7069160997732425,74.61790598290598,0.0,1.0,1.0,0.0
2021-08-28,Inland Sea,0.6890589569160996,74.04098290598291,0.0,1.0,1.0,0.0
2021-08-29,Main Lake Central,0.6618480725623582,73.6909829059829,0.0,1.0,1.0,0.0
2021-08-29,Missisquoi Bay,0.7491496598639455,73.04636752136751,0.0,1.0,1.0,0.0
2021-08-30,Inland Sea,0.7261904761904762,72.81559829059829,0.0,1.0,1.0,0.0
2021-08-30,Main Lake Central,0.6833333333333332,72.75734126984126,0.0,1.0,1.0,0.0
2021-08-30,Main Lake North,0.6922619047619046,72.16175213675214,0.0,1.0,1.0,0.0
2021-08-30,Main Lake South,0.7279761904761904,76.23867521367521,0.0,1.0,1.0,0.0
2021-08-30,Malletts Bay,0.7279761904761904,72.77713675213676,0.0,1.0,1.0,0.0
2021-08-30,St. Albans Bay,0.7636904761904761,72.85576923076923,0.0,1.0,1.0,0.0
2021-08-31,Inland Sea,0.8053571428571428,73.72051282051282,0.0,1.0,1.0,0.0
2021-08-31,Main Lake Central,0.8767857142857142,73.40512820512821,0.0,1.0,1.0,0.0
2021-08-31,Main Lake South,0.8499999999999999,73.18974358974359,0.0,1.0,1.0,0.0
2021-08-31,Malletts Bay,0.826190476190476,72.95897435897436,0.0,1.0,1.0,0.0
2021-08-31,Missisquoi Bay,0.8023809523809522,72.4888888888889,0.0,1.0,1.0,0.0
2021-09-01,Inland Sea,0.8380952380952379,71.94242424242424,0.0,1.0,1.0,0.0
2021-09-01,Main Lake Central,0.838095238095238,72.19696969696969,0.0,1.0,1.0,0.0
2021-09-01,Main Lake South,0.6952380952380952,72.19696969696969,0.0,1.0,1.0,0.0
2021-09-01,Missisquoi Bay,0.6853174603174602,70.13636363636364,0.0,1.0,1.0,0.0
2021-09-01,St. Albans Bay,0.6567460317460316,69.95,0.0,1.0,1.0,0.0
2021-09-02,Inland Sea,0.6210317460317459,69.95,0.0,1.0,1.0,0.0
2021-09-02,Main Lake Central,0.5496031746031745,69.315,0.0,1.0,1.0,0.0
2021-09-02,Main Lake North,0.6011904761904762,72.62777777777778,0.0,1.0,1.0,0.0
2021-09-02,Main Lake South,0.6011904761904762,72.64259259259259,0.0,1.0,1.0,0.0
2021-09-02,Malletts Bay,0.5773809523809523,71.44999999999999,0.0,1.0,1.0,0.0
2021-09-02,St. Albans Bay,0.5773809523809523,70.80624999999999,0.0,1.0,1.0,0.0
2021-09-03,Inland Sea,0.5476190476190476,69.63571428571427,0.0,1.0,1.0,0.0
2021-09-03,Main Lake Central,0.49999999999999994,69.77857142857142,0.0,1.0,1.0,0.0
2021-09-03,Main Lake North,0.49999999999999994,66.89583333333333,0.0,1.0,1.0,0.0
2021-09-03,Missisquoi Bay,0.49999999999999994,66.89583333333333,0.0,1.0,1.0,0.0
2021-09-04,Inland Sea,0.5833333333333333,65.76666666666667,0.0,1.0,1.0,0.0
2021-09-04,Main Lake Central,0.6071428571428571,64.39444444444445,0.0,1.0,1.0,0.0
2021-09-04,Main Lake South,0.6706349206349207,68.00555555555555,0.0,1.0,1.0,0.0
2021-09-05,Main Lake Central,0.6706349206349207,68.57619047619048,0.0,1.0,1.0,0.0
2021-09-06,Inland Sea,0.8134920634920635,68.50416666666666,0.0,1.0,1.0,0.0
2021-09-06,Main Lake Central,0.8015873015873015,68.29791666666667,0.0,1.0,1.0,0.0
2021-09-06,Main Lake North,0.7857142857142856,68.29791666666667,0.0,1.0,1.0,0.0
2021-09-06,Main Lake South,0.7857142857142856,68.40625,0.0,1.0,1.0,0.0
2021-09-06,Malletts Bay,0.7857142857142856,68.2452380952381,0.0,1.0,1.0,0.0
2021-09-07,Inland Sea,0.8333333333333333,68.33958333333334,0.0,1.0,1.0,0.0
2021-09-07,Main Lake Central,0.880952380952381,68.33958333333334,0.0,1.0,1.0,0.0
2021-09-07,Main Lake South,0.9095238095238095,68.46458333333334,0.0,1.0,1.0,0.0
2021-09-07,Missisquoi Bay,0.8559523809523809,71.1875,0.0,0.0,0.0,0.0
2021-09-07,St. Albans Bay,0.8916666666666667,71.1875,0.0,1.0,0.0,0.0
2021-09-08,Inland Sea,0.855952380952381,71.38888888888889,0.0,1.0,1.0,0.0
2021-09-08,Main Lake Central,0.9239795918367346,71.41,0.0,1.0,1.0,0.0
2021-09-08,Main Lake South,0.9061224489795918,70.9,0.0,1.0,1.0,0.0
2021-09-09,Inland Sea,0.9418367346938775,70.62222222222222,0.0,1.0,1.0,0.0
2021-09-09,Main Lake Central,0.8275510204081632,69.60555555555555,0.0,1.0,1.0,0.0
2021-09-09,Main Lake North,0.8232220160791589,69.71666666666667,0.0,1.0,1.0,0.0
2021-09-09,Main Lake South,0.8028138528138528,69.86166666666666,0.0,1.0,1.0,0.0
2021-09-09,Malletts Bay,0.7599567099567099,69.58166666666668,0.0,1.0,1.0,0.0
2021-09-09,Missisquoi Bay,0.6885281385281384,69.58166666666668,0.0,1.0,1.0,0.0
2021-09-09,St. Albans Bay,0.7123376623376624,64.78166666666667,0.0,1.0,1.0,0.0
2021-09-10,Main Lake Central,0.7123376623376624,65.35606060606061,0.0,1.0,1.0,0.0
2021-09-10,Main Lake South,0.8028138528138528,64.99242424242425,0.0,1.0,1.0,0.0
2021-09-10,Missisquoi Bay,0.8563852813852814,62.99242424242425,0.0,1.0,1.0,0.0
2021-09-10,St. Albans Bay,0.9278138528138528,59.493055555555564,0.0,1.0,1.0,0.0
2021-09-11,Inland Sea,0.9278138528138528,55.15972222222223,0.0,1.0,1.0,0.0
2021-09-11,Main Lake South,0.871691403834261,55.19305555555555,0.0,1.0,1.0,0.0
2021-09-12,Inland Sea,0.8895485466914038,56.17820512820512,0.0,1.0,1.0,0.0
2021-09-12,Main Lake Central,0.9252628324056895,55.06805555555555,0.0,1.0,1.0,0.0
2021-09-12,Main Lake South,0.9324056895485466,55.830555555555556,0.0,1.0,1.0,0.0
2021-09-13,Inland Sea,0.9843537414965986,54.45151515151515,0.0,1.0,1.0,0.0
2021-09-13,Main Lake Central,0.9904761904761905,54.25454545454545,0.0,1.0,1.0,0.0
2021-09-13,Main Lake North,1.0333333333333334,52.55999999999999,0.0,1.0,1.0,0.0
2021-09-13,Main Lake South,1.1523809523809523,49.55454545454545,0.0,1.0,1.0,0.0
2021-09-13,Malletts Bay,1.0095238095238095,52.40999999999999,0.0,1.0,1.0,0.0
2021-09-13,St. Albans Bay,0.9857142857142857,52.1,0.0,1.0,1.0,0.0
2021-09-14,Inland Sea,0.938095238095238,52.7,0.0,1.0,1.0,0.0
2021-09-14,Main Lake Central,0.8666666666666665,55.19666666666667,0.0,1.0,1.0,0.0
2021-09-14,Main Lake South,0.7238095238095237,57.59666666666667,0.0,1.0,1.0,0.0
2021-09-14,Malletts Bay,0.6523809523809522,62.19666666666667,0.0,1.0,1.0,0.0
2021-09-14,Missisquoi Bay,0.6166666666666665,57.09666666666667,0.0,1.0,1.0,0.0
2021-09-14,St. Albans Bay,0.5452380952380952,55.885185185185186,0.0,1.0,1.0,0.0
2021-09-15,Inland Sea,0.488095238095238,57.69666666666667,0.0,1.0,1.0,0.0
2021-09-15,Main Lake Central,0.47619047619047616,57.96333333333333,0.0,1.0,1.0,0.0
2021-09-15,Main Lake North,0.41904761904761895,58.96666666666667,0.0,1.0,1.0,0.0
2021-09-15,Main Lake South,0.4333333333333332,59.42121212121212,0.0,1.0,1.0,0.0
2021-09-16,Inland Sea,0.3708333333333332,60.09444444444444,0.0,1.0,1.0,0.0
2021-09-16,Main Lake Central,0.2660714285714285,64.58611111111111,0.0,1.0,1.0,0.0
2021-09-16,Main Lake North,0.29204545454545444,64.58611111111111,0.0,1.0,1.0,0.0
2021-09-16,Main Lake South,0.24442640692640683,64.96666666666667,0.0,1.0,1.0,0.0
2021-09-16,Malletts Bay,0.23252164502164493,62.583333333333336,0.0,1.0,1.0,0.0
2021-09-16,Missisquoi Bay,0.23252164502164493,61.775757575757574,0.0,1.0,1.0,0.0
2021-09-16,St. Albans Bay,0.23252164502164493,63.45333333333333,0.0,1.0,1.0,0.0
2021-09-17,Inland Sea,0.2610930735930735,64.03333333333333,0.0,1.0,1.0,0.0
2021-09-17,Main Lake Central,0.3503787878787878,69.22833333333332,0.0,1.0,1.0,0.0
2021-09-17,Main Lake North,0.42180735930735924,69.22833333333332,0.0,1.0,1.0,0.0
2021-09-17,Main Lake South,0.4789502164502163,68.69814814814815,0.0,1.0,1.0,0.0
2021-09-17,St. Albans Bay,0.5741883116883116,64.92037037037036,0.0,1.0,1.0,0.0
2021-09-18,Inland Sea,0.6670454545454545,64.41041666666666,0.0,1.0,1.0,0.0
2021-09-18,Main Lake Central,0.7384740259740259,63.040476190476184,0.0,1.0,1.0,0.0
2021-09-18,Main Lake South,0.7652597402597402,62.29722222222222,0.0,1.0,1.0,0.0
2021-09-19,Inland Sea,0.8224025974025974,61.230555555555554,0.0,1.0,1.0,0.0
2021-09-19,Main Lake Central,0.8142857142857143,61.230555555555554,0.0,1.0,1.0,0.0
2021-09-20,Inland Sea,0.85,59.80277777777778,0.0,1.0,1.0,0.0
2021-09-20,Main Lake Central,0.8142857142857142,60.90277777777778,0.0,1.0,1.0,0.0
2021-09-20,Main Lake North,0.9571428571428571,60.90277777777778,0.0,1.0,1.0,0.0
2021-09-20,Main Lake South,0.9571428571428571,62.345238095238095,0.0,1.0,1.0,0.0
2021-09-20,Malletts Bay,0.9404761904761905,61.58809523809524,0.0,1.0,1.0,0.0
2021-09-20,St. Albans Bay,0.9226190476190476,59.69444444444445,0.0,1.0,1.0,0.0
2021-09-21,Inland Sea,0.9940476190476188,54.023809523809526,0.0,1.0,1.0,0.0
2021-09-21,Main Lake Central,0.9702380952380951,55.395833333333336,0.0,1.0,1.0,0.0
2021-09-21,Main Lake North,0.9226190476190476,59.4375,0.0,1.0,1.0,0.0
2021-09-21,Main Lake South,0.9583333333333333,54.94444444444444,0.0,1.0,1.0,0.0
2021-09-21,Malletts Bay,0.9583333333333331,56.25,0.0,1.0,1.0,0.0
2021-09-21,Missisquoi Bay,1.0654761904761902,56.25,0.0,1.0,1.0,0.0
2021-09-22,Inland Sea,1.0654761904761902,51.55,0.0,1.0,1.0,0.0
2021-09-22,Main Lake Central,1.1190476190476188,53.21969696969697,0.0,1.0,1.0,0.0
2021-09-22,Main Lake South,1.126190476190476,53.58333333333333,0.0,1.0,1.0,0.0
2021-09-23,Inland Sea,1.1559523809523806,55.128787878787875,0.0,1.0,1.0,0.0
2021-09-23,Main Lake Central,1.0539115646258501,56.705555555555556,0.0,1.0,1.0,0.0
2021-09-23,Main Lake North,1.1151360544217686,53.393055555555556,0.0,1.0,1.0,0.0
2021-09-23,Main Lake South,1.174659863945578,53.90138888888888,0.0,1.0,1.0,0.0
2021-09-23,Malletts Bay,1.174659863945578,55.093589743589746,0.0,1.0,1.0,0.0
2021-09-23,St. Albans Bay,1.0675170068027209,58.018055555555556,0.0,1.0,1.0,0.0
2021-09-24,Main Lake Central,1.1270408163265304,58.60972222222222,0.0,1.0,1.0,0.0
2021-09-24,Main Lake South,1.1091836734693876,57.66515151515151,0.0,1.0,1.0,0.0
2021-09-25,Inland Sea,1.0377551020408162,62.48333333333333,0.0,1.0,1.0,0.0
2021-09-25,Main Lake Central,0.9663265306122447,62.48333333333333,0.0,1.0,1.0,0.0
2021-09-25,Main Lake South,0.8591836734693876,62.48333333333333,0.0,1.0,1.0,0.0
2021-09-26,Main Lake Central,0.7877551020408162,66.39242424242424,0.0,1.0,1.0,0.0
2021-09-27,Inland Sea,0.7163265306122447,66.21818181818183,0.0,1.0,1.0,0.0
2021-09-27,Main Lake Central,0.7448979591836734,66.04,0.0,1.0,1.0,0.0
2021-09-27,Main Lake North,0.8341836734693876,65.71111111111112,0.0,1.0,1.0,0.0
2021-09-27,Main Lake South,0.7933673469387754,64.92777777777776,0.0,1.0,1.0,0.0
2021-09-27,Malletts Bay,0.8035714285714285,69.13749999999999,0.0,0.0,0.0,0.0
2021-09-28,Inland Sea,0.7559523809523807,68.1875,0.0,0.0,0.0,0.0
2021-09-28,Main Lake Central,0.6845238095238093,67.5125,0.0,0.0,0.0,0.0
2021-09-28,Main Lake North,0.720238095238095,67.12222222222222,0.0,0.0,0.0,0.0
2021-09-28,Main Lake South,0.6845238095238093,66.5,0.0,0.0,0.0,0.0
2021-09-28,Missisquoi Bay,0.7738095238095237,66.22222222222223,0.0,0.0,0.0,0.0
2021-09-29,Inland Sea,0.8095238095238094,65.5,0.0,0.0,0.0,0.0
2021-09-29,Main Lake Central,0.738095238095238,65.5875,0.0,0.0,0.0,0.0
2021-09-29,Main Lake North,0.7738095238095237,62.85555555555556,0.0,0.0,0.0,0.0
2021-09-29,Main Lake South,0.9166666666666666,57.96666666666667,0.0,0.0,0.0,0.0
2021-09-30,Inland Sea,0.9642857142857142,57.6888888888889,0.0,0.0,0.0,0.0
2021-09-30,Main Lake Central,0.9285714285714285,58.245000000000005,0.0,0.0,0.0,0.0
2021-09-30,Main Lake North,0.8392857142857142,58.245000000000005,0.0,0.0,0.0,0.0
2021-09-30,Malletts Bay,0.8869047619047618,57.891666666666666,0.0,0.0,0.0,0.0
2021-09-30,St. Albans Bay,0.8869047619047618,57.891666666666666,0.0,0.0,0.0,0.0
2021-10-01,Main Lake South,0.9166666666666666,57.31166666666667,0.0,0.0,0.0,0.0
2021-10-02,Main Lake Central,0.9166666666666666,57.41166666666667,0.0,0.0,0.0,0.0
2021-10-03,Main Lake Central,0.8452380952380951,56.67962962962963,0.0,0.0,0.0,0.0
2021-10-03,Main Lake South,0.8452380952380951,57.111666666666665,0.0,0.0,0.0,0.0
2021-10-03,St. Albans Bay,0.7023809523809523,56.346296296296295,0.0,0.0,0.0,0.0
2021-10-04,Inland Sea,0.5952380952380951,56.346296296296295,0.0,0.0,0.0,0.0
2021-10-04,Main Lake Central,0.5952380952380951,55.46851851851852,0.0,0.0,0.0,0.0
2021-10-04,Main Lake North,0.5238095238095236,57.27708333333334,0.0,0.0,0.0,0.0
2021-10-04,Main Lake South,0.3809523809523808,62.7452380952381,0.0,0.0,0.0,0.0
2021-10-05,Inland Sea,0.4047619047619046,62.28611111111112,0.0,0.0,0.0,0.0
2021-10-05,Main Lake Central,0.3690476190476189,62.13611111111111,0.0,0.0,0.0,0.0
2021-10-05,Main Lake South,0.38690476190476175,62.97380952380953,0.0,0.0,0.0,0.0
2021-10-05,Missisquoi Bay,0.3535714285714285,59.728571428571435,0.0,1.0,0.0,0.0
2021-10-06,Inland Sea,0.28214285714285703,59.728571428571435,0.0,1.0,0.0,0.0
2021-10-06,Main Lake Central,0.24444444444444433,60.39761904761905,0.0,1.0,0.0,0.0
2021-10-06,Main Lake North,0.25158730158730147,59.63055555555556,0.0,1.0,0.0,0.0
2021-10-06,Main Lake South,0.28730158730158717,60.39761904761905,0.0,1.0,0.0,0.0
2021-10-06,Malletts Bay,0.21587301587301574,60.54047619047619,0.0,1.0,0.0,0.0
2021-10-06,Missisquoi Bay,0.21587301587301574,60.54047619047619,0.0,1.0,0.0,0.0
2021-10-06,St. Albans Bay,0.21587301587301574,60.54047619047619,0.0,1.0,0.0,0.0
2021-10-07,Inland Sea,0.21587301587301574,60.49722222222223,0.0,1.0,0.0,0.0
2021-10-07,Main Lake Central,0.22777777777777763,61.68809523809524,0.0,1.0,0.0,0.0
2021-10-07,Main Lake North,0.2555555555555554,62.22708333333333,0.0,1.0,0.0,0.0
2021-10-07,Main Lake South,0.23174603174603162,60.58851851851851,0.0,1.0,1.0,0.0
2021-10-07,Malletts Bay,0.26746031746031734,60.36833333333333,0.0,1.0,1.0,0.0
2021-10-07,Missisquoi Bay,0.19603174603174592,59.278095238095226,0.0,1.0,1.0,0.0
2021-10-07,St. Albans Bay,0.25317460317460305,55.74238095238095,0.0,1.0,1.0,0.0
2021-10-08,Inland Sea,0.28174603174603163,56.91208333333333,0.0,1.0,1.0,0.0
2021-10-08,Main Lake Central,0.26587301587301576,57.67666666666666,0.0,1.0,1.0,0.0
2021-10-08,Main Lake North,0.2587301587301586,53.12,0.0,1.0,1.0,0.0
2021-10-08,Main Lake South,0.2230158730158729,51.635,0.0,1.0,1.0,0.0
2021-10-08,St. Albans Bay,0.2230158730158729,53.135,0.0,1.0,1.0,0.0
2021-10-09,Main Lake Central,0.2230158730158729,53.135,0.0,1.0,1.0,0.0
2021-10-09,Main Lake South,0.36587301587301574,53.135,0.0,1.0,1.0,0.0
2021-10-09,St. Albans Bay,0.43730158730158714,53.135,0.0,1.0,1.0,0.0
2021-10-10,Inland Sea,0.5206349206349205,50.892380952380954,0.0,1.0,1.0,0.0
2021-10-10,Main Lake Central,0.5642857142857142,50.74952380952381,0.0,1.0,1.0,0.0
2021-10-10,Main Lake North,0.6595238095238093,52.68095238095238,0.0,1.0,1.0,0.0
2021-10-10,Main Lake South,0.6952380952380951,52.68095238095238,0.0,1.0,1.0,0.0
2021-10-11,Main Lake Central,0.7666666666666665,53.97083333333333,0.0,1.0,1.0,0.0
2021-10-11,Main Lake South,0.7666666666666665,59.39523809523809,0.0,1.0,1.0,0.0
2021-10-12,Inland Sea,0.8095238095238093,58.44444444444445,0.0,1.0,1.0,0.0
2021-10-12,Main Lake Central,0.8690476190476188,57.273611111111116,0.0,1.0,1.0,0.0
2021-10-12,Main Lake South,0.9325396825396824,65.39500000000001,0.0,0.0,0.0,0.0
2021-10-12,Malletts Bay,1.0039682539682537,57.24583333333334,0.0,1.0,1.0,0.0
2021-10-12,Missisquoi Bay,1.0039682539682537,53.895,0.0,1.0,1.0,0.0
2021-10-13,Inland Sea,1.0039682539682537,53.895,0.0,1.0,1.0,0.0
2021-10-13,Main Lake Central,1.0039682539682537,47.9125,0.0,1.0,1.0,0.0
2021-10-13,Main Lake South,1.0128968253968254,50.21071428571429,0.0,1.0,1.0,0.0
2021-10-13,St. Albans Bay,0.9652777777777777,52.184375,0.0,1.0,1.0,0.0
2021-10-14,Inland Sea,1.036706349206349,46.309375,0.0,1.0,1.0,0.0
2021-10-14,Main Lake Central,0.8938492063492062,46.99270833333333,0.0,1.0,1.0,0.0
2021-10-14,Main Lake North,0.8295634920634918,46.21574074074074,0.0,1.0,1.0,0.0
2021-10-14,Main Lake South,0.7724206349206348,45.20462962962963,0.0,1.0,1.0,0.0
2021-10-14,St. Albans Bay,0.7009920634920633,47.08416666666666,0.0,1.0,1.0,0.0
2021-10-15,Inland Sea,0.6295634920634919,48.88560606060606,0.0,1.0,1.0,0.0
2021-10-15,Main Lake Central,0.6414682539682539,49.315151515151506,0.0,1.0,1.0,0.0
2021-10-15,Main Lake South,0.6169372294372293,49.315151515151506,0.0,1.0,1.0,0.0
2021-10-15,Malletts Bay,0.6169372294372293,54.08787878787878,0.0,1.0,1.0,0.0
2021-10-15,St. Albans Bay,0.6169372294372293,54.08787878787878,0.0,1.0,1.0,0.0
2021-10-16,Main Lake Central,0.6883658008658007,54.08787878787878,0.0,1.0,1.0,0.0
2021-10-16,St. Albans Bay,0.6883658008658007,57.69666666666666,0.0,1.0,1.0,0.0
2021-10-17,Inland Sea,0.7508658008658007,56.996296296296286,0.0,1.0,1.0,0.0
2021-10-18,Main Lake Central,0.7746753246753245,56.66296296296296,0.0,1.0,1.0,0.0
2021-10-18,Main Lake South,0.7032467532467531,61.49583333333334,0.0,1.0,1.0,0.0
2021-10-19,Inland Sea,0.7032467532467531,60.785714285714285,0.0,1.0,1.0,0.0
2021-10-19,Main Lake Central,0.7675324675324674,62.5,0.0,1.0,1.0,0.0
2021-10-19,Malletts Bay,0.8246753246753246,63.93333333333334,0.0,0.0,0.0,0.0
2021-10-19,Missisquoi Bay,0.9675324675324674,56.1,0.0,1.0,1.0,0.0
2021-10-20,Inland Sea,1.0746753246753245,53.94000000000001,0.0,1.0,1.0,0.0
2021-10-20,Main Lake Central,1.003246753246753,53.3,0.0,1.0,1.0,0.0
2021-10-20,Main Lake North,0.9642857142857142,53.3,0.0,1.0,1.0,0.0
2021-10-20,Main Lake South,0.8928571428571427,49.375,0.0,1.0,1.0,0.0
2021-10-20,St. Albans Bay,0.9071428571428569,52.3,0.0,1.0,1.0,0.0
2021-10-21,Inland Sea,0.8357142857142855,52.3,0.0,1.0,1.0,0.0
2021-10-21,Main Lake Central,0.7642857142857141,53.61666666666667,0.0,1.0,1.0,0.0
2021-10-21,Main Lake North,0.6571428571428569,53.61666666666667,0.0,1.0,1.0,0.0
2021-10-21,Main Lake South,0.6749999999999998,53.02222222222222,0.0,1.0,1.0,0.0
2021-10-21,St. Albans Bay,0.6511904761904761,53.02222222222222,0.0,1.0,1.0,0.0
2021-10-22,Main Lake Central,0.7464285714285712,53.02222222222222,0.0,1.0,1.0,0.0
2021-10-22,Malletts Bay,0.7543650793650792,53.22666666666667,0.0,1.0,1.0,0.0
2021-10-23,Inland Sea,0.7543650793650792,53.22666666666667,0.0,1.0,1.0,0.0
2021-10-23,Main Lake South,0.6829365079365078,62.28333333333333,0.0,0.0,0.0,0.0
2021-10-24,Main Lake Central,0.6472222222222221,62.28333333333333,0.0,0.0,0.0,0.0
2021-10-24,Main Lake South,0.6472222222222221,61.21111111111111,0.0,0.0,0.0,0.0
2021-10-25,Main Lake Central,0.6472222222222221,61.21111111111111,0.0,0.0,0.0,0.0
2021-10-25,Main Lake North,0.6472222222222221,61.21111111111111,0.0,0.0,0.0,0.0
2021-10-26,Main Lake Central,0.6329365079365079,59.81666666666667,0.0,0.0,0.0,0.0
2021-10-26,Main Lake South,0.663548752834467,59.81666666666667,0.0,0.0,0.0,0.0
2021-10-27,Main Lake Central,0.7349773242630384,59.43333333333334,0.0,0.0,0.0,0.0
2021-10-27,Main Lake South,0.794501133786848,59.43333333333334,0.0,0.0,0.0,0.0
2021-10-28,Inland Sea,0.7766439909297052,,0.0,0.0,0.0,0.0
2021-10-28,Main Lake Central,0.8004535147392289,52.775,0.0,0.0,0.0,0.0
2021-10-28,Main Lake North,0.7498582766439909,52.775,0.0,0.0,0.0,0.0
2021-10-28,Malletts Bay,0.6943027210884353,54.170833333333334,0.0,0.0,0.0,0.0
2021-10-28,St. Albans Bay,0.6228741496598639,54.170833333333334,0.0,0.0,0.0,0.0
2021-10-29,Main Lake Central,0.5514455782312924,54.170833333333334,0.0,0.0,0.0,0.0
2021-10-29,Main Lake North,0.4800170068027209,54.170833333333334,0.0,0.0,0.0,0.0
2021-10-29,Main Lake South,0.4800170068027209,54.170833333333334,0.0,0.0,0.0,0.0
2021-10-30,Main Lake Central,0.5514455782312924,54.170833333333334,0.0,0.0,0.0,0.0
2021-10-30,Main Lake South,0.5514455782312924,54.170833333333334,0.0,0.0,0.0,0.0
2021-11-01,Main Lake South,0.6228741496598638,54.170833333333334,0.0,0.0,0.0,0.0
2021-11-02,Inland Sea,0.7351190476190474,54.170833333333334,0.0,0.0,0.0,0.0
2021-11-02,Main Lake Central,0.663690476190476,52.63055555555555,0.0,0.0,0.0,0.0
2021-11-02,Missisquoi Bay,0.6398809523809523,52.63055555555555,0.0,0.0,0.0,0.0
2021-11-03,Main Lake Central,0.6041666666666666,52.63055555555555,0.0,0.0,0.0,0.0
2021-11-04,Main Lake Central,0.6041666666666666,52.55833333333332,0.0,0.0,0.0,0.0
2021-11-04,Main Lake North,0.6023809523809522,52.55833333333332,0.0,0.0,0.0,0.0
2021-11-04,Main Lake South,0.7214285714285713,48.775,0.0,0.0,0.0,0.0
2021-11-05,Inland Sea,0.7214285714285713,48.775,0.0,0.0,0.0,0.0
2021-11-05,Main Lake Central,0.7392857142857141,49.39166666666667,0.0,0.0,0.0,0.0
2021-11-05,Main Lake North,0.7749999999999998,49.39166666666667,0.0,0.0,0.0,0.0
2021-11-05,Main Lake South,0.7749999999999998,49.84375,0.0,0.0,0.0,0.0
2021-11-06,Main Lake South,0.7749999999999998,49.84375,0.0,0.0,0.0,0.0
2021-11-07,Main Lake Central,0.8464285714285713,49.84375,0.0,0.0,0.0,0.0
2021-11-09,Main Lake Central,0.8464285714285713,49.84375,0.0,0.0,0.0,0.0
2021-11-10,Main Lake Central,0.757142857142857,49.84375,0.0,0.0,0.0,0.0
2021-11-11,Main Lake Central,0.777551020408163,49.94166666666666,0.0,0.0,0.0,0.0
2021-11-12,Main Lake Central,0.7489795918367346,49.94166666666666,0.0,0.0,0.0,0.0
2021-11-14,Main Lake Central,0.8005668934240361,49.94166666666666,0.0,0.0,0.0,0.0
2021-11-15,Main Lake Central,0.7291383219954647,49.94166666666666,0.0,0.0,0.0,0.0
2021-11-18,Main Lake Central,0.7679138321995463,49.94166666666666,0.0,0.0,0.0,0.0
2021-11-19,Main Lake Central,0.727097505668934,50.9125,0.0,0.0,0.0,0.0
2022-06-20,Inland Sea,0.8291383219954647,50.9125,0.0,0.0,0.0,0.0
2022-06-20,Main Lake Central,0.8112811791383219,51.2,0.0,0.0,0.0,0.0
2022-06-20,Main Lake North,0.7755668934240362,55.1,0.0,0.0,0.0,0.0
2022-06-20,Malletts Bay,0.7755668934240362,62.0,0.0,0.0,0.0,0.0
2022-06-20,St. Albans Bay,0.7041383219954647,62.0,0.0,0.0,0.0,0.0
2022-06-21,Main Lake Central,0.6327097505668933,60.0,0.0,0.0,0.0,0.0
2022-06-21,Missisquoi Bay,0.5612811791383219,60.0,0.0,0.0,0.0,0.0
2022-06-22,Inland Sea,0.5077097505668933,60.0,0.0,0.0,0.0,0.0
2022-06-22,Main Lake Central,0.5587301587301586,60.0,0.0,0.0,0.0,0.0
2022-06-22,Main Lake South,0.5873015873015872,60.0,0.0,0.0,0.0,0.0
2022-06-23,Inland Sea,0.5714285714285713,60.0,0.0,0.0,0.0,0.0
2022-06-23,Main Lake Central,0.6309523809523808,60.361111111111114,0.0,0.0,0.0,0.0
2022-06-23,Main Lake North,0.596938775510204,60.30952380952381,0.0,0.0,0.0,0.0
2022-06-23,Main Lake South,0.5841836734693876,60.45,0.0,0.0,0.0,0.0
2022-06-23,St. Albans Bay,0.5416666666666665,60.51111111111111,0.0,0.0,0.0,0.0
2022-06-24,Inland Sea,0.6369047619047618,60.51111111111111,0.0,0.0,0.0,0.0
2022-06-24,Main Lake Central,0.6369047619047618,61.67777777777778,0.0,0.0,0.0,0.0
2022-06-24,Main Lake South,0.6777210884353739,62.14444444444444,0.0,0.0,0.0,0.0
2022-06-25,Inland Sea,0.6955782312925168,61.92999999999999,0.0,0.0,0.0,0.0
2022-06-25,Main Lake Central,0.6955782312925168,62.58888888888888,0.0,0.0,0.0,0.0
2022-06-25,Main Lake South,0.6955782312925168,62.58,0.0,0.0,0.0,0.0
2022-06-26,Inland Sea,0.6955782312925168,62.61818181818182,0.0,0.0,0.0,0.0
2022-06-26,Main Lake Central,0.552721088435374,62.61818181818182,0.0,0.0,0.0,0.0
2022-06-26,Malletts Bay,0.552721088435374,62.89090909090908,0.0,0.0,0.0,0.0
2022-06-27,Inland Sea,0.4812925170068026,63.17999999999999,0.0,0.0,0.0,0.0
2022-06-27,Main Lake Central,0.4574829931972788,62.86333333333333,0.0,0.0,0.0,0.0
2022-06-27,Main Lake North,0.4812925170068026,62.96333333333333,0.0,0.0,0.0,0.0
2022-06-27,Main Lake South,0.5348639455782311,63.81999999999999,0.0,0.0,0.0,0.0
2022-06-27,Malletts Bay,0.47534013605442166,63.519999999999996,0.0,0.0,0.0,0.0
2022-06-27,St. Albans Bay,0.38010204081632637,63.519999999999996,0.0,0.0,0.0,0.0
2022-06-28,Inland Sea,0.4515306122448978,62.96999999999999,0.0,0.0,0.0,0.0
2022-06-28,Main Lake Central,0.46428571428571414,63.45,0.0,0.0,0.0,0.0
2022-06-28,Main Lake North,0.46428571428571414,64.55,0.0,0.0,0.0,0.0
2022-06-28,Main Lake South,0.48809523809523797,64.77272727272727,0.0,0.0,0.0,0.0
2022-06-28,Missisquoi Bay,0.5238095238095236,65.0,0.0,0.0,0.0,0.0
2022-06-29,Inland Sea,0.5238095238095236,65.4,0.0,0.0,0.0,0.0
2022-06-29,Main Lake Central,0.5809523809523808,66.02727272727273,0.0,0.0,0.0,0.0
2022-06-29,Main Lake South,0.5809523809523808,66.48181818181818,0.0,0.0,0.0,0.0
2022-06-30,Inland Sea,0.6238095238095236,66.48333333333333,0.0,0.0,0.0,0.0
2022-06-30,Main Lake Central,0.6119047619047617,67.9625,0.0,0.0,0.0,0.0
2022-06-30,Main Lake North,0.576190476190476,68.75,0.0,0.0,0.0,0.0
2022-06-30,Main Lake South,0.45714285714285696,68.94375000000001,0.0,0.0,0.0,0.0
2022-06-30,Malletts Bay,0.48888888888888876,70.02875,0.0,0.0,0.0,0.0
2022-06-30,St. Albans Bay,0.48888888888888876,70.02875,0.0,0.0,0.0,0.0
2022-07-01,Inland Sea,0.4174603174603173,70.57681818181818,0.0,0.0,0.0,0.0
2022-07-01,Main Lake Central,0.39960317460317446,70.27681818181819,0.0,0.0,0.0,0.0
2022-07-01,Main Lake South,0.4174603174603173,69.54954545454547,0.0,0.0,0.0,0.0
2022-07-02,Inland Sea,0.44126984126984115,69.82227272727273,0.0,0.0,0.0,0.0
2022-07-02,Main Lake Central,0.4769841269841269,70.08708333333334,0.0,0.0,0.0,0.0
2022-07-03,Inland Sea,0.4769841269841269,70.36772727272728,0.0,0.0,0.0,0.0
2022-07-03,Main Lake Central,0.5626984126984126,70.1745,0.0,0.0,0.0,0.0
2022-07-03,Main Lake South,0.5626984126984126,69.9745,0.0,0.0,0.0,0.0
2022-07-03,Missisquoi Bay,0.5198412698412697,70.4245,0.0,0.0,0.0,0.0
2022-07-04,Inland Sea,0.5674603174603173,70.2495,0.0,0.0,0.0,0.0
2022-07-04,Main Lake Central,0.5496031746031745,70.22722222222222,0.0,0.0,0.0,0.0
2022-07-04,Main Lake North,0.5257936507936506,69.965,0.0,0.0,0.0,0.0
2022-07-04,Main Lake South,0.5654761904761904,70.3375,0.0,0.0,0.0,0.0
2022-07-04,Malletts Bay,0.5654761904761904,70.30000000000001,0.0,0.0,0.0,0.0
2022-07-04,Missisquoi Bay,0.6369047619047618,70.30000000000001,0.0,0.0,0.0,0.0
2022-07-04,St. Albans Bay,0.601190476190476,70.77777777777777,0.0,0.0,0.0,0.0
2022-07-05,Inland Sea,0.5654761904761904,71.44444444444444,0.0,0.0,0.0,0.0
2022-07-05,Main Lake Central,0.5892857142857142,71.65555555555555,0.0,0.0,0.0,0.0
2022-07-05,Main Lake South,0.5892857142857142,70.43333333333334,0.0,0.0,0.0,0.0
2022-07-05,Missisquoi Bay,0.6607142857142856,69.39,0.0,0.0,0.0,0.0
2022-07-06,Inland Sea,0.5178571428571427,69.39,0.0,0.0,0.0,0.0
2022-07-06,Main Lake Central,0.5178571428571427,70.53,0.0,0.0,0.0,0.0
2022-07-06,Main Lake South,0.5892857142857142,70.22999999999999,0.0,0.0,0.0,0.0
2022-07-06,Malletts Bay,0.5688775510204079,69.45,0.0,0.0,0.0,0.0
2022-07-07,Inland Sea,0.6224489795918365,69.45,0.0,0.0,0.0,0.0
2022-07-07,Main Lake Central,0.6224489795918365,70.0490909090909,0.0,0.0,0.0,0.0
2022-07-07,Main Lake North,0.5867346938775508,70.2309090909091,0.0,0.0,0.0,0.0
2022-07-07,Main Lake South,0.6026077097505668,70.69454545454545,0.0,0.0,0.0,0.0
2022-07-07,Malletts Bay,0.5413832199546483,71.00888888888889,0.0,0.0,0.0,0.0
2022-07-07,Missisquoi Bay,0.5770975056689341,70.6460606060606,0.0,0.0,0.0,0.0
2022-07-07,St. Albans Bay,0.5770975056689341,70.81066666666666,0.0,0.0,0.0,0.0
2022-07-08,Inland Sea,0.5056689342403626,70.68962962962964,0.0,0.0,0.0,0.0
2022-07-08,Main Lake Central,0.43424036281179124,71.77583333333334,0.0,0.0,0.0,0.0
2022-07-08,Main Lake South,0.3913832199546484,73.45809523809524,0.0,0.0,0.0,0.0
2022-07-08,Malletts Bay,0.3913832199546484,72.90083333333334,0.0,0.0,0.0,0.0
2022-07-09,Inland Sea,0.35566893424036267,72.25809523809525,0.0,0.0,0.0,0.0
2022-07-09,Main Lake Central,0.28424036281179127,72.96777777777778,0.0,0.0,0.0,0.0
2022-07-09,Malletts Bay,0.28424036281179127,73.32333333333332,0.0,0.0,0.0,0.0
2022-07-09,Missisquoi Bay,0.21281179138321984,73.32333333333332,0.0,0.0,0.0,0.0
2022-07-10,Inland Sea,0.21281179138321984,73.14999999999999,0.0,0.0,0.0,0.0
2022-07-10,Main Lake Central,0.24852607709750554,72.58,0.0,0.0,0.0,0.0
2022-07-10,Main Lake North,0.2683673469387754,71.96,0.0,0.0,0.0,0.0
2022-07-11,Inland Sea,0.3295918367346937,71.33333333333333,0.0,0.0,0.0,0.0
2022-07-11,Main Lake Central,0.35340136054421756,72.32666666666667,0.0,0.0,0.0,0.0
2022-07-11,Main Lake North,0.40697278911564616,71.35555555555555,0.0,0.0,0.0,0.0
2022-07-11,Main Lake South,0.47840136054421756,71.35555555555555,0.0,0.0,0.0,0.0
2022-07-11,Malletts Bay,0.549829931972789,71.16190476190476,1.0,1.0,1.0,0.0
2022-07-11,Missisquoi Bay,0.6284013605442177,71.16190476190476,1.0,1.0,1.0,0.0
2022-07-12,Inland Sea,0.6284013605442177,71.52222222222223,1.0,1.0,1.0,0.0
2022-07-12,Main Lake Central,0.6879251700680271,72.36190476190475,1.0,1.0,1.0,0.0
2022-07-12,Main Lake South,0.7534013605442176,72.31666666666666,1.0,1.0,1.0,0.0
2022-07-12,St. Albans Bay,0.7499999999999999,72.74285714285713,1.0,1.0,1.0,0.0
2022-07-13,Inland Sea,0.8928571428571427,72.74285714285713,1.0,1.0,1.0,0.0
2022-07-13,Main Lake Central,0.8928571428571427,73.09285714285714,1.0,1.0,1.0,0.0
2022-07-13,Main Lake North,0.8333333333333331,72.89375,1.0,1.0,1.0,0.0
2022-07-13,Main Lake South,0.7976190476190474,72.64375,1.0,1.0,1.0,0.0
2022-07-13,Malletts Bay,0.736394557823129,72.5111111111111,1.0,1.0,1.0,0.0
2022-07-13,St. Albans Bay,0.6768707482993196,72.0375,1.0,1.0,1.0,0.0
2022-07-14,Inland Sea,0.623299319727891,72.82857142857142,1.0,1.0,1.0,0.0
2022-07-14,Main Lake Central,0.5518707482993196,73.0875,1.0,1.0,1.0,0.0
2022-07-14,Main Lake North,0.5340136054421768,73.12321428571428,1.0,1.0,1.0,0.0
2022-07-14,Main Lake South,0.4411564625850339,73.10952380952381,1.0,1.0,1.0,0.0
2022-07-14,Malletts Bay,0.5006802721088434,72.98357142857142,1.0,1.0,1.0,0.0
2022-07-14,St. Albans Bay,0.4054421768707482,72.49285714285715,1.0,1.0,1.0,0.0
2022-07-15,Inland Sea,0.3399659863945577,72.55446428571429,1.0,1.0,1.0,0.0
2022-07-15,Main Lake Central,0.30255102040816323,72.8373015873016,1.0,1.0,1.0,0.0
2022-07-15,Main Lake North,0.16989795918367337,72.65357142857144,1.0,1.0,0.0,0.0
2022-07-15,Main Lake South,0.18010204081632644,72.99607142857143,1.0,1.0,0.0,0.0
2022-07-15,St. Albans Bay,0.18248299319727884,73.16230158730158,1.0,1.0,0.0,0.0
2022-07-16,Inland Sea,0.25391156462585024,73.55758928571429,1.0,1.0,0.0,0.0
2022-07-16,Main Lake Central,0.3151360544217687,73.85867346938777,1.0,1.0,0.0,0.0
2022-07-16,Main Lake South,0.3722789115646258,73.5013392857143,1.0,1.0,0.0,0.0
2022-07-17,Inland Sea,0.3722789115646258,73.5013392857143,1.0,1.0,0.0,0.0
2022-07-17,Main Lake Central,0.40799319727891153,73.30153061224489,1.0,1.0,0.0,0.0
2022-07-17,Main Lake South,0.3633503401360544,73.67091836734694,0.0,0.0,0.0,0.0
2022-07-18,Inland Sea,0.3579931972789115,73.74234693877551,0.0,0.0,0.0,0.0
2022-07-18,Main Lake Central,0.38010204081632637,74.1923469387755,0.0,1.0,0.0,0.0
2022-07-18,Main Lake North,0.433673469387755,74.15044642857143,0.0,1.0,0.0,0.0
2022-07-18,Main Lake South,0.5051020408163264,74.15044642857143,0.0,1.0,0.0,0.0
2022-07-18,Malletts Bay,0.5306122448979591,73.51294642857142,0.0,1.0,0.0,0.0
2022-07-18,St. Albans Bay,0.5918367346938774,73.8719387755102,0.0,1.0,0.0,0.0
2022-07-19,Inland Sea,0.6530612244897959,71.88979591836734,0.0,1.0,0.0,0.0
2022-07-19,Main Lake Central,0.6744897959183673,73.00982142857143,0.0,1.0,0.0,0.0
2022-07-19,Main Lake North,0.623469387755102,73.09761904761905,0.0,1.0,0.0,0.0
2022-07-19,Main Lake South,0.6413265306122449,73.33785714285713,0.0,1.0,1.0,0.0
2022-07-19,Missisquoi Bay,0.6377551020408162,73.33785714285713,0.0,1.0,1.0,0.0
2022-07-19,St. Albans Bay,0.7806122448979591,73.57987012987013,1.0,1.0,1.0,0.0
2022-07-20,Inland Sea,0.8163265306122448,73.69821428571429,1.0,1.0,1.0,0.0
2022-07-20,Main Lake Central,0.8073979591836734,74.19642857142857,1.0,1.0,1.0,0.0
2022-07-20,Main Lake North,0.7984693877551019,74.4447619047619,1.0,1.0,1.0,0.0
2022-07-20,Main Lake South,0.7168367346938774,74.9447619047619,1.0,1.0,1.0,0.0
2022-07-20,Malletts Bay,0.6950113378684807,74.965,1.0,1.0,1.0,0.0
2022-07-20,St. Albans Bay,0.659297052154195,74.965,1.0,1.0,1.0,0.0
2022-07-21,Inland Sea,0.6235827664399093,75.41636363636364,1.0,1.0,1.0,0.0
2022-07-21,Main Lake Central,0.603174603174603,76.01916666666666,1.0,1.0,1.0,0.0
2022-07-21,Main Lake North,0.6257309941520467,76.75401515151515,1.0,1.0,1.0,0.0
2022-07-21,Main Lake South,0.6512411982336793,76.95818181818181,1.0,1.0,1.0,0.0
2022-07-21,Malletts Bay,0.6705155746509129,77.32276515151516,1.0,1.0,1.0,0.0
2022-07-21,St. Albans Bay,0.6383727175080558,77.28109848484848,1.0,1.0,1.0,0.0
2022-07-22,Inland Sea,0.6562298603651985,77.85210743801653,1.0,1.0,1.0,0.0
2022-07-22,Main Lake Central,0.5848012889366272,77.85210743801653,0.0,1.0,1.0,0.0
2022-07-22,Main Lake South,0.5848012889366272,78.67028925619834,0.0,1.0,1.0,0.0
2022-07-22,St. Albans Bay,0.6115870032223415,78.2899862258953,0.0,1.0,1.0,0.0
2022-07-23,Inland Sea,0.7187298603651986,78.47098484848485,0.0,1.0,1.0,0.0
2022-07-23,Main Lake North,0.8615870032223415,78.18998316498316,0.0,1.0,1.0,0.0
2022-07-24,Inland Sea,0.8298409714763098,78.70123106060605,0.0,1.0,1.0,0.0
2022-07-24,Main Lake Central,0.8655552571905955,78.70123106060605,0.0,1.0,1.0,0.0
2022-07-24,Main Lake North,0.9726981143334525,78.51220538720538,0.0,1.0,1.0,0.0
2022-07-24,Main Lake South,0.9931062775987588,77.66220538720538,0.0,1.0,1.0,0.0
2022-07-25,Inland Sea,0.9705498866213151,77.12685185185185,0.0,1.0,1.0,0.0
2022-07-25,Main Lake Central,0.9628968253968253,76.35520833333332,0.0,1.0,1.0,0.0
2022-07-25,Main Lake North,1.0660714285714286,76.09523809523809,0.0,1.0,1.0,0.0
2022-07-25,Main Lake South,1.0803571428571428,76.27777777777777,0.0,1.0,1.0,0.0
2022-07-25,Malletts Bay,1.0803571428571428,74.66666666666667,0.0,1.0,1.0,0.0
2022-07-25,St. Albans Bay,1.0803571428571428,74.44444444444446,0.0,1.0,1.0,0.0
2022-07-26,Inland Sea,1.0803571428571428,73.11111111111111,0.0,1.0,1.0,0.0
2022-07-26,Main Lake Central,1.1249999999999998,74.14999999999999,0.0,0.0,0.0,0.0
2022-07-26,Main Lake North,1.0453296703296702,74.48571428571428,0.0,1.0,1.0,0.0
2022-07-26,Main Lake South,0.9739010989010988,74.675,0.0,1.0,1.0,0.0
2022-07-26,St. Albans Bay,1.0096153846153846,73.6,0.0,1.0,1.0,0.0
2022-07-27,Inland Sea,1.0096153846153846,73.6,0.0,1.0,1.0,0.0
2022-07-27,Main Lake Central,0.9596153846153844,73.80277777777778,0.0,1.0,1.0,0.0
2022-07-27,Main Lake North,0.9834249084249083,73.69166666666666,0.0,1.0,1.0,0.0
2022-07-27,Main Lake South,0.9834249084249083,73.91388888888889,0.0,1.0,1.0,0.0
2022-07-27,Malletts Bay,0.956639194139194,73.8925,0.0,1.0,1.0,0.0
2022-07-28,Inland Sea,0.8852106227106226,73.8925,0.0,1.0,1.0,0.0
2022-07-28,Main Lake Central,0.8423534798534797,74.19015151515151,0.0,1.0,1.0,0.0
2022-07-28,Main Lake North,0.8203754578754577,75.19318181818181,0.0,1.0,1.0,0.0
2022-07-28,Main Lake South,0.834661172161172,75.6875,0.0,1.0,1.0,0.0
2022-07-28,Malletts Bay,0.8244570905285189,75.92083333333333,0.0,1.0,1.0,0.0
2022-07-28,St. Albans Bay,0.7530285190999475,75.46818181818182,0.0,1.0,1.0,0.0
2022-07-29,Inland Sea,0.7969845630559914,75.365,0.0,1.0,1.0,0.0
2022-07-29,Main Lake Central,0.7612702773417058,75.715,0.0,1.0,1.0,0.0
2022-07-29,Main Lake South,0.7969845630559915,76.68166666666667,0.0,1.0,1.0,0.0
2022-07-29,St. Albans Bay,0.749365515436944,76.25606060606061,0.0,1.0,1.0,0.0
2022-07-30,Inland Sea,0.7636512297226582,75.90833333333333,0.0,1.0,1.0,0.0
2022-07-30,Main Lake Central,0.7398417059131344,75.54469696969697,0.0,0.0,0.0,0.0
2022-07-30,Main Lake South,0.668413134484563,75.44729437229438,0.0,0.0,0.0,0.0
2022-07-31,Inland Sea,0.6416274201988487,75.62202380952381,0.0,0.0,0.0,0.0
2022-07-31,Main Lake Central,0.6416274201988487,75.62202380952381,0.0,0.0,0.0,0.0
2022-07-31,Main Lake North,0.6487702773417058,75.40535714285714,0.0,0.0,0.0,0.0
2022-08-01,Inland Sea,0.6707482993197278,75.30202380952382,0.0,0.0,0.0,0.0
2022-08-01,Main Lake Central,0.6564625850340136,74.68952380952382,0.0,0.0,0.0,0.0
2022-08-01,Main Lake North,0.6428571428571427,74.4095238095238,0.0,0.0,0.0,0.0
2022-08-01,Main Lake South,0.6785714285714285,74.82683982683983,0.0,0.0,0.0,0.0
2022-08-01,Malletts Bay,0.6428571428571427,74.84126984126983,0.0,0.0,0.0,0.0
2022-08-02,Inland Sea,0.6785714285714285,74.41774891774891,0.0,0.0,0.0,0.0
2022-08-02,Main Lake Central,0.6428571428571427,74.62987012987013,0.0,0.0,0.0,0.0
2022-08-02,Main Lake South,0.6190476190476188,75.06623376623376,0.0,0.0,0.0,0.0
2022-08-02,Missisquoi Bay,0.619047619047619,74.42987012987012,0.0,0.0,0.0,0.0
2022-08-02,St. Albans Bay,0.5476190476190476,74.87285714285714,0.0,0.0,0.0,0.0
2022-08-03,Inland Sea,0.619047619047619,75.19999999999999,0.0,0.0,0.0,0.0
2022-08-03,Main Lake Central,0.6726190476190476,75.65,0.0,0.0,0.0,0.0
2022-08-03,Main Lake North,0.613095238095238,75.61363636363636,0.0,0.0,0.0,0.0
2022-08-03,Main Lake South,0.6488095238095237,75.7590909090909,0.0,0.0,0.0,0.0
2022-08-03,St. Albans Bay,0.5952380952380951,75.7590909090909,0.0,0.0,0.0,0.0
2022-08-04,Inland Sea,0.5238095238095237,75.835,0.0,0.0,0.0,0.0
2022-08-04,Main Lake Central,0.49999999999999994,75.88071428571428,0.0,0.0,0.0,0.0
2022-08-04,Main Lake North,0.488095238095238,75.20293650793651,0.0,0.0,0.0,0.0
2022-08-04,Main Lake South,0.4999999999999999,75.38626984126984,0.0,0.0,0.0,0.0
2022-08-04,Malletts Bay,0.46428571428571414,75.28751803751804,0.0,0.0,0.0,0.0
2022-08-04,St. Albans Bay,0.42857142857142844,75.11626984126984,0.0,0.0,0.0,0.0
2022-08-05,Main Lake Central,0.5178571428571427,74.92918871252205,0.0,0.0,0.0,0.0
2022-08-05,Main Lake South,0.4607142857142856,75.8773368606702,0.0,0.0,0.0,0.0
2022-08-05,Missisquoi Bay,0.48452380952380947,75.82293650793652,0.0,0.0,0.0,0.0
2022-08-05,St. Albans Bay,0.5559523809523809,75.74812409812411,1.0,0.0,1.0,0.0
2022-08-06,Inland Sea,0.5309523809523808,75.3529365079365,1.0,0.0,1.0,0.0
2022-08-06,Main Lake Central,0.5190476190476189,75.82793650793651,1.0,0.0,1.0,0.0
2022-08-06,Missisquoi Bay,0.4476190476190475,75.41793650793652,1.0,0.0,1.0,0.0
2022-08-06,St. Albans Bay,0.4297619047619047,75.41793650793652,1.0,0.0,1.0,0.0
2022-08-07,Inland Sea,0.45357142857142846,75.41793650793652,1.0,0.0,1.0,0.0
2022-08-07,Main Lake Central,0.5011904761904761,75.30246913580248,1.0,0.0,1.0,0.0
2022-08-07,Main Lake North,0.5488095238095237,76.16666666666667,1.0,0.0,1.0,0.0
2022-08-07,Missisquoi Bay,0.5726190476190476,76.07407407407408,1.0,0.0,1.0,0.0
2022-08-07,St. Albans Bay,0.5369047619047619,76.15185185185184,1.0,0.0,1.0,0.0
2022-08-08,Inland Sea,0.6797619047619047,76.15185185185184,1.0,0.0,1.0,0.0
2022-08-08,Main Lake Central,0.619047619047619,76.15185185185184,1.0,0.0,1.0,0.0
2022-08-08,Main Lake North,0.6404761904761905,76.10416666666666,1.0,1.0,1.0,0.0
2022-08-08,Main Lake South,0.6166666666666666,76.4375,1.0,1.0,1.0,0.0
2022-08-08,Malletts Bay,0.5214285714285714,76.0625,1.0,1.0,0.0,0.0
2022-08-08,Missisquoi Bay,0.5404761904761903,76.16666666666667,1.0,1.0,1.0,0.0
2022-08-08,St. Albans Bay,0.576190476190476,75.6875,1.0,1.0,1.0,0.0
2022-08-09,Inland Sea,0.576190476190476,76.375,1.0,1.0,1.0,0.0
2022-08-09,Main Lake Central,0.5999999999999999,76.03333333333335,1.0,1.0,1.0,0.0
2022-08-09,Main Lake South,0.6761904761904762,75.77962962962964,1.0,1.0,1.0,0.0
2022-08-09,St. Albans Bay,0.6999999999999998,75.70166666666668,1.0,1.0,1.0,0.0
2022-08-10,Inland Sea,0.664285714285714,75.22407407407407,1.0,1.0,1.0,0.0
2022-08-10,Main Lake Central,0.5928571428571426,75.40185185185184,1.0,1.0,1.0,0.0
2022-08-10,Main Lake North,0.5928571428571426,75.40185185185184,1.0,1.0,1.0,0.0
2022-08-10,Main Lake South,0.4499999999999999,75.36166666666665,1.0,1.0,1.0,0.0
2022-08-10,Malletts Bay,0.4452380952380951,75.22424242424242,1.0,1.0,1.0,0.0
2022-08-10,Missisquoi Bay,0.4095238095238094,75.22424242424242,1.0,1.0,1.0,0.0
2022-08-10,St. Albans Bay,0.4095238095238094,74.95151515151515,1.0,1.0,1.0,0.0
2022-08-11,Inland Sea,0.36190476190476184,75.24666666666667,1.0,1.0,1.0,0.0
2022-08-11,Main Lake Central,0.33376623376623366,75.49066666666667,1.0,1.0,1.0,0.0
2022-08-11,Main Lake North,0.3286641929499071,75.80969696969697,1.0,1.0,1.0,0.0
2022-08-11,Main Lake South,0.3286641929499071,75.77939393939394,1.0,1.0,1.0,0.0
2022-08-11,Malletts Bay,0.3524737167594309,76.21424242424241,1.0,1.0,1.0,0.0
2022-08-11,Missisquoi Bay,0.2762832405689547,76.46066666666665,0.0,1.0,1.0,0.0
2022-08-11,St. Albans Bay,0.21675943104514525,76.46066666666665,0.0,1.0,1.0,0.0
2022-08-12,Inland Sea,0.18104514533085952,76.46066666666665,0.0,1.0,1.0,0.0
2022-08-12,Main Lake Central,0.18104514533085952,76.20066666666666,0.0,1.0,1.0,0.0
2022-08-12,Main Lake North,0.27628324056895476,76.10066666666667,0.0,1.0,1.0,0.0
2022-08-12,Main Lake South,0.27628324056895476,76.10066666666667,0.0,0.0,0.0,0.0
2022-08-12,St. Albans Bay,0.2524737167594309,76.01566666666666,0.0,0.0,0.0,0.0
2022-08-13,Inland Sea,0.2881880024737166,76.01566666666666,0.0,0.0,0.0,0.0
2022-08-13,Main Lake Central,0.2881880024737166,76.12851851851852,0.0,0.0,0.0,0.0
2022-08-13,Main Lake South,0.31199752628324046,75.63233333333334,0.0,0.0,0.0,0.0
2022-08-13,Missisquoi Bay,0.292517006802721,75.18833333333333,0.0,0.0,0.0,0.0
2022-08-13,St. Albans Bay,0.3333333333333332,74.78833333333333,0.0,0.0,0.0,0.0
2022-08-14,Inland Sea,0.3333333333333332,74.22166666666666,0.0,0.0,0.0,0.0
2022-08-14,Main Lake Central,0.35714285714285704,73.90740740740742,0.0,0.0,0.0,0.0
2022-08-14,Main Lake South,0.3333333333333332,74.41666666666667,0.0,0.0,0.0,0.0
2022-08-14,Missisquoi Bay,0.2976190476190475,74.21666666666667,0.0,0.0,0.0,0.0
2022-08-15,Inland Sea,0.2976190476190475,74.2878787878788,0.0,0.0,0.0,0.0
2022-08-15,Main Lake Central,0.3078231292517006,74.75151515151515,0.0,0.0,1.0,0.0
2022-08-15,Main Lake North,0.21258503401360535,74.82666666666667,0.0,0.0,1.0,0.0
2022-08-15,Main Lake South,0.21258503401360535,75.32666666666667,0.0,0.0,1.0,0.0
2022-08-15,Malletts Bay,0.24829931972789107,75.42666666666666,0.0,0.0,1.0,0.0
2022-08-15,Missisquoi Bay,0.21258503401360535,75.42666666666666,0.0,0.0,1.0,0.0
2022-08-15,St. Albans Bay,0.21258503401360535,75.06969696969696,1.0,1.0,1.0,0.0
2022-08-16,Inland Sea,0.21258503401360532,75.28181818181817,1.0,1.0,1.0,0.0
2022-08-16,Main Lake Central,0.21258503401360532,75.37272727272726,1.0,1.0,1.0,0.0
2022-08-16,Main Lake South,0.14115646258503392,75.41,1.0,1.0,1.0,0.0
2022-08-16,Malletts Bay,0.1649659863945577,75.71,1.0,1.0,1.0,0.0
2022-08-16,Missisquoi Bay,0.0935374149659863,75.71,1.0,1.0,1.0,0.0
2022-08-16,St. Albans Bay,0.16496598639455776,75.34444444444443,1.0,1.0,1.0,0.0
2022-08-17,Inland Sea,0.18877551020408154,75.63749999999999,1.0,1.0,1.0,0.0
2022-08-17,Main Lake Central,0.18877551020408154,76.2375,1.0,1.0,1.0,0.0
2022-08-17,Main Lake South,0.2023809523809523,75.6,1.0,1.0,1.0,0.0
2022-08-18,Inland Sea,0.24319727891156454,75.42222222222222,1.0,1.0,1.0,0.0
2022-08-18,Main Lake Central,0.2749433106575963,75.00555555555555,1.0,1.0,1.0,0.0
2022-08-18,Main Lake North,0.26473922902494323,74.83095238095238,1.0,1.0,1.0,0.0
2022-08-18,Main Lake South,0.30045351473922893,74.82785714285714,1.0,1.0,1.0,0.0
2022-08-18,Malletts Bay,0.3310657596371881,75.27785714285714,1.0,1.0,1.0,0.0
2022-08-18,St. Albans Bay,0.3072562358276643,75.47539682539683,0.0,1.0,0.0,0.0
2022-08-19,Inland Sea,0.3072562358276643,75.40982142857143,0.0,1.0,0.0,0.0
2022-08-19,Main Lake Central,0.3072562358276643,75.69761904761906,0.0,0.0,0.0,0.0
2022-08-19,Main Lake South,0.2923752834467119,75.39603174603175,0.0,0.0,0.0,0.0
2022-08-20,Inland Sea,0.3459467120181405,75.22892857142858,0.0,0.0,0.0,0.0
2022-08-20,Main Lake Central,0.2745181405895691,75.22892857142858,0.0,0.0,0.0,0.0
2022-08-20,Main Lake South,0.25070861678004525,75.18993506493507,0.0,0.0,0.0,0.0
2022-08-20,Malletts Bay,0.25070861678004525,75.0262987012987,0.0,0.0,0.0,0.0
2022-08-21,Inland Sea,0.22689909297052147,75.02892857142857,0.0,0.0,0.0,0.0
2022-08-21,Main Lake Central,0.2575113378684806,75.14325396825397,0.0,0.0,0.0,0.0
2022-08-21,Main Lake North,0.3686224489795918,74.98214285714285,0.0,0.0,0.0,0.0
2022-08-21,Malletts Bay,0.4145408163265305,75.15674603174602,0.0,0.0,0.0,0.0
2022-08-22,Inland Sea,0.4502551020408162,75.20133928571428,0.0,0.0,0.0,0.0
2022-08-22,Main Lake Central,0.4767857142857142,75.08724489795918,0.0,0.0,0.0,0.0
2022-08-22,Main Lake North,0.5482142857142857,75.45133928571428,0.0,1.0,0.0,1.0
2022-08-22,Main Lake South,0.619642857142857,75.45133928571428,0.0,1.0,0.0,1.0
2022-08-22,Malletts Bay,0.6375,74.95133928571428,0.0,1.0,0.0,1.0
2022-08-23,Inland Sea,0.7,75.33214285714284,0.0,1.0,0.0,1.0
2022-08-23,Main Lake Central,0.6464285714285714,75.6,0.0,1.0,0.0,1.0
2022-08-23,Main Lake South,0.6464285714285714,75.51428571428572,0.0,1.0,0.0,1.0
2022-08-23,Missisquoi Bay,0.682142857142857,75.39999999999999,0.0,1.0,0.0,1.0
2022-08-23,St. Albans Bay,0.7178571428571427,74.96666666666665,0.0,1.0,1.0,1.0
2022-08-24,Inland Sea,0.7535714285714284,74.54285714285713,1.0,1.0,1.0,1.0
2022-08-24,Main Lake Central,0.682142857142857,75.13333333333333,1.0,1.0,1.0,1.0
2022-08-24,Main Lake South,0.5903061224489796,76.03333333333333,1.0,1.0,1.0,1.0
2022-08-25,Inland Sea,0.5426870748299318,77.09583333333333,1.0,1.0,1.0,1.0
2022-08-25,Main Lake Central,0.5069727891156461,77.45185185185186,1.0,1.0,1.0,1.0
2022-08-25,Main Lake North,0.5069727891156462,77.22916666666667,1.0,1.0,1.0,1.0
2022-08-25,Main Lake South,0.49268707482993196,77.30916666666667,1.0,0.0,1.0,0.0
2022-08-25,Malletts Bay,0.48248299319727883,77.01439393939394,1.0,0.0,1.0,0.0
2022-08-25,Missisquoi Bay,0.5122448979591836,77.31583333333333,1.0,0.0,1.0,0.0
2022-08-25,St. Albans Bay,0.5836734693877551,77.10530303030303,1.0,1.0,1.0,0.0
2022-08-26,Inland Sea,0.5836734693877551,77.10530303030303,1.0,1.0,1.0,0.0
2022-08-26,Main Lake Central,0.5836734693877551,77.01439393939394,1.0,1.0,1.0,0.0
2022-08-27,Main Lake Central,0.6193877551020408,76.92348484848485,1.0,1.0,1.0,0.0
2022-08-27,Main Lake South,0.6448979591836734,76.57748015873015,1.0,1.0,1.0,0.0
2022-08-28,Inland Sea,0.6091836734693877,76.99361471861472,0.0,1.0,1.0,0.0
2022-08-28,Main Lake Central,0.6448979591836734,76.76630952380951,0.0,1.0,1.0,0.0
2022-08-28,St. Albans Bay,0.6295918367346938,76.79130952380952,0.0,1.0,1.0,0.0
2022-08-29,Inland Sea,0.6772108843537415,76.15701058201057,0.0,1.0,1.0,0.0
2022-08-29,Main Lake Central,0.7129251700680272,75.6391369047619,0.0,1.0,1.0,0.0
2022-08-29,Main Lake North,0.7986394557823129,76.2360119047619,0.0,1.0,1.0,0.0
2022-08-29,Main Lake South,0.8129251700680271,75.7610119047619,0.0,1.0,1.0,0.0
2022-08-29,Malletts Bay,0.8231292517006803,75.50267857142856,0.0,1.0,1.0,0.0
2022-08-29,Missisquoi Bay,0.8469387755102041,75.50267857142856,0.0,1.0,1.0,0.0
2022-08-29,St. Albans Bay,0.7040816326530612,75.57448979591835,0.0,1.0,1.0,0.0
2022-08-30,Inland Sea,0.8469387755102041,75.57448979591835,0.0,1.0,1.0,0.0
2022-08-30,Main Lake Central,0.8755102040816327,76.65306122448979,0.0,1.0,1.0,0.0
2022-08-30,Main Lake South,0.8576530612244897,77.15306122448979,0.0,1.0,1.0,0.0
2022-08-30,Malletts Bay,0.8321428571428572,75.32857142857142,0.0,1.0,1.0,0.0
2022-08-30,St. Albans Bay,0.9392857142857142,75.2875,0.0,1.0,1.0,0.0
2022-08-31,Inland Sea,1.0464285714285713,75.2875,0.0,1.0,1.0,0.0
2022-08-31,Main Lake Central,1.082142857142857,74.6,0.0,1.0,1.0,0.0
2022-08-31,Main Lake North,1.0719387755102041,74.75555555555555,0.0,1.0,1.0,0.0
2022-08-31,Main Lake South,1.0005102040816325,74.47999999999999,0.0,1.0,1.0,0.0
2022-08-31,Malletts Bay,0.9171768707482993,74.28,0.0,1.0,1.0,0.0
2022-09-01,Inland Sea,0.9171768707482993,74.19999999999999,0.0,1.0,1.0,0.0
2022-09-01,Main Lake Central,0.9092403628117914,74.21111111111111,0.0,1.0,1.0,0.0
2022-09-01,Main Lake North,0.8735260770975056,73.84,0.0,1.0,1.0,0.0
2022-09-01,Main Lake South,0.956859410430839,73.65681818181818,0.0,1.0,1.0,0.0
2022-09-01,Malletts Bay,0.8956349206349206,73.59930555555555,0.0,1.0,1.0,0.0
2022-09-01,St. Albans Bay,0.8908730158730158,72.87651515151515,0.0,1.0,1.0,0.0
2022-09-02,Inland Sea,0.9265873015873015,72.74015151515151,0.0,1.0,1.0,0.0
2022-09-02,Main Lake Central,0.9384920634920634,73.90378787878788,0.0,1.0,1.0,0.0
2022-09-02,Main Lake North,0.8925736961451246,73.79015151515152,0.0,1.0,1.0,0.0
2022-09-02,Main Lake South,0.8925736961451246,73.72430555555556,0.0,1.0,1.0,0.0
2022-09-03,Inland Sea,0.8211451247165532,73.16180555555556,0.0,1.0,1.0,0.0
2022-09-03,Main Lake Central,0.7599206349206348,73.22847222222222,0.0,1.0,1.0,0.0
2022-09-03,Main Lake South,0.7837301587301587,72.97847222222222,0.0,1.0,1.0,0.0
2022-09-04,Inland Sea,0.7242063492063492,72.52196969696969,0.0,1.0,1.0,0.0
2022-09-04,Main Lake Central,0.759920634920635,72.1701388888889,0.0,1.0,1.0,0.0
2022-09-05,Inland Sea,0.7678571428571429,72.17651515151516,0.0,0.0,0.0,0.0
2022-09-05,Main Lake Central,0.7678571428571429,71.85833333333333,0.0,0.0,0.0,0.0
2022-09-05,Main Lake North,0.6845238095238094,71.32878787878786,0.0,0.0,0.0,0.0
2022-09-05,Main Lake South,0.6743197278911565,71.16499999999999,0.0,0.0,0.0,0.0
2022-09-05,Malletts Bay,0.6505102040816327,70.87727272727274,0.0,0.0,0.0,0.0
2022-09-05,St. Albans Bay,0.5612244897959183,70.465,0.0,0.0,0.0,0.0
2022-09-06,Inland Sea,0.5136054421768707,70.285,0.0,0.0,0.0,0.0
2022-09-06,Main Lake Central,0.4761904761904761,69.71333333333334,0.0,0.0,0.0,0.0
2022-09-06,Main Lake North,0.3333333333333332,69.21333333333334,0.0,1.0,0.0,0.0
2022-09-06,Main Lake South,0.40476190476190466,68.91333333333333,0.0,1.0,0.0,0.0
2022-09-06,Missisquoi Bay,0.4761904761904761,68.23333333333333,0.0,1.0,0.0,0.0
2022-09-06,St. Albans Bay,0.4523809523809523,68.33333333333334,0.0,1.0,0.0,0.0
2022-09-07,Inland Sea,0.5238095238095237,68.33333333333334,0.0,1.0,1.0,0.0
2022-09-07,Main Lake Central,0.4404761904761904,69.17666666666666,0.0,1.0,1.0,0.0
2022-09-07,Main Lake North,0.38003663003662996,69.118648018648,0.0,1.0,1.0,0.0
2022-09-07,Main Lake South,0.34432234432234426,69.57319347319346,0.0,1.0,1.0,0.0
2022-09-08,Inland Sea,0.35860805860805856,70.48228438228438,0.0,1.0,1.0,0.0
2022-09-08,Main Lake Central,0.303052503052503,71.06292735042734,0.0,1.0,1.0,0.0
2022-09-08,Main Lake North,0.32253302253302246,71.72959401709402,0.0,1.0,1.0,0.0
2022-09-08,Main Lake South,0.32253302253302246,72.22731755424063,0.0,1.0,1.0,0.0
2022-09-08,Malletts Bay,0.33273710416567553,72.48372781065088,0.0,1.0,1.0,0.0
2022-09-08,St. Albans Bay,0.30892758035615175,72.85459401709402,0.0,1.0,1.0,0.0
2022-09-09,Inland Sea,0.3803561517847232,73.29592074592074,0.0,0.0,1.0,0.0
2022-09-09,Main Lake Central,0.30892758035615175,74.09289044289044,0.0,0.0,1.0,0.0
2022-09-09,Main Lake South,0.23749900892758033,74.50217948717948,0.0,0.0,1.0,0.0
2022-09-09,St. Albans Bay,0.23749900892758033,74.50217948717948,0.0,0.0,1.0,0.0
2022-09-10,Main Lake Central,0.18392758035615175,74.50217948717948,0.0,0.0,0.0,0.0
2022-09-10,Main Lake South,0.1601180565466279,73.62884615384614,0.0,0.0,0.0,0.0
2022-09-10,St. Albans Bay,0.14912904555761694,74.19444444444444,0.0,0.0,0.0,0.0
2022-09-11,Inland Sea,0.2205576169861884,74.46875,0.0,0.0,0.0,0.0
2022-09-11,Main Lake Central,0.2538909503195217,74.65625,0.0,0.0,0.0,0.0
2022-09-11,St. Albans Bay,0.3094465058750772,74.475,0.0,0.0,0.0,0.0
2022-09-12,Inland Sea,0.3613945578231292,74.25714285714285,0.0,0.0,0.0,0.0
2022-09-12,Main Lake Central,0.3613945578231292,73.91428571428571,0.0,0.0,0.0,0.0
2022-09-12,Main Lake North,0.3654761904761904,74.11666666666666,0.0,1.0,1.0,0.0
2022-09-12,Main Lake South,0.38333333333333325,74.35208333333333,0.0,1.0,1.0,0.0
2022-09-12,Malletts Bay,0.3119047619047618,73.81296296296296,0.0,1.0,1.0,0.0
2022-09-12,St. Albans Bay,0.34761904761904755,73.56875,0.0,1.0,1.0,0.0
2022-09-13,Inland Sea,0.34761904761904755,73.56875,0.0,1.0,1.0,0.0
2022-09-13,Main Lake Central,0.34761904761904755,74.27708333333334,0.0,1.0,1.0,0.0
2022-09-13,Main Lake South,0.32976190476190465,74.2462962962963,0.0,1.0,1.0,0.0
2022-09-13,Malletts Bay,0.34761904761904755,74.6351851851852,0.0,1.0,1.0,0.0
2022-09-13,Missisquoi Bay,0.34761904761904755,74.6351851851852,0.0,1.0,1.0,0.0
2022-09-13,St. Albans Bay,0.2761904761904761,74.6351851851852,0.0,1.0,1.0,0.0
2022-09-14,Main Lake Central,0.24642857142857139,73.2462962962963,1.0,1.0,1.0,0.0
2022-09-14,Main Lake South,0.23452380952380944,72.80185185185185,1.0,1.0,1.0,0.0
2022-09-14,St. Albans Bay,0.19880952380952374,73.12166666666667,1.0,1.0,1.0,0.0
2022-09-15,Inland Sea,0.27023809523809517,72.82407407407408,1.0,1.0,1.0,0.0
2022-09-15,Main Lake Central,0.3273809523809523,72.13240740740741,1.0,1.0,1.0,0.0
2022-09-15,Main Lake North,0.3452380952380952,71.24351851851853,1.0,1.0,1.0,0.0
2022-09-15,Main Lake South,0.4285714285714285,71.2212962962963,1.0,1.0,1.0,0.0
2022-09-15,Malletts Bay,0.5119047619047619,71.02916666666667,1.0,1.0,1.0,0.0
2022-09-15,St. Albans Bay,0.5119047619047619,71.02916666666667,1.0,1.0,1.0,0.0
2022-09-16,Inland Sea,0.5357142857142857,70.51388888888889,1.0,1.0,1.0,0.0
2022-09-16,Main Lake Central,0.6071428571428571,70.078125,1.0,1.0,1.0,0.0
2022-09-16,Main Lake South,0.6964285714285714,69.515625,1.0,1.0,1.0,0.0
2022-09-17,Inland Sea,0.6964285714285714,69.125,1.0,1.0,1.0,0.0
2022-09-17,Main Lake Central,0.7678571428571429,69.125,1.0,1.0,1.0,0.0
2022-09-18,Inland Sea,0.7857142857142857,69.640625,0.0,0.0,0.0,0.0
2022-09-18,Main Lake Central,0.7976190476190476,69.30357142857143,0.0,0.0,0.0,0.0
2022-09-19,Inland Sea,0.9047619047619048,67.58928571428571,0.0,0.0,0.0,0.0
2022-09-19,Main Lake Central,0.9047619047619048,67.58928571428571,0.0,0.0,0.0,0.0
2022-09-19,Main Lake South,0.9047619047619048,66.8,0.0,1.0,0.0,0.0
2022-09-19,Malletts Bay,0.9047619047619048,67.01428571428572,0.0,1.0,0.0,0.0
2022-09-20,Inland Sea,0.8214285714285714,66.63333333333334,0.0,1.0,0.0,0.0
2022-09-20,Main Lake Central,0.726190476190476,65.45,0.0,1.0,0.0,0.0
2022-09-20,Main Lake South,0.726190476190476,65.45,0.0,1.0,0.0,0.0
2022-09-20,Malletts Bay,0.7738095238095237,65.8142857142857,0.0,1.0,0.0,0.0
2022-09-20,Missisquoi Bay,0.7023809523809523,65.8142857142857,0.0,1.0,0.0,0.0
2022-09-20,St. Albans Bay,0.6309523809523808,65.61666666666666,1.0,1.0,1.0,0.0
2022-09-21,Inland Sea,0.6309523809523808,65.53999999999999,1.0,1.0,1.0,0.0
2022-09-21,Main Lake Central,0.5833333333333333,65.87499999999999,1.0,1.0,1.0,0.0
2022-09-21,Main Lake South,0.5884353741496599,66.17857142857142,1.0,1.0,1.0,0.0
2022-09-21,St. Albans Bay,0.552721088435374,66.78125,1.0,1.0,1.0,0.0
2022-09-22,Inland Sea,0.45748299319727886,67.53125,1.0,1.0,1.0,0.0
2022-09-22,Main Lake Central,0.46938775510204067,67.49222222222221,1.0,1.0,1.0,0.0
2022-09-22,Main Lake North,0.4872448979591835,67.71444444444444,1.0,1.0,1.0,0.0
2022-09-22,Main Lake South,0.5467687074829931,67.34222222222222,1.0,1.0,1.0,0.0
2022-09-22,St. Albans Bay,0.6284013605442176,67.208,1.0,1.0,1.0,0.0
2022-09-23,Main Lake South,0.6760204081632653,67.76444444444445,1.0,1.0,1.0,0.0
2022-09-23,Malletts Bay,0.7474489795918366,67.76444444444445,1.0,1.0,1.0,0.0
2022-09-24,Main Lake Central,0.7474489795918366,67.735,1.0,1.0,1.0,0.0
2022-09-25,Main Lake Central,0.8086734693877551,66.96814814814815,1.0,1.0,1.0,0.0
2022-09-26,Inland Sea,0.8801020408163265,66.37133333333334,0.0,1.0,1.0,0.0
2022-09-26,Main Lake Central,0.9158163265306122,66.08303030303031,0.0,0.0,0.0,0.0
2022-09-26,Main Lake North,0.9634353741496599,65.76030303030304,0.0,0.0,0.0,0.0
2022-09-26,Malletts Bay,0.994047619047619,65.53633333333333,0.0,0.0,0.0,0.0
2022-09-27,Inland Sea,1.0297619047619047,64.92925925925925,0.0,0.0,0.0,0.0
2022-09-27,Main Lake Central,1.0892857142857142,63.90148148148148,0.0,0.0,0.0,0.0
2022-09-27,Missisquoi Bay,1.0773809523809523,63.10370370370371,0.0,0.0,0.0,0.0
2022-09-28,Inland Sea,0.988095238095238,62.741666666666674,0.0,0.0,0.0,0.0
2022-09-28,Main Lake Central,0.9642857142857143,62.25416666666667,0.0,0.0,0.0,0.0
2022-09-28,Main Lake South,0.9183673469387754,61.87916666666666,0.0,0.0,0.0,0.0
2022-09-29,Inland Sea,0.8826530612244897,61.87916666666666,0.0,0.0,0.0,0.0
2022-09-29,Main Lake Central,0.846938775510204,61.810370370370364,0.0,0.0,0.0,0.0
2022-09-29,Main Lake North,0.8707482993197277,61.810370370370364,0.0,0.0,0.0,0.0
2022-09-29,Main Lake South,0.8452380952380951,61.906666666666666,0.0,0.0,0.0,0.0
2022-09-29,Malletts Bay,0.8095238095238094,62.01777777777777,0.0,0.0,0.0,0.0
2022-09-29,St. Albans Bay,0.8452380952380951,61.87,0.0,0.0,0.0,0.0
2022-09-30,Main Lake Central,0.7738095238095237,61.565714285714286,0.0,0.0,0.0,0.0
2022-10-01,Inland Sea,0.7023809523809523,61.370000000000005,0.0,0.0,0.0,0.0
2022-10-01,Main Lake Central,0.6666666666666666,61.370000000000005,0.0,0.0,0.0,0.0
2022-10-01,Malletts Bay,0.6309523809523808,61.45857142857143,0.0,0.0,0.0,0.0
2022-10-01,St. Albans Bay,0.5595238095238095,61.701666666666675,0.0,0.0,0.0,0.0
2022-10-02,Main Lake Central,0.5595238095238094,61.701666666666675,0.0,0.0,0.0,0.0
2022-10-02,St. Albans Bay,0.5238095238095237,61.576666666666675,0.0,0.0,0.0,0.0
2022-10-03,Inland Sea,0.488095238095238,61.29200000000001,0.0,0.0,0.0,0.0
2022-10-03,Main Lake Central,0.4523809523809523,61.29200000000001,0.0,0.0,0.0,0.0
2022-10-03,Main Lake North,0.4268707482993196,61.30000000000001,0.0,0.0,0.0,0.0
2022-10-04,Inland Sea,0.4030612244897958,61.30000000000001,0.0,0.0,0.0,0.0
2022-10-04,Main Lake Central,0.3673469387755101,60.875,0.0,0.0,0.0,0.0
2022-10-04,Main Lake North,0.3673469387755101,60.5,0.0,0.0,0.0,0.0
2022-10-04,Missisquoi Bay,0.29591836734693866,60.875,0.0,0.0,0.0,0.0
2022-10-04,St. Albans Bay,0.29591836734693866,61.1,0.0,0.0,0.0,0.0
2022-10-05,Inland Sea,0.29591836734693866,61.375,0.0,0.0,0.0,0.0
2022-10-05,Main Lake Central,0.26020408163265296,61.45666666666667,0.0,0.0,0.0,0.0
2022-10-05,Main Lake South,0.26020408163265296,61.547222222222224,0.0,0.0,0.0,0.0
2022-10-05,St. Albans Bay,0.26020408163265296,60.89761904761905,0.0,0.0,0.0,0.0
2022-10-06,Inland Sea,0.26020408163265296,60.89761904761905,0.0,0.0,0.0,0.0
2022-10-06,Main Lake Central,0.24829931972789107,61.15952380952381,0.0,0.0,0.0,0.0
2022-10-06,Main Lake North,0.27210884353741494,61.15952380952381,0.0,0.0,0.0,0.0
2022-10-06,Main Lake South,0.2721088435374149,61.27395833333333,0.0,0.0,0.0,0.0
2022-10-06,Malletts Bay,0.2797619047619047,62.0212962962963,0.0,0.0,0.0,0.0
2022-10-06,St. Albans Bay,0.2083333333333333,62.0212962962963,0.0,0.0,0.0,0.0
2022-10-07,Main Lake Central,0.2797619047619047,62.27395833333334,0.0,0.0,0.0,0.0
2022-10-07,Main Lake South,0.24914965986394552,62.27395833333334,0.0,0.0,0.0,0.0
2022-10-08,Main Lake Central,0.24914965986394552,62.27395833333333,0.0,0.0,0.0,0.0
2022-10-09,Main Lake Central,0.24914965986394552,62.31309523809524,0.0,0.0,0.0,0.0
2022-10-11,Inland Sea,0.32057823129251695,62.14895833333333,0.0,0.0,0.0,0.0
2022-10-11,Main Lake Central,0.3920068027210884,61.16354166666667,0.0,0.0,0.0,0.0
2022-10-11,Missisquoi Bay,0.32057823129251695,61.044047619047625,0.0,0.0,0.0,0.0
2022-10-11,St. Albans Bay,0.32057823129251695,61.718055555555566,0.0,0.0,0.0,0.0
2022-10-12,Main Lake Central,0.4277210884353741,61.718055555555566,0.0,0.0,0.0,0.0
2022-10-12,Main Lake South,0.47534013605442166,61.1625,0.0,0.0,0.0,0.0
2022-10-12,Malletts Bay,0.5229591836734693,61.1625,0.0,0.0,0.0,0.0
2022-10-13,Inland Sea,0.6658163265306121,62.15,0.0,0.0,0.0,0.0
2022-10-13,Main Lake Central,0.733673469387755,60.71,0.0,0.0,0.0,0.0
2022-10-13,Main Lake North,0.8051020408163264,60.71,0.0,0.0,0.0,0.0
2022-10-13,Main Lake South,0.8527210884353741,60.40857142857143,0.0,0.0,0.0,0.0
2022-10-13,Malletts Bay,0.8833333333333332,60.40857142857143,0.0,0.0,0.0,0.0
2022-10-13,St. Albans Bay,0.919047619047619,60.14333333333334,0.0,0.0,0.0,0.0
2022-10-14,Main Lake Central,0.9904761904761904,60.14333333333334,0.0,0.0,0.0,0.0
2022-10-14,Main Lake South,0.9904761904761904,59.972,0.0,0.0,0.0,0.0
2022-10-18,Inland Sea,0.919047619047619,61.49,0.0,0.0,0.0,0.0
2022-10-18,Main Lake Central,0.9428571428571428,60.15866666666667,0.0,0.0,0.0,0.0
2022-10-18,Missisquoi Bay,0.9904761904761904,59.79888888888889,0.0,0.0,0.0,0.0
2022-10-18,St. Albans Bay,0.8833333333333332,59.79888888888889,0.0,0.0,0.0,0.0
2022-10-19,Main Lake Central,0.8119047619047618,59.75866666666667,0.0,0.0,0.0,0.0
2022-10-19,Main Lake North,0.8119047619047618,59.132222222222225,0.0,0.0,0.0,0.0
2022-10-19,Main Lake South,0.7404761904761904,56.79888888888889,0.0,0.0,0.0,0.0
2022-10-19,Missisquoi Bay,0.7119047619047619,55.98888888888889,0.0,0.0,0.0,0.0
2022-10-20,Inland Sea,0.7119047619047619,55.7047619047619,0.0,0.0,0.0,0.0
2022-10-20,Main Lake North,0.6642857142857143,54.99761904761905,0.0,0.0,0.0,0.0
2022-10-21,Main Lake Central,0.7178571428571427,54.58854166666667,0.0,0.0,0.0,0.0
2022-10-21,Main Lake South,0.7700549450549449,54.58854166666667,0.0,0.0,0.0,0.0
2022-10-22,Main Lake Central,0.8057692307692307,54.30092592592593,0.0,0.0,0.0,0.0
2022-10-22,Main Lake South,0.8057692307692307,54.32083333333334,0.0,0.0,0.0,0.0
2022-10-23,Inland Sea,0.8771978021978021,54.58257575757575,0.0,0.0,0.0,0.0
2022-10-23,Main Lake Central,0.8533882783882784,54.55749999999999,0.0,0.0,0.0,0.0
2022-10-23,Main Lake North,0.8057692307692307,54.157500000000006,0.0,0.0,0.0,0.0
2022-10-23,Malletts Bay,0.8057692307692307,54.157500000000006,0.0,0.0,0.0,0.0
2022-10-24,Main Lake Central,0.8057692307692307,54.157500000000006,0.0,0.0,0.0,0.0
2022-10-25,Inland Sea,0.7343406593406592,53.95277777777778,0.0,0.0,0.0,0.0
2022-10-25,Missisquoi Bay,0.7105311355311354,54.41203703703704,0.0,0.0,0.0,0.0
2022-10-26,Inland Sea,0.6533882783882784,54.401041666666664,0.0,0.0,0.0,0.0
2022-10-26,Main Lake Central,0.6891025641025641,55.42604166666666,0.0,0.0,0.0,0.0
2022-10-26,Main Lake South,0.6533882783882784,56.040625,0.0,0.0,0.0,0.0
2022-10-27,Inland Sea,0.576007326007326,56.65714285714285,0.0,0.0,0.0,0.0
2022-10-27,Main Lake Central,0.5773809523809523,56.8125,0.0,0.0,0.0,0.0
2022-10-27,Main Lake North,0.5369047619047619,57.5,0.0,0.0,0.0,0.0
2022-10-27,Main Lake South,0.5607142857142856,57.885714285714286,0.0,0.0,0.0,0.0
2022-10-28,Main Lake Central,0.4892857142857142,58.42857142857143,0.0,0.0,0.0,0.0
2022-10-28,Main Lake South,0.5607142857142856,57.375,0.0,0.0,0.0,0.0
2022-10-29,Main Lake Central,0.632142857142857,56.875,0.0,0.0,0.0,0.0
2022-10-30,Main Lake Central,0.632142857142857,56.875,0.0,0.0,0.0,0.0
2022-11-01,Inland Sea,0.7035714285714284,56.77777777777778,0.0,0.0,0.0,0.0
2022-11-02,Inland Sea,0.7035714285714284,56.46,0.0,0.0,0.0,0.0
2022-11-02,Main Lake South,0.655952380952381,56.27407407407408,0.0,0.0,0.0,0.0
2022-11-02,Missisquoi Bay,0.655952380952381,56.27407407407408,0.0,0.0,0.0,0.0
2022-11-03,Inland Sea,0.5488095238095237,55.53333333333334,0.0,0.0,0.0,0.0
2022-11-03,Main Lake Central,0.5607142857142856,55.025000000000006,0.0,0.0,0.0,0.0
2022-11-03,Main Lake North,0.6049319727891156,55.025000000000006,0.0,0.0,0.0,0.0
2022-11-03,Malletts Bay,0.5870748299319727,54.824999999999996,0.0,0.0,0.0,0.0
2022-11-05,Main Lake Central,0.520408163265306,54.824999999999996,0.0,0.0,0.0,0.0
2022-11-05,Main Lake South,0.49659863945578225,55.04375,0.0,0.0,0.0,0.0
2022-11-06,Main Lake Central,0.5680272108843537,54.79375,0.0,0.0,0.0,0.0
2022-11-09,Main Lake South,0.5680272108843537,55.54375,0.0,0.0,0.0,0.0
2022-11-26,Inland Sea,0.520408163265306,56.33571428571429,0.0,0.0,0.0,0.0
