region,report_date,total nitrogen,total phosphorus,dissolved phosphorus,chlorophyll-a,secchi depth,temperature
Main Lake Central,2012-07-01,,,,,,
Main Lake Central,2012-07-02,,,,,,
Main Lake Central,2012-07-03,,,,,,
Main Lake Central,2012-07-07,,,,,,
Main Lake Central,2012-07-08,,,,,,
Main Lake Central,2012-07-09,,,,,,
Main Lake Central,2012-07-15,,,,,,
Main Lake Central,2012-07-16,,,,,,
Main Lake Central,2012-07-17,,,,,,
Main Lake Central,2012-07-21,,,,,,
Main Lake Central,2012-07-22,,,,,,
Main Lake Central,2012-07-23,,,,,,
Main Lake Central,2012-07-24,,,,,,
Main Lake Central,2012-07-29,,,,,,
Main Lake Central,2012-07-30,,,,,,
Main Lake Central,2012-07-31,,,,,,
Main Lake Central,2012-08-05,,,,,,
Main Lake Central,2012-08-06,,,,,,
Main Lake Central,2012-08-07,,,,,,
Main Lake Central,2012-08-12,,,,,,
Main Lake Central,2012-08-13,,,,,,
Main Lake Central,2012-08-14,,,,,,
Main Lake Central,2012-08-19,,,,,,
Main Lake Central,2012-08-20,,,,,,
Main Lake Central,2012-08-21,,,,,,
Main Lake Central,2012-08-22,,,,,,
Main Lake Central,2012-08-23,,,,,,
Main Lake Central,2012-08-24,,,,,,
Main Lake Central,2012-08-26,,,,,,
Main Lake Central,2012-08-27,,,,,,
Main Lake Central,2012-08-28,,,,,,
Main Lake Central,2012-09-02,,,,,,
Main Lake Central,2012-09-03,,,,,,
Main Lake Central,2012-09-04,,,,,,
Main Lake Central,2012-09-05,,,,,,
Main Lake Central,2012-09-09,,,,,,
Main Lake Central,2012-09-10,,,,,,
Main Lake Central,2012-09-11,,,,,,
Main Lake Central,2012-09-16,,,,,,
Main Lake Central,2012-09-17,,,,,,
Main Lake Central,2012-09-23,,,,,,
Main Lake Central,2012-09-24,,,,,,
Main Lake Central,2013-06-17,,,,,,
Main Lake Central,2013-06-18,,,,,,
Main Lake Central,2013-06-19,,,,,,
Main Lake Central,2013-06-23,,,,,,
Main Lake Central,2013-06-24,,,,,,
Main Lake Central,2013-06-25,,,,,,
Main Lake Central,2013-06-26,,,,,,
Main Lake Central,2013-06-27,,,,,,
Main Lake Central,2013-06-29,,,,,,
Main Lake Central,2013-06-30,,,,,,
Main Lake Central,2013-07-01,,,,,,
Main Lake Central,2013-07-02,,,,,,
Main Lake Central,2013-07-03,,,,,,
Main Lake Central,2013-07-06,,,,,,
Main Lake Central,2013-07-07,,,,,,
Main Lake Central,2013-07-08,,,,,,
Main Lake Central,2013-07-09,,,,,,
Main Lake Central,2013-07-10,,,,,,
Main Lake Central,2013-07-12,,,,,,
Main Lake Central,2013-07-13,,,,,,
Main Lake Central,2013-07-14,,,,,,
Main Lake Central,2013-07-15,,,,,,
Main Lake Central,2013-07-16,,,,,,
Main Lake Central,2013-07-20,,,,,,
Main Lake Central,2013-07-21,,,,,,
Main Lake Central,2013-07-22,,,,,,
Main Lake Central,2013-07-23,,,,,,
Main Lake Central,2013-07-24,,,,,,
Main Lake Central,2013-07-27,,,,,,
Main Lake Central,2013-07-28,,,,,,
Main Lake Central,2013-07-29,,,,,,
Main Lake Central,2013-07-30,,,,,,
Main Lake Central,2013-07-31,,,,,,
Main Lake Central,2013-08-01,,,,,,
Main Lake Central,2013-08-02,,,,,,
Main Lake Central,2013-08-04,,,,,,
Main Lake Central,2013-08-05,,,,,,
Main Lake Central,2013-08-06,,,,,,
Main Lake Central,2013-08-07,,,,,,
Main Lake Central,2013-08-08,,,,,,
Main Lake Central,2013-08-10,,,,,,
Main Lake Central,2013-08-11,,,,,,
Main Lake Central,2013-08-12,,,,,,
Main Lake Central,2013-08-13,,,,,,
Main Lake Central,2013-08-14,,,,,,
Main Lake Central,2013-08-15,,,,,,
Main Lake Central,2013-08-16,,,,,,
Main Lake Central,2013-08-18,,,,,,
Main Lake Central,2013-08-19,,,,,,
Main Lake Central,2013-08-20,,,,,,
Main Lake Central,2013-08-21,,,,,,
Main Lake Central,2013-08-25,,,,,,
Main Lake Central,2013-08-26,,,,,,
Main Lake Central,2013-08-27,,,,,,
Main Lake Central,2013-08-28,,,,,,
Main Lake Central,2013-09-01,,,,,,
Main Lake Central,2013-09-02,,,,,,
Main Lake Central,2013-09-03,,,,,,
Main Lake Central,2013-09-04,,,,,,
Main Lake Central,2013-09-08,,,,,,
Main Lake Central,2013-09-09,,,,,,
Main Lake Central,2013-09-15,,,,,,
Main Lake Central,2013-09-22,,,,,,
Main Lake Central,2014-06-12,0.39499999999999996,18.0,9.649999999999999,2.79,4.6,17.4
Main Lake Central,2014-06-13,0.39499999999999996,18.0,9.649999999999999,2.79,4.6,17.4
Main Lake Central,2014-06-14,0.39499999999999996,18.0,9.649999999999999,2.79,4.6,17.4
Main Lake Central,2014-06-15,0.39499999999999996,18.0,9.649999999999999,2.79,4.6,17.4
Main Lake Central,2014-06-16,0.39499999999999996,18.0,9.649999999999999,2.79,4.6,17.4
Main Lake Central,2014-06-17,0.38249999999999995,15.875,8.625,2.165,5.55,16.5
Main Lake Central,2014-06-18,0.38249999999999995,15.875,8.625,2.165,5.55,16.5
Main Lake Central,2014-06-19,0.37,13.75,7.6,1.54,6.5,15.6
Main Lake Central,2014-06-20,0.37,13.75,7.6,1.54,6.5,15.6
Main Lake Central,2014-06-21,0.37,13.75,7.6,1.54,6.5,15.6
Main Lake Central,2014-06-22,0.37,13.75,7.6,1.54,6.5,15.6
Main Lake Central,2014-06-23,0.37,13.75,7.6,1.54,6.5,15.6
Main Lake Central,2014-06-24,0.41,12.8,8.6,2.43,5.5,18.4
Main Lake Central,2014-06-25,0.41,12.8,8.6,2.43,5.5,18.4
Main Lake Central,2014-06-26,0.41,12.8,8.6,2.43,5.5,18.4
Main Lake Central,2014-06-27,0.41,12.8,8.6,2.43,5.5,18.4
Main Lake Central,2014-06-28,0.41,12.8,8.6,2.43,5.5,18.4
Main Lake Central,2014-06-29,0.41,12.8,8.6,2.43,5.5,18.4
Main Lake Central,2014-06-30,0.41,12.8,8.6,2.43,5.5,18.4
Main Lake Central,2014-07-01,,,,,,
Main Lake Central,2014-07-02,,,,,,
Main Lake Central,2014-07-03,,,,,,
Main Lake Central,2014-07-04,,,,,,
Main Lake Central,2014-07-05,,,,,,
Main Lake Central,2014-07-06,,,,,,
Main Lake Central,2014-07-07,,,,,,
Main Lake Central,2014-07-08,,,,,,
Main Lake Central,2014-07-09,,,,,,
Main Lake Central,2014-07-10,0.37,11.8,7.5,3.18,3.9,20.2
Main Lake Central,2014-07-11,0.37,11.8,7.5,3.18,3.9,20.2
Main Lake Central,2014-07-12,0.39499999999999996,10.700000000000001,5.949999999999999,3.87,5.0,20.3
Main Lake Central,2014-07-13,0.39499999999999996,10.700000000000001,5.949999999999999,3.87,5.0,20.3
Main Lake Central,2014-07-14,0.39499999999999996,10.700000000000001,5.949999999999999,3.87,5.0,20.3
Main Lake Central,2014-07-15,0.39499999999999996,10.700000000000001,5.949999999999999,3.87,5.0,20.3
Main Lake Central,2014-07-16,0.39499999999999996,10.700000000000001,5.949999999999999,3.87,5.0,20.3
Main Lake Central,2014-07-17,0.39499999999999996,10.700000000000001,5.949999999999999,3.87,5.0,20.3
Main Lake Central,2014-07-19,,,,,,
Main Lake Central,2014-07-20,,,,,,
Main Lake Central,2014-07-21,,,,,,
Main Lake Central,2014-07-22,,,,,,
Main Lake Central,2014-07-23,,,,,,
Main Lake Central,2014-07-24,,,,,,
Main Lake Central,2014-07-25,,,,,,
Main Lake Central,2014-07-26,,,,,,
Main Lake Central,2014-07-27,,,,,,
Main Lake Central,2014-07-28,,,,,,
Main Lake Central,2014-07-29,,,,,,
Main Lake Central,2014-07-30,,,,,,
Main Lake Central,2014-08-01,0.38,11.3,6.475,2.58,5.6,20.25
Main Lake Central,2014-08-02,0.38,11.3,6.475,2.58,5.6,20.25
Main Lake Central,2014-08-03,0.38,11.3,6.475,2.58,5.6,20.25
Main Lake Central,2014-08-04,0.38,11.3,6.475,2.58,5.6,20.25
Main Lake Central,2014-08-05,0.38,11.3,6.475,2.58,5.6,20.25
Main Lake Central,2014-08-06,0.38,11.3,6.475,2.58,5.6,20.25
Main Lake Central,2014-08-08,,,,,,
Main Lake Central,2014-08-09,,,,,,
Main Lake Central,2014-08-10,,,,,,
Main Lake Central,2014-08-11,,,,,,
Main Lake Central,2014-08-12,0.38,11.45,7.15,1.9449999999999998,6.949999999999999,23.35
Main Lake Central,2014-08-13,0.38,11.45,7.15,1.9449999999999998,6.949999999999999,23.35
Main Lake Central,2014-08-15,0.38,11.45,7.15,1.9449999999999998,6.949999999999999,23.35
Main Lake Central,2014-08-16,0.38,11.45,7.15,1.9449999999999998,6.949999999999999,23.35
Main Lake Central,2014-08-17,0.38,11.45,7.15,1.9449999999999998,6.949999999999999,23.35
Main Lake Central,2014-08-18,0.38,11.45,7.15,1.9449999999999998,6.949999999999999,23.35
Main Lake Central,2014-08-19,0.37,13.5,7.4,2.81,5.5,22.6
Main Lake Central,2014-08-20,0.37,13.5,7.4,2.81,5.5,22.6
Main Lake Central,2014-08-22,0.375,12.3,7.7,3.46,6.5,21.2
Main Lake Central,2014-08-23,0.375,12.3,7.7,3.46,6.5,21.2
Main Lake Central,2014-08-24,0.375,12.3,7.7,3.46,6.5,21.2
Main Lake Central,2014-08-25,0.375,12.3,7.7,3.46,6.5,21.2
Main Lake Central,2014-08-26,0.375,12.3,7.7,3.46,6.5,21.2
Main Lake Central,2014-08-28,,,,,,
Main Lake Central,2014-08-29,,,,,,
Main Lake Central,2014-08-30,,,,,,
Main Lake Central,2014-08-31,,,,,,
Main Lake Central,2014-09-01,,,,,,
Main Lake Central,2014-09-02,,,,,,
Main Lake Central,2014-09-05,,,,,,
Main Lake Central,2014-09-07,,,,,,
Main Lake Central,2014-09-09,,,,,,
Main Lake Central,2014-09-12,0.34,12.0,7.1,5.27,5.1,21.4
Main Lake Central,2014-09-14,0.34,12.0,7.1,5.27,5.1,21.4
Main Lake Central,2014-09-16,0.38999999999999996,12.2,8.35,2.52,5.0,21.4
Main Lake Central,2014-09-17,0.38999999999999996,12.2,8.35,2.52,5.0,
Main Lake Central,2014-09-19,0.38999999999999996,12.2,8.35,2.52,5.0,
Main Lake Central,2014-09-21,0.38999999999999996,12.2,8.35,2.52,5.0,
Main Lake Central,2014-09-23,0.34,12.5,5.0,3.83,5.4,
Main Lake Central,2014-09-25,0.34,12.5,5.0,3.83,5.4,
Main Lake Central,2014-09-26,0.34,12.5,5.0,3.83,5.4,
Main Lake Central,2014-09-27,,,,,,
Main Lake Central,2014-09-28,,,,,,
Main Lake Central,2014-09-29,,,,,,
Main Lake Central,2014-09-30,,,,,,
Main Lake Central,2014-10-02,,,,,,
Main Lake Central,2015-06-14,,,,,,
Main Lake Central,2015-06-15,,,,,,
Main Lake Central,2015-06-16,0.41,9.8,6.3,1.33,3.1,16.4
Main Lake Central,2015-06-17,0.41,9.8,6.3,1.33,3.1,16.4
Main Lake Central,2015-06-18,0.41,9.8,6.3,1.33,3.1,16.4
Main Lake Central,2015-06-20,0.41,9.8,6.3,1.33,3.1,16.4
Main Lake Central,2015-06-21,0.41,9.8,6.3,1.33,3.1,16.4
Main Lake Central,2015-06-22,0.41,9.8,6.3,1.33,3.1,16.4
Main Lake Central,2015-06-23,0.45,14.0,7.050000000000001,3.28,4.3,18.4
Main Lake Central,2015-06-24,0.45,14.0,7.050000000000001,3.28,4.3,18.4
Main Lake Central,2015-06-25,0.45,14.0,7.050000000000001,3.28,4.3,18.4
Main Lake Central,2015-06-27,0.45,14.0,7.050000000000001,3.28,4.3,18.4
Main Lake Central,2015-06-28,0.45,14.0,7.050000000000001,3.28,4.3,18.4
Main Lake Central,2015-06-29,0.45,14.0,7.050000000000001,3.28,4.3,18.4
Main Lake Central,2015-06-30,0.4,10.9,5.5,4.01,4.3,16.6
Main Lake Central,2015-07-01,0.4,10.9,5.5,4.01,4.3,16.6
Main Lake Central,2015-07-02,,,,,,
Main Lake Central,2015-07-04,,,,,,
Main Lake Central,2015-07-05,,,,,,
Main Lake Central,2015-07-06,,,,,,
Main Lake Central,2015-07-07,0.375,16.875,10.125,13.425,2.8,20.049999999999997
Main Lake Central,2015-07-08,0.375,16.875,10.125,13.425,2.8,20.049999999999997
Main Lake Central,2015-07-09,0.375,16.875,10.125,13.425,2.8,20.049999999999997
Main Lake Central,2015-07-10,0.375,16.875,10.125,13.425,2.8,20.049999999999997
Main Lake Central,2015-07-11,0.375,16.875,10.125,13.425,2.8,20.049999999999997
Main Lake Central,2015-07-12,0.375,16.875,10.125,13.425,2.8,20.049999999999997
Main Lake Central,2015-07-13,0.375,16.875,10.125,13.425,2.8,20.049999999999997
Main Lake Central,2015-07-14,0.51,12.3,5.9,11.03,2.8,20.1
Main Lake Central,2015-07-15,0.51,12.3,5.9,11.03,2.8,20.1
Main Lake Central,2015-07-16,0.51,12.3,5.9,11.03,2.8,20.1
Main Lake Central,2015-07-18,0.36,11.55,7.75,7.95,3.5,20.4
Main Lake Central,2015-07-19,0.36,11.55,7.75,7.95,3.5,20.4
Main Lake Central,2015-07-20,0.36,11.55,7.75,7.95,3.5,20.4
Main Lake Central,2015-07-21,0.36,11.55,7.75,7.95,3.5,20.4
Main Lake Central,2015-07-22,0.36,11.55,7.75,7.95,3.5,20.4
Main Lake Central,2015-07-23,0.38,12.225000000000001,8.825,5.955,3.5,21.0
Main Lake Central,2015-07-25,0.4,12.9,9.899999999999999,3.96,3.5,21.6
Main Lake Central,2015-07-26,0.4,12.9,9.899999999999999,3.96,3.5,21.6
Main Lake Central,2015-07-27,0.4,12.9,9.899999999999999,3.96,3.5,21.6
Main Lake Central,2015-07-28,0.4,12.9,9.899999999999999,3.96,3.5,21.6
Main Lake Central,2015-07-29,0.4,12.9,9.899999999999999,3.96,3.5,21.6
Main Lake Central,2015-07-30,,,,,,
Main Lake Central,2015-07-31,,,,,,
Main Lake Central,2015-08-01,0.35,12.65,7.0,9.47,3.7,24.5
Main Lake Central,2015-08-02,0.35,12.65,7.0,9.47,3.7,24.5
Main Lake Central,2015-08-03,0.35,12.65,7.0,9.47,3.7,24.5
Main Lake Central,2015-08-04,0.35,12.65,7.0,9.47,3.7,24.5
Main Lake Central,2015-08-05,0.35,12.65,7.0,9.47,3.7,24.5
Main Lake Central,2015-08-07,0.35,12.65,7.0,9.47,3.7,24.5
Main Lake Central,2015-08-08,0.38,12.0,6.55,4.26,6.1,21.8
Main Lake Central,2015-08-09,0.38,12.0,6.55,4.26,6.1,21.8
Main Lake Central,2015-08-10,0.38,12.0,6.55,4.26,6.1,21.8
Main Lake Central,2015-08-11,0.38,12.0,6.55,4.26,6.1,21.8
Main Lake Central,2015-08-12,0.38,12.0,6.55,4.26,6.1,21.8
Main Lake Central,2015-08-13,0.38,12.0,6.55,4.26,6.1,21.8
Main Lake Central,2015-08-14,0.38,12.0,6.55,4.26,6.1,21.8
Main Lake Central,2015-08-15,,,,,,
Main Lake Central,2015-08-16,,,,,,
Main Lake Central,2015-08-17,,,,,,
Main Lake Central,2015-08-18,,,,5.04,4.5,22.4
Main Lake Central,2015-08-19,,,,5.04,4.5,22.4
Main Lake Central,2015-08-20,,,,5.04,4.5,22.4
Main Lake Central,2015-08-22,,,,5.04,4.5,22.4
Main Lake Central,2015-08-23,,,,5.04,4.5,22.4
Main Lake Central,2015-08-24,,,,5.04,4.5,22.4
Main Lake Central,2015-08-25,,,,,,
Main Lake Central,2015-08-26,0.395,11.75,7.9,8.53,3.5,22.9
Main Lake Central,2015-08-27,0.395,11.75,7.9,8.53,3.5,22.9
Main Lake Central,2015-08-28,0.395,11.75,7.9,8.53,3.5,22.9
Main Lake Central,2015-08-29,0.395,11.75,7.9,8.53,3.5,22.9
Main Lake Central,2015-08-30,0.395,11.75,7.9,8.53,3.5,22.9
Main Lake Central,2015-08-31,0.395,11.75,7.9,8.53,3.5,22.9
Main Lake Central,2015-09-01,0.395,11.75,7.9,8.53,3.5,22.9
Main Lake Central,2015-09-02,0.32,12.4,5.9,8.19,3.4,22.8
Main Lake Central,2015-09-03,0.32,12.4,5.9,8.19,3.4,22.8
Main Lake Central,2015-09-04,0.32,12.4,5.9,8.19,3.4,22.8
Main Lake Central,2015-09-06,,,,,,
Main Lake Central,2015-09-07,,,,,,
Main Lake Central,2015-09-08,,,,,,
Main Lake Central,2015-09-13,0.33999999999999997,12.375,8.375,5.95,5.1,23.4
Main Lake Central,2015-09-14,0.33999999999999997,12.375,8.375,5.95,5.1,23.4
Main Lake Central,2015-09-15,0.33999999999999997,12.375,8.375,5.95,5.1,23.4
Main Lake Central,2015-09-16,0.33499999999999996,10.399999999999999,8.4,6.23,5.7,23.3
Main Lake Central,2015-09-19,,,,,,
Main Lake Central,2015-09-20,,,,,,
Main Lake Central,2015-09-21,,,,,,
Main Lake Central,2015-09-22,,,,,,
Main Lake Central,2015-09-23,,,,,,
Main Lake Central,2015-09-27,,,,,,
Main Lake Central,2015-09-28,,,,,,
Main Lake Central,2015-09-29,,,,,,
Main Lake Central,2016-06-18,0.4,8.5,5.0,1.115,7.1,13.3
Main Lake Central,2016-06-19,0.4,8.5,5.0,1.115,7.1,13.3
Main Lake Central,2016-06-20,0.4,8.5,5.0,1.115,7.1,13.3
Main Lake Central,2016-06-21,0.4,8.5,5.0,1.115,7.1,13.3
Main Lake Central,2016-06-22,,,,0.89,5.2,
Main Lake Central,2016-06-23,,,,0.89,5.2,
Main Lake Central,2016-06-24,0.36,10.0,5.9,2.17,6.5,17.4
Main Lake Central,2016-06-25,0.36,10.0,5.9,2.17,6.5,17.4
Main Lake Central,2016-06-26,0.36,10.0,5.9,2.17,6.5,17.4
Main Lake Central,2016-06-27,0.36,10.0,5.9,2.17,6.5,17.4
Main Lake Central,2016-06-28,0.36,10.0,5.9,2.17,6.5,17.4
Main Lake Central,2016-06-29,0.36,10.0,5.9,2.17,6.5,17.4
Main Lake Central,2016-06-30,0.36,10.0,5.9,2.17,6.5,17.4
Main Lake Central,2016-07-01,,,,,,
Main Lake Central,2016-07-02,0.37,9.65,6.7,4.56,4.6,19.6
Main Lake Central,2016-07-03,0.37,9.65,6.7,4.56,4.6,19.6
Main Lake Central,2016-07-04,0.37,9.65,6.7,4.56,4.6,19.6
Main Lake Central,2016-07-05,0.37,9.65,6.7,4.56,4.6,19.6
Main Lake Central,2016-07-06,0.37,9.65,6.7,4.56,4.6,19.6
Main Lake Central,2016-07-07,0.37,9.65,6.7,4.56,4.6,19.6
Main Lake Central,2016-07-08,0.37,9.65,6.7,4.56,4.6,19.6
Main Lake Central,2016-07-09,,,,,,
Main Lake Central,2016-07-10,,,,,,
Main Lake Central,2016-07-11,,,,,,
Main Lake Central,2016-07-12,0.38,8.85,7.45,1.68,5.5,18.3
Main Lake Central,2016-07-13,0.365,9.625,7.525,3.29,5.15,18.950000000000003
Main Lake Central,2016-07-14,0.365,9.625,7.525,3.29,5.15,18.950000000000003
Main Lake Central,2016-07-15,0.365,9.625,7.525,3.29,5.15,18.950000000000003
Main Lake Central,2016-07-16,0.365,9.625,7.525,3.29,5.15,19.666666666666668
Main Lake Central,2016-07-17,0.365,9.625,7.525,3.29,5.15,19.666666666666668
Main Lake Central,2016-07-18,0.365,9.625,7.525,3.29,5.15,19.666666666666668
Main Lake Central,2016-07-19,0.35,10.4,7.6,4.9,4.8,20.35
Main Lake Central,2016-07-20,0.32,15.7,6.0,7.15,3.2,21.1
Main Lake Central,2016-07-21,0.33499999999999996,11.0,5.5,3.56,4.5,20.85
Main Lake Central,2016-07-24,0.33499999999999996,11.0,5.5,3.56,4.5,20.6
Main Lake Central,2016-07-25,0.33499999999999996,11.0,5.5,3.56,4.5,20.6
Main Lake Central,2016-07-26,0.33499999999999996,11.0,5.5,3.56,4.5,20.6
Main Lake Central,2016-07-27,0.33499999999999996,11.0,5.5,3.56,4.5,20.6
Main Lake Central,2016-07-28,,,,,,
Main Lake Central,2016-07-29,,,,4.26,4.9,
Main Lake Central,2016-07-30,,,,4.26,4.9,
Main Lake Central,2016-07-31,,,,4.26,4.9,
Main Lake Central,2016-08-01,,,,4.26,4.9,
Main Lake Central,2016-08-02,,,,4.26,4.9,
Main Lake Central,2016-08-03,,,,4.26,4.9,
Main Lake Central,2016-08-04,,,,4.26,4.9,
Main Lake Central,2016-08-06,,,,,,
Main Lake Central,2016-08-07,,,,,,
Main Lake Central,2016-08-08,,,,,,
Main Lake Central,2016-08-09,,,,,,
Main Lake Central,2016-08-10,0.345,10.2,7.449999999999999,1.65,4.5,23.8
Main Lake Central,2016-08-11,0.345,10.2,7.449999999999999,1.65,4.5,23.8
Main Lake Central,2016-08-13,0.3375,10.675,7.625,3.365,4.8,23.0
Main Lake Central,2016-08-14,0.3375,10.675,7.625,3.365,4.8,23.0
Main Lake Central,2016-08-15,0.3375,10.675,7.625,3.365,4.8,23.0
Main Lake Central,2016-08-16,0.3375,10.675,7.625,3.365,4.8,23.0
Main Lake Central,2016-08-17,0.33,11.15,7.800000000000001,5.08,5.1,23.0
Main Lake Central,2016-08-18,0.33,11.15,7.800000000000001,5.08,5.1,23.0
Main Lake Central,2016-08-20,0.295,13.0,6.800000000000001,2.39,8.2,23.2
Main Lake Central,2016-08-21,0.295,13.0,6.800000000000001,2.39,8.2,23.2
Main Lake Central,2016-08-22,0.295,13.0,6.800000000000001,2.39,8.2,23.2
Main Lake Central,2016-08-23,0.295,13.0,6.800000000000001,2.39,8.2,23.2
Main Lake Central,2016-08-24,0.295,13.0,6.800000000000001,2.39,8.2,23.2
Main Lake Central,2016-08-25,0.295,13.0,6.800000000000001,2.39,8.2,23.2
Main Lake Central,2016-08-27,,,,,,
Main Lake Central,2016-08-28,,,,,,
Main Lake Central,2016-08-29,,,,,,
Main Lake Central,2016-08-30,,,,,,
Main Lake Central,2016-08-31,0.32,10.05,7.5,2.93,5.8,22.2
Main Lake Central,2016-09-02,0.32,10.05,7.5,2.93,5.8,22.2
Main Lake Central,2016-09-03,0.32,10.05,7.5,2.93,5.8,22.2
Main Lake Central,2016-09-04,0.32,10.05,7.5,2.93,5.8,22.2
Main Lake Central,2016-09-06,0.32,10.05,7.5,2.93,5.8,22.2
Main Lake Central,2016-09-07,0.39,10.850000000000001,6.6,4.54,4.9,22.0
Main Lake Central,2016-09-08,0.39,10.850000000000001,6.6,4.54,4.9,22.0
Main Lake Central,2016-09-10,0.39,10.850000000000001,6.6,4.54,4.9,22.0
Main Lake Central,2016-09-11,0.39,10.850000000000001,6.6,4.54,4.9,22.0
Main Lake Central,2016-09-12,0.39,10.850000000000001,6.6,4.54,4.9,22.0
Main Lake Central,2016-09-13,0.39,10.850000000000001,6.6,4.54,4.9,22.0
Main Lake Central,2016-09-14,,,,,,
Main Lake Central,2016-09-18,,,,,,
Main Lake Central,2016-09-19,,,,,,
Main Lake Central,2016-09-20,,,,,,
Main Lake Central,2016-09-21,,,,,,
Main Lake Central,2016-09-24,0.37,10.524999999999999,6.625,4.0,5.9,20.7
Main Lake Central,2016-09-25,0.37,10.524999999999999,6.625,4.0,5.9,20.7
Main Lake Central,2016-09-26,0.37,10.524999999999999,6.625,4.0,5.9,20.7
Main Lake Central,2016-09-27,0.37,10.524999999999999,6.625,4.0,5.9,20.7
Main Lake Central,2016-09-28,0.37,10.524999999999999,6.625,4.0,5.9,20.7
Main Lake Central,2016-10-04,,,,,,
Main Lake Central,2016-10-05,,,,,,
Main Lake Central,2016-10-06,,,,,,
Main Lake Central,2017-06-05,,,,,,
Main Lake Central,2017-06-12,0.335,9.8,5.5,7.76,4.25,11.95
Main Lake Central,2017-06-20,,,,,,
Main Lake Central,2017-06-21,,,,,,
Main Lake Central,2017-06-22,0.33,13.100000000000001,6.3999999999999995,1.92,4.9,15.7
Main Lake Central,2017-06-23,0.33,13.100000000000001,6.3999999999999995,1.92,4.9,15.7
Main Lake Central,2017-06-24,0.33,13.100000000000001,6.3999999999999995,1.92,4.9,15.7
Main Lake Central,2017-06-26,0.33,13.100000000000001,6.3999999999999995,1.92,4.9,15.7
Main Lake Central,2017-06-27,0.33,13.100000000000001,6.3999999999999995,1.92,4.9,15.7
Main Lake Central,2017-06-28,0.33,13.100000000000001,6.3999999999999995,1.92,4.9,15.7
Main Lake Central,2017-06-29,,,,,,
Main Lake Central,2017-06-30,,,,,,
Main Lake Central,2017-07-01,,,,,,
Main Lake Central,2017-07-02,,,,,,
Main Lake Central,2017-07-03,,,,,,
Main Lake Central,2017-07-04,,,,,,
Main Lake Central,2017-07-05,,,,,,
Main Lake Central,2017-07-06,0.365,13.2,6.85,8.0,1.0,20.6
Main Lake Central,2017-07-07,0.365,13.2,6.85,8.0,1.0,20.6
Main Lake Central,2017-07-09,0.365,13.2,6.85,8.0,1.0,20.6
Main Lake Central,2017-07-10,0.365,13.2,6.85,8.0,1.0,20.6
Main Lake Central,2017-07-11,0.37,24.200000000000003,6.6,7.33,2.0,20.0
Main Lake Central,2017-07-12,0.3633333333333333,20.05,6.983333333333333,6.5200000000000005,2.3333333333333335,20.066666666666666
Main Lake Central,2017-07-13,0.3625,23.475,7.05,5.78,3.0,19.799999999999997
Main Lake Central,2017-07-14,0.3625,23.475,7.05,5.78,3.0,19.799999999999997
Main Lake Central,2017-07-15,0.3625,23.475,7.05,5.78,3.0,19.799999999999997
Main Lake Central,2017-07-16,0.3625,23.475,7.05,5.78,3.0,19.799999999999997
Main Lake Central,2017-07-17,0.3625,23.475,7.05,5.78,3.0,19.799999999999997
Main Lake Central,2017-07-18,0.35,11.75,7.75,4.9,3.0,20.2
Main Lake Central,2017-07-19,,,,,,
Main Lake Central,2017-07-20,,,,,,
Main Lake Central,2017-07-21,0.33999999999999997,10.25,5.15,5.82,5.5,22.4
Main Lake Central,2017-07-23,0.33999999999999997,10.25,5.15,5.82,5.5,22.4
Main Lake Central,2017-07-25,0.33999999999999997,10.25,5.15,5.82,5.5,22.4
Main Lake Central,2017-07-26,0.33999999999999997,10.25,5.15,5.82,5.5,22.4
Main Lake Central,2017-07-27,0.33999999999999997,10.25,5.15,5.82,5.5,22.4
Main Lake Central,2017-07-28,,,,,,
Main Lake Central,2017-07-30,0.37,10.15,7.550000000000001,8.01,4.1,20.6
Main Lake Central,2017-07-31,0.37,10.15,7.550000000000001,8.01,4.1,20.6
Main Lake Central,2017-08-01,0.37,10.15,7.550000000000001,8.01,4.1,20.6
Main Lake Central,2017-08-02,0.37,10.15,7.550000000000001,8.01,4.1,20.6
Main Lake Central,2017-08-03,0.375,9.325,6.275,6.984999999999999,4.3,21.5
Main Lake Central,2017-08-04,0.375,9.325,6.275,6.984999999999999,4.3,21.5
Main Lake Central,2017-08-05,0.38,8.5,5.0,5.96,4.5,22.4
Main Lake Central,2017-08-06,0.38,8.5,5.0,5.96,4.5,22.4
Main Lake Central,2017-08-07,0.38,8.5,5.0,5.96,4.5,22.4
Main Lake Central,2017-08-08,0.3625,8.85,5.625,6.635,5.2,22.15
Main Lake Central,2017-08-09,0.3625,8.85,5.625,6.635,5.2,22.15
Main Lake Central,2017-08-10,0.345,9.2,6.25,7.31,5.9,21.9
Main Lake Central,2017-08-11,0.345,9.2,6.25,7.31,5.9,21.9
Main Lake Central,2017-08-13,0.345,9.2,6.25,7.31,5.9,21.9
Main Lake Central,2017-08-14,0.345,9.2,6.25,7.31,5.9,21.9
Main Lake Central,2017-08-15,0.31,13.1,5.3,5.6,4.3,22.0
Main Lake Central,2017-08-16,0.31,13.1,5.3,5.6,4.3,22.0
Main Lake Central,2017-08-17,0.31,13.1,5.3,5.6,4.3,22.0
Main Lake Central,2017-08-20,0.31,13.1,5.3,5.6,4.3,22.0
Main Lake Central,2017-08-21,0.31,13.1,5.3,5.6,4.3,22.0
Main Lake Central,2017-08-22,,,,,,
Main Lake Central,2017-08-23,,,,,,
Main Lake Central,2017-08-24,,,,,,
Main Lake Central,2017-08-25,0.395,10.55,6.6,5.245,5.949999999999999,21.85
Main Lake Central,2017-08-27,0.395,10.55,6.6,5.245,5.949999999999999,21.85
Main Lake Central,2017-08-28,0.395,10.55,6.6,5.245,5.949999999999999,21.85
Main Lake Central,2017-08-29,0.395,10.55,6.6,5.245,5.949999999999999,21.85
Main Lake Central,2017-08-30,0.395,10.55,6.6,5.245,5.949999999999999,21.85
Main Lake Central,2017-08-31,0.395,10.55,6.6,5.245,5.949999999999999,21.85
Main Lake Central,2017-09-01,,,,,,
Main Lake Central,2017-09-03,,,,,,
Main Lake Central,2017-09-04,,,,,,
Main Lake Central,2017-09-05,,,,,,
Main Lake Central,2017-09-06,,,,,,
Main Lake Central,2017-09-07,0.32,11.7,5.0,3.24,4.3,19.1
Main Lake Central,2017-09-08,1.9649999999999999,11.0,5.75,4.41,5.9,19.0
Main Lake Central,2017-09-10,1.9649999999999999,11.0,5.75,4.41,5.9,19.0
Main Lake Central,2017-09-11,1.9649999999999999,11.0,5.75,4.41,5.9,19.0
Main Lake Central,2017-09-12,1.9649999999999999,11.0,5.75,4.41,5.9,19.0
Main Lake Central,2017-09-13,1.17,11.375,6.95,6.62,5.45,18.75
Main Lake Central,2017-09-14,1.17,11.375,6.95,6.62,5.45,18.75
Main Lake Central,2017-09-15,0.375,11.75,8.15,8.83,5.0,18.5
Main Lake Central,2017-09-17,0.375,11.75,8.15,8.83,4.7,18.5
Main Lake Central,2017-09-18,0.375,11.75,8.15,8.83,4.7,18.5
Main Lake Central,2017-09-19,0.375,11.75,8.15,8.83,4.7,18.5
Main Lake Central,2017-09-20,,,,,4.4,
Main Lake Central,2017-09-21,0.37,10.850000000000001,8.4,5.37,4.45,20.7
Main Lake Central,2017-09-22,0.37,10.850000000000001,8.4,5.37,4.45,20.7
Main Lake Central,2017-09-24,0.3725,9.925,8.45,4.8149999999999995,5.05,19.95
Main Lake Central,2017-09-25,0.3725,9.925,8.45,4.8149999999999995,5.05,19.95
Main Lake Central,2017-09-26,0.3725,9.925,8.45,4.8149999999999995,5.05,19.95
Main Lake Central,2017-09-27,0.3725,9.925,8.45,4.8149999999999995,5.05,19.95
Main Lake Central,2017-09-28,0.375,9.0,8.5,4.26,5.6,19.2
Main Lake Central,2017-09-29,0.375,9.0,8.5,4.26,5.6,19.2
Main Lake Central,2017-10-01,,,,,,
Main Lake Central,2017-10-05,,,,,,
Main Lake Central,2017-10-13,0.375,11.5,7.1000000000000005,2.935,5.6,17.5
Main Lake Central,2018-06-06,0.43,10.8,6.5,4.07,3.2,10.5
Main Lake Central,2018-06-11,0.41,7.4,6.4,4.04,3.9,12.1
Main Lake Central,2018-06-12,0.41,7.4,6.4,4.04,3.9,12.1
Main Lake Central,2018-06-13,0.41,7.4,6.4,4.04,3.9,12.1
Main Lake Central,2018-06-15,,,,,,
Main Lake Central,2018-06-17,0.37999999999999995,10.45,5.199999999999999,0.56,4.5,15.0
Main Lake Central,2018-06-18,0.37999999999999995,10.45,5.199999999999999,0.56,4.5,15.0
Main Lake Central,2018-06-19,0.37999999999999995,10.45,5.199999999999999,0.56,4.5,15.0
Main Lake Central,2018-06-20,0.37999999999999995,10.45,5.199999999999999,0.56,4.5,15.0
Main Lake Central,2018-06-22,0.37999999999999995,10.45,5.199999999999999,0.56,4.5,15.0
Main Lake Central,2018-06-24,0.40499999999999997,9.899999999999999,6.300000000000001,2.28,6.5,15.7
Main Lake Central,2018-06-25,0.40499999999999997,9.899999999999999,6.300000000000001,2.28,6.5,15.7
Main Lake Central,2018-06-26,0.40499999999999997,9.899999999999999,6.300000000000001,2.28,6.5,15.7
Main Lake Central,2018-06-27,0.40499999999999997,9.899999999999999,6.300000000000001,2.28,6.5,15.7
Main Lake Central,2018-06-29,0.40499999999999997,9.899999999999999,6.300000000000001,2.28,6.5,15.7
Main Lake Central,2018-07-01,,,,,,
Main Lake Central,2018-07-02,,,,,,
Main Lake Central,2018-07-03,0.375,11.15,5.0,5.87,8.0,
Main Lake Central,2018-07-04,0.375,11.15,5.0,5.87,8.0,20.7
Main Lake Central,2018-07-05,0.375,11.15,5.0,5.87,8.0,20.7
Main Lake Central,2018-07-06,0.48250000000000004,16.15,5.475,3.4850000000000003,6.2,21.65
Main Lake Central,2018-07-08,0.48250000000000004,16.15,5.475,3.4850000000000003,6.2,21.65
Main Lake Central,2018-07-09,0.48250000000000004,16.15,5.475,3.4850000000000003,6.2,21.65
Main Lake Central,2018-07-10,0.5900000000000001,21.15,5.949999999999999,1.1,4.4,21.65
Main Lake Central,2018-07-11,0.49250000000000005,15.6,5.5,2.29,4.2,21.8
Main Lake Central,2018-07-12,0.49250000000000005,15.6,5.5,2.29,4.2,21.8
Main Lake Central,2018-07-15,0.395,10.05,5.05,3.48,4.0,21.0
Main Lake Central,2018-07-16,0.395,10.05,5.05,3.48,4.0,21.0
Main Lake Central,2018-07-17,0.395,10.05,5.05,3.48,4.0,21.0
Main Lake Central,2018-07-18,,,,,,
Main Lake Central,2018-07-19,,,,,,
Main Lake Central,2018-07-20,0.43,9.033333333333333,6.125,5.255,5.35,21.799999999999997
Main Lake Central,2018-07-22,0.43,9.033333333333333,6.125,5.255,5.35,21.799999999999997
Main Lake Central,2018-07-23,0.43,9.033333333333333,6.125,5.255,5.35,21.799999999999997
Main Lake Central,2018-07-24,0.43,9.033333333333333,6.125,5.255,5.35,21.799999999999997
Main Lake Central,2018-07-25,0.43,9.033333333333333,6.125,5.255,5.35,21.799999999999997
Main Lake Central,2018-07-26,0.43,9.033333333333333,6.125,5.255,5.35,21.799999999999997
Main Lake Central,2018-07-27,,,,,,
Main Lake Central,2018-07-28,,,,,,
Main Lake Central,2018-07-29,,,,,,
Main Lake Central,2018-07-30,,,,,,
Main Lake Central,2018-07-31,,,,,,
Main Lake Central,2018-08-01,,,,,,
Main Lake Central,2018-08-02,,,,,,
Main Lake Central,2018-08-03,,,,,,
Main Lake Central,2018-08-04,0.385,12.0,5.95,2.27,5.5,23.2
Main Lake Central,2018-08-05,0.385,12.0,5.95,2.27,5.5,23.2
Main Lake Central,2018-08-06,0.385,12.0,5.95,2.27,5.5,23.2
Main Lake Central,2018-08-07,0.385,12.0,5.95,2.27,5.5,23.2
Main Lake Central,2018-08-08,0.385,12.0,5.95,2.27,5.5,23.2
Main Lake Central,2018-08-09,0.385,12.0,5.95,2.27,5.5,23.2
Main Lake Central,2018-08-10,0.385,12.0,5.95,2.27,5.5,23.2
Main Lake Central,2018-08-12,,,,,,
Main Lake Central,2018-08-13,,,,,,
Main Lake Central,2018-08-14,,,,,,
Main Lake Central,2018-08-15,,,,,,
Main Lake Central,2018-08-16,,,,,,
Main Lake Central,2018-08-17,0.32,9.85,5.6,0.57,6.0,24.6
Main Lake Central,2018-08-19,0.32,9.85,5.6,0.57,6.0,24.6
Main Lake Central,2018-08-20,0.32,9.85,5.6,0.57,6.0,24.6
Main Lake Central,2018-08-21,0.32,9.85,5.6,0.57,6.0,24.6
Main Lake Central,2018-08-22,0.345,10.100000000000001,6.4,1.16,5.3,23.9
Main Lake Central,2018-08-23,0.345,10.100000000000001,6.4,1.16,5.3,23.9
Main Lake Central,2018-08-26,0.37,10.350000000000001,7.2,1.75,4.6,23.2
Main Lake Central,2018-08-27,0.37,10.350000000000001,7.2,1.75,4.6,23.2
Main Lake Central,2018-08-28,0.37,10.350000000000001,7.2,1.75,4.6,23.2
Main Lake Central,2018-08-29,,,,,,
Main Lake Central,2018-09-02,0.365,10.2,5.9,3.77,5.5,22.2
Main Lake Central,2018-09-04,0.365,10.2,5.9,3.77,5.5,22.2
Main Lake Central,2018-09-05,0.365,10.2,5.9,3.77,5.5,22.2
Main Lake Central,2018-09-06,0.365,10.2,5.9,3.77,5.5,22.2
Main Lake Central,2018-09-07,0.365,10.2,5.9,3.77,5.5,22.2
Main Lake Central,2018-09-09,0.385,9.6,6.050000000000001,2.98,5.0,22.1
Main Lake Central,2018-09-10,0.385,9.6,6.050000000000001,2.98,5.0,22.1
Main Lake Central,2018-09-11,0.385,9.6,6.050000000000001,2.98,5.0,22.1
Main Lake Central,2018-09-12,0.385,9.6,6.050000000000001,2.98,5.0,22.1
Main Lake Central,2018-09-14,0.38,10.125,6.4,4.47,4.6,21.35
Main Lake Central,2018-09-15,0.375,10.649999999999999,6.75,5.96,4.2,20.6
Main Lake Central,2018-09-16,0.375,10.649999999999999,6.75,5.96,4.2,20.6
Main Lake Central,2018-09-17,0.375,10.649999999999999,6.75,5.96,4.2,20.6
Main Lake Central,2018-09-18,0.375,10.649999999999999,6.75,5.96,4.2,20.6
Main Lake Central,2018-09-19,0.375,10.649999999999999,6.75,5.96,4.2,20.6
Main Lake Central,2018-09-20,,,,,,
Main Lake Central,2018-09-21,,,,,,
Main Lake Central,2018-09-24,,,,,,
Main Lake Central,2018-09-26,,,,,,
Main Lake Central,2018-10-03,0.39,11.7,7.775,2.665,6.35,16.35
Main Lake Central,2018-10-04,0.39,11.7,7.775,2.665,6.35,16.35
Main Lake Central,2018-10-06,0.35,12.2,5.2,4.1,6.0,15.4
Main Lake Central,2018-10-10,0.35,12.2,5.2,4.1,6.0,15.4
Main Lake Central,2018-10-15,,,,,,
Main Lake Central,2019-06-04,0.48,18.0,8.0,,4.3,11.1
Main Lake Central,2019-06-05,0.48,18.0,8.0,7.3,4.3,11.1
Main Lake Central,2019-06-10,0.44,16.0,8.0,7.29,2.6,11.1
Main Lake Central,2019-06-15,0.41,16.0,6.0,9.43,3.5,16.7
Main Lake Central,2019-06-17,0.41,16.0,6.0,9.43,3.5,16.7
Main Lake Central,2019-06-18,0.41,16.0,6.0,9.43,3.5,16.7
Main Lake Central,2019-06-19,0.41,16.0,6.0,9.43,3.5,16.7
Main Lake Central,2019-06-21,,,,,,
Main Lake Central,2019-06-22,,,,,,
Main Lake Central,2019-06-23,,,,,,
Main Lake Central,2019-06-24,,,,,,
Main Lake Central,2019-06-25,0.41000000000000003,11.25,6.5,2.01,3.35,16.1
Main Lake Central,2019-06-26,0.41000000000000003,11.25,6.5,2.01,3.35,16.1
Main Lake Central,2019-06-27,0.41000000000000003,11.25,6.5,2.01,3.35,16.1
Main Lake Central,2019-06-28,0.41000000000000003,11.25,6.5,2.01,3.35,16.1
Main Lake Central,2019-06-29,0.42000000000000004,11.625,6.25,2.67,3.425,17.450000000000003
Main Lake Central,2019-06-30,0.42000000000000004,11.625,6.25,2.67,3.425,17.450000000000003
Main Lake Central,2019-07-01,0.42000000000000004,11.625,6.25,2.67,3.425,17.450000000000003
Main Lake Central,2019-07-02,0.43000000000000005,12.0,6.0,3.33,3.5,18.8
Main Lake Central,2019-07-03,0.43000000000000005,12.0,6.0,3.33,3.5,18.8
Main Lake Central,2019-07-04,0.41750000000000004,12.0,7.25,3.995,3.35,20.05
Main Lake Central,2019-07-05,0.41750000000000004,12.0,7.25,3.995,3.35,20.05
Main Lake Central,2019-07-06,0.405,12.0,8.5,4.66,3.2,21.3
Main Lake Central,2019-07-07,0.405,12.0,8.5,4.66,3.2,21.3
Main Lake Central,2019-07-08,0.405,12.0,8.5,4.66,3.2,21.3
Main Lake Central,2019-07-09,0.405,12.0,8.5,4.66,3.2,21.3
Main Lake Central,2019-07-10,0.405,12.0,8.5,4.66,3.2,21.3
Main Lake Central,2019-07-11,,,,,,
Main Lake Central,2019-07-12,,,,,,
Main Lake Central,2019-07-13,0.35,15.0,8.5,8.31,2.6,22.3
Main Lake Central,2019-07-14,0.35,15.0,8.5,8.31,2.6,22.3
Main Lake Central,2019-07-15,0.35,15.0,8.5,8.31,2.6,22.3
Main Lake Central,2019-07-16,0.35,15.0,8.5,8.31,2.6,22.3
Main Lake Central,2019-07-17,0.35,15.0,8.5,8.31,2.6,22.3
Main Lake Central,2019-07-18,0.35,15.0,8.5,8.31,2.6,22.3
Main Lake Central,2019-07-19,0.35,15.0,8.5,8.31,2.6,22.3
Main Lake Central,2019-07-20,,,,,,
Main Lake Central,2019-07-21,,,,,,
Main Lake Central,2019-07-22,,,,,,
Main Lake Central,2019-07-23,,,,,,
Main Lake Central,2019-07-24,0.385,12.0,7.5,1.67,4.2,23.1
Main Lake Central,2019-07-25,0.385,12.0,7.5,1.67,4.2,23.1
Main Lake Central,2019-07-26,0.385,12.0,7.5,1.67,4.2,23.1
Main Lake Central,2019-07-27,0.385,12.0,7.5,1.67,4.2,23.1
Main Lake Central,2019-07-28,0.385,12.0,7.5,1.67,4.2,23.1
Main Lake Central,2019-07-29,0.385,12.0,7.5,1.67,4.2,23.1
Main Lake Central,2019-07-30,0.385,12.0,7.5,1.67,4.2,23.1
Main Lake Central,2019-07-31,0.38,17.5,8.5,3.65,4.0,23.9
Main Lake Central,2019-08-01,0.38,17.5,8.5,3.65,4.0,23.9
Main Lake Central,2019-08-02,0.38,17.5,8.5,3.65,4.0,23.9
Main Lake Central,2019-08-04,0.38,17.5,8.5,3.65,4.0,23.9
Main Lake Central,2019-08-05,0.38,17.5,8.5,3.65,4.0,23.9
Main Lake Central,2019-08-06,0.38,17.5,8.5,3.65,4.0,23.9
Main Lake Central,2019-08-07,,,,,,
Main Lake Central,2019-08-08,,,,,,
Main Lake Central,2019-08-09,,,,,,
Main Lake Central,2019-08-11,,,,,,
Main Lake Central,2019-08-12,,,,,,
Main Lake Central,2019-08-13,,,,,,
Main Lake Central,2019-08-14,0.39,10.25,8.25,4.775,4.1,22.4
Main Lake Central,2019-08-15,0.39,10.25,8.25,4.775,4.1,22.4
Main Lake Central,2019-08-16,0.39,10.25,8.25,4.775,4.1,22.4
Main Lake Central,2019-08-17,0.39,10.25,8.25,4.775,4.1,22.4
Main Lake Central,2019-08-18,0.39,10.25,8.25,4.775,4.1,22.4
Main Lake Central,2019-08-19,0.39,10.25,8.25,4.775,4.1,22.4
Main Lake Central,2019-08-20,0.39,10.25,8.25,4.775,4.1,22.4
Main Lake Central,2019-08-21,,,,,,
Main Lake Central,2019-08-22,,,,,,
Main Lake Central,2019-08-23,0.31,5.0,14.0,6.6,4.1,23.0
Main Lake Central,2019-08-25,0.31,5.0,14.0,6.6,4.1,23.0
Main Lake Central,2019-08-26,0.31,5.0,14.0,6.6,4.1,23.0
Main Lake Central,2019-08-27,0.31,5.0,14.0,6.6,4.1,23.0
Main Lake Central,2019-08-28,0.315,8.0,10.0,8.285,3.9,22.45
Main Lake Central,2019-08-29,0.315,8.0,10.0,8.285,3.9,22.45
Main Lake Central,2019-08-30,0.4,13.5,7.0,9.34,3.9,20.9
Main Lake Central,2019-08-31,0.4,13.5,7.0,9.34,3.9,20.9
Main Lake Central,2019-09-01,0.4,13.5,7.0,9.34,3.9,20.9
Main Lake Central,2019-09-02,0.4,13.5,7.0,9.34,3.9,20.9
Main Lake Central,2019-09-03,0.4,13.5,7.0,9.34,3.9,20.9
Main Lake Central,2019-09-04,0.4,13.5,7.0,9.34,3.9,20.9
Main Lake Central,2019-09-05,0.4,13.5,7.0,9.34,3.9,20.9
Main Lake Central,2019-09-08,0.395,10.5,10.5,6.23,4.9,19.3
Main Lake Central,2019-09-09,0.395,10.5,10.5,6.23,4.9,19.3
Main Lake Central,2019-09-10,0.395,10.5,10.5,6.23,4.9,19.3
Main Lake Central,2019-09-11,0.395,10.5,10.5,6.23,4.9,19.3
Main Lake Central,2019-09-12,0.395,10.5,10.5,6.23,4.9,19.3
Main Lake Central,2019-09-15,,,,,,
Main Lake Central,2019-09-16,,,,,,
Main Lake Central,2019-09-17,0.4,11.0,10.0,4.02,4.5,16.4
Main Lake Central,2019-09-18,0.41500000000000004,12.5,10.5,3.3899999999999997,5.05,16.2
Main Lake Central,2019-09-19,0.41500000000000004,12.5,10.5,3.3899999999999997,5.05,16.2
Main Lake Central,2019-09-21,0.41500000000000004,12.5,10.5,3.3899999999999997,5.05,16.2
Main Lake Central,2019-09-22,0.41500000000000004,12.5,10.5,3.3899999999999997,5.05,16.2
Main Lake Central,2019-09-23,0.41500000000000004,12.5,10.5,3.3899999999999997,5.05,16.2
Main Lake Central,2019-09-24,0.43,14.0,11.0,2.76,5.6,16.0
Main Lake Central,2019-09-25,,,,,,
Main Lake Central,2019-09-26,,,,,,
Main Lake Central,2019-09-28,,,,,,
Main Lake Central,2019-09-30,,,,,,
Main Lake Central,2019-10-01,0.42,12.0,7.0,5.41,6.3,16.2
Main Lake Central,2019-10-02,0.42,12.0,7.0,5.41,6.3,16.2
Main Lake Central,2019-10-03,0.42,12.0,7.0,5.41,6.3,16.2
Main Lake Central,2019-10-05,0.42,12.0,7.0,5.41,6.3,16.2
Main Lake Central,2019-10-06,0.42,12.0,7.0,5.41,6.3,16.2
Main Lake Central,2019-10-07,0.42,12.0,7.0,5.41,6.3,16.2
Main Lake Central,2019-10-08,0.36,14.0,6.0,6.87,3.7,16.1
Main Lake Central,2019-10-09,,,,,,
Main Lake Central,2019-10-10,,,,,,
Main Lake Central,2019-10-12,,,,,,
Main Lake Central,2019-10-14,,,,,,
Main Lake Central,2019-10-15,,,,,,
Main Lake Central,2019-10-16,,,,,,
Main Lake Central,2019-10-19,,,,,,
Main Lake Central,2019-10-21,,,,,,
Main Lake Central,2019-10-22,,,,,,
Main Lake Central,2019-10-23,,,,,,
Main Lake Central,2019-10-24,,,,,,
Main Lake Central,2019-10-25,,,,,,
Main Lake Central,2019-10-26,0.4,11.0,8.0,3.82,5.0,11.8
Main Lake Central,2019-10-28,0.4,11.0,8.0,3.82,5.0,11.8
Main Lake Central,2019-10-29,0.4,11.0,8.0,3.82,5.0,11.8
Main Lake Central,2019-10-30,0.4,11.0,8.0,3.82,5.0,11.8
Main Lake Central,2019-10-31,0.4,11.0,8.0,3.82,5.0,11.8
Main Lake Central,2019-11-01,0.4,11.0,8.0,3.82,5.0,11.8
Main Lake Central,2019-11-04,,,,,,
Main Lake Central,2019-11-05,,,,,,
Main Lake Central,2019-11-06,,,,,,
Main Lake Central,2019-11-07,,,,,,
Main Lake Central,2019-11-08,,,,,,
Main Lake Central,2019-11-09,,,,,,
Main Lake Central,2019-11-10,,,,,,
Main Lake Central,2019-11-11,,,,,,
Main Lake Central,2019-11-12,,,,,,
Main Lake Central,2019-11-13,,,,,,
Main Lake Central,2019-11-14,,,,,,
Main Lake Central,2019-11-15,,,,,,
Main Lake Central,2020-06-15,,,,,,
Main Lake Central,2020-06-24,0.38,10.9,5.0,5.19,5.5,18.3
Main Lake Central,2020-06-26,,,,,,
Main Lake Central,2020-06-27,,,,,,
Main Lake Central,2020-06-29,,,,,,
Main Lake Central,2020-06-30,,,,,,
Main Lake Central,2020-07-01,,,,,,
Main Lake Central,2020-07-02,0.42000000000000004,11.4,7.6499999999999995,9.42,4.0,
Main Lake Central,2020-07-03,0.42000000000000004,11.4,7.6499999999999995,9.42,4.0,
Main Lake Central,2020-07-04,0.42000000000000004,11.4,7.6499999999999995,9.42,4.0,
Main Lake Central,2020-07-05,0.42000000000000004,11.4,7.6499999999999995,9.42,4.0,
Main Lake Central,2020-07-06,0.42000000000000004,11.4,7.6499999999999995,9.42,4.0,
Main Lake Central,2020-07-07,0.42000000000000004,11.4,7.6499999999999995,9.42,4.0,
Main Lake Central,2020-07-08,0.42000000000000004,11.4,7.6499999999999995,9.42,4.0,
Main Lake Central,2020-07-09,,,,,,
Main Lake Central,2020-07-10,,,,,,
Main Lake Central,2020-07-11,,,,,,
Main Lake Central,2020-07-12,,,,,,
Main Lake Central,2020-07-13,,,,,,
Main Lake Central,2020-07-14,0.39,10.35,6.5,6.22,5.5,22.8
Main Lake Central,2020-07-15,0.39,10.35,6.5,6.22,5.5,22.8
Main Lake Central,2020-07-16,0.3925,9.899999999999999,6.3,5.605,5.6,22.55
Main Lake Central,2020-07-17,0.3925,9.899999999999999,6.3,5.605,5.6,22.55
Main Lake Central,2020-07-18,0.3925,9.899999999999999,6.3,5.605,5.6,22.55
Main Lake Central,2020-07-19,0.3925,9.899999999999999,6.3,5.605,5.6,22.55
Main Lake Central,2020-07-20,0.3925,9.899999999999999,6.3,5.605,5.6,22.55
Main Lake Central,2020-07-21,0.395,9.45,6.1,4.99,5.7,22.3
Main Lake Central,2020-07-22,0.395,9.45,6.1,4.99,5.7,22.3
Main Lake Central,2020-07-23,,,,,,
Main Lake Central,2020-07-24,,,,,,
Main Lake Central,2020-07-25,0.43999999999999995,12.2,6.949999999999999,4.67,6.5,22.6
Main Lake Central,2020-07-26,0.43999999999999995,12.2,6.949999999999999,4.67,6.5,22.6
Main Lake Central,2020-07-27,0.43999999999999995,12.2,6.949999999999999,4.67,6.5,22.6
Main Lake Central,2020-07-28,0.43999999999999995,12.2,6.949999999999999,4.67,6.5,22.6
Main Lake Central,2020-07-29,0.43999999999999995,12.2,6.949999999999999,4.67,6.5,22.6
Main Lake Central,2020-07-30,0.43999999999999995,12.2,6.949999999999999,4.67,6.5,22.6
Main Lake Central,2020-07-31,0.43999999999999995,12.2,6.949999999999999,4.67,6.5,22.6
Main Lake Central,2020-08-01,,,,,,
Main Lake Central,2020-08-02,,,,,,
Main Lake Central,2020-08-03,,,,,,
Main Lake Central,2020-08-04,,,,,,
Main Lake Central,2020-08-05,,,,,,
Main Lake Central,2020-08-06,,,,,,
Main Lake Central,2020-08-07,,,,,,
Main Lake Central,2020-08-08,0.43,11.3,8.35,6.23,4.5,23.0
Main Lake Central,2020-08-09,0.43,11.3,8.35,6.23,4.5,23.0
Main Lake Central,2020-08-10,0.43,11.3,8.35,6.23,4.5,23.0
Main Lake Central,2020-08-11,0.43,11.3,8.35,6.23,4.5,23.0
Main Lake Central,2020-08-12,0.43,11.3,8.35,6.23,4.5,23.0
Main Lake Central,2020-08-13,0.43,11.3,8.35,6.23,4.5,23.0
Main Lake Central,2020-08-14,0.43,11.3,8.35,6.23,4.5,23.0
Main Lake Central,2020-08-15,0.32,18.4,6.6,4.83,4.0,24.6
Main Lake Central,2020-08-16,0.32,18.4,6.6,4.83,4.0,24.6
Main Lake Central,2020-08-17,0.32,18.4,6.6,4.83,4.0,24.6
Main Lake Central,2020-08-18,,,,,,
Main Lake Central,2020-08-19,,,,,,
Main Lake Central,2020-08-20,,,,,,
Main Lake Central,2020-08-21,0.385,11.5,6.6,6.0,4.8,23.0
Main Lake Central,2020-08-22,0.385,11.5,6.6,6.0,4.8,23.0
Main Lake Central,2020-08-23,0.385,11.5,6.6,6.0,4.8,23.0
Main Lake Central,2020-08-24,0.385,11.5,6.6,6.0,4.8,23.0
Main Lake Central,2020-08-25,0.385,11.5,6.6,6.0,4.8,23.0
Main Lake Central,2020-08-26,0.385,11.5,6.6,6.0,4.8,23.0
Main Lake Central,2020-08-27,0.385,11.5,6.6,6.0,4.8,23.0
Main Lake Central,2020-08-28,,,,,,
Main Lake Central,2020-08-29,,,,,,
Main Lake Central,2020-08-30,,,,,,
Main Lake Central,2020-08-31,,,,,,
Main Lake Central,2020-09-01,,,,,,
Main Lake Central,2020-09-02,0.385,10.7,7.0,6.9,4.6,20.7
Main Lake Central,2020-09-03,0.385,10.7,7.0,6.9,4.6,20.7
Main Lake Central,2020-09-04,0.385,10.7,7.0,6.9,4.6,20.7
Main Lake Central,2020-09-05,0.385,10.7,7.0,6.9,4.6,20.7
Main Lake Central,2020-09-06,0.385,10.7,7.0,6.9,4.6,20.7
Main Lake Central,2020-09-07,0.385,10.7,7.0,6.9,4.6,20.7
Main Lake Central,2020-09-08,0.385,10.7,7.0,6.9,4.6,20.7
Main Lake Central,2020-09-09,,,,,,
Main Lake Central,2020-09-10,,,,,,
Main Lake Central,2020-09-11,,,,,,
Main Lake Central,2020-09-13,,,,,,
Main Lake Central,2020-09-14,,,,,,
Main Lake Central,2020-09-16,,,,,,
Main Lake Central,2020-09-17,,,,,,
Main Lake Central,2020-09-18,,,,,,
Main Lake Central,2020-09-19,,,,,,
Main Lake Central,2020-09-20,,,,,,
Main Lake Central,2020-09-21,,,,,,
Main Lake Central,2020-09-22,,,,,,
Main Lake Central,2020-09-23,0.41,11.9,8.5,4.27,10.0,15.8
Main Lake Central,2020-09-24,0.41500000000000004,11.25,8.3,4.6899999999999995,7.6,15.850000000000001
Main Lake Central,2020-09-25,0.41500000000000004,11.25,8.3,4.6899999999999995,7.6,15.850000000000001
Main Lake Central,2020-09-26,0.41500000000000004,11.25,8.3,4.6899999999999995,7.6,15.850000000000001
Main Lake Central,2020-09-27,0.41500000000000004,11.25,8.3,4.6899999999999995,7.6,15.850000000000001
Main Lake Central,2020-09-28,0.41500000000000004,11.25,8.3,4.6899999999999995,7.6,15.850000000000001
Main Lake Central,2020-09-29,0.41500000000000004,11.25,8.3,4.6899999999999995,7.6,15.850000000000001
Main Lake Central,2020-09-30,0.42000000000000004,10.600000000000001,8.1,5.11,5.2,15.9
Main Lake Central,2020-10-01,,,,,,
Main Lake Central,2020-10-02,,,,,,
Main Lake Central,2020-10-03,,,,,,
Main Lake Central,2020-10-04,,,,,,
Main Lake Central,2020-10-05,,,,,,
Main Lake Central,2020-10-07,,,,,,
Main Lake Central,2020-10-08,,,,,,
Main Lake Central,2020-10-09,,,,,,
Main Lake Central,2020-10-11,0.32,10.3,5.5,2.68,6.7,14.5
Main Lake Central,2020-10-12,0.32,10.3,5.5,2.68,6.7,14.5
Main Lake Central,2020-10-14,0.32,10.3,5.5,2.68,6.7,14.5
Main Lake Central,2020-10-15,0.39,12.2,7.4,2.54,6.8,13.9
Main Lake Central,2020-10-16,0.39,12.2,7.4,2.54,6.8,13.9
Main Lake Central,2020-10-18,0.39,12.2,7.4,2.54,6.8,13.9
Main Lake Central,2020-10-19,0.39,12.2,7.4,2.54,6.8,13.9
Main Lake Central,2020-10-20,0.39,12.2,7.4,2.54,6.8,13.9
Main Lake Central,2020-10-21,0.39,12.2,7.4,2.54,6.8,13.9
Main Lake Central,2020-10-22,,,,,,
Main Lake Central,2020-10-23,0.42,11.3,9.3,2.47,8.4,13.2
Main Lake Central,2020-10-25,0.42,11.3,9.3,2.47,8.4,13.2
Main Lake Central,2020-10-26,0.42,11.3,9.3,2.47,8.4,13.2
Main Lake Central,2020-10-28,0.42,11.3,9.3,2.47,8.4,13.2
Main Lake Central,2020-10-29,0.42,11.3,9.3,2.47,8.4,13.2
Main Lake Central,2020-10-30,,,,,,
Main Lake Central,2020-11-01,,,,,,
Main Lake Central,2020-11-04,,,,,,
Main Lake Central,2020-11-05,,,,,,
Main Lake Central,2021-06-20,,,,,,
Main Lake Central,2021-06-21,,,,,,
Main Lake Central,2021-06-22,,,,,,
Main Lake Central,2021-06-23,,,,,,
Main Lake Central,2021-06-24,0.375,8.600000000000001,5.4,2.41,7.1,17.4
Main Lake Central,2021-06-25,0.375,8.600000000000001,5.4,2.41,7.1,17.4
Main Lake Central,2021-06-26,0.375,8.600000000000001,5.4,2.41,7.1,17.4
Main Lake Central,2021-06-27,0.375,8.600000000000001,5.4,2.41,7.1,17.4
Main Lake Central,2021-06-28,0.375,8.600000000000001,5.4,2.41,7.1,17.4
Main Lake Central,2021-06-29,0.375,8.600000000000001,5.4,2.41,7.1,17.4
Main Lake Central,2021-06-30,0.375,8.600000000000001,5.4,2.41,7.1,17.4
Main Lake Central,2021-07-01,,,,,,
Main Lake Central,2021-07-02,0.36,8.55,5.0,4.51,4.5,20.1
Main Lake Central,2021-07-03,0.36,8.55,5.0,4.51,4.5,20.1
Main Lake Central,2021-07-04,0.36,8.55,5.0,4.51,4.5,20.1
Main Lake Central,2021-07-05,0.36,8.55,5.0,4.51,4.5,20.1
Main Lake Central,2021-07-06,0.36,8.55,5.0,4.51,4.5,20.1
Main Lake Central,2021-07-07,0.36,8.55,5.0,4.51,4.5,20.1
Main Lake Central,2021-07-08,0.36,8.55,5.0,4.51,4.5,20.1
Main Lake Central,2021-07-09,0.345,9.600000000000001,5.15,5.22,5.1,18.9
Main Lake Central,2021-07-10,0.345,9.600000000000001,5.15,5.22,5.1,18.9
Main Lake Central,2021-07-11,0.345,9.600000000000001,5.15,5.22,5.1,18.9
Main Lake Central,2021-07-12,0.345,9.600000000000001,5.15,5.22,5.1,18.9
Main Lake Central,2021-07-13,0.3575,9.825000000000001,5.325,4.165,5.25,19.4
Main Lake Central,2021-07-14,0.3575,9.825000000000001,5.325,4.165,5.25,19.4
Main Lake Central,2021-07-15,0.3575,9.825000000000001,5.325,4.165,5.25,19.4
Main Lake Central,2021-07-16,0.37,10.05,5.5,3.11,5.4,19.9
Main Lake Central,2021-07-17,0.37,10.05,5.5,3.11,5.4,19.9
Main Lake Central,2021-07-18,0.37,10.05,5.5,3.11,5.4,19.9
Main Lake Central,2021-07-19,0.37,10.05,5.5,3.11,5.4,19.9
Main Lake Central,2021-07-20,,,,,,
Main Lake Central,2021-07-21,,,,,,
Main Lake Central,2021-07-22,,,,,,
Main Lake Central,2021-07-23,,,,,,
Main Lake Central,2021-07-24,,,,,,
Main Lake Central,2021-07-25,,,,,,
Main Lake Central,2021-07-26,,,,,,
Main Lake Central,2021-07-27,0.37,10.3,5.6499999999999995,6.34,3.6,20.6
Main Lake Central,2021-07-28,0.37,10.3,5.6499999999999995,6.34,3.6,20.6
Main Lake Central,2021-07-29,0.3675,9.6,5.6,4.99,4.05,21.05
Main Lake Central,2021-07-30,0.3675,9.6,5.6,4.99,4.05,21.05
Main Lake Central,2021-07-31,0.3675,9.6,5.6,4.99,4.05,21.05
Main Lake Central,2021-08-01,0.3675,9.6,5.6,4.99,4.05,21.05
Main Lake Central,2021-08-02,0.3675,9.6,5.6,4.99,4.05,21.05
Main Lake Central,2021-08-03,0.365,8.899999999999999,5.55,3.64,4.5,21.5
Main Lake Central,2021-08-04,0.365,8.899999999999999,5.55,3.64,4.5,21.5
Main Lake Central,2021-08-05,,,,,,
Main Lake Central,2021-08-06,,,,,,
Main Lake Central,2021-08-08,,,,,,
Main Lake Central,2021-08-09,,,,,,
Main Lake Central,2021-08-10,,,,,,
Main Lake Central,2021-08-11,,,,,,
Main Lake Central,2021-08-12,,,,,,
Main Lake Central,2021-08-13,,,,,,
Main Lake Central,2021-08-14,0.375,10.6,12.100000000000001,5.67,4.8,23.0
Main Lake Central,2021-08-15,0.375,10.6,12.100000000000001,5.67,4.8,23.0
Main Lake Central,2021-08-16,0.375,10.6,12.100000000000001,5.67,4.8,23.0
Main Lake Central,2021-08-17,0.38,9.55,9.325000000000001,5.085,5.15,22.8
Main Lake Central,2021-08-18,0.38,9.55,9.325000000000001,5.085,5.15,22.8
Main Lake Central,2021-08-19,0.38,9.55,9.325000000000001,5.085,5.15,22.8
Main Lake Central,2021-08-20,0.38,9.55,9.325000000000001,5.085,5.15,22.8
Main Lake Central,2021-08-21,0.385,8.5,6.550000000000001,4.5,5.5,22.6
Main Lake Central,2021-08-22,0.385,8.5,6.550000000000001,4.5,5.5,22.6
Main Lake Central,2021-08-23,0.385,8.5,6.550000000000001,4.5,5.5,22.6
Main Lake Central,2021-08-24,,,,,,
Main Lake Central,2021-08-25,,,,,,
Main Lake Central,2021-08-26,,,,,,
Main Lake Central,2021-08-27,0.35,9.55,7.050000000000001,3.3,6.3,24.9
Main Lake Central,2021-08-29,0.35,9.55,7.050000000000001,3.3,6.3,24.9
Main Lake Central,2021-08-30,0.35,9.55,7.050000000000001,3.3,6.3,24.9
Main Lake Central,2021-08-31,0.35,9.55,7.050000000000001,3.3,6.3,24.9
Main Lake Central,2021-09-01,0.35,9.55,7.050000000000001,3.3,6.3,24.9
Main Lake Central,2021-09-02,0.35,9.55,7.050000000000001,3.3,6.3,24.9
Main Lake Central,2021-09-03,,,,,,
Main Lake Central,2021-09-04,0.365,15.05,6.6,3.68,5.1,21.2
Main Lake Central,2021-09-05,0.365,15.05,6.6,3.68,5.1,21.2
Main Lake Central,2021-09-06,0.365,15.05,6.6,3.68,5.1,21.2
Main Lake Central,2021-09-07,0.365,15.05,6.6,3.68,5.1,21.2
Main Lake Central,2021-09-08,0.365,15.05,6.6,3.68,5.1,21.2
Main Lake Central,2021-09-09,0.365,15.05,6.6,3.68,5.1,21.2
Main Lake Central,2021-09-10,0.365,15.05,6.6,3.68,5.1,21.2
Main Lake Central,2021-09-12,0.35,12.4,8.1,4.36,4.3,20.4
Main Lake Central,2021-09-13,0.35,12.4,8.1,4.36,4.3,20.4
Main Lake Central,2021-09-14,0.35,12.4,8.1,4.36,4.3,20.4
Main Lake Central,2021-09-15,0.365,9.9,6.95,4.45,6.4,19.7
Main Lake Central,2021-09-16,0.365,9.9,6.95,4.45,6.4,19.7
Main Lake Central,2021-09-17,0.365,9.9,6.95,4.45,6.4,19.7
Main Lake Central,2021-09-18,0.365,9.9,6.95,4.45,6.4,19.7
Main Lake Central,2021-09-19,0.365,9.9,6.95,4.45,6.4,19.7
Main Lake Central,2021-09-20,0.365,9.9,6.95,4.45,6.4,19.7
Main Lake Central,2021-09-21,0.365,9.9,6.95,4.45,6.4,19.7
Main Lake Central,2021-09-22,,,,,,
Main Lake Central,2021-09-23,,,,,,
Main Lake Central,2021-09-24,0.37,10.45,6.55,3.3,6.1,19.0
Main Lake Central,2021-09-25,0.37,10.45,6.55,3.3,6.1,19.0
Main Lake Central,2021-09-26,0.37,10.45,6.55,3.3,6.1,19.0
Main Lake Central,2021-09-27,0.37,10.45,6.55,3.3,6.1,19.0
Main Lake Central,2021-09-28,0.37,10.45,6.55,3.3,6.1,19.0
Main Lake Central,2021-09-29,0.37,10.45,6.55,3.3,6.1,19.0
Main Lake Central,2021-09-30,0.37,10.45,6.55,3.3,6.1,19.0
Main Lake Central,2021-10-02,0.37,10.5,7.45,2.93,6.2,17.5
Main Lake Central,2021-10-03,0.37,10.5,7.45,2.93,6.2,17.5
Main Lake Central,2021-10-04,0.37,10.5,7.45,2.93,6.2,17.5
Main Lake Central,2021-10-05,0.37,10.5,7.45,2.93,6.2,17.5
Main Lake Central,2021-10-06,0.37,10.5,7.45,2.93,6.2,17.5
Main Lake Central,2021-10-07,0.37,10.5,7.45,2.93,6.2,17.5
Main Lake Central,2021-10-08,0.38,9.4,6.65,3.2199999999999998,6.1,17.3
Main Lake Central,2021-10-09,0.39249999999999996,9.525,6.449999999999999,3.88,6.25,17.200000000000003
Main Lake Central,2021-10-10,0.39249999999999996,9.525,6.449999999999999,3.88,6.25,17.200000000000003
Main Lake Central,2021-10-11,0.39249999999999996,9.525,6.449999999999999,3.88,6.25,17.200000000000003
Main Lake Central,2021-10-12,0.39249999999999996,9.525,6.449999999999999,3.88,6.25,17.200000000000003
Main Lake Central,2021-10-13,0.39249999999999996,9.525,6.449999999999999,3.88,6.25,17.200000000000003
Main Lake Central,2021-10-14,0.39249999999999996,9.525,6.449999999999999,3.88,6.25,17.200000000000003
Main Lake Central,2021-10-15,0.39499999999999996,10.75,7.05,4.25,6.5,17.3
Main Lake Central,2021-10-16,,,,,,
Main Lake Central,2021-10-18,,,,,,
Main Lake Central,2021-10-19,,,,,,
Main Lake Central,2021-10-20,,,,,,
Main Lake Central,2021-10-21,,,,,,
Main Lake Central,2021-10-22,,,,,,
Main Lake Central,2021-10-24,,,,,,
Main Lake Central,2021-10-25,,,,,,
Main Lake Central,2021-10-26,,,,,,
Main Lake Central,2021-10-27,,,,,,
Main Lake Central,2021-10-28,,,,,,
Main Lake Central,2021-10-29,,,,,,
Main Lake Central,2021-10-30,,,,,,
Main Lake Central,2021-11-02,,,,,,
Main Lake Central,2021-11-03,,,,,,
Main Lake Central,2021-11-04,,,,,,
Main Lake Central,2021-11-05,,,,,,
Main Lake Central,2021-11-07,,,,,,
Main Lake Central,2021-11-09,,,,,,
Main Lake Central,2021-11-10,,,,,,
Main Lake Central,2021-11-11,,,,,,
Main Lake Central,2021-11-12,,,,,,
Main Lake Central,2021-11-14,,,,,,
Main Lake Central,2021-11-15,,,,,,
Main Lake Central,2021-11-18,,,,,,
Main Lake Central,2021-11-19,,,,,,
Main Lake Central,2022-06-20,0.22,10.35,7.4,6.33,3.1,
Main Lake Central,2022-06-21,0.22,10.35,7.4,6.33,3.1,
Main Lake Central,2022-06-22,,,,,,
Main Lake Central,2022-06-23,,,,,,
Main Lake Central,2022-06-24,,,,,,
Main Lake Central,2022-06-25,,,,,,
Main Lake Central,2022-06-26,,,,,,
Main Lake Central,2022-06-27,,,,,,
Main Lake Central,2022-06-28,,,,,,
Main Lake Central,2022-06-29,,,,,,
Main Lake Central,2022-06-30,,,,,,
Main Lake Central,2022-07-01,,,,,,
Main Lake Central,2022-07-02,,,,,,
Main Lake Central,2022-07-03,,,,,,
Main Lake Central,2022-07-04,,,,,,
Main Lake Central,2022-07-05,,,,,,
Main Lake Central,2022-07-06,,,,,,
Main Lake Central,2022-07-07,,,,,,
Main Lake Central,2022-07-08,,,,,,
Main Lake Central,2022-07-09,,,,,,
Main Lake Central,2022-07-10,,,,,,
Main Lake Central,2022-07-11,,,,,,
Main Lake Central,2022-07-12,,,,,,
Main Lake Central,2022-07-13,,,,,,
Main Lake Central,2022-07-14,0.485,17.7,7.25,11.4,2.65,
Main Lake Central,2022-07-15,0.4475,14.95,7.3,11.100000000000001,2.65,
Main Lake Central,2022-07-16,0.4475,14.95,7.3,11.100000000000001,2.65,
Main Lake Central,2022-07-17,0.4475,14.95,7.3,11.100000000000001,2.65,
Main Lake Central,2022-07-18,0.4475,14.95,7.3,11.100000000000001,2.65,
Main Lake Central,2022-07-19,0.4475,14.95,7.3,11.100000000000001,2.65,
Main Lake Central,2022-07-20,0.4475,14.95,7.3,11.100000000000001,2.65,
Main Lake Central,2022-07-21,0.39,12.275000000000002,7.75,6.755000000000001,6.2,
Main Lake Central,2022-07-22,0.37,12.350000000000001,8.15,2.71,6.2,
Main Lake Central,2022-07-24,0.37,12.350000000000001,8.15,2.71,6.2,
Main Lake Central,2022-07-25,0.37,12.350000000000001,8.15,2.71,6.2,
Main Lake Central,2022-07-26,0.37,12.350000000000001,8.15,2.71,6.2,
Main Lake Central,2022-07-27,0.37,12.350000000000001,8.15,2.71,6.2,
Main Lake Central,2022-07-28,0.365,11.850000000000001,7.75,4.22,5.5,
Main Lake Central,2022-07-29,0.365,11.850000000000001,7.75,4.22,5.5,
Main Lake Central,2022-07-30,0.365,11.850000000000001,7.75,4.22,5.5,
Main Lake Central,2022-07-31,0.365,11.850000000000001,7.75,4.22,5.5,
Main Lake Central,2022-08-01,0.365,11.850000000000001,7.75,4.22,5.5,
Main Lake Central,2022-08-02,0.365,11.850000000000001,7.75,4.22,5.5,
Main Lake Central,2022-08-03,0.365,11.850000000000001,7.75,4.22,5.5,
Main Lake Central,2022-08-04,0.445,12.149999999999999,6.550000000000001,2.67,6.6,
Main Lake Central,2022-08-05,0.445,12.149999999999999,6.550000000000001,2.67,6.6,
Main Lake Central,2022-08-06,0.51,12.0,11.5,3.7,6.2,
Main Lake Central,2022-08-07,0.51,12.0,11.5,3.7,6.2,
Main Lake Central,2022-08-08,0.51,12.0,11.5,3.7,6.2,
Main Lake Central,2022-08-09,0.51,12.0,11.5,3.7,6.2,
Main Lake Central,2022-08-10,0.51,12.0,11.5,3.7,6.2,
Main Lake Central,2022-08-11,0.4375,11.35,8.8,3.93,5.95,
Main Lake Central,2022-08-12,0.4375,11.35,8.8,3.93,5.95,
Main Lake Central,2022-08-13,0.365,10.7,6.1,4.16,5.7,
Main Lake Central,2022-08-14,0.365,10.7,6.1,4.16,5.7,
Main Lake Central,2022-08-15,0.365,10.7,6.1,4.16,5.7,
Main Lake Central,2022-08-16,0.365,10.7,6.1,4.16,4.65,
Main Lake Central,2022-08-17,0.365,10.7,6.1,4.16,4.65,
Main Lake Central,2022-08-18,0.45000000000000007,11.75,5.0,3.04,3.6,
Main Lake Central,2022-08-19,0.45000000000000007,11.75,5.0,3.04,3.6,
Main Lake Central,2022-08-20,0.45000000000000007,11.75,5.0,3.04,3.6,
Main Lake Central,2022-08-21,0.45000000000000007,11.75,5.0,3.04,3.6,
Main Lake Central,2022-08-22,0.45000000000000007,11.75,5.0,3.04,3.6,
Main Lake Central,2022-08-23,,,,,,
Main Lake Central,2022-08-24,0.34,13.3,7.4,5.25,4.0,
Main Lake Central,2022-08-25,0.5800000000000001,11.350000000000001,8.5,6.15,3.7,
Main Lake Central,2022-08-26,0.5800000000000001,11.350000000000001,8.5,6.15,3.7,
Main Lake Central,2022-08-27,0.5800000000000001,11.350000000000001,8.5,6.15,3.7,
Main Lake Central,2022-08-28,0.5800000000000001,11.350000000000001,8.5,6.15,3.7,
Main Lake Central,2022-08-29,0.5800000000000001,11.350000000000001,8.5,6.15,3.7,
Main Lake Central,2022-08-30,0.5800000000000001,11.350000000000001,8.5,6.15,3.7,
Main Lake Central,2022-08-31,0.5800000000000001,11.350000000000001,8.5,6.15,3.7,
Main Lake Central,2022-09-01,,,,,,
Main Lake Central,2022-09-02,,,,,,
Main Lake Central,2022-09-03,,,,,,
Main Lake Central,2022-09-04,,,,,,
Main Lake Central,2022-09-05,,,,,,
Main Lake Central,2022-09-06,,,,,,
Main Lake Central,2022-09-07,,,,,,
Main Lake Central,2022-09-08,0.37,9.899999999999999,7.75,4.07,5.3,
Main Lake Central,2022-09-09,0.37,9.899999999999999,7.75,4.07,5.3,
Main Lake Central,2022-09-10,0.37,9.899999999999999,7.75,4.07,5.3,
Main Lake Central,2022-09-11,0.37,9.899999999999999,7.75,4.07,5.3,
Main Lake Central,2022-09-12,0.37,9.899999999999999,7.75,4.07,5.3,
Main Lake Central,2022-09-13,0.365,10.1,7.15,5.73,5.05,
Main Lake Central,2022-09-14,0.365,10.1,7.15,5.73,5.05,
Main Lake Central,2022-09-15,0.36,10.3,6.550000000000001,7.39,4.8,
Main Lake Central,2022-09-16,0.36,10.3,6.550000000000001,7.39,4.8,
Main Lake Central,2022-09-17,0.36,10.3,6.550000000000001,7.39,4.8,
Main Lake Central,2022-09-18,0.36,10.3,6.550000000000001,7.39,4.8,
Main Lake Central,2022-09-19,0.36,10.3,6.550000000000001,7.39,4.8,
Main Lake Central,2022-09-20,,,,,,
Main Lake Central,2022-09-21,,,,,,
Main Lake Central,2022-09-22,0.37,11.899999999999999,17.6,,4.5,
Main Lake Central,2022-09-24,0.37,11.899999999999999,17.6,,4.5,
Main Lake Central,2022-09-25,0.37,11.899999999999999,17.6,,4.5,
Main Lake Central,2022-09-26,0.37,11.899999999999999,17.6,,4.5,
Main Lake Central,2022-09-27,0.37,11.899999999999999,17.6,,4.5,
Main Lake Central,2022-09-28,0.37,11.899999999999999,17.6,,4.5,
Main Lake Central,2022-09-29,,,,,,
Main Lake Central,2022-09-30,,,,,,
Main Lake Central,2022-10-01,,,,,,
Main Lake Central,2022-10-02,,,,,,
Main Lake Central,2022-10-03,,,,,,
Main Lake Central,2022-10-04,,,,,,
Main Lake Central,2022-10-05,,,,,,
Main Lake Central,2022-10-06,0.4,9.9,12.0,4.8,5.6,
Main Lake Central,2022-10-07,0.4,9.9,12.0,4.8,5.6,
Main Lake Central,2022-10-08,0.4,9.9,12.0,4.8,5.6,
Main Lake Central,2022-10-09,0.4,9.9,12.0,4.8,5.6,
Main Lake Central,2022-10-11,0.4,9.9,12.0,4.8,5.6,
Main Lake Central,2022-10-12,0.4,9.9,12.0,4.8,5.6,
Main Lake Central,2022-10-13,,,,,,
Main Lake Central,2022-10-14,,,,,,
Main Lake Central,2022-10-18,,,,,,
Main Lake Central,2022-10-19,0.38499999999999995,10.95,6.65,4.6,4.5,
Main Lake Central,2022-10-21,0.38499999999999995,10.95,6.65,4.6,4.5,
Main Lake Central,2022-10-22,0.38499999999999995,10.95,6.65,4.6,4.5,
Main Lake Central,2022-10-23,0.38499999999999995,10.95,6.65,4.6,4.5,
Main Lake Central,2022-10-24,0.38499999999999995,10.95,6.65,4.6,4.5,
Main Lake Central,2022-10-26,,,,,,
Main Lake Central,2022-10-27,,,,,,
Main Lake Central,2022-10-28,,,,,,
Main Lake Central,2022-10-29,,,,,,
Main Lake Central,2022-10-30,,,,,,
Main Lake Central,2022-11-03,,,,,,
Main Lake Central,2022-11-05,,,,,,
Main Lake Central,2022-11-06,,,,,,
Main Lake South,2012-06-25,,,,,,
Main Lake South,2012-07-01,,,,,,
Main Lake South,2012-07-02,,,,,,
Main Lake South,2012-07-08,,,,,,
Main Lake South,2012-07-09,,,,,,
Main Lake South,2012-07-10,,,,,,
Main Lake South,2012-07-15,,,,,,
Main Lake South,2012-07-16,,,,,,
Main Lake South,2012-07-17,,,,,,
Main Lake South,2012-07-22,,,,,,
Main Lake South,2012-07-23,,,,,,
Main Lake South,2012-07-24,,,,,,
Main Lake South,2012-07-29,,,,,,
Main Lake South,2012-07-30,,,,,,
Main Lake South,2012-07-31,,,,,,
Main Lake South,2012-08-05,,,,,,
Main Lake South,2012-08-06,,,,,,
Main Lake South,2012-08-07,,,,,,
Main Lake South,2012-08-12,,,,,,
Main Lake South,2012-08-13,,,,,,
Main Lake South,2012-08-14,,,,,,
Main Lake South,2012-08-15,,,,,,
Main Lake South,2012-08-20,,,,,,
Main Lake South,2012-08-21,,,,,,
Main Lake South,2012-08-22,,,,,,
Main Lake South,2012-08-23,,,,,,
Main Lake South,2012-08-26,,,,,,
Main Lake South,2012-08-27,,,,,,
Main Lake South,2012-08-28,,,,,,
Main Lake South,2012-08-29,,,,,,
Main Lake South,2012-09-02,,,,,,
Main Lake South,2012-09-03,,,,,,
Main Lake South,2012-09-04,,,,,,
Main Lake South,2012-09-05,,,,,,
Main Lake South,2012-09-11,,,,,,
Main Lake South,2012-09-12,,,,,,
Main Lake South,2012-09-19,,,,,,
Main Lake South,2012-09-24,,,,,,
Main Lake South,2013-06-16,,,,,,
Main Lake South,2013-06-17,,,,,,
Main Lake South,2013-06-18,,,,,,
Main Lake South,2013-06-19,,,,,,
Main Lake South,2013-06-20,,,,,,
Main Lake South,2013-06-24,,,,,,
Main Lake South,2013-06-25,,,,,,
Main Lake South,2013-06-26,,,,,,
Main Lake South,2013-06-27,,,,,,
Main Lake South,2013-06-30,,,,,,
Main Lake South,2013-07-01,,,,,,
Main Lake South,2013-07-02,,,,,,
Main Lake South,2013-07-03,,,,,,
Main Lake South,2013-07-04,,,,,,
Main Lake South,2013-07-05,,,,,,
Main Lake South,2013-07-07,,,,,,
Main Lake South,2013-07-08,,,,,,
Main Lake South,2013-07-09,,,,,,
Main Lake South,2013-07-14,,,,,,
Main Lake South,2013-07-15,,,,,,
Main Lake South,2013-07-16,,,,,,
Main Lake South,2013-07-17,,,,,,
Main Lake South,2013-07-21,,,,,,
Main Lake South,2013-07-22,,,,,,
Main Lake South,2013-07-23,,,,,,
Main Lake South,2013-07-24,,,,,,
Main Lake South,2013-07-28,,,,,,
Main Lake South,2013-07-29,,,,,,
Main Lake South,2013-07-30,,,,,,
Main Lake South,2013-08-04,,,,,,
Main Lake South,2013-08-05,,,,,,
Main Lake South,2013-08-06,,,,,,
Main Lake South,2013-08-07,,,,,,
Main Lake South,2013-08-11,,,,,,
Main Lake South,2013-08-12,,,,,,
Main Lake South,2013-08-13,,,,,,
Main Lake South,2013-08-14,,,,,,
Main Lake South,2013-08-15,,,,,,
Main Lake South,2013-08-16,,,,,,
Main Lake South,2013-08-18,,,,,,
Main Lake South,2013-08-19,,,,,,
Main Lake South,2013-08-20,,,,,,
Main Lake South,2013-08-21,,,,,,
Main Lake South,2013-08-25,,,,,,
Main Lake South,2013-08-26,,,,,,
Main Lake South,2013-08-27,,,,,,
Main Lake South,2013-08-28,,,,,,
Main Lake South,2013-09-01,,,,,,
Main Lake South,2013-09-03,,,,,,
Main Lake South,2013-09-04,,,,,,
Main Lake South,2013-09-08,,,,,,
Main Lake South,2013-09-10,,,,,,
Main Lake South,2013-09-13,,,,,,
Main Lake South,2013-09-17,,,,,,
Main Lake South,2013-09-24,,,,,,
Main Lake South,2014-06-15,,,,,,
Main Lake South,2014-06-16,,,,,,
Main Lake South,2014-06-17,0.425,15.4,7.9,4.49,2.3,18.1
Main Lake South,2014-06-18,0.425,15.4,7.9,4.49,2.3,18.1
Main Lake South,2014-06-20,0.425,15.4,7.9,4.49,2.3,18.1
Main Lake South,2014-06-21,0.425,15.4,7.9,4.49,2.3,18.1
Main Lake South,2014-06-22,0.425,15.4,7.9,4.49,2.3,18.1
Main Lake South,2014-06-23,0.425,15.4,7.9,4.49,2.3,18.1
Main Lake South,2014-06-24,,,,,,
Main Lake South,2014-06-25,,,,,,
Main Lake South,2014-06-26,,,,,,
Main Lake South,2014-06-28,0.4,14.45,14.524999999999999,4.46,3.7,19.450000000000003
Main Lake South,2014-06-29,0.4,14.45,14.524999999999999,4.46,3.7,19.450000000000003
Main Lake South,2014-06-30,0.4,14.45,14.524999999999999,4.46,3.7,19.450000000000003
Main Lake South,2014-07-01,0.4,14.45,14.524999999999999,4.46,3.7,19.450000000000003
Main Lake South,2014-07-02,0.4,14.45,14.524999999999999,4.46,3.7,19.450000000000003
Main Lake South,2014-07-05,,,,,,
Main Lake South,2014-07-06,,,,,,
Main Lake South,2014-07-07,,,,,,
Main Lake South,2014-07-08,,,,,,
Main Lake South,2014-07-09,,,,,,
Main Lake South,2014-07-11,,,,,,
Main Lake South,2014-07-12,,,,,,
Main Lake South,2014-07-13,,,,,,
Main Lake South,2014-07-14,,,,,,
Main Lake South,2014-07-15,,,,,,
Main Lake South,2014-07-16,0.41000000000000003,11.75,6.6,3.45,6.0,21.0
Main Lake South,2014-07-17,0.405,12.325,6.35,4.0649999999999995,5.25,21.1
Main Lake South,2014-07-19,0.405,12.325,6.35,4.0649999999999995,5.25,21.1
Main Lake South,2014-07-21,0.405,12.325,6.35,4.0649999999999995,5.25,21.1
Main Lake South,2014-07-22,0.405,12.325,6.35,4.0649999999999995,5.25,21.1
Main Lake South,2014-07-23,0.4,12.9,6.1,4.68,4.5,21.2
Main Lake South,2014-07-26,,,,,,
Main Lake South,2014-07-27,,,,,,
Main Lake South,2014-07-28,,,,,,
Main Lake South,2014-07-29,,,,,,
Main Lake South,2014-07-30,0.38,14.549999999999999,7.7,3.87,5.5,20.3
Main Lake South,2014-08-03,0.38,14.549999999999999,7.7,3.87,5.5,20.3
Main Lake South,2014-08-04,0.38,14.549999999999999,7.7,3.87,5.5,20.3
Main Lake South,2014-08-05,0.3825,14.224999999999998,7.975,4.82,5.0,21.3
Main Lake South,2014-08-06,0.385,13.899999999999999,8.25,5.77,4.5,22.3
Main Lake South,2014-08-08,0.355,14.975,7.3,5.0649999999999995,5.0,22.55
Main Lake South,2014-08-10,0.355,14.975,7.3,5.0649999999999995,5.0,22.55
Main Lake South,2014-08-11,0.355,14.975,7.3,5.0649999999999995,5.0,22.55
Main Lake South,2014-08-12,0.325,16.05,6.35,4.36,5.5,22.8
Main Lake South,2014-08-13,0.325,16.05,6.35,4.36,5.5,22.8
Main Lake South,2014-08-16,,,,,,
Main Lake South,2014-08-17,,,,,,
Main Lake South,2014-08-18,,,,,,
Main Lake South,2014-08-19,,,,,,
Main Lake South,2014-08-20,,,,,,
Main Lake South,2014-08-21,,,,,,
Main Lake South,2014-08-24,,,,,,
Main Lake South,2014-08-25,,,,,,
Main Lake South,2014-08-26,0.4,15.350000000000001,10.85,4.59,4.8,21.2
Main Lake South,2014-08-27,0.4,15.350000000000001,10.85,4.59,4.8,21.2
Main Lake South,2014-08-30,0.3925,16.025,10.649999999999999,3.34,5.05,20.549999999999997
Main Lake South,2014-08-31,0.3925,16.025,10.649999999999999,3.34,5.05,20.549999999999997
Main Lake South,2014-09-01,0.3925,16.025,10.649999999999999,3.34,5.05,20.549999999999997
Main Lake South,2014-09-02,0.385,16.7,10.45,2.09,5.3,19.9
Main Lake South,2014-09-03,0.385,16.7,10.45,2.09,5.3,19.9
Main Lake South,2014-09-05,,,,,,
Main Lake South,2014-09-07,,,,,,
Main Lake South,2014-09-08,,,,,,
Main Lake South,2014-09-09,,,,,,
Main Lake South,2014-09-10,,,,,,
Main Lake South,2014-09-14,,,,,,
Main Lake South,2014-09-15,,,,,,
Main Lake South,2014-09-16,,,,,,
Main Lake South,2014-09-17,0.43,13.2,9.45,4.54,5.3,16.3
Main Lake South,2014-09-18,0.43,13.2,9.45,4.54,5.3,16.3
Main Lake South,2014-09-19,0.43,13.2,9.45,4.54,5.3,16.3
Main Lake South,2014-09-20,0.43,13.2,9.45,4.54,5.3,16.3
Main Lake South,2014-09-21,0.43,13.2,9.45,4.54,5.3,16.3
Main Lake South,2014-09-22,0.43,13.2,9.45,4.54,5.3,16.3
Main Lake South,2014-09-23,0.43,13.2,9.45,4.54,5.3,16.3
Main Lake South,2014-09-24,0.405,13.7,7.15,4.68,4.6,
Main Lake South,2014-09-25,0.405,13.7,7.15,4.68,4.6,
Main Lake South,2014-09-26,0.405,13.7,7.15,4.68,4.6,
Main Lake South,2014-09-27,0.405,13.7,7.15,4.68,4.6,
Main Lake South,2014-09-28,0.405,13.7,7.15,4.68,4.6,
Main Lake South,2014-09-29,0.405,13.7,7.15,4.68,4.6,
Main Lake South,2014-09-30,0.405,13.7,7.15,4.68,4.6,
Main Lake South,2014-10-01,,,,,,
Main Lake South,2014-10-02,,,,,,
Main Lake South,2015-06-14,,,,,,
Main Lake South,2015-06-15,,,,,,
Main Lake South,2015-06-16,,,,,,
Main Lake South,2015-06-17,,,,,,
Main Lake South,2015-06-18,,,,,,
Main Lake South,2015-06-19,,,,,,
Main Lake South,2015-06-20,,,,,,
Main Lake South,2015-06-21,,,,,,
Main Lake South,2015-06-22,,,,,,
Main Lake South,2015-06-23,,,,,,
Main Lake South,2015-06-24,,,,,,
Main Lake South,2015-06-26,0.375,13.85,8.5,3.625,3.1500000000000004,19.35
Main Lake South,2015-06-28,0.375,13.85,8.5,3.625,3.1500000000000004,19.35
Main Lake South,2015-06-29,0.375,13.85,8.5,3.625,3.1500000000000004,19.35
Main Lake South,2015-06-30,0.375,13.85,8.5,3.625,3.1500000000000004,19.35
Main Lake South,2015-07-01,0.375,13.85,8.5,3.625,3.1500000000000004,19.35
Main Lake South,2015-07-03,,,,,,
Main Lake South,2015-07-04,,,,,,
Main Lake South,2015-07-05,,,,,,
Main Lake South,2015-07-06,,,,,,
Main Lake South,2015-07-07,,,,,,
Main Lake South,2015-07-08,,,,,,
Main Lake South,2015-07-09,,,,,,
Main Lake South,2015-07-10,0.36,16.0,9.75,9.77,2.0,19.7
Main Lake South,2015-07-11,0.37249999999999994,15.825,9.6,11.02,2.25,19.95
Main Lake South,2015-07-12,0.37249999999999994,15.825,9.6,11.02,2.25,19.95
Main Lake South,2015-07-13,0.37249999999999994,15.825,9.6,11.02,2.25,19.95
Main Lake South,2015-07-14,0.37249999999999994,15.825,9.6,11.02,2.25,19.95
Main Lake South,2015-07-15,0.37249999999999994,15.825,9.6,11.02,2.25,19.95
Main Lake South,2015-07-17,0.38499999999999995,15.65,9.45,12.27,2.5,20.2
Main Lake South,2015-07-18,,,,,,
Main Lake South,2015-07-19,,,,,,
Main Lake South,2015-07-20,,,,,,
Main Lake South,2015-07-21,,,,,,
Main Lake South,2015-07-22,,,,,,
Main Lake South,2015-07-23,,,,,,
Main Lake South,2015-07-24,,,,,,
Main Lake South,2015-07-25,,,,,,
Main Lake South,2015-07-26,,,,,,
Main Lake South,2015-07-27,,,,,,
Main Lake South,2015-07-28,,,,,,
Main Lake South,2015-07-29,0.385,11.5,7.9,4.81,4.9,23.3
Main Lake South,2015-07-30,0.385,11.5,7.9,4.81,4.9,23.3
Main Lake South,2015-07-31,0.385,11.5,7.9,4.81,4.9,23.3
Main Lake South,2015-08-01,0.385,11.5,7.9,4.81,4.9,23.3
Main Lake South,2015-08-02,0.385,11.5,7.9,4.81,4.9,23.3
Main Lake South,2015-08-03,0.385,11.5,7.9,4.81,4.9,23.3
Main Lake South,2015-08-04,0.4025,11.175,7.8,4.75,4.7,21.5
Main Lake South,2015-08-05,0.42000000000000004,10.85,7.699999999999999,4.69,4.5,19.7
Main Lake South,2015-08-06,0.42000000000000004,10.85,7.699999999999999,4.69,4.5,19.7
Main Lake South,2015-08-07,0.42000000000000004,10.85,7.699999999999999,4.69,4.5,19.7
Main Lake South,2015-08-09,0.42000000000000004,10.85,7.699999999999999,4.69,4.5,19.7
Main Lake South,2015-08-10,0.42000000000000004,10.85,7.699999999999999,4.69,4.5,19.7
Main Lake South,2015-08-11,0.4025,14.45,9.649999999999999,5.619999999999999,4.0,22.0
Main Lake South,2015-08-12,0.4025,14.45,9.649999999999999,5.619999999999999,4.0,22.0
Main Lake South,2015-08-13,0.4025,14.45,9.649999999999999,5.619999999999999,4.0,22.0
Main Lake South,2015-08-14,0.4025,14.45,9.649999999999999,5.619999999999999,4.0,22.0
Main Lake South,2015-08-15,0.4025,14.45,9.649999999999999,5.619999999999999,4.0,22.0
Main Lake South,2015-08-16,0.4025,14.45,9.649999999999999,5.619999999999999,4.0,22.0
Main Lake South,2015-08-17,0.4025,14.45,9.649999999999999,5.619999999999999,4.0,22.0
Main Lake South,2015-08-18,,,,,,
Main Lake South,2015-08-19,,,,,,
Main Lake South,2015-08-21,0.41000000000000003,11.7,8.05,4.69,4.2,21.1
Main Lake South,2015-08-23,0.41000000000000003,11.7,8.05,4.69,4.2,21.1
Main Lake South,2015-08-24,0.41000000000000003,11.7,8.05,4.69,4.2,21.1
Main Lake South,2015-08-25,0.41000000000000003,11.7,8.05,4.69,4.2,21.1
Main Lake South,2015-08-26,0.41000000000000003,11.7,8.05,4.69,4.2,21.1
Main Lake South,2015-08-27,0.41000000000000003,11.7,8.05,4.69,4.2,21.1
Main Lake South,2015-08-28,,,,,,
Main Lake South,2015-08-30,,,,,,
Main Lake South,2015-08-31,,,,,,
Main Lake South,2015-09-01,,,,,,
Main Lake South,2015-09-02,,,,,,
Main Lake South,2015-09-03,0.365,12.399999999999999,7.85,5.21,4.0,24.7
Main Lake South,2015-09-04,0.365,12.399999999999999,7.85,5.21,4.0,24.7
Main Lake South,2015-09-07,0.365,12.399999999999999,7.85,5.21,4.0,24.7
Main Lake South,2015-09-08,0.365,12.399999999999999,7.85,5.21,4.0,24.7
Main Lake South,2015-09-09,0.365,12.399999999999999,7.85,5.21,4.0,24.7
Main Lake South,2015-09-10,,,,,,
Main Lake South,2015-09-11,,,,,,
Main Lake South,2015-09-13,,,,,,
Main Lake South,2015-09-14,,,,,,
Main Lake South,2015-09-15,,,,,,
Main Lake South,2015-09-16,,,,,,
Main Lake South,2015-09-20,0.32999999999999996,15.1,8.5,8.32,5.0,22.6
Main Lake South,2015-09-21,0.32999999999999996,15.1,8.5,8.32,5.0,22.6
Main Lake South,2015-09-22,0.32999999999999996,15.1,8.5,8.32,5.0,22.6
Main Lake South,2015-09-23,0.32999999999999996,15.1,8.5,8.32,5.0,22.6
Main Lake South,2015-09-28,0.355,13.75,8.2,6.07,5.0,20.3
Main Lake South,2015-09-29,0.355,13.75,8.2,6.07,5.0,20.3
Main Lake South,2016-06-18,0.38,11.7,6.6,,7.5,17.7
Main Lake South,2016-06-19,0.38,11.7,6.6,,7.5,17.7
Main Lake South,2016-06-20,0.38,11.7,6.6,,7.5,17.7
Main Lake South,2016-06-21,0.38,11.7,6.6,,7.5,17.7
Main Lake South,2016-06-22,0.3725,11.075,6.625,2.92,6.1,17.35
Main Lake South,2016-06-23,0.3725,11.075,6.625,2.92,6.1,17.35
Main Lake South,2016-06-24,0.3725,11.075,6.625,2.92,6.1,17.35
Main Lake South,2016-06-25,0.365,10.45,6.65,2.92,4.7,17.0
Main Lake South,2016-06-26,0.365,10.45,6.65,2.92,4.7,17.0
Main Lake South,2016-06-27,0.365,10.45,6.65,2.92,4.7,17.0
Main Lake South,2016-06-28,0.365,10.45,6.65,2.92,4.7,17.0
Main Lake South,2016-06-29,,,,,,
Main Lake South,2016-06-30,,,,,,
Main Lake South,2016-07-03,,,,,,
Main Lake South,2016-07-04,,,,,,
Main Lake South,2016-07-05,,,,,,
Main Lake South,2016-07-06,0.385,9.6,5.8500000000000005,6.11,4.1,19.8
Main Lake South,2016-07-07,0.385,9.6,5.8500000000000005,6.11,4.1,19.8
Main Lake South,2016-07-08,0.385,9.6,5.8500000000000005,6.11,4.1,19.8
Main Lake South,2016-07-10,0.385,9.6,5.8500000000000005,6.11,4.1,19.8
Main Lake South,2016-07-11,0.385,9.6,5.8500000000000005,6.11,4.1,19.8
Main Lake South,2016-07-12,0.385,9.6,5.8500000000000005,6.11,4.1,19.8
Main Lake South,2016-07-13,,,,,,
Main Lake South,2016-07-14,,,,,,
Main Lake South,2016-07-18,0.37000000000000005,12.95,5.9,1.12,5.5,19.5
Main Lake South,2016-07-19,0.37000000000000005,12.95,5.9,1.12,5.5,19.5
Main Lake South,2016-07-20,0.37000000000000005,12.95,5.9,1.12,5.5,19.5
Main Lake South,2016-07-21,0.355,12.625,5.9,4.915000000000001,4.6,20.15
Main Lake South,2016-07-22,0.355,12.625,5.9,4.915000000000001,4.6,20.15
Main Lake South,2016-07-24,0.33999999999999997,12.3,,8.71,3.7,20.8
Main Lake South,2016-07-25,0.33999999999999997,12.3,,8.71,3.7,20.8
Main Lake South,2016-07-26,0.33999999999999997,12.3,,8.71,3.7,20.8
Main Lake South,2016-07-27,0.33999999999999997,12.3,,8.71,3.7,20.8
Main Lake South,2016-07-28,0.325,11.45,5.9,6.0,4.1,22.3
Main Lake South,2016-07-30,0.325,11.45,5.9,6.0,4.1,22.3
Main Lake South,2016-07-31,0.325,11.45,5.9,6.0,4.1,22.3
Main Lake South,2016-08-01,0.325,11.45,5.9,6.0,4.1,22.3
Main Lake South,2016-08-02,0.325,11.45,5.9,6.0,4.1,22.3
Main Lake South,2016-08-03,0.325,11.45,5.9,6.0,4.1,22.3
Main Lake South,2016-08-05,0.37,12.05,6.65,12.76,4.0,22.6
Main Lake South,2016-08-06,0.37,12.05,6.65,12.76,4.0,22.6
Main Lake South,2016-08-08,0.37,12.05,6.65,12.76,4.0,22.6
Main Lake South,2016-08-09,0.37,12.05,6.65,12.76,4.0,22.6
Main Lake South,2016-08-10,0.37,12.05,6.65,12.76,4.0,22.6
Main Lake South,2016-08-11,0.37,12.05,6.65,12.76,4.0,22.6
Main Lake South,2016-08-12,0.36,15.100000000000001,8.55,4.67,3.5,23.4
Main Lake South,2016-08-14,0.36,15.100000000000001,8.55,4.67,3.5,23.4
Main Lake South,2016-08-15,0.36,15.100000000000001,8.55,4.67,3.5,23.4
Main Lake South,2016-08-16,0.36,15.100000000000001,8.55,4.67,3.5,23.4
Main Lake South,2016-08-17,0.36,15.100000000000001,8.55,4.67,3.5,23.4
Main Lake South,2016-08-18,0.36,15.100000000000001,8.55,4.67,3.5,23.4
Main Lake South,2016-08-19,0.315,14.0,8.4,4.08,3.6,23.2
Main Lake South,2016-08-20,0.315,14.0,8.4,4.08,3.6,23.2
Main Lake South,2016-08-21,0.315,14.0,8.4,4.08,3.6,23.2
Main Lake South,2016-08-22,0.315,14.0,8.4,4.08,3.6,23.2
Main Lake South,2016-08-23,0.315,14.0,8.4,4.08,3.6,23.2
Main Lake South,2016-08-24,0.33499999999999996,14.35,8.975000000000001,6.865,3.55,22.65
Main Lake South,2016-08-25,0.33499999999999996,14.35,8.975000000000001,6.865,3.55,22.65
Main Lake South,2016-08-26,0.355,14.7,9.55,9.65,3.5,22.1
Main Lake South,2016-08-27,0.355,14.7,9.55,9.65,3.5,22.1
Main Lake South,2016-08-28,0.355,14.7,9.55,9.65,3.5,22.1
Main Lake South,2016-08-29,0.355,14.7,9.55,9.65,3.5,22.1
Main Lake South,2016-08-30,0.355,14.7,9.55,9.65,3.5,22.1
Main Lake South,2016-08-31,,,,,,
Main Lake South,2016-09-01,,,,,,
Main Lake South,2016-09-04,,,,,,
Main Lake South,2016-09-05,,,,,,
Main Lake South,2016-09-06,,,,,,
Main Lake South,2016-09-07,,,,,,
Main Lake South,2016-09-08,,,,,,
Main Lake South,2016-09-10,,,,,,
Main Lake South,2016-09-12,,,,,,
Main Lake South,2016-09-14,,,,,,
Main Lake South,2016-09-17,0.345,15.45,6.95,6.38,5.7,21.1
Main Lake South,2016-09-20,0.36,14.725,8.2,5.83,4.5,20.25
Main Lake South,2016-09-21,0.36,14.725,8.2,5.83,4.5,20.25
Main Lake South,2016-09-22,0.36,14.725,8.2,5.83,4.5,20.25
Main Lake South,2016-09-27,,,,,,
Main Lake South,2016-09-28,,,,,,
Main Lake South,2017-06-08,0.29,14.5,8.4,9.19,3.2,13.3
Main Lake South,2017-06-13,0.31,12.0,6.7,9.864999999999998,3.1,14.15
Main Lake South,2017-06-17,,,,,,
Main Lake South,2017-06-20,,,,,,
Main Lake South,2017-06-22,,,,,,
Main Lake South,2017-06-23,,,,,,
Main Lake South,2017-06-24,,,,,,
Main Lake South,2017-06-25,,,,,,
Main Lake South,2017-06-26,,,,,,
Main Lake South,2017-06-27,0.30000000000000004,12.649999999999999,11.850000000000001,2.95,4.0,17.9
Main Lake South,2017-06-28,0.30000000000000004,12.649999999999999,11.850000000000001,2.95,4.0,17.9
Main Lake South,2017-06-29,0.32000000000000006,12.325,9.275,3.0650000000000004,3.75,17.2
Main Lake South,2017-06-30,0.32000000000000006,12.325,9.275,3.0650000000000004,3.75,17.2
Main Lake South,2017-07-01,0.32000000000000006,12.325,9.275,3.0650000000000004,3.75,17.2
Main Lake South,2017-07-03,0.32000000000000006,12.325,9.275,3.0650000000000004,3.75,17.2
Main Lake South,2017-07-04,0.34,12.0,6.7,3.18,3.5,16.5
Main Lake South,2017-07-05,0.34,12.0,6.7,3.18,3.5,16.5
Main Lake South,2017-07-06,,,,,,
Main Lake South,2017-07-07,,,,,,
Main Lake South,2017-07-08,,,,,,
Main Lake South,2017-07-09,,,,,,
Main Lake South,2017-07-10,,,,,,
Main Lake South,2017-07-11,,,,,,
Main Lake South,2017-07-12,,,,,,
Main Lake South,2017-07-13,,,,,,
Main Lake South,2017-07-14,,,,,,
Main Lake South,2017-07-15,0.37,17.15,11.45,7.574999999999999,1.8,19.75
Main Lake South,2017-07-17,0.37,17.15,11.45,7.574999999999999,1.8,19.75
Main Lake South,2017-07-18,0.37,17.15,11.45,7.574999999999999,1.8,19.75
Main Lake South,2017-07-19,0.37,17.15,11.45,7.574999999999999,1.8,19.75
Main Lake South,2017-07-21,0.37,17.15,11.45,7.574999999999999,1.8,19.75
Main Lake South,2017-07-22,,,,,,
Main Lake South,2017-07-24,,,,,,
Main Lake South,2017-07-25,,,,,,
Main Lake South,2017-07-26,,,,,,
Main Lake South,2017-07-27,0.36,13.6,7.4,1.48,3.0,22.3
Main Lake South,2017-07-28,0.36,13.6,7.4,1.48,3.0,22.3
Main Lake South,2017-07-29,0.36,13.6,7.4,1.48,3.0,22.3
Main Lake South,2017-07-31,0.36,13.6,7.4,1.48,3.0,22.3
Main Lake South,2017-08-01,0.36,13.6,7.4,1.48,3.0,22.3
Main Lake South,2017-08-02,0.36,13.6,7.4,1.48,3.0,22.3
Main Lake South,2017-08-03,0.355,12.5,8.4,10.49,4.3,23.8
Main Lake South,2017-08-04,0.355,12.5,8.4,10.49,4.3,23.8
Main Lake South,2017-08-05,0.355,12.5,8.4,10.49,4.3,23.8
Main Lake South,2017-08-07,0.355,12.5,8.4,10.49,4.3,23.8
Main Lake South,2017-08-08,0.355,12.5,8.4,10.49,4.3,23.8
Main Lake South,2017-08-09,0.355,12.5,8.4,10.49,4.3,23.8
Main Lake South,2017-08-10,,,,,,
Main Lake South,2017-08-11,,,,,,
Main Lake South,2017-08-12,0.41,15.100000000000001,8.6,6.1,2.7,22.0
Main Lake South,2017-08-14,0.41,15.100000000000001,8.6,6.1,2.7,22.0
Main Lake South,2017-08-15,0.41,15.100000000000001,8.6,6.1,2.7,22.0
Main Lake South,2017-08-16,0.41,15.100000000000001,8.6,6.1,2.7,22.0
Main Lake South,2017-08-17,0.42,15.350000000000001,9.8,7.234999999999999,2.8,21.55
Main Lake South,2017-08-18,0.42,15.350000000000001,9.8,7.234999999999999,2.8,21.55
Main Lake South,2017-08-19,0.43,15.6,11.0,8.37,2.9,21.1
Main Lake South,2017-08-21,0.43,15.6,11.0,8.37,2.9,21.1
Main Lake South,2017-08-22,0.43,15.6,11.0,8.37,2.9,21.1
Main Lake South,2017-08-23,0.43,15.6,11.0,8.37,2.9,21.1
Main Lake South,2017-08-24,0.37999999999999995,13.6,7.4,3.54,4.3,21.4
Main Lake South,2017-08-25,0.37999999999999995,13.6,7.4,3.54,4.3,21.4
Main Lake South,2017-08-26,0.37999999999999995,13.6,7.4,3.54,4.3,21.4
Main Lake South,2017-08-28,0.37999999999999995,13.6,7.4,3.54,4.3,21.4
Main Lake South,2017-08-29,0.37999999999999995,13.6,7.4,3.54,4.3,21.4
Main Lake South,2017-08-30,0.37999999999999995,13.6,7.4,3.54,4.3,21.4
Main Lake South,2017-08-31,,,,,,
Main Lake South,2017-09-01,,,,,,
Main Lake South,2017-09-05,,,,,,
Main Lake South,2017-09-06,,,,,,
Main Lake South,2017-09-07,,,,,,
Main Lake South,2017-09-08,0.41,13.65,11.2,9.73,3.4,18.8
Main Lake South,2017-09-11,0.41,13.65,11.2,9.73,3.4,18.8
Main Lake South,2017-09-13,0.39999999999999997,13.125,9.024999999999999,9.985,3.9000000000000004,18.6
Main Lake South,2017-09-15,0.38999999999999996,12.6,6.85,10.24,4.4,18.4
Main Lake South,2017-09-16,0.38999999999999996,12.6,6.85,10.24,4.4,18.4
Main Lake South,2017-09-18,0.38999999999999996,12.6,6.85,10.24,4.4,18.4
Main Lake South,2017-09-19,0.38999999999999996,12.6,6.85,10.24,4.4,18.4
Main Lake South,2017-09-20,,,,,,
Main Lake South,2017-09-22,0.38999999999999996,13.4,10.100000000000001,8.88,3.5,19.8
Main Lake South,2017-09-23,0.38999999999999996,13.4,10.100000000000001,8.88,3.5,19.8
Main Lake South,2017-09-24,0.38999999999999996,13.4,10.100000000000001,8.88,3.5,19.8
Main Lake South,2017-09-25,0.38999999999999996,13.4,10.100000000000001,8.88,3.5,19.8
Main Lake South,2017-09-26,0.38999999999999996,13.4,10.100000000000001,8.88,3.5,19.8
Main Lake South,2017-09-27,0.38999999999999996,13.4,10.100000000000001,8.88,3.5,19.8
Main Lake South,2017-09-28,,,,,,
Main Lake South,2017-09-29,,,,,,
Main Lake South,2017-10-02,0.47,14.0,7.449999999999999,6.06,5.3,19.9
Main Lake South,2017-10-19,,,,,,
Main Lake South,2018-06-08,,,,,3.1,12.7
Main Lake South,2018-06-12,0.42,14.5,9.0,3.36,2.95,12.95
Main Lake South,2018-06-13,0.42,14.5,9.0,3.36,2.95,12.95
Main Lake South,2018-06-14,0.42,14.5,9.0,3.36,2.8,13.2
Main Lake South,2018-06-15,0.42,14.5,9.0,3.36,2.8,13.2
Main Lake South,2018-06-19,0.42,13.15,6.8999999999999995,1.07,2.9,
Main Lake South,2018-06-20,0.42,13.15,6.8999999999999995,1.07,2.9,
Main Lake South,2018-06-21,0.405,13.425,5.975,5.98,3.15,17.5
Main Lake South,2018-06-22,0.405,13.425,5.975,5.98,3.15,17.5
Main Lake South,2018-06-24,0.39,13.7,5.05,10.89,3.4,17.5
Main Lake South,2018-06-25,0.39,13.7,5.05,10.89,3.4,17.5
Main Lake South,2018-06-26,0.39,13.7,5.05,10.89,3.4,17.5
Main Lake South,2018-06-27,0.39,13.7,5.05,10.89,3.4,17.5
Main Lake South,2018-06-28,0.415,13.2,5.85,2.92,2.0,16.8
Main Lake South,2018-06-29,0.415,13.2,5.85,2.92,2.0,16.8
Main Lake South,2018-06-30,0.415,13.2,5.85,2.92,2.0,16.8
Main Lake South,2018-07-02,0.415,13.2,5.85,2.92,2.0,16.8
Main Lake South,2018-07-03,0.415,13.2,5.85,2.92,2.0,16.8
Main Lake South,2018-07-05,,,,,,
Main Lake South,2018-07-06,,,,,,
Main Lake South,2018-07-07,,,,,,
Main Lake South,2018-07-09,,,,,,
Main Lake South,2018-07-10,,,,,,
Main Lake South,2018-07-11,0.395,10.6,6.15,5.86,3.1,20.5
Main Lake South,2018-07-12,0.395,10.6,6.15,5.86,3.1,20.5
Main Lake South,2018-07-13,0.395,10.6,6.15,5.86,3.1,20.5
Main Lake South,2018-07-15,0.3975,12.3,6.275,5.33,3.3,20.9
Main Lake South,2018-07-16,0.3975,12.3,6.275,5.33,3.3,20.9
Main Lake South,2018-07-17,0.3975,12.3,6.275,5.33,3.3,20.9
Main Lake South,2018-07-18,0.4,14.0,6.4,4.8,3.5,21.3
Main Lake South,2018-07-19,0.4,14.0,6.4,4.8,3.5,21.3
Main Lake South,2018-07-20,0.4,14.0,6.4,4.8,3.5,21.3
Main Lake South,2018-07-21,,,,,,
Main Lake South,2018-07-22,,,,,,
Main Lake South,2018-07-23,,,,,,
Main Lake South,2018-07-24,,,,,,
Main Lake South,2018-07-25,,,,,,
Main Lake South,2018-07-26,,,,,,
Main Lake South,2018-07-27,,,,,,
Main Lake South,2018-07-28,0.39,10.6,7.7,8.38,3.6,21.85
Main Lake South,2018-07-30,0.39,10.6,7.7,8.38,3.6,21.85
Main Lake South,2018-07-31,0.39,10.6,7.7,8.38,3.6,21.85
Main Lake South,2018-08-01,0.395,11.0,6.4,4.855,3.8,21.85
Main Lake South,2018-08-02,0.395,11.0,6.4,4.855,3.8,21.85
Main Lake South,2018-08-03,0.395,11.0,6.4,4.855,3.8,21.85
Main Lake South,2018-08-04,0.4,11.399999999999999,5.1,1.33,4.0,
Main Lake South,2018-08-06,0.4,11.399999999999999,5.1,1.33,4.0,
Main Lake South,2018-08-07,0.4,11.399999999999999,5.1,1.33,4.0,
Main Lake South,2018-08-08,,,,,,
Main Lake South,2018-08-09,,,,,,
Main Lake South,2018-08-10,,,,,,
Main Lake South,2018-08-11,,,,,,
Main Lake South,2018-08-13,,,,,,
Main Lake South,2018-08-14,,,,,,
Main Lake South,2018-08-15,0.38499999999999995,9.95,6.05,0.77,6.7,24.2
Main Lake South,2018-08-16,0.38499999999999995,9.95,6.05,0.77,6.7,24.2
Main Lake South,2018-08-17,0.38499999999999995,9.95,6.05,0.77,6.7,24.2
Main Lake South,2018-08-18,0.38499999999999995,9.95,6.05,0.77,6.7,24.2
Main Lake South,2018-08-20,0.38499999999999995,9.95,6.05,0.77,6.7,24.2
Main Lake South,2018-08-21,0.39999999999999997,11.875,7.425000000000001,3.035,5.3,24.15
Main Lake South,2018-08-22,0.415,13.8,8.8,5.3,3.9,24.1
Main Lake South,2018-08-23,0.415,13.8,8.8,5.3,3.9,24.1
Main Lake South,2018-08-24,0.415,13.8,8.8,5.3,3.9,24.1
Main Lake South,2018-08-25,0.38249999999999995,13.8,7.65,3.4899999999999998,3.7,22.75
Main Lake South,2018-08-27,0.38249999999999995,13.8,7.65,3.4899999999999998,3.7,22.75
Main Lake South,2018-08-28,0.35,13.8,6.5,1.68,3.5,21.4
Main Lake South,2018-08-29,0.35,13.8,6.5,1.68,3.5,21.4
Main Lake South,2018-08-30,0.35,13.8,6.5,1.68,3.5,21.4
Main Lake South,2018-09-02,,,,,,
Main Lake South,2018-09-04,,,,,,
Main Lake South,2018-09-05,,,,,,
Main Lake South,2018-09-06,,,,,,
Main Lake South,2018-09-08,,,,,,
Main Lake South,2018-09-10,,,,,,
Main Lake South,2018-09-11,0.385,13.7,9.5,5.17,3.6,20.4
Main Lake South,2018-09-12,0.385,13.7,9.5,5.17,3.6,20.4
Main Lake South,2018-09-13,0.385,13.7,9.5,5.17,3.6,20.4
Main Lake South,2018-09-14,0.385,13.7,9.5,5.17,3.6,20.4
Main Lake South,2018-09-15,0.385,13.7,9.5,5.17,3.6,20.4
Main Lake South,2018-09-17,0.385,13.7,9.5,5.17,3.6,20.4
Main Lake South,2018-09-19,,,,,,
Main Lake South,2018-09-24,0.375,12.25,5.0,5.25,3.8,20.6
Main Lake South,2018-09-25,0.375,12.25,5.0,5.25,3.8,20.6
Main Lake South,2018-09-27,0.375,12.25,5.0,5.25,3.8,20.6
Main Lake South,2018-10-02,,,,,,
Main Lake South,2018-10-04,,,,,,
Main Lake South,2019-06-12,0.51,16.0,9.0,2.53,3.1,9.2
Main Lake South,2019-06-16,0.41,17.5,10.0,5.9,2.0,17.7
Main Lake South,2019-06-17,0.41,17.5,10.0,5.9,2.0,17.7
Main Lake South,2019-06-18,0.43999999999999995,16.25,8.75,4.21,2.3,15.35
Main Lake South,2019-06-19,0.43999999999999995,16.25,8.75,4.21,2.3,15.35
Main Lake South,2019-06-20,0.47,15.0,7.5,2.52,2.6,13.0
Main Lake South,2019-06-21,0.47,15.0,7.5,2.52,2.6,13.0
Main Lake South,2019-06-23,0.47,15.0,7.5,2.52,2.6,13.0
Main Lake South,2019-06-24,0.47,15.0,7.5,2.52,2.6,13.0
Main Lake South,2019-06-25,,,,,,
Main Lake South,2019-06-26,,,,,,
Main Lake South,2019-06-27,,,,,,
Main Lake South,2019-06-28,0.505,17.0,8.0,2.01,2.9,18.0
Main Lake South,2019-06-29,0.505,17.0,8.0,2.01,2.9,18.0
Main Lake South,2019-06-30,0.505,17.0,8.0,2.01,2.9,18.0
Main Lake South,2019-07-01,0.505,17.0,8.0,2.01,2.9,18.0
Main Lake South,2019-07-02,0.505,17.0,8.0,2.01,2.9,18.0
Main Lake South,2019-07-03,0.4875,18.25,10.0,7.595,2.35,20.0
Main Lake South,2019-07-04,0.4875,18.25,10.0,7.595,2.35,20.0
Main Lake South,2019-07-05,0.47,19.5,12.0,13.18,1.8,22.0
Main Lake South,2019-07-07,0.47,19.5,12.0,13.18,1.8,22.0
Main Lake South,2019-07-08,0.47,19.5,12.0,13.18,1.8,22.0
Main Lake South,2019-07-09,0.47,19.5,12.0,13.18,1.8,22.0
Main Lake South,2019-07-10,,,,,,
Main Lake South,2019-07-11,0.42000000000000004,21.5,9.0,16.84,2.0,22.0
Main Lake South,2019-07-12,0.42000000000000004,21.5,9.0,16.84,2.0,22.0
Main Lake South,2019-07-13,0.42000000000000004,21.5,9.0,16.84,2.0,22.0
Main Lake South,2019-07-14,0.42000000000000004,21.5,9.0,16.84,2.0,22.0
Main Lake South,2019-07-15,0.42000000000000004,21.5,9.0,16.84,2.0,22.0
Main Lake South,2019-07-16,0.42000000000000004,21.5,9.0,16.84,2.0,22.0
Main Lake South,2019-07-17,0.42000000000000004,21.5,9.0,16.84,2.0,22.0
Main Lake South,2019-07-18,,,,,,
Main Lake South,2019-07-19,,,,,,
Main Lake South,2019-07-20,,,,,,
Main Lake South,2019-07-21,,,,,,
Main Lake South,2019-07-22,,,,,,
Main Lake South,2019-07-23,,,,,,
Main Lake South,2019-07-24,,,,,,
Main Lake South,2019-07-25,0.3875,20.25,10.5,8.56,3.05,22.849999999999998
Main Lake South,2019-07-26,0.3875,20.25,10.5,8.56,3.05,22.849999999999998
Main Lake South,2019-07-28,0.3875,20.25,10.5,8.56,3.05,22.849999999999998
Main Lake South,2019-07-29,0.3875,20.25,10.5,8.56,3.05,22.849999999999998
Main Lake South,2019-07-30,0.3875,20.25,10.5,8.56,3.05,22.849999999999998
Main Lake South,2019-07-31,0.3875,20.25,10.5,8.56,3.05,22.849999999999998
Main Lake South,2019-08-01,,,,,,
Main Lake South,2019-08-02,,,,,,
Main Lake South,2019-08-04,,,,,,
Main Lake South,2019-08-05,,,,,,
Main Lake South,2019-08-06,,,,,,
Main Lake South,2019-08-07,0.345,16.0,10.5,9.45,2.3,22.3
Main Lake South,2019-08-08,0.345,16.0,10.5,9.45,2.3,22.3
Main Lake South,2019-08-09,0.38,14.75,9.75,8.004999999999999,1.95,22.4
Main Lake South,2019-08-11,0.38,14.75,9.75,8.004999999999999,1.95,22.4
Main Lake South,2019-08-12,0.38,14.75,9.75,8.004999999999999,1.95,22.4
Main Lake South,2019-08-13,0.38,14.75,9.75,8.004999999999999,1.95,22.4
Main Lake South,2019-08-14,0.415,13.5,9.0,6.56,1.6,22.5
Main Lake South,2019-08-15,0.415,13.5,9.0,6.56,1.6,22.5
Main Lake South,2019-08-16,,,,,,
Main Lake South,2019-08-17,,,,,,
Main Lake South,2019-08-18,,,,,,
Main Lake South,2019-08-19,,,,,,
Main Lake South,2019-08-20,,,,,,
Main Lake South,2019-08-21,0.38749999999999996,17.0,7.75,12.809999999999999,2.25,22.849999999999998
Main Lake South,2019-08-22,0.38749999999999996,17.0,7.75,12.809999999999999,2.25,22.849999999999998
Main Lake South,2019-08-24,0.38749999999999996,17.0,7.75,12.809999999999999,2.25,22.849999999999998
Main Lake South,2019-08-25,0.38749999999999996,17.0,7.75,12.809999999999999,2.25,22.849999999999998
Main Lake South,2019-08-26,0.38749999999999996,17.0,7.75,12.809999999999999,2.25,22.849999999999998
Main Lake South,2019-08-27,0.38749999999999996,17.0,7.75,12.809999999999999,2.25,22.849999999999998
Main Lake South,2019-08-28,,,,,,
Main Lake South,2019-08-29,,,,,,
Main Lake South,2019-08-31,,,,,,
Main Lake South,2019-09-01,,,,,,
Main Lake South,2019-09-03,,,,,,
Main Lake South,2019-09-04,,,,,,
Main Lake South,2019-09-05,,,,,,
Main Lake South,2019-09-06,,,,,,
Main Lake South,2019-09-08,0.39999999999999997,12.5,10.5,12.66,3.0,19.9
Main Lake South,2019-09-09,0.39999999999999997,12.5,10.5,12.66,3.0,19.9
Main Lake South,2019-09-10,0.4075,12.75,11.0,12.76,3.3,19.75
Main Lake South,2019-09-11,0.4075,12.75,11.0,12.76,3.3,19.75
Main Lake South,2019-09-12,0.4075,12.75,11.0,12.76,3.3,19.75
Main Lake South,2019-09-14,0.41500000000000004,13.0,11.5,12.86,3.6,19.6
Main Lake South,2019-09-15,0.41500000000000004,13.0,11.5,12.86,3.6,19.6
Main Lake South,2019-09-16,0.41500000000000004,13.0,11.5,12.86,3.6,19.6
Main Lake South,2019-09-17,,,,,,
Main Lake South,2019-09-18,,,,,,
Main Lake South,2019-09-19,,,,,,
Main Lake South,2019-09-20,,,,,,
Main Lake South,2019-09-21,0.38,13.0,8.0,8.18,3.6,17.7
Main Lake South,2019-09-22,0.38,13.0,8.0,8.18,3.6,17.7
Main Lake South,2019-09-23,0.38,13.0,8.0,8.18,3.6,17.7
Main Lake South,2019-09-25,0.38,13.0,8.0,8.18,3.6,17.7
Main Lake South,2019-09-27,0.38,13.0,8.0,8.18,3.6,17.7
Main Lake South,2019-09-28,0.42,15.0,10.0,5.02,3.8,17.0
Main Lake South,2019-09-29,0.42,15.0,10.0,5.02,3.8,17.0
Main Lake South,2019-09-30,0.42,15.0,10.0,5.02,3.8,17.0
Main Lake South,2019-10-01,0.42,15.0,10.0,5.02,3.8,17.0
Main Lake South,2019-10-02,0.42,15.0,10.0,5.02,3.8,17.0
Main Lake South,2019-10-03,0.42,15.0,10.0,5.02,3.8,17.0
Main Lake South,2019-10-06,,,,,,
Main Lake South,2019-10-08,,,,,,
Main Lake South,2019-10-09,,,,,,
Main Lake South,2019-10-14,0.37,12.0,7.0,4.25,5.4,14.1
Main Lake South,2019-10-16,0.37,12.0,7.0,4.25,5.4,14.1
Main Lake South,2019-10-17,0.37,12.0,7.0,4.25,5.4,14.1
Main Lake South,2019-10-23,,,,,,
Main Lake South,2019-10-26,,,,,,
Main Lake South,2019-10-29,,,,,,
Main Lake South,2019-10-30,,,,,,
Main Lake South,2019-11-06,,,,,,
Main Lake South,2020-06-09,0.42,18.9,7.2,19.0,2.4,12.8
Main Lake South,2020-06-26,,,,,,
Main Lake South,2020-07-01,0.40499999999999997,11.35,6.15,4.69,3.5,17.4
Main Lake South,2020-07-02,0.40499999999999997,11.35,6.15,4.69,3.5,17.4
Main Lake South,2020-07-03,0.40499999999999997,11.35,6.15,4.69,3.5,17.4
Main Lake South,2020-07-05,0.40499999999999997,11.35,6.15,4.69,3.5,17.4
Main Lake South,2020-07-06,0.40499999999999997,11.35,6.15,4.69,3.5,17.4
Main Lake South,2020-07-07,0.42000000000000004,15.450000000000001,7.55,21.7,2.5,21.9
Main Lake South,2020-07-08,0.42000000000000004,15.450000000000001,7.55,21.7,2.5,21.9
Main Lake South,2020-07-09,0.42000000000000004,15.450000000000001,7.55,21.7,2.5,21.9
Main Lake South,2020-07-10,0.42000000000000004,15.450000000000001,7.55,21.7,2.5,21.9
Main Lake South,2020-07-12,0.42000000000000004,15.450000000000001,7.55,21.7,2.5,21.9
Main Lake South,2020-07-13,0.42000000000000004,15.450000000000001,7.55,21.7,2.5,21.9
Main Lake South,2020-07-15,,,,,,
Main Lake South,2020-07-16,0.42,16.8,6.1499999999999995,11.2,3.5,22.9
Main Lake South,2020-07-17,0.42,16.8,6.1499999999999995,11.2,3.5,22.9
Main Lake South,2020-07-18,0.42,16.8,6.1499999999999995,11.2,3.5,22.9
Main Lake South,2020-07-19,0.42,16.8,6.1499999999999995,11.2,3.5,22.9
Main Lake South,2020-07-20,0.42,16.8,6.1499999999999995,11.2,3.5,22.9
Main Lake South,2020-07-21,0.42,16.8,6.1499999999999995,11.2,3.5,22.9
Main Lake South,2020-07-22,0.42,16.8,6.1499999999999995,11.2,3.5,22.9
Main Lake South,2020-07-23,,,,,,
Main Lake South,2020-07-24,,,,,,
Main Lake South,2020-07-25,,,,,,
Main Lake South,2020-07-26,,,,,,
Main Lake South,2020-07-28,,,,,,
Main Lake South,2020-07-29,0.375,12.95,5.800000000000001,10.2,3.5,23.8
Main Lake South,2020-07-30,0.375,12.95,5.800000000000001,10.2,3.5,23.8
Main Lake South,2020-07-31,0.375,12.95,5.800000000000001,10.2,3.5,23.8
Main Lake South,2020-08-01,0.365,13.25,6.775,11.8,3.15,24.25
Main Lake South,2020-08-02,0.365,13.25,6.775,11.8,3.15,24.25
Main Lake South,2020-08-03,0.365,13.25,6.775,11.8,3.15,24.25
Main Lake South,2020-08-04,0.365,13.25,6.775,11.8,3.15,24.25
Main Lake South,2020-08-05,0.355,13.55,7.75,13.4,2.8,24.7
Main Lake South,2020-08-06,0.3625,14.825000000000001,6.9,9.32,3.05,23.299999999999997
Main Lake South,2020-08-09,0.37,16.1,6.050000000000001,5.24,3.3,21.9
Main Lake South,2020-08-10,0.37,16.1,6.050000000000001,5.24,3.3,21.9
Main Lake South,2020-08-11,0.37,16.1,6.050000000000001,5.24,3.3,21.9
Main Lake South,2020-08-12,0.37,16.1,6.050000000000001,5.24,3.3,21.9
Main Lake South,2020-08-13,,,,,,
Main Lake South,2020-08-14,,,,,,
Main Lake South,2020-08-15,,,,,,
Main Lake South,2020-08-17,,,,,,
Main Lake South,2020-08-18,,,,,,
Main Lake South,2020-08-19,0.38,14.0,7.300000000000001,6.22,3.0,22.6
Main Lake South,2020-08-20,0.38,14.0,7.300000000000001,6.22,3.0,22.6
Main Lake South,2020-08-21,0.38,14.0,7.300000000000001,6.22,3.0,22.6
Main Lake South,2020-08-23,0.38,14.0,7.300000000000001,6.22,3.0,22.6
Main Lake South,2020-08-24,0.38,14.0,7.300000000000001,6.22,3.0,22.6
Main Lake South,2020-08-25,0.38,14.0,7.300000000000001,6.22,3.0,22.6
Main Lake South,2020-08-26,,,,,,
Main Lake South,2020-08-27,,,,,,
Main Lake South,2020-08-28,,,,,,
Main Lake South,2020-08-29,,,,,,
Main Lake South,2020-08-31,,,,,,
Main Lake South,2020-09-01,0.385,12.95,8.45,5.85,4.4,21.3
Main Lake South,2020-09-02,0.385,12.95,8.45,5.85,4.4,21.3
Main Lake South,2020-09-03,0.385,12.95,8.45,5.85,4.4,21.3
Main Lake South,2020-09-04,0.3875,14.475,8.674999999999999,6.675,3.45,21.25
Main Lake South,2020-09-06,0.3875,14.475,8.674999999999999,6.675,3.45,21.25
Main Lake South,2020-09-07,0.3875,14.475,8.674999999999999,6.675,3.45,21.25
Main Lake South,2020-09-08,0.39,16.0,8.899999999999999,7.5,2.5,21.2
Main Lake South,2020-09-09,0.39,16.0,8.899999999999999,7.5,2.5,21.2
Main Lake South,2020-09-10,0.39,16.0,8.899999999999999,7.5,2.5,21.2
Main Lake South,2020-09-11,,,,,,
Main Lake South,2020-09-12,,,,,,
Main Lake South,2020-09-14,,,,,,
Main Lake South,2020-09-15,,,,,,
Main Lake South,2020-09-16,0.4,14.05,8.2,11.0,3.0,17.9
Main Lake South,2020-09-17,0.4,14.05,8.2,11.0,3.0,17.9
Main Lake South,2020-09-19,0.4,14.05,8.2,11.0,3.0,17.9
Main Lake South,2020-09-20,0.4,14.05,8.2,11.0,3.0,17.9
Main Lake South,2020-09-21,0.4,14.05,8.2,11.0,3.0,17.9
Main Lake South,2020-09-22,0.4,14.05,8.2,11.0,3.0,17.9
Main Lake South,2020-09-23,,,,,,
Main Lake South,2020-09-24,,,,,,
Main Lake South,2020-09-25,,,,,,
Main Lake South,2020-09-26,,,,,,
Main Lake South,2020-09-28,,,,,,
Main Lake South,2020-09-29,,,,,,
Main Lake South,2020-09-30,,,,,,
Main Lake South,2020-10-01,,,,,,
Main Lake South,2020-10-04,,,,,,
Main Lake South,2020-10-05,,,,,,
Main Lake South,2020-10-06,,,,,,
Main Lake South,2020-10-07,,,,,,
Main Lake South,2020-10-08,,,,,,
Main Lake South,2020-10-09,,,,,,
Main Lake South,2020-10-10,0.36,11.2,8.1,4.57,5.1,14.0
Main Lake South,2020-10-13,0.36,11.2,8.1,4.57,5.1,14.0
Main Lake South,2020-10-14,0.36,11.2,8.1,4.57,5.1,14.0
Main Lake South,2020-10-15,0.38,11.55,7.55,4.235,4.85,13.8
Main Lake South,2020-10-19,0.4,11.9,7.0,3.9,4.6,13.6
Main Lake South,2020-10-20,0.4,11.9,7.0,3.9,4.6,13.6
Main Lake South,2020-10-21,0.4,11.9,7.0,3.9,4.6,13.6
Main Lake South,2020-10-26,,,,,,
Main Lake South,2020-10-27,,,,,,
Main Lake South,2020-10-28,,,,,,
Main Lake South,2020-11-04,,,,,,
Main Lake South,2020-11-05,,,,,,
Main Lake South,2020-11-08,,,,,,
Main Lake South,2021-06-22,0.37,11.299999999999999,5.9,3.08,4.0,16.5
Main Lake South,2021-06-23,0.37,11.299999999999999,5.9,3.08,4.0,16.5
Main Lake South,2021-06-24,0.37,11.299999999999999,5.9,3.08,4.0,16.5
Main Lake South,2021-06-25,0.37,11.299999999999999,5.9,3.08,4.0,16.5
Main Lake South,2021-06-26,,,,,,
Main Lake South,2021-06-27,,,,,,
Main Lake South,2021-06-28,,,,,,
Main Lake South,2021-06-29,0.39,8.5,5.0,0.84,12.1,12.7
Main Lake South,2021-06-30,0.39,8.5,5.0,0.84,12.1,12.7
Main Lake South,2021-07-01,0.39,8.5,5.0,0.84,12.1,12.7
Main Lake South,2021-07-02,0.39,8.5,5.0,0.84,12.1,12.7
Main Lake South,2021-07-03,0.39,8.5,5.0,0.84,12.1,12.7
Main Lake South,2021-07-05,0.39,8.5,5.0,0.84,12.1,12.7
Main Lake South,2021-07-06,,,,,,
Main Lake South,2021-07-07,,,,,,
Main Lake South,2021-07-08,,,,,,
Main Lake South,2021-07-09,,,,,,
Main Lake South,2021-07-11,,,,,,
Main Lake South,2021-07-12,,,,,,
Main Lake South,2021-07-13,,,,,,
Main Lake South,2021-07-14,0.385,11.1,6.25,4.42,4.0,19.4
Main Lake South,2021-07-15,0.385,11.1,6.25,4.42,4.0,19.4
Main Lake South,2021-07-16,0.385,11.1,6.25,4.42,4.0,19.4
Main Lake South,2021-07-17,0.38,11.25,5.875,3.99,6.35,20.15
Main Lake South,2021-07-19,0.38,11.25,5.875,3.99,6.35,20.15
Main Lake South,2021-07-20,0.38,11.25,5.875,3.99,6.35,20.15
Main Lake South,2021-07-21,0.375,11.4,5.5,3.56,8.7,20.9
Main Lake South,2021-07-22,0.375,11.4,5.5,3.56,8.7,20.9
Main Lake South,2021-07-23,0.375,11.4,5.5,3.56,8.7,20.9
Main Lake South,2021-07-24,0.365,11.35,7.200000000000001,7.1,3.8,21.3
Main Lake South,2021-07-25,0.365,11.35,7.200000000000001,7.1,3.8,21.3
Main Lake South,2021-07-26,0.365,11.35,7.200000000000001,7.1,3.8,21.3
Main Lake South,2021-07-27,0.365,11.35,7.200000000000001,7.1,3.8,21.3
Main Lake South,2021-07-28,0.3675,11.125,6.700000000000001,9.399999999999999,3.15,21.5
Main Lake South,2021-07-29,0.3675,11.125,6.700000000000001,9.399999999999999,3.15,21.5
Main Lake South,2021-07-30,0.3675,11.125,6.700000000000001,9.399999999999999,3.15,21.5
Main Lake South,2021-08-02,0.37,10.899999999999999,6.2,11.7,2.5,21.7
Main Lake South,2021-08-03,0.37,10.899999999999999,6.2,11.7,2.5,21.7
Main Lake South,2021-08-04,,,,,,
Main Lake South,2021-08-05,,,,,,
Main Lake South,2021-08-06,,,,,,
Main Lake South,2021-08-07,,,,,,
Main Lake South,2021-08-09,,,,,,
Main Lake South,2021-08-10,0.375,11.1,7.6,3.99,3.3,23.4
Main Lake South,2021-08-11,0.375,11.1,7.6,3.99,3.3,23.4
Main Lake South,2021-08-12,0.3775,11.475,7.4,4.050000000000001,3.4,22.049999999999997
Main Lake South,2021-08-13,0.3775,11.475,7.4,4.050000000000001,3.4,22.049999999999997
Main Lake South,2021-08-14,0.3775,11.475,7.4,4.050000000000001,3.4,22.049999999999997
Main Lake South,2021-08-16,0.3775,11.475,7.4,4.050000000000001,3.4,22.049999999999997
Main Lake South,2021-08-17,0.38,11.85,7.200000000000001,4.11,3.5,20.7
Main Lake South,2021-08-18,0.38,11.85,7.200000000000001,4.11,3.5,20.7
Main Lake South,2021-08-19,,,,,,
Main Lake South,2021-08-20,,,,,,
Main Lake South,2021-08-21,0.38,14.100000000000001,7.449999999999999,5.38,4.5,22.5
Main Lake South,2021-08-22,0.38,14.100000000000001,7.449999999999999,5.38,4.5,22.5
Main Lake South,2021-08-23,0.38,14.100000000000001,7.449999999999999,5.38,4.5,22.5
Main Lake South,2021-08-24,0.38,14.100000000000001,7.449999999999999,5.38,4.5,22.5
Main Lake South,2021-08-25,0.38,14.100000000000001,7.449999999999999,5.38,4.5,22.5
Main Lake South,2021-08-26,0.38,14.100000000000001,7.449999999999999,5.38,4.5,22.5
Main Lake South,2021-08-27,0.38,14.100000000000001,7.449999999999999,5.38,4.5,22.5
Main Lake South,2021-08-30,,,,,,
Main Lake South,2021-08-31,,,,,,
Main Lake South,2021-09-01,,,,,,
Main Lake South,2021-09-02,0.38,15.9,8.9,8.22,3.4,22.1
Main Lake South,2021-09-04,0.37,15.05,8.45,6.53,3.25,21.5
Main Lake South,2021-09-06,0.37,15.05,8.45,6.53,3.25,21.5
Main Lake South,2021-09-07,0.37,15.05,8.45,6.53,3.25,21.5
Main Lake South,2021-09-08,0.37,15.05,8.45,6.53,3.25,21.5
Main Lake South,2021-09-09,0.36,14.2,8.0,4.84,3.1,20.9
Main Lake South,2021-09-10,,,,,,
Main Lake South,2021-09-11,,,,,,
Main Lake South,2021-09-12,,,,,,
Main Lake South,2021-09-13,,,,,,
Main Lake South,2021-09-14,,,,,,
Main Lake South,2021-09-15,,,,,,
Main Lake South,2021-09-16,,,,,,
Main Lake South,2021-09-17,,,,,,
Main Lake South,2021-09-18,0.385,13.5,9.3,12.9,2.9,20.3
Main Lake South,2021-09-20,0.385,13.5,9.3,12.9,2.9,20.3
Main Lake South,2021-09-21,0.385,13.5,9.3,12.9,2.9,20.3
Main Lake South,2021-09-22,0.385,13.5,9.3,12.9,2.9,20.3
Main Lake South,2021-09-23,0.385,13.5,9.3,12.9,2.9,20.3
Main Lake South,2021-09-24,0.385,13.5,9.3,12.9,2.9,20.3
Main Lake South,2021-09-25,,,,,,
Main Lake South,2021-09-27,,,,,,
Main Lake South,2021-09-28,,,,,,
Main Lake South,2021-09-29,,,,,,
Main Lake South,2021-10-01,,,,,,
Main Lake South,2021-10-03,,,,,,
Main Lake South,2021-10-04,,,,,,
Main Lake South,2021-10-05,,,,,,
Main Lake South,2021-10-06,,,,,,
Main Lake South,2021-10-07,,,,,,
Main Lake South,2021-10-08,,,,,,
Main Lake South,2021-10-09,,,,,,
Main Lake South,2021-10-10,,,,,,
Main Lake South,2021-10-11,,,,,,
Main Lake South,2021-10-12,,,,,,
Main Lake South,2021-10-13,0.405,11.2,8.2,5.26,5.0,16.6
Main Lake South,2021-10-14,0.405,11.2,8.2,5.26,5.0,16.6
Main Lake South,2021-10-15,0.405,11.2,8.2,5.26,5.0,16.6
Main Lake South,2021-10-18,0.3925,10.8,6.6499999999999995,5.779999999999999,4.4,16.75
Main Lake South,2021-10-20,0.38,10.4,5.1,6.3,3.8,16.9
Main Lake South,2021-10-21,0.38,10.75,5.6,4.455,5.0,16.4
Main Lake South,2021-10-23,0.38,11.1,6.1,2.61,6.2,15.9
Main Lake South,2021-10-24,0.38,11.1,6.1,2.61,6.2,15.9
Main Lake South,2021-10-26,0.38,11.1,6.1,2.61,6.2,15.9
Main Lake South,2021-10-27,0.38,11.1,6.1,2.61,6.2,15.9
Main Lake South,2021-10-29,,,,,,
Main Lake South,2021-10-30,,,,,,
Main Lake South,2021-11-01,,,,,,
Main Lake South,2021-11-04,,,,,,
Main Lake South,2021-11-05,,,,,,
Main Lake South,2021-11-06,,,,,,
Main Lake South,2022-06-22,,,,,,
Main Lake South,2022-06-23,,,,,,
Main Lake South,2022-06-24,,,,,,
Main Lake South,2022-06-25,,,,,,
Main Lake South,2022-06-27,,,,,,
Main Lake South,2022-06-28,,,,,,
Main Lake South,2022-06-29,,,,,,
Main Lake South,2022-06-30,0.355,14.2,8.8,3.3,2.3,
Main Lake South,2022-07-01,0.355,14.2,8.8,3.3,2.3,
Main Lake South,2022-07-03,0.355,14.2,8.8,3.3,2.3,
Main Lake South,2022-07-04,0.355,14.2,8.8,3.3,2.3,
Main Lake South,2022-07-05,0.355,14.2,8.8,3.3,2.3,
Main Lake South,2022-07-06,0.355,14.2,8.8,3.3,2.3,
Main Lake South,2022-07-07,,,,,,
Main Lake South,2022-07-08,0.385,13.05,8.100000000000001,4.3,3.6,
Main Lake South,2022-07-11,0.385,13.05,8.100000000000001,4.3,3.6,
Main Lake South,2022-07-12,0.4025,14.350000000000001,7.9750000000000005,5.27,3.1500000000000004,
Main Lake South,2022-07-13,0.4025,14.350000000000001,7.9750000000000005,5.27,3.1500000000000004,
Main Lake South,2022-07-14,0.4025,14.350000000000001,7.9750000000000005,5.27,3.1500000000000004,
Main Lake South,2022-07-15,0.42000000000000004,15.650000000000002,7.85,6.24,2.7,
Main Lake South,2022-07-16,0.42000000000000004,15.650000000000002,7.85,6.24,2.7,
Main Lake South,2022-07-17,0.42000000000000004,15.650000000000002,7.85,6.24,2.7,
Main Lake South,2022-07-18,0.42000000000000004,15.650000000000002,7.85,6.24,2.7,
Main Lake South,2022-07-19,,,,,,
Main Lake South,2022-07-20,,,,,,
Main Lake South,2022-07-21,,,,,,
Main Lake South,2022-07-22,,,,,,
Main Lake South,2022-07-24,0.35,9.35,6.6,5.19,3.3,
Main Lake South,2022-07-25,0.35,9.35,6.6,5.19,3.3,
Main Lake South,2022-07-26,0.35,9.35,6.6,5.19,3.3,
Main Lake South,2022-07-27,0.35,9.35,6.6,5.19,3.3,
Main Lake South,2022-07-28,0.35,9.35,6.6,5.19,3.3,
Main Lake South,2022-07-29,0.35,9.35,6.6,5.19,3.3,
Main Lake South,2022-07-30,,,,,,
Main Lake South,2022-08-01,,,,,,
Main Lake South,2022-08-02,0.435,13.2,8.3,0.7,5.4,
Main Lake South,2022-08-03,0.435,13.2,8.3,0.7,5.4,
Main Lake South,2022-08-04,0.435,13.2,8.3,0.7,5.4,
Main Lake South,2022-08-05,0.435,13.2,8.3,0.7,5.4,
Main Lake South,2022-08-08,0.435,13.2,8.3,0.7,5.4,
Main Lake South,2022-08-09,,,,,,
Main Lake South,2022-08-10,,,,,,
Main Lake South,2022-08-11,,,,,,
Main Lake South,2022-08-12,0.495,13.649999999999999,9.3,2.3,6.2,
Main Lake South,2022-08-13,0.495,13.649999999999999,9.3,2.3,6.2,
Main Lake South,2022-08-14,0.495,13.649999999999999,9.3,2.3,6.2,
Main Lake South,2022-08-15,0.495,13.649999999999999,9.3,2.3,6.2,
Main Lake South,2022-08-16,0.495,13.649999999999999,9.3,2.3,6.2,
Main Lake South,2022-08-17,0.495,13.649999999999999,9.3,2.3,6.2,
Main Lake South,2022-08-18,0.495,13.649999999999999,9.3,2.3,6.2,
Main Lake South,2022-08-19,,,,,,
Main Lake South,2022-08-20,0.37,13.899999999999999,9.350000000000001,4.11,4.2,
Main Lake South,2022-08-22,0.37,13.899999999999999,9.350000000000001,4.11,4.2,
Main Lake South,2022-08-23,0.37,13.899999999999999,9.350000000000001,4.11,4.2,
Main Lake South,2022-08-24,0.37,13.899999999999999,9.350000000000001,4.11,4.2,
Main Lake South,2022-08-25,0.37,13.899999999999999,9.350000000000001,4.11,4.2,
Main Lake South,2022-08-27,0.395,12.95,9.95,9.67,2.6,
Main Lake South,2022-08-29,0.395,12.95,9.95,9.67,2.6,
Main Lake South,2022-08-30,0.395,12.95,9.95,9.67,2.6,
Main Lake South,2022-08-31,0.395,12.95,9.95,9.67,2.6,
Main Lake South,2022-09-01,0.395,12.95,9.95,9.67,2.6,
Main Lake South,2022-09-02,,,,,,
Main Lake South,2022-09-03,,,,,,
Main Lake South,2022-09-05,,,,,,
Main Lake South,2022-09-06,,,,,,
Main Lake South,2022-09-07,,,,,,
Main Lake South,2022-09-08,,,,,,
Main Lake South,2022-09-09,,,,,,
Main Lake South,2022-09-10,0.39,10.850000000000001,8.0,9.17,3.3,
Main Lake South,2022-09-12,0.39,10.850000000000001,8.0,9.17,3.3,
Main Lake South,2022-09-13,0.39,10.850000000000001,8.0,9.17,3.3,
Main Lake South,2022-09-14,0.39,10.850000000000001,8.0,9.17,3.3,
Main Lake South,2022-09-15,0.39,10.850000000000001,8.0,9.17,3.3,
Main Lake South,2022-09-16,0.39,10.850000000000001,8.0,9.17,3.3,
Main Lake South,2022-09-19,,,,,,
Main Lake South,2022-09-20,0.385,13.6,8.3,6.05,3.2,
Main Lake South,2022-09-21,0.3825,12.675,7.95,6.324999999999999,3.65,
Main Lake South,2022-09-22,0.3825,12.675,7.95,6.324999999999999,3.65,
Main Lake South,2022-09-23,0.3825,12.675,7.95,6.324999999999999,3.65,
Main Lake South,2022-09-28,,,,,,
Main Lake South,2022-09-29,,,,,,
Main Lake South,2022-10-05,,,,,,
Main Lake South,2022-10-06,,,,,,
Main Lake South,2022-10-07,0.385,12.049999999999999,7.3999999999999995,4.26,3.5,
Main Lake South,2022-10-12,0.385,12.049999999999999,7.3999999999999995,4.26,3.5,
Main Lake South,2022-10-13,0.385,12.049999999999999,7.3999999999999995,4.26,3.5,
Main Lake South,2022-10-14,,,,,,
Main Lake South,2022-10-19,0.35,14.2,8.8,7.33,3.7,
Main Lake South,2022-10-21,0.35,14.2,8.8,7.33,3.7,
Main Lake South,2022-10-22,0.35,14.2,8.8,7.33,3.7,
Main Lake South,2022-10-26,,,,,,
Main Lake South,2022-10-27,,,,,,
Main Lake South,2022-10-28,,,,,,
Main Lake South,2022-11-02,,,,,,
Main Lake South,2022-11-05,,,,,,
Main Lake South,2022-11-09,,,,,,
Malletts Bay,2013-06-18,,,,,,
Malletts Bay,2013-06-23,,,,,,
Malletts Bay,2013-06-25,,,,,,
Malletts Bay,2013-06-30,,,,,,
Malletts Bay,2013-07-03,,,,,,
Malletts Bay,2013-07-06,,,,,,
Malletts Bay,2013-07-07,,,,,,
Malletts Bay,2013-07-08,,,,,,
Malletts Bay,2013-07-14,,,,,,
Malletts Bay,2013-07-21,,,,,,
Malletts Bay,2013-07-22,,,,,,
Malletts Bay,2013-07-29,,,,,,
Malletts Bay,2013-08-05,,,,,,
Malletts Bay,2013-08-11,,,,,,
Malletts Bay,2013-08-12,,,,,,
Malletts Bay,2013-08-18,,,,,,
Malletts Bay,2013-08-25,,,,,,
Malletts Bay,2013-09-01,,,,,,
Malletts Bay,2014-06-01,,,,,,
Malletts Bay,2014-06-13,0.345,12.6,6.449999999999999,1.87,5.2,20.6
Malletts Bay,2014-06-15,0.345,12.6,6.449999999999999,1.87,5.2,20.6
Malletts Bay,2014-06-16,0.345,12.6,6.449999999999999,1.87,5.2,20.6
Malletts Bay,2014-06-19,0.46499999999999997,13.45,7.050000000000001,3.51,3.5,21.0
Malletts Bay,2014-06-20,0.46499999999999997,13.45,7.050000000000001,3.51,3.5,21.0
Malletts Bay,2014-06-22,0.46499999999999997,13.45,7.050000000000001,3.51,3.5,21.0
Malletts Bay,2014-06-23,0.46499999999999997,13.45,7.050000000000001,3.51,3.5,21.0
Malletts Bay,2014-06-24,0.46499999999999997,13.45,7.050000000000001,3.51,3.5,21.0
Malletts Bay,2014-06-27,,,,,,
Malletts Bay,2014-06-30,,,,,,
Malletts Bay,2014-07-01,,,,,,
Malletts Bay,2014-07-03,0.395,11.2,6.6,5.47,3.6,22.6
Malletts Bay,2014-07-06,0.395,11.2,6.6,5.47,3.6,22.6
Malletts Bay,2014-07-08,0.395,11.2,6.6,5.47,3.6,22.6
Malletts Bay,2014-07-10,,,,,,
Malletts Bay,2014-07-13,0.42,10.25,5.25,3.89,3.5,22.5
Malletts Bay,2014-07-14,0.42,10.25,5.25,3.89,3.5,22.5
Malletts Bay,2014-07-17,0.405,10.175,5.15,4.59,3.7,22.7
Malletts Bay,2014-07-18,0.3925,10.025,5.074999999999999,3.9,4.1,23.2
Malletts Bay,2014-07-20,0.3925,10.025,5.074999999999999,3.9,4.1,23.2
Malletts Bay,2014-07-21,0.3925,10.025,5.074999999999999,3.9,4.1,23.2
Malletts Bay,2014-07-22,0.395,9.95,5.1,2.51,4.3,23.5
Malletts Bay,2014-07-25,,,,,,
Malletts Bay,2014-07-27,,,,,,
Malletts Bay,2014-07-29,,,,,,
Malletts Bay,2014-07-31,,,,,,
Malletts Bay,2014-08-03,0.37,9.75,5.800000000000001,2.74,5.1,22.0
Malletts Bay,2014-08-04,0.37,9.75,5.800000000000001,2.74,5.1,22.0
Malletts Bay,2014-08-07,0.365,9.5,5.5,3.05,5.199999999999999,22.7
Malletts Bay,2014-08-12,,,,,,
Malletts Bay,2014-08-14,,,,,,
Malletts Bay,2014-08-17,0.365,8.9,6.5,4.29,3.7,22.2
Malletts Bay,2014-08-19,0.365,8.9,6.5,4.29,3.7,22.2
Malletts Bay,2014-08-20,0.365,8.9,6.5,4.29,3.7,22.2
Malletts Bay,2014-08-24,0.375,10.25,6.1,0.5,6.3,21.9
Malletts Bay,2014-08-26,0.375,10.25,6.1,0.5,6.3,21.9
Malletts Bay,2014-08-30,,,,,,
Malletts Bay,2014-09-14,,,,,,
Malletts Bay,2015-06-15,,,,,,
Malletts Bay,2015-06-17,0.42500000000000004,13.600000000000001,6.4,2.4,1.0,18.9
Malletts Bay,2015-06-21,0.41000000000000003,14.35,6.5,2.355,1.35,18.85
Malletts Bay,2015-06-22,0.41000000000000003,14.35,6.5,2.355,1.35,18.85
Malletts Bay,2015-06-24,0.39499999999999996,15.099999999999998,6.6,2.31,1.7,18.8
Malletts Bay,2015-06-26,,,,,,
Malletts Bay,2015-06-29,0.405,13.8,7.549999999999999,4.57,2.7,21.0
Malletts Bay,2015-07-03,0.405,13.8,7.549999999999999,4.57,2.7,21.0
Malletts Bay,2015-07-06,,,,,,
Malletts Bay,2015-07-10,,,,,,
Malletts Bay,2015-07-13,0.37,12.25,6.75,2.83,6.6,21.4
Malletts Bay,2015-07-16,0.3775,11.725,6.925,2.5949999999999998,5.35,22.549999999999997
Malletts Bay,2015-07-20,0.385,11.2,7.1,2.36,4.1,23.7
Malletts Bay,2015-07-24,0.395,14.850000000000001,9.85,1.73,5.3,22.9
Malletts Bay,2015-07-27,0.395,14.850000000000001,9.85,1.73,5.3,22.9
Malletts Bay,2015-07-29,0.395,14.850000000000001,9.85,1.73,5.3,22.9
Malletts Bay,2015-07-31,0.395,10.7,11.5,2.87,5.0,25.0
Malletts Bay,2015-08-03,0.395,10.7,11.5,2.87,5.0,25.0
Malletts Bay,2015-08-05,0.395,10.7,11.5,2.87,5.0,25.0
Malletts Bay,2015-08-07,,,,,,
Malletts Bay,2015-08-10,,,,,,
Malletts Bay,2015-08-13,0.415,10.399999999999999,6.7,3.09,3.2,22.8
Malletts Bay,2015-08-19,0.415,10.399999999999999,6.7,3.09,3.2,22.8
Malletts Bay,2015-08-24,0.36,12.649999999999999,7.25,4.1,4.3,24.2
Malletts Bay,2015-08-25,0.36,12.649999999999999,7.25,4.1,4.3,24.2
Malletts Bay,2015-08-31,0.38,11.55,5.800000000000001,4.56,5.6,23.5
Malletts Bay,2015-09-02,0.38,11.55,5.800000000000001,4.56,5.6,23.5
Malletts Bay,2015-09-14,,,,,,
Malletts Bay,2015-09-22,0.3625,10.375,5.85,6.074999999999999,4.1,23.0
Malletts Bay,2016-06-18,,,,,,
Malletts Bay,2016-06-23,0.32499999999999996,9.35,5.0,2.28,4.0,19.8
Malletts Bay,2016-06-25,0.32499999999999996,9.35,5.0,2.28,4.0,19.8
Malletts Bay,2016-06-27,0.32499999999999996,9.35,5.0,2.28,4.0,19.8
Malletts Bay,2016-07-01,0.315,8.649999999999999,5.75,6.05,2.8,21.3
Malletts Bay,2016-07-02,0.315,8.649999999999999,5.75,6.05,2.8,21.3
Malletts Bay,2016-07-05,0.315,8.649999999999999,5.75,6.05,2.8,21.3
Malletts Bay,2016-07-07,,,,,,
Malletts Bay,2016-07-08,,,,,,
Malletts Bay,2016-07-14,0.315,9.05,5.125,2.4699999999999998,5.35,22.3
Malletts Bay,2016-07-18,0.315,9.05,5.125,2.4699999999999998,5.35,22.3
Malletts Bay,2016-07-21,,,,,,
Malletts Bay,2016-07-26,0.275,8.6,5.8,3.3,4.3,23.5
Malletts Bay,2016-07-29,0.2775,8.274999999999999,6.5,3.4,4.65,23.75
Malletts Bay,2016-08-04,0.28500000000000003,9.95,5.65,3.74,5.5,24.4
Malletts Bay,2016-08-08,0.28500000000000003,9.95,5.65,3.74,5.5,24.4
Malletts Bay,2016-08-11,0.32499999999999996,9.899999999999999,6.300000000000001,2.5,5.6,24.2
Malletts Bay,2016-08-15,0.32499999999999996,9.899999999999999,6.300000000000001,2.5,5.6,24.2
Malletts Bay,2016-08-18,,,,,,
Malletts Bay,2016-08-22,,,,,,
Malletts Bay,2016-08-23,,,,,,
Malletts Bay,2016-08-29,0.29000000000000004,9.575,6.25,3.39,4.85,22.85
Malletts Bay,2016-08-31,0.29000000000000004,9.575,6.25,3.39,4.85,22.85
Malletts Bay,2016-09-06,,,,,,
Malletts Bay,2017-06-09,,,,,,
Malletts Bay,2017-06-19,0.26,13.4,6.8,2.78,4.0,17.9
Malletts Bay,2017-06-22,0.30000000000000004,15.299999999999999,6.0,1.74,4.0,18.6
Malletts Bay,2017-06-24,0.30000000000000004,15.299999999999999,6.0,1.74,4.0,18.6
Malletts Bay,2017-06-26,0.30000000000000004,15.299999999999999,6.0,1.74,4.0,18.6
Malletts Bay,2017-06-27,0.30000000000000004,15.299999999999999,6.0,1.74,4.0,18.6
Malletts Bay,2017-07-03,,,,3.89,4.0,
Malletts Bay,2017-07-04,,,,3.89,4.0,
Malletts Bay,2017-07-10,,,,,,
Malletts Bay,2017-07-11,,,,,,
Malletts Bay,2017-07-17,0.355,11.600000000000001,5.25,3.29,3.0,22.1
Malletts Bay,2017-07-18,0.345,11.825000000000001,7.15,5.045,3.35,22.4
Malletts Bay,2017-07-24,0.33499999999999996,12.05,9.05,6.8,3.7,22.7
Malletts Bay,2017-07-25,,,,,,
Malletts Bay,2017-07-26,0.33499999999999996,10.95,5.800000000000001,5.85,3.7,22.8
Malletts Bay,2017-07-31,0.33499999999999996,10.95,5.800000000000001,5.85,3.7,22.8
Malletts Bay,2017-08-01,0.33499999999999996,10.95,5.800000000000001,5.85,3.7,22.8
Malletts Bay,2017-08-02,0.345,11.8,7.9,5.99,2.9,23.9
Malletts Bay,2017-08-04,0.345,11.8,7.9,5.99,2.9,23.9
Malletts Bay,2017-08-08,0.345,11.8,7.9,5.99,2.9,23.9
Malletts Bay,2017-08-09,0.335,9.9,5.0,5.13,5.0,22.8
Malletts Bay,2017-08-14,0.335,9.9,5.0,5.13,5.0,22.8
Malletts Bay,2017-08-16,,,,,,
Malletts Bay,2017-08-17,,,,,,
Malletts Bay,2017-08-22,0.395,12.8,8.05,5.12,4.7,22.7
Malletts Bay,2017-08-25,0.33999999999999997,9.85,6.550000000000001,6.41,3.5,22.5
Malletts Bay,2017-08-29,0.33999999999999997,9.85,6.550000000000001,6.41,3.5,22.5
Malletts Bay,2017-08-30,0.33999999999999997,9.85,6.550000000000001,6.41,3.5,22.5
Malletts Bay,2017-08-31,0.3675,9.975000000000001,6.450000000000001,5.705,4.85,22.3
Malletts Bay,2017-09-05,0.395,10.100000000000001,6.3500000000000005,5.0,6.2,22.1
Malletts Bay,2017-09-06,0.395,10.100000000000001,6.3500000000000005,5.0,6.2,22.1
Malletts Bay,2017-09-07,0.345,9.95,5.0,1.79,4.5,19.5
Malletts Bay,2017-09-11,0.345,9.95,5.0,1.79,4.5,19.5
Malletts Bay,2017-09-13,0.345,9.95,5.0,1.79,4.5,19.5
Malletts Bay,2017-09-14,,,,,,
Malletts Bay,2017-09-18,0.345,10.85,6.199999999999999,7.26,3.8,19.9
Malletts Bay,2017-09-22,0.33999999999999997,8.899999999999999,5.949999999999999,6.18,3.75,21.8
Malletts Bay,2017-09-25,0.33999999999999997,8.899999999999999,5.949999999999999,6.18,3.5,21.8
Malletts Bay,2017-09-26,0.33999999999999997,8.899999999999999,5.949999999999999,6.18,3.5,21.8
Malletts Bay,2017-09-27,0.33999999999999997,8.899999999999999,5.949999999999999,6.18,3.5,21.8
Malletts Bay,2018-06-05,,,,,,
Malletts Bay,2018-06-18,0.36,10.95,5.5,0.5,5.0,18.3
Malletts Bay,2018-06-21,0.3875,11.725,6.425,1.375,4.6,18.700000000000003
Malletts Bay,2018-06-24,0.41500000000000004,12.5,7.35,2.25,4.2,19.1
Malletts Bay,2018-06-25,0.41500000000000004,12.5,7.35,2.25,4.2,19.1
Malletts Bay,2018-06-26,0.39,13.55,5.15,2.21,4.0,19.3
Malletts Bay,2018-06-27,0.39,13.55,5.15,2.21,4.0,19.3
Malletts Bay,2018-06-28,0.39,13.55,5.15,2.21,4.0,19.3
Malletts Bay,2018-06-29,0.39,13.55,5.15,2.21,4.0,19.3
Malletts Bay,2018-06-30,0.39,13.55,5.15,2.21,4.0,19.3
Malletts Bay,2018-07-01,0.39,13.55,5.15,2.21,4.0,19.3
Malletts Bay,2018-07-02,0.39,13.55,5.15,2.21,4.0,19.3
Malletts Bay,2018-07-03,0.54,6.5,10.45,3.72,3.0,22.7
Malletts Bay,2018-07-06,0.54,6.5,10.45,3.72,3.0,22.7
Malletts Bay,2018-07-09,0.54,6.5,10.45,3.72,3.0,22.7
Malletts Bay,2018-07-10,,,,,,
Malletts Bay,2018-07-11,,,,,,
Malletts Bay,2018-07-16,0.3575,9.850000000000001,5.35,2.605,5.45,23.95
Malletts Bay,2018-07-17,0.3575,9.850000000000001,5.35,2.605,5.45,23.95
Malletts Bay,2018-07-18,0.3575,9.850000000000001,5.35,2.605,5.45,23.95
Malletts Bay,2018-07-23,,,,,,
Malletts Bay,2018-07-24,,,,,,
Malletts Bay,2018-07-30,,,,,,
Malletts Bay,2018-08-01,0.375,10.25,5.0,0.5,6.3,24.5
Malletts Bay,2018-08-02,0.34750000000000003,9.925,5.3,2.035,5.5,24.4
Malletts Bay,2018-08-03,0.34750000000000003,9.925,5.3,2.035,5.5,24.4
Malletts Bay,2018-08-04,0.34750000000000003,9.925,5.3,2.035,5.5,24.4
Malletts Bay,2018-08-06,0.34750000000000003,9.925,5.3,2.035,5.5,24.4
Malletts Bay,2018-08-07,0.34750000000000003,9.925,5.3,2.035,5.5,24.4
Malletts Bay,2018-08-08,0.32,9.600000000000001,5.6,3.57,4.7,24.3
Malletts Bay,2018-08-09,,,,,,
Malletts Bay,2018-08-10,,,,,,
Malletts Bay,2018-08-13,,,,,,
Malletts Bay,2018-08-14,,,,,,
Malletts Bay,2018-08-15,,,,,,
Malletts Bay,2018-08-16,,,,,,
Malletts Bay,2018-08-17,0.265,8.649999999999999,5.05,0.6,5.3,25.4
Malletts Bay,2018-08-20,0.2925,12.799999999999999,5.425000000000001,0.715,5.199999999999999,25.25
Malletts Bay,2018-08-21,0.2925,12.799999999999999,5.425000000000001,0.715,5.199999999999999,25.25
Malletts Bay,2018-08-22,0.2925,12.799999999999999,5.425000000000001,0.715,5.199999999999999,25.25
Malletts Bay,2018-08-27,,,,,,
Malletts Bay,2018-08-28,,,,,,
Malletts Bay,2018-08-29,,,,,,
Malletts Bay,2018-09-06,0.34,9.2,5.25,2.84,6.0,24.0
Malletts Bay,2018-09-12,0.305,8.850000000000001,5.05,2.7,4.5,21.4
Malletts Bay,2018-09-14,0.305,8.850000000000001,5.05,2.7,4.5,21.4
Malletts Bay,2018-09-19,0.33999999999999997,9.5,6.45,5.15,5.2,22.7
Malletts Bay,2018-09-26,,,,,,
Malletts Bay,2019-06-10,,,,,,
Malletts Bay,2019-06-18,0.42000000000000004,10.0,5.5,2.32,3.6,17.1
Malletts Bay,2019-06-19,0.42000000000000004,10.0,5.5,2.32,3.6,17.1
Malletts Bay,2019-06-20,,,,,,
Malletts Bay,2019-06-24,,,,,,
Malletts Bay,2019-06-25,0.37999999999999995,9.0,5.0,3.52,3.2,19.8
Malletts Bay,2019-06-26,0.37999999999999995,9.0,5.0,3.52,3.2,19.8
Malletts Bay,2019-06-27,0.37999999999999995,9.0,5.0,3.52,3.2,19.8
Malletts Bay,2019-06-28,0.37999999999999995,9.0,5.0,3.52,3.2,19.8
Malletts Bay,2019-07-01,0.37999999999999995,9.0,5.0,3.52,3.2,19.8
Malletts Bay,2019-07-02,0.4,10.5,6.0,5.75,2.6,23.2
Malletts Bay,2019-07-03,0.4,10.5,6.0,5.75,2.6,23.2
Malletts Bay,2019-07-05,0.3925,10.5,5.75,5.27,2.75,23.85
Malletts Bay,2019-07-08,0.3925,10.5,5.75,5.27,2.75,23.85
Malletts Bay,2019-07-09,0.385,10.5,5.5,4.79,2.9,24.5
Malletts Bay,2019-07-10,0.385,10.5,5.5,4.79,2.9,24.5
Malletts Bay,2019-07-12,,,,,,
Malletts Bay,2019-07-15,,,,,,
Malletts Bay,2019-07-16,,,,,,
Malletts Bay,2019-07-17,,,,,,
Malletts Bay,2019-07-22,0.36,9.5,5.5,4.24,4.2,24.0
Malletts Bay,2019-07-23,0.3625,10.5,6.0,3.835,4.0,24.45
Malletts Bay,2019-07-24,0.3625,10.5,6.0,3.835,4.0,24.45
Malletts Bay,2019-07-26,0.365,11.5,6.5,3.43,3.8,24.9
Malletts Bay,2019-07-29,0.365,11.5,6.5,3.43,3.8,24.9
Malletts Bay,2019-07-30,,,,,,
Malletts Bay,2019-07-31,,,,,,
Malletts Bay,2019-08-02,,,,,,
Malletts Bay,2019-08-03,0.275,9.0,6.5,3.75,3.9,25.2
Malletts Bay,2019-08-05,0.275,9.0,6.5,3.75,3.9,25.2
Malletts Bay,2019-08-06,0.275,9.0,6.5,3.75,3.9,25.2
Malletts Bay,2019-08-07,0.275,9.0,6.5,3.75,3.9,25.2
Malletts Bay,2019-08-08,0.275,9.0,6.5,3.75,3.9,25.2
Malletts Bay,2019-08-12,,,,,,
Malletts Bay,2019-08-13,,,,,,
Malletts Bay,2019-08-14,0.35,9.5,5.5,1.99,2.8,23.7
Malletts Bay,2019-08-15,0.35,9.5,5.5,1.99,2.8,23.7
Malletts Bay,2019-08-16,0.3475,14.5,5.5,2.495,3.55,23.7
Malletts Bay,2019-08-19,0.3475,14.5,5.5,2.495,3.55,23.7
Malletts Bay,2019-08-20,0.3475,14.5,5.5,2.495,3.55,23.7
Malletts Bay,2019-08-21,0.345,19.5,5.5,3.0,4.3,23.7
Malletts Bay,2019-08-22,0.345,19.5,5.5,3.0,4.3,23.7
Malletts Bay,2019-08-26,0.315,5.0,9.0,6.19,5.0,23.2
Malletts Bay,2019-08-27,0.315,5.0,9.0,6.19,5.0,23.2
Malletts Bay,2019-08-31,,,,,,
Malletts Bay,2019-09-02,,,,,,
Malletts Bay,2019-09-03,,,,,,
Malletts Bay,2019-09-05,,,,,,
Malletts Bay,2019-09-10,0.285,9.25,6.5,9.14,4.65,20.25
Malletts Bay,2019-09-13,0.325,9.0,8.5,9.22,4.5,19.9
Malletts Bay,2019-09-16,0.325,9.0,8.5,9.22,4.5,19.9
Malletts Bay,2019-09-18,0.38249999999999995,9.5,8.75,10.53,4.3,18.3
Malletts Bay,2019-09-19,0.38249999999999995,9.5,8.75,10.53,4.3,18.3
Malletts Bay,2019-09-20,0.33499999999999996,10.0,8.5,10.53,4.3,18.3
Malletts Bay,2019-09-23,0.33749999999999997,12.75,9.0,10.219999999999999,3.95,18.200000000000003
Malletts Bay,2019-09-26,0.33999999999999997,15.5,9.5,9.91,3.6,18.1
Malletts Bay,2019-09-30,,,,,,
Malletts Bay,2019-10-05,0.315,10.5,5.5,9.28,4.0,17.6
Malletts Bay,2019-10-09,,,,,,
Malletts Bay,2019-10-10,,,,,,
Malletts Bay,2019-10-14,,,,,,
Malletts Bay,2019-10-15,,,,,,
Malletts Bay,2019-10-21,0.32,10.0,5.0,6.93,3.8,14.7
Malletts Bay,2020-06-24,0.365,10.1,5.45,5.04,6.3,21.1
Malletts Bay,2020-06-29,0.36,11.1,5.4,5.15,4.1,23.9
Malletts Bay,2020-07-02,,,,,,
Malletts Bay,2020-07-06,,,,,,
Malletts Bay,2020-07-09,,,,,,
Malletts Bay,2020-07-10,,,,,,
Malletts Bay,2020-07-13,,,,,,
Malletts Bay,2020-07-16,0.33499999999999996,9.85,5.15,7.21,3.5,25.3
Malletts Bay,2020-07-17,0.33499999999999996,9.85,5.15,7.21,3.5,25.3
Malletts Bay,2020-07-20,0.33499999999999996,9.85,5.15,7.21,3.5,25.3
Malletts Bay,2020-07-23,,,,,,
Malletts Bay,2020-07-24,,,,,,
Malletts Bay,2020-07-27,,,,,,
Malletts Bay,2020-07-31,0.355,9.025,8.799999999999999,4.82,4.25,25.65
Malletts Bay,2020-08-03,0.355,9.025,8.799999999999999,4.82,4.25,25.65
Malletts Bay,2020-08-06,,,,,,
Malletts Bay,2020-08-07,,,,,,
Malletts Bay,2020-08-10,,,,,,
Malletts Bay,2020-08-13,,,,,,
Malletts Bay,2020-08-14,0.33,9.05,5.0,5.74,3.5,25.1
Malletts Bay,2020-08-17,0.33,9.05,5.0,5.74,3.5,25.1
Malletts Bay,2020-08-20,0.33,9.05,5.0,5.74,3.5,25.1
Malletts Bay,2020-08-24,0.335,9.399999999999999,5.15,6.59,5.4,24.6
Malletts Bay,2020-08-25,0.335,9.524999999999999,5.15,7.07,5.4,24.25
Malletts Bay,2020-08-27,0.335,9.524999999999999,5.15,7.07,5.4,24.25
Malletts Bay,2020-08-31,0.335,9.65,5.15,7.55,,23.9
Malletts Bay,2020-09-03,,,,,,
Malletts Bay,2020-09-04,,,,,,
Malletts Bay,2020-09-05,,,,,,
Malletts Bay,2020-09-07,,,,,,
Malletts Bay,2020-09-10,,,,,,
Malletts Bay,2020-09-14,,,,,,
Malletts Bay,2020-09-21,,,,,,
Malletts Bay,2020-09-22,0.34,10.25,6.6000000000000005,7.09,4.1,16.8
Malletts Bay,2020-09-23,0.34,10.25,6.6000000000000005,7.09,4.1,16.8
Malletts Bay,2020-09-24,0.34750000000000003,10.5,6.4,6.82,3.75,16.700000000000003
Malletts Bay,2020-09-28,0.34750000000000003,10.5,6.4,6.82,3.75,16.700000000000003
Malletts Bay,2020-10-01,,,,,,
Malletts Bay,2020-10-05,,,,,,
Malletts Bay,2020-10-07,,,,,,
Malletts Bay,2020-10-13,0.3325,9.25,5.625,4.555,2.8499999999999996,14.8
Malletts Bay,2020-10-14,0.3325,9.25,5.625,4.555,2.8499999999999996,14.8
Malletts Bay,2020-10-30,,,,,,
Malletts Bay,2020-11-06,,,,,,
Malletts Bay,2021-06-23,,,,,,
Malletts Bay,2021-06-24,,,,,,
Malletts Bay,2021-06-28,,,,,,
Malletts Bay,2021-06-30,,,,,,
Malletts Bay,2021-07-01,,,,,,
Malletts Bay,2021-07-02,0.295,9.15,5.05,2.9,5.1,23.0
Malletts Bay,2021-07-05,0.295,9.15,5.05,2.9,5.1,23.0
Malletts Bay,2021-07-06,0.295,9.15,5.05,2.9,5.1,23.0
Malletts Bay,2021-07-07,0.3125,10.45,5.375,2.795,5.05,23.0
Malletts Bay,2021-07-08,0.3125,10.45,5.375,2.795,5.05,23.0
Malletts Bay,2021-07-09,0.315,11.399999999999999,5.975,3.0700000000000003,5.6,21.5
Malletts Bay,2021-07-12,0.315,11.399999999999999,5.975,3.0700000000000003,5.6,21.5
Malletts Bay,2021-07-13,0.315,11.399999999999999,5.975,3.0700000000000003,5.6,21.5
Malletts Bay,2021-07-15,0.3,11.049999999999999,6.25,3.45,6.2,21.5
Malletts Bay,2021-07-16,,,,,,
Malletts Bay,2021-07-18,,,,,,
Malletts Bay,2021-07-19,,,,,,
Malletts Bay,2021-07-20,,,,,,
Malletts Bay,2021-07-22,,,,,,
Malletts Bay,2021-07-23,,,,,,
Malletts Bay,2021-07-26,0.325,8.6,6.5,3.43,6.4,22.9
Malletts Bay,2021-07-27,0.325,8.6,6.5,3.43,6.4,22.9
Malletts Bay,2021-07-28,0.325,8.6,6.5,3.43,6.4,22.9
Malletts Bay,2021-08-02,0.28,9.55,5.65,7.74,3.9,22.9
Malletts Bay,2021-08-03,0.28,9.55,5.65,7.74,3.9,22.9
Malletts Bay,2021-08-04,0.28,9.55,5.65,7.74,3.9,22.9
Malletts Bay,2021-08-09,0.315,8.05,5.3,4.09,4.6,21.8
Malletts Bay,2021-08-11,0.315,8.05,5.3,4.09,4.6,21.8
Malletts Bay,2021-08-12,,,,,,
Malletts Bay,2021-08-13,,,,,,
Malletts Bay,2021-08-16,0.29500000000000004,8.45,5.25,5.28,4.1,24.7
Malletts Bay,2021-08-17,0.29500000000000004,8.45,5.25,5.28,4.1,24.7
Malletts Bay,2021-08-18,0.29500000000000004,8.45,5.25,5.28,4.1,24.7
Malletts Bay,2021-08-19,0.29500000000000004,8.45,5.25,5.28,4.1,24.7
Malletts Bay,2021-08-23,,,,,,
Malletts Bay,2021-08-25,,,,,,
Malletts Bay,2021-08-30,0.2875,9.575,5.4,4.154999999999999,6.2,25.65
Malletts Bay,2021-08-31,0.2875,9.575,5.4,4.154999999999999,6.2,25.65
Malletts Bay,2021-09-02,0.29000000000000004,9.0,5.0,4.13,6.7,25.8
Malletts Bay,2021-09-06,,,,,,
Malletts Bay,2021-09-09,,,,,,
Malletts Bay,2021-09-13,,,,,,
Malletts Bay,2021-09-14,,,,,,
Malletts Bay,2021-09-16,0.3125,9.049999999999999,5.775,4.275,5.7,20.65
Malletts Bay,2021-09-20,0.3125,9.049999999999999,5.775,4.275,5.7,20.65
Malletts Bay,2021-09-21,0.30874999999999997,9.274999999999999,5.6875,4.1625,5.65,20.475
Malletts Bay,2021-09-23,0.305,9.5,5.6,4.05,5.6,20.3
Malletts Bay,2021-09-27,0.305,9.5,5.6,4.05,5.6,20.3
Malletts Bay,2021-09-30,,,,,,
Malletts Bay,2021-10-06,0.3125,8.1,5.4,3.945,5.699999999999999,18.200000000000003
Malletts Bay,2021-10-07,0.3125,8.1,5.4,3.945,5.699999999999999,18.200000000000003
Malletts Bay,2021-10-12,,,,,,
Malletts Bay,2021-10-15,,,,,,
Malletts Bay,2021-10-19,0.315,8.3,5.15,3.8,3.6,17.0
Malletts Bay,2021-10-22,0.315,8.3,5.15,3.8,3.6,17.0
Malletts Bay,2021-10-28,,,,,,
Malletts Bay,2022-06-20,,,,,,
Malletts Bay,2022-06-26,0.36,13.600000000000001,6.15,3.5,3.4,
Malletts Bay,2022-06-27,0.36,13.600000000000001,6.15,3.5,3.4,
Malletts Bay,2022-06-30,,,,,,
Malletts Bay,2022-07-04,0.345,13.15,7.75,4.23,4.0,
Malletts Bay,2022-07-06,0.345,13.15,7.75,4.23,4.0,
Malletts Bay,2022-07-07,0.345,13.15,7.75,4.23,4.0,
Malletts Bay,2022-07-08,,,,,,
Malletts Bay,2022-07-09,,,,,,
Malletts Bay,2022-07-11,,,,,,
Malletts Bay,2022-07-13,,,,,,
Malletts Bay,2022-07-14,,,,,,
Malletts Bay,2022-07-18,0.47,11.05,6.2,4.78,4.3,
Malletts Bay,2022-07-20,0.47,11.05,6.2,4.78,4.3,
Malletts Bay,2022-07-21,0.47,11.05,6.2,4.78,4.3,
Malletts Bay,2022-07-25,0.32999999999999996,9.8,6.45,3.07,4.1,
Malletts Bay,2022-07-27,0.32999999999999996,9.8,6.45,3.07,4.1,
Malletts Bay,2022-07-28,0.32999999999999996,9.8,6.45,3.07,4.1,
Malletts Bay,2022-08-01,0.37,12.55,5.65,2.6,5.8,
Malletts Bay,2022-08-04,0.37,12.55,5.65,2.6,5.8,
Malletts Bay,2022-08-08,,,,,,
Malletts Bay,2022-08-10,0.33499999999999996,10.700000000000001,6.550000000000001,4.54,3.5,
Malletts Bay,2022-08-11,0.33499999999999996,10.700000000000001,6.550000000000001,4.54,3.5,
Malletts Bay,2022-08-15,0.33499999999999996,10.700000000000001,6.550000000000001,4.54,3.5,
Malletts Bay,2022-08-16,0.38,10.65,5.25,5.27,5.2,
Malletts Bay,2022-08-18,0.38,10.65,5.25,5.27,5.2,
Malletts Bay,2022-08-20,0.38,10.65,5.25,5.27,5.2,
Malletts Bay,2022-08-21,0.38,10.65,5.25,5.27,5.2,
Malletts Bay,2022-08-22,0.38,10.65,5.25,5.27,5.2,
Malletts Bay,2022-08-25,,,,,,
Malletts Bay,2022-08-29,,,,,,
Malletts Bay,2022-08-30,,,,,,
Malletts Bay,2022-08-31,0.35,9.65,5.75,4.4,3.4,
Malletts Bay,2022-09-01,0.35,9.65,5.75,4.4,3.4,
Malletts Bay,2022-09-05,0.35,9.65,5.75,4.4,3.4,
Malletts Bay,2022-09-08,,,,,,
Malletts Bay,2022-09-12,0.35,9.149999999999999,5.85,6.59,4.4,
Malletts Bay,2022-09-13,0.35,9.149999999999999,5.85,6.59,4.4,
Malletts Bay,2022-09-15,0.35,9.149999999999999,5.85,6.59,4.4,
Malletts Bay,2022-09-19,0.39,10.3,166.0,3.17,,
Malletts Bay,2022-09-20,0.39,10.3,166.0,3.17,,
Malletts Bay,2022-09-23,0.385,10.3,87.4,3.17,4.3,
Malletts Bay,2022-09-26,0.38,10.3,8.8,,4.3,
Malletts Bay,2022-09-29,0.45,10.75,7.65,4.78,3.6,
Malletts Bay,2022-10-01,0.45,10.75,7.65,4.78,3.6,
Malletts Bay,2022-10-06,0.38,8.3,10.55,3.43,4.7,
Malletts Bay,2022-10-12,0.38,8.3,10.55,3.43,4.7,
Malletts Bay,2022-10-13,0.375,7.949999999999999,5.4,5.08,3.5,
Malletts Bay,2022-10-23,,,,,,
Malletts Bay,2022-11-03,,,,,,
Missisquoi Bay,2012-07-01,,,,,,
Missisquoi Bay,2012-07-02,,,,,,
Missisquoi Bay,2012-07-08,,,,,,
Missisquoi Bay,2012-07-09,,,,,,
Missisquoi Bay,2012-07-15,,,,,,
Missisquoi Bay,2012-07-16,,,,,,
Missisquoi Bay,2012-07-22,,,,,,
Missisquoi Bay,2012-07-23,,,,,,
Missisquoi Bay,2012-07-29,,,,,,
Missisquoi Bay,2012-07-30,,,,,,
Missisquoi Bay,2012-08-04,,,,,,
Missisquoi Bay,2012-08-05,,,,,,
Missisquoi Bay,2012-08-06,,,,,,
Missisquoi Bay,2012-08-12,,,,,,
Missisquoi Bay,2012-08-13,,,,,,
Missisquoi Bay,2012-08-19,,,,,,
Missisquoi Bay,2012-08-20,,,,,,
Missisquoi Bay,2012-08-26,,,,,,
Missisquoi Bay,2012-08-29,,,,,,
Missisquoi Bay,2012-09-02,,,,,,
Missisquoi Bay,2012-09-04,,,,,,
Missisquoi Bay,2012-09-09,,,,,,
Missisquoi Bay,2012-09-10,,,,,,
Missisquoi Bay,2012-09-16,,,,,,
Missisquoi Bay,2012-09-23,,,,,,
Missisquoi Bay,2013-06-16,,,,,,
Missisquoi Bay,2013-06-17,,,,,,
Missisquoi Bay,2013-06-23,,,,,,
Missisquoi Bay,2013-06-24,,,,,,
Missisquoi Bay,2013-06-25,,,,,,
Missisquoi Bay,2013-06-29,,,,,,
Missisquoi Bay,2013-06-30,,,,,,
Missisquoi Bay,2013-07-02,,,,,,
Missisquoi Bay,2013-07-07,,,,,,
Missisquoi Bay,2013-07-09,,,,,,
Missisquoi Bay,2013-07-13,,,,,,
Missisquoi Bay,2013-07-14,,,,,,
Missisquoi Bay,2013-07-16,,,,,,
Missisquoi Bay,2013-07-20,,,,,,
Missisquoi Bay,2013-07-21,,,,,,
Missisquoi Bay,2013-07-22,,,,,,
Missisquoi Bay,2013-07-23,,,,,,
Missisquoi Bay,2013-07-28,,,,,,
Missisquoi Bay,2013-07-29,,,,,,
Missisquoi Bay,2013-07-30,,,,,,
Missisquoi Bay,2013-08-03,,,,,,
Missisquoi Bay,2013-08-04,,,,,,
Missisquoi Bay,2013-08-06,,,,,,
Missisquoi Bay,2013-08-11,,,,,,
Missisquoi Bay,2013-08-12,,,,,,
Missisquoi Bay,2013-08-13,,,,,,
Missisquoi Bay,2013-08-17,,,,,,
Missisquoi Bay,2013-08-18,,,,,,
Missisquoi Bay,2013-08-19,,,,,,
Missisquoi Bay,2013-08-20,,,,,,
Missisquoi Bay,2013-08-24,,,,,,
Missisquoi Bay,2013-08-25,,,,,,
Missisquoi Bay,2013-08-26,,,,,,
Missisquoi Bay,2013-08-27,,,,,,
Missisquoi Bay,2013-08-28,,,,,,
Missisquoi Bay,2013-09-01,,,,,,
Missisquoi Bay,2013-09-03,,,,,,
Missisquoi Bay,2013-09-13,,,,,,
Missisquoi Bay,2013-09-24,,,,,,
Missisquoi Bay,2014-06-15,,,,,,
Missisquoi Bay,2014-06-16,,,,,,
Missisquoi Bay,2014-06-17,,,,,,
Missisquoi Bay,2014-06-21,0.97,66.6,24.5,4.19,1.5,21.1
Missisquoi Bay,2014-06-22,0.97,66.6,24.5,4.19,1.5,21.1
Missisquoi Bay,2014-06-23,0.97,66.6,24.5,4.19,1.5,21.1
Missisquoi Bay,2014-06-24,0.965,56.349999999999994,29.4,3.555,2.05,21.75
Missisquoi Bay,2014-06-26,0.965,56.349999999999994,29.4,3.555,2.05,21.75
Missisquoi Bay,2014-06-29,0.96,46.1,34.3,2.92,2.6,22.4
Missisquoi Bay,2014-06-30,0.96,46.1,34.3,2.92,2.6,22.4
Missisquoi Bay,2014-07-06,,,,,,
Missisquoi Bay,2014-07-07,,,,,,
Missisquoi Bay,2014-07-08,,,,,,
Missisquoi Bay,2014-07-11,1.01,61.9,25.7,5.82,1.0,23.0
Missisquoi Bay,2014-07-13,1.01,61.9,25.7,5.82,1.0,23.0
Missisquoi Bay,2014-07-14,1.01,61.9,25.7,5.82,1.0,23.0
Missisquoi Bay,2014-07-15,1.01,61.9,25.7,5.82,1.0,23.0
Missisquoi Bay,2014-07-16,0.89,48.849999999999994,20.1,10.555,1.5,23.35
Missisquoi Bay,2014-07-20,0.77,35.8,14.5,15.29,2.0,23.7
Missisquoi Bay,2014-07-21,0.77,35.8,14.5,15.29,2.0,23.7
Missisquoi Bay,2014-07-22,0.775,38.25,13.1,10.865,1.75,23.549999999999997
Missisquoi Bay,2014-07-24,0.78,40.7,11.7,6.44,1.5,23.4
Missisquoi Bay,2014-07-27,0.78,40.7,11.7,6.44,1.5,23.4
Missisquoi Bay,2014-07-28,0.78,40.7,11.7,6.44,1.5,23.4
Missisquoi Bay,2014-07-29,,,,,,
Missisquoi Bay,2014-07-30,,,,,,
Missisquoi Bay,2014-08-03,,,,,,
Missisquoi Bay,2014-08-04,,,,,,
Missisquoi Bay,2014-08-06,0.68,64.7,29.6,27.84,1.3,24.0
Missisquoi Bay,2014-08-10,0.645,59.3,24.15,23.53,1.65,23.85
Missisquoi Bay,2014-08-11,0.645,59.3,24.15,23.53,1.65,23.85
Missisquoi Bay,2014-08-12,0.645,59.3,24.15,23.53,1.65,23.85
Missisquoi Bay,2014-08-17,,,,,,
Missisquoi Bay,2014-08-18,,,,,,
Missisquoi Bay,2014-08-19,,,,,,
Missisquoi Bay,2014-08-21,0.59,68.8,40.9,11.98,1.6,20.6
Missisquoi Bay,2014-08-24,0.55,60.45,31.35,15.275,1.4500000000000002,21.4
Missisquoi Bay,2014-08-25,0.55,60.45,31.35,15.275,1.4500000000000002,21.4
Missisquoi Bay,2014-08-26,0.55,60.45,31.35,15.275,1.4500000000000002,21.4
Missisquoi Bay,2014-08-31,,,,,,
Missisquoi Bay,2014-09-01,,,,,,
Missisquoi Bay,2014-09-02,,,,,,
Missisquoi Bay,2014-09-07,,,,,,
Missisquoi Bay,2014-09-08,,,,,,
Missisquoi Bay,2014-09-09,,,,,,
Missisquoi Bay,2014-09-14,0.68,97.2,16.0,37.49,1.0,
Missisquoi Bay,2014-09-15,0.68,97.2,16.0,37.49,1.0,
Missisquoi Bay,2014-09-21,0.6,86.7,31.6,43.65,1.1,15.2
Missisquoi Bay,2014-09-22,0.6,86.7,31.6,43.65,1.1,15.2
Missisquoi Bay,2014-09-28,,,,,,
Missisquoi Bay,2014-09-29,,,,,,
Missisquoi Bay,2015-06-14,,,,,,
Missisquoi Bay,2015-06-15,,,,,,
Missisquoi Bay,2015-06-16,,,,,,
Missisquoi Bay,2015-06-19,0.86,46.6,23.6,1.64,1.5,19.3
Missisquoi Bay,2015-06-20,0.86,46.6,23.6,1.64,1.5,19.3
Missisquoi Bay,2015-06-21,0.86,46.6,23.6,1.64,1.5,19.3
Missisquoi Bay,2015-06-22,0.86,46.6,23.6,1.64,1.5,19.3
Missisquoi Bay,2015-06-23,0.86,46.6,23.6,1.64,1.5,19.3
Missisquoi Bay,2015-06-24,,,,,,
Missisquoi Bay,2015-06-25,,,,,,
Missisquoi Bay,2015-06-26,,,,,,
Missisquoi Bay,2015-06-27,,,,,,
Missisquoi Bay,2015-06-28,,,,,,
Missisquoi Bay,2015-06-29,,,,,,
Missisquoi Bay,2015-06-30,,,,,,
Missisquoi Bay,2015-07-02,,,,,,
Missisquoi Bay,2015-07-04,,,,,,
Missisquoi Bay,2015-07-05,,,,,,
Missisquoi Bay,2015-07-06,,,,,,
Missisquoi Bay,2015-07-07,,,,,,
Missisquoi Bay,2015-07-09,0.87,42.75,23.15,9.100000000000001,1.6,22.1
Missisquoi Bay,2015-07-11,0.87,42.75,23.15,9.100000000000001,1.6,22.1
Missisquoi Bay,2015-07-12,0.87,42.75,23.15,9.100000000000001,1.6,22.1
Missisquoi Bay,2015-07-13,0.87,42.75,23.15,9.100000000000001,1.6,22.1
Missisquoi Bay,2015-07-14,0.87,42.75,23.15,9.100000000000001,1.6,22.1
Missisquoi Bay,2015-07-19,,,,,,
Missisquoi Bay,2015-07-20,,,,,,
Missisquoi Bay,2015-07-21,0.74,43.0,19.5,18.48,1.4,23.9
Missisquoi Bay,2015-07-22,0.74,43.0,19.5,18.48,1.4,23.9
Missisquoi Bay,2015-07-25,0.725,41.05,23.3,12.58,1.8,23.45
Missisquoi Bay,2015-07-26,0.725,41.05,23.3,12.58,1.8,23.45
Missisquoi Bay,2015-07-27,0.725,41.05,23.3,12.58,1.8,23.45
Missisquoi Bay,2015-07-28,0.71,39.1,27.1,6.68,2.2,23.0
Missisquoi Bay,2015-08-01,,,,,,
Missisquoi Bay,2015-08-02,,,,,,
Missisquoi Bay,2015-08-03,,,,,,
Missisquoi Bay,2015-08-04,,,,,,
Missisquoi Bay,2015-08-06,0.6,51.4,28.3,18.35,1.5,23.6
Missisquoi Bay,2015-08-07,0.6,47.099999999999994,31.4,10.505,1.85,23.4
Missisquoi Bay,2015-08-08,0.6,47.099999999999994,31.4,10.505,1.85,23.4
Missisquoi Bay,2015-08-09,0.6,47.099999999999994,31.4,10.505,1.85,23.4
Missisquoi Bay,2015-08-10,0.6,47.099999999999994,31.4,10.505,1.85,23.4
Missisquoi Bay,2015-08-11,0.6,47.099999999999994,31.4,10.505,1.85,23.4
Missisquoi Bay,2015-08-12,0.6,42.8,34.5,2.66,2.2,23.2
Missisquoi Bay,2015-08-13,0.6,42.8,34.5,2.66,2.2,23.2
Missisquoi Bay,2015-08-15,,,,,,
Missisquoi Bay,2015-08-16,,,,,,
Missisquoi Bay,2015-08-17,,,,,,
Missisquoi Bay,2015-08-18,,,,,,
Missisquoi Bay,2015-08-19,0.88,72.8,28.5,28.73,1.4,23.7
Missisquoi Bay,2015-08-20,0.74,64.4,25.25,28.18,1.2,24.5
Missisquoi Bay,2015-08-21,0.74,64.4,25.25,28.18,1.2,24.5
Missisquoi Bay,2015-08-22,0.74,64.4,25.25,28.18,1.2,24.5
Missisquoi Bay,2015-08-23,0.74,64.4,25.25,28.18,1.2,24.5
Missisquoi Bay,2015-08-24,0.74,64.4,25.25,28.18,1.2,24.5
Missisquoi Bay,2015-08-25,0.74,64.4,25.25,28.18,1.2,24.5
Missisquoi Bay,2015-08-26,0.6,56.0,22.0,27.63,1.0,25.3
Missisquoi Bay,2015-08-27,,,,,,
Missisquoi Bay,2015-08-29,,,,,,
Missisquoi Bay,2015-08-30,,,,,,
Missisquoi Bay,2015-08-31,,,,,,
Missisquoi Bay,2015-09-01,,,,,,
Missisquoi Bay,2015-09-04,0.63,61.0,23.6,26.91,1.2,23.0
Missisquoi Bay,2015-09-05,0.575,61.35,23.75,26.064999999999998,1.2,23.25
Missisquoi Bay,2015-09-06,0.575,61.35,23.75,26.064999999999998,1.2,23.25
Missisquoi Bay,2015-09-07,0.575,61.35,23.75,26.064999999999998,1.2,23.25
Missisquoi Bay,2015-09-08,0.575,61.35,23.75,26.064999999999998,1.2,23.25
Missisquoi Bay,2015-09-10,0.52,61.7,23.9,25.22,1.2,23.5
Missisquoi Bay,2015-09-11,0.52,61.7,23.9,25.22,1.2,23.5
Missisquoi Bay,2015-09-13,,,,,,
Missisquoi Bay,2015-09-14,,,,,,
Missisquoi Bay,2015-09-15,,,,,,
Missisquoi Bay,2015-09-16,,,,,,
Missisquoi Bay,2015-09-17,,,,,,
Missisquoi Bay,2015-09-18,0.64,76.8,44.0,14.15,1.2,22.3
Missisquoi Bay,2015-09-20,0.635,76.3,41.35,15.260000000000002,1.1,22.200000000000003
Missisquoi Bay,2015-09-21,0.635,76.3,41.35,15.260000000000002,1.1,22.200000000000003
Missisquoi Bay,2015-09-22,0.635,76.3,41.35,15.260000000000002,1.1,22.200000000000003
Missisquoi Bay,2015-09-24,0.635,76.3,41.35,15.260000000000002,1.1,22.200000000000003
Missisquoi Bay,2015-09-26,,,,,,
Missisquoi Bay,2015-09-27,,,,,,
Missisquoi Bay,2015-09-29,,,,,,
Missisquoi Bay,2016-06-18,0.645,57.7,31.450000000000003,22.15,1.6,18.6
Missisquoi Bay,2016-06-19,0.645,57.7,31.450000000000003,22.15,1.6,18.6
Missisquoi Bay,2016-06-20,0.645,57.7,31.450000000000003,22.15,1.6,18.6
Missisquoi Bay,2016-06-24,,,,,,
Missisquoi Bay,2016-06-25,,,,,,
Missisquoi Bay,2016-06-26,,,,,,
Missisquoi Bay,2016-06-27,,,,,,
Missisquoi Bay,2016-07-02,,,,,,
Missisquoi Bay,2016-07-03,,,,,,
Missisquoi Bay,2016-07-04,,,,,,
Missisquoi Bay,2016-07-07,0.36,41.6,24.6,6.0,1.7,23.6
Missisquoi Bay,2016-07-09,0.345,41.85,20.950000000000003,6.345000000000001,1.7,24.05
Missisquoi Bay,2016-07-11,0.345,41.85,20.950000000000003,6.345000000000001,1.7,24.05
Missisquoi Bay,2016-07-12,0.345,41.85,20.950000000000003,6.345000000000001,1.7,24.05
Missisquoi Bay,2016-07-14,0.33,42.1,17.3,6.69,1.7,24.5
Missisquoi Bay,2016-07-16,,,,,,
Missisquoi Bay,2016-07-18,,,,,,
Missisquoi Bay,2016-07-19,,,,,,
Missisquoi Bay,2016-07-20,0.39,60.2,43.0,1.41,2.5,23.9
Missisquoi Bay,2016-07-23,0.37,61.7,45.65,3.59,2.4,23.65
Missisquoi Bay,2016-07-24,0.37,61.7,45.65,3.59,2.4,23.65
Missisquoi Bay,2016-07-25,0.37,61.7,45.65,3.59,2.4,23.65
Missisquoi Bay,2016-07-26,0.37,61.7,45.65,3.59,2.4,23.65
Missisquoi Bay,2016-07-28,0.35,63.2,48.3,5.77,2.3,23.4
Missisquoi Bay,2016-07-30,,,,,,
Missisquoi Bay,2016-07-31,,,,,,
Missisquoi Bay,2016-08-01,,,,,,
Missisquoi Bay,2016-08-03,,,,,,
Missisquoi Bay,2016-08-07,0.41000000000000003,72.9,44.15,9.105,1.65,25.0
Missisquoi Bay,2016-08-08,0.41000000000000003,72.9,44.15,9.105,1.65,25.0
Missisquoi Bay,2016-08-09,0.41000000000000003,72.9,44.15,9.105,1.65,25.0
Missisquoi Bay,2016-08-13,,,,,,
Missisquoi Bay,2016-08-14,,,,,,
Missisquoi Bay,2016-08-15,,,,,,
Missisquoi Bay,2016-08-16,,,,,,
Missisquoi Bay,2016-08-19,0.59,78.5,41.5,12.05,1.5,24.3
Missisquoi Bay,2016-08-20,0.675,91.75,47.15,11.79,1.4,24.3
Missisquoi Bay,2016-08-21,0.675,91.75,47.15,11.79,1.4,24.3
Missisquoi Bay,2016-08-22,0.675,91.75,47.15,11.79,1.4,24.3
Missisquoi Bay,2016-08-23,0.675,91.75,47.15,11.79,1.4,24.3
Missisquoi Bay,2016-08-24,0.76,105.0,52.8,11.53,1.3,24.3
Missisquoi Bay,2016-08-27,,,,,,
Missisquoi Bay,2016-08-28,,,,,,
Missisquoi Bay,2016-08-29,,,,,,
Missisquoi Bay,2016-08-31,,,,,,
Missisquoi Bay,2016-09-01,,,,,,
Missisquoi Bay,2016-09-02,,,,,,
Missisquoi Bay,2016-09-03,,,,,,
Missisquoi Bay,2016-09-04,,,,,,
Missisquoi Bay,2016-09-06,,,,,,
Missisquoi Bay,2016-09-10,0.86,82.2,21.4,38.81,1.0,22.8
Missisquoi Bay,2016-09-12,0.86,82.2,21.4,38.81,1.0,22.8
Missisquoi Bay,2016-09-14,0.86,82.2,21.4,38.81,1.0,22.8
Missisquoi Bay,2016-09-15,0.86,82.2,21.4,38.81,1.0,22.8
Missisquoi Bay,2016-09-16,,,,,,
Missisquoi Bay,2016-09-18,0.77,80.6,23.1,54.65,0.8,19.4
Missisquoi Bay,2016-09-19,0.77,80.6,23.1,54.65,0.8,19.4
Missisquoi Bay,2016-09-20,0.77,80.6,23.1,54.65,0.8,19.4
Missisquoi Bay,2016-09-21,0.77,80.6,23.1,54.65,0.8,19.4
Missisquoi Bay,2016-09-22,0.77,80.6,23.1,54.65,0.8,19.4
Missisquoi Bay,2016-09-25,,,,,,
Missisquoi Bay,2016-09-27,,,,,,
Missisquoi Bay,2016-09-28,,,,,,
Missisquoi Bay,2016-09-29,,,,,,
Missisquoi Bay,2016-10-02,0.845,83.5,23.299999999999997,42.615,0.7,17.25
Missisquoi Bay,2016-10-05,0.845,83.5,23.299999999999997,42.615,0.7,17.25
Missisquoi Bay,2016-10-06,0.845,83.5,23.299999999999997,42.615,0.7,17.25
Missisquoi Bay,2016-10-07,0.84,81.9,18.2,39.21,0.7,17.6
Missisquoi Bay,2017-06-01,,,,,,
Missisquoi Bay,2017-06-14,0.41,42.3,15.0,22.7,1.5,20.7
Missisquoi Bay,2017-06-20,0.44499999999999995,45.099999999999994,17.7,25.96,1.5,20.549999999999997
Missisquoi Bay,2017-06-24,0.51,44.0,27.6,6.54,2.0,21.5
Missisquoi Bay,2017-06-25,0.51,44.0,27.6,6.54,2.0,21.5
Missisquoi Bay,2017-06-26,0.51,44.0,27.6,6.54,2.0,21.5
Missisquoi Bay,2017-06-27,0.51,44.0,27.6,6.54,2.0,21.5
Missisquoi Bay,2017-06-30,,,,,,
Missisquoi Bay,2017-07-01,,,,,,
Missisquoi Bay,2017-07-02,,,,,,
Missisquoi Bay,2017-07-03,,,,,,
Missisquoi Bay,2017-07-04,,,,,,
Missisquoi Bay,2017-07-05,,,,,,
Missisquoi Bay,2017-07-08,0.82,59.8,34.4,34.34,1.6,22.3
Missisquoi Bay,2017-07-09,0.82,59.8,34.4,34.34,1.6,22.3
Missisquoi Bay,2017-07-10,0.82,59.8,34.4,34.34,1.6,22.3
Missisquoi Bay,2017-07-11,0.82,59.8,34.4,34.34,1.6,22.3
Missisquoi Bay,2017-07-15,0.61,54.9,20.4,7.07,2.0,21.9
Missisquoi Bay,2017-07-16,0.61,54.9,20.4,7.07,2.0,21.9
Missisquoi Bay,2017-07-17,0.61,54.9,20.4,7.07,2.0,21.9
Missisquoi Bay,2017-07-19,0.6799999999999999,54.15,25.15,9.344999999999999,1.75,21.85
Missisquoi Bay,2017-07-20,0.6799999999999999,54.15,25.15,9.344999999999999,1.75,21.85
Missisquoi Bay,2017-07-21,0.7050000000000001,53.65,28.15,16.8,1.6,23.25
Missisquoi Bay,2017-07-22,0.7050000000000001,53.65,28.15,16.8,1.6,23.25
Missisquoi Bay,2017-07-23,0.7050000000000001,53.65,28.15,16.8,1.6,23.25
Missisquoi Bay,2017-07-24,0.7050000000000001,53.65,28.15,16.8,1.6,23.25
Missisquoi Bay,2017-07-25,0.7050000000000001,53.65,28.15,16.8,1.6,23.25
Missisquoi Bay,2017-07-29,,,,,,
Missisquoi Bay,2017-07-30,,,,,,
Missisquoi Bay,2017-07-31,,,,,,
Missisquoi Bay,2017-08-01,,,,,,
Missisquoi Bay,2017-08-02,,,,,,
Missisquoi Bay,2017-08-03,0.51,35.8,10.7,20.9,1.5,24.3
Missisquoi Bay,2017-08-04,0.56,41.4,14.549999999999999,29.59,1.3,24.05
Missisquoi Bay,2017-08-05,0.56,41.4,14.549999999999999,29.59,1.3,24.05
Missisquoi Bay,2017-08-06,0.56,41.4,14.549999999999999,29.59,1.3,24.05
Missisquoi Bay,2017-08-07,0.56,41.4,14.549999999999999,29.59,1.3,24.05
Missisquoi Bay,2017-08-08,0.56,41.4,14.549999999999999,29.59,1.3,24.05
Missisquoi Bay,2017-08-12,,,,,,
Missisquoi Bay,2017-08-13,,,,,,
Missisquoi Bay,2017-08-14,,,,,,
Missisquoi Bay,2017-08-16,,,,,,
Missisquoi Bay,2017-08-17,0.45,45.9,20.2,12.47,2.0,22.8
Missisquoi Bay,2017-08-18,0.45,45.9,20.2,12.47,2.0,22.8
Missisquoi Bay,2017-08-19,0.45,45.9,20.2,12.47,2.0,22.8
Missisquoi Bay,2017-08-20,0.45,45.9,20.2,12.47,2.0,22.8
Missisquoi Bay,2017-08-21,0.45,45.9,20.2,12.47,2.0,22.8
Missisquoi Bay,2017-08-22,0.45999999999999996,47.95,27.049999999999997,10.504999999999999,1.95,22.9
Missisquoi Bay,2017-08-23,0.45999999999999996,47.95,27.049999999999997,10.504999999999999,1.95,22.9
Missisquoi Bay,2017-08-26,0.47,50.0,33.9,8.54,1.9,23.0
Missisquoi Bay,2017-08-27,0.47,50.0,33.9,8.54,1.9,23.0
Missisquoi Bay,2017-08-28,0.47,50.0,33.9,8.54,1.9,23.0
Missisquoi Bay,2017-08-29,,,,,,
Missisquoi Bay,2017-08-30,,,,,,
Missisquoi Bay,2017-08-31,,,,,,
Missisquoi Bay,2017-09-02,,,,,,
Missisquoi Bay,2017-09-04,,,,,,
Missisquoi Bay,2017-09-06,,,,,,
Missisquoi Bay,2017-09-08,,,,,,
Missisquoi Bay,2017-09-10,0.55,39.7,27.9,5.78,1.9,17.8
Missisquoi Bay,2017-09-11,0.55,39.7,27.9,5.78,1.9,17.8
Missisquoi Bay,2017-09-12,0.55,39.7,27.9,5.78,1.9,17.8
Missisquoi Bay,2017-09-17,0.54,45.4,36.7,14.55,1.4,17.8
Missisquoi Bay,2017-09-18,0.54,45.4,36.7,14.55,1.4,17.8
Missisquoi Bay,2017-09-21,,,,,,
Missisquoi Bay,2017-09-24,0.5700000000000001,45.650000000000006,15.1,21.98,1.35,21.85
Missisquoi Bay,2017-09-25,0.5700000000000001,45.650000000000006,15.1,21.98,1.35,21.85
Missisquoi Bay,2017-09-26,0.5700000000000001,45.650000000000006,15.1,21.98,1.35,21.85
Missisquoi Bay,2017-10-02,,,,,,
Missisquoi Bay,2017-10-03,,,,,,
Missisquoi Bay,2017-10-05,0.61,60.6,42.3,2.58,2.0,17.1
Missisquoi Bay,2017-10-21,0.71,71.5,47.1,3.39,1.5,13.3
Missisquoi Bay,2018-06-11,0.71,47.2,23.8,5.73,1.5,18.6
Missisquoi Bay,2018-06-14,,,,,,
Missisquoi Bay,2018-06-18,0.49,37.2,20.8,22.26,1.6,20.0
Missisquoi Bay,2018-06-19,0.49,37.2,20.8,22.26,1.6,20.0
Missisquoi Bay,2018-06-25,0.67,50.6,16.1,13.43,2.0,21.9
Missisquoi Bay,2018-06-26,0.67,50.6,16.1,13.43,2.0,21.9
Missisquoi Bay,2018-06-29,0.67,50.6,16.1,13.43,2.0,21.9
Missisquoi Bay,2018-07-02,0.33,43.4,22.2,5.92,1.9,21.5
Missisquoi Bay,2018-07-03,0.33,43.4,22.2,5.92,1.9,21.5
Missisquoi Bay,2018-07-09,,,,,,
Missisquoi Bay,2018-07-10,0.485,54.75,22.0,8.924999999999999,1.05,24.45
Missisquoi Bay,2018-07-11,0.485,54.75,22.0,8.924999999999999,1.05,24.45
Missisquoi Bay,2018-07-15,0.485,54.75,22.0,8.924999999999999,1.05,24.45
Missisquoi Bay,2018-07-16,0.485,54.75,22.0,8.924999999999999,1.05,24.45
Missisquoi Bay,2018-07-17,,,,,,
Missisquoi Bay,2018-07-21,,,,,,
Missisquoi Bay,2018-07-22,,,,,,
Missisquoi Bay,2018-07-23,,,,,,
Missisquoi Bay,2018-07-24,0.37,61.7,41.8,6.98,1.9,24.9
Missisquoi Bay,2018-07-26,0.37,61.7,41.8,6.98,1.9,24.9
Missisquoi Bay,2018-07-27,0.37,61.7,41.8,6.98,1.9,24.65
Missisquoi Bay,2018-07-28,0.37,61.7,41.8,6.98,1.9,24.65
Missisquoi Bay,2018-07-29,0.37,61.7,41.8,6.98,1.9,24.65
Missisquoi Bay,2018-07-30,0.37,61.7,41.8,6.98,1.9,24.65
Missisquoi Bay,2018-07-31,,,,,,24.4
Missisquoi Bay,2018-08-01,0.52,61.7,33.6,1.71,2.2,24.4
Missisquoi Bay,2018-08-02,0.52,61.7,33.6,1.71,2.2,24.4
Missisquoi Bay,2018-08-05,0.46,61.0,35.05,4.970000000000001,1.9000000000000001,24.7
Missisquoi Bay,2018-08-06,0.46,61.0,35.05,4.970000000000001,1.9000000000000001,24.7
Missisquoi Bay,2018-08-07,0.46,61.0,35.05,4.970000000000001,1.9000000000000001,24.7
Missisquoi Bay,2018-08-08,0.4,60.3,36.5,8.23,1.6,24.7
Missisquoi Bay,2018-08-12,,,,,,
Missisquoi Bay,2018-08-13,,,,,,
Missisquoi Bay,2018-08-14,0.51,58.2,32.9,7.96,1.5,26.0
Missisquoi Bay,2018-08-15,0.51,58.2,32.9,7.96,1.5,26.0
Missisquoi Bay,2018-08-16,0.51,58.2,32.9,7.96,1.5,26.0
Missisquoi Bay,2018-08-17,0.535,66.55000000000001,37.7,11.645,1.45,25.6
Missisquoi Bay,2018-08-19,0.535,66.55000000000001,37.7,11.645,1.45,25.6
Missisquoi Bay,2018-08-20,0.535,66.55000000000001,37.7,11.645,1.45,25.6
Missisquoi Bay,2018-08-21,0.56,74.9,42.5,15.33,1.4,25.6
Missisquoi Bay,2018-08-22,0.53,75.85,34.8,10.535,1.35,24.8
Missisquoi Bay,2018-08-27,0.5,76.8,27.1,5.74,1.3,24.0
Missisquoi Bay,2018-08-28,0.5,76.8,27.1,5.74,1.3,24.0
Missisquoi Bay,2018-08-31,,,,,,
Missisquoi Bay,2018-09-04,,,,,,
Missisquoi Bay,2018-09-05,,,,,,
Missisquoi Bay,2018-09-07,,,,,,
Missisquoi Bay,2018-09-10,0.64,71.7,29.2,25.14,1.2,23.3
Missisquoi Bay,2018-09-12,0.64,71.7,29.2,25.14,1.2,23.3
Missisquoi Bay,2018-09-13,0.64,71.7,29.2,25.14,1.2,23.3
Missisquoi Bay,2018-09-14,0.64,71.7,29.2,25.14,1.2,23.3
Missisquoi Bay,2018-09-20,0.76,53.9,15.3,1.62,1.0,21.8
Missisquoi Bay,2018-09-24,,,,,,
Missisquoi Bay,2018-09-25,0.8,94.5,34.4,34.04,0.6,16.9
Missisquoi Bay,2019-06-03,0.82,43.0,20.0,,1.7,15.3
Missisquoi Bay,2019-06-17,,,,,,
Missisquoi Bay,2019-06-18,0.7,48.0,31.0,15.61,1.6,19.1
Missisquoi Bay,2019-06-19,0.7,48.0,31.0,15.61,1.6,19.1
Missisquoi Bay,2019-06-24,0.675,39.5,22.0,33.195,1.3,20.200000000000003
Missisquoi Bay,2019-06-26,0.65,31.0,13.0,50.78,1.0,21.3
Missisquoi Bay,2019-07-02,,,,,,
Missisquoi Bay,2019-07-03,0.48,34.0,10.0,21.9,1.3,23.3
Missisquoi Bay,2019-07-08,0.48,34.0,10.0,21.9,1.3,23.3
Missisquoi Bay,2019-07-09,0.425,31.0,12.0,16.845,1.4500000000000002,24.200000000000003
Missisquoi Bay,2019-07-12,0.37,28.0,14.0,11.79,1.6,25.1
Missisquoi Bay,2019-07-15,0.37,28.0,14.0,11.79,1.6,25.1
Missisquoi Bay,2019-07-16,,,,,,
Missisquoi Bay,2019-07-20,0.46,42.0,16.0,4.86,1.3,24.4
Missisquoi Bay,2019-07-22,0.46,42.0,16.0,4.86,1.3,24.4
Missisquoi Bay,2019-07-23,0.46,42.0,16.0,4.86,1.3,24.4
Missisquoi Bay,2019-07-25,0.42,49.0,26.0,6.96,1.6,25.0
Missisquoi Bay,2019-07-30,0.42,49.0,26.0,6.96,1.6,25.0
Missisquoi Bay,2019-07-31,,,,,,
Missisquoi Bay,2019-08-01,,,,,,
Missisquoi Bay,2019-08-03,,,,,,
Missisquoi Bay,2019-08-05,,,,,,
Missisquoi Bay,2019-08-06,0.32499999999999996,48.5,30.0,7.135,2.1,24.6
Missisquoi Bay,2019-08-09,0.32499999999999996,48.5,30.0,7.135,2.1,24.6
Missisquoi Bay,2019-08-12,0.32499999999999996,48.5,30.0,7.135,2.1,24.6
Missisquoi Bay,2019-08-13,,,,,,
Missisquoi Bay,2019-08-15,,,,,,
Missisquoi Bay,2019-08-20,,,,,,
Missisquoi Bay,2019-08-23,,,,,,
Missisquoi Bay,2019-08-24,0.49,62.0,31.0,17.395,1.05,23.0
Missisquoi Bay,2019-08-26,0.49,62.0,31.0,17.395,1.05,23.0
Missisquoi Bay,2019-08-27,0.49,62.0,31.0,17.395,1.05,23.0
Missisquoi Bay,2019-08-28,0.49,62.0,31.0,17.395,1.05,23.0
Missisquoi Bay,2019-09-01,,,,,,
Missisquoi Bay,2019-09-03,,,,,,
Missisquoi Bay,2019-09-07,,,,,,
Missisquoi Bay,2019-09-09,,,,,,
Missisquoi Bay,2019-09-10,,,,,,
Missisquoi Bay,2019-09-16,0.42,45.5,25.0,12.01,1.45,18.85
Missisquoi Bay,2019-09-21,0.4,63.0,27.0,6.2,1.6,17.0
Missisquoi Bay,2019-09-23,0.4,63.0,27.0,6.2,1.6,17.0
Missisquoi Bay,2019-09-25,0.4,63.0,27.0,6.2,1.6,17.0
Missisquoi Bay,2019-09-30,0.4,50.0,28.0,5.9,1.7,18.2
Missisquoi Bay,2019-10-08,,,,,,
Missisquoi Bay,2019-10-14,0.36,42.0,21.0,6.0,1.5,13.2
Missisquoi Bay,2020-06-17,,,,,,
Missisquoi Bay,2020-06-22,0.35,23.7,13.1,5.3,2.0,21.3
Missisquoi Bay,2020-07-01,,,,,,
Missisquoi Bay,2020-07-06,,,,,,
Missisquoi Bay,2020-07-07,,,,,,
Missisquoi Bay,2020-07-13,0.35,32.6,22.8,6.73,1.8,24.7
Missisquoi Bay,2020-07-19,,,,,,
Missisquoi Bay,2020-07-20,,,,,,
Missisquoi Bay,2020-07-23,,,,,,
Missisquoi Bay,2020-07-27,,,,,,
Missisquoi Bay,2020-07-30,0.36,42.3,23.2,7.17,1.3,25.5
Missisquoi Bay,2020-08-03,0.36,42.3,23.2,7.17,1.3,25.5
Missisquoi Bay,2020-08-07,,,,,,
Missisquoi Bay,2020-08-08,,,,,,
Missisquoi Bay,2020-08-10,,,,,,
Missisquoi Bay,2020-08-15,,,,,,
Missisquoi Bay,2020-08-18,,,,,,
Missisquoi Bay,2020-08-22,,,,,,
Missisquoi Bay,2020-08-24,,,,,,
Missisquoi Bay,2020-08-28,,,,,,
Missisquoi Bay,2020-08-29,0.575,48.699999999999996,10.4,35.2,1.0,20.9
Missisquoi Bay,2020-08-31,0.575,48.699999999999996,10.4,35.2,1.0,20.9
Missisquoi Bay,2020-09-05,,,,,,
Missisquoi Bay,2020-09-07,,,,,,
Missisquoi Bay,2020-09-11,,,,,,
Missisquoi Bay,2020-09-14,0.53,52.6,18.2,27.8,0.8,18.6
Missisquoi Bay,2020-09-21,,,,,,
Missisquoi Bay,2020-09-28,,,,,,
Missisquoi Bay,2020-10-05,0.56,42.6,11.0,16.7,1.1,18.1
Missisquoi Bay,2021-06-20,,,,,,
Missisquoi Bay,2021-06-21,,,,,,
Missisquoi Bay,2021-06-23,0.61,30.0,11.2,5.68,1.4,22.0
Missisquoi Bay,2021-06-28,0.61,30.0,11.2,5.68,1.4,22.0
Missisquoi Bay,2021-06-29,0.5800000000000001,30.6,12.25,7.9399999999999995,1.45,22.5
Missisquoi Bay,2021-07-01,0.55,31.2,13.3,10.2,1.5,23.0
Missisquoi Bay,2021-07-05,0.55,31.2,13.3,10.2,1.5,23.0
Missisquoi Bay,2021-07-12,0.49,46.3,7.3,11.8,1.4,22.3
Missisquoi Bay,2021-07-16,,,,,,
Missisquoi Bay,2021-07-20,0.4,47.55,21.799999999999997,7.005,2.2,23.6
Missisquoi Bay,2021-07-22,0.4,47.55,21.799999999999997,7.005,2.2,23.6
Missisquoi Bay,2021-07-25,0.38,46.6,24.2,4.01,2.9,23.3
Missisquoi Bay,2021-07-27,,,,,,
Missisquoi Bay,2021-08-01,,,,,,
Missisquoi Bay,2021-08-02,,,,,,
Missisquoi Bay,2021-08-03,0.57,54.8,22.7,17.0,1.7,21.2
Missisquoi Bay,2021-08-10,0.43,43.8,21.4,12.3,1.6,22.1
Missisquoi Bay,2021-08-13,0.43,43.8,21.4,12.3,1.6,22.1
Missisquoi Bay,2021-08-17,,,,,,
Missisquoi Bay,2021-08-20,0.7,45.9,13.5,16.2,0.7,24.0
Missisquoi Bay,2021-08-21,0.7,45.9,13.5,16.2,0.7,24.0
Missisquoi Bay,2021-08-22,0.7,45.9,13.5,16.2,0.7,24.0
Missisquoi Bay,2021-08-23,0.7,45.9,13.5,16.2,0.7,24.0
Missisquoi Bay,2021-08-24,0.675,46.4,14.75,29.799999999999997,0.8,24.75
Missisquoi Bay,2021-08-29,0.65,46.9,16.0,43.4,0.9,25.5
Missisquoi Bay,2021-08-31,,,,,,
Missisquoi Bay,2021-09-01,,,,,,
Missisquoi Bay,2021-09-03,,,,,,
Missisquoi Bay,2021-09-07,0.75,56.0,16.5,31.9,1.1,21.1
Missisquoi Bay,2021-09-09,0.75,56.0,16.5,31.9,1.1,21.1
Missisquoi Bay,2021-09-10,0.75,56.0,16.5,31.9,1.1,21.1
Missisquoi Bay,2021-09-14,0.89,56.7,15.6,87.8,0.9,19.8
Missisquoi Bay,2021-09-16,0.89,56.7,15.6,87.8,0.9,19.8
Missisquoi Bay,2021-09-21,,,,,,
Missisquoi Bay,2021-09-28,0.6699999999999999,40.85,14.8,14.399999999999999,1.1,19.5
Missisquoi Bay,2021-10-05,,,,,,
Missisquoi Bay,2021-10-06,,,,,,
Missisquoi Bay,2021-10-07,,,,,,
Missisquoi Bay,2021-10-12,0.61,35.9,14.9,15.4,1.7,15.5
Missisquoi Bay,2021-10-19,0.63,36.0,10.0,20.6,1.7,17.1
Missisquoi Bay,2021-11-02,,,,,,
Missisquoi Bay,2022-06-21,,,,,,
Missisquoi Bay,2022-06-28,,,,,,
Missisquoi Bay,2022-07-03,1.19,39.5,15.55,17.85,1.2,
Missisquoi Bay,2022-07-04,1.19,39.5,15.55,17.85,1.2,
Missisquoi Bay,2022-07-05,1.19,39.5,15.55,17.85,1.2,
Missisquoi Bay,2022-07-07,,,,,,
Missisquoi Bay,2022-07-09,,,,,,
Missisquoi Bay,2022-07-11,,,,,,
Missisquoi Bay,2022-07-19,,,,,,
Missisquoi Bay,2022-08-02,0.99,39.2,18.3,6.11,1.8,
Missisquoi Bay,2022-08-05,,,,,,
Missisquoi Bay,2022-08-06,0.75,48.0,20.8,20.9,1.0,
Missisquoi Bay,2022-08-07,0.75,48.0,20.8,20.9,1.0,
Missisquoi Bay,2022-08-08,0.75,48.0,20.8,20.9,1.0,
Missisquoi Bay,2022-08-10,0.7050000000000001,47.95,15.7,22.5,1.2,
Missisquoi Bay,2022-08-11,0.7050000000000001,47.95,15.7,22.5,1.2,
Missisquoi Bay,2022-08-13,0.66,47.9,10.6,24.1,1.2,
Missisquoi Bay,2022-08-14,0.66,47.9,10.6,24.1,1.2,
Missisquoi Bay,2022-08-15,0.66,47.9,10.6,24.1,1.2,
Missisquoi Bay,2022-08-16,,,,,,
Missisquoi Bay,2022-08-23,0.62,41.2,11.0,12.6,1.1,
Missisquoi Bay,2022-08-25,,,,,,
Missisquoi Bay,2022-08-29,0.58,51.6,17.3,23.8,0.7,
Missisquoi Bay,2022-09-06,0.7,41.5,15.1,15.0,1.4,
Missisquoi Bay,2022-09-13,,,,,,
Missisquoi Bay,2022-09-20,,,,,,
Missisquoi Bay,2022-09-27,,,,,,
Missisquoi Bay,2022-10-04,0.75,46.2,27.9,10.4,1.7,
Missisquoi Bay,2022-10-11,0.79,46.6,31.4,6.19,1.5,
Missisquoi Bay,2022-10-18,0.83,40.4,34.8,7.49,2.6,
Missisquoi Bay,2022-10-19,,,,,,
Missisquoi Bay,2022-10-25,0.82,47.2,29.3,8.19,1.1,
Missisquoi Bay,2022-11-02,,,,,,
St. Albans Bay,2012-06-26,,,,,,
St. Albans Bay,2012-07-01,,,,,,
St. Albans Bay,2012-07-02,,,,,,
St. Albans Bay,2012-07-08,,,,,,
St. Albans Bay,2012-07-09,,,,,,
St. Albans Bay,2012-07-10,,,,,,
St. Albans Bay,2012-07-15,,,,,,
St. Albans Bay,2012-07-16,,,,,,
St. Albans Bay,2012-07-17,,,,,,
St. Albans Bay,2012-07-22,,,,,,
St. Albans Bay,2012-07-23,,,,,,
St. Albans Bay,2012-07-24,,,,,,
St. Albans Bay,2012-07-29,,,,,,
St. Albans Bay,2012-07-30,,,,,,
St. Albans Bay,2012-07-31,,,,,,
St. Albans Bay,2012-08-05,,,,,,
St. Albans Bay,2012-08-06,,,,,,
St. Albans Bay,2012-08-07,,,,,,
St. Albans Bay,2012-08-12,,,,,,
St. Albans Bay,2012-08-13,,,,,,
St. Albans Bay,2012-08-14,,,,,,
St. Albans Bay,2012-08-15,,,,,,
St. Albans Bay,2012-08-19,,,,,,
St. Albans Bay,2012-08-20,,,,,,
St. Albans Bay,2012-08-21,,,,,,
St. Albans Bay,2012-08-23,,,,,,
St. Albans Bay,2012-08-25,,,,,,
St. Albans Bay,2012-08-26,,,,,,
St. Albans Bay,2012-08-27,,,,,,
St. Albans Bay,2012-08-28,,,,,,
St. Albans Bay,2012-08-30,,,,,,
St. Albans Bay,2012-09-02,,,,,,
St. Albans Bay,2012-09-03,,,,,,
St. Albans Bay,2012-09-04,,,,,,
St. Albans Bay,2012-09-06,,,,,,
St. Albans Bay,2013-06-17,,,,,,
St. Albans Bay,2013-06-18,,,,,,
St. Albans Bay,2013-06-23,,,,,,
St. Albans Bay,2013-06-24,,,,,,
St. Albans Bay,2013-06-30,,,,,,
St. Albans Bay,2013-07-01,,,,,,
St. Albans Bay,2013-07-02,,,,,,
St. Albans Bay,2013-07-06,,,,,,
St. Albans Bay,2013-07-08,,,,,,
St. Albans Bay,2013-07-09,,,,,,
St. Albans Bay,2013-07-14,,,,,,
St. Albans Bay,2013-07-15,,,,,,
St. Albans Bay,2013-07-16,,,,,,
St. Albans Bay,2013-07-18,,,,,,
St. Albans Bay,2013-07-22,,,,,,
St. Albans Bay,2013-07-23,,,,,,
St. Albans Bay,2013-07-29,,,,,,
St. Albans Bay,2013-07-30,,,,,,
St. Albans Bay,2013-08-04,,,,,,
St. Albans Bay,2013-08-05,,,,,,
St. Albans Bay,2013-08-06,,,,,,
St. Albans Bay,2013-08-09,,,,,,
St. Albans Bay,2013-08-12,,,,,,
St. Albans Bay,2013-08-13,,,,,,
St. Albans Bay,2013-08-17,,,,,,
St. Albans Bay,2013-08-18,,,,,,
St. Albans Bay,2013-08-19,,,,,,
St. Albans Bay,2013-08-20,,,,,,
St. Albans Bay,2013-08-21,,,,,,
St. Albans Bay,2013-08-25,,,,,,
St. Albans Bay,2013-08-26,,,,,,
St. Albans Bay,2013-08-27,,,,,,
St. Albans Bay,2013-08-28,,,,,,
St. Albans Bay,2013-09-01,,,,,,
St. Albans Bay,2013-09-02,,,,,,
St. Albans Bay,2014-06-16,,,,,,
St. Albans Bay,2014-06-17,,,,,,
St. Albans Bay,2014-06-23,0.32,24.3,11.1,3.05,6.0,19.8
St. Albans Bay,2014-06-25,,,,,,
St. Albans Bay,2014-06-30,0.32,22.8,17.3,4.17,3.1,21.5
St. Albans Bay,2014-07-07,,,,,,
St. Albans Bay,2014-07-09,,,,,,
St. Albans Bay,2014-07-11,0.31,35.9,13.6,5.63,2.6,22.9
St. Albans Bay,2014-07-14,0.31,35.9,13.6,5.63,2.6,22.9
St. Albans Bay,2014-07-15,0.31,35.9,13.6,5.63,2.6,22.9
St. Albans Bay,2014-07-21,0.33499999999999996,32.599999999999994,12.6,5.359999999999999,3.3,23.700000000000003
St. Albans Bay,2014-07-22,0.33499999999999996,32.599999999999994,12.6,5.359999999999999,3.3,23.700000000000003
St. Albans Bay,2014-07-28,,,,,,
St. Albans Bay,2014-07-29,,,,,,
St. Albans Bay,2014-07-30,,,,,,
St. Albans Bay,2014-08-01,,,,,,
St. Albans Bay,2014-08-04,,,,,,
St. Albans Bay,2014-08-06,0.29,25.5,7.4,4.26,3.3,23.6
St. Albans Bay,2014-08-08,0.515,31.25,9.75,16.23,2.2,24.15
St. Albans Bay,2014-08-11,0.515,31.25,9.75,16.23,2.2,24.15
St. Albans Bay,2014-08-12,0.74,37.0,12.1,28.2,1.1,24.7
St. Albans Bay,2014-08-18,,,,,,
St. Albans Bay,2014-08-19,,,,,,
St. Albans Bay,2014-08-25,0.61,41.7,13.5,25.38,1.3,20.5
St. Albans Bay,2014-08-26,0.61,41.7,13.5,25.38,1.3,20.5
St. Albans Bay,2014-09-01,,,,,,
St. Albans Bay,2014-09-02,,,,,,
St. Albans Bay,2014-09-03,,,,,,
St. Albans Bay,2014-09-08,,,,,,
St. Albans Bay,2014-09-17,,,,,,
St. Albans Bay,2015-06-15,0.37,21.7,9.7,6.34,2.7,15.9
St. Albans Bay,2015-06-16,0.37,21.7,9.7,6.34,2.7,15.9
St. Albans Bay,2015-06-19,0.49,23.7,9.0,7.83,1.7,19.5
St. Albans Bay,2015-06-22,0.49,23.7,9.0,7.83,1.7,19.5
St. Albans Bay,2015-06-23,0.49,23.7,9.0,7.83,1.7,19.5
St. Albans Bay,2015-06-26,,,,,,
St. Albans Bay,2015-06-29,,,,,,
St. Albans Bay,2015-06-30,0.38,32.1,11.7,14.07,2.3,19.9
St. Albans Bay,2015-07-01,0.38,32.1,11.7,14.07,2.3,19.9
St. Albans Bay,2015-07-03,0.41500000000000004,40.45,12.85,11.83,2.15,19.9
St. Albans Bay,2015-07-06,0.41500000000000004,40.45,12.85,11.83,2.15,19.9
St. Albans Bay,2015-07-07,0.45,48.8,14.0,9.59,2.0,19.9
St. Albans Bay,2015-07-10,,,,,,
St. Albans Bay,2015-07-11,,,,,,
St. Albans Bay,2015-07-12,,,,,,
St. Albans Bay,2015-07-13,,,,,,
St. Albans Bay,2015-07-14,0.33,27.5,13.1,9.19,2.6,25.3
St. Albans Bay,2015-07-15,0.33,27.5,13.1,9.19,2.6,25.3
St. Albans Bay,2015-07-16,0.33,27.5,13.1,9.19,2.6,25.3
St. Albans Bay,2015-07-18,0.33,27.5,13.1,9.19,2.6,25.3
St. Albans Bay,2015-07-19,0.33,27.5,13.1,9.19,2.6,25.3
St. Albans Bay,2015-07-20,0.33,27.5,13.1,9.19,2.6,25.3
St. Albans Bay,2015-07-21,0.31,26.5,11.0,4.62,3.7,23.0
St. Albans Bay,2015-07-22,0.31,26.5,11.0,4.62,3.7,23.0
St. Albans Bay,2015-07-23,0.31,26.5,11.0,4.62,3.7,23.0
St. Albans Bay,2015-07-26,0.31,26.5,11.0,4.62,3.7,23.0
St. Albans Bay,2015-07-27,0.31,26.5,11.0,4.62,3.7,23.0
St. Albans Bay,2015-07-28,0.37,27.8,12.5,7.46,3.1,24.6
St. Albans Bay,2015-07-29,0.37,27.8,12.5,7.46,3.1,24.6
St. Albans Bay,2015-07-30,0.37,27.8,12.5,7.46,3.1,24.6
St. Albans Bay,2015-07-31,0.37,27.8,12.5,7.46,3.1,24.6
St. Albans Bay,2015-08-03,0.37,27.8,12.5,7.46,3.1,24.6
St. Albans Bay,2015-08-06,0.42,45.8,19.7,11.86,2.2,24.0
St. Albans Bay,2015-08-07,0.42,45.8,19.7,11.86,2.2,24.0
St. Albans Bay,2015-08-10,0.425,40.9,17.9,12.44,2.1,23.95
St. Albans Bay,2015-08-11,0.425,40.9,17.9,12.44,2.1,23.95
St. Albans Bay,2015-08-13,0.43,36.0,16.1,13.02,2.0,23.9
St. Albans Bay,2015-08-14,0.43,36.0,16.1,13.02,2.0,23.9
St. Albans Bay,2015-08-15,,,,,,
St. Albans Bay,2015-08-16,,,,,,
St. Albans Bay,2015-08-17,,,,,,
St. Albans Bay,2015-08-18,,,,,,
St. Albans Bay,2015-08-19,,,,,,
St. Albans Bay,2015-08-20,,,,,,
St. Albans Bay,2015-08-21,,,,,,
St. Albans Bay,2015-08-23,,,,,,
St. Albans Bay,2015-08-24,,,,,,
St. Albans Bay,2015-08-25,,,,,,
St. Albans Bay,2015-08-26,,,,,,
St. Albans Bay,2015-08-28,0.53,49.2,13.9,26.63,1.6,24.7
St. Albans Bay,2015-08-31,0.53,49.2,13.9,26.63,1.6,24.7
St. Albans Bay,2015-09-01,0.53,49.2,13.9,26.63,1.6,24.7
St. Albans Bay,2015-09-02,0.575,47.7,14.4,25.36,1.65,24.65
St. Albans Bay,2015-09-03,0.62,46.2,14.9,24.09,1.7,24.6
St. Albans Bay,2015-09-04,0.62,46.2,14.9,24.09,1.7,24.6
St. Albans Bay,2015-09-08,0.62,46.2,14.9,24.09,1.7,24.6
St. Albans Bay,2015-09-10,,,,,,
St. Albans Bay,2015-09-11,,,,,,
St. Albans Bay,2015-09-15,,,,,,
St. Albans Bay,2015-09-20,0.46499999999999997,47.45,11.75,22.97,1.25,22.65
St. Albans Bay,2015-09-21,0.46499999999999997,47.45,11.75,22.97,1.25,22.65
St. Albans Bay,2015-09-22,0.46499999999999997,47.45,11.75,22.97,1.25,22.65
St. Albans Bay,2015-09-25,0.4,33.8,9.1,10.5,1.6,21.0
St. Albans Bay,2015-10-06,,,,,,
St. Albans Bay,2016-06-18,,,,,,
St. Albans Bay,2016-06-20,,,,,,
St. Albans Bay,2016-06-24,0.37,34.4,11.0,5.44,2.2,22.3
St. Albans Bay,2016-06-25,0.37,34.4,11.0,5.44,2.2,22.3
St. Albans Bay,2016-06-27,0.37,34.4,11.0,5.44,2.2,22.3
St. Albans Bay,2016-07-01,0.31,34.2,15.7,10.17,2.1,
St. Albans Bay,2016-07-05,0.31,34.2,15.7,10.17,2.1,
St. Albans Bay,2016-07-08,,,,,,
St. Albans Bay,2016-07-12,0.34,26.3,13.4,1.22,4.0,24.1
St. Albans Bay,2016-07-14,0.34,26.3,13.4,1.22,4.0,24.1
St. Albans Bay,2016-07-17,,,,,,
St. Albans Bay,2016-07-18,,,,,,
St. Albans Bay,2016-07-19,,,,,,
St. Albans Bay,2016-07-21,0.31,35.3,19.3,6.81,2.5,
St. Albans Bay,2016-07-24,0.31,35.3,19.3,6.81,2.5,
St. Albans Bay,2016-07-26,0.31,35.3,19.3,6.81,2.5,
St. Albans Bay,2016-07-27,0.36,34.1,13.7,8.76,2.5,24.1
St. Albans Bay,2016-07-29,0.36,34.1,13.7,8.76,2.5,24.1
St. Albans Bay,2016-08-02,0.32499999999999996,30.5,12.399999999999999,6.51,2.75,24.1
St. Albans Bay,2016-08-04,0.3,27.85,13.45,4.74,2.9,24.1
St. Albans Bay,2016-08-08,0.3,27.85,13.45,4.74,2.9,24.1
St. Albans Bay,2016-08-09,0.31,28.8,15.8,5.22,2.8,
St. Albans Bay,2016-08-10,,,,,,
St. Albans Bay,2016-08-12,,,,,,
St. Albans Bay,2016-08-15,,,,,,
St. Albans Bay,2016-08-16,,,,,,
St. Albans Bay,2016-08-17,,,,,,
St. Albans Bay,2016-08-18,,,,,,
St. Albans Bay,2016-08-19,0.5,59.5,15.1,42.45,1.3,
St. Albans Bay,2016-08-20,0.5,59.5,15.1,42.45,1.3,
St. Albans Bay,2016-08-22,0.5,59.5,15.1,42.45,1.3,
St. Albans Bay,2016-08-23,0.5,59.5,15.1,42.45,1.3,
St. Albans Bay,2016-08-24,0.5,59.5,15.1,42.45,1.3,
St. Albans Bay,2016-08-28,0.62,72.6,11.7,27.9,1.3,23.1
St. Albans Bay,2016-08-29,0.62,72.6,11.7,27.9,1.3,23.1
St. Albans Bay,2016-08-30,0.62,72.6,11.7,27.9,1.3,23.1
St. Albans Bay,2016-09-01,,,,,,
St. Albans Bay,2016-09-02,,,,,,
St. Albans Bay,2016-09-03,,,,,,
St. Albans Bay,2016-09-05,,,,,,
St. Albans Bay,2016-09-06,,,,,,
St. Albans Bay,2016-09-09,,,,,,
St. Albans Bay,2016-09-13,0.51,49.3,12.350000000000001,21.825,2.2,23.1
St. Albans Bay,2016-09-28,0.54,50.9,7.9,7.03,1.4,18.9
St. Albans Bay,2016-10-19,0.34,28.0,8.7,8.34,2.6,14.4
St. Albans Bay,2017-06-02,0.29,29.8,7.4,8.75,2.0,15.7
St. Albans Bay,2017-06-15,0.28,23.6,8.7,4.3,3.0,20.4
St. Albans Bay,2017-06-22,0.22,26.7,8.5,1.92,3.9,18.2
St. Albans Bay,2017-06-24,,,,,,
St. Albans Bay,2017-06-26,,,,,,
St. Albans Bay,2017-06-27,0.26,21.3,13.1,2.23,,21.3
St. Albans Bay,2017-06-28,0.28500000000000003,23.950000000000003,16.05,4.375,4.3,21.0
St. Albans Bay,2017-06-29,0.28500000000000003,23.950000000000003,16.05,4.375,4.3,21.0
St. Albans Bay,2017-06-30,0.28500000000000003,23.950000000000003,16.05,4.375,4.3,21.0
St. Albans Bay,2017-07-05,,,,,,
St. Albans Bay,2017-07-06,,,,,,
St. Albans Bay,2017-07-08,,,,,,
St. Albans Bay,2017-07-11,,,,,,
St. Albans Bay,2017-07-13,0.41,31.8,8.7,12.33,2.5,22.8
St. Albans Bay,2017-07-14,0.41,31.8,8.7,12.33,2.5,22.8
St. Albans Bay,2017-07-18,0.41,31.8,8.7,12.33,2.5,22.8
St. Albans Bay,2017-07-20,0.34,24.4,11.1,12.23,2.9,22.5
St. Albans Bay,2017-07-21,0.34,24.4,11.1,12.23,2.9,22.5
St. Albans Bay,2017-07-22,0.34,24.4,11.1,12.23,2.9,22.5
St. Albans Bay,2017-07-25,0.34,24.4,11.1,12.23,2.9,22.5
St. Albans Bay,2017-07-26,0.29,21.0,7.3,5.58,4.0,21.3
St. Albans Bay,2017-07-28,0.29,21.0,7.3,5.58,4.0,21.3
St. Albans Bay,2017-07-31,0.29,21.0,7.3,5.58,4.0,21.3
St. Albans Bay,2017-08-01,0.28,23.55,9.35,5.84,3.7,21.85
St. Albans Bay,2017-08-02,0.27,26.1,11.4,6.1,3.4,22.4
St. Albans Bay,2017-08-03,0.27,26.1,11.4,6.1,3.4,22.4
St. Albans Bay,2017-08-04,0.27,26.1,11.4,6.1,3.4,22.4
St. Albans Bay,2017-08-05,0.27,26.1,11.4,6.1,3.4,22.4
St. Albans Bay,2017-08-07,0.27,26.1,11.4,6.1,3.4,22.4
St. Albans Bay,2017-08-08,,,,,,
St. Albans Bay,2017-08-09,0.38,31.3,8.5,15.47,2.0,23.2
St. Albans Bay,2017-08-10,0.43,34.55,9.55,10.74,1.9,23.0
St. Albans Bay,2017-08-11,0.43,34.55,9.55,10.74,1.9,23.0
St. Albans Bay,2017-08-13,0.43,34.55,9.55,10.74,1.9,23.0
St. Albans Bay,2017-08-14,0.43,34.55,9.55,10.74,1.9,23.0
St. Albans Bay,2017-08-15,0.43,34.55,9.55,10.74,1.9,23.0
St. Albans Bay,2017-08-16,0.48,37.8,10.6,6.01,1.8,22.8
St. Albans Bay,2017-08-17,,,,,,
St. Albans Bay,2017-08-22,0.51,42.3,10.7,25.98,2.4,23.3
St. Albans Bay,2017-08-25,,,,,,
St. Albans Bay,2017-08-27,,,,,,
St. Albans Bay,2017-08-28,,,,,,
St. Albans Bay,2017-08-29,,,,,,
St. Albans Bay,2017-08-30,,,,,,
St. Albans Bay,2017-08-31,,,,,,
St. Albans Bay,2017-09-01,0.6,55.1,13.8,24.86,1.0,21.4
St. Albans Bay,2017-09-04,0.6,55.1,13.8,24.86,1.0,21.4
St. Albans Bay,2017-09-05,0.6,55.1,13.8,24.86,1.0,21.4
St. Albans Bay,2017-09-06,0.6,55.1,13.8,24.86,1.0,21.4
St. Albans Bay,2017-09-07,0.6,55.1,13.8,24.86,1.0,21.4
St. Albans Bay,2017-09-08,,,,,,
St. Albans Bay,2017-09-10,,,,,,
St. Albans Bay,2017-09-11,,,,,,
St. Albans Bay,2017-09-12,0.67,53.7,11.3,43.5,0.5,19.0
St. Albans Bay,2017-09-13,0.67,53.7,11.3,43.5,0.5,19.0
St. Albans Bay,2017-09-14,0.67,53.7,11.3,43.5,0.5,19.0
St. Albans Bay,2017-09-16,0.67,53.7,11.3,43.5,0.5,19.0
St. Albans Bay,2017-09-18,0.67,53.7,11.3,43.5,0.5,19.0
St. Albans Bay,2017-09-19,0.46,31.4,13.0,23.27,1.5,22.4
St. Albans Bay,2017-09-22,0.46,31.4,13.0,23.27,1.5,22.4
St. Albans Bay,2017-09-25,0.42000000000000004,30.549999999999997,13.3,19.615000000000002,1.75,22.049999999999997
St. Albans Bay,2017-09-26,0.38,29.7,13.6,15.96,2.0,21.7
St. Albans Bay,2017-09-27,0.38,29.7,13.6,15.96,2.0,21.7
St. Albans Bay,2017-09-29,0.38,29.7,13.6,15.96,2.0,21.7
St. Albans Bay,2017-10-03,0.41,32.6,12.3,16.13,2.2,21.5
St. Albans Bay,2018-06-07,,,,,,
St. Albans Bay,2018-06-15,,,,,,
St. Albans Bay,2018-06-19,,,,,,
St. Albans Bay,2018-06-21,0.59,20.3,11.9,3.77,5.0,20.3
St. Albans Bay,2018-06-25,0.48,19.6,12.100000000000001,3.435,4.35,20.15
St. Albans Bay,2018-06-26,0.41,20.133333333333333,11.200000000000001,2.4566666666666666,4.166666666666667,20.0
St. Albans Bay,2018-06-28,0.32,20.049999999999997,10.850000000000001,1.8,3.75,19.85
St. Albans Bay,2018-07-02,0.27,21.2,9.4,0.5,3.8,19.7
St. Albans Bay,2018-07-03,,,,,,
St. Albans Bay,2018-07-04,,,,,,
St. Albans Bay,2018-07-06,0.5,24.0,12.6,3.67,3.1,26.8
St. Albans Bay,2018-07-09,0.5,24.0,12.6,3.67,3.1,26.8
St. Albans Bay,2018-07-10,0.5,24.0,12.6,3.67,3.1,26.8
St. Albans Bay,2018-07-12,0.28,27.3,14.1,2.52,3.0,25.0
St. Albans Bay,2018-07-13,0.28,27.3,14.1,2.52,3.0,25.0
St. Albans Bay,2018-07-16,0.28,27.3,14.1,2.52,3.0,25.0
St. Albans Bay,2018-07-17,0.28,27.3,14.1,2.52,3.0,25.0
St. Albans Bay,2018-07-18,0.30000000000000004,26.0,13.3,3.4450000000000003,2.95,25.0
St. Albans Bay,2018-07-19,0.32,24.7,12.5,4.37,2.9,25.0
St. Albans Bay,2018-07-20,0.32,24.7,12.5,4.37,2.9,25.0
St. Albans Bay,2018-07-23,0.33,23.65,10.3,3.04,2.95,24.65
St. Albans Bay,2018-07-24,0.33,23.65,10.3,3.04,2.95,24.65
St. Albans Bay,2018-07-26,0.34,22.6,8.1,1.71,3.0,24.3
St. Albans Bay,2018-07-27,0.45000000000000007,33.75,12.7,8.985000000000001,2.35,24.65
St. Albans Bay,2018-07-28,0.56,44.9,17.3,16.26,1.7,25.0
St. Albans Bay,2018-07-30,0.56,44.9,17.3,16.26,1.7,25.0
St. Albans Bay,2018-07-31,0.56,44.9,17.3,16.26,1.7,25.0
St. Albans Bay,2018-08-03,,,,,,
St. Albans Bay,2018-08-04,0.55,43.9,8.6,11.74,1.4,25.3
St. Albans Bay,2018-08-06,0.55,43.9,8.6,11.74,1.4,25.3
St. Albans Bay,2018-08-11,,,,,,
St. Albans Bay,2018-08-13,,,,,,
St. Albans Bay,2018-08-14,0.67,49.1,13.3,53.25,1.2,26.1
St. Albans Bay,2018-08-20,0.67,49.1,13.3,53.25,1.2,26.1
St. Albans Bay,2018-08-21,0.57,63.8,8.4,7.04,1.2,24.6
St. Albans Bay,2018-08-23,0.57,63.8,8.4,7.04,1.2,24.6
St. Albans Bay,2018-08-27,0.57,63.8,8.4,7.04,1.2,24.6
St. Albans Bay,2018-08-28,,,,,,
St. Albans Bay,2018-08-31,,,,,,
St. Albans Bay,2018-09-04,,,,,,
St. Albans Bay,2018-09-05,,,,,,
St. Albans Bay,2018-09-06,0.66,57.6,16.1,40.13,0.9,24.1
St. Albans Bay,2018-09-18,0.37,31.7,7.7,16.74,2.0,21.5
St. Albans Bay,2018-09-19,0.37,31.7,7.7,16.74,2.0,21.5
St. Albans Bay,2018-09-21,0.58,41.5,12.7,20.63,1.2,23.0
St. Albans Bay,2018-09-25,0.565,43.55,11.149999999999999,23.064999999999998,1.2999999999999998,20.8
St. Albans Bay,2018-10-11,,,,,,
St. Albans Bay,2018-10-13,,,,,,
St. Albans Bay,2019-06-11,,,,,,
St. Albans Bay,2019-06-20,0.38,21.0,8.0,9.12,3.2,19.6
St. Albans Bay,2019-06-25,0.38,21.0,8.0,9.12,3.2,19.6
St. Albans Bay,2019-06-27,0.33499999999999996,25.5,8.0,10.135,2.7,19.549999999999997
St. Albans Bay,2019-06-28,0.33499999999999996,25.5,8.0,10.135,2.7,19.549999999999997
St. Albans Bay,2019-06-30,0.33499999999999996,25.5,8.0,10.135,2.7,19.549999999999997
St. Albans Bay,2019-07-01,0.33499999999999996,25.5,8.0,10.135,2.7,19.549999999999997
St. Albans Bay,2019-07-02,0.35333333333333333,24.333333333333332,9.666666666666666,8.316666666666666,3.3000000000000003,20.766666666666666
St. Albans Bay,2019-07-03,0.345,20.5,10.0,5.64,3.5,21.45
St. Albans Bay,2019-07-04,0.39,22.0,13.0,4.68,4.5,23.2
St. Albans Bay,2019-07-05,0.39,22.0,13.0,4.68,4.5,23.2
St. Albans Bay,2019-07-08,0.39,22.0,13.0,4.68,4.5,23.2
St. Albans Bay,2019-07-09,,,,,,
St. Albans Bay,2019-07-10,,,,,,
St. Albans Bay,2019-07-11,,,,,,
St. Albans Bay,2019-07-12,,,,,,
St. Albans Bay,2019-07-15,,,,,,
St. Albans Bay,2019-07-16,0.26,27.0,13.0,10.58,2.1,25.0
St. Albans Bay,2019-07-18,0.26,27.0,13.0,10.58,2.1,25.0
St. Albans Bay,2019-07-19,0.315,28.5,16.0,8.95,2.3,24.95
St. Albans Bay,2019-07-20,0.315,28.5,16.0,8.95,2.3,24.95
St. Albans Bay,2019-07-23,0.37,30.0,19.0,7.32,2.5,24.9
St. Albans Bay,2019-07-24,0.37,30.0,19.0,7.32,2.5,24.9
St. Albans Bay,2019-07-25,0.37,30.0,19.0,7.32,2.5,24.9
St. Albans Bay,2019-07-26,,,,,,
St. Albans Bay,2019-07-29,,,,,,
St. Albans Bay,2019-07-30,0.34,24.0,14.0,6.1,1.5,25.7
St. Albans Bay,2019-07-31,0.34,24.0,14.0,6.1,1.5,25.7
St. Albans Bay,2019-08-01,0.34,24.0,14.0,6.1,1.5,25.7
St. Albans Bay,2019-08-02,0.34,24.0,14.0,6.1,1.5,25.7
St. Albans Bay,2019-08-03,0.34,24.0,14.0,6.1,1.5,25.7
St. Albans Bay,2019-08-04,0.34,24.0,14.0,6.1,1.5,25.7
St. Albans Bay,2019-08-05,0.34,24.0,14.0,6.1,1.5,25.7
St. Albans Bay,2019-08-06,,,,,,
St. Albans Bay,2019-08-07,,,,,,
St. Albans Bay,2019-08-08,,,,,,
St. Albans Bay,2019-08-12,0.49,38.0,9.0,10.92,1.3,24.8
St. Albans Bay,2019-08-13,0.45499999999999996,42.0,13.5,21.34,1.2000000000000002,24.200000000000003
St. Albans Bay,2019-08-14,0.45499999999999996,42.0,13.5,21.34,1.2000000000000002,24.200000000000003
St. Albans Bay,2019-08-15,0.45499999999999996,42.0,13.5,21.34,1.2000000000000002,24.200000000000003
St. Albans Bay,2019-08-20,,,,,,
St. Albans Bay,2019-08-21,,,,,,
St. Albans Bay,2019-08-22,,,,,,
St. Albans Bay,2019-08-25,,,,,,
St. Albans Bay,2019-08-27,0.44,37.0,6.0,18.56,1.7,23.3
St. Albans Bay,2019-08-28,0.44,37.0,6.0,18.56,1.7,23.3
St. Albans Bay,2019-08-29,0.5,39.5,9.0,16.78,1.45,22.950000000000003
St. Albans Bay,2019-09-02,0.5,39.5,9.0,16.78,1.45,22.950000000000003
St. Albans Bay,2019-09-03,0.56,42.0,12.0,15.0,1.2,22.6
St. Albans Bay,2019-09-05,,,,,,
St. Albans Bay,2019-09-09,,,,,,
St. Albans Bay,2019-09-10,,,,,,
St. Albans Bay,2019-09-12,,,,,,
St. Albans Bay,2019-09-16,0.5,40.0,10.0,18.35,1.0,19.5
St. Albans Bay,2019-09-17,0.5,40.0,10.0,18.35,1.0,19.5
St. Albans Bay,2019-09-18,0.5,40.0,10.0,18.35,1.0,19.5
St. Albans Bay,2019-09-23,0.485,32.0,9.0,33.11,1.6,18.0
St. Albans Bay,2019-09-24,0.485,32.0,9.0,33.11,1.6,18.0
St. Albans Bay,2019-09-25,0.485,32.0,9.0,33.11,1.6,18.0
St. Albans Bay,2019-09-27,,,,,,
St. Albans Bay,2019-09-30,,,,,,
St. Albans Bay,2019-10-03,,,,,,
St. Albans Bay,2019-10-05,0.45,29.0,8.0,15.82,2.0,16.1
St. Albans Bay,2019-10-08,0.45,29.0,8.0,15.82,2.0,16.1
St. Albans Bay,2019-10-10,0.45,29.0,8.0,15.82,2.0,16.1
St. Albans Bay,2019-10-14,0.43,27.0,11.0,14.59,2.9,14.9
St. Albans Bay,2019-10-23,,,,,,
St. Albans Bay,2019-10-28,,,,,,
St. Albans Bay,2019-10-30,,,,,,
St. Albans Bay,2019-11-07,,,,,,
St. Albans Bay,2019-11-13,,,,,,
St. Albans Bay,2020-06-08,0.31,22.1,10.0,2.96,4.6,16.2
St. Albans Bay,2020-06-29,,,,,,
St. Albans Bay,2020-06-30,,,,,,
St. Albans Bay,2020-07-02,0.32,21.0,14.3,5.97,2.6,22.1
St. Albans Bay,2020-07-06,0.32,21.0,14.3,5.97,2.6,22.1
St. Albans Bay,2020-07-09,,,,,,
St. Albans Bay,2020-07-13,0.34,26.2,14.2,2.26,2.5,24.8
St. Albans Bay,2020-07-15,0.34,26.2,14.2,2.26,2.5,24.8
St. Albans Bay,2020-07-16,0.34,26.2,14.2,2.26,2.5,24.8
St. Albans Bay,2020-07-19,,,,,,
St. Albans Bay,2020-07-20,,,,,,
St. Albans Bay,2020-07-21,,,,,,
St. Albans Bay,2020-07-22,0.32,27.2,13.9,5.5,3.1,25.2
St. Albans Bay,2020-07-23,0.32,27.2,13.9,5.5,3.1,25.2
St. Albans Bay,2020-07-27,0.32,27.2,13.9,5.5,3.1,25.2
St. Albans Bay,2020-07-28,0.32,27.2,13.9,5.5,3.1,25.2
St. Albans Bay,2020-07-30,0.38,33.7,16.3,13.3,2.1,25.8
St. Albans Bay,2020-07-31,0.38,33.7,16.3,13.3,2.1,25.8
St. Albans Bay,2020-08-01,0.38,33.7,16.3,13.3,2.1,25.8
St. Albans Bay,2020-08-02,0.38,33.7,16.3,13.3,2.1,25.8
St. Albans Bay,2020-08-03,0.38,33.7,16.3,13.3,2.1,25.8
St. Albans Bay,2020-08-06,,,,,,
St. Albans Bay,2020-08-07,0.48,44.5,8.5,20.1,1.5,24.0
St. Albans Bay,2020-08-08,0.48,44.5,8.5,20.1,1.5,24.0
St. Albans Bay,2020-08-09,0.48,44.5,8.5,20.1,1.5,24.0
St. Albans Bay,2020-08-10,0.48,44.5,8.5,20.1,1.5,24.0
St. Albans Bay,2020-08-11,0.48,44.5,8.5,20.1,1.5,24.0
St. Albans Bay,2020-08-12,0.48,44.5,8.5,20.1,1.5,24.0
St. Albans Bay,2020-08-13,0.48,44.5,8.5,20.1,1.5,24.0
St. Albans Bay,2020-08-14,,,,,,
St. Albans Bay,2020-08-15,,,,,,
St. Albans Bay,2020-08-16,,,,,,
St. Albans Bay,2020-08-17,,,,,,
St. Albans Bay,2020-08-18,,,,,,
St. Albans Bay,2020-08-19,,,,,,
St. Albans Bay,2020-08-20,0.46499999999999997,35.35,9.9,16.5,1.7,24.0
St. Albans Bay,2020-08-21,0.46499999999999997,35.35,9.9,16.5,1.7,24.0
St. Albans Bay,2020-08-22,0.46499999999999997,35.35,9.9,16.5,1.7,24.0
St. Albans Bay,2020-08-23,0.46499999999999997,35.35,9.9,16.5,1.7,24.0
St. Albans Bay,2020-08-24,0.46499999999999997,35.35,9.9,16.5,1.7,24.0
St. Albans Bay,2020-08-27,,,,,,
St. Albans Bay,2020-08-28,,,,,,
St. Albans Bay,2020-08-31,,,,,,
St. Albans Bay,2020-09-01,,,,,,
St. Albans Bay,2020-09-03,,,,,,
St. Albans Bay,2020-09-07,,,,,,
St. Albans Bay,2020-09-09,,,,,,
St. Albans Bay,2020-09-10,0.52,46.6,10.9,29.0,1.4,20.8
St. Albans Bay,2020-09-14,0.52,46.6,10.9,29.0,1.4,20.8
St. Albans Bay,2020-09-17,,,,,,
St. Albans Bay,2020-09-21,,,,,,
St. Albans Bay,2020-09-22,,,,,,
St. Albans Bay,2020-09-24,,,,,,
St. Albans Bay,2020-10-01,0.36,24.8,7.7,10.3,2.2,18.2
St. Albans Bay,2020-10-03,0.38,26.6,9.25,16.6,2.1,17.85
St. Albans Bay,2021-06-24,,,,,,
St. Albans Bay,2021-06-25,,,,,,
St. Albans Bay,2021-06-28,0.31,32.7,13.5,2.44,2.7,20.6
St. Albans Bay,2021-06-30,0.305,28.950000000000003,13.25,2.62,4.550000000000001,22.3
St. Albans Bay,2021-07-01,0.305,28.950000000000003,13.25,2.62,4.550000000000001,22.3
St. Albans Bay,2021-07-02,0.305,28.950000000000003,13.25,2.62,4.550000000000001,22.3
St. Albans Bay,2021-07-05,0.3,25.2,13.0,2.8,6.4,24.0
St. Albans Bay,2021-07-07,,,,,,
St. Albans Bay,2021-07-08,,,,,,
St. Albans Bay,2021-07-09,,,,,,
St. Albans Bay,2021-07-11,,,,,,
St. Albans Bay,2021-07-12,,,,,,
St. Albans Bay,2021-07-15,,,,,,
St. Albans Bay,2021-07-17,0.32,29.7,13.8,5.64,2.9,23.5
St. Albans Bay,2021-07-18,0.32,29.7,13.8,5.64,2.9,23.5
St. Albans Bay,2021-07-19,0.32,29.7,13.8,5.64,2.9,23.5
St. Albans Bay,2021-07-20,0.32,29.7,13.8,5.64,2.9,23.5
St. Albans Bay,2021-07-21,0.32,29.7,13.8,5.64,2.9,23.5
St. Albans Bay,2021-07-22,0.3075,27.075000000000003,13.7,6.1325,2.875,23.175
St. Albans Bay,2021-07-23,0.295,24.450000000000003,13.6,6.625,2.8499999999999996,22.85
St. Albans Bay,2021-07-24,0.295,24.450000000000003,13.6,6.625,2.8499999999999996,22.85
St. Albans Bay,2021-07-25,0.295,24.450000000000003,13.6,6.625,2.8499999999999996,22.85
St. Albans Bay,2021-07-26,0.295,24.450000000000003,13.6,6.625,2.8499999999999996,22.85
St. Albans Bay,2021-07-28,0.295,24.450000000000003,13.6,6.625,2.8499999999999996,22.85
St. Albans Bay,2021-07-29,,,,,,
St. Albans Bay,2021-08-02,,,,,,
St. Albans Bay,2021-08-03,,,,,,
St. Albans Bay,2021-08-05,0.48,38.8,12.1,32.2,1.5,21.3
St. Albans Bay,2021-08-06,0.435,34.099999999999994,12.75,21.900000000000002,1.75,22.0
St. Albans Bay,2021-08-07,0.435,34.099999999999994,12.75,21.900000000000002,1.75,22.0
St. Albans Bay,2021-08-08,0.435,34.099999999999994,12.75,21.900000000000002,1.75,22.0
St. Albans Bay,2021-08-09,0.435,34.099999999999994,12.75,21.900000000000002,1.75,22.0
St. Albans Bay,2021-08-10,0.435,34.099999999999994,12.75,21.900000000000002,1.75,22.0
St. Albans Bay,2021-08-12,0.39,29.4,13.4,11.6,2.0,22.7
St. Albans Bay,2021-08-16,,,,,,
St. Albans Bay,2021-08-17,0.46,38.3,9.5,31.1,1.3,25.1
St. Albans Bay,2021-08-19,0.46499999999999997,35.95,10.35,26.85,1.5,24.55
St. Albans Bay,2021-08-20,0.46499999999999997,35.95,10.35,26.85,1.5,24.55
St. Albans Bay,2021-08-21,0.46499999999999997,35.95,10.35,26.85,1.5,24.55
St. Albans Bay,2021-08-22,0.46499999999999997,35.95,10.35,26.85,1.5,24.55
St. Albans Bay,2021-08-23,0.46499999999999997,35.95,10.35,26.85,1.5,24.55
St. Albans Bay,2021-08-26,,,,,,
St. Albans Bay,2021-08-30,,,,,,
St. Albans Bay,2021-09-01,,,,,,
St. Albans Bay,2021-09-02,,,,,,
St. Albans Bay,2021-09-07,,,,,,
St. Albans Bay,2021-09-09,,,,,,
St. Albans Bay,2021-09-10,,,,,,
St. Albans Bay,2021-09-13,0.49,42.2,11.8,20.0,1.5,20.8
St. Albans Bay,2021-09-14,0.44,38.2,11.100000000000001,16.3,1.4,20.700000000000003
St. Albans Bay,2021-09-16,0.44,38.2,11.100000000000001,16.3,1.4,20.700000000000003
St. Albans Bay,2021-09-17,0.44,38.2,11.100000000000001,16.3,1.4,20.700000000000003
St. Albans Bay,2021-09-20,0.39,34.2,10.4,12.6,1.3,20.6
St. Albans Bay,2021-09-23,0.4,32.9,9.95,12.1,1.4,20.35
St. Albans Bay,2021-09-30,,,,,,
St. Albans Bay,2021-10-03,,,,,,
St. Albans Bay,2021-10-06,,,,,,
St. Albans Bay,2021-10-07,,,,,,
St. Albans Bay,2021-10-08,,,,,,
St. Albans Bay,2021-10-09,,,,,,
St. Albans Bay,2021-10-13,,,,,,
St. Albans Bay,2021-10-14,0.46,24.1,8.9,17.3,2.1,17.6
St. Albans Bay,2021-10-15,0.42500000000000004,25.4,8.850000000000001,14.7,2.55,17.85
St. Albans Bay,2021-10-16,0.42500000000000004,25.4,8.850000000000001,14.7,2.55,17.85
St. Albans Bay,2021-10-20,0.42500000000000004,25.4,8.850000000000001,14.7,2.55,17.85
St. Albans Bay,2021-10-21,0.39,26.7,8.8,12.1,3.0,18.1
St. Albans Bay,2021-10-28,,,,,,
St. Albans Bay,2022-06-20,,,,,,
St. Albans Bay,2022-06-23,,,,,,
St. Albans Bay,2022-06-27,,,,,,
St. Albans Bay,2022-06-30,0.44,33.3,14.4,8.22,2.2,
St. Albans Bay,2022-07-04,0.44,33.3,14.4,8.22,2.2,
St. Albans Bay,2022-07-07,,,,,,
St. Albans Bay,2022-07-12,0.4,22.6,10.1,8.22,3.3,
St. Albans Bay,2022-07-13,0.4,22.6,10.1,8.22,3.3,
St. Albans Bay,2022-07-14,0.4,22.6,10.1,8.22,3.3,
St. Albans Bay,2022-07-15,0.4,22.6,10.1,8.22,3.3,
St. Albans Bay,2022-07-18,,,,,,
St. Albans Bay,2022-07-19,,,,,,
St. Albans Bay,2022-07-20,0.4,29.2,12.9,6.45,3.1,
St. Albans Bay,2022-07-21,0.4,29.2,12.9,6.45,3.1,
St. Albans Bay,2022-07-22,0.4,29.2,12.9,6.45,3.1,
St. Albans Bay,2022-07-25,0.4,29.2,12.9,6.45,3.1,
St. Albans Bay,2022-07-26,0.4,29.2,12.9,6.45,3.1,
St. Albans Bay,2022-07-28,0.47,47.2,19.2,12.6,1.8,
St. Albans Bay,2022-07-29,0.47,47.2,19.2,12.6,1.8,
St. Albans Bay,2022-08-02,0.55,51.25,18.799999999999997,24.55,1.5,
St. Albans Bay,2022-08-03,0.63,55.3,18.4,36.5,1.2,
St. Albans Bay,2022-08-04,0.635,50.5,15.399999999999999,23.9,1.25,
St. Albans Bay,2022-08-05,0.635,50.5,15.399999999999999,23.9,1.25,
St. Albans Bay,2022-08-06,0.64,45.7,12.4,11.3,1.3,
St. Albans Bay,2022-08-07,0.64,45.7,12.4,11.3,1.3,
St. Albans Bay,2022-08-08,0.64,45.7,12.4,11.3,1.3,
St. Albans Bay,2022-08-09,0.64,45.7,12.4,11.3,1.3,
St. Albans Bay,2022-08-10,0.64,45.7,12.4,11.3,1.3,
St. Albans Bay,2022-08-11,,,,,,
St. Albans Bay,2022-08-12,,,,,,
St. Albans Bay,2022-08-13,0.46,35.6,7.6,17.1,1.7,
St. Albans Bay,2022-08-15,0.46,35.6,7.6,17.1,1.7,
St. Albans Bay,2022-08-16,0.495,37.6,11.05,18.55,1.5,
St. Albans Bay,2022-08-18,0.495,37.6,11.05,18.55,1.5,
St. Albans Bay,2022-08-23,,,,,,
St. Albans Bay,2022-08-25,,,,,,
St. Albans Bay,2022-08-28,,,,,,
St. Albans Bay,2022-08-29,,,,,,
St. Albans Bay,2022-08-30,,,,,,
St. Albans Bay,2022-09-01,,,,,,
St. Albans Bay,2022-09-05,0.62,56.6,18.2,28.5,1.2,
St. Albans Bay,2022-09-06,0.62,56.6,18.2,28.5,1.2,
St. Albans Bay,2022-09-08,0.6,54.75,17.299999999999997,29.2,1.25,
St. Albans Bay,2022-09-09,0.58,52.9,16.4,29.9,1.3,
St. Albans Bay,2022-09-10,0.58,52.9,16.4,29.9,1.3,
St. Albans Bay,2022-09-11,0.58,52.9,16.4,29.9,1.3,
St. Albans Bay,2022-09-12,0.58,52.9,16.4,29.9,1.3,
St. Albans Bay,2022-09-13,0.58,52.9,16.4,29.9,1.3,
St. Albans Bay,2022-09-14,,,,,,
St. Albans Bay,2022-09-15,,,,,,
St. Albans Bay,2022-09-20,,,,,,
St. Albans Bay,2022-09-21,,,,,,
St. Albans Bay,2022-09-22,0.61,40.55,11.850000000000001,30.200000000000003,2.1,
St. Albans Bay,2022-09-29,0.58,32.9,44.8,21.8,2.4,
St. Albans Bay,2022-10-01,0.58,32.9,44.8,21.8,2.4,
St. Albans Bay,2022-10-02,0.58,32.9,44.8,21.8,2.4,
St. Albans Bay,2022-10-04,0.58,32.9,44.8,21.8,2.4,
St. Albans Bay,2022-10-05,0.5,30.6,29.65,19.700000000000003,2.45,
St. Albans Bay,2022-10-06,0.42,28.3,14.5,17.6,2.5,
St. Albans Bay,2022-10-11,0.42,28.3,14.5,17.6,2.5,
St. Albans Bay,2022-10-13,,,,,,
St. Albans Bay,2022-10-18,0.45,28.7,13.2,6.61,2.7,
