noaa_DATE,noaa_precipitation,noaa_air_temp_max,noaa_air_temp_min,noaa_wind_speed_mean,noaa_wind_speed_2_min,noaa_snow_depth,noaa_wind_direction_2_min,noaa_snowfall,noaa_wind_speed_5_min,noaa_wind_direction_5_min,noaa_air_temp_mean
2012-01-01,,,,,,,,,,,
2012-01-02,0.5,7.2,-1.1,3.4,10.3,0.0,180.0,0.0,14.3,190.0,
2012-01-03,1.5,6.95,-3.5999999999999996,4.05,10.3,0.0,255.0,2.5,13.65,265.0,
2012-01-04,1.0,2.6,-7.599999999999999,4.5,9.833333333333334,0.0,280.0,3.3333333333333335,12.833333333333334,286.6666666666667,
2012-01-05,0.75,0.42500000000000027,-10.0,4.45,9.600000000000001,0.0,257.5,2.5,12.525,260.0,
2012-01-06,0.86,-0.21999999999999975,-10.34,4.28,9.280000000000001,10.2,244.0,10.6,12.34,248.0,
2012-01-07,0.7666666666666666,0.2833333333333335,-10.383333333333333,3.966666666666667,8.85,12.666666666666666,235.0,11.0,12.0,238.33333333333334,
2012-01-08,1.1285714285714286,0.8000000000000002,-9.299999999999999,3.542857142857143,8.857142857142858,14.428571428571429,247.14285714285714,10.857142857142858,11.757142857142856,250.0,
2012-01-09,1.0571428571428572,0.24285714285714294,-10.571428571428571,3.6000000000000005,8.657142857142858,14.428571428571429,268.57142857142856,10.857142857142858,11.314285714285715,270.0,
2012-01-10,0.7000000000000001,-0.4714285714285714,-11.12857142857143,3.471428571428571,8.457142857142857,14.428571428571429,248.57142857142858,10.142857142857142,11.057142857142859,244.28571428571428,
2012-01-11,0.7428571428571429,0.8714285714285716,-9.614285714285714,3.4285714285714284,8.528571428571428,14.428571428571429,247.14285714285714,9.857142857142858,11.242857142857144,224.28571428571428,
2012-01-12,0.7428571428571429,1.0285714285714285,-8.67142857142857,3.042857142857143,8.085714285714285,14.428571428571429,265.7142857142857,9.857142857142858,10.485714285714286,244.28571428571428,
2012-01-13,0.7714285714285715,1.6714285714285713,-8.028571428571428,2.842857142857143,8.214285714285715,10.714285714285714,260.0,6.571428571428571,10.357142857142858,238.57142857142858,
2012-01-14,2.1142857142857143,1.8285714285714285,-7.071428571428571,3.0714285714285716,8.6,21.714285714285715,260.0,19.285714285714285,10.742857142857144,238.57142857142858,
2012-01-15,1.6428571428571428,0.8,-9.128571428571428,3.642857142857143,8.8,32.714285714285715,260.0,18.571428571428573,11.12857142857143,241.42857142857142,
2012-01-16,1.6428571428571428,-1.7285714285714284,-10.87142857142857,3.485714285714286,8.485714285714286,47.285714285714285,260.0,18.571428571428573,10.671428571428573,241.42857142857142,
2012-01-17,1.6428571428571428,-2.214285714285714,-12.857142857142858,3.6142857142857148,8.814285714285715,58.142857142857146,260.0,18.571428571428573,11.37142857142857,244.28571428571428,
2012-01-18,2.2142857142857144,-1.8857142857142857,-12.385714285714284,3.7428571428571433,9.12857142857143,69.0,238.57142857142858,18.142857142857142,11.814285714285715,241.42857142857142,
2012-01-19,2.2142857142857144,-0.21428571428571427,-12.700000000000001,4.371428571428572,10.414285714285715,76.28571428571429,227.14285714285714,18.142857142857142,13.914285714285715,230.0,
2012-01-20,2.1142857142857143,-0.8571428571428571,-13.9,4.685714285714285,10.742857142857142,80.0,232.85714285714286,17.428571428571427,14.5,235.71428571428572,
2012-01-21,0.7714285714285716,-1.8857142857142857,-15.399999999999997,4.714285714285714,10.8,69.0,245.71428571428572,4.714285714285714,14.5,248.57142857142858,
2012-01-22,0.985714285714286,-2.442857142857143,-15.328571428571427,4.1571428571428575,9.900000000000002,61.714285714285715,245.71428571428572,7.285714285714286,13.285714285714286,247.14285714285714,
2012-01-23,0.985714285714286,-0.6285714285714284,-14.857142857142858,4.142857142857143,10.085714285714287,54.42857142857143,222.85714285714286,7.285714285714286,13.799999999999999,224.28571428571428,
2012-01-24,1.5000000000000002,0.5714285714285715,-11.757142857142856,4.2,9.957142857142857,47.142857142857146,220.0,7.285714285714286,13.542857142857143,224.28571428571428,
2012-01-25,0.9571428571428574,0.8857142857142859,-11.200000000000001,3.8000000000000003,9.442857142857141,36.285714285714285,221.42857142857142,7.285714285714286,12.842857142857142,225.71428571428572,
2012-01-26,0.9571428571428574,0.24285714285714302,-9.842857142857142,3.471428571428572,8.471428571428572,29.0,230.0,7.285714285714286,11.62857142857143,234.28571428571428,
2012-01-27,1.3142857142857147,0.8000000000000002,-8.571428571428571,2.9857142857142867,7.442857142857143,25.285714285714285,238.57142857142858,10.285714285714286,10.157142857142857,242.85714285714286,
2012-01-28,3.2285714285714286,1.985714285714286,-6.671428571428571,2.9,7.385714285714286,25.285714285714285,240.0,9.142857142857142,10.214285714285714,247.14285714285714,
2012-01-29,3.085714285714286,3.642857142857143,-4.2,3.342857142857144,7.957142857142857,18.0,230.0,6.571428571428571,11.228571428571428,222.85714285714286,
2012-01-30,3.085714285714286,4.285714285714286,-1.8142857142857143,3.585714285714286,8.214285714285714,10.714285714285714,240.0,6.571428571428571,11.614285714285714,234.28571428571428,
2012-01-31,2.642857142857143,3.2428571428571433,-2.4571428571428577,3.3285714285714287,8.214285714285714,10.714285714285714,264.2857142857143,8.428571428571429,11.22857142857143,257.14285714285717,
2012-02-01,2.7857142857142856,2.2142857142857144,-3.642857142857143,3.1000000000000005,7.714285714285714,10.714285714285714,255.71428571428572,12.0,10.528571428571428,250.0,
2012-02-02,3.3000000000000003,3.085714285714286,-3.0857142857142854,3.028571428571429,7.971428571428571,10.714285714285714,260.0,12.428571428571429,10.4,254.28571428571428,
2012-02-03,2.828571428571429,3.085714285714286,-3.3142857142857145,3.4285714285714293,8.428571428571429,7.142857142857143,225.71428571428572,7.714285714285714,11.1,218.57142857142858,
2012-02-04,0.8714285714285719,2.2857142857142856,-4.428571428571429,3.128571428571429,7.728571428571429,3.5714285714285716,210.0,7.428571428571429,10.014285714285714,200.0,
2012-02-05,0.9428571428571433,1.4142857142857146,-6.1000000000000005,2.9571428571428577,7.985714285714287,7.142857142857143,222.85714285714286,8.571428571428571,10.014285714285714,224.28571428571428,
2012-02-06,0.9428571428571433,0.7714285714285717,-7.685714285714285,2.5142857142857147,7.3571428571428585,10.714285714285714,215.71428571428572,8.571428571428571,9.0,214.28571428571428,
2012-02-07,0.8714285714285719,2.2857142857142856,-7.200000000000001,2.6714285714285717,7.1571428571428575,7.142857142857143,195.71428571428572,6.714285714285714,8.942857142857143,194.28571428571428,
2012-02-08,0.6571428571428576,2.828571428571429,-7.514285714285714,3.042857142857143,7.785714285714286,7.142857142857143,225.71428571428572,3.142857142857143,9.642857142857142,222.85714285714286,
2012-02-09,0.14285714285714338,1.7285714285714289,-9.271428571428572,2.9714285714285715,7.2857142857142865,7.142857142857143,205.71428571428572,2.7142857142857144,9.071428571428571,201.42857142857142,
2012-02-10,0.14285714285714338,2.528571428571429,-9.357142857142858,2.585714285714286,6.9,7.142857142857143,232.85714285714286,2.2857142857142856,8.685714285714285,227.14285714285714,
2012-02-11,0.14285714285714338,3.3285714285714287,-8.957142857142857,2.7285714285714286,7.214285714285714,7.142857142857143,235.71428571428572,1.8571428571428572,9.257142857142856,228.57142857142858,
2012-02-12,0.1142857142857148,3.485714285714286,-9.514285714285714,2.9,7.157142857142858,7.142857142857143,232.85714285714286,2.142857142857143,9.128571428571428,227.14285714285714,
2012-02-13,0.1142857142857148,2.4571428571428577,-9.757142857142856,3.3142857142857145,7.6571428571428575,7.142857142857143,251.42857142857142,2.5714285714285716,9.757142857142856,248.57142857142858,
2012-02-14,0.15714285714285767,1.1142857142857143,-10.714285714285714,2.971428571428572,7.1571428571428575,10.714285714285714,271.42857142857144,4.714285714285714,9.185714285714285,260.0,
2012-02-15,0.15714285714285767,1.042857142857143,-10.085714285714285,2.9857142857142853,7.028571428571429,10.714285714285714,251.42857142857142,4.714285714285714,9.185714285714285,241.42857142857142,
2012-02-16,0.20000000000000048,1.7571428571428573,-8.571428571428571,2.7285714285714286,6.8999999999999995,10.714285714285714,250.0,5.142857142857143,9.057142857142859,241.42857142857142,
2012-02-17,0.31428571428571483,1.5999999999999999,-7.299999999999999,3.042857142857143,7.6571428571428575,10.714285714285714,247.14285714285714,5.142857142857143,9.957142857142857,240.0,
2012-02-18,0.31428571428571483,1.7571428571428573,-6.185714285714286,3.3000000000000003,8.042857142857143,10.714285714285714,245.71428571428572,5.142857142857143,10.471428571428572,240.0,
2012-02-19,0.20000000000000048,2.4714285714285715,-4.357142857142857,3.1285714285714286,7.7857142857142865,7.142857142857143,242.85714285714286,3.0,10.342857142857143,237.14285714285714,
2012-02-20,0.20000000000000048,3.985714285714286,-3.0142857142857147,2.9,7.542857142857143,3.5714285714285716,245.71428571428572,2.5714285714285716,10.085714285714285,238.57142857142858,
2012-02-21,0.15714285714285767,3.814285714285714,-2.7714285714285714,2.9,7.728571428571429,0.0,198.57142857142858,0.42857142857142855,10.200000000000001,200.0,
2012-02-22,0.15714285714285767,3.8857142857142857,-3.557142857142857,2.8428571428571425,8.114285714285714,0.0,197.14285714285714,0.42857142857142855,10.785714285714286,198.57142857142858,
2012-02-23,0.471428571428572,4.514285714285714,-3.0857142857142854,3.442857142857143,8.685714285714287,0.0,197.14285714285714,0.0,11.685714285714285,197.14285714285714,
2012-02-24,0.9000000000000005,4.514285714285714,-3.6428571428571432,3.314285714285714,8.242857142857142,0.0,210.0,1.4285714285714286,11.1,208.57142857142858,
2012-02-25,2.1000000000000005,4.042857142857143,-4.442857142857143,2.942857142857143,7.857142857142857,0.0,204.28571428571428,12.285714285714286,10.328571428571431,207.14285714285714,
2012-02-26,2.1000000000000005,3.657142857142857,-5.0,3.3857142857142857,8.428571428571429,10.857142857142858,201.42857142857142,12.285714285714286,11.22857142857143,205.71428571428572,
2012-02-27,2.1000000000000005,3.0142857142857147,-5.628571428571428,3.5428571428571436,8.542857142857143,21.714285714285715,195.71428571428572,12.285714285714286,11.428571428571429,201.42857142857142,
2012-02-28,2.1428571428571437,3.8142857142857145,-6.028571428571429,3.8571428571428577,9.114285714285714,29.0,220.0,12.285714285714286,12.514285714285716,227.14285714285714,
2012-02-29,2.1857142857142864,3.585714285714286,-5.957142857142857,3.842857142857143,9.185714285714285,36.285714285714285,241.42857142857142,13.714285714285714,12.442857142857141,247.14285714285714,
2012-03-01,1.9428571428571435,2.242857142857143,-7.542857142857143,3.4142857142857146,8.742857142857142,43.57142857142857,234.28571428571428,15.142857142857142,11.671428571428569,240.0,
2012-03-02,1.9428571428571433,1.5285714285714287,-7.3,3.542857142857143,9.12857142857143,58.142857142857146,218.57142857142858,21.714285714285715,12.185714285714287,227.14285714285714,
2012-03-03,0.7428571428571435,1.6000000000000003,-7.057142857142857,3.971428571428572,9.571428571428571,72.71428571428571,220.0,10.857142857142858,13.028571428571428,225.71428571428572,
2012-03-04,0.8571428571428579,2.785714285714286,-6.1,3.9571428571428577,9.442857142857141,61.857142857142854,208.57142857142858,10.857142857142858,12.957142857142856,218.57142857142858,
2012-03-05,0.9714285714285722,3.7428571428571433,-6.014285714285714,3.985714285714286,9.571428571428571,51.0,200.0,14.428571428571429,13.142857142857142,204.28571428571428,
2012-03-06,1.0428571428571436,2.228571428571429,-6.257142857142858,3.900000000000001,9.12857142857143,43.714285714285715,220.0,16.285714285714285,12.257142857142856,221.42857142857142,
2012-03-07,1.0000000000000007,1.9857142857142862,-7.214285714285714,3.6714285714285717,8.428571428571429,40.0,197.14285714285714,14.857142857142858,11.614285714285714,200.0,
2012-03-08,0.8857142857142863,3.8000000000000003,-5.785714285714286,4.471428571428572,9.185714285714285,32.714285714285715,205.71428571428572,13.428571428571429,13.014285714285714,205.71428571428572,
2012-03-09,0.7000000000000008,6.014285714285715,-4.757142857142858,5.228571428571429,9.757142857142856,18.142857142857142,208.57142857142858,5.428571428571429,13.842857142857142,207.14285714285714,
2012-03-10,0.8428571428571436,6.257142857142857,-4.8428571428571425,5.071428571428571,9.828571428571427,7.142857142857143,231.42857142857142,7.285714285714286,13.714285714285714,228.57142857142858,
2012-03-11,0.9857142857142865,5.071428571428571,-5.8,4.585714285714286,9.257142857142856,7.142857142857143,228.57142857142858,13.428571428571429,12.757142857142858,220.0,
2012-03-12,0.8714285714285721,6.342857142857143,-4.614285714285715,4.742857142857143,9.385714285714286,7.142857142857143,222.85714285714286,9.857142857142858,12.885714285714288,218.57142857142858,
2012-03-13,0.7571428571428579,9.6,-2.9428571428571426,4.328571428571429,8.814285714285715,7.142857142857143,205.71428571428572,8.0,12.314285714285715,205.71428571428572,
2012-03-14,1.114285714285715,12.214285714285714,0.39999999999999997,4.614285714285715,9.257142857142856,3.5714285714285716,208.57142857142858,8.0,12.828571428571431,207.14285714285714,
2012-03-15,1.2285714285714293,12.3,0.39999999999999997,3.842857142857143,8.500000000000002,3.5714285714285716,230.0,8.0,11.428571428571429,232.85714285714286,
2012-03-16,1.2000000000000008,11.985714285714286,-0.2285714285714286,2.8571428571428577,7.728571428571429,3.5714285714285716,227.14285714285714,8.0,10.342857142857143,232.85714285714286,
2012-03-17,1.4857142857142864,12.542857142857143,0.8857142857142856,2.9571428571428577,7.657142857142858,0.0,208.57142857142858,6.142857142857143,10.400000000000002,217.14285714285714,
2012-03-18,1.2285714285714293,14.599999999999998,2.228571428571428,2.8142857142857145,7.471428571428572,0.0,208.57142857142858,0.0,10.157142857142857,220.0,
2012-03-19,1.2285714285714293,16.257142857142856,3.9,2.8000000000000003,7.471428571428571,0.0,207.14285714285714,0.0,10.028571428571428,220.0,
2012-03-20,1.2285714285714293,17.52857142857143,5.3999999999999995,2.9857142857142867,7.9142857142857155,0.0,205.71428571428572,0.0,10.4,215.71428571428572,
2012-03-21,0.8714285714285721,18.571428571428573,5.471428571428572,2.528571428571429,7.3428571428571425,0.0,208.57142857142858,0.0,9.442857142857145,218.57142857142858,
2012-03-22,0.7571428571428579,20.47142857142857,6.6571428571428575,2.6000000000000005,7.471428571428572,0.0,185.71428571428572,0.0,9.700000000000001,195.71428571428572,
2012-03-23,0.4285714285714293,22.37142857142857,8.628571428571428,2.900000000000001,7.471428571428572,0.0,212.85714285714286,0.0,9.700000000000001,220.0,
2012-03-24,0.0,23.8,9.1,2.757142857142857,7.214285714285714,0.0,235.71428571428572,0.0,9.314285714285715,240.0,
2012-03-25,0.07142857142857219,22.685714285714283,9.1,2.9,7.214285714285714,0.0,254.28571428571428,0.0,9.242857142857144,260.0,
2012-03-26,0.18571428571428647,20.471428571428568,8.214285714285714,2.7285714285714286,6.9,0.0,251.42857142857142,0.0,8.985714285714284,255.71428571428572,
2012-03-27,0.514285714285715,17.857142857142854,6.471428571428572,3.771428571428572,8.057142857142857,0.0,272.85714285714283,0.0,10.457142857142856,277.14285714285717,
2012-03-28,0.514285714285715,14.514285714285714,4.485714285714286,4.228571428571429,8.885714285714286,0.0,291.42857142857144,0.0,11.485714285714284,294.2857142857143,
2012-03-29,0.7000000000000007,11.971428571428572,3.142857142857143,4.528571428571429,9.642857142857142,0.0,292.85714285714283,0.0,12.5,291.42857142857144,
2012-03-30,0.7000000000000007,8.557142857142857,1.1714285714285715,4.6000000000000005,9.771428571428572,0.0,288.57142857142856,0.0,12.571428571428571,287.14285714285717,
2012-03-31,0.7000000000000007,6.657142857142857,-0.41428571428571415,4.728571428571429,10.028571428571428,0.0,284.2857142857143,0.0,12.828571428571427,282.85714285714283,
2012-04-01,0.6285714285714292,6.742857142857143,-1.1285714285714286,4.6000000000000005,10.085714285714287,0.0,285.7142857142857,0.0,12.828571428571427,280.0,
2012-04-02,0.5857142857142864,6.742857142857143,-2.314285714285714,4.228571428571429,9.642857142857142,0.0,311.42857142857144,0.0,12.12857142857143,305.7142857142857,
2012-04-03,0.2571428571428579,6.971428571428571,-1.8285714285714285,3.6000000000000005,9.12857142857143,0.0,311.42857142857144,0.0,11.628571428571428,305.7142857142857,
2012-04-04,0.2571428571428579,8.014285714285714,-1.342857142857143,3.4285714285714284,8.614285714285714,0.0,311.42857142857144,0.0,11.042857142857143,310.0,
2012-04-05,0.14285714285714363,8.414285714285715,-1.0285714285714285,3.3142857142857145,8.428571428571429,0.0,332.85714285714283,0.0,10.799999999999999,334.2857142857143,
2012-04-06,0.14285714285714363,8.814285714285713,-0.8714285714285713,3.471428571428572,8.5,0.0,332.85714285714283,0.0,10.985714285714286,335.7142857142857,
2012-04-07,0.14285714285714363,9.285714285714286,-0.31428571428571433,3.5571428571428574,8.442857142857143,0.0,334.2857142857143,0.0,11.057142857142859,291.42857142857144,
2012-04-08,0.14285714285714363,9.2,-0.15714285714285717,3.785714285714286,8.757142857142856,0.0,290.0,0.0,11.7,248.57142857142858,
2012-04-09,0.07142857142857219,9.6,0.8714285714285713,4.014285714285715,9.071428571428571,0.0,288.57142857142856,0.0,11.957142857142857,244.28571428571428,
2012-04-10,0.3285714285714293,9.442857142857141,1.4142857142857144,3.8714285714285714,8.614285714285714,0.0,280.0,0.0,11.442857142857141,235.71428571428572,
2012-04-11,0.9142857142857149,9.271428571428572,2.357142857142857,3.8142857142857145,8.485714285714286,0.0,258.57142857142856,0.0,11.314285714285715,211.42857142857142,
2012-04-12,1.1000000000000008,9.200000000000001,2.5142857142857147,3.5285714285714285,7.914285714285714,0.0,257.14285714285717,0.0,10.542857142857144,210.0,
2012-04-13,1.1000000000000008,10.314285714285715,2.742857142857143,3.2285714285714286,7.6000000000000005,0.0,260.0,0.0,10.485714285714286,208.57142857142858,
2012-04-14,1.1000000000000008,11.5,2.5,2.8285714285714287,7.085714285714286,0.0,254.28571428571428,0.0,9.9,254.28571428571428,
2012-04-15,1.1000000000000008,13.257142857142858,2.6714285714285713,2.6571428571428575,6.9,0.0,280.0,0.0,9.571428571428571,278.57142857142856,
2012-04-16,1.1000000000000008,14.842857142857143,4.028571428571429,2.885714285714286,7.414285714285714,0.0,258.57142857142856,0.0,10.342857142857143,260.0,
2012-04-17,0.8428571428571435,17.857142857142858,5.785714285714286,3.157142857142858,7.742857142857143,0.0,244.28571428571428,0.0,10.657142857142857,258.57142857142856,
2012-04-18,0.2571428571428579,19.52857142857143,5.957142857142856,3.4571428571428577,8.185714285714285,0.0,260.0,0.0,11.428571428571429,271.42857142857144,
2012-04-19,0.0,19.75714285714286,5.728571428571428,3.5714285714285716,8.185714285714287,0.0,262.85714285714283,0.0,11.357142857142858,275.7142857142857,
2012-04-20,0.0,21.028571428571432,5.257142857142857,3.528571428571429,8.428571428571429,0.0,241.42857142857142,0.0,11.414285714285715,257.14285714285717,
2012-04-21,0.0,21.27142857142857,6.371428571428572,3.6000000000000005,9.0,0.0,227.14285714285714,0.0,12.057142857142859,238.57142857142858,
2012-04-22,1.4571428571428577,20.785714285714285,6.757142857142857,4.028571428571429,9.571428571428571,0.0,225.71428571428572,0.0,12.828571428571427,237.14285714285714,
2012-04-23,2.842857142857144,18.24285714285714,5.0857142857142845,4.1571428571428575,9.242857142857144,0.0,247.14285714285714,0.0,12.442857142857141,258.57142857142856,
2012-04-24,6.757142857142858,15.785714285714286,3.0142857142857147,3.9142857142857146,8.8,0.0,247.14285714285714,0.0,12.000000000000002,245.71428571428572,
2012-04-25,7.342857142857143,14.2,2.9285714285714284,4.2,9.185714285714285,0.0,230.0,0.0,12.257142857142856,234.28571428571428,
2012-04-26,7.528571428571429,13.728571428571428,3.3142857142857145,4.271428571428571,9.185714285714285,0.0,224.28571428571428,0.0,12.514285714285716,214.28571428571428,
2012-04-27,9.014285714285716,12.457142857142857,3.5571428571428574,4.257142857142857,9.314285714285715,0.0,225.71428571428572,0.0,12.585714285714287,215.71428571428572,
2012-04-28,9.085714285714287,10.942857142857141,2.528571428571429,4.785714285714286,9.442857142857141,0.0,245.71428571428572,0.0,12.714285714285714,231.42857142857142,
2012-04-29,7.628571428571429,9.828571428571427,1.9000000000000001,4.685714285714285,9.314285714285715,0.0,265.7142857142857,0.0,12.271428571428572,251.42857142857142,
2012-04-30,6.242857142857143,10.542857142857143,1.2714285714285711,4.542857142857143,9.828571428571427,0.0,262.85714285714283,0.0,13.028571428571428,250.0,
2012-05-01,2.3285714285714296,10.857142857142858,0.5571428571428572,4.114285714285715,9.442857142857141,0.0,272.85714285714283,0.0,12.385714285714284,261.42857142857144,
2012-05-02,3.414285714285715,11.171428571428573,0.8714285714285716,3.5571428571428574,8.685714285714285,0.0,272.85714285714283,0.0,11.485714285714286,257.14285714285717,
2012-05-03,3.4857142857142867,12.200000000000001,1.4285714285714286,3.528571428571429,8.8,0.0,245.71428571428572,0.0,11.357142857142858,244.28571428571428,
2012-05-04,2.471428571428572,12.6,2.6999999999999997,3.657142857142858,8.485714285714286,0.0,242.85714285714286,0.0,10.971428571428572,244.28571428571428,
2012-05-05,3.857142857142858,14.185714285714285,4.285714285714286,3.257142857142857,8.428571428571429,0.0,245.71428571428572,0.0,10.914285714285715,250.0,
2012-05-06,3.857142857142858,14.9,5.071428571428571,3.3000000000000003,8.114285714285716,0.0,251.42857142857142,0.0,11.228571428571428,251.42857142857142,
2012-05-07,3.857142857142858,16.014285714285712,5.700000000000001,3.0714285714285716,7.857142857142857,0.0,251.42857142857142,0.0,10.785714285714286,248.57142857142858,
2012-05-08,3.857142857142858,17.128571428571426,6.257142857142857,3.214285714285715,8.357142857142858,0.0,240.0,0.0,11.742857142857144,238.57142857142858,
2012-05-09,6.642857142857143,17.84285714285714,6.814285714285714,3.628571428571429,9.185714285714285,0.0,240.0,0.0,13.157142857142858,240.0,
2012-05-10,7.542857142857144,18.328571428571426,7.371428571428571,3.4571428571428577,8.814285714285715,0.0,247.14285714285714,0.0,12.714285714285714,247.14285714285714,
2012-05-11,8.12857142857143,17.842857142857145,6.971428571428571,3.3714285714285714,9.0,0.0,268.57142857142856,0.0,12.9,260.0,
2012-05-12,6.671428571428572,17.685714285714287,6.1000000000000005,3.5000000000000004,8.871428571428572,0.0,264.2857142857143,0.0,12.571428571428571,255.71428571428572,
2012-05-13,6.671428571428572,19.2,5.785714285714286,3.1,8.614285714285714,0.0,238.57142857142858,0.0,11.685714285714285,234.28571428571428,
2012-05-14,6.742857142857143,19.67142857142857,7.457142857142856,2.985714285714286,8.042857142857143,0.0,195.71428571428572,0.0,10.928571428571429,191.42857142857142,
2012-05-15,6.742857142857143,19.914285714285715,8.971428571428572,3.1428571428571432,8.042857142857143,0.0,198.57142857142858,0.0,10.671428571428573,190.0,
2012-05-16,4.057142857142858,20.0,9.614285714285714,2.842857142857143,7.085714285714286,0.0,197.14285714285714,0.0,9.200000000000001,190.0,
2012-05-17,3.6571428571428575,20.714285714285715,9.77142857142857,3.142857142857143,7.785714285714286,0.0,200.0,0.0,10.1,207.14285714285714,
2012-05-18,2.6000000000000005,21.357142857142858,9.614285714285714,3.1714285714285713,7.6,0.0,198.57142857142858,0.0,10.1,207.14285714285714,
2012-05-19,2.6000000000000005,22.0,9.457142857142857,2.8714285714285714,7.028571428571429,0.0,177.14285714285714,0.0,9.471428571428572,187.14285714285714,
2012-05-20,2.6000000000000005,22.471428571428568,10.257142857142856,2.7428571428571433,6.714285714285714,0.0,192.85714285714286,0.0,9.214285714285714,184.28571428571428,
2012-05-21,2.528571428571429,23.900000000000002,10.1,2.7428571428571433,6.657142857142857,0.0,224.28571428571428,0.0,9.214285714285714,220.0,
2012-05-22,2.571428571428572,24.371428571428574,10.728571428571428,2.7285714285714286,6.414285714285714,0.0,222.85714285714286,0.0,8.828571428571427,218.57142857142858,
2012-05-23,1.3428571428571432,25.242857142857144,10.8,2.528571428571429,6.471428571428571,0.0,240.0,0.0,8.757142857142858,235.71428571428572,
2012-05-24,1.1000000000000003,24.842857142857145,10.885714285714286,2.3142857142857145,5.957142857142857,0.0,261.42857142857144,0.0,7.985714285714287,242.85714285714286,
2012-05-25,1.1000000000000003,26.271428571428572,11.828571428571427,2.385714285714286,6.142857142857143,0.0,242.85714285714286,0.0,7.985714285714286,231.42857142857142,
2012-05-26,1.1000000000000003,26.74285714285714,14.12857142857143,3.028571428571429,6.8428571428571425,0.0,244.28571428571428,0.0,9.314285714285713,232.85714285714286,
2012-05-27,1.1000000000000003,26.671428571428574,15.157142857142857,3.2285714285714286,7.3571428571428585,0.0,254.28571428571428,0.0,10.071428571428571,237.14285714285714,
2012-05-28,1.1000000000000003,25.800000000000004,15.071428571428571,3.2,7.485714285714287,0.0,267.14285714285717,0.0,10.071428571428571,247.14285714285714,
2012-05-29,1.0571428571428576,25.885714285714283,14.6,2.9714285714285715,7.357142857142857,0.0,244.28571428571428,0.0,9.828571428571427,267.14285714285717,
2012-05-30,2.285714285714286,26.914285714285715,14.685714285714287,3.3000000000000003,8.0,0.0,228.57142857142858,0.0,10.785714285714286,252.85714285714286,
2012-05-31,1.7714285714285722,27.542857142857144,15.085714285714285,3.2,8.12857142857143,0.0,207.14285714285714,0.0,11.171428571428573,232.85714285714286,
2012-06-01,1.7714285714285722,26.74285714285714,14.614285714285714,3.0142857142857147,8.0,0.0,230.0,0.0,11.042857142857143,251.42857142857142,
2012-06-02,1.7714285714285722,26.271428571428572,12.87142857142857,2.3571428571428577,7.671428571428572,0.0,227.14285714285714,0.0,10.542857142857143,248.57142857142858,
2012-06-03,2.785714285714287,24.842857142857145,12.314285714285715,2.3285714285714287,7.785714285714286,0.0,200.0,0.0,10.671428571428569,244.28571428571428,
2012-06-04,2.857142857142858,24.442857142857143,12.471428571428573,2.4142857142857146,7.8428571428571425,0.0,168.57142857142858,0.0,10.785714285714286,214.28571428571428,
2012-06-05,3.5857142857142863,22.614285714285717,11.985714285714284,2.528571428571429,8.1,0.0,170.0,0.0,11.228571428571428,174.28571428571428,
2012-06-06,1.814285714285715,21.271428571428572,10.942857142857141,2.2142857142857144,7.8428571428571425,0.0,194.28571428571428,0.0,10.6,197.14285714285714,
2012-06-07,1.9285714285714293,20.485714285714288,9.9,2.1428571428571432,7.785714285714286,0.0,174.28571428571428,0.0,10.471428571428572,174.28571428571428,
2012-06-08,1.9285714285714293,20.8,10.214285714285714,2.0142857142857147,7.542857142857143,0.0,171.42857142857142,0.0,10.085714285714285,171.42857142857142,
2012-06-09,3.385714285714286,21.02857142857143,10.685714285714285,2.085714285714286,7.799999999999999,0.0,195.71428571428572,0.0,10.085714285714285,194.28571428571428,
2012-06-10,2.3714285714285714,22.142857142857142,10.371428571428572,1.9571428571428573,7.299999999999999,0.0,220.0,0.0,9.385714285714286,222.85714285714286,
2012-06-11,2.3000000000000003,23.099999999999998,10.214285714285714,1.7571428571428573,6.857142857142857,0.0,251.42857142857142,0.0,9.385714285714286,255.71428571428572,
2012-06-12,1.5714285714285723,25.157142857142855,11.328571428571427,2.128571428571429,7.228571428571429,0.0,272.85714285714283,0.0,9.957142857142857,277.14285714285717,
2012-06-13,2.3000000000000007,25.714285714285715,12.757142857142856,2.771428571428572,7.671428571428572,0.0,250.0,0.0,10.785714285714286,251.42857142857142,
2012-06-14,2.5857142857142863,25.87142857142857,13.085714285714285,3.128571428571429,7.728571428571428,0.0,291.42857142857144,0.0,11.042857142857143,270.0,
2012-06-15,2.5857142857142863,25.957142857142856,12.771428571428572,3.271428571428572,7.971428571428571,0.0,291.42857142857144,0.0,11.371428571428572,225.71428571428572,
2012-06-16,1.1285714285714292,26.2,12.614285714285716,3.071428571428572,7.342857142857143,0.0,291.42857142857144,0.0,10.471428571428572,225.71428571428572,
2012-06-17,1.1285714285714292,26.742857142857144,13.085714285714285,3.2142857142857144,7.6571428571428575,0.0,268.57142857142856,0.0,10.857142857142858,200.0,
2012-06-18,1.1285714285714292,26.58571428571429,14.042857142857144,3.828571428571429,8.414285714285715,0.0,248.57142857142858,0.0,11.571428571428571,174.28571428571428,
2012-06-19,1.1285714285714292,26.042857142857144,14.042857142857143,3.9285714285714284,8.414285714285715,0.0,247.14285714285714,0.0,11.514285714285714,172.85714285714286,
2012-06-20,0.40000000000000074,26.2,13.814285714285713,3.785714285714286,8.1,0.0,247.14285714285714,0.0,11.0,175.71428571428572,
2012-06-21,0.0,27.942857142857143,15.400000000000002,3.6142857142857143,7.971428571428572,0.0,224.28571428571428,0.0,10.742857142857144,178.57142857142858,
2012-06-22,0.0,29.52857142857143,17.22857142857143,3.6000000000000005,7.657142857142857,0.0,218.57142857142858,0.0,10.414285714285715,218.57142857142858,
2012-06-23,0.0,30.0,18.74285714285714,3.8000000000000003,7.914285714285714,0.0,215.71428571428572,0.0,10.857142857142858,217.14285714285714,
2012-06-24,0.0,29.52857142857143,18.985714285714288,3.842857142857143,7.985714285714287,0.0,237.14285714285714,0.0,10.857142857142858,238.57142857142858,
2012-06-25,0.3285714285714293,29.757142857142856,18.02857142857143,3.4,7.985714285714286,0.0,252.85714285714286,0.0,10.657142857142857,258.57142857142856,
2012-06-26,1.457142857142858,29.428571428571427,17.557142857142857,2.9285714285714293,7.614285714285715,0.0,270.0,0.0,10.200000000000001,280.0,
2012-06-27,5.485714285714287,27.914285714285715,16.914285714285715,2.5428571428571436,7.228571428571428,0.0,288.57142857142856,0.0,9.814285714285715,294.2857142857143,
2012-06-28,6.828571428571429,25.771428571428572,15.799999999999999,2.6142857142857143,7.542857142857143,0.0,308.57142857142856,0.0,9.942857142857141,311.42857142857144,
2012-06-29,7.114285714285715,24.58571428571429,14.842857142857143,2.442857142857143,7.485714285714287,0.0,294.2857142857143,0.0,9.757142857142856,298.57142857142856,
2012-06-30,7.185714285714286,25.142857142857142,14.200000000000001,2.5714285714285716,7.6000000000000005,0.0,294.2857142857143,0.0,10.142857142857142,281.42857142857144,
2012-07-01,7.185714285714286,26.099999999999998,14.757142857142858,2.6571428571428575,7.6,0.0,288.57142857142856,0.0,10.328571428571427,270.0,
2012-07-02,7.142857142857144,26.02857142857143,15.714285714285717,2.7285714285714286,7.414285714285714,0.0,294.2857142857143,0.0,10.071428571428571,227.14285714285714,
2012-07-03,6.014285714285714,26.74285714285714,15.957142857142857,2.6142857142857143,7.214285714285714,0.0,301.42857142857144,0.0,10.071428571428571,230.0,
2012-07-04,2.1285714285714294,28.571428571428573,16.042857142857144,2.400000000000001,6.9,0.0,300.0,0.0,9.885714285714286,237.14285714285714,
2012-07-05,5.871428571428573,30.314285714285713,16.514285714285716,2.3000000000000003,8.885714285714286,0.0,300.0,0.0,12.442857142857141,238.57142857142858,
2012-07-06,5.585714285714287,30.071428571428566,16.67142857142857,2.5000000000000004,8.942857142857141,0.0,274.2857142857143,0.0,12.62857142857143,260.0,
2012-07-07,5.514285714285715,29.685714285714287,16.514285714285712,2.342857142857143,8.628571428571428,0.0,257.14285714285717,0.0,11.928571428571429,258.57142857142856,
2012-07-08,5.514285714285715,29.199999999999996,16.82857142857143,2.1571428571428575,8.5,0.0,262.85714285714283,0.0,11.485714285714284,268.57142857142856,
2012-07-09,5.2285714285714295,28.800000000000004,16.428571428571427,2.385714285714286,8.685714285714285,0.0,260.0,0.0,11.614285714285714,311.42857142857144,
2012-07-10,5.2285714285714295,28.32857142857143,15.871428571428572,2.542857142857143,8.942857142857143,0.0,258.57142857142856,0.0,11.685714285714285,311.42857142857144,
2012-07-11,5.085714285714287,28.014285714285712,15.4,2.5428571428571436,9.128571428571428,0.0,258.57142857142856,0.0,11.614285714285714,307.14285714285717,
2012-07-12,0.0,27.7,14.614285714285714,2.3285714285714287,6.385714285714286,0.0,248.57142857142858,0.0,8.485714285714286,298.57142857142856,
2012-07-13,0.0,28.657142857142862,14.142857142857142,2.142857142857143,6.200000000000001,0.0,275.7142857142857,0.0,8.171428571428573,275.7142857142857,
2012-07-14,0.0,29.128571428571426,14.228571428571428,1.985714285714286,6.271428571428571,0.0,275.7142857142857,0.0,8.228571428571428,274.2857142857143,
2012-07-15,0.0,29.771428571428572,13.914285714285715,2.0000000000000004,6.4,0.0,255.71428571428572,0.0,8.614285714285716,255.71428571428572,
2012-07-16,0.32857142857142957,30.642857142857142,14.542857142857143,1.8000000000000003,6.214285714285714,0.0,238.57142857142858,0.0,8.557142857142859,237.14285714285714,
2012-07-17,0.6857142857142867,31.514285714285716,15.814285714285713,1.671428571428572,5.957142857142857,0.0,240.0,0.0,8.171428571428573,234.28571428571428,
2012-07-18,3.114285714285715,32.542857142857144,17.242857142857144,1.9285714285714286,6.657142857142857,0.0,231.42857142857142,0.0,9.014285714285714,222.85714285714286,
2012-07-19,3.114285714285715,32.142857142857146,17.642857142857142,2.1142857142857143,7.228571428571428,0.0,197.14285714285714,0.0,9.771428571428572,232.85714285714286,
2012-07-20,3.114285714285715,30.942857142857143,17.4,2.2142857142857144,7.614285714285714,0.0,220.0,0.0,10.414285714285715,208.57142857142858,
2012-07-21,3.114285714285715,29.75714285714286,16.75714285714286,2.271428571428572,7.542857142857143,0.0,242.85714285714286,0.0,10.357142857142858,227.14285714285714,
2012-07-22,3.114285714285715,29.042857142857144,15.885714285714284,2.3000000000000003,7.3428571428571425,0.0,241.42857142857142,0.0,10.028571428571428,227.14285714285714,
2012-07-23,2.785714285714287,28.97142857142857,15.971428571428572,2.485714285714286,7.342857142857142,0.0,240.0,0.0,10.342857142857143,228.57142857142858,
2012-07-24,6.8571428571428585,29.128571428571426,15.885714285714284,2.9285714285714284,8.428571428571429,0.0,235.71428571428572,0.0,11.87142857142857,228.57142857142858,
2012-07-25,4.471428571428572,28.25714285714286,15.642857142857142,3.285714285714286,8.814285714285715,0.0,247.14285714285714,0.0,12.37142857142857,240.0,
2012-07-26,4.471428571428572,28.099999999999998,15.799999999999999,3.400000000000001,8.871428571428572,0.0,294.2857142857143,0.0,12.114285714285716,240.0,
2012-07-27,5.085714285714287,27.714285714285715,16.6,3.3000000000000007,8.614285714285714,0.0,271.42857142857144,0.0,11.542857142857143,264.2857142857143,
2012-07-28,5.085714285714287,28.02857142857143,17.557142857142857,3.414285714285715,8.742857142857144,0.0,268.57142857142856,0.0,11.542857142857143,268.57142857142856,
2012-07-29,5.085714285714287,27.942857142857143,18.185714285714287,3.185714285714286,9.0,0.0,288.57142857142856,0.0,11.742857142857144,287.14285714285717,
2012-07-30,5.085714285714287,27.542857142857144,17.714285714285715,2.942857142857143,8.485714285714286,0.0,310.0,0.0,10.857142857142858,304.2857142857143,
2012-07-31,0.6571428571428581,27.314285714285717,17.400000000000002,2.6428571428571432,7.528571428571428,0.0,294.2857142857143,0.0,9.385714285714286,284.2857142857143,
2012-08-01,0.6142857142857153,27.785714285714285,17.8,2.5142857142857147,6.885714285714286,0.0,274.2857142857143,0.0,8.685714285714287,267.14285714285717,
2012-08-02,0.6142857142857153,28.25714285714286,18.185714285714287,2.3714285714285714,6.571428571428571,0.0,252.85714285714286,0.0,8.314285714285715,248.57142857142858,
2012-08-03,0.0,29.599999999999998,18.185714285714287,2.385714285714286,6.700000000000001,0.0,252.85714285714286,0.0,8.314285714285715,248.57142857142858,
2012-08-04,0.0,30.314285714285717,18.5,2.3571428571428577,6.642857142857143,0.0,207.14285714285714,0.0,8.371428571428572,201.42857142857142,
2012-08-05,0.0,31.185714285714287,18.742857142857144,2.7,6.828571428571428,0.0,185.71428571428572,0.0,8.685714285714287,181.42857142857142,
2012-08-06,0.8714285714285724,31.428571428571427,19.457142857142856,3.342857142857144,7.728571428571428,0.0,164.28571428571428,0.0,10.085714285714285,162.85714285714286,
2012-08-07,0.8714285714285724,30.785714285714285,19.142857142857142,3.3285714285714287,7.6000000000000005,0.0,181.42857142857142,0.0,10.028571428571428,184.28571428571428,
2012-08-08,0.8714285714285724,30.47142857142857,17.942857142857143,2.9714285714285715,7.1,0.0,178.57142857142858,0.0,9.200000000000001,178.57142857142858,
2012-08-09,0.8714285714285724,30.557142857142857,17.4,2.9142857142857146,7.042857142857143,0.0,177.14285714285714,0.0,9.071428571428571,178.57142857142858,
2012-08-10,1.7857142857142867,29.928571428571427,17.4,2.8142857142857145,7.042857142857144,0.0,192.85714285714286,0.0,9.642857142857142,200.0,
2012-08-11,5.628571428571429,28.814285714285713,17.4,2.7428571428571433,7.042857142857143,0.0,224.28571428571428,0.0,9.642857142857142,231.42857142857142,
2012-08-12,8.385714285714286,28.1,17.62857142857143,2.642857142857143,6.8,0.0,235.71428571428572,0.0,9.385714285714286,241.42857142857142,
2012-08-13,7.514285714285715,27.857142857142858,17.3,1.985714285714286,6.1,0.0,234.28571428571428,0.0,8.171428571428573,228.57142857142858,
2012-08-14,7.514285714285715,28.014285714285712,17.614285714285717,1.8000000000000003,6.1000000000000005,0.0,215.71428571428572,0.0,8.042857142857143,207.14285714285714,
2012-08-15,7.514285714285715,27.77142857142857,18.099999999999998,1.7142857142857146,5.842857142857143,0.0,230.0,0.0,7.8571428571428585,222.85714285714286,
2012-08-16,7.514285714285715,27.37142857142857,18.642857142857142,1.7,5.714285714285714,0.0,251.42857142857142,0.0,7.914285714285714,220.0,
2012-08-17,6.6000000000000005,27.599999999999998,18.557142857142857,1.7714285714285718,5.642857142857143,0.0,254.28571428571428,0.0,7.5857142857142845,218.57142857142858,
2012-08-18,2.9714285714285724,27.842857142857145,17.928571428571427,1.8428571428571432,5.642857142857143,0.0,247.14285714285714,0.0,7.914285714285714,211.42857142857142,
2012-08-19,0.2142857142857153,27.057142857142853,16.9,1.7714285714285716,5.514285714285714,0.0,257.14285714285717,0.0,7.857142857142857,220.0,
2012-08-20,0.2142857142857153,26.585714285714285,15.557142857142859,1.6571428571428573,5.257142857142857,0.0,255.71428571428572,0.0,7.414285714285714,227.14285714285714,
2012-08-21,0.4285714285714296,26.514285714285712,14.599999999999998,1.7285714285714289,5.514285714285714,0.0,274.2857142857143,0.0,7.800000000000002,247.14285714285714,
2012-08-22,0.4285714285714296,26.357142857142858,14.200000000000001,1.7000000000000004,5.642857142857143,0.0,285.7142857142857,0.0,7.857142857142857,247.14285714285714,
2012-08-23,0.4285714285714296,26.514285714285712,13.014285714285714,1.7285714285714289,5.8999999999999995,0.0,268.57142857142856,0.0,8.042857142857143,254.28571428571428,
2012-08-24,1.3714285714285723,26.75714285714286,12.457142857142857,1.8714285714285717,6.028571428571429,0.0,262.85714285714283,0.0,8.242857142857142,248.57142857142858,
2012-08-25,1.1571428571428581,27.142857142857142,12.528571428571428,1.7,5.642857142857143,0.0,241.42857142857142,0.0,7.542857142857143,227.14285714285714,
2012-08-26,1.1571428571428581,28.25714285714286,13.085714285714285,1.785714285714286,5.571428571428571,0.0,224.28571428571428,0.0,7.285714285714286,208.57142857142858,
2012-08-27,1.1571428571428581,28.971428571428568,14.514285714285714,2.042857142857143,6.014285714285714,0.0,227.14285714285714,0.0,7.785714285714286,217.14285714285714,
2012-08-28,1.7000000000000008,29.12857142857143,15.785714285714286,2.4285714285714284,6.271428571428571,0.0,208.57142857142858,0.0,8.1,198.57142857142858,
2012-08-29,1.7714285714285722,29.214285714285715,16.02857142857143,2.8285714285714287,7.028571428571429,0.0,204.28571428571428,0.0,9.128571428571428,207.14285714285714,
2012-08-30,1.7714285714285722,28.74285714285714,15.785714285714286,2.757142857142857,7.085714285714286,0.0,220.0,0.0,9.385714285714286,222.85714285714286,
2012-08-31,0.8285714285714295,28.428571428571427,15.314285714285715,3.0142857142857147,7.214285714285714,0.0,204.28571428571428,0.0,9.571428571428571,207.14285714285714,
2012-09-01,0.8285714285714295,28.2,15.62857142857143,3.4,8.042857142857143,0.0,225.71428571428572,0.0,10.585714285714285,228.57142857142858,
2012-09-02,0.8285714285714295,27.400000000000002,15.314285714285715,3.485714285714286,8.242857142857144,0.0,242.85714285714286,0.0,10.9,245.71428571428572,
2012-09-03,0.8285714285714295,26.842857142857145,14.12857142857143,3.2285714285714286,8.114285714285714,0.0,262.85714285714283,0.0,10.785714285714286,264.2857142857143,
2012-09-04,0.07142857142857244,27.0,12.785714285714286,3.0714285714285716,7.857142857142857,0.0,261.42857142857144,0.0,10.528571428571428,258.57142857142856,
2012-09-05,4.142857142857144,26.671428571428574,13.014285714285714,3.0285714285714285,7.671428571428571,0.0,241.42857142857142,0.0,10.400000000000002,237.14285714285714,
2012-09-06,11.114285714285716,26.82857142857143,14.285714285714286,3.214285714285715,8.185714285714285,0.0,242.85714285714286,0.0,10.857142857142858,235.71428571428572,
2012-09-07,11.114285714285716,26.985714285714288,15.314285714285715,3.028571428571429,8.057142857142857,0.0,242.85714285714286,0.0,10.671428571428573,235.71428571428572,
2012-09-08,11.114285714285716,27.057142857142853,14.928571428571429,2.7285714285714286,7.485714285714286,0.0,242.85714285714286,0.0,9.785714285714286,237.14285714285714,
2012-09-09,12.714285714285714,27.52857142857143,15.085714285714285,3.1000000000000005,8.5,0.0,231.42857142857142,0.0,11.12857142857143,228.57142857142858,
2012-09-10,12.714285714285714,26.885714285714283,14.928571428571429,3.1571428571428575,8.5,0.0,225.71428571428572,0.0,11.185714285714285,225.71428571428572,
2012-09-11,12.714285714285714,25.457142857142856,15.0,3.2571428571428576,8.814285714285715,0.0,247.14285714285714,0.0,11.442857142857141,251.42857142857142,
2012-09-12,8.571428571428571,25.142857142857142,13.414285714285715,2.771428571428572,8.114285714285716,0.0,247.14285714285714,0.0,10.485714285714284,251.42857142857142,
2012-09-13,1.600000000000001,25.228571428571428,12.071428571428571,2.9285714285714293,7.728571428571429,0.0,227.14285714285714,0.0,10.157142857142857,230.0,
2012-09-14,1.600000000000001,25.071428571428573,11.357142857142858,2.942857142857143,7.8,0.0,230.0,0.0,10.157142857142857,231.42857142857142,
2012-09-15,1.600000000000001,25.071428571428573,11.114285714285714,3.1714285714285717,8.685714285714287,0.0,248.57142857142858,0.0,11.685714285714287,238.57142857142858,
2012-09-16,0.14285714285714388,23.642857142857142,10.642857142857142,2.914285714285714,7.785714285714286,0.0,262.85714285714283,0.0,10.414285714285715,251.42857142857142,
2012-09-17,0.14285714285714388,23.171428571428574,9.928571428571429,2.8714285714285714,7.857142857142857,0.0,271.42857142857144,0.0,10.671428571428573,208.57142857142858,
2012-09-18,0.14285714285714388,24.042857142857144,9.214285714285714,2.771428571428572,7.542857142857143,0.0,252.85714285714286,0.0,10.542857142857143,190.0,
2012-09-19,3.1571428571428584,24.357142857142858,10.642857142857142,3.4142857142857146,8.942857142857141,0.0,251.42857142857142,0.0,12.514285714285714,191.42857142857142,
2012-09-20,3.3714285714285728,23.085714285714285,10.328571428571427,3.3142857142857145,8.942857142857141,0.0,265.7142857142857,0.0,12.385714285714286,210.0,
2012-09-21,3.3714285714285728,21.885714285714283,9.142857142857142,3.3000000000000003,9.0,0.0,262.85714285714283,0.0,12.571428571428571,210.0,
2012-09-22,3.3714285714285728,21.25714285714286,9.057142857142857,3.5142857142857147,8.685714285714285,0.0,245.71428571428572,0.0,12.0,202.85714285714286,
2012-09-23,4.142857142857144,21.74285714285714,9.214285714285714,3.485714285714286,9.071428571428571,0.0,224.28571428571428,0.0,12.757142857142856,182.85714285714286,
2012-09-24,4.142857142857144,21.74285714285714,9.442857142857145,3.628571428571429,9.314285714285715,0.0,211.42857142857142,0.0,13.071428571428571,218.57142857142858,
2012-09-25,4.142857142857144,20.557142857142853,9.371428571428572,3.4857142857142853,9.128571428571428,0.0,215.71428571428572,0.0,12.62857142857143,222.85714285714286,
2012-09-26,1.1285714285714297,20.085714285714285,8.414285714285715,3.7,8.742857142857142,0.0,218.57142857142858,0.0,12.057142857142859,222.85714285714286,
2012-09-27,1.7142857142857153,20.314285714285713,9.285714285714286,3.942857142857143,9.0,0.0,227.14285714285714,0.0,12.514285714285714,204.28571428571428,
2012-09-28,1.7142857142857153,19.928571428571427,9.528571428571428,3.8428571428571425,8.814285714285715,0.0,252.85714285714286,0.0,12.12857142857143,224.28571428571428,
2012-09-29,1.900000000000001,18.342857142857145,8.342857142857143,3.328571428571429,8.114285714285716,0.0,254.28571428571428,0.0,11.171428571428573,224.28571428571428,
2012-09-30,1.100000000000001,17.07142857142857,8.1,3.1000000000000005,7.357142857142857,0.0,277.14285714285717,0.0,9.842857142857142,248.57142857142858,
2012-10-01,2.4857142857142867,16.2,8.657142857142857,3.028571428571429,6.985714285714286,0.0,267.14285714285717,0.0,9.142857142857142,238.57142857142858,
2012-10-02,3.7142857142857153,16.04285714285714,9.442857142857141,3.0714285714285716,7.171428571428572,0.0,261.42857142857144,0.0,9.842857142857143,234.28571428571428,
2012-10-03,3.857142857142858,15.571428571428571,9.685714285714285,2.285714285714286,6.3428571428571425,0.0,262.85714285714283,0.0,8.571428571428571,235.71428571428572,
2012-10-04,3.885714285714286,15.414285714285715,9.757142857142856,1.7000000000000004,5.442857142857143,0.0,248.57142857142858,0.0,7.285714285714286,222.85714285714286,
2012-10-05,6.928571428571429,15.885714285714288,10.785714285714286,1.5000000000000002,5.114285714285714,0.0,241.42857142857142,0.0,6.971428571428571,218.57142857142858,
2012-10-06,6.742857142857143,17.385714285714286,12.12857142857143,1.7857142857142863,5.814285714285715,0.0,241.42857142857142,0.0,7.671428571428572,220.0,
2012-10-07,7.571428571428571,18.014285714285716,11.657142857142858,1.8714285714285719,6.314285714285715,0.0,240.0,0.0,8.428571428571429,218.57142857142858,
2012-10-08,7.242857142857143,17.857142857142858,11.028571428571427,1.8428571428571432,6.628571428571428,0.0,251.42857142857142,0.0,8.942857142857143,230.0,
2012-10-09,6.200000000000001,17.614285714285714,10.157142857142857,1.6142857142857143,6.057142857142858,0.0,264.2857142857143,0.0,7.799999999999999,241.42857142857142,
2012-10-10,6.057142857142858,17.214285714285715,8.885714285714286,1.7285714285714289,6.128571428571428,0.0,262.85714285714283,0.0,8.114285714285714,238.57142857142858,
2012-10-11,5.842857142857143,16.585714285714285,8.171428571428573,2.142857142857143,7.0857142857142845,0.0,267.14285714285717,0.0,9.457142857142857,265.7142857142857,
2012-10-12,2.842857142857144,15.557142857142855,7.3,2.685714285714286,7.657142857142857,0.0,248.57142857142858,0.0,10.285714285714286,248.57142857142858,
2012-10-13,2.957142857142858,13.657142857142857,5.3999999999999995,2.9714285714285715,7.8428571428571425,0.0,267.14285714285717,0.0,10.6,268.57142857142856,
2012-10-14,2.157142857142858,12.714285714285714,3.814285714285714,2.942857142857143,7.6571428571428575,0.0,244.28571428571428,0.0,10.471428571428572,245.71428571428572,
2012-10-15,1.757142857142858,13.342857142857143,3.4857142857142853,3.5714285714285716,8.228571428571428,0.0,231.42857142857142,0.0,11.299999999999999,234.28571428571428,
2012-10-16,1.5714285714285723,14.457142857142857,4.514285714285714,4.2,9.5,0.0,217.14285714285714,0.0,13.014285714285714,218.57142857142858,
2012-10-17,1.5714285714285723,14.142857142857142,4.357142857142857,4.485714285714286,9.87142857142857,0.0,232.85714285714286,0.0,13.457142857142856,235.71428571428572,
2012-10-18,0.9571428571428581,14.214285714285714,3.085714285714286,4.171428571428572,9.042857142857143,0.0,221.42857142857142,0.0,12.371428571428572,224.28571428571428,
2012-10-19,0.9142857142857153,15.242857142857144,2.9285714285714284,3.971428571428572,9.37142857142857,0.0,222.85714285714286,0.0,12.628571428571428,224.28571428571428,
2012-10-20,7.0428571428571445,16.04285714285714,4.442857142857142,3.585714285714286,8.985714285714286,0.0,192.85714285714286,0.0,12.314285714285715,192.85714285714286,
2012-10-21,7.157142857142858,17.47142857142857,6.1000000000000005,3.542857142857143,8.928571428571429,0.0,205.71428571428572,0.0,12.257142857142856,204.28571428571428,
2012-10-22,6.5428571428571445,17.07142857142857,6.6571428571428575,3.214285714285715,8.542857142857143,0.0,224.28571428571428,0.0,11.485714285714284,218.57142857142858,
2012-10-23,6.5428571428571445,16.271428571428572,5.628571428571428,2.7714285714285714,8.157142857142857,0.0,244.28571428571428,0.0,10.985714285714286,240.0,
2012-10-24,6.5428571428571445,16.34285714285714,5.942857142857142,2.357142857142857,7.528571428571429,0.0,251.42857142857142,0.0,10.1,241.42857142857142,
2012-10-25,6.5428571428571445,16.342857142857145,6.114285714285714,2.3285714285714287,7.728571428571429,0.0,268.57142857142856,0.0,10.171428571428573,260.0,
2012-10-26,6.5428571428571445,16.02857142857143,5.714285714285715,2.3142857142857145,7.528571428571429,0.0,267.14285714285717,0.0,10.114285714285714,258.57142857142856,
2012-10-27,0.30000000000000104,16.1,5.942857142857143,2.7142857142857144,7.6571428571428575,0.0,275.7142857142857,0.0,10.37142857142857,268.57142857142856,
2012-10-28,0.04285714285714387,15.614285714285716,5.871428571428571,2.5,7.071428571428571,0.0,258.57142857142856,0.0,9.471428571428572,250.0,
2012-10-29,0.0,15.700000000000001,5.957142857142857,2.2285714285714286,6.571428571428571,0.0,262.85714285714283,0.0,8.971428571428572,255.71428571428572,
2012-10-30,0.28571428571428675,16.014285714285712,6.428571428571429,2.6857142857142864,6.828571428571429,0.0,230.0,0.0,9.471428571428572,224.28571428571428,
2012-10-31,2.614285714285715,17.12857142857143,7.785714285714286,3.2428571428571433,7.714285714285714,0.0,198.57142857142858,0.0,10.685714285714287,202.85714285714286,
2012-11-01,2.7571428571428584,17.057142857142857,8.814285714285715,3.6714285714285717,8.342857142857143,0.0,178.57142857142858,0.0,11.771428571428572,181.42857142857142,
2012-11-02,2.9714285714285724,15.785714285714286,9.37142857142857,3.8285714285714287,8.157142857142857,0.0,178.57142857142858,0.0,11.385714285714286,184.28571428571428,
2012-11-03,3.442857142857144,14.671428571428574,8.185714285714285,3.371428571428571,7.785714285714286,0.0,198.57142857142858,0.0,10.614285714285716,204.28571428571428,
2012-11-04,3.6571428571428584,13.014285714285714,7.628571428571429,3.8714285714285714,8.371428571428572,0.0,221.42857142857142,0.0,11.442857142857145,228.57142857142858,
2012-11-05,3.7000000000000015,11.657142857142858,6.671428571428571,4.2,8.628571428571428,0.0,221.42857142857142,0.0,11.685714285714287,225.71428571428572,
2012-11-06,3.485714285714287,9.442857142857145,5.328571428571428,4.0,8.314285714285715,0.0,255.71428571428572,0.0,10.857142857142858,258.57142857142856,
2012-11-07,1.1571428571428581,6.985714285714286,2.8714285714285714,3.4857142857142853,7.685714285714285,0.0,282.85714285714283,0.0,9.828571428571427,281.42857142857144,
2012-11-08,1.0142857142857153,5.4,0.9571428571428571,3.342857142857143,7.314285714285715,0.0,258.57142857142856,0.0,8.985714285714286,307.14285714285717,
2012-11-09,0.8000000000000009,4.685714285714285,-0.24285714285714285,3.557142857142858,7.571428571428571,0.0,281.42857142857144,0.0,9.299999999999999,328.57142857142856,
2012-11-10,0.32857142857142957,4.614285714285714,-1.3571428571428572,3.528571428571429,7.314285714285715,0.0,281.42857142857144,0.0,9.171428571428573,327.14285714285717,
2012-11-11,0.11428571428571531,4.685714285714285,-1.9142857142857144,3.2857142857142856,7.371428571428571,0.0,287.14285714285717,0.0,9.114285714285714,331.42857142857144,
2012-11-12,0.07142857142857244,6.442857142857142,-1.7571428571428573,3.5,7.814285714285715,0.0,265.7142857142857,0.0,9.828571428571427,314.2857142857143,
2012-11-13,0.0,9.057142857142859,0.4571428571428573,4.085714285714286,8.328571428571427,0.0,245.71428571428572,0.0,10.785714285714286,291.42857142857144,
2012-11-14,2.72857142857143,11.114285714285716,0.7714285714285716,4.328571428571429,8.957142857142857,0.0,225.71428571428572,0.0,11.814285714285715,271.42857142857144,
2012-11-15,2.72857142857143,11.585714285714287,1.0142857142857142,4.057142857142858,8.828571428571427,0.0,271.42857142857144,0.0,11.700000000000001,268.57142857142856,
2012-11-16,2.72857142857143,11.5,0.6285714285714287,3.271428571428572,7.871428571428571,0.0,272.85714285714283,0.0,10.428571428571429,262.85714285714283,
2012-11-17,2.72857142857143,11.185714285714285,0.22857142857142865,3.1428571428571432,7.799999999999999,0.0,230.0,0.0,10.3,221.42857142857142,
2012-11-18,2.72857142857143,11.028571428571428,-0.24285714285714274,2.9142857142857146,7.285714285714286,0.0,230.0,0.0,9.785714285714286,222.85714285714286,
2012-11-19,2.72857142857143,9.671428571428573,-1.514285714285714,2.1714285714285717,6.328571428571428,0.0,214.28571428571428,0.0,8.371428571428572,207.14285714285714,
2012-11-20,2.72857142857143,8.085714285714285,-4.285714285714286,1.0428571428571431,5.242857142857143,0.0,214.28571428571428,0.0,6.714285714285714,211.42857142857142,
2012-11-21,0.0,6.5,-4.442857142857142,0.6857142857142859,4.1571428571428575,0.0,235.71428571428572,0.0,5.171428571428572,231.42857142857142,
2012-11-22,0.0,7.214285714285714,-4.128571428571428,0.6285714285714288,3.8999999999999995,0.0,215.71428571428572,0.0,5.042857142857143,208.57142857142858,
2012-11-23,0.0,8.571428571428571,-3.9714285714285715,1.0285714285714287,4.542857142857143,0.0,192.85714285714286,0.0,6.0,192.85714285714286,
2012-11-24,0.25714285714285817,9.671428571428573,-2.2142857142857144,1.6857142857142857,5.571428571428571,0.0,217.14285714285714,0.0,7.6571428571428575,217.14285714285714,
2012-11-25,0.25714285714285817,9.914285714285713,-1.9,2.4142857142857146,6.471428571428571,0.0,211.42857142857142,0.0,8.87142857142857,207.14285714285714,
2012-11-26,0.25714285714285817,8.885714285714286,-1.5714285714285714,3.0,7.428571428571429,0.0,244.28571428571428,0.0,10.414285714285715,240.0,
2012-11-27,0.4428571428571439,7.542857142857144,-1.5714285714285714,3.242857142857143,7.557142857142857,0.0,267.14285714285717,3.2857142857142856,10.671428571428573,262.85714285714283,
2012-11-28,0.4428571428571439,6.757142857142857,-1.7285714285714289,3.257142857142857,7.557142857142857,0.0,268.57142857142856,3.2857142857142856,10.542857142857143,267.14285714285717,
2012-11-29,0.4428571428571439,5.571428571428572,-1.885714285714286,3.542857142857143,8.057142857142857,0.0,287.14285714285717,3.2857142857142856,11.114285714285716,285.7142857142857,
2012-11-30,0.7714285714285725,4.142857142857143,-2.1285714285714286,3.742857142857143,8.500000000000002,10.857142857142858,305.7142857142857,13.857142857142858,11.557142857142855,285.7142857142857,
2012-12-01,0.5142857142857153,1.5285714285714285,-4.985714285714287,3.2428571428571433,7.928571428571429,18.142857142857142,281.42857142857144,13.857142857142858,10.342857142857143,260.0,
2012-12-02,0.5857142857142866,0.5714285714285714,-6.171428571428572,2.7571428571428576,7.485714285714287,25.428571428571427,261.42857142857144,15.714285714285714,9.642857142857142,242.85714285714286,
2012-12-03,0.9428571428571438,1.842857142857143,-5.542857142857144,3.1857142857142864,7.614285714285714,25.428571428571427,242.85714285714286,15.714285714285714,9.828571428571431,225.71428571428572,
2012-12-04,0.8000000000000009,3.028571428571429,-4.200000000000001,3.185714285714286,7.857142857142857,25.428571428571427,237.14285714285714,12.428571428571429,10.271428571428572,217.14285714285714,
2012-12-05,1.3142857142857152,4.685714285714286,-3.1714285714285717,4.028571428571429,9.200000000000001,25.428571428571427,214.28571428571428,12.428571428571429,12.314285714285715,194.28571428571428,
2012-12-06,2.5142857142857156,5.714285714285714,-3.085714285714286,4.457142857142857,9.714285714285714,25.428571428571427,210.0,12.428571428571429,13.142857142857144,190.0,
2012-12-07,2.1857142857142864,5.4,-2.842857142857143,4.328571428571428,9.642857142857142,14.571428571428571,210.0,1.8571428571428572,13.085714285714287,210.0,
2012-12-08,2.185714285714287,6.742857142857143,-0.942857142857143,4.871428571428572,10.014285714285716,7.285714285714286,234.28571428571428,1.8571428571428572,14.042857142857143,234.28571428571428,
2012-12-09,2.1571428571428584,7.700000000000001,0.6428571428571429,4.8,10.071428571428571,0.0,251.42857142857142,0.0,14.22857142857143,254.28571428571428,
2012-12-10,1.8714285714285726,7.542857142857143,0.24285714285714283,4.1571428571428575,9.614285714285714,0.0,270.0,0.7142857142857143,13.528571428571428,268.57142857142856,
2012-12-11,3.357142857142858,7.785714285714286,-0.5428571428571429,4.457142857142857,9.87142857142857,0.0,251.42857142857142,2.142857142857143,13.914285714285713,250.0,
2012-12-12,2.842857142857144,6.514285714285714,-1.6571428571428573,3.9714285714285715,9.171428571428573,0.0,227.14285714285714,2.142857142857143,12.828571428571431,272.85714285714283,
2012-12-13,1.642857142857144,5.485714285714286,-2.3714285714285714,3.3714285714285714,8.414285714285715,0.0,212.85714285714286,2.142857142857143,11.557142857142855,261.42857142857144,
2012-12-14,1.642857142857144,5.957142857142857,-2.2142857142857144,3.1714285714285717,7.8428571428571425,0.0,192.85714285714286,2.142857142857143,10.785714285714286,240.0,
2012-12-15,1.642857142857144,6.128571428571428,-2.3000000000000003,2.9285714285714293,7.714285714285714,0.0,214.28571428571428,2.142857142857143,10.028571428571428,262.85714285714283,
2012-12-16,1.600000000000001,4.928571428571428,-3.8142857142857145,3.0571428571428574,7.528571428571429,0.0,174.28571428571428,2.142857142857143,9.585714285714285,221.42857142857142,
2012-12-17,1.7428571428571438,3.971428571428571,-4.685714285714286,2.9571428571428577,7.285714285714286,0.0,148.57142857142858,3.2857142857142856,9.12857142857143,198.57142857142858,
2012-12-18,0.9428571428571438,3.014285714285714,-4.5285714285714285,2.842857142857143,6.785714285714286,7.285714285714286,144.28571428571428,7.285714285714286,8.357142857142858,194.28571428571428,
2012-12-19,2.5714285714285725,3.1,-3.414285714285715,2.6714285714285717,6.728571428571429,7.285714285714286,160.0,7.285714285714286,8.3,161.42857142857142,
2012-12-20,2.685714285714287,3.1,-2.3000000000000003,2.842857142857143,6.785714285714286,7.285714285714286,178.57142857142858,7.285714285714286,8.414285714285715,178.57142857142858,
2012-12-21,2.685714285714287,2.942857142857143,-2.1428571428571432,2.842857142857143,6.985714285714286,7.285714285714286,172.85714285714286,7.285714285714286,8.72857142857143,172.85714285714286,
2012-12-22,3.3714285714285728,3.414285714285714,-1.9000000000000004,3.2857142857142856,8.2,7.285714285714286,141.42857142857142,7.285714285714286,10.514285714285714,140.0,
2012-12-23,3.4857142857142867,3.9,-1.4285714285714288,3.7714285714285714,8.77142857142857,7.285714285714286,182.85714285714286,7.714285714285714,11.542857142857144,180.0,
2012-12-24,3.3857142857142866,3.585714285714286,-1.2714285714285718,3.9714285714285715,9.342857142857143,7.285714285714286,205.71428571428572,9.142857142857142,12.385714285714286,204.28571428571428,
2012-12-25,2.6571428571428584,2.8714285714285714,-2.4571428571428577,3.842857142857143,9.471428571428572,3.5714285714285716,230.0,5.142857142857143,12.514285714285716,230.0,
2012-12-26,1.0714285714285725,1.3571428571428572,-4.442857142857143,3.9,9.342857142857143,7.142857142857143,264.2857142857143,5.142857142857143,12.257142857142856,215.71428571428572,
2012-12-27,0.9571428571428582,0.24285714285714288,-6.428571428571429,3.814285714285714,9.214285714285714,7.142857142857143,220.0,5.142857142857143,12.071428571428571,171.42857142857142,
2012-12-28,3.6428571428571437,-0.7857142857142857,-7.542857142857143,4.257142857142858,9.457142857142857,32.57142857142857,251.42857142857142,52.714285714285715,12.328571428571431,202.85714285714286,
2012-12-29,3.2142857142857153,-2.3714285714285714,-8.885714285714286,3.628571428571429,8.114285714285714,76.14285714285714,282.85714285714283,59.57142857142857,10.6,234.28571428571428,
2012-12-30,4.2285714285714295,-3.3285714285714287,-9.271428571428572,3.042857142857143,7.671428571428572,127.0,287.14285714285717,73.71428571428571,9.757142857142856,240.0,
2012-12-31,4.585714285714287,-4.285714285714286,-9.742857142857144,3.057142857142857,7.285714285714286,188.71428571428572,288.57142857142856,94.42857142857143,9.242857142857144,241.42857142857142,
2013-01-01,4.585714285714287,-4.214285714285714,-10.071428571428573,3.1999999999999997,7.3428571428571425,246.85714285714286,268.57142857142856,95.14285714285714,9.442857142857141,224.28571428571428,
2013-01-02,4.657142857142858,-3.3285714285714287,-10.785714285714286,3.5142857142857147,8.1,297.7142857142857,264.2857142857143,98.71428571428571,10.471428571428572,268.57142857142856,
2013-01-03,4.842857142857143,-3.885714285714286,-11.900000000000002,3.7285714285714286,8.542857142857143,348.57142857142856,264.2857142857143,107.42857142857143,11.171428571428569,317.14285714285717,
2013-01-04,2.157142857142858,-4.528571428571429,-13.957142857142857,3.2,8.042857142857143,374.0,240.0,59.857142857142854,10.471428571428572,292.85714285714283,
2013-01-05,1.9000000000000008,-3.9,-14.114285714285714,3.528571428571429,8.17142857142857,374.0,227.14285714285714,53.0,10.728571428571428,278.57142857142856,
2013-01-06,0.7714285714285725,-3.1000000000000005,-14.671428571428573,3.7,9.0,363.0,225.71428571428572,38.857142857142854,11.814285714285715,277.14285714285717,
2013-01-07,0.37142857142857244,-1.8285714285714287,-14.671428571428573,3.6714285714285717,8.942857142857143,341.14285714285717,210.0,19.142857142857142,11.685714285714285,260.0,
2013-01-08,0.4142857142857153,-2.3000000000000003,-14.900000000000002,3.5428571428571436,9.257142857142856,315.7142857142857,212.85714285714286,19.857142857142858,12.200000000000001,260.0,
2013-01-09,0.300000000000001,-2.0714285714285716,-13.714285714285714,3.5000000000000004,9.000000000000002,297.57142857142856,192.85714285714286,16.285714285714285,12.071428571428571,238.57142857142858,
2013-01-10,0.11428571428571531,0.07142857142857142,-12.285714285714286,3.657142857142858,9.514285714285714,283.0,218.57142857142858,7.571428571428571,12.842857142857143,217.14285714285714,
2013-01-11,0.15714285714285817,1.9714285714285715,-9.514285714285714,4.042857142857143,10.271428571428572,261.14285714285717,234.28571428571428,7.571428571428571,14.114285714285714,228.57142857142858,
2013-01-12,0.34285714285714386,2.128571428571429,-9.2,3.8142857142857145,10.271428571428572,246.57142857142858,222.85714285714286,7.571428571428571,14.185714285714285,221.42857142857142,
2013-01-13,0.34285714285714386,2.914285714285714,-6.985714285714286,3.985714285714286,9.757142857142858,232.14285714285714,204.28571428571428,7.142857142857143,13.685714285714285,204.28571428571428,
2013-01-14,0.2714285714285724,4.0285714285714285,-5.1571428571428575,4.2,10.514285714285714,206.85714285714286,202.85714285714286,2.857142857142857,14.700000000000001,204.28571428571428,
2013-01-15,0.22857142857142956,5.928571428571429,-3.1714285714285713,4.585714285714286,10.971428571428573,170.57142857142858,220.0,0.0,15.014285714285714,221.42857142857142,
2013-01-16,0.22857142857142956,5.928571428571429,-2.528571428571429,4.2,10.4,134.28571428571428,240.0,0.0,13.985714285714286,242.85714285714286,
2013-01-17,0.4142857142857153,4.971428571428572,-1.3428571428571427,3.885714285714286,9.642857142857142,98.0,241.42857142857142,6.571428571428571,12.900000000000002,242.85714285714286,
2013-01-18,0.37142857142857244,4.3428571428571425,-2.8428571428571425,3.9285714285714284,9.514285714285714,72.57142857142857,248.57142857142858,7.285714285714286,12.52857142857143,252.85714285714286,
2013-01-19,0.1857142857142867,2.9142857142857146,-4.428571428571429,3.7857142857142856,9.385714285714286,47.142857142857146,250.0,7.285714285714286,12.200000000000001,251.42857142857142,
2013-01-20,0.22857142857142956,2.6000000000000005,-5.8571428571428585,4.1571428571428575,9.642857142857142,25.285714285714285,250.0,8.428571428571429,12.642857142857144,250.0,
2013-01-21,0.300000000000001,2.2,-7.528571428571429,4.428571428571429,9.842857142857143,10.714285714285714,260.0,8.428571428571429,12.9,255.71428571428572,
2013-01-22,0.34285714285714386,-0.2571428571428571,-9.828571428571431,4.071428571428572,8.814285714285715,10.714285714285714,218.57142857142858,9.571428571428571,11.62857142857143,212.85714285714286,
2013-01-23,0.4142857142857153,-2.157142857142857,-11.814285714285717,4.3,9.457142857142857,14.285714285714286,215.71428571428572,13.142857142857142,12.528571428571428,210.0,
2013-01-24,0.22857142857142954,-4.5285714285714285,-14.671428571428574,4.442857142857143,9.457142857142857,17.857142857142858,234.28571428571428,6.571428571428571,12.528571428571428,230.0,
2013-01-25,0.22857142857142954,-6.2,-16.1,4.357142857142857,9.585714285714285,17.857142857142858,231.42857142857142,5.857142857142857,12.585714285714285,228.57142857142858,
2013-01-26,0.300000000000001,-6.757142857142857,-16.25714285714286,4.228571428571429,9.342857142857143,17.857142857142858,254.28571428571428,6.571428571428571,12.142857142857142,248.57142857142858,
2013-01-27,0.2571428571428581,-8.814285714285713,-17.685714285714287,3.642857142857143,8.7,17.857142857142858,271.42857142857144,5.857142857142857,10.985714285714284,267.14285714285717,
2013-01-28,0.1857142857142867,-10.714285714285714,-18.642857142857142,2.9714285714285715,7.8,21.428571428571427,284.2857142857143,5.857142857142857,9.714285714285714,284.2857142857143,
2013-01-29,1.2285714285714295,-10.314285714285715,-18.88571428571429,2.8714285714285714,7.799999999999999,25.0,308.57142857142856,23.571428571428573,9.642857142857142,304.2857142857143,
2013-01-30,1.1571428571428581,-8.257142857142856,-17.142857142857142,2.757142857142857,7.471428571428571,36.0,288.57142857142856,20.0,9.385714285714284,284.2857142857143,
2013-01-31,1.9857142857142864,-3.8142857142857136,-13.414285714285715,3.471428571428572,8.299999999999999,36.0,267.14285714285717,20.0,10.657142857142857,258.57142857142856,
2013-02-01,3.000000000000001,-0.24285714285714274,-10.557142857142859,3.900000000000001,8.628571428571428,32.42857142857143,258.57142857142856,20.0,11.814285714285715,247.14285714285714,
2013-02-02,2.9714285714285724,0.6428571428571429,-9.371428571428572,4.314285714285715,9.071428571428571,28.857142857142858,248.57142857142858,20.0,12.642857142857142,242.85714285714286,
2013-02-03,2.9714285714285724,1.1857142857142857,-8.814285714285715,4.385714285714286,9.257142857142856,25.285714285714285,232.85714285714286,19.571428571428573,13.1,222.85714285714286,
2013-02-04,2.9714285714285724,1.7428571428571427,-8.571428571428573,4.242857142857143,8.685714285714285,21.714285714285715,230.0,19.571428571428573,12.4,222.85714285714286,
2013-02-05,1.9285714285714295,1.9000000000000001,-8.171428571428573,4.371428571428572,9.328571428571427,18.142857142857142,245.71428571428572,2.5714285714285716,13.357142857142858,242.85714285714286,
2013-02-06,1.9285714285714295,0.6285714285714289,-10.0,4.1571428571428575,8.628571428571428,3.5714285714285716,247.14285714285714,2.5714285714285716,12.328571428571431,242.85714285714286,
2013-02-07,1.1714285714285724,-1.6714285714285713,-12.3,3.5714285714285716,8.3,0.0,265.7142857142857,7.714285714285714,11.7,265.7142857142857,
2013-02-08,0.15714285714285817,-5.157142857142857,-14.057142857142859,2.900000000000001,7.214285714285714,3.5714285714285716,278.57142857142856,7.714285714285714,9.585714285714285,231.42857142857142,
2013-02-09,2.000000000000001,-5.1571428571428575,-14.371428571428572,2.5000000000000004,6.771428571428571,32.57142857142857,287.14285714285717,41.857142857142854,8.814285714285715,191.42857142857142,
2013-02-10,2.042857142857144,-5.385714285714285,-15.085714285714287,2.828571428571429,7.285714285714286,61.57142857142857,310.0,42.57142857142857,9.514285714285716,167.14285714285714,
2013-02-11,2.042857142857144,-5.542857142857144,-16.2,2.785714285714286,7.3428571428571425,87.0,291.42857142857144,42.57142857142857,9.642857142857142,144.28571428571428,
2013-02-12,2.285714285714287,-4.428571428571428,-15.485714285714286,3.1142857142857143,7.471428571428571,108.71428571428571,272.85714285714283,41.142857142857146,10.028571428571428,127.14285714285714,
2013-02-13,2.285714285714287,-3.157142857142857,-12.785714285714288,3.4571428571428577,8.171428571428573,116.0,285.7142857142857,41.142857142857146,11.242857142857144,142.85714285714286,
2013-02-14,2.2142857142857153,-2.371428571428571,-11.042857142857144,3.0000000000000004,7.6,123.28571428571429,282.85714285714283,36.0,10.657142857142858,135.71428571428572,
2013-02-15,2.2142857142857153,-0.4714285714285716,-8.900000000000002,2.8714285714285714,7.3428571428571425,127.0,268.57142857142856,36.0,11.316666666666668,156.66666666666666,
2013-02-16,0.32857142857142957,1.114285714285714,-7.000000000000002,3.3000000000000003,7.785714285714286,101.57142857142857,248.57142857142858,1.1428571428571428,12.216666666666669,186.66666666666666,
2013-02-17,0.28571428571428675,2.2285714285714286,-5.571428571428572,3.042857142857143,7.1571428571428575,76.14285714285714,238.57142857142858,0.42857142857142855,11.25,235.0,
2013-02-18,0.28571428571428675,1.7428571428571427,-4.142857142857144,3.814285714285714,8.185714285714285,54.285714285714285,258.57142857142856,0.42857142857142855,12.816666666666668,258.3333333333333,
2013-02-19,0.0,0.7857142857142858,-4.8571428571428585,3.6999999999999997,7.857142857142857,36.142857142857146,278.57142857142856,0.0,12.066666666666668,276.6666666666667,
2013-02-20,0.6142857142857153,1.2714285714285716,-6.52857142857143,3.642857142857143,8.057142857142857,32.42857142857143,267.14285714285717,4.714285714285714,12.216666666666667,260.0,
2013-02-21,0.8000000000000009,0.8000000000000002,-7.314285714285715,4.1,8.5,36.0,267.14285714285717,8.285714285714286,13.183333333333335,268.3333333333333,
2013-02-22,0.8714285714285724,-0.3857142857142855,-8.742857142857144,4.457142857142857,9.514285714285714,33.5,272.85714285714283,10.428571428571429,13.285714285714286,272.85714285714283,
2013-02-23,0.8714285714285724,-1.1857142857142855,-10.414285714285715,3.885714285714286,8.685714285714287,35.2,268.57142857142856,12.166666666666666,11.942857142857141,267.14285714285717,
2013-02-24,1.1285714285714297,-0.7999999999999997,-9.3,3.757142857142857,8.614285714285714,40.4,254.28571428571428,14.666666666666666,11.871428571428572,248.57142857142858,
2013-02-25,1.4857142857142869,0.47142857142857164,-7.714285714285714,2.985714285714286,7.785714285714286,45.6,258.57142857142856,17.166666666666668,10.714285714285714,251.42857142857142,
2013-02-26,1.4857142857142869,1.1857142857142857,-5.9,2.3714285714285714,6.828571428571428,50.8,215.71428571428572,18.0,9.5,215.71428571428572,
2013-02-27,0.8714285714285724,1.0285714285714287,-4.542857142857144,2.185714285714286,6.385714285714286,56.0,205.71428571428572,12.5,8.857142857142858,207.14285714285714,
2013-02-28,1.600000000000001,1.5,-3.514285714285715,2.0,6.257142857142858,45.8,185.71428571428572,8.333333333333334,8.285714285714286,181.42857142857142,
2013-03-01,1.5714285714285725,3.328571428571429,-1.8428571428571436,1.8000000000000003,5.628571428571428,42.333333333333336,192.85714285714286,7.166666666666667,7.385714285714286,187.14285714285714,
2013-03-02,1.6142857142857154,3.642857142857143,-0.2571428571428581,2.3285714285714287,6.257142857142857,36.285714285714285,218.57142857142858,7.571428571428571,8.285714285714286,212.85714285714286,
2013-03-03,1.7142857142857153,3.1714285714285713,-0.9714285714285724,2.4142857142857146,6.257142857142857,32.57142857142857,238.57142857142858,10.142857142857142,8.028571428571428,235.71428571428572,
2013-03-04,1.4000000000000008,2.9285714285714293,-1.600000000000001,2.5,6.514285714285714,32.57142857142857,230.0,9.857142857142858,8.414285714285715,225.71428571428572,
2013-03-05,1.5857142857142867,2.3714285714285714,-2.1428571428571437,3.028571428571429,7.285714285714286,32.57142857142857,274.2857142857143,12.428571428571429,9.442857142857141,260.0,
2013-03-06,1.5857142857142867,1.8857142857142861,-2.614285714285715,3.0714285714285716,7.214285714285714,32.57142857142857,302.85714285714283,13.857142857142858,9.128571428571428,288.57142857142856,
2013-03-07,0.6714285714285724,2.3714285714285714,-3.5714285714285725,2.8857142857142857,6.971428571428571,36.285714285714285,295.7142857142857,13.857142857142858,8.871428571428572,278.57142857142856,
2013-03-08,0.6285714285714296,1.8142857142857147,-3.72857142857143,3.1142857142857143,7.028571428571429,32.714285714285715,294.2857142857143,12.714285714285714,8.928571428571429,277.14285714285717,
2013-03-09,0.5857142857142866,1.9000000000000001,-3.957142857142858,3.1285714285714286,7.2285714285714295,32.714285714285715,294.2857142857143,11.285714285714286,9.057142857142859,281.42857142857144,
2013-03-10,0.22857142857142948,3.085714285714286,-4.042857142857144,2.8428571428571425,6.9142857142857155,29.142857142857142,291.42857142857144,6.571428571428571,9.233333333333334,273.3333333333333,
2013-03-11,0.1857142857142866,5.071428571428571,-3.8000000000000007,3.3285714285714287,7.485714285714286,21.857142857142858,274.2857142857143,4.714285714285714,10.266666666666667,258.3333333333333,
2013-03-12,0.0,6.742857142857143,-2.457142857142858,3.757142857142857,8.0,14.571428571428571,254.28571428571428,1.4285714285714286,11.233333333333334,243.33333333333334,
2013-03-13,3.914285714285715,8.171428571428573,-1.4285714285714293,4.214285714285714,8.442857142857143,7.285714285714286,234.28571428571428,0.0,12.200000000000001,218.33333333333334,
2013-03-14,3.957142857142858,8.014285714285714,-0.7857142857142867,4.114285714285715,8.442857142857143,0.0,255.71428571428572,0.0,12.200000000000001,250.0,
2013-03-15,3.957142857142858,7.700000000000001,-1.7428571428571438,4.3428571428571425,9.014285714285714,0.0,254.28571428571428,0.42857142857142855,13.25,250.0,
2013-03-16,4.2857142857142865,7.228571428571429,-2.7714285714285722,4.242857142857143,8.757142857142858,0.0,232.85714285714286,8.428571428571429,13.616666666666667,243.33333333333334,
2013-03-17,4.2857142857142865,5.642857142857143,-3.2428571428571438,4.385714285714285,9.457142857142856,7.285714285714286,235.71428571428572,8.428571428571429,13.27142857142857,255.71428571428572,
2013-03-18,4.328571428571429,3.2714285714285714,-4.442857142857144,4.114285714285715,9.257142857142856,7.285714285714286,255.71428571428572,10.571428571428571,12.9,275.7142857142857,
2013-03-19,4.371428571428572,1.9285714285714286,-7.057142857142858,3.3000000000000003,8.428571428571429,7.285714285714286,251.42857142857142,10.571428571428571,11.685714285714285,277.14285714285717,
2013-03-20,2.414285714285715,0.27142857142857146,-7.771428571428572,2.7857142857142856,8.114285714285714,18.142857142857142,250.0,42.857142857142854,11.171428571428573,278.57142857142856,
2013-03-21,2.4428571428571435,-0.4428571428571427,-8.242857142857144,3.0428571428571436,7.985714285714287,43.57142857142857,254.28571428571428,45.42857142857143,11.042857142857143,282.85714285714283,
2013-03-22,2.4428571428571435,-0.21428571428571416,-8.000000000000002,2.7285714285714286,7.414285714285714,58.142857142857146,234.28571428571428,45.0,10.142857142857142,264.2857142857143,
2013-03-23,2.114285714285715,-0.057142857142856975,-7.685714285714288,2.571428571428572,7.285714285714286,72.71428571428571,255.71428571428572,37.714285714285715,9.5,264.2857142857143,
2013-03-24,2.114285714285715,0.742857142857143,-6.6571428571428575,2.9571428571428577,7.471428571428571,76.28571428571429,252.85714285714286,37.714285714285715,10.014285714285714,258.57142857142856,
2013-03-25,2.071428571428572,1.6857142857142857,-5.457142857142858,3.042857142857143,7.1000000000000005,83.57142857142857,208.57142857142858,35.57142857142857,9.557142857142859,212.85714285714286,
2013-03-26,2.0285714285714294,2.4714285714285715,-4.357142857142858,3.2571428571428576,7.671428571428572,83.57142857142857,232.85714285714286,35.57142857142857,10.0,231.42857142857142,
2013-03-27,0.07142857142857244,3.5,-4.042857142857144,3.528571428571429,7.857142857142857,72.71428571428571,254.28571428571428,3.2857142857142856,10.385714285714286,251.42857142857142,
2013-03-28,0.11428571428571531,4.8428571428571425,-3.500000000000001,3.542857142857143,8.1,47.285714285714285,261.42857142857144,0.7142857142857143,10.642857142857142,255.71428571428572,
2013-03-29,0.25714285714285817,6.114285714285714,-2.385714285714286,3.2571428571428576,8.042857142857143,32.714285714285715,281.42857142857144,0.7142857142857143,10.642857142857142,274.2857142857143,
2013-03-30,0.30000000000000104,7.214285714285714,-0.8857142857142863,3.2285714285714286,8.114285714285714,18.142857142857142,278.57142857142856,0.0,10.77142857142857,274.2857142857143,
2013-03-31,0.30000000000000104,8.328571428571427,-0.9571428571428579,2.642857142857143,7.542857142857143,7.285714285714286,282.85714285714283,0.0,9.928571428571429,282.85714285714283,
2013-04-01,0.4428571428571439,9.757142857142858,-0.9571428571428579,2.757142857142857,8.042857142857143,0.0,308.57142857142856,0.0,10.642857142857142,308.57142857142856,
2013-04-02,0.6285714285714297,10.0,-0.6142857142857151,3.1714285714285717,8.299999999999999,0.0,298.57142857142856,0.0,11.228571428571428,297.14285714285717,6.0
2013-04-03,0.7714285714285725,9.042857142857143,-1.4000000000000008,3.3714285714285714,8.628571428571428,4.285714285714286,292.85714285714283,2.5714285714285716,11.557142857142859,288.57142857142856,2.1
2013-04-04,0.6571428571428582,8.328571428571427,-1.7000000000000008,3.7142857142857144,8.885714285714284,4.285714285714286,287.14285714285717,2.5714285714285716,12.071428571428571,285.7142857142857,1.5
2013-04-05,0.5142857142857153,8.414285714285715,-2.2428571428571438,4.214285714285714,9.385714285714286,4.285714285714286,265.7142857142857,2.5714285714285716,12.842857142857143,264.2857142857143,2.025
2013-04-06,0.4714285714285724,8.342857142857143,-2.857142857142858,4.714285714285714,10.014285714285714,4.285714285714286,267.14285714285717,2.5714285714285716,13.557142857142859,265.7142857142857,2.9
2013-04-07,0.4714285714285724,7.457142857142857,-3.1571428571428584,5.214285714285714,10.714285714285714,4.285714285714286,268.57142857142856,2.5714285714285716,14.528571428571428,264.2857142857143,2.4
2013-04-08,0.37142857142857244,7.614285714285714,-2.6857142857142864,5.671428571428572,11.542857142857143,4.285714285714286,268.57142857142856,2.5714285714285716,15.485714285714286,262.85714285714283,2.914285714285714
2013-04-09,0.30000000000000104,8.242857142857144,-1.514285714285715,5.185714285714286,11.099999999999998,4.285714285714286,277.14285714285717,2.5714285714285716,14.771428571428572,271.42857142857144,3.3000000000000003
2013-04-10,0.9571428571428581,9.6,-0.014285714285714997,4.8428571428571425,10.714285714285714,0.0,264.2857142857143,0.0,14.257142857142858,262.85714285714283,4.671428571428572
2013-04-11,1.6142857142857152,10.471428571428572,1.085714285714285,4.242857142857143,10.085714285714285,0.0,271.42857142857144,0.0,13.485714285714286,267.14285714285717,5.728571428571429
2013-04-12,1.6142857142857152,9.514285714285714,1.385714285714285,4.185714285714286,9.771428571428572,0.0,295.7142857142857,0.0,12.971428571428572,291.42857142857144,5.642857142857143
2013-04-13,4.114285714285715,8.557142857142857,1.528571428571428,3.8000000000000007,9.385714285714286,0.0,271.42857142857144,1.1428571428571428,12.514285714285716,265.7142857142857,4.885714285714285
2013-04-14,4.2285714285714295,9.514285714285714,2.3857142857142852,3.5571428571428574,8.685714285714285,0.0,248.57142857142858,1.1428571428571428,11.542857142857143,254.28571428571428,5.5857142857142845
2013-04-15,4.371428571428572,8.8,2.157142857142856,2.7142857142857144,7.228571428571429,0.0,270.0,1.1428571428571428,9.62857142857143,278.57142857142856,5.5
2013-04-16,4.257142857142858,9.285714285714286,1.1428571428571421,2.7857142857142856,7.157142857142857,0.0,250.0,1.1428571428571428,9.700000000000001,258.57142857142856,4.971428571428572
2013-04-17,3.6428571428571432,9.828571428571431,1.7714285714285707,3.6142857142857148,7.928571428571429,0.0,250.0,1.1428571428571428,11.042857142857143,255.71428571428572,5.6000000000000005
2013-04-18,2.9857142857142867,10.142857142857142,1.2999999999999992,3.985714285714286,8.5,0.0,247.14285714285714,1.1428571428571428,11.37142857142857,257.14285714285717,5.914285714285714
2013-04-19,3.100000000000001,12.042857142857144,1.6142857142857137,4.2,9.200000000000001,0.0,224.28571428571428,1.1428571428571428,12.714285714285714,232.85714285714286,6.714285714285714
2013-04-20,2.8142857142857154,15.057142857142859,2.7285714285714278,4.9,9.971428571428572,0.0,242.85714285714286,0.0,14.057142857142859,240.0,9.071428571428571
2013-04-21,2.7000000000000006,15.057142857142859,2.7285714285714278,5.2857142857142865,10.671428571428573,0.0,248.57142857142858,0.0,15.028571428571427,235.71428571428572,9.72857142857143
2013-04-22,2.514285714285715,14.828571428571427,2.814285714285713,5.52857142857143,10.857142857142858,0.0,245.71428571428572,0.0,15.342857142857143,188.57142857142858,9.371428571428572
2013-04-23,2.514285714285715,14.742857142857144,2.5714285714285707,5.585714285714286,10.928571428571429,0.0,240.0,0.0,15.47142857142857,181.42857142857142,9.371428571428572
2013-04-24,2.3285714285714296,14.742857142857144,1.1571428571428564,4.942857142857143,10.342857142857142,0.0,240.0,0.0,14.314285714285715,180.0,8.757142857142858
2013-04-25,2.542857142857144,16.17142857142857,1.5428571428571423,5.114285714285715,10.471428571428572,0.0,222.85714285714286,0.0,14.571428571428571,160.0,9.085714285714285
2013-04-26,2.4285714285714297,15.542857142857144,1.628571428571428,4.685714285714286,9.842857142857143,0.0,235.71428571428572,0.0,13.614285714285714,171.42857142857142,9.442857142857141
2013-04-27,0.2142857142857153,14.042857142857143,0.828571428571428,3.814285714285714,8.7,0.0,238.57142857142858,0.0,11.885714285714284,187.14285714285714,8.0
2013-04-28,0.2142857142857153,14.914285714285715,0.5857142857142851,3.128571428571429,7.685714285714285,0.0,241.42857142857142,0.0,10.471428571428573,190.0,7.885714285714286
2013-04-29,0.2142857142857153,17.057142857142857,0.9714285714285708,2.9285714285714284,7.5,0.0,222.85714285714286,0.0,10.157142857142857,214.28571428571428,9.22857142857143
2013-04-30,0.2142857142857153,17.52857142857143,3.342857142857142,3.1571428571428575,7.5,0.0,234.28571428571428,0.0,10.214285714285714,225.71428571428572,10.757142857142856
2013-05-01,0.2142857142857153,18.728571428571428,4.999999999999999,3.0571428571428574,7.185714285714285,0.0,235.71428571428572,0.0,9.828571428571427,227.14285714285714,11.885714285714286
2013-05-02,0.0,19.12857142857143,5.642857142857143,2.6000000000000005,6.485714285714286,0.0,245.71428571428572,0.0,9.057142857142857,234.28571428571428,12.685714285714285
2013-05-03,0.0,21.185714285714287,6.671428571428572,2.7,6.728571428571429,0.0,222.85714285714286,0.0,9.185714285714285,214.28571428571428,13.914285714285715
2013-05-04,0.0,22.528571428571432,7.7,2.7000000000000006,6.6571428571428575,0.0,195.71428571428572,0.0,8.942857142857143,187.14285714285714,15.299999999999999
2013-05-05,0.0,23.642857142857142,8.814285714285713,2.8142857142857145,6.971428571428572,0.0,205.71428571428572,0.0,9.385714285714286,195.71428571428572,16.47142857142857
2013-05-06,0.0,24.271428571428572,10.085714285714285,3.0000000000000004,7.1571428571428575,0.0,205.71428571428572,0.0,9.700000000000001,197.14285714285714,17.37142857142857
2013-05-07,0.0,25.47142857142857,9.77142857142857,2.885714285714286,7.028571428571428,0.0,200.0,0.0,9.385714285714286,195.71428571428572,17.900000000000002
2013-05-08,0.0,26.342857142857138,10.085714285714285,2.8142857142857145,7.228571428571429,0.0,198.57142857142858,0.0,9.771428571428572,194.28571428571428,18.657142857142855
2013-05-09,0.40000000000000097,26.5,10.714285714285714,3.028571428571429,7.8,0.0,187.14285714285714,0.0,10.471428571428572,182.85714285714286,19.071428571428573
2013-05-10,0.9428571428571438,25.871428571428567,11.342857142857143,2.842857142857143,7.357142857142857,0.0,197.14285714285714,0.0,9.714285714285714,187.14285714285714,18.914285714285715
2013-05-11,1.1571428571428581,25.87142857142857,11.9,2.771428571428572,7.3,0.0,215.71428571428572,0.0,9.585714285714285,195.71428571428572,18.82857142857143
2013-05-12,1.6285714285714294,25.471428571428568,12.214285714285714,3.1857142857142864,7.742857142857143,0.0,197.14285714285714,0.0,10.228571428571428,178.57142857142858,19.0
2013-05-13,1.6285714285714294,23.814285714285713,11.571428571428571,3.2428571428571433,7.928571428571429,0.0,207.14285714285714,0.0,10.871428571428572,187.14285714285714,18.057142857142857
2013-05-14,1.6714285714285724,21.74285714285714,10.77142857142857,3.357142857142857,8.371428571428572,0.0,217.14285714285714,0.0,11.642857142857142,194.28571428571428,16.45714285714286
2013-05-15,1.6714285714285724,19.67142857142857,9.114285714285714,3.2285714285714286,8.114285714285716,0.0,241.42857142857142,0.0,11.257142857142858,217.14285714285714,14.657142857142858
2013-05-16,1.4857142857142864,18.400000000000002,7.214285714285714,3.357142857142857,8.428571428571429,0.0,241.42857142857142,0.0,11.828571428571431,220.0,12.971428571428572
2013-05-17,0.9428571428571438,18.557142857142857,6.5857142857142845,3.757142857142857,9.071428571428571,0.0,257.14285714285717,0.0,12.714285714285714,242.85714285714286,12.542857142857143
2013-05-18,0.7285714285714295,18.157142857142855,5.871428571428571,3.9285714285714293,9.328571428571427,0.0,265.7142857142857,0.0,13.214285714285714,262.85714285714283,12.114285714285714
2013-05-19,0.25714285714285817,18.314285714285717,5.157142857142857,3.442857142857143,8.700000000000001,0.0,242.85714285714286,0.0,12.257142857142856,270.0,11.6
2013-05-20,1.0142857142857153,19.185714285714287,5.628571428571427,3.5000000000000004,8.957142857142857,0.0,234.28571428571428,0.0,12.257142857142856,261.42857142857144,12.057142857142859
2013-05-21,0.9714285714285724,20.54285714285714,6.971428571428571,3.2428571428571433,8.571428571428571,0.0,224.28571428571428,0.0,12.057142857142859,252.85714285714286,13.2
2013-05-22,4.457142857142858,21.342857142857138,8.785714285714286,3.442857142857143,9.585714285714285,0.0,217.14285714285714,0.0,13.728571428571428,248.57142857142858,14.457142857142856
2013-05-23,9.428571428571429,22.45714285714286,10.771428571428572,3.342857142857143,9.400000000000002,0.0,235.71428571428572,0.0,13.285714285714286,265.7142857142857,15.828571428571431
2013-05-24,17.62857142857143,22.614285714285717,11.799999999999999,3.185714285714286,9.271428571428572,0.0,231.42857142857142,0.0,13.285714285714286,260.0,16.642857142857142
2013-05-25,21.728571428571428,22.3,11.642857142857142,3.6000000000000005,9.642857142857142,0.0,237.14285714285714,0.0,13.742857142857144,262.85714285714283,16.314285714285713
2013-05-26,26.185714285714287,20.085714285714285,11.72857142857143,4.485714285714286,10.471428571428572,0.0,284.2857142857143,0.0,15.085714285714285,280.0,15.242857142857144
2013-05-27,27.099999999999998,18.5,11.185714285714285,4.6000000000000005,10.414285714285715,0.0,305.7142857142857,0.0,15.085714285714287,301.42857142857144,14.071428571428571
2013-05-28,27.099999999999998,18.257142857142856,9.842857142857143,4.614285714285714,10.414285714285715,0.0,325.7142857142857,0.0,14.700000000000001,321.42857142857144,13.400000000000002
2013-05-29,23.614285714285717,18.728571428571428,8.414285714285713,4.557142857142858,9.4,0.0,307.14285714285717,0.0,12.914285714285715,302.85714285714283,12.957142857142856
2013-05-30,20.385714285714283,17.942857142857143,8.257142857142856,4.5285714285714285,9.085714285714285,0.0,288.57142857142856,0.0,12.6,287.14285714285717,12.728571428571428
2013-05-31,12.185714285714283,18.657142857142855,8.257142857142856,4.271428571428571,8.385714285714284,0.0,294.2857142857143,0.0,11.585714285714285,282.85714285714283,12.985714285714286
2013-06-01,8.085714285714285,20.885714285714283,9.685714285714285,3.885714285714286,8.014285714285714,0.0,271.42857142857144,0.0,11.071428571428571,262.85714285714283,14.957142857142857
2013-06-02,6.428571428571429,24.37142857142857,11.428571428571429,3.3428571428571425,7.885714285714286,0.0,248.57142857142858,0.0,10.685714285714285,238.57142857142858,17.642857142857142
2013-06-03,6.285714285714286,27.3,13.242857142857142,3.1857142857142864,7.814285714285715,0.0,227.14285714285714,0.0,10.428571428571429,214.28571428571428,20.042857142857144
2013-06-04,6.285714285714286,27.457142857142856,14.428571428571429,3.3571428571428577,8.071428571428571,0.0,228.57142857142858,0.0,10.557142857142859,214.28571428571428,21.085714285714285
2013-06-05,6.285714285714286,26.9,15.314285714285715,3.6428571428571432,8.571428571428573,0.0,250.0,0.0,11.314285714285715,237.14285714285714,21.185714285714287
2013-06-06,4.328571428571428,27.057142857142857,14.6,3.385714285714286,8.185714285714287,0.0,274.2857142857143,0.0,10.671428571428573,255.71428571428572,20.928571428571427
2013-06-07,4.985714285714286,25.157142857142855,13.885714285714286,3.342857142857143,8.057142857142859,0.0,277.14285714285717,0.0,10.414285714285715,228.57142857142858,19.72857142857143
2013-06-08,7.128571428571428,22.614285714285717,13.1,3.2285714285714286,7.985714285714287,0.0,270.0,0.0,10.342857142857143,218.57142857142858,18.02857142857143
2013-06-09,4.542857142857143,20.400000000000002,12.299999999999999,2.9714285714285715,7.2857142857142865,0.0,290.0,0.0,9.385714285714286,240.0,16.357142857142858
2013-06-10,3.0142857142857147,19.685714285714287,11.514285714285714,2.771428571428572,6.6571428571428575,0.0,311.42857142857144,0.0,8.871428571428572,264.2857142857143,15.614285714285714
2013-06-11,3.6999999999999997,20.24285714285714,11.2,2.528571428571429,6.214285714285714,0.0,285.7142857142857,0.0,8.371428571428572,248.57142857142858,15.542857142857144
2013-06-12,10.742857142857142,19.928571428571427,11.671428571428573,2.257142857142857,5.8428571428571425,0.0,255.71428571428572,0.0,7.800000000000002,218.57142857142858,15.6
2013-06-13,12.442857142857141,19.928571428571427,12.385714285714286,2.542857142857143,6.4142857142857155,0.0,252.85714285714286,0.0,8.62857142857143,220.0,15.642857142857142
2013-06-14,11.785714285714286,20.485714285714284,12.157142857142857,2.485714285714286,6.542857142857144,0.0,234.28571428571428,0.0,8.885714285714286,242.85714285714286,15.885714285714286
2013-06-15,9.642857142857142,22.0,12.157142857142857,2.6142857142857143,6.985714285714286,0.0,262.85714285714283,0.0,9.471428571428572,271.42857142857144,16.585714285714285
2013-06-16,9.428571428571429,23.185714285714287,11.685714285714287,2.5714285714285716,7.042857142857144,0.0,261.42857142857144,0.0,9.6,272.85714285714283,17.2
2013-06-17,10.514285714285714,22.314285714285717,11.599999999999998,2.6571428571428575,7.614285714285715,0.0,240.0,0.0,9.914285714285713,251.42857142857142,16.95714285714286
2013-06-18,10.014285714285714,22.157142857142862,12.0,2.6714285714285717,7.542857142857143,0.0,267.14285714285717,0.0,9.914285714285715,270.0,16.97142857142857
2013-06-19,2.9714285714285715,22.87142857142857,11.528571428571427,2.485714285714286,7.085714285714286,0.0,297.14285714285717,0.0,9.471428571428572,301.42857142857144,17.099999999999998
2013-06-20,1.2714285714285716,22.785714285714285,10.885714285714286,2.4,6.771428571428572,0.0,294.2857142857143,0.0,9.085714285714285,300.0,17.142857142857142
2013-06-21,1.2714285714285716,23.25714285714286,10.485714285714286,2.3000000000000003,6.571428571428571,0.0,287.14285714285717,0.0,8.828571428571427,311.42857142857144,17.12857142857143
2013-06-22,1.2714285714285716,23.728571428571428,10.4,1.9142857142857148,5.742857142857143,0.0,270.0,0.0,7.8,290.0,17.400000000000002
2013-06-23,1.7428571428571427,23.971428571428568,11.514285714285714,1.9571428571428575,5.871428571428572,0.0,250.0,0.0,7.871428571428571,267.14285714285717,17.728571428571428
2013-06-24,2.7571428571428567,25.4,12.542857142857144,1.8714285714285719,5.614285714285714,0.0,248.57142857142858,0.0,7.814285714285715,267.14285714285717,18.585714285714285
2013-06-25,4.028571428571428,26.514285714285712,13.414285714285715,1.985714285714286,6.314285714285715,0.0,242.85714285714286,0.0,9.014285714285714,262.85714285714283,19.599999999999998
2013-06-26,8.314285714285713,27.785714285714285,14.757142857142858,2.2857142857142856,7.271428571428572,0.0,245.71428571428572,0.0,10.1,264.2857142857143,20.6
2013-06-27,9.585714285714285,28.5,16.34285714285714,2.185714285714286,7.071428571428571,0.0,228.57142857142858,0.0,9.785714285714286,242.85714285714286,21.442857142857143
2013-06-28,9.585714285714285,29.12857142857143,18.0,2.4285714285714284,7.328571428571428,0.0,254.28571428571428,0.0,10.042857142857143,248.57142857142858,22.571428571428573
2013-06-29,11.542857142857143,28.728571428571428,18.642857142857142,2.9285714285714284,8.1,0.0,251.42857142857142,0.0,11.12857142857143,252.85714285714286,22.614285714285717
2013-06-30,16.185714285714287,28.72857142857143,18.714285714285715,2.8714285714285714,8.414285714285715,0.0,271.42857142857144,0.0,11.571428571428571,265.7142857142857,22.52857142857143
2013-07-01,15.171428571428569,28.414285714285715,18.4,2.7285714285714286,8.1,0.0,292.85714285714283,0.0,11.000000000000002,288.57142857142856,22.32857142857143
2013-07-02,15.057142857142855,27.37142857142857,17.928571428571427,2.5714285714285716,7.214285714285714,0.0,297.14285714285717,0.0,9.471428571428572,294.2857142857143,21.714285714285715
2013-07-03,11.171428571428573,26.657142857142855,17.214285714285715,2.2857142857142856,6.457142857142856,0.0,294.2857142857143,0.0,8.385714285714286,291.42857142857144,21.085714285714285
2013-07-04,10.328571428571427,26.900000000000002,17.385714285714283,2.1142857142857148,6.528571428571429,0.0,311.42857142857144,0.0,8.328571428571427,311.42857142857144,21.342857142857145
2013-07-05,17.185714285714287,27.071428571428573,17.557142857142857,2.0857142857142863,7.171428571428572,0.0,311.42857142857144,0.0,8.957142857142857,314.2857142857143,21.442857142857143
2013-07-06,17.257142857142856,27.942857142857147,18.271428571428572,1.8142857142857145,7.299999999999999,0.0,312.85714285714283,0.0,8.828571428571427,314.2857142857143,22.157142857142855
2013-07-07,12.142857142857142,28.571428571428577,18.671428571428574,1.9285714285714288,6.857142857142857,0.0,310.0,0.0,8.257142857142856,311.42857142857144,23.02857142857143
2013-07-08,11.171428571428573,28.800000000000004,18.914285714285715,1.9714285714285715,6.985714285714286,0.0,287.14285714285717,0.0,8.314285714285715,287.14285714285717,23.314285714285713
2013-07-09,10.014285714285714,29.2,19.385714285714283,1.8714285714285717,7.171428571428572,0.0,285.7142857142857,0.0,8.385714285714286,282.85714285714283,23.557142857142857
2013-07-10,9.614285714285714,29.842857142857145,20.014285714285712,1.9000000000000001,7.042857142857144,0.0,275.7142857142857,0.0,8.385714285714284,271.42857142857144,24.342857142857145
2013-07-11,9.228571428571428,29.914285714285715,20.171428571428574,2.4285714285714284,7.542857142857143,0.0,258.57142857142856,0.0,9.214285714285714,252.85714285714286,24.557142857142853
2013-07-12,2.914285714285714,29.428571428571427,19.685714285714287,2.4714285714285715,7.1571428571428575,0.0,260.0,0.0,9.028571428571428,251.42857142857142,24.45714285714286
2013-07-13,0.8857142857142856,28.557142857142857,18.8,2.4714285714285715,6.514285714285713,0.0,277.14285714285717,0.0,8.32857142857143,267.14285714285717,23.82857142857143
2013-07-14,0.8857142857142856,28.157142857142855,18.242857142857144,2.4285714285714284,6.642857142857143,0.0,261.42857142857144,0.0,8.571428571428571,258.57142857142856,23.271428571428572
2013-07-15,0.8428571428571429,28.485714285714284,18.8,2.328571428571429,6.314285714285715,0.0,260.0,0.0,8.385714285714284,260.0,23.585714285714285
2013-07-16,0.6571428571428571,29.442857142857143,18.885714285714283,2.3285714285714287,6.514285714285713,0.0,261.42857142857144,0.0,8.642857142857142,262.85714285714283,24.214285714285715
2013-07-17,0.6571428571428571,29.75714285714286,19.057142857142857,2.3000000000000003,6.771428571428571,0.0,227.14285714285714,0.0,8.9,274.2857142857143,24.599999999999998
2013-07-18,0.7999999999999999,30.714285714285715,18.97142857142857,1.9714285714285718,6.2,0.0,200.0,0.0,8.2,287.14285714285717,24.97142857142857
2013-07-19,0.3,31.514285714285712,19.614285714285717,1.785714285714286,5.757142857142857,0.0,178.57142857142858,0.0,7.685714285714285,267.14285714285717,25.3
2013-07-20,0.5571428571428572,33.028571428571425,20.814285714285713,2.185714285714286,6.971428571428571,0.0,170.0,0.0,9.928571428571429,257.14285714285717,26.4
2013-07-21,0.8142857142857143,33.271428571428565,21.285714285714285,2.485714285714286,7.171428571428571,0.0,185.71428571428572,0.0,10.257142857142856,272.85714285714283,26.814285714285713
2013-07-22,0.7428571428571429,32.4,20.085714285714285,2.7428571428571433,7.428571428571429,0.0,207.14285714285714,0.0,10.385714285714286,290.0,26.08571428571429
2013-07-23,1.0,31.685714285714287,18.97142857142857,2.685714285714286,7.171428571428572,0.0,194.28571428571428,0.0,10.128571428571428,277.14285714285717,25.057142857142857
2013-07-24,2.6999999999999997,30.814285714285713,18.885714285714283,2.714285714285715,6.8428571428571425,0.0,237.14285714285714,0.0,9.614285714285714,257.14285714285717,24.385714285714283
2013-07-25,3.5,28.91428571428571,17.614285714285714,2.842857142857143,7.357142857142857,0.0,284.2857142857143,0.0,10.114285714285714,265.7142857142857,23.3
2013-07-26,3.457142857142857,27.400000000000002,15.785714285714283,2.9714285714285715,7.671428571428572,0.0,304.2857142857143,0.0,10.428571428571429,281.42857142857144,21.728571428571428
2013-07-27,3.2,25.642857142857142,14.2,2.5142857142857147,6.528571428571429,0.0,312.85714285714283,0.0,8.12857142857143,295.7142857142857,20.12857142857143
2013-07-28,2.942857142857143,25.485714285714288,13.1,2.1571428571428575,6.142857142857143,0.0,295.7142857142857,0.0,7.557142857142857,284.2857142857143,19.428571428571427
2013-07-29,2.985714285714286,25.642857142857142,13.9,2.1142857142857148,6.3428571428571425,0.0,275.7142857142857,0.0,7.928571428571429,265.7142857142857,19.75714285714286
2013-07-30,3.314285714285714,25.557142857142857,14.685714285714285,2.2285714285714286,6.6000000000000005,0.0,292.85714285714283,0.0,8.371428571428572,277.14285714285717,20.085714285714285
2013-07-31,1.6142857142857143,25.4,13.971428571428572,2.1285714285714286,6.6000000000000005,0.0,281.42857142857144,0.0,8.685714285714287,292.85714285714283,19.87142857142857
2013-08-01,0.6285714285714284,26.342857142857145,14.214285714285714,1.9571428571428575,6.028571428571429,0.0,261.42857142857144,0.0,7.985714285714286,267.14285714285717,20.0
2013-08-02,2.1142857142857143,26.985714285714284,15.485714285714286,2.242857142857143,6.228571428571428,0.0,242.85714285714286,0.0,8.5,245.71428571428572,20.928571428571427
2013-08-03,2.1142857142857143,27.47142857142857,16.271428571428572,2.385714285714286,6.285714285714286,0.0,230.0,0.0,8.871428571428572,231.42857142857142,21.542857142857144
2013-08-04,2.728571428571428,26.914285714285715,16.985714285714288,2.6000000000000005,6.542857142857144,0.0,240.0,0.0,9.314285714285715,237.14285714285714,21.54285714285714
2013-08-05,3.6999999999999997,26.428571428571427,16.185714285714287,2.7428571428571433,7.371428571428572,0.0,264.2857142857143,0.0,10.214285714285714,260.0,21.114285714285717
2013-08-06,3.1142857142857143,25.642857142857142,15.242857142857144,2.9571428571428577,7.5,0.0,258.57142857142856,0.0,10.342857142857143,258.57142857142856,20.5
2013-08-07,3.1142857142857143,25.642857142857142,14.614285714285714,3.1,7.700000000000001,0.0,250.0,0.0,10.342857142857143,242.85714285714286,20.057142857142857
2013-08-08,3.1142857142857143,25.571428571428573,14.528571428571427,3.385714285714286,8.4,0.0,248.57142857142858,0.0,11.37142857142857,247.14285714285714,20.014285714285712
2013-08-09,1.7714285714285711,25.95714285714286,15.0,3.414285714285715,8.714285714285715,0.0,247.14285714285714,0.0,11.5,252.85714285714286,20.285714285714285
2013-08-10,4.314285714285714,25.642857142857142,15.485714285714286,3.2285714285714286,8.842857142857143,0.0,238.57142857142858,0.0,11.700000000000001,242.85714285714286,20.5
2013-08-11,3.6999999999999997,25.557142857142857,15.085714285714287,3.357142857142857,9.085714285714285,0.0,247.14285714285714,0.0,11.828571428571427,245.71428571428572,20.728571428571428
2013-08-12,2.685714285714286,25.957142857142856,14.771428571428572,3.0428571428571436,8.0,0.0,240.0,0.0,10.428571428571429,238.57142857142858,20.585714285714285
2013-08-13,2.685714285714286,26.428571428571427,15.157142857142857,2.8142857142857145,7.742857142857143,0.0,222.85714285714286,0.0,9.985714285714284,218.57142857142858,20.9
2013-08-14,3.7428571428571433,26.257142857142856,15.942857142857145,2.9571428571428577,8.128571428571428,0.0,224.28571428571428,0.0,10.62857142857143,218.57142857142858,21.157142857142855
2013-08-15,4.357142857142857,25.142857142857142,15.785714285714288,2.8000000000000003,7.742857142857143,0.0,241.42857142857142,0.0,10.042857142857143,237.14285714285714,20.728571428571428
2013-08-16,4.214285714285714,24.514285714285712,14.200000000000001,2.6000000000000005,7.042857142857143,0.0,240.0,0.0,9.483333333333333,243.33333333333334,19.785714285714285
2013-08-17,1.7428571428571427,24.585714285714285,12.842857142857143,2.657142857142858,7.485714285714287,0.0,261.42857142857144,0.0,9.783333333333333,266.6666666666667,19.085714285714285
2013-08-18,1.7428571428571427,24.67142857142857,12.842857142857143,2.2142857142857144,6.985714285714286,0.0,267.14285714285717,0.0,9.033333333333333,278.3333333333333,18.7
2013-08-19,1.7428571428571427,24.671428571428574,12.928571428571429,2.2428571428571433,6.985714285714286,0.0,250.0,0.0,9.033333333333333,260.0,18.685714285714287
2013-08-20,1.7428571428571427,25.142857142857142,12.857142857142858,2.257142857142857,6.914285714285714,0.0,248.57142857142858,0.0,9.033333333333333,261.6666666666667,18.842857142857145
2013-08-21,0.6857142857142857,25.942857142857143,12.785714285714286,2.0714285714285716,6.714285714285714,0.0,247.14285714285714,0.0,8.516666666666667,260.0,19.214285714285715
2013-08-22,0.07142857142857142,27.528571428571432,13.428571428571429,1.985714285714286,6.714285714285714,0.0,230.0,0.0,8.45,236.66666666666666,20.085714285714285
2013-08-23,2.757142857142857,28.32857142857143,14.77142857142857,2.0142857142857147,7.542857142857143,0.0,250.0,0.0,9.357142857142858,248.57142857142858,21.042857142857144
2013-08-24,2.685714285714286,27.857142857142858,14.928571428571429,2.242857142857143,7.285714285714286,0.0,248.57142857142858,0.0,9.028571428571428,248.57142857142858,21.24285714285714
2013-08-25,2.685714285714286,27.942857142857147,14.285714285714286,2.242857142857143,7.028571428571428,0.0,204.28571428571428,0.0,8.714285714285714,245.71428571428572,20.957142857142856
2013-08-26,2.8000000000000003,27.942857142857143,13.971428571428572,2.2714285714285714,6.8999999999999995,0.0,202.85714285714286,0.0,8.642857142857142,247.14285714285714,20.842857142857145
2013-08-27,3.6,27.071428571428577,14.528571428571427,2.4142857142857146,6.971428571428572,0.0,201.42857142857142,0.0,8.957142857142857,247.14285714285714,20.714285714285715
2013-08-28,3.6,26.82857142857143,15.242857142857144,2.2857142857142856,6.585714285714286,0.0,215.71428571428572,0.0,8.628571428571428,261.42857142857144,20.87142857142857
2013-08-29,3.6,26.67142857142857,15.557142857142855,2.1142857142857143,6.142857142857143,0.0,238.57142857142858,0.0,8.185714285714287,237.14285714285714,20.900000000000002
2013-08-30,0.9142857142857143,26.271428571428572,15.485714285714286,1.8285714285714287,5.185714285714286,0.0,237.14285714285714,0.0,6.971428571428571,237.14285714285714,20.742857142857144
2013-08-31,0.9142857142857143,27.21428571428572,16.285714285714285,1.7142857142857149,4.742857142857143,0.0,218.57142857142858,0.0,6.471428571428572,215.71428571428572,21.228571428571428
2013-09-01,0.9142857142857143,27.04285714285714,17.957142857142856,1.9142857142857146,5.057142857142857,0.0,240.0,0.0,6.9142857142857155,212.85714285714286,22.1
2013-09-02,0.7999999999999999,27.599999999999998,19.3,1.8428571428571432,5.185714285714285,0.0,260.0,0.0,6.985714285714286,228.57142857142858,22.928571428571427
2013-09-03,1.7,28.157142857142855,19.37142857142857,1.8000000000000003,5.685714285714285,0.0,274.2857142857143,0.0,7.685714285714285,241.42857142857142,23.32857142857143
2013-09-04,3.3285714285714287,27.685714285714287,18.97142857142857,1.9714285714285718,6.2,0.0,275.7142857142857,0.0,8.32857142857143,242.85714285714286,22.885714285714283
2013-09-05,4.057142857142857,26.728571428571428,18.5,2.1571428571428575,6.585714285714286,0.0,277.14285714285717,0.0,8.77142857142857,292.85714285714283,22.285714285714285
2013-09-06,4.057142857142857,25.457142857142856,16.82857142857143,2.400000000000001,7.1000000000000005,0.0,281.42857142857144,0.0,9.4,294.2857142857143,21.285714285714285
2013-09-07,4.057142857142857,24.199999999999996,15.0,2.3285714285714287,7.171428571428572,0.0,280.0,0.0,9.528571428571428,295.7142857142857,19.785714285714285
2013-09-08,4.128571428571428,23.485714285714288,13.885714285714288,2.528571428571429,7.685714285714285,0.0,278.57142857142856,0.0,10.1,275.7142857142857,18.814285714285717
2013-09-09,5.185714285714285,21.814285714285717,11.985714285714286,2.914285714285715,8.385714285714286,0.0,282.85714285714283,0.0,11.057142857142859,280.0,17.614285714285714
2013-09-10,3.485714285714286,20.87142857142857,10.085714285714285,3.0142857142857147,8.142857142857142,0.0,270.0,0.0,10.542857142857143,267.14285714285717,16.014285714285712
2013-09-11,3.857142857142857,20.785714285714285,9.771428571428572,3.3714285714285714,8.4,0.0,257.14285714285717,0.0,10.728571428571428,252.85714285714286,15.757142857142858
2013-09-12,4.285714285714286,22.142857142857142,10.557142857142859,3.6714285714285717,8.9,0.0,231.42857142857142,0.0,11.685714285714285,225.71428571428572,16.728571428571428
2013-09-13,7.957142857142856,23.099999999999998,12.071428571428571,3.542857142857143,9.142857142857142,0.0,224.28571428571428,0.0,12.200000000000001,215.71428571428572,17.7
2013-09-14,8.542857142857143,22.771428571428572,12.942857142857141,3.8428571428571425,9.328571428571427,0.0,242.85714285714286,0.0,12.442857142857141,235.71428571428572,18.24285714285714
2013-09-15,8.614285714285714,22.54285714285714,12.157142857142858,3.6428571428571432,8.757142857142856,0.0,264.2857142857143,0.0,11.742857142857144,258.57142857142856,17.74285714285714
2013-09-16,7.7,22.785714285714285,12.071428571428571,3.4285714285714284,8.314285714285715,0.0,244.28571428571428,0.0,11.285714285714286,237.14285714285714,17.314285714285713
2013-09-17,9.0,21.828571428571426,11.828571428571427,3.385714285714286,8.5,0.0,265.7142857142857,0.0,11.285714285714286,258.57142857142856,17.34285714285714
2013-09-18,7.0,20.800000000000004,9.842857142857143,2.771428571428572,7.728571428571428,0.0,282.85714285714283,0.0,10.528571428571428,278.57142857142856,15.957142857142856
2013-09-19,5.842857142857142,19.214285714285715,7.457142857142856,2.3571428571428577,7.028571428571429,0.0,285.7142857142857,0.0,9.385714285714284,281.42857142857144,13.914285714285715
2013-09-20,2.1714285714285713,19.042857142857144,5.871428571428572,2.242857142857143,6.4,0.0,271.42857142857144,0.0,8.242857142857142,271.42857142857144,12.828571428571427
2013-09-21,1.5857142857142856,20.24285714285714,5.799999999999999,2.0714285714285716,6.585714285714287,0.0,252.85714285714286,0.0,8.314285714285713,254.28571428571428,13.014285714285716
2013-09-22,3.471428571428571,21.185714285714283,6.985714285714287,2.7428571428571433,7.728571428571429,0.0,231.42857142857142,0.0,9.971428571428572,232.85714285714286,14.071428571428571
2013-09-23,4.314285714285714,20.785714285714285,7.385714285714286,2.9714285714285715,7.971428571428572,0.0,248.57142857142858,0.0,10.171428571428573,251.42857142857142,14.6
2013-09-24,3.0142857142857147,20.314285714285713,7.942857142857143,3.1571428571428575,7.714285714285715,0.0,245.71428571428572,0.0,10.042857142857143,248.57142857142858,14.214285714285714
2013-09-25,3.0142857142857147,20.314285714285713,8.814285714285715,3.6000000000000005,8.228571428571428,0.0,244.28571428571428,0.0,10.485714285714286,204.28571428571428,14.685714285714287
2013-09-26,3.0142857142857147,19.985714285714284,8.9,3.585714285714286,8.3,0.0,217.14285714285714,0.0,10.600000000000003,180.0,14.657142857142857
2013-09-27,3.0142857142857147,19.042857142857144,8.571428571428571,3.6714285714285713,8.428571428571429,0.0,240.0,0.0,10.857142857142858,202.85714285714286,14.042857142857144
2013-09-28,3.0142857142857147,17.928571428571427,8.32857142857143,3.3714285714285723,7.928571428571429,0.0,258.57142857142856,0.0,10.414285714285715,217.14285714285714,13.614285714285714
2013-09-29,0.9857142857142858,17.77142857142857,7.057142857142858,2.4285714285714293,6.457142857142856,0.0,272.85714285714283,0.0,8.442857142857143,235.71428571428572,12.685714285714287
2013-09-30,0.0,18.728571428571428,6.971428571428571,2.0000000000000004,5.828571428571428,0.0,254.28571428571428,0.0,7.8,217.14285714285714,12.557142857142855
2013-10-01,0.0,20.628571428571426,7.128571428571429,1.5142857142857145,5.385714285714285,0.0,235.71428571428572,0.0,7.428571428571429,197.14285714285714,13.4
2013-10-02,0.0,21.74285714285714,7.200000000000001,1.1000000000000003,4.814285714285715,0.0,220.0,0.0,6.728571428571429,222.85714285714286,13.928571428571429
2013-10-03,0.0,22.785714285714285,8.071428571428571,1.2428571428571433,4.814285714285715,0.0,262.85714285714283,0.0,6.614285714285714,248.57142857142858,14.742857142857144
2013-10-04,0.0,23.41428571428571,8.62857142857143,1.0428571428571431,4.428571428571429,0.0,251.42857142857142,0.0,6.228571428571429,240.0,15.528571428571427
2013-10-05,0.0,23.25714285714286,8.542857142857143,1.1142857142857145,4.228571428571429,0.0,252.85714285714286,0.0,5.971428571428572,244.28571428571428,15.257142857142858
2013-10-06,0.04285714285714286,22.7,8.942857142857143,1.285714285714286,4.557142857142857,0.0,258.57142857142856,0.0,6.228571428571429,245.71428571428572,15.414285714285713
2013-10-07,1.0571428571428572,21.585714285714285,9.185714285714285,1.4142857142857146,4.685714285714285,0.0,254.28571428571428,0.0,6.614285714285714,237.14285714285714,15.000000000000002
2013-10-08,5.114285714285714,21.985714285714288,9.828571428571427,1.8142857142857147,5.8999999999999995,0.0,252.85714285714286,0.0,8.2,235.71428571428572,15.285714285714286
2013-10-09,5.114285714285714,20.8,9.357142857142858,2.1142857142857148,6.471428571428571,0.0,268.57142857142856,0.0,9.028571428571428,245.71428571428572,14.9
2013-10-10,5.114285714285714,19.685714285714283,8.171428571428573,1.9285714285714286,6.471428571428571,0.0,252.85714285714286,0.0,9.028571428571428,245.71428571428572,13.771428571428572
2013-10-11,5.114285714285714,19.214285714285715,7.614285714285714,1.9142857142857144,6.3428571428571425,0.0,247.14285714285714,0.0,8.77142857142857,232.85714285714286,12.914285714285713
2013-10-12,5.114285714285714,19.685714285714283,7.3,1.8142857142857147,6.285714285714286,0.0,245.71428571428572,0.0,8.642857142857142,230.0,12.799999999999999
2013-10-13,5.071428571428571,20.24285714285714,6.671428571428572,1.7714285714285718,6.1571428571428575,0.0,221.42857142857142,0.0,8.700000000000001,205.71428571428572,12.6
2013-10-14,4.057142857142857,20.957142857142856,6.428571428571429,1.985714285714286,6.471428571428571,0.0,225.71428571428572,0.0,8.7,215.71428571428572,12.914285714285713
2013-10-15,0.42857142857142855,19.37142857142857,6.028571428571429,1.8142857142857145,5.642857142857143,0.0,227.14285714285714,0.0,7.485714285714287,215.71428571428572,12.357142857142858
2013-10-16,0.42857142857142855,19.52857142857143,6.585714285714286,1.5857142857142859,5.2,0.0,207.14285714285714,0.0,6.842857142857143,202.85714285714286,12.271428571428572
2013-10-17,0.5714285714285714,19.52857142857143,7.771428571428572,2.128571428571429,5.771428571428571,0.0,205.71428571428572,0.0,7.671428571428572,200.0,13.071428571428571
2013-10-18,1.6285714285714286,19.771428571428572,8.814285714285715,2.385714285714286,6.471428571428572,0.0,198.57142857142858,0.0,8.814285714285715,198.57142857142858,13.885714285714286
2013-10-19,3.085714285714286,19.3,9.37142857142857,2.771428571428572,7.228571428571429,0.0,188.57142857142858,0.0,9.957142857142857,190.0,14.114285714285714
2013-10-20,3.3000000000000003,18.271428571428572,9.757142857142856,3.2,7.985714285714287,0.0,192.85714285714286,0.0,10.857142857142858,194.28571428571428,13.928571428571429
2013-10-21,3.3000000000000003,17.400000000000002,9.200000000000001,3.2000000000000006,8.171428571428573,0.0,207.14285714285714,0.0,11.299999999999999,207.14285714285714,13.571428571428571
2013-10-22,2.8714285714285714,17.62857142857143,8.085714285714285,3.400000000000001,8.542857142857143,0.0,207.14285714285714,0.0,11.885714285714284,210.0,12.957142857142857
2013-10-23,2.942857142857143,17.142857142857142,7.528571428571428,3.9285714285714293,9.37142857142857,0.0,210.0,0.0,13.042857142857143,212.85714285714286,12.971428571428572
2013-10-24,2.8000000000000003,16.114285714285714,6.414285714285714,3.471428571428572,8.8,0.0,222.85714285714286,0.0,12.142857142857142,227.14285714285714,11.814285714285715
2013-10-25,1.8142857142857143,14.200000000000001,4.742857142857143,3.6714285714285717,8.742857142857144,0.0,238.57142857142858,0.0,11.957142857142857,237.14285714285714,10.285714285714286
2013-10-26,0.35714285714285715,12.685714285714287,3.3142857142857145,3.6714285714285717,8.428571428571429,0.0,251.42857142857142,0.0,11.442857142857141,242.85714285714286,9.1
2013-10-27,0.21428571428571427,11.571428571428571,2.0571428571428574,3.7714285714285722,8.500000000000002,0.0,251.42857142857142,0.0,11.571428571428571,247.14285714285714,8.0
2013-10-28,0.21428571428571427,10.7,1.6714285714285713,3.785714285714286,8.385714285714286,0.0,250.0,0.0,11.314285714285715,244.28571428571428,7.328571428571429
2013-10-29,0.2571428571428572,9.514285714285714,0.9714285714285715,3.828571428571429,8.771428571428572,0.0,270.0,0.0,11.571428571428571,264.2857142857143,6.742857142857142
2013-10-30,0.18571428571428572,8.414285714285715,-0.5285714285714286,3.2285714285714286,7.871428571428572,0.0,292.85714285714283,0.0,10.357142857142858,287.14285714285717,5.014285714285714
2013-10-31,0.18571428571428572,7.7,-1.2285714285714284,3.1142857142857148,7.542857142857144,0.0,281.42857142857144,0.0,10.1,271.42857142857144,4.242857142857143
2013-11-01,0.8428571428571427,8.971428571428572,-1.0714285714285714,3.485714285714286,8.171428571428573,0.0,267.14285714285717,0.0,10.928571428571429,261.42857142857144,4.428571428571429
2013-11-02,1.457142857142857,11.042857142857143,0.7571428571428572,4.028571428571429,9.12857142857143,0.0,245.71428571428572,0.0,12.6,254.28571428571428,6.057142857142857
2013-11-03,1.8142857142857143,11.757142857142858,1.0714285714285716,3.8571428571428577,8.742857142857144,0.0,268.57142857142856,0.0,12.014285714285714,272.85714285714283,6.885714285714286
2013-11-04,1.8142857142857143,10.957142857142857,0.2142857142857144,3.828571428571429,8.742857142857142,0.0,230.0,0.0,12.014285714285714,235.71428571428572,6.028571428571429
2013-11-05,1.7714285714285711,10.242857142857144,-0.34285714285714264,3.4,7.785714285714286,0.0,228.57142857142858,0.0,10.8,234.28571428571428,5.071428571428571
2013-11-06,1.7714285714285711,10.62857142857143,-0.014285714285714108,4.1000000000000005,8.814285714285713,0.0,205.71428571428572,0.0,12.328571428571431,210.0,5.4
2013-11-07,1.7714285714285711,11.728571428571428,1.3285714285714287,4.985714285714287,10.157142857142857,0.0,204.28571428571428,0.0,14.114285714285716,211.42857142857142,6.614285714285714
2013-11-08,1.4714285714285715,11.328571428571431,1.5714285714285716,4.92857142857143,10.157142857142857,0.0,202.85714285714286,0.0,14.171428571428573,211.42857142857142,7.2285714285714295
2013-11-09,0.8571428571428571,8.942857142857145,0.05714285714285732,4.571428571428571,9.642857142857142,0.0,218.57142857142858,0.0,13.142857142857142,222.85714285714286,5.357142857142857
2013-11-10,0.4714285714285714,7.8428571428571425,-0.09999999999999983,4.500000000000001,9.642857142857142,0.0,212.85714285714286,0.0,13.214285714285714,217.14285714285714,4.357142857142857
2013-11-11,0.9,8.557142857142859,0.9857142857142858,4.671428571428572,9.957142857142857,0.0,252.85714285714286,0.0,13.72857142857143,257.14285714285717,4.8999999999999995
2013-11-12,1.042857142857143,8.87142857142857,1.9285714285714286,5.285714285714286,10.657142857142857,0.0,252.85714285714286,1.1428571428571428,15.057142857142859,254.28571428571428,5.714285714285714
2013-11-13,1.042857142857143,7.528571428571429,1.7714285714285716,5.3,10.457142857142857,0.0,270.0,1.1428571428571428,14.542857142857144,272.85714285714283,5.3
2013-11-14,1.042857142857143,5.557142857142857,-0.1999999999999998,4.8428571428571425,9.885714285714286,0.0,270.0,1.1428571428571428,13.785714285714286,275.7142857142857,3.385714285714286
2013-11-15,0.6142857142857142,4.771428571428571,-0.6714285714285712,4.571428571428572,9.571428571428571,0.0,271.42857142857144,1.1428571428571428,13.342857142857143,274.2857142857143,2.142857142857143
2013-11-16,0.6142857142857142,5.728571428571428,-0.6714285714285712,4.385714285714286,9.328571428571431,0.0,257.14285714285717,1.1428571428571428,12.957142857142857,255.71428571428572,2.528571428571429
2013-11-17,0.5714285714285714,6.914285714285714,-0.7571428571428569,4.142857142857143,9.142857142857142,0.0,240.0,1.1428571428571428,12.642857142857142,241.42857142857142,2.8857142857142857
2013-11-18,0.2571428571428572,8.114285714285714,-0.9142857142857139,4.071428571428572,8.828571428571427,0.0,221.42857142857142,1.1428571428571428,12.257142857142856,225.71428571428572,3.3142857142857145
2013-11-19,1.242857142857143,9.785714285714286,-0.44285714285714267,4.128571428571429,8.9,0.0,211.42857142857142,0.0,12.385714285714284,220.0,4.614285714285715
2013-11-20,1.3142857142857143,10.414285714285713,-0.05714285714285688,4.328571428571429,9.285714285714286,0.0,211.42857142857142,0.0,13.028571428571427,218.57142857142858,4.985714285714286
2013-11-21,1.3142857142857143,10.642857142857142,0.014285714285714488,4.042857142857144,9.028571428571428,0.0,231.42857142857142,0.0,12.571428571428571,237.14285714285714,5.285714285714286
2013-11-22,1.3142857142857143,10.4,-1.014285714285714,3.9714285714285715,9.085714285714285,0.0,231.42857142857142,0.0,12.514285714285714,237.14285714285714,4.785714285714286
2013-11-23,1.8571428571428572,9.685714285714285,-1.1714285714285713,3.6428571428571432,9.014285714285714,0.0,247.14285714285714,0.0,12.771428571428572,252.85714285714286,4.328571428571428
2013-11-24,2.185714285714286,8.5,-2.0285714285714285,4.214285714285714,9.642857142857142,0.0,267.14285714285717,7.285714285714286,13.728571428571428,265.7142857142857,3.814285714285714
2013-11-25,2.1142857142857143,5.328571428571428,-3.7571428571428567,4.700000000000001,10.528571428571428,7.142857142857143,290.0,8.714285714285714,14.814285714285715,287.14285714285717,1.7285714285714289
2013-11-26,0.9857142857142857,2.7142857142857144,-6.114285714285714,4.571428571428571,10.457142857142856,14.285714285714286,280.0,8.714285714285714,14.314285714285715,275.7142857142857,-1.3428571428571427
2013-11-27,1.3857142857142857,2.242857142857143,-6.028571428571428,4.314285714285715,10.142857142857142,21.428571428571427,262.85714285714283,14.857142857142858,13.742857142857142,260.0,-1.7142857142857142
2013-11-28,5.414285714285714,2.3285714285714287,-5.542857142857143,4.371428571428572,10.4,25.714285714285715,258.57142857142856,21.0,13.942857142857141,255.71428571428572,-1.3857142857142857
2013-11-29,5.414285714285714,1.1571428571428568,-5.542857142857143,4.571428571428571,10.528571428571428,32.857142857142854,272.85714285714283,22.142857142857142,14.2,272.85714285714283,-1.757142857142857
2013-11-30,4.871428571428572,-0.3428571428571429,-7.585714285714286,4.557142857142858,9.885714285714286,37.142857142857146,235.71428571428572,22.142857142857142,12.985714285714284,277.14285714285717,-3.3142857142857136
2013-12-01,4.542857142857143,-1.3714285714285714,-8.7,4.357142857142858,9.828571428571427,41.42857142857143,214.28571428571428,14.857142857142858,12.985714285714286,260.0,-4.814285714285714
2013-12-02,4.642857142857143,-0.11428571428571432,-7.585714285714286,3.7142857142857144,9.057142857142859,38.57142857142857,194.28571428571428,14.142857142857142,12.157142857142857,240.0,-3.8857142857142852
2013-12-03,4.642857142857143,0.4285714285714285,-6.0,3.0285714285714285,7.914285714285714,35.714285714285715,204.28571428571428,14.142857142857142,10.614285714285716,250.0,-2.6857142857142855
2013-12-04,4.171428571428572,1.1428571428571428,-6.085714285714286,2.4714285714285715,7.0857142857142845,28.571428571428573,180.0,8.0,9.714285714285714,224.28571428571428,-2.414285714285714
2013-12-05,0.14285714285714285,1.3,-6.328571428571428,2.1428571428571432,6.185714285714285,24.285714285714285,177.14285714285714,1.8571428571428572,8.62857142857143,220.0,-2.5428571428571423
2013-12-06,0.21428571428571427,3.3428571428571425,-5.371428571428572,2.1571428571428575,6.185714285714286,17.142857142857142,161.42857142857142,0.7142857142857143,8.757142857142856,200.0,-1.328571428571428
2013-12-07,1.6285714285714286,5.3999999999999995,-3.242857142857143,2.4285714285714293,7.014285714285714,12.857142857142858,198.57142857142858,0.7142857142857143,9.785714285714286,195.71428571428572,0.6714285714285716
2013-12-08,1.6285714285714286,5.871428571428572,-1.8142857142857143,2.4714285714285715,6.942857142857142,8.571428571428571,217.14285714285714,0.7142857142857143,9.657142857142857,214.28571428571428,1.8428571428571432
2013-12-09,1.4857142857142858,5.171428571428571,-2.3000000000000003,2.3142857142857145,6.571428571428571,4.285714285714286,238.57142857142858,0.0,8.828571428571427,235.71428571428572,1.3142857142857145
2013-12-10,1.6714285714285715,5.1,-2.457142857142857,2.942857142857143,7.528571428571429,0.0,230.0,1.4285714285714286,10.242857142857144,228.57142857142858,0.9714285714285718
2013-12-11,1.6714285714285715,4.628571428571428,-2.9285714285714284,3.471428571428572,8.157142857142857,0.0,262.85714285714283,1.4285714285714286,11.071428571428571,264.2857142857143,0.7857142857142859
2013-12-12,1.7142857142857142,3.8428571428571425,-3.557142857142857,4.028571428571429,8.985714285714286,0.0,272.85714285714283,4.714285714285714,12.214285714285714,264.2857142857143,0.10000000000000016
2013-12-13,1.6428571428571428,1.0857142857142856,-5.385714285714286,3.9571428571428577,8.72857142857143,4.285714285714286,274.2857142857143,4.714285714285714,11.700000000000001,267.14285714285717,-1.9428571428571426
2013-12-14,0.2714285714285714,-1.4428571428571428,-8.0,4.2857142857142865,8.928571428571429,8.571428571428571,277.14285714285717,6.571428571428571,11.957142857142857,270.0,-4.071428571428571
2013-12-15,0.8142857142857142,-3.3428571428571425,-10.142857142857142,3.842857142857144,8.042857142857143,12.857142857142858,252.85714285714286,12.428571428571429,10.671428571428573,241.42857142857142,-6.285714285714286
2013-12-16,2.0428571428571427,-3.9,-11.328571428571427,3.785714285714286,7.914285714285714,31.428571428571427,250.0,30.142857142857142,10.357142857142858,238.57142857142858,-7.028571428571428
2013-12-17,1.857142857142857,-5.628571428571428,-13.714285714285714,3.6428571428571432,7.728571428571429,52.857142857142854,270.0,28.714285714285715,9.971428571428572,252.85714285714286,-8.371428571428572
2013-12-18,1.857142857142857,-7.200000000000001,-16.414285714285715,3.228571428571429,7.285714285714286,71.42857142857143,252.85714285714286,29.142857142857142,9.142857142857142,235.71428571428572,-10.857142857142858
2013-12-19,1.8142857142857143,-7.271428571428571,-16.742857142857144,2.971428571428572,6.785714285714286,90.0,231.42857142857142,26.285714285714285,8.385714285714286,221.42857142857142,-11.328571428571427
2013-12-20,1.8571428571428572,-5.785714285714286,-15.22857142857143,2.9,6.671428571428572,104.28571428571429,231.42857142857142,27.428571428571427,8.314285714285715,224.28571428571428,-10.142857142857142
2013-12-21,2.1,-4.5285714285714285,-13.714285714285714,2.4571428571428577,6.1000000000000005,114.28571428571429,232.85714285714286,26.285714285714285,7.485714285714287,224.28571428571428,-8.914285714285715
2013-12-22,2.857142857142857,-3.0142857142857147,-11.814285714285715,2.7,6.614285714285714,124.28571428571429,258.57142857142856,20.428571428571427,8.0,254.28571428571428,-7.228571428571429
2013-12-23,4.457142857142857,-2.457142857142857,-10.700000000000001,2.8285714285714287,6.871428571428572,124.28571428571429,260.0,8.571428571428571,8.571428571428571,252.85714285714286,-6.571428571428571
2013-12-24,4.457142857142857,-1.3571428571428572,-8.642857142857142,2.585714285714286,6.614285714285714,124.28571428571429,264.2857142857143,9.285714285714286,8.314285714285715,261.42857142857144,-5.3
2013-12-25,4.457142857142857,-0.9714285714285715,-7.214285714285714,2.8142857142857145,7.057142857142858,127.14285714285714,291.42857142857144,10.285714285714286,8.957142857142857,284.2857142857143,-3.9857142857142853
2013-12-26,4.457142857142857,-1.9285714285714288,-8.242857142857144,2.7428571428571433,7.114285714285714,130.0,287.14285714285717,9.857142857142858,9.142857142857142,285.7142857142857,-4.8999999999999995
2013-12-27,4.814285714285714,-2.7,-9.042857142857143,2.642857142857143,6.985714285714287,132.85714285714286,285.7142857142857,18.857142857142858,9.142857142857142,284.2857142857143,-5.714285714285714
2013-12-28,4.571428571428571,-3.0142857142857147,-9.357142857142858,2.685714285714286,6.914285714285714,144.28571428571428,274.2857142857143,21.0,9.2,272.85714285714283,-6.1000000000000005
2013-12-29,3.2714285714285714,-2.6285714285714286,-9.585714285714285,2.8428571428571425,7.357142857142857,158.57142857142858,255.71428571428572,21.0,10.028571428571427,252.85714285714286,-5.742857142857143
2013-12-30,1.0571428571428572,-1.6000000000000003,-8.957142857142857,2.8714285714285714,7.357142857142857,165.71428571428572,237.14285714285714,15.142857142857142,10.028571428571428,235.71428571428572,-4.828571428571428
2013-12-31,1.0571428571428572,-1.0571428571428574,-10.457142857142856,3.414285714285714,8.242857142857144,170.0,231.42857142857142,14.428571428571429,11.299999999999999,230.0,-5.042857142857143
2014-01-01,1.0999999999999999,-1.2142857142857142,-10.771428571428572,3.214285714285715,8.242857142857142,174.28571428571428,227.14285714285714,14.142857142857142,11.485714285714284,228.57142857142858,-5.885714285714286
2014-01-02,1.0999999999999999,-1.2857142857142858,-11.0,3.414285714285714,8.5,178.57142857142858,244.28571428571428,14.142857142857142,11.87142857142857,245.71428571428572,-5.457142857142857
2014-01-03,1.1714285714285713,-3.7428571428571433,-13.142857142857142,3.6571428571428575,8.5,182.85714285714286,268.57142857142856,13.857142857142858,11.485714285714286,268.57142857142856,-7.514285714285714
2014-01-04,1.1999999999999997,-6.428571428571429,-15.685714285714285,3.9285714285714293,8.828571428571427,182.85714285714286,282.85714285714283,12.857142857142858,12.0,285.7142857142857,-10.271428571428572
2014-01-05,1.1999999999999997,-7.457142857142857,-18.385714285714283,4.285714285714286,9.271428571428572,180.0,282.85714285714283,12.857142857142858,12.514285714285714,287.14285714285717,-12.600000000000003
2014-01-06,0.8714285714285713,-8.1,-18.942857142857143,4.514285714285714,9.714285714285714,180.0,282.85714285714283,12.857142857142858,13.085714285714285,287.14285714285717,-13.414285714285715
2014-01-07,2.8714285714285714,-6.8999999999999995,-17.599999999999998,4.457142857142857,9.328571428571427,175.71428571428572,277.14285714285717,12.857142857142858,12.714285714285714,280.0,-12.357142857142858
2014-01-08,2.8285714285714283,-6.8999999999999995,-17.357142857142858,5.214285714285714,9.842857142857143,168.57142857142858,271.42857142857144,11.714285714285714,13.357142857142858,270.0,-11.72857142857143
2014-01-09,2.8285714285714283,-6.742857142857143,-16.571428571428573,5.514285714285715,10.028571428571428,157.14285714285714,257.14285714285717,11.714285714285714,13.542857142857143,254.28571428571428,-11.871428571428572
2014-01-10,2.357142857142857,-4.6,-14.828571428571427,5.228571428571429,10.028571428571428,145.71428571428572,254.28571428571428,1.8571428571428572,13.614285714285714,250.0,-9.957142857142857
2014-01-11,2.3285714285714287,-1.5999999999999994,-12.528571428571428,5.285714285714286,10.142857142857142,131.42857142857142,231.42857142857142,1.8571428571428572,13.671428571428569,227.14285714285714,-7.514285714285714
2014-01-12,6.0,0.771428571428572,-8.657142857142857,4.957142857142857,9.62857142857143,120.0,231.42857142857142,1.8571428571428572,13.028571428571428,242.85714285714286,-4.414285714285714
2014-01-13,5.714285714285714,1.8000000000000007,-7.471428571428572,5.057142857142858,9.557142857142859,105.71428571428571,241.42857142857142,1.8571428571428572,13.228571428571428,254.28571428571428,-3.0428571428571423
2014-01-14,3.7142857142857144,1.6285714285714294,-6.6000000000000005,5.3,9.942857142857141,95.71428571428571,227.14285714285714,1.8571428571428572,13.542857142857143,242.85714285714286,-3.028571428571429
2014-01-15,4.6571428571428575,3.685714285714287,-4.085714285714286,4.814285714285715,9.62857142857143,84.28571428571429,218.57142857142858,1.8571428571428572,13.471428571428572,235.71428571428572,-0.7571428571428571
2014-01-16,4.914285714285714,5.885714285714286,-2.257142857142857,4.5285714285714285,9.62857142857143,74.28571428571429,217.14285714285714,4.714285714285714,13.72857142857143,232.85714285714286,1.4857142857142858
2014-01-17,5.1000000000000005,6.5,-1.0571428571428572,4.328571428571428,9.114285714285716,71.42857142857143,218.57142857142858,10.857142857142858,13.085714285714285,188.57142857142858,2.557142857142857
2014-01-18,5.057142857142858,6.500000000000001,-0.5,4.214285714285714,9.114285714285716,67.14285714285714,218.57142857142858,9.0,13.028571428571428,188.57142857142858,3.0142857142857147
2014-01-19,1.3857142857142857,5.385714285714286,-1.6714285714285713,3.7142857142857144,8.357142857142858,57.142857142857146,238.57142857142858,9.0,12.014285714285714,195.71428571428572,2.2714285714285714
2014-01-20,2.0,4.2,-2.5285714285714285,3.7142857142857144,8.428571428571429,52.857142857142854,228.57142857142858,19.857142857142858,11.885714285714286,184.28571428571428,1.157142857142857
2014-01-21,2.357142857142857,2.785714285714286,-4.828571428571428,3.3714285714285714,7.728571428571429,55.714285714285715,204.28571428571428,31.857142857142858,10.857142857142858,158.57142857142858,-0.2571428571428571
2014-01-22,1.4142857142857144,-0.6999999999999998,-8.614285714285714,3.2142857142857144,7.157142857142857,67.14285714285714,178.57142857142858,31.857142857142858,9.714285714285714,184.28571428571428,-3.8000000000000003
2014-01-23,1.157142857142857,-4.414285714285714,-12.028571428571427,3.2142857142857144,6.914285714285714,77.14285714285714,204.28571428571428,29.0,9.071428571428571,211.42857142857142,-7.471428571428571
2014-01-24,0.9714285714285715,-6.228571428571428,-15.285714285714286,3.2428571428571433,7.228571428571428,80.0,204.28571428571428,22.857142857142858,9.528571428571428,258.57142857142856,-10.271428571428572
2014-01-25,0.9714285714285715,-7.728571428571429,-17.82857142857143,3.271428571428572,7.614285714285714,87.14285714285714,202.85714285714286,22.857142857142858,10.414285714285713,255.71428571428572,-12.528571428571428
2014-01-26,0.9714285714285715,-9.057142857142857,-18.142857142857142,4.185714285714286,8.628571428571428,97.14285714285714,182.85714285714286,22.857142857142858,11.757142857142856,231.42857142857142,-13.542857142857144
2014-01-27,0.35714285714285715,-9.842857142857143,-20.214285714285715,4.142857142857143,8.942857142857143,104.28571428571429,201.42857142857142,12.0,12.071428571428571,242.85714285714286,-14.985714285714284
2014-01-28,0.0,-9.771428571428572,-19.657142857142855,4.442857142857143,9.771428571428572,97.14285714285714,238.57142857142858,0.0,13.285714285714286,275.7142857142857,-14.871428571428572
2014-01-29,0.0,-8.571428571428571,-18.47142857142857,4.6571428571428575,10.271428571428572,85.71428571428571,271.42857142857144,0.0,13.985714285714284,257.14285714285717,-13.871428571428572
2014-01-30,0.0,-6.8999999999999995,-17.128571428571426,4.814285714285715,10.642857142857142,78.57142857142857,248.57142857142858,0.0,14.700000000000001,234.28571428571428,-12.4
2014-01-31,0.0,-5.628571428571428,-15.071428571428571,5.428571428571429,11.72857142857143,71.42857142857143,227.14285714285714,0.0,16.099999999999998,212.85714285714286,-10.77142857142857
2014-02-01,0.0,-4.2142857142857135,-12.37142857142857,5.614285714285715,11.985714285714284,64.28571428571429,227.14285714285714,0.0,16.3,212.85714285714286,-8.642857142857142
2014-02-02,0.14285714285714285,-2.8857142857142852,-12.457142857142857,5.057142857142858,11.857142857142858,57.142857142857146,225.71428571428572,2.5714285714285716,16.228571428571428,212.85714285714286,-7.857142857142857
2014-02-03,0.14285714285714285,-1.5428571428571423,-10.157142857142857,4.928571428571429,11.542857142857143,50.0,205.71428571428572,2.5714285714285716,16.042857142857144,201.42857142857142,-5.814285714285715
2014-02-04,0.14285714285714285,-1.7714285714285707,-9.6,4.428571428571429,10.457142857142857,50.0,212.85714285714286,3.0,14.457142857142857,217.14285714285714,-5.557142857142858
2014-02-05,0.14285714285714285,-0.8999999999999995,-8.72857142857143,3.942857142857143,9.571428571428571,50.0,224.28571428571428,3.0,13.242857142857144,231.42857142857142,-4.814285714285715
2014-02-06,1.7714285714285716,-0.5857142857142853,-8.242857142857144,3.8714285714285714,9.571428571428571,57.142857142857146,244.28571428571428,36.714285714285715,12.985714285714286,252.85714285714286,-4.1
2014-02-07,1.7714285714285716,-1.2142857142857137,-8.957142857142857,3.357142857142857,8.557142857142859,71.42857142857143,242.85714285714286,36.714285714285715,11.7,252.85714285714286,-4.514285714285714
2014-02-08,1.7714285714285716,-1.9142857142857135,-9.757142857142858,3.128571428571429,7.6,85.71428571428571,254.28571428571428,36.714285714285715,10.414285714285713,254.28571428571428,-5.328571428571428
2014-02-09,1.6285714285714286,-3.0857142857142854,-10.0,3.0,6.9,100.0,255.71428571428572,34.142857142857146,9.616666666666665,266.6666666666667,-6.1
2014-02-10,1.957142857142857,-4.257142857142857,-11.428571428571429,2.6000000000000005,6.071428571428571,114.28571428571429,257.14285714285717,37.714285714285715,8.2,266.6666666666667,-7.657142857142857
2014-02-11,2.1,-4.885714285714285,-12.142857142857142,2.4142857142857146,6.071428571428571,132.85714285714286,257.14285714285717,41.285714285714285,8.049999999999999,261.6666666666667,-8.242857142857142
2014-02-12,2.142857142857143,-5.8428571428571425,-13.571428571428571,2.528571428571429,6.457142857142856,151.42857142857142,262.85714285714283,41.714285714285715,8.583333333333334,266.6666666666667,-9.0
2014-02-13,0.5142857142857142,-5.928571428571429,-15.242857142857144,2.357142857142857,6.214285714285714,162.85714285714286,238.57142857142858,8.0,8.433333333333334,236.66666666666666,-10.157142857142857
2014-02-14,0.9857142857142857,-4.985714285714286,-14.042857142857143,2.5714285714285716,6.657142857142857,170.0,262.85714285714283,15.571428571428571,9.116666666666667,261.6666666666667,-9.357142857142858
2014-02-15,1.9714285714285715,-4.671428571428571,-13.328571428571431,2.8142857142857145,7.3,177.14285714285714,271.42857142857144,40.285714285714285,9.95,288.3333333333333,-8.77142857142857
2014-02-16,2.0142857142857142,-3.8857142857142852,-12.685714285714285,2.7857142857142856,7.499999999999999,195.71428571428572,295.7142857142857,41.0,9.87142857142857,250.0,-8.028571428571428
2014-02-17,1.6857142857142857,-3.8857142857142857,-12.842857142857143,3.2428571428571433,7.942857142857142,210.0,310.0,37.42857142857143,10.37142857142857,262.85714285714283,-7.942857142857143
2014-02-18,1.542857142857143,-4.042857142857143,-13.957142857142856,3.1571428571428575,8.014285714285714,217.14285714285714,311.42857142857144,33.42857142857143,10.557142857142859,267.14285714285717,-8.557142857142857
2014-02-19,1.7142857142857142,-3.1714285714285713,-14.028571428571428,3.328571428571429,8.142857142857142,224.28571428571428,284.2857142857143,37.714285714285715,10.799999999999999,238.57142857142858,-8.3
2014-02-20,1.7571428571428573,-2.0714285714285707,-12.12857142857143,3.485714285714286,8.014285714285714,234.28571428571428,285.7142857142857,37.714285714285715,10.8,238.57142857142858,-6.6000000000000005
2014-02-21,1.3571428571428572,-1.1285714285714281,-11.9,3.3142857142857145,7.628571428571428,231.42857142857142,260.0,30.142857142857142,10.214285714285714,214.28571428571428,-5.528571428571429
2014-02-22,2.7285714285714286,-0.1857142857142852,-11.114285714285714,2.9142857142857146,7.057142857142857,228.57142857142858,237.14285714285714,5.857142857142857,9.571428571428571,187.14285714285714,-4.457142857142857
2014-02-23,2.685714285714286,0.8428571428571434,-9.942857142857145,3.4,7.814285714285715,210.0,220.0,5.142857142857143,10.585714285714285,217.14285714285714,-3.5714285714285716
2014-02-24,2.685714285714286,2.5714285714285716,-8.514285714285714,3.2857142857142856,8.0,195.71428571428572,218.57142857142858,5.142857142857143,11.171428571428573,215.71428571428572,-2.0000000000000004
2014-02-25,2.685714285714286,3.5142857142857147,-6.6000000000000005,3.8142857142857145,8.571428571428573,177.14285714285714,212.85714285714286,5.142857142857143,12.385714285714288,208.57142857142858,-0.6142857142857142
2014-02-26,2.542857142857143,2.9571428571428577,-5.414285714285714,3.7428571428571433,8.5,162.85714285714286,232.85714285714286,2.5714285714285716,12.200000000000001,230.0,-0.4285714285714287
2014-02-27,2.5,1.7000000000000006,-5.799999999999999,3.8571428571428577,9.071428571428571,145.71428571428572,244.28571428571428,2.5714285714285716,12.771428571428572,244.28571428571428,-1.2857142857142858
2014-02-28,2.542857142857143,0.2857142857142861,-6.828571428571428,4.2,9.585714285714287,138.57142857142858,247.14285714285714,5.142857142857143,13.614285714285716,254.28571428571428,-2.9285714285714284
2014-03-01,0.18571428571428572,-1.6857142857142853,-9.200000000000001,4.271428571428571,9.714285714285714,131.42857142857142,267.14285714285717,4.714285714285714,13.742857142857144,274.2857142857143,-5.1000000000000005
2014-03-02,0.18571428571428572,-2.9428571428571426,-11.8,4.3,9.914285714285715,128.57142857142858,260.0,4.714285714285714,13.942857142857145,268.57142857142856,-7.057142857142857
2014-03-03,0.3,-4.2,-13.700000000000001,4.328571428571428,9.985714285714286,128.57142857142858,267.14285714285717,9.857142857142858,13.557142857142859,277.14285714285717,-8.242857142857142
2014-03-04,0.3,-5.542857142857143,-15.285714285714286,4.000000000000001,9.6,132.85714285714286,271.42857142857144,9.857142857142858,12.6,280.0,-9.814285714285715
2014-03-05,0.27142857142857146,-5.457142857142856,-16.8,3.8714285714285714,9.414285714285715,132.85714285714286,255.71428571428572,8.142857142857142,12.342857142857142,261.42857142857144,-10.700000000000001
2014-03-06,0.27142857142857146,-5.685714285714285,-17.2,3.7142857142857144,9.085714285714285,132.85714285714286,265.7142857142857,9.571428571428571,11.700000000000001,270.0,-10.814285714285715
2014-03-07,0.15714285714285717,-5.6,-18.314285714285717,3.2,8.257142857142856,132.85714285714286,261.42857142857144,7.0,10.414285714285713,260.0,-11.314285714285715
2014-03-08,0.15714285714285717,-4.028571428571428,-17.271428571428572,3.6428571428571432,8.885714285714286,132.85714285714286,245.71428571428572,7.0,11.057142857142859,244.28571428571428,-10.328571428571431
2014-03-09,0.15714285714285717,-3.5714285714285707,-15.928571428571429,3.1857142857142864,7.985714285714286,132.85714285714286,268.57142857142856,7.0,9.842857142857142,265.7142857142857,-8.842857142857143
2014-03-10,0.04285714285714286,-3.657142857142856,-15.214285714285714,2.985714285714286,7.471428571428571,125.71428571428571,224.28571428571428,1.8571428571428572,9.200000000000001,270.0,-8.885714285714284
2014-03-11,0.4714285714285714,-1.7714285714285707,-13.157142857142858,3.1,7.785714285714286,125.71428571428571,205.71428571428572,7.0,9.771428571428572,251.42857142857142,-7.228571428571429
2014-03-12,0.42857142857142855,0.04285714285714347,-10.214285714285714,3.2285714285714286,8.1,125.71428571428571,202.85714285714286,6.571428571428571,10.285714285714286,251.42857142857142,-4.671428571428572
2014-03-13,2.757142857142857,1.3000000000000005,-9.5,3.5714285714285716,8.814285714285715,125.71428571428571,204.28571428571428,60.285714285714285,11.37142857142857,254.28571428571428,-3.5285714285714285
2014-03-14,2.9,0.6571428571428574,-9.1,4.314285714285714,10.157142857142857,168.57142857142858,230.0,73.0,13.228571428571428,277.14285714285717,-3.1714285714285713
2014-03-15,2.9,0.9000000000000004,-10.771428571428572,4.271428571428571,10.485714285714286,201.42857142857142,230.0,73.0,13.728571428571428,275.7142857142857,-4.057142857142858
2014-03-16,3.2285714285714286,1.542857142857143,-10.285714285714286,4.728571428571429,11.0,230.0,207.14285714285714,78.42857142857143,14.742857142857144,254.28571428571428,-3.471428571428571
2014-03-17,3.2285714285714286,1.1571428571428573,-11.157142857142857,5.0,11.571428571428571,255.71428571428572,250.0,78.42857142857143,15.514285714285716,250.0,-3.6999999999999997
2014-03-18,2.8000000000000003,-0.014285714285713982,-13.614285714285716,4.614285714285715,10.942857142857141,277.14285714285717,271.42857142857144,73.28571428571429,14.5,272.85714285714283,-5.3428571428571425
2014-03-19,2.8000000000000003,-0.7285714285714284,-16.0,4.457142857142857,10.428571428571429,298.57142857142856,291.42857142857144,73.28571428571429,13.671428571428573,291.42857142857144,-7.171428571428572
2014-03-20,0.7999999999999999,-0.18571428571428544,-16.0,4.185714285714286,10.042857142857143,320.0,268.57142857142856,21.714285714285715,13.614285714285714,268.57142857142856,-7.357142857142857
2014-03-21,0.7285714285714285,1.942857142857143,-13.228571428571428,3.8428571428571425,9.214285714285714,294.2857142857143,255.71428571428572,10.142857142857142,12.585714285714287,258.57142857142856,-5.3999999999999995
2014-03-22,0.7285714285714285,1.942857142857143,-11.085714285714285,3.6285714285714286,8.371428571428572,278.57142857142856,271.42857142857144,10.142857142857142,11.700000000000001,275.7142857142857,-3.6
2014-03-23,0.39999999999999997,1.5428571428571431,-11.485714285714286,3.3857142857142857,8.628571428571428,267.14285714285717,271.42857142857144,5.142857142857143,11.9,274.2857142857143,-4.428571428571428
2014-03-24,0.39999999999999997,2.4,-10.928571428571429,3.5142857142857147,8.885714285714286,260.0,275.7142857142857,5.142857142857143,12.214285714285712,275.7142857142857,-3.914285714285714
2014-03-25,0.39999999999999997,2.6428571428571432,-10.214285714285714,3.6999999999999997,9.014285714285714,252.85714285714286,277.14285714285717,5.142857142857143,12.471428571428572,271.42857142857144,-3.385714285714286
2014-03-26,0.39999999999999997,2.4857142857142867,-9.728571428571428,3.9714285714285715,9.599999999999998,245.71428571428572,255.71428571428572,5.142857142857143,13.357142857142856,255.71428571428572,-3.0
2014-03-27,0.07142857142857142,1.4714285714285718,-9.328571428571427,4.242857142857143,9.914285714285715,234.28571428571428,275.7142857142857,1.5714285714285714,13.1,274.2857142857143,-3.142857142857143
2014-03-28,0.0,0.9142857142857146,-11.457142857142856,4.171428571428572,10.1,227.14285714285714,265.7142857142857,0.42857142857142855,13.299999999999999,264.2857142857143,-4.357142857142857
2014-03-29,0.42857142857142855,1.3142857142857147,-10.599999999999998,4.6000000000000005,10.742857142857144,212.85714285714286,248.57142857142858,2.2857142857142856,14.0,248.57142857142858,-4.171428571428572
2014-03-30,0.7857142857142857,1.5571428571428574,-9.5,4.471428571428572,9.842857142857143,195.71428571428572,267.14285714285717,1.8571428571428572,12.528571428571428,268.57142857142856,-3.342857142857143
2014-03-31,3.0285714285714285,1.6285714285714288,-7.685714285714285,4.571428571428571,9.457142857142857,181.42857142857142,267.14285714285717,1.8571428571428572,12.271428571428572,271.42857142857144,-2.6714285714285717
2014-04-01,3.0285714285714285,2.485714285714286,-5.314285714285715,5.171428571428572,10.028571428571428,162.85714285714286,267.14285714285717,1.8571428571428572,13.228571428571428,277.14285714285717,-1.2285714285714284
2014-04-02,3.0285714285714285,3.2714285714285722,-3.6571428571428575,5.171428571428572,9.9,144.28571428571428,290.0,1.8571428571428572,12.857142857142858,295.7142857142857,-0.0857142857142857
2014-04-03,3.0285714285714285,5.4,-2.4,4.957142857142857,9.071428571428571,122.85714285714286,271.42857142857144,1.8571428571428572,12.085714285714285,278.57142857142856,1.4000000000000001
2014-04-04,3.0285714285714285,5.8,-0.5857142857142856,4.9142857142857155,8.814285714285713,98.57142857142857,297.14285714285717,1.8571428571428572,11.571428571428571,302.85714285714283,2.6285714285714286
2014-04-05,2.9285714285714284,6.357142857142857,-1.1285714285714286,4.328571428571428,8.5,77.14285714285714,292.85714285714283,0.0,11.185714285714285,295.7142857142857,2.6
2014-04-06,2.5714285714285716,6.585714285714286,-0.9714285714285714,4.557142857142858,8.942857142857143,58.57142857142857,282.85714285714283,0.0,12.085714285714287,287.14285714285717,2.6000000000000005
2014-04-07,0.32857142857142857,7.942857142857142,-0.9714285714285714,4.142857142857143,8.700000000000001,40.0,274.2857142857143,0.0,11.828571428571431,275.7142857142857,3.0714285714285716
2014-04-08,0.5142857142857142,9.771428571428572,-1.1285714285714286,3.7,8.7,25.714285714285715,252.85714285714286,0.0,11.757142857142856,251.42857142857142,4.000000000000001
2014-04-09,1.457142857142857,10.957142857142857,-0.1857142857142857,3.828571428571429,9.2,11.428571428571429,231.42857142857142,0.0,12.585714285714285,231.42857142857142,5.071428571428571
2014-04-10,1.457142857142857,10.328571428571427,-0.5714285714285714,3.8000000000000003,9.642857142857142,4.285714285714286,251.42857142857142,0.0,13.1,248.57142857142858,4.871428571428572
2014-04-11,1.457142857142857,12.071428571428571,-0.8857142857142858,4.4,10.414285714285715,0.0,227.14285714285714,0.0,14.314285714285715,222.85714285714286,5.3
2014-04-12,1.3428571428571427,13.014285714285714,-0.0285714285714286,4.371428571428572,10.414285714285713,0.0,232.85714285714286,0.0,14.257142857142856,230.0,6.800000000000002
2014-04-13,1.3428571428571427,14.442857142857141,-0.3428571428571429,4.028571428571429,10.1,0.0,245.71428571428572,0.0,13.799999999999999,225.71428571428572,7.442857142857143
2014-04-14,2.357142857142857,15.314285714285717,0.5999999999999999,4.171428571428572,10.471428571428572,0.0,252.85714285714286,0.0,14.057142857142859,237.14285714285714,8.32857142857143
2014-04-15,2.3857142857142857,16.97142857142857,2.1,4.8428571428571425,11.042857142857143,0.0,251.42857142857142,0.0,14.885714285714284,234.28571428571428,9.971428571428572
2014-04-16,7.5,17.685714285714287,1.0857142857142859,5.1000000000000005,11.299999999999999,0.0,270.0,9.428571428571429,15.200000000000001,232.85714285714286,10.928571428571429
2014-04-17,7.614285714285714,16.657142857142855,0.5999999999999999,5.200000000000001,11.242857142857144,11.428571428571429,268.57142857142856,10.142857142857142,15.142857142857142,230.0,9.914285714285713
2014-04-18,7.614285714285714,15.542857142857144,0.2857142857142857,4.542857142857144,10.414285714285713,11.428571428571429,260.0,10.142857142857142,13.928571428571429,222.85714285714286,9.157142857142857
2014-04-19,7.3999999999999995,14.828571428571431,-0.10000000000000009,4.785714285714286,10.214285714285714,11.428571428571429,260.0,10.142857142857142,13.72857142857143,224.28571428571428,8.185714285714285
2014-04-20,7.728571428571429,13.885714285714286,-0.1714285714285715,4.985714285714287,10.400000000000002,11.428571428571429,258.57142857142856,10.142857142857142,13.72857142857143,240.0,8.042857142857143
2014-04-21,6.714285714285714,13.642857142857142,-1.4285714285714286,4.8428571428571425,10.028571428571428,11.428571428571429,237.14285714285714,10.142857142857142,13.342857142857143,214.28571428571428,7.342857142857143
2014-04-22,6.5,12.928571428571429,-1.2714285714285711,4.342857142857143,9.514285714285716,11.428571428571429,238.57142857142858,10.142857142857142,12.514285714285716,218.57142857142858,6.785714285714286
2014-04-23,0.8428571428571427,12.771428571428572,0.4571428571428572,4.000000000000001,8.885714285714286,11.428571428571429,217.14285714285714,0.7142857142857143,11.942857142857141,220.0,6.7
2014-04-24,0.8714285714285713,14.114285714285716,2.0428571428571427,4.242857142857143,9.071428571428571,0.0,218.57142857142858,0.0,12.2,225.71428571428572,8.257142857142858
2014-04-25,0.8714285714285713,14.514285714285714,3.2142857142857144,4.842857142857143,9.900000000000002,0.0,247.14285714285714,0.0,13.214285714285714,252.85714285714286,9.171428571428573
2014-04-26,0.8714285714285713,14.671428571428574,3.0571428571428574,4.414285714285715,9.328571428571427,0.0,255.71428571428572,0.0,12.328571428571427,260.0,9.257142857142856
2014-04-27,1.5285714285714285,14.428571428571429,3.914285714285714,4.314285714285714,9.014285714285714,0.0,234.28571428571428,0.0,12.014285714285714,238.57142857142858,9.328571428571427
2014-04-28,2.042857142857143,13.400000000000002,4.614285714285714,4.514285714285714,9.071428571428571,0.0,254.28571428571428,0.0,12.014285714285714,260.0,9.242857142857144
2014-04-29,2.042857142857143,12.057142857142859,3.3428571428571425,4.457142857142857,8.885714285714284,0.0,271.42857142857144,0.0,11.62857142857143,278.57142857142856,8.22857142857143
2014-04-30,1.6428571428571428,11.828571428571431,3.0285714285714285,4.714285714285714,9.328571428571427,0.0,268.57142857142856,0.0,12.014285714285716,271.42857142857144,7.771428571428571
2014-05-01,3.357142857142857,11.671428571428573,2.942857142857143,4.414285714285714,8.828571428571427,0.0,241.42857142857142,0.0,11.242857142857144,244.28571428571428,7.528571428571428
2014-05-02,3.7142857142857144,12.785714285714286,3.6571428571428575,3.9142857142857146,8.057142857142857,0.0,235.71428571428572,0.0,10.414285714285715,221.42857142857142,8.142857142857142
2014-05-03,3.7142857142857144,13.271428571428572,5.0,4.128571428571429,8.314285714285715,0.0,238.57142857142858,0.0,10.985714285714286,221.42857142857142,8.942857142857141
2014-05-04,2.842857142857143,14.542857142857144,5.471428571428571,4.128571428571428,8.7,0.0,245.71428571428572,0.0,11.685714285714285,228.57142857142858,9.471428571428573
2014-05-05,3.6714285714285717,15.100000000000003,6.271428571428572,4.0,8.7,0.0,241.42857142857142,0.0,11.757142857142858,224.28571428571428,10.142857142857142
2014-05-06,3.7428571428571433,14.785714285714286,7.142857142857143,3.957142857142857,8.7,0.0,241.42857142857142,0.0,11.7,222.85714285714286,10.342857142857143
2014-05-07,3.7428571428571433,14.542857142857144,6.6571428571428575,3.714285714285715,8.442857142857143,0.0,271.42857142857144,0.0,11.37142857142857,250.0,10.057142857142859
2014-05-08,1.885714285714286,15.72857142857143,6.028571428571428,3.314285714285714,8.185714285714287,0.0,300.0,0.0,11.057142857142859,277.14285714285717,10.428571428571429
2014-05-09,1.5285714285714287,15.72857142857143,5.314285714285715,3.1999999999999997,8.128571428571428,0.0,260.0,0.0,10.87142857142857,301.42857142857144,10.471428571428572
2014-05-10,1.6,16.357142857142858,5.542857142857143,3.5,8.642857142857142,0.0,248.57142857142858,0.0,11.314285714285713,292.85714285714283,10.785714285714286
2014-05-11,2.4285714285714284,17.62857142857143,6.6571428571428575,3.885714285714286,8.77142857142857,0.0,241.42857142857142,0.0,11.442857142857145,284.2857142857143,11.985714285714286
2014-05-12,1.0857142857142856,19.214285714285715,7.285714285714286,3.9285714285714284,8.77142857142857,0.0,244.28571428571428,0.0,11.5,284.2857142857143,13.099999999999998
2014-05-13,1.0142857142857142,21.185714285714287,7.442857142857143,3.7428571428571433,8.457142857142857,0.0,250.0,0.0,11.171428571428573,242.85714285714286,14.342857142857143
2014-05-14,1.0571428571428572,21.900000000000002,8.485714285714286,3.6857142857142864,8.142857142857142,0.0,228.57142857142858,0.0,10.6,224.28571428571428,15.085714285714285
2014-05-15,1.0571428571428572,23.32857142857143,10.457142857142857,4.1571428571428575,8.77142857142857,0.0,205.71428571428572,0.0,11.614285714285714,200.0,16.342857142857145
2014-05-16,1.0571428571428572,24.285714285714285,12.842857142857143,4.742857142857143,9.6,0.0,231.42857142857142,0.0,12.757142857142858,180.0,17.957142857142856
2014-05-17,2.871428571428571,24.842857142857138,13.242857142857142,4.857142857142857,9.528571428571428,0.0,227.14285714285714,0.0,12.828571428571427,180.0,19.128571428571426
2014-05-18,5.628571428571428,23.728571428571428,12.12857142857143,4.442857142857143,9.214285714285714,0.0,247.14285714285714,0.0,12.314285714285713,204.28571428571428,18.32857142857143
2014-05-19,5.628571428571428,22.928571428571427,11.014285714285714,4.357142857142857,9.285714285714286,0.0,251.42857142857142,0.0,12.385714285714286,211.42857142857142,17.585714285714285
2014-05-20,5.628571428571428,22.300000000000004,10.542857142857143,4.428571428571429,9.599999999999998,0.0,248.57142857142858,0.0,12.971428571428572,210.0,16.928571428571427
2014-05-21,5.585714285714286,22.614285714285717,9.828571428571427,4.371428571428572,10.042857142857143,0.0,267.14285714285717,0.0,13.485714285714286,227.14285714285714,16.857142857142858
2014-05-22,5.585714285714286,22.385714285714283,8.8,3.8428571428571425,9.342857142857142,0.0,278.57142857142856,0.0,12.342857142857142,240.0,16.557142857142857
2014-05-23,7.585714285714286,21.185714285714287,8.0,3.1571428571428575,8.442857142857141,0.0,270.0,0.0,11.12857142857143,230.0,15.614285714285716
2014-05-24,7.0,20.0,8.157142857142857,2.5,7.685714285714286,0.0,295.7142857142857,0.0,9.914285714285713,252.85714285714286,14.471428571428572
2014-05-25,3.442857142857143,20.47142857142857,8.714285714285714,2.4,7.485714285714286,0.0,298.57142857142856,0.0,9.657142857142857,205.71428571428572,14.72857142857143
2014-05-26,3.442857142857143,21.671428571428574,9.428571428571429,2.2714285714285714,7.1571428571428575,0.0,275.7142857142857,0.0,9.014285714285714,181.42857142857142,15.400000000000002
2014-05-27,3.9857142857142853,22.142857142857142,10.857142857142858,2.3000000000000003,6.971428571428571,0.0,252.85714285714286,0.0,8.757142857142856,207.14285714285714,16.242857142857144
2014-05-28,5.614285714285714,22.45714285714286,11.8,2.2142857142857144,6.528571428571429,0.0,254.28571428571428,0.0,8.371428571428572,211.42857142857142,16.771428571428572
2014-05-29,5.614285714285714,21.099999999999998,12.114285714285716,2.5000000000000004,6.6571428571428575,0.0,235.71428571428572,0.0,8.557142857142857,191.42857142857142,16.32857142857143
2014-05-30,3.6142857142857143,21.58571428571429,11.242857142857142,2.442857142857143,6.471428571428572,0.0,245.71428571428572,0.0,8.37142857142857,202.85714285714286,16.04285714285714
2014-05-31,2.4571428571428577,22.214285714285715,10.685714285714285,2.528571428571429,7.299999999999999,0.0,202.85714285714286,0.0,9.514285714285714,160.0,16.3
2014-06-01,2.3142857142857145,21.900000000000002,9.971428571428572,2.642857142857143,7.614285714285715,0.0,200.0,0.0,9.642857142857142,202.85714285714286,15.9
2014-06-02,2.3142857142857145,21.742857142857144,9.814285714285715,2.7857142857142856,7.742857142857142,0.0,198.57142857142858,0.0,9.957142857142857,205.71428571428572,15.857142857142858
2014-06-03,1.7714285714285718,22.700000000000006,10.057142857142859,3.142857142857143,7.742857142857142,0.0,200.0,0.0,10.014285714285714,204.28571428571428,16.4
2014-06-04,1.3,23.742857142857144,10.928571428571429,3.471428571428572,8.242857142857144,0.0,181.42857142857142,0.0,10.914285714285715,184.28571428571428,17.4
2014-06-05,1.3,25.1,11.642857142857142,3.4,8.37142857142857,0.0,204.28571428571428,0.0,11.171428571428573,210.0,18.514285714285712
2014-06-06,1.4857142857142858,25.32857142857143,12.200000000000001,3.6000000000000005,9.2,0.0,222.85714285714286,0.0,11.685714285714287,228.57142857142858,19.0
2014-06-07,1.457142857142857,25.414285714285715,12.757142857142856,3.628571428571429,8.557142857142855,0.0,262.85714285714283,0.0,10.985714285714284,268.57142857142856,19.02857142857143
2014-06-08,1.457142857142857,26.528571428571432,13.471428571428572,3.4142857142857146,8.242857142857142,0.0,267.14285714285717,0.0,10.799999999999999,274.2857142857143,19.957142857142856
2014-06-09,1.457142857142857,27.071428571428577,14.028571428571428,3.2,8.057142857142857,0.0,274.2857142857143,0.0,10.428571428571429,272.85714285714283,20.571428571428573
2014-06-10,1.457142857142857,26.75714285714286,14.185714285714285,2.7428571428571433,7.8,0.0,275.7142857142857,0.0,9.928571428571429,272.85714285714283,20.557142857142857
2014-06-11,0.3,25.642857142857142,14.028571428571428,2.5571428571428574,7.357142857142857,0.0,290.0,0.0,9.028571428571428,287.14285714285717,19.95714285714286
2014-06-12,1.3857142857142857,25.242857142857144,13.957142857142856,2.7,7.3,0.0,278.57142857142856,0.0,8.957142857142857,275.7142857142857,19.614285714285717
2014-06-13,4.542857142857143,24.457142857142856,14.357142857142858,2.6571428571428575,6.528571428571428,0.0,254.28571428571428,0.0,8.442857142857143,251.42857142857142,19.285714285714285
2014-06-14,5.8428571428571425,24.300000000000004,14.842857142857143,2.7857142857142856,6.6571428571428575,0.0,230.0,0.0,8.757142857142858,224.28571428571428,19.514285714285712
2014-06-15,7.657142857142857,23.5,15.328571428571427,3.1571428571428575,7.042857142857143,0.0,224.28571428571428,0.0,9.200000000000001,215.71428571428572,19.24285714285714
2014-06-16,7.657142857142857,22.55714285714286,15.414285714285713,3.4714285714285715,7.428571428571429,0.0,242.85714285714286,0.0,9.771428571428572,237.14285714285714,18.742857142857144
2014-06-17,7.657142857142857,22.400000000000002,14.385714285714286,3.242857142857143,7.042857142857143,0.0,217.14285714285714,0.0,9.385714285714286,211.42857142857142,18.214285714285715
2014-06-18,8.342857142857143,23.271428571428572,14.157142857142857,3.042857142857143,7.428571428571429,0.0,198.57142857142858,0.0,9.9,192.85714285714286,18.5
2014-06-19,7.685714285714285,23.82857142857143,14.714285714285714,3.1,7.485714285714286,0.0,214.28571428571428,0.0,10.414285714285715,188.57142857142858,19.071428571428573
2014-06-20,4.3428571428571425,24.7,14.87142857142857,3.2428571428571433,7.814285714285715,0.0,240.0,0.0,10.928571428571429,214.28571428571428,19.82857142857143
2014-06-21,2.9285714285714284,24.771428571428572,14.0,3.3000000000000003,8.12857142857143,0.0,265.7142857142857,0.0,11.057142857142859,244.28571428571428,19.728571428571428
2014-06-22,1.1142857142857143,24.857142857142858,12.957142857142857,2.985714285714286,7.942857142857142,0.0,268.57142857142856,0.0,10.928571428571429,248.57142857142858,19.357142857142858
2014-06-23,1.1142857142857143,25.171428571428574,12.642857142857142,2.7428571428571433,7.742857142857143,0.0,218.57142857142858,0.0,10.728571428571428,248.57142857142858,19.428571428571427
2014-06-24,1.1142857142857143,25.485714285714288,12.714285714285714,3.042857142857143,8.314285714285715,0.0,240.0,0.0,11.428571428571429,272.85714285714283,19.642857142857142
2014-06-25,0.6142857142857142,24.685714285714283,13.257142857142858,3.757142857142857,8.442857142857143,0.0,241.42857142857142,0.0,11.742857142857144,275.7142857142857,19.6
2014-06-26,5.557142857142857,23.97142857142857,13.414285714285713,3.6,8.514285714285714,0.0,222.85714285714286,0.0,11.485714285714284,275.7142857142857,19.357142857142858
2014-06-27,5.557142857142857,24.37142857142857,13.5,3.6285714285714294,8.828571428571427,0.0,221.42857142857142,0.0,11.671428571428569,272.85714285714283,19.514285714285712
2014-06-28,5.557142857142857,25.557142857142857,13.885714285714286,3.3000000000000003,8.32857142857143,0.0,220.0,0.0,11.042857142857143,267.14285714285717,20.028571428571432
2014-06-29,5.557142857142857,26.67142857142857,14.685714285714285,3.2285714285714286,7.942857142857143,0.0,200.0,0.0,10.6,242.85714285714286,20.957142857142856
2014-06-30,5.557142857142857,27.54285714285714,15.471428571428572,3.4285714285714284,8.014285714285714,0.0,225.71428571428572,0.0,10.728571428571428,220.0,21.72857142857143
2014-07-01,5.557142857142857,27.7,17.057142857142857,3.7285714285714286,8.085714285714285,0.0,228.57142857142858,0.0,10.728571428571428,220.0,22.514285714285712
2014-07-02,5.371428571428572,28.97142857142857,17.7,3.585714285714286,8.085714285714285,0.0,228.57142857142858,0.0,10.799999999999999,220.0,23.2
2014-07-03,0.1142857142857143,30.47142857142857,18.17142857142857,3.8428571428571425,8.328571428571427,0.0,230.0,0.0,10.928571428571429,221.42857142857142,24.085714285714285
2014-07-04,1.9285714285714286,30.942857142857147,18.8,3.642857142857143,8.12857142857143,0.0,227.14285714285714,0.0,10.671428571428573,217.14285714285714,24.52857142857143
2014-07-05,2.914285714285714,29.75714285714286,19.2,3.842857142857143,8.314285714285713,0.0,231.42857142857142,0.0,10.985714285714284,221.42857142857142,24.314285714285717
2014-07-06,2.914285714285714,29.428571428571427,19.514285714285712,4.328571428571428,8.814285714285715,0.0,247.14285714285714,0.0,11.685714285714285,241.42857142857142,24.071428571428573
2014-07-07,2.914285714285714,29.271428571428572,19.67142857142857,4.328571428571428,8.685714285714285,0.0,245.71428571428572,0.0,11.62857142857143,251.42857142857142,24.085714285714285
2014-07-08,2.9857142857142853,28.557142857142857,18.88571428571429,4.042857142857143,8.685714285714285,0.0,245.71428571428572,0.0,11.757142857142856,250.0,23.485714285714284
2014-07-09,7.528571428571429,28.24285714285715,18.414285714285715,4.0,8.242857142857142,0.0,245.71428571428572,0.0,11.371428571428572,248.57142857142858,23.185714285714283
2014-07-10,7.4142857142857155,27.528571428571432,18.014285714285712,3.885714285714286,8.185714285714285,0.0,245.71428571428572,0.0,11.371428571428572,248.57142857142858,22.657142857142855
2014-07-11,5.6000000000000005,26.900000000000002,17.142857142857142,3.885714285714286,7.814285714285714,0.0,245.71428571428572,0.0,10.928571428571429,251.42857142857142,22.12857142857143
2014-07-12,4.614285714285715,27.700000000000006,16.514285714285716,3.6571428571428575,7.3,0.0,230.0,0.0,10.285714285714286,244.28571428571428,22.085714285714285
2014-07-13,4.614285714285715,27.942857142857147,16.04285714285714,3.3714285714285714,6.928571428571429,0.0,214.28571428571428,0.0,9.714285714285714,225.71428571428572,22.214285714285715
2014-07-14,4.614285714285715,27.314285714285717,16.757142857142856,3.8142857142857145,7.5,0.0,214.28571428571428,0.0,10.542857142857143,215.71428571428572,22.27142857142857
2014-07-15,5.457142857142857,28.028571428571432,17.071428571428573,3.6571428571428575,7.171428571428572,0.0,234.28571428571428,0.0,10.157142857142857,195.71428571428572,22.6
2014-07-16,0.9142857142857144,27.47142857142857,16.74285714285714,3.3285714285714287,7.4142857142857155,0.0,234.28571428571428,0.0,10.342857142857143,197.14285714285714,22.185714285714287
2014-07-17,1.2714285714285716,27.55714285714286,16.428571428571427,3.0571428571428574,7.028571428571428,0.0,250.0,0.0,9.771428571428572,211.42857142857142,22.157142857142855
2014-07-18,1.2714285714285716,27.47142857142857,16.34285714285714,2.9285714285714284,6.8999999999999995,0.0,250.0,0.0,9.642857142857142,212.85714285714286,21.9
2014-07-19,1.2714285714285716,27.542857142857144,16.414285714285715,2.9857142857142853,7.1000000000000005,0.0,242.85714285714286,0.0,9.771428571428572,217.14285714285714,22.0
2014-07-20,1.2714285714285716,27.142857142857146,16.571428571428573,2.814285714285714,6.971428571428572,0.0,242.85714285714286,0.0,9.514285714285716,220.0,21.900000000000002
2014-07-21,1.2714285714285716,27.528571428571432,15.62857142857143,2.2428571428571433,6.3999999999999995,0.0,245.71428571428572,0.0,8.685714285714285,222.85714285714286,21.714285714285715
2014-07-22,0.35714285714285715,27.614285714285717,15.228571428571428,2.342857142857143,6.471428571428572,0.0,225.71428571428572,0.0,8.557142857142857,245.71428571428572,21.67142857142857
2014-07-23,0.35714285714285715,28.32857142857143,15.471428571428573,2.285714285714286,6.028571428571428,0.0,225.71428571428572,0.0,7.785714285714286,245.71428571428572,22.199999999999996
2014-07-24,0.5142857142857143,28.72857142857143,15.957142857142857,2.7428571428571433,6.342857142857143,0.0,225.71428571428572,0.0,8.357142857142858,230.0,22.52857142857143
2014-07-25,0.5142857142857143,28.48571428571429,15.957142857142857,2.985714285714286,6.6000000000000005,0.0,228.57142857142858,0.0,8.742857142857144,231.42857142857142,22.671428571428574
2014-07-26,0.5142857142857143,28.485714285714288,15.885714285714286,3.0428571428571436,6.728571428571428,0.0,228.57142857142858,0.0,8.942857142857141,211.42857142857142,22.557142857142853
2014-07-27,0.5142857142857143,28.571428571428577,15.957142857142857,3.128571428571429,6.914285714285714,0.0,234.28571428571428,0.0,9.385714285714286,215.71428571428572,22.642857142857142
2014-07-28,4.357142857142857,28.342857142857145,16.185714285714287,3.271428571428572,7.357142857142857,0.0,232.85714285714286,0.0,9.9,238.57142857142858,22.442857142857143
2014-07-29,10.200000000000001,26.98571428571429,16.114285714285717,3.4142857142857146,7.857142857142857,0.0,255.71428571428572,0.0,10.72857142857143,260.0,21.75714285714286
2014-07-30,10.200000000000001,25.642857142857146,15.085714285714287,3.3714285714285714,7.8,0.0,265.7142857142857,0.0,10.614285714285714,274.2857142857143,20.557142857142857
2014-07-31,9.685714285714287,24.842857142857145,13.728571428571428,2.9571428571428577,7.42857142857143,0.0,248.57142857142858,0.0,9.985714285714284,274.2857142857143,19.414285714285715
2014-08-01,10.814285714285715,24.84285714285715,13.885714285714286,2.9,8.0,0.0,234.28571428571428,0.0,10.942857142857141,257.14285714285717,19.24285714285714
2014-08-02,10.814285714285715,25.0,14.271428571428572,3.071428571428572,8.12857142857143,0.0,234.28571428571428,0.0,11.057142857142859,260.0,19.514285714285712
2014-08-03,10.814285714285715,25.157142857142862,14.757142857142856,3.128571428571429,8.257142857142858,0.0,227.14285714285714,0.0,11.057142857142855,254.28571428571428,19.857142857142858
2014-08-04,7.042857142857143,25.38571428571429,14.685714285714285,2.828571428571429,7.742857142857143,0.0,227.14285714285714,0.0,10.22857142857143,228.57142857142858,19.928571428571427
2014-08-05,1.4857142857142858,26.5,15.157142857142857,2.5142857142857147,6.857142857142857,0.0,188.57142857142858,0.0,8.957142857142857,227.14285714285714,20.585714285714285
2014-08-06,1.957142857142857,27.285714285714285,15.942857142857141,2.4714285714285715,7.228571428571429,0.0,197.14285714285714,0.0,9.328571428571431,230.0,21.228571428571428
2014-08-07,2.0714285714285716,27.285714285714285,16.742857142857144,2.485714285714286,7.414285714285714,0.0,217.14285714285714,0.0,9.514285714285716,248.57142857142858,21.771428571428572
2014-08-08,1.0857142857142856,27.442857142857147,16.82857142857143,2.3285714285714287,6.8999999999999995,0.0,230.0,0.0,8.685714285714287,264.2857142857143,21.785714285714285
2014-08-09,1.0857142857142856,27.214285714285715,16.599999999999998,2.1571428571428575,6.828571428571428,0.0,251.42857142857142,0.0,8.814285714285715,287.14285714285717,21.557142857142853
2014-08-10,1.0857142857142856,27.12857142857143,16.04285714285714,1.985714285714286,6.642857142857143,0.0,272.85714285714283,0.0,8.5,312.85714285714283,21.214285714285715
2014-08-11,1.0142857142857142,27.28571428571429,15.642857142857142,1.9142857142857146,6.457142857142857,0.0,247.14285714285714,0.0,8.371428571428572,290.0,21.12857142857143
2014-08-12,0.7285714285714285,27.528571428571432,15.085714285714287,1.9571428571428575,6.5857142857142845,0.0,262.85714285714283,0.0,8.62857142857143,271.42857142857144,21.02857142857143
2014-08-13,0.3,27.52857142857143,15.171428571428573,2.1714285714285717,6.585714285714286,0.0,244.28571428571428,0.0,8.7,254.28571428571428,21.2
2014-08-14,4.5,27.214285714285715,15.171428571428573,2.2428571428571433,6.528571428571428,0.0,217.14285714285714,0.0,8.82857142857143,232.85714285714286,21.185714285714287
2014-08-15,4.571428571428571,26.58571428571429,15.085714285714287,2.3714285714285714,6.3999999999999995,0.0,208.57142857142858,0.0,8.757142857142856,224.28571428571428,20.914285714285715
2014-08-16,4.785714285714286,25.47142857142857,15.157142857142858,2.5571428571428574,6.271428571428571,0.0,187.14285714285714,0.0,8.583333333333334,201.66666666666666,20.357142857142858
2014-08-17,5.142857142857143,24.200000000000006,15.228571428571428,3.0,6.457142857142856,0.0,165.71428571428572,0.0,8.950000000000001,171.66666666666666,19.7
2014-08-18,5.214285714285714,23.25714285714286,15.471428571428572,3.4,6.9,0.0,210.0,0.0,9.616666666666667,200.0,19.285714285714285
2014-08-19,5.285714285714286,22.05714285714286,15.0,3.6571428571428575,7.3428571428571425,0.0,228.57142857142858,0.0,10.200000000000001,170.0,18.657142857142855
2014-08-20,5.242857142857143,21.5,13.642857142857142,3.3000000000000003,6.5857142857142845,0.0,238.57142857142858,0.0,9.383333333333335,186.66666666666666,17.685714285714287
2014-08-21,0.9285714285714286,22.285714285714285,12.928571428571429,3.1571428571428575,6.328571428571429,0.0,234.28571428571428,0.0,8.866666666666667,195.0,17.5
2014-08-22,1.2285714285714284,22.685714285714287,13.328571428571427,3.2,6.528571428571429,0.0,214.28571428571428,0.0,9.016666666666667,171.66666666666666,18.0
2014-08-23,1.2714285714285716,22.75714285714286,13.814285714285713,2.942857142857143,6.271428571428572,0.0,205.71428571428572,0.0,8.5,167.14285714285714,18.342857142857145
2014-08-24,0.9142857142857144,23.714285714285715,14.057142857142855,2.4714285714285715,5.957142857142857,0.0,228.57142857142858,0.0,8.128571428571428,190.0,18.8
2014-08-25,0.8428571428571429,24.428571428571434,13.885714285714286,2.1714285714285717,5.7,0.0,227.14285714285714,0.0,7.742857142857143,208.57142857142858,19.114285714285717
2014-08-26,0.7714285714285715,25.542857142857144,14.2,1.8142857142857145,5.128571428571428,0.0,208.57142857142858,0.0,6.985714285714286,230.0,19.62857142857143
2014-08-27,0.7714285714285715,26.34285714285715,15.0,2.0714285714285716,5.700000000000001,0.0,198.57142857142858,0.0,7.485714285714287,214.28571428571428,20.514285714285712
2014-08-28,0.7714285714285715,26.428571428571427,16.1,2.2142857142857144,5.957142857142856,0.0,232.85714285714286,0.0,7.928571428571429,208.57142857142858,21.171428571428574
2014-08-29,0.2571428571428572,26.428571428571427,15.87142857142857,2.328571428571429,6.2,0.0,262.85714285714283,0.0,8.057142857142859,237.14285714285714,21.042857142857144
2014-08-30,0.0,27.071428571428577,15.22857142857143,2.3142857142857145,6.142857142857144,0.0,280.0,0.0,8.057142857142857,261.42857142857144,21.057142857142857
2014-08-31,0.0,27.157142857142855,14.985714285714286,3.085714285714286,6.971428571428571,0.0,258.57142857142856,0.0,9.071428571428571,240.0,21.099999999999998
2014-09-01,0.2857142857142857,26.75714285714286,15.87142857142857,3.7,7.614285714285715,0.0,241.42857142857142,0.0,10.028571428571428,222.85714285714286,21.38571428571429
2014-09-02,0.32857142857142857,26.914285714285718,16.82857142857143,3.9571428571428577,8.0,0.0,241.42857142857142,0.0,10.471428571428572,225.71428571428572,21.8
2014-09-03,1.957142857142857,27.157142857142862,17.385714285714286,4.1000000000000005,8.257142857142856,0.0,262.85714285714283,0.0,10.72857142857143,227.14285714285714,22.242857142857144
2014-09-04,1.9571428571428573,27.0,16.757142857142856,4.014285714285714,8.185714285714287,0.0,260.0,0.0,10.471428571428573,247.14285714285714,21.87142857142857
2014-09-05,1.9571428571428573,27.87142857142857,16.428571428571427,3.8000000000000003,7.871428571428572,0.0,238.57142857142858,0.0,10.214285714285714,228.57142857142858,21.971428571428568
2014-09-06,1.9571428571428573,28.742857142857144,17.45714285714286,4.385714285714286,8.628571428571428,0.0,227.14285714285714,0.0,11.228571428571428,208.57142857142858,22.857142857142858
2014-09-07,3.6285714285714286,28.657142857142862,17.857142857142858,3.885714285714286,8.557142857142859,0.0,247.14285714285714,0.0,11.042857142857143,227.14285714285714,23.314285714285717
2014-09-08,3.3428571428571425,28.5,16.585714285714285,3.3142857142857145,7.914285714285714,0.0,271.42857142857144,0.0,10.085714285714285,244.28571428571428,22.642857142857142
2014-09-09,3.3000000000000003,27.714285714285715,15.157142857142858,3.2,7.8428571428571425,0.0,271.42857142857144,0.0,10.028571428571428,244.28571428571428,21.61428571428571
2014-09-10,1.6714285714285713,26.6,14.2,3.0571428571428574,7.528571428571429,0.0,248.57142857142858,0.0,9.771428571428572,242.85714285714286,20.5
2014-09-11,1.6714285714285713,26.2,13.885714285714286,3.1142857142857143,7.471428571428571,0.0,225.71428571428572,0.0,9.828571428571431,222.85714285714286,19.985714285714288
2014-09-12,1.957142857142857,25.557142857142857,13.885714285714286,3.7428571428571433,8.428571428571429,0.0,227.14285714285714,0.0,11.299999999999999,221.42857142857142,19.957142857142856
2014-09-13,1.957142857142857,23.171428571428574,11.985714285714284,3.5000000000000004,8.428571428571429,0.0,248.57142857142858,0.0,11.042857142857143,242.85714285714286,18.242857142857144
2014-09-14,0.6857142857142857,21.342857142857145,10.157142857142857,3.4285714285714293,7.985714285714286,0.0,234.28571428571428,0.0,10.842857142857143,231.42857142857142,16.185714285714287
2014-09-15,0.6857142857142857,19.82857142857143,9.200000000000001,3.571428571428572,8.428571428571429,0.0,225.71428571428572,0.0,11.542857142857144,227.14285714285714,15.142857142857142
2014-09-16,0.6857142857142857,18.785714285714285,8.085714285714285,3.6142857142857143,8.5,0.0,225.71428571428572,0.0,11.542857142857143,227.14285714285714,14.099999999999998
2014-09-17,1.2714285714285711,18.071428571428573,7.685714285714285,3.4,8.242857142857144,0.0,225.71428571428572,0.0,11.171428571428573,227.14285714285714,13.542857142857143
2014-09-18,1.2714285714285711,17.357142857142858,6.728571428571429,3.3000000000000003,8.171428571428573,0.0,225.71428571428572,0.0,10.985714285714286,225.71428571428572,12.828571428571431
2014-09-19,1.0285714285714285,15.85714285714286,5.542857142857143,2.7285714285714286,7.085714285714286,0.0,245.71428571428572,0.0,9.385714285714286,248.57142857142858,11.7
2014-09-20,1.0285714285714285,16.014285714285716,4.671428571428572,2.4285714285714284,6.585714285714286,0.0,241.42857142857142,0.0,8.885714285714284,245.71428571428572,11.0
2014-09-21,0.6285714285714284,17.12857142857143,5.385714285714286,3.1857142857142864,7.414285714285714,0.0,234.28571428571428,0.0,9.914285714285715,238.57142857142858,11.714285714285714
2014-09-22,1.8285714285714287,19.2,7.128571428571428,3.6000000000000005,7.928571428571429,0.0,218.57142857142858,0.0,10.557142857142859,221.42857142857142,13.257142857142856
2014-09-23,1.9,19.12857142857143,8.157142857142857,4.042857142857144,8.62857142857143,0.0,234.28571428571428,0.0,11.771428571428572,235.71428571428572,13.985714285714284
2014-09-24,1.3142857142857143,18.97142857142857,8.157142857142857,4.185714285714286,8.685714285714285,0.0,237.14285714285714,0.0,11.77142857142857,241.42857142857142,13.757142857142856
2014-09-25,1.3142857142857143,19.442857142857147,8.471428571428572,4.128571428571429,8.628571428571428,0.0,240.0,0.0,11.714285714285714,244.28571428571428,14.028571428571428
2014-09-26,1.2714285714285711,20.71428571428572,9.028571428571428,3.7571428571428576,8.185714285714285,0.0,220.0,0.0,11.085714285714285,222.85714285714286,14.471428571428572
2014-09-27,1.2714285714285711,22.38571428571429,10.371428571428572,3.6714285714285717,8.242857142857142,0.0,180.0,0.0,11.085714285714285,184.28571428571428,15.742857142857142
2014-09-28,1.2714285714285711,23.25714285714286,10.457142857142857,2.6428571428571432,6.8999999999999995,0.0,162.85714285714286,0.0,9.171428571428573,204.28571428571428,16.314285714285713
2014-09-29,0.07142857142857117,23.32857142857143,9.742857142857144,1.9571428571428575,5.685714285714285,0.0,161.42857142857142,0.0,7.514285714285713,181.42857142857142,15.985714285714286
2014-09-30,0.0,24.271428571428576,9.9,1.3428571428571432,4.914285714285714,0.0,165.71428571428572,0.0,6.3,187.14285714285714,16.47142857142857
2014-10-01,0.0,24.900000000000002,9.828571428571427,1.2571428571428573,4.857142857142857,0.0,187.14285714285714,0.0,6.171428571428571,202.85714285714286,16.857142857142858
2014-10-02,0.0,23.8,10.314285714285715,1.3000000000000003,4.857142857142857,0.0,207.14285714285714,0.0,5.971428571428572,222.85714285714286,16.62857142857143
2014-10-03,0.0,23.642857142857146,10.785714285714286,1.4285714285714288,4.914285714285714,0.0,224.28571428571428,0.0,6.028571428571429,240.0,16.657142857142855
2014-10-04,0.0,23.32857142857143,11.028571428571427,1.7428571428571433,5.171428571428572,0.0,244.28571428571428,0.0,6.471428571428571,257.14285714285717,16.7
2014-10-05,3.671428571428571,21.58571428571429,11.114285714285714,2.042857142857143,5.757142857142857,0.0,280.0,0.0,7.228571428571429,255.71428571428572,16.2
2014-10-06,3.6714285714285713,19.771428571428572,10.485714285714286,2.2142857142857144,5.957142857142857,0.0,282.85714285714283,0.0,7.4142857142857155,281.42857142857144,15.157142857142858
2014-10-07,3.6714285714285713,18.900000000000002,9.614285714285714,2.6714285714285717,6.657142857142857,0.0,262.85714285714283,0.0,8.557142857142857,261.42857142857144,14.157142857142857
2014-10-08,3.814285714285714,18.742857142857144,10.328571428571427,3.1000000000000005,7.414285714285714,0.0,238.57142857142858,0.0,9.957142857142857,238.57142857142858,14.414285714285715
2014-10-09,4.3999999999999995,19.371428571428574,10.242857142857144,3.5714285714285716,8.17142857142857,0.0,232.85714285714286,0.0,11.37142857142857,231.42857142857142,14.785714285714286
2014-10-10,4.3999999999999995,18.32857142857143,9.771428571428572,4.057142857142858,9.2,0.0,225.71428571428572,0.0,13.028571428571427,224.28571428571428,14.157142857142858
2014-10-11,4.3999999999999995,16.97142857142857,8.9,3.971428571428572,9.071428571428571,0.0,244.28571428571428,0.0,12.828571428571427,244.28571428571428,13.228571428571428
2014-10-12,0.7285714285714285,16.72857142857143,8.014285714285714,3.6428571428571432,8.557142857142855,0.0,250.0,0.0,12.128571428571428,248.57142857142858,12.4
2014-10-13,0.7285714285714285,16.642857142857146,7.3,3.485714285714286,8.614285714285714,0.0,264.2857142857143,0.0,12.328571428571431,265.7142857142857,11.914285714285715
2014-10-14,0.7285714285714285,16.32857142857143,6.828571428571428,3.5142857142857147,8.485714285714286,0.0,264.2857142857143,0.0,12.271428571428572,264.2857142857143,11.471428571428573
2014-10-15,0.5857142857142856,17.042857142857144,7.071428571428571,3.8000000000000003,8.557142857142857,0.0,265.7142857142857,0.0,12.085714285714287,265.7142857142857,11.742857142857142
2014-10-16,0.0,18.000000000000004,8.342857142857143,3.7285714285714286,8.5,0.0,251.42857142857142,0.0,12.014285714285716,254.28571428571428,12.685714285714287
2014-10-17,4.057142857142857,19.357142857142858,9.528571428571428,3.542857142857143,8.057142857142857,0.0,232.85714285714286,0.0,11.185714285714287,235.71428571428572,14.157142857142857
2014-10-18,4.057142857142857,20.242857142857144,11.042857142857143,3.7142857142857144,8.371428571428572,0.0,222.85714285714286,0.0,11.571428571428571,221.42857142857142,15.200000000000001
2014-10-19,5.614285714285714,20.800000000000004,11.37142857142857,4.2857142857142865,9.200000000000001,0.0,220.0,0.0,12.6,218.57142857142858,16.17142857142857
2014-10-20,5.614285714285714,19.771428571428572,11.685714285714285,5.028571428571429,9.528571428571428,0.0,224.28571428571428,0.0,13.557142857142855,220.0,16.000000000000004
2014-10-21,5.614285714285714,18.814285714285717,11.599999999999998,4.728571428571429,9.085714285714285,0.0,224.28571428571428,0.0,12.657142857142857,220.0,15.585714285714285
2014-10-22,6.7,16.514285714285716,10.4,4.028571428571429,8.128571428571428,0.0,245.71428571428572,0.0,11.442857142857141,242.85714285714286,14.057142857142855
2014-10-23,6.7,14.371428571428575,8.657142857142857,4.042857142857143,7.814285714285715,0.0,267.14285714285717,0.0,10.87142857142857,215.71428571428572,12.114285714285714
2014-10-24,4.1,12.142857142857144,7.071428571428571,4.457142857142857,8.0,0.0,297.14285714285717,0.0,11.12857142857143,247.14285714285714,10.12857142857143
2014-10-25,4.5,10.471428571428573,5.4,4.328571428571428,7.814285714285715,0.0,315.7142857142857,0.0,10.942857142857141,268.57142857142856,8.585714285714285
2014-10-26,3.6714285714285713,10.157142857142858,4.685714285714285,4.014285714285714,7.371428571428572,0.0,295.7142857142857,0.0,10.428571428571429,250.0,7.471428571428571
2014-10-27,4.185714285714285,10.871428571428575,5.1571428571428575,3.6285714285714294,7.242857142857142,0.0,290.0,0.0,9.785714285714286,245.71428571428572,7.828571428571428
2014-10-28,4.3,11.42857142857143,5.714285714285714,3.7000000000000006,7.314285714285715,0.0,304.2857142857143,0.0,9.914285714285715,260.0,8.342857142857143
2014-10-29,3.6857142857142855,12.542857142857144,5.557142857142858,3.7,7.757142857142858,0.0,278.57142857142856,0.0,10.671428571428573,232.85714285714286,8.499999999999998
2014-10-30,4.042857142857143,13.100000000000003,5.471428571428572,3.3000000000000007,7.685714285714285,0.0,274.2857142857143,0.0,10.542857142857143,271.42857142857144,9.142857142857142
2014-10-31,2.585714285714286,13.500000000000002,5.557142857142857,2.8714285714285714,7.371428571428572,0.0,272.85714285714283,0.0,10.028571428571428,267.14285714285717,9.342857142857142
2014-11-01,2.1857142857142855,13.742857142857146,5.4,2.7428571428571433,7.314285714285715,0.0,270.0,0.0,9.714285714285714,265.7142857142857,9.37142857142857
2014-11-02,1.5285714285714285,12.400000000000002,5.314285714285714,3.0142857142857147,7.242857142857142,0.0,294.2857142857143,0.0,9.642857142857142,238.57142857142858,8.8
2014-11-03,1.0142857142857142,11.528571428571428,4.214285714285714,3.7,8.200000000000001,0.0,300.0,0.0,10.728571428571428,245.71428571428572,7.857142857142857
2014-11-04,0.9,10.971428571428573,3.585714285714286,3.8714285714285714,8.7,0.0,305.7142857142857,0.0,11.299999999999999,251.42857142857142,7.1571428571428575
2014-11-05,0.42857142857142855,10.814285714285717,2.642857142857143,4.114285714285715,9.014285714285714,0.0,308.57142857142856,0.0,11.685714285714285,254.28571428571428,6.785714285714286
2014-11-06,0.14285714285714285,10.814285714285717,3.042857142857143,4.428571428571429,9.271428571428572,0.0,298.57142857142856,0.0,11.942857142857145,254.28571428571428,6.814285714285715
2014-11-07,0.7999999999999999,10.65714285714286,2.7142857142857144,4.2,9.071428571428571,0.0,301.42857142857144,0.0,11.700000000000001,258.57142857142856,6.7857142857142865
2014-11-08,2.0285714285714285,9.771428571428572,2.4714285714285715,4.671428571428572,9.442857142857141,0.0,300.0,0.0,12.400000000000002,254.28571428571428,6.314285714285715
2014-11-09,1.957142857142857,9.842857142857145,2.3142857142857145,4.6571428571428575,9.828571428571427,0.0,294.2857142857143,0.0,12.985714285714286,278.57142857142856,6.1571428571428575
2014-11-10,1.957142857142857,10.157142857142858,2.2285714285714286,4.028571428571429,9.114285714285714,0.0,274.2857142857143,0.0,12.085714285714285,257.14285714285717,6.614285714285715
2014-11-11,1.957142857142857,10.328571428571431,2.6999999999999997,3.9285714285714284,8.614285714285716,0.0,252.85714285714286,0.0,11.571428571428571,237.14285714285714,6.914285714285714
2014-11-12,1.957142857142857,10.328571428571431,3.7285714285714286,4.3,9.071428571428571,0.0,254.28571428571428,0.0,12.085714285714285,240.0,7.5
2014-11-13,2.0285714285714285,10.000000000000002,3.0142857142857147,4.357142857142857,9.071428571428571,0.0,260.0,0.0,12.214285714285714,242.85714285714286,7.214285714285714
2014-11-14,1.5857142857142856,9.285714285714288,2.4714285714285715,4.457142857142857,9.4,0.0,248.57142857142858,0.7142857142857143,12.842857142857142,231.42857142857142,6.557142857142857
2014-11-15,0.39999999999999997,9.12857142857143,2.0142857142857147,4.171428571428572,9.271428571428572,0.0,252.85714285714286,0.7142857142857143,12.385714285714286,237.14285714285714,6.1571428571428575
2014-11-16,0.4428571428571429,8.728571428571431,1.6285714285714286,4.142857142857143,9.085714285714285,0.0,250.0,1.1428571428571428,12.128571428571428,254.28571428571428,5.742857142857142
2014-11-17,0.4428571428571429,8.014285714285716,1.6285714285714286,4.3428571428571425,9.085714285714285,0.0,250.0,1.1428571428571428,12.128571428571428,254.28571428571428,4.971428571428572
2014-11-18,1.7857142857142858,7.128571428571432,1.157142857142857,4.171428571428572,8.957142857142857,0.0,250.0,2.2857142857142856,11.814285714285715,252.85714285714286,4.342857142857143
2014-11-19,1.7857142857142858,5.371428571428574,-0.4142857142857143,4.2285714285714295,8.62857142857143,0.0,257.14285714285717,2.2857142857142856,11.614285714285716,255.71428571428572,2.914285714285714
2014-11-20,1.6428571428571428,3.5571428571428596,-1.6714285714285713,4.142857142857143,8.757142857142856,0.0,244.28571428571428,2.2857142857142856,11.742857142857144,240.0,0.8571428571428571
2014-11-21,1.4285714285714286,3.2428571428571447,-2.2142857142857144,4.714285714285714,9.200000000000001,0.0,232.85714285714286,1.5714285714285714,12.2,230.0,0.05714285714285716
2014-11-22,1.3857142857142857,2.542857142857145,-2.5285714285714285,4.971428571428572,9.27142857142857,0.0,228.57142857142858,1.5714285714285714,12.657142857142857,217.14285714285714,-0.4714285714285714
2014-11-23,1.342857142857143,2.7000000000000024,-3.0,5.4142857142857155,9.971428571428572,0.0,214.28571428571428,1.1428571428571428,13.614285714285714,204.28571428571428,-0.7428571428571428
2014-11-24,1.4857142857142858,3.728571428571431,-2.442857142857143,5.242857142857143,9.971428571428572,0.0,214.28571428571428,1.1428571428571428,13.614285714285714,204.28571428571428,0.0
2014-11-25,1.842857142857143,5.871428571428574,-1.4142857142857141,5.742857142857143,10.671428571428573,0.0,215.71428571428572,0.0,14.7,207.14285714285714,1.4857142857142858
2014-11-26,1.842857142857143,7.385714285714288,-0.08571428571428566,5.414285714285714,10.414285714285713,0.0,222.85714285714286,0.0,14.0,217.14285714285714,2.957142857142857
2014-11-27,3.0,8.100000000000003,0.2285714285714286,5.3428571428571425,10.414285714285715,0.0,237.14285714285714,27.571428571428573,13.928571428571429,231.42857142857142,3.728571428571428
2014-11-28,3.1142857142857143,7.557142857142859,0.142857142857143,4.885714285714286,9.971428571428572,18.571428571428573,258.57142857142856,30.428571428571427,13.214285714285714,251.42857142857142,3.6142857142857143
2014-11-29,3.3285714285714287,7.642857142857145,-0.3428571428571429,4.528571428571429,9.657142857142857,37.142857142857146,254.28571428571428,36.285714285714285,12.828571428571431,261.42857142857144,3.5857142857142854
2014-11-30,3.3285714285714287,6.942857142857145,-1.0571428571428572,4.057142857142857,9.200000000000001,55.714285714285715,251.42857142857142,36.285714285714285,12.12857142857143,255.71428571428572,3.1571428571428575
2014-12-01,3.2285714285714286,6.385714285714287,-1.6857142857142857,4.642857142857143,9.714285714285714,67.14285714285714,250.0,36.285714285714285,12.900000000000002,252.85714285714286,2.657142857142857
2014-12-02,1.5285714285714285,5.0428571428571445,-3.028571428571429,4.585714285714286,9.585714285714285,67.14285714285714,268.57142857142856,36.285714285714285,12.971428571428572,251.42857142857142,1.6714285714285713
2014-12-03,1.8142857142857143,2.7571428571428593,-5.1571428571428575,4.328571428571428,9.914285714285715,67.14285714285714,274.2857142857143,41.714285714285715,13.228571428571428,257.14285714285717,-0.7000000000000001
2014-12-04,0.9142857142857144,2.671428571428574,-5.071428571428571,4.500000000000001,10.228571428571428,74.28571428571429,272.85714285714283,15.285714285714286,14.0,257.14285714285717,-1.0000000000000002
2014-12-05,0.8,3.214285714285716,-5.857142857142857,4.728571428571429,10.542857142857143,55.714285714285715,268.57142857142856,13.571428571428571,14.900000000000002,248.57142857142858,-0.6571428571428573
2014-12-06,0.6285714285714287,3.600000000000002,-6.257142857142857,4.671428571428572,10.414285714285713,37.142857142857146,254.28571428571428,7.714285714285714,14.7,227.14285714285714,-1.0142857142857142
2014-12-07,1.5714285714285714,3.914285714285717,-4.685714285714285,4.514285714285714,10.042857142857143,18.571428571428573,280.0,9.571428571428571,14.114285714285714,252.85714285714286,-0.12857142857142853
2014-12-08,1.5285714285714285,2.8857142857142883,-6.5,4.014285714285714,9.728571428571428,11.428571428571429,301.42857142857144,9.571428571428571,13.542857142857144,275.7142857142857,-1.1857142857142857
2014-12-09,1.5285714285714285,1.1571428571428595,-8.157142857142857,3.8142857142857145,9.414285714285715,11.428571428571429,280.0,9.571428571428571,12.828571428571431,274.2857142857143,-3.3857142857142857
2014-12-10,4.142857142857143,1.6142857142857163,-7.042857142857144,3.9285714285714293,9.157142857142857,22.857142857142858,284.2857142857143,15.0,12.771428571428572,275.7142857142857,-2.7428571428571424
2014-12-11,5.7,0.9857142857142879,-7.042857142857143,4.1571428571428575,8.714285714285714,34.285714285714285,292.85714285714283,48.0,12.071428571428571,285.7142857142857,-2.8285714285714283
2014-12-12,6.285714285714286,0.6714285714285737,-5.857142857142857,3.7857142857142856,7.885714285714286,77.14285714285714,291.42857142857144,56.285714285714285,10.6,288.57142857142856,-2.914285714285714
2014-12-13,6.642857142857143,0.3571428571428594,-4.742857142857142,3.6142857142857143,7.628571428571428,117.14285714285714,311.42857142857144,62.142857142857146,10.1,310.0,-2.2714285714285714
2014-12-14,5.7,0.11428571428571657,-5.442857142857143,3.2857142857142856,6.985714285714287,160.0,284.2857142857143,60.285714285714285,9.342857142857142,264.2857142857143,-2.6428571428571423
2014-12-15,5.7,0.27142857142857374,-4.014285714285714,2.771428571428572,6.1571428571428575,198.57142857142858,238.57142857142858,60.285714285714285,8.385714285714284,218.57142857142858,-2.185714285714286
2014-12-16,5.7,0.6571428571428594,-2.357142857142857,2.4571428571428577,5.571428571428571,234.28571428571428,231.42857142857142,60.285714285714285,7.628571428571428,211.42857142857142,-0.8285714285714283
2014-12-17,2.8428571428571425,0.8142857142857166,-2.2,2.4285714285714284,5.185714285714285,255.71428571428572,202.85714285714286,49.42857142857143,7.042857142857143,187.14285714285714,-0.6428571428571426
2014-12-18,1.5714285714285714,1.285714285714288,-1.8142857142857145,1.5571428571428574,4.357142857142858,265.7142857142857,185.71428571428572,15.285714285714286,5.700000000000001,168.57142857142858,-0.25714285714285684
2014-12-19,1.1999999999999997,1.6000000000000025,-1.9000000000000004,1.7142857142857149,4.871428571428571,248.57142857142858,187.14285714285714,6.571428571428571,6.471428571428571,168.57142857142858,-0.02857142857142831
2014-12-20,0.7999999999999999,1.442857142857145,-2.6142857142857143,2.1142857142857143,5.257142857142857,234.28571428571428,190.0,0.7142857142857143,7.042857142857143,170.0,-0.2428571428571426
2014-12-21,0.7999999999999999,1.0571428571428594,-3.642857142857143,2.2285714285714286,5.314285714285715,217.14285714285714,210.0,0.7142857142857143,7.042857142857143,177.14285714285714,-1.0428571428571425
2014-12-22,0.7999999999999999,0.5142857142857166,-4.442857142857143,2.2,5.185714285714286,200.0,221.42857142857142,0.7142857142857143,6.714285714285714,188.57142857142858,-1.7285714285714282
2014-12-23,0.7999999999999999,0.12857142857143078,-5.0,2.1714285714285717,5.128571428571429,185.71428571428572,248.57142857142858,0.7142857142857143,6.514285714285714,215.71428571428572,-2.1999999999999997
2014-12-24,1.7428571428571427,0.285714285714288,-5.314285714285715,1.9714285714285718,4.814285714285715,178.57142857142858,251.42857142857142,6.571428571428571,6.071428571428571,218.57142857142858,-2.2857142857142856
2014-12-25,2.2857142857142856,0.9142857142857166,-5.0,2.5571428571428574,5.385714285714285,168.57142857142858,242.85714285714286,6.571428571428571,6.9,214.28571428571428,-1.9999999999999998
2014-12-26,2.257142857142857,2.2571428571428593,-3.971428571428572,3.1,6.014285714285714,150.0,238.57142857142858,5.857142857142857,7.785714285714286,208.57142857142858,-0.9999999999999998
2014-12-27,2.257142857142857,3.6000000000000023,-2.7142857142857144,2.957142857142857,6.514285714285713,124.28571428571429,228.57142857142858,5.857142857142857,8.428571428571429,200.0,0.20000000000000032
2014-12-28,2.257142857142857,5.257142857142859,-0.585714285714286,3.2857142857142856,7.671428571428572,98.57142857142857,211.42857142857142,5.857142857142857,10.157142857142857,214.28571428571428,1.928571428571429
2014-12-29,2.257142857142857,6.914285714285717,0.757142857142857,3.9142857142857146,8.628571428571428,72.85714285714286,225.71428571428572,5.857142857142857,11.62857142857143,228.57142857142858,3.885714285714286
2014-12-30,2.3000000000000003,7.52857142857143,0.5285714285714285,4.228571428571429,9.585714285714285,51.42857142857143,228.57142857142858,7.285714285714286,12.842857142857143,231.42857142857142,4.257142857142858
2014-12-31,1.3142857142857143,5.95714285714286,-0.8285714285714285,4.314285714285714,9.971428571428572,25.714285714285715,250.0,1.4285714285714286,13.357142857142858,251.42857142857142,3.1000000000000005
2015-01-01,0.2714285714285714,4.157142857142859,-2.957142857142857,4.214285714285714,10.157142857142857,7.142857142857143,252.85714285714286,3.2857142857142856,13.671428571428569,247.14285714285714,1.1428571428571428
2015-01-02,0.08571428571428572,2.2714285714285736,-4.614285714285714,4.057142857142858,9.842857142857143,0.0,240.0,3.2857142857142856,13.171428571428573,235.71428571428572,-0.7142857142857144
2015-01-03,0.08571428571428572,1.1571428571428595,-6.1000000000000005,4.385714285714286,9.657142857142858,0.0,245.71428571428572,3.2857142857142856,13.171428571428569,242.85714285714286,-1.885714285714286
2015-01-04,1.0714285714285714,-0.4999999999999981,-8.314285714285713,4.2857142857142865,9.014285714285714,0.0,237.14285714285714,13.428571428571429,12.142857142857142,238.57142857142858,-3.8000000000000003
2015-01-05,1.2571428571428573,-0.6571428571428555,-8.785714285714286,4.3999999999999995,9.400000000000002,11.428571428571429,242.85714285714286,13.428571428571429,12.657142857142857,244.28571428571428,-4.714285714285715
2015-01-06,1.2142857142857142,-0.25714285714285523,-9.657142857142857,5.014285714285714,9.842857142857143,11.428571428571429,238.57142857142858,12.0,13.742857142857142,238.57142857142858,-4.857142857142857
2015-01-07,1.257142857142857,-0.5714285714285696,-9.814285714285715,5.285714285714286,9.971428571428573,11.428571428571429,217.14285714285714,12.428571428571429,13.928571428571429,217.14285714285714,-5.3
2015-01-08,1.2142857142857142,-0.9714285714285696,-11.4,5.671428571428572,10.357142857142858,11.428571428571429,235.71428571428572,10.571428571428571,14.257142857142858,237.14285714285714,-5.542857142857143
2015-01-09,1.2142857142857142,-1.999999999999998,-13.942857142857141,5.6571428571428575,10.357142857142858,11.428571428571429,237.14285714285714,11.0,14.385714285714286,237.14285714285714,-7.571428571428571
2015-01-10,1.2571428571428573,-2.6142857142857125,-13.942857142857145,5.8428571428571425,10.8,11.428571428571429,220.0,12.142857142857142,14.828571428571431,220.0,-8.299999999999999
2015-01-11,0.2714285714285714,-3.1714285714285695,-13.542857142857143,6.185714285714285,11.242857142857144,11.428571428571429,235.71428571428572,2.0,15.6,232.85714285714286,-8.171428571428573
2015-01-12,0.08571428571428572,-4.67142857142857,-14.657142857142857,6.171428571428572,10.728571428571428,0.0,230.0,2.0,14.957142857142857,225.71428571428572,-9.485714285714286
2015-01-13,0.37142857142857144,-5.4571428571428555,-14.100000000000003,5.8,10.671428571428573,4.285714285714286,234.28571428571428,10.285714285714286,14.328571428571427,231.42857142857142,-9.471428571428573
2015-01-14,0.3285714285714286,-5.528571428571426,-15.12857142857143,5.6000000000000005,10.985714285714284,11.428571428571429,210.0,10.285714285714286,14.714285714285714,207.14285714285714,-9.814285714285715
2015-01-15,0.3285714285714286,-5.299999999999998,-15.12857142857143,4.92857142857143,10.6,15.714285714285714,192.85714285714286,10.285714285714286,14.257142857142856,191.42857142857142,-10.557142857142859
2015-01-16,0.3285714285714286,-4.742857142857141,-14.571428571428571,4.485714285714286,10.471428571428573,20.0,191.42857142857142,9.857142857142858,14.0,191.42857142857142,-9.642857142857142
2015-01-17,0.35714285714285715,-4.585714285714284,-15.37142857142857,4.514285714285714,10.342857142857143,24.285714285714285,210.0,11.285714285714286,13.557142857142855,208.57142857142858,-9.414285714285715
2015-01-18,0.35714285714285715,-4.499999999999998,-17.042857142857144,4.428571428571429,10.728571428571428,28.571428571428573,202.85714285714286,11.285714285714286,13.928571428571429,202.85714285714286,-10.542857142857143
2015-01-19,2.2142857142857144,-3.5571428571428547,-16.400000000000002,4.357142857142857,11.37142857142857,32.857142857142854,201.42857142857142,14.857142857142858,14.757142857142856,202.85714285714286,-9.728571428571428
2015-01-20,2.2857142857142856,-3.085714285714283,-15.928571428571429,4.085714285714286,11.042857142857143,35.714285714285715,198.57142857142858,11.285714285714286,14.5,201.42857142857142,-9.257142857142856
2015-01-21,2.2857142857142856,-2.299999999999998,-14.971428571428572,4.285714285714286,11.042857142857143,35.857142857142854,242.85714285714286,10.857142857142858,14.571428571428571,247.14285714285714,-8.200000000000001
2015-01-22,2.2857142857142856,-2.128571428571427,-14.342857142857143,4.185714285714286,10.342857142857143,35.857142857142854,227.14285714285714,10.857142857142858,13.685714285714285,230.0,-7.628571428571428
2015-01-23,2.2857142857142856,-2.2142857142857126,-13.714285714285714,3.957142857142857,9.642857142857142,35.857142857142854,248.57142857142858,10.857142857142858,12.6,252.85714285714286,-7.328571428571428
2015-01-24,2.2142857142857144,-1.8999999999999981,-13.4,3.6,9.514285714285714,35.857142857142854,230.0,8.285714285714286,12.857142857142858,235.71428571428572,-7.542857142857143
2015-01-25,2.257142857142857,-0.6428571428571409,-10.77142857142857,3.357142857142857,8.628571428571428,35.857142857142854,230.0,9.714285714285714,11.657142857142858,232.85714285714286,-5.542857142857143
2015-01-26,0.39999999999999997,-1.1142857142857123,-12.357142857142858,3.2142857142857144,8.242857142857144,38.857142857142854,252.85714285714286,6.857142857142857,10.957142857142857,254.28571428571428,-5.928571428571429
2015-01-27,0.04285714285714286,-3.17142857142857,-14.342857142857143,3.1285714285714286,7.671428571428571,38.857142857142854,254.28571428571428,2.142857142857143,10.12857142857143,254.28571428571428,-8.314285714285715
2015-01-28,0.15714285714285717,-4.357142857142855,-14.428571428571429,3.542857142857143,7.799999999999999,38.714285714285715,260.0,15.142857142857142,10.385714285714286,257.14285714285717,-9.357142857142858
2015-01-29,0.15714285714285717,-4.757142857142855,-14.271428571428572,3.8714285714285714,8.5,48.714285714285715,300.0,15.571428571428571,11.342857142857142,297.14285714285717,-9.385714285714286
2015-01-30,0.2285714285714286,-4.128571428571426,-14.985714285714286,4.185714285714286,9.257142857142856,55.857142857142854,275.7142857142857,16.285714285714285,12.485714285714286,275.7142857142857,-9.585714285714287
2015-01-31,0.8857142857142856,-4.214285714285713,-15.3,4.357142857142857,9.257142857142856,63.0,294.2857142857143,43.57142857142857,12.228571428571428,292.85714285714283,-9.014285714285714
2015-02-01,0.8428571428571427,-6.499999999999998,-17.928571428571427,4.442857142857143,9.62857142857143,84.42857142857143,315.7142857142857,42.142857142857146,12.72857142857143,315.7142857142857,-11.085714285714287
2015-02-02,0.8428571428571427,-8.399999999999997,-18.414285714285715,4.1571428571428575,9.114285714285714,98.57142857142857,315.7142857142857,41.42857142857143,12.028571428571427,315.7142857142857,-12.557142857142859
2015-02-03,2.185714285714286,-9.27142857142857,-18.32857142857143,4.371428571428572,9.314285714285715,110.0,317.14285714285717,64.71428571428571,12.342857142857143,318.57142857142856,-13.0
2015-02-04,2.071428571428571,-8.557142857142855,-19.757142857142856,3.842857142857143,8.799999999999999,128.57142857142858,294.2857142857143,51.714285714285715,11.442857142857141,294.2857142857143,-13.414285714285715
2015-02-05,2.214285714285714,-7.685714285714283,-18.557142857142857,4.342857142857143,9.128571428571428,135.71428571428572,268.57142857142856,53.42857142857143,11.885714285714286,270.0,-12.6
2015-02-06,2.2857142857142856,-8.07142857142857,-18.87142857142857,4.528571428571429,9.128571428571428,157.14285714285714,292.85714285714283,62.857142857142854,11.757142857142856,290.0,-12.057142857142855
2015-02-07,1.7428571428571427,-8.857142857142856,-20.385714285714283,4.342857142857143,8.87142857142857,174.28571428571428,275.7142857142857,39.857142857142854,11.3,272.85714285714283,-13.942857142857145
2015-02-08,1.9285714285714284,-8.07142857142857,-19.114285714285717,4.271428571428571,8.371428571428572,177.14285714285714,275.7142857142857,43.857142857142854,10.6,271.42857142857144,-12.942857142857141
2015-02-09,2.8428571428571425,-7.985714285714283,-18.400000000000002,4.4,8.242857142857142,188.57142857142858,272.85714285714283,51.42857142857143,10.342857142857143,270.0,-12.685714285714285
2015-02-10,1.4999999999999998,-6.785714285714284,-17.45714285714286,4.114285714285715,7.657142857142857,205.71428571428572,271.42857142857144,28.142857142857142,9.571428571428571,267.14285714285717,-11.714285714285714
2015-02-11,1.4999999999999998,-6.871428571428569,-16.185714285714287,3.942857142857143,7.4,212.85714285714286,294.2857142857143,28.142857142857142,9.185714285714285,288.57142857142856,-10.714285714285714
2015-02-12,1.357142857142857,-7.67142857142857,-17.942857142857143,3.1000000000000005,6.314285714285715,224.28571428571428,314.2857142857143,26.0,7.585714285714286,305.7142857142857,-11.814285714285715
2015-02-13,1.2857142857142854,-7.599999999999999,-16.914285714285715,3.1714285714285717,6.442857142857143,220.0,311.42857142857144,20.142857142857142,7.714285714285714,304.2857142857143,-11.571428571428571
2015-02-14,1.171428571428571,-8.628571428571428,-16.67142857142857,3.1000000000000005,6.642857142857143,224.28571428571428,328.57142857142856,18.0,7.971428571428571,321.42857142857144,-11.542857142857143
2015-02-15,1.1999999999999997,-8.7,-18.32857142857143,3.2428571428571433,7.142857142857143,224.28571428571428,302.85714285714283,20.857142857142858,8.614285714285714,297.14285714285717,-12.557142857142859
2015-02-16,0.2857142857142855,-8.628571428571428,-19.114285714285717,3.8428571428571425,7.971428571428572,224.28571428571428,304.2857142857143,15.142857142857142,9.828571428571427,252.85714285714286,-12.742857142857144
2015-02-17,0.2857142857142855,-9.185714285714283,-20.7,3.9,8.485714285714286,217.14285714285714,302.85714285714283,15.142857142857142,10.528571428571428,251.42857142857142,-13.799999999999999
2015-02-18,0.2857142857142855,-9.499999999999998,-22.214285714285715,3.657142857142858,8.1,212.85714285714286,297.14285714285717,15.142857142857142,10.214285714285714,241.42857142857142,-15.114285714285716
2015-02-19,0.2857142857142855,-9.099999999999998,-22.52857142857143,3.714285714285715,8.485714285714286,208.57142857142858,278.57142857142856,15.571428571428571,10.728571428571428,224.28571428571428,-15.042857142857143
2015-02-20,0.6428571428571426,-9.97142857142857,-22.685714285714287,3.628571428571429,8.485714285714286,208.57142857142858,275.7142857142857,20.0,11.299999999999999,220.0,-15.471428571428573
2015-02-21,0.7142857142857141,-9.257142857142856,-21.971428571428568,3.7142857142857144,8.542857142857143,208.57142857142858,272.85714285714283,19.714285714285715,11.557142857142859,218.57142857142858,-15.299999999999999
2015-02-22,0.8285714285714283,-8.785714285714285,-20.785714285714285,4.014285714285714,9.128571428571428,212.85714285714286,275.7142857142857,17.142857142857142,12.385714285714286,221.42857142857142,-14.671428571428574
2015-02-23,0.8285714285714283,-6.97142857142857,-18.8,3.185714285714286,8.299999999999999,212.85714285714286,264.2857142857143,15.714285714285714,11.357142857142858,254.28571428571428,-13.1
2015-02-24,0.8285714285714283,-5.314285714285714,-19.114285714285717,3.5428571428571436,8.742857142857144,212.85714285714286,265.7142857142857,15.714285714285714,11.942857142857141,255.71428571428572,-11.9
2015-02-25,0.8285714285714283,-5.07142857142857,-19.342857142857145,4.1571428571428575,9.9,212.85714285714286,245.71428571428572,15.714285714285714,13.542857142857143,245.71428571428572,-12.057142857142855
2015-02-26,0.8285714285714283,-4.828571428571427,-17.67142857142857,4.6571428571428575,10.4,212.85714285714286,244.28571428571428,15.285714285714286,14.571428571428571,244.28571428571428,-11.157142857142858
2015-02-27,0.39999999999999974,-5.142857142857141,-17.67142857142857,4.328571428571428,9.771428571428572,210.0,251.42857142857142,6.571428571428571,13.171428571428569,251.42857142857142,-11.628571428571428
2015-02-28,0.3285714285714283,-4.757142857142855,-18.142857142857146,3.857142857142857,8.757142857142856,202.85714285714286,255.71428571428572,4.714285714285714,11.7,254.28571428571428,-11.442857142857145
2015-03-01,0.0,-4.67142857142857,-19.014285714285712,3.271428571428572,7.799999999999999,195.71428571428572,258.57142857142856,0.42857142857142855,10.299999999999999,257.14285714285717,-11.671428571428569
2015-03-02,0.0,-5.128571428571427,-20.685714285714287,3.6142857142857143,8.371428571428572,188.57142857142858,248.57142857142858,0.7142857142857143,11.200000000000001,250.0,-12.557142857142859
2015-03-03,0.11428571428571403,-5.042857142857142,-18.38571428571429,3.5,8.757142857142856,188.57142857142858,248.57142857142858,5.857142857142857,11.7,251.42857142857142,-11.599999999999998
2015-03-04,0.29999999999999977,-4.257142857142855,-16.885714285714286,3.414285714285714,9.014285714285714,188.57142857142858,248.57142857142858,8.428571428571429,12.014285714285714,251.42857142857142,-10.028571428571428
2015-03-05,0.29999999999999977,-3.328571428571427,-15.700000000000001,3.3857142857142857,9.471428571428572,192.85714285714286,250.0,8.428571428571429,12.257142857142854,252.85714285714286,-9.014285714285714
2015-03-06,0.29999999999999977,-1.8999999999999984,-16.014285714285716,3.6999999999999997,9.971428571428572,195.71428571428572,245.71428571428572,8.428571428571429,12.828571428571427,250.0,-8.1
2015-03-07,0.29999999999999977,-1.5714285714285698,-16.17142857142857,4.014285714285714,10.414285714285713,198.57142857142858,222.85714285714286,8.428571428571429,13.599999999999998,228.57142857142858,-8.12857142857143
2015-03-08,0.29999999999999977,-1.0999999999999983,-14.271428571428572,4.3,10.671428571428569,198.57142857142858,221.42857142857142,8.428571428571429,14.099999999999998,227.14285714285714,-7.0
2015-03-09,0.37142857142857116,-0.6428571428571414,-12.37142857142857,4.171428571428572,10.228571428571428,198.57142857142858,235.71428571428572,8.428571428571429,13.400000000000002,238.57142857142858,-5.828571428571428
2015-03-10,0.3285714285714283,0.30000000000000154,-11.342857142857143,4.071428571428571,9.585714285714285,195.71428571428572,234.28571428571428,4.714285714285714,12.642857142857142,231.42857142857142,-5.171428571428572
2015-03-11,0.1428571428571426,2.0285714285714302,-8.885714285714286,4.228571428571429,9.328571428571427,192.85714285714286,235.71428571428572,2.142857142857143,12.257142857142856,230.0,-3.3000000000000003
2015-03-12,0.1428571428571426,2.82857142857143,-8.185714285714285,4.271428571428571,9.257142857142856,178.57142857142858,254.28571428571428,2.142857142857143,12.142857142857142,250.0,-2.2714285714285714
2015-03-13,0.1428571428571426,3.2142857142857157,-6.671428571428572,4.6000000000000005,10.157142857142857,161.42857142857142,252.85714285714286,2.142857142857143,13.228571428571428,248.57142857142858,-1.4857142857142855
2015-03-14,0.1428571428571426,3.82857142857143,-4.928571428571429,4.328571428571428,10.028571428571427,140.0,258.57142857142856,2.142857142857143,12.97142857142857,257.14285714285717,-0.22857142857142826
2015-03-15,0.5428571428571426,4.771428571428573,-3.814285714285714,4.142857142857143,9.957142857142857,121.42857142857143,255.71428571428572,2.142857142857143,12.914285714285715,254.28571428571428,0.8714285714285718
2015-03-16,1.0857142857142854,5.085714285714287,-3.8857142857142857,4.371428571428571,10.528571428571428,102.85714285714286,262.85714285714283,6.571428571428571,13.685714285714283,267.14285714285717,1.228571428571429
2015-03-17,1.014285714285714,4.9142857142857155,-5.0,4.071428571428571,9.900000000000002,84.28571428571429,247.14285714285714,5.142857142857143,12.857142857142858,255.71428571428572,0.7428571428571432
2015-03-18,1.2714285714285711,4.200000000000002,-5.714285714285714,4.157142857142857,10.6,62.857142857142854,265.7142857142857,5.571428571428571,13.628571428571428,277.14285714285717,0.4714285714285717
2015-03-19,1.2714285714285711,2.157142857142859,-7.357142857142857,4.514285714285714,10.671428571428573,48.57142857142857,265.7142857142857,5.571428571428571,13.742857142857144,277.14285714285717,-1.4
2015-03-20,1.2714285714285711,1.6857142857142873,-7.8428571428571425,3.9714285714285715,9.842857142857143,41.42857142857143,271.42857142857144,5.571428571428571,13.114285714285714,280.0,-2.2714285714285714
2015-03-21,1.2714285714285711,2.0857142857142876,-7.685714285714285,4.457142857142857,10.542857142857143,34.285714285714285,267.14285714285717,5.571428571428571,14.071428571428571,271.42857142857144,-2.1142857142857143
2015-03-22,0.9142857142857139,2.0000000000000013,-8.328571428571427,4.957142857142857,11.314285714285715,27.142857142857142,288.57142857142856,5.571428571428571,15.028571428571427,290.0,-2.3285714285714287
2015-03-23,0.29999999999999977,0.7428571428571445,-9.200000000000001,5.142857142857143,11.257142857142856,20.0,290.0,0.42857142857142855,14.828571428571431,282.85714285714283,-3.414285714285714
2015-03-24,0.29999999999999977,-0.5857142857142842,-9.585714285714285,5.571428571428571,12.214285714285714,12.857142857142858,307.14285714285717,0.42857142857142855,15.914285714285713,300.0,-4.357142857142857
2015-03-25,0.0428571428571426,-0.8142857142857128,-10.614285714285714,4.871428571428572,10.685714285714285,8.571428571428571,308.57142857142856,0.0,14.12857142857143,294.2857142857143,-5.528571428571429
2015-03-26,0.0428571428571426,1.1428571428571443,-10.385714285714286,4.042857142857144,10.428571428571429,4.285714285714286,288.57142857142856,0.0,14.328571428571427,275.7142857142857,-4.7
2015-03-27,1.4285714285714284,2.4000000000000017,-8.571428571428571,4.171428571428572,10.299999999999999,0.0,264.2857142857143,0.0,14.257142857142858,252.85714285714286,-3.057142857142857
2015-03-28,1.5714285714285712,2.314285714285716,-7.457142857142856,3.914285714285714,9.799999999999999,0.0,290.0,0.0,13.685714285714285,278.57142857142856,-2.228571428571428
2015-03-29,1.5285714285714282,1.3714285714285732,-7.928571428571429,3.7571428571428576,9.414285714285713,0.0,290.0,0.0,13.042857142857144,282.85714285714283,-2.785714285714285
2015-03-30,1.5285714285714282,2.871428571428573,-7.700000000000001,3.2714285714285714,8.971428571428572,0.0,267.14285714285717,0.0,12.657142857142857,265.7142857142857,-2.242857142857143
2015-03-31,1.5285714285714282,4.371428571428574,-5.6571428571428575,3.5000000000000004,9.157142857142857,0.0,247.14285714285714,0.0,13.028571428571428,245.71428571428572,-0.4999999999999997
2015-04-01,1.5285714285714282,4.685714285714288,-4.457142857142857,3.771428571428572,9.342857142857142,0.0,204.28571428571428,0.0,13.142857142857142,254.28571428571428,0.6142857142857147
2015-04-02,1.5285714285714282,3.9000000000000017,-4.3,3.9285714285714293,8.9,0.0,224.28571428571428,0.0,12.114285714285714,271.42857142857144,0.40000000000000024
2015-04-03,0.1428571428571426,5.1714285714285735,-5.242857142857143,4.114285714285715,9.342857142857142,0.0,225.71428571428572,0.0,12.5,274.2857142857143,0.10000000000000021
2015-04-04,0.0,7.800000000000002,-3.7571428571428567,4.128571428571429,9.585714285714285,0.0,201.42857142857142,0.0,12.757142857142856,250.0,1.9000000000000001
2015-04-05,1.557142857142857,9.457142857142859,-2.8,4.2,9.9,4.285714285714286,202.85714285714286,2.5714285714285716,13.328571428571427,250.0,2.914285714285714
2015-04-06,1.557142857142857,9.457142857142859,-1.6857142857142855,4.2857142857142865,10.014285714285714,4.285714285714286,221.42857142857142,3.0,13.457142857142857,264.2857142857143,3.5142857142857147
2015-04-07,1.8142857142857143,9.214285714285717,-2.228571428571428,3.7142857142857144,9.257142857142856,4.285714285714286,222.85714285714286,3.0,12.442857142857145,268.57142857142856,3.1142857142857143
2015-04-08,1.8142857142857143,9.52857142857143,-2.0,3.8000000000000003,9.457142857142857,4.285714285714286,264.2857142857143,3.0,12.571428571428571,264.2857142857143,3.2285714285714286
2015-04-09,2.6857142857142855,10.085714285714287,-1.7571428571428573,3.6428571428571432,9.457142857142857,4.285714285714286,250.0,10.571428571428571,12.642857142857144,250.0,3.6571428571428575
2015-04-10,2.971428571428571,8.814285714285715,-1.042857142857143,3.4571428571428577,8.82857142857143,11.428571428571429,247.14285714285714,11.285714285714286,11.814285714285713,247.14285714285714,3.557142857142857
2015-04-11,3.3285714285714283,7.614285714285716,-1.8285714285714287,4.128571428571429,9.414285714285715,11.428571428571429,245.71428571428572,11.285714285714286,12.642857142857142,245.71428571428572,2.3714285714285714
2015-04-12,1.7714285714285711,7.700000000000001,-1.6000000000000003,4.042857142857143,9.028571428571428,7.142857142857143,244.28571428571428,8.714285714285714,12.528571428571428,240.0,2.942857142857143
2015-04-13,1.7714285714285711,9.757142857142858,-1.5142857142857145,3.8714285714285714,8.714285714285714,7.142857142857143,227.14285714285714,8.285714285714286,11.957142857142857,224.28571428571428,3.985714285714286
2015-04-14,1.514285714285714,12.614285714285714,-0.885714285714286,4.3428571428571425,9.542857142857143,7.142857142857143,227.14285714285714,8.285714285714286,13.099999999999998,221.42857142857142,5.771428571428572
2015-04-15,2.0571428571428565,14.200000000000001,-0.028571428571428786,4.328571428571429,10.371428571428572,7.142857142857143,224.28571428571428,8.285714285714286,14.128571428571428,215.71428571428572,7.557142857142857
2015-04-16,1.1857142857142853,15.071428571428571,0.5999999999999999,4.542857142857144,10.614285714285714,7.142857142857143,194.28571428571428,0.7142857142857143,14.442857142857141,231.42857142857142,8.571428571428571
2015-04-17,0.8999999999999997,16.814285714285717,0.37142857142857133,4.485714285714286,10.799999999999999,0.0,195.71428571428572,0.0,14.757142857142858,232.85714285714286,9.471428571428572
2015-04-18,1.0857142857142854,18.014285714285716,1.0857142857142856,3.842857142857143,10.214285714285714,0.0,197.14285714285714,0.0,13.928571428571429,232.85714285714286,10.62857142857143
2015-04-19,1.1999999999999997,19.114285714285717,1.8714285714285712,3.7,10.471428571428573,0.0,198.57142857142858,0.0,13.799999999999999,241.42857142857142,11.028571428571427
2015-04-20,1.1999999999999997,18.171428571428574,2.642857142857143,3.8714285714285714,10.6,0.0,220.0,0.0,13.985714285714284,262.85714285714283,10.985714285714286
2015-04-21,2.028571428571428,16.428571428571427,3.114285714285714,4.128571428571429,10.785714285714286,0.0,214.28571428571428,0.0,14.5,255.71428571428572,10.342857142857143
2015-04-22,3.814285714285714,15.714285714285714,3.357142857142857,3.9142857142857146,10.200000000000001,0.0,204.28571428571428,0.0,13.857142857142858,247.14285714285714,9.671428571428573
2015-04-23,5.271428571428571,15.55714285714286,3.8999999999999995,3.885714285714286,9.957142857142857,0.0,230.0,0.0,13.542857142857143,228.57142857142858,9.614285714285714
2015-04-24,5.271428571428571,14.057142857142859,4.6000000000000005,3.9285714285714293,9.771428571428572,0.0,245.71428571428572,0.0,13.22857142857143,247.14285714285714,9.22857142857143
2015-04-25,4.728571428571428,11.671428571428574,3.8,4.271428571428571,9.771428571428572,0.0,265.7142857142857,0.0,13.357142857142858,265.7142857142857,7.700000000000001
2015-04-26,4.614285714285714,10.571428571428571,3.3285714285714283,4.128571428571429,9.142857142857142,0.0,265.7142857142857,0.0,12.514285714285716,261.42857142857144,6.828571428571428
2015-04-27,4.614285714285714,10.485714285714286,3.728571428571428,4.042857142857144,9.014285714285714,0.0,264.2857142857143,0.0,12.585714285714287,264.2857142857143,6.9
2015-04-28,4.214285714285714,10.242857142857144,3.8142857142857136,3.6571428571428575,8.242857142857144,0.0,244.28571428571428,0.0,11.314285714285713,247.14285714285714,6.842857142857143
2015-04-29,1.885714285714285,10.642857142857142,3.8142857142857136,3.957142857142857,8.242857142857144,0.0,257.14285714285717,0.0,11.385714285714284,261.42857142857144,6.728571428571429
2015-04-30,0.42857142857142805,11.200000000000001,3.585714285714286,3.942857142857143,8.357142857142858,0.0,275.7142857142857,0.0,11.314285714285715,280.0,6.957142857142857
2015-05-01,0.42857142857142805,12.542857142857144,3.6571428571428575,3.7142857142857144,8.157142857142857,0.0,280.0,0.0,10.985714285714286,280.0,7.7
2015-05-02,0.42857142857142805,14.757142857142858,4.528571428571428,3.3428571428571425,8.157142857142858,0.0,278.57142857142856,0.0,10.6,281.42857142857144,9.257142857142856
2015-05-03,0.42857142857142805,16.728571428571428,4.914285714285714,3.1428571428571432,8.028571428571428,0.0,278.57142857142856,0.0,10.485714285714284,284.2857142857143,10.685714285714285
2015-05-04,0.42857142857142805,18.642857142857142,5.071428571428571,3.0142857142857147,8.1,0.0,258.57142857142856,0.0,10.285714285714286,261.42857142857144,11.885714285714286
2015-05-05,0.0,21.5,5.542857142857143,2.985714285714286,8.22857142857143,0.0,282.85714285714283,0.0,10.414285714285715,285.7142857142857,13.642857142857142
2015-05-06,0.0,22.3,6.1000000000000005,2.8285714285714287,8.1,0.0,284.2857142857143,0.0,10.085714285714287,287.14285714285717,14.871428571428572
2015-05-07,0.0,23.571428571428577,6.657142857142858,2.6142857142857143,7.471428571428571,0.0,284.2857142857143,0.0,9.514285714285714,285.7142857142857,15.757142857142856
2015-05-08,0.0,25.157142857142855,7.3,2.5142857142857147,7.285714285714286,0.0,268.57142857142856,0.0,9.328571428571427,277.14285714285717,16.914285714285715
2015-05-09,0.0,26.82857142857143,7.628571428571427,2.442857142857143,6.8428571428571425,0.0,242.85714285714286,0.0,8.942857142857141,251.42857142857142,17.928571428571427
2015-05-10,0.0,27.628571428571433,9.457142857142856,3.142857142857143,7.6000000000000005,0.0,222.85714285714286,0.0,10.028571428571428,230.0,19.214285714285715
2015-05-11,1.0857142857142852,28.099999999999998,10.328571428571427,3.557142857142857,8.042857142857143,0.0,222.85714285714286,0.0,10.87142857142857,230.0,20.099999999999998
2015-05-12,3.442857142857142,26.042857142857144,10.642857142857142,3.285714285714286,7.6000000000000005,0.0,241.42857142857142,0.0,10.228571428571428,245.71428571428572,19.157142857142862
2015-05-13,4.2714285714285705,26.671428571428574,11.200000000000001,3.6571428571428575,7.928571428571429,0.0,234.28571428571428,0.0,11.185714285714285,237.14285714285714,19.2
2015-05-14,4.3428571428571425,25.314285714285717,11.114285714285714,4.085714285714286,8.757142857142856,0.0,234.28571428571428,0.0,12.142857142857142,238.57142857142858,18.742857142857144
2015-05-15,4.3428571428571425,23.814285714285717,10.314285714285715,4.114285714285715,8.885714285714284,0.0,205.71428571428572,0.0,12.457142857142857,247.14285714285714,17.657142857142855
2015-05-16,4.3428571428571425,22.542857142857144,9.271428571428572,4.128571428571429,8.957142857142857,0.0,214.28571428571428,0.0,12.642857142857142,255.71428571428572,16.485714285714284
2015-05-17,4.699999999999998,21.74285714285714,8.871428571428572,3.7142857142857144,8.385714285714284,0.0,218.57142857142858,0.0,12.0,258.57142857142856,15.814285714285715
2015-05-18,3.6142857142857134,21.342857142857145,8.957142857142857,3.2857142857142856,7.814285714285714,0.0,241.42857142857142,0.0,11.228571428571428,234.28571428571428,15.442857142857141
2015-05-19,1.2571428571428562,23.314285714285717,8.957142857142857,3.6142857142857148,8.328571428571427,0.0,222.85714285714286,0.0,12.0,217.14285714285714,16.45714285714286
2015-05-20,0.47142857142857036,23.314285714285717,9.185714285714285,3.6714285714285717,8.257142857142856,0.0,224.28571428571428,0.0,11.757142857142858,221.42857142857142,16.828571428571426
2015-05-21,0.39999999999999897,23.24285714285714,9.342857142857143,3.842857142857143,8.385714285714286,0.0,227.14285714285714,0.0,11.885714285714286,222.85714285714286,16.928571428571427
2015-05-22,0.39999999999999897,23.48571428571429,9.742857142857144,4.1000000000000005,8.757142857142856,0.0,252.85714285714286,0.0,12.085714285714285,204.28571428571428,17.142857142857142
2015-05-23,0.39999999999999897,22.614285714285717,10.071428571428571,4.557142857142858,9.385714285714286,0.0,270.0,0.0,12.857142857142858,225.71428571428572,17.22857142857143
2015-05-24,0.0857142857142847,21.67142857142857,8.571428571428571,4.614285714285715,9.385714285714286,0.0,284.2857142857143,0.0,12.72857142857143,242.85714285714286,15.9
2015-05-25,0.0857142857142847,21.914285714285715,8.328571428571427,4.971428571428572,9.571428571428571,0.0,268.57142857142856,0.0,12.914285714285715,277.14285714285717,15.528571428571428
2015-05-26,0.3428571428571418,21.042857142857144,9.285714285714286,4.757142857142858,9.257142857142856,0.0,268.57142857142856,0.0,12.4,278.57142857142856,15.514285714285714
2015-05-27,0.29999999999999905,21.842857142857145,9.842857142857143,4.371428571428572,8.814285714285713,0.0,251.42857142857142,0.0,11.557142857142855,260.0,15.900000000000002
2015-05-28,0.4142857142857133,24.057142857142857,11.985714285714286,4.357142857142857,8.742857142857142,0.0,230.0,0.0,11.5,235.71428571428572,17.585714285714285
2015-05-29,1.0285714285714276,24.928571428571434,13.571428571428571,4.3999999999999995,8.557142857142857,0.0,242.85714285714286,0.0,11.500000000000002,237.14285714285714,18.828571428571426
2015-05-30,1.0285714285714276,26.514285714285716,14.600000000000003,3.885714285714286,7.799999999999999,0.0,221.42857142857142,0.0,10.485714285714284,212.85714285714286,19.699999999999996
2015-05-31,3.999999999999999,28.414285714285715,16.814285714285713,4.214285714285714,8.371428571428572,0.0,201.42857142857142,0.0,11.5,192.85714285714286,21.771428571428572
2015-06-01,5.814285714285712,27.457142857142856,16.342857142857145,4.285714285714286,8.885714285714286,0.0,217.14285714285714,0.0,12.142857142857142,205.71428571428572,21.2
2015-06-02,7.842857142857142,26.028571428571432,15.142857142857142,4.128571428571429,8.628571428571428,0.0,210.0,0.0,11.828571428571427,195.71428571428572,19.842857142857145
2015-06-03,7.914285714285713,23.728571428571428,13.557142857142859,3.8285714285714287,8.628571428571428,0.0,232.85714285714286,0.0,11.771428571428572,218.57142857142858,18.099999999999998
2015-06-04,7.799999999999999,21.900000000000002,11.257142857142856,3.3000000000000003,7.742857142857143,0.0,245.71428571428572,0.0,10.87142857142857,242.85714285714286,16.057142857142857
2015-06-05,7.185714285714285,21.657142857142862,9.914285714285715,3.214285714285715,7.685714285714285,0.0,234.28571428571428,0.0,10.614285714285714,242.85714285714286,15.185714285714285
2015-06-06,9.214285714285714,21.1,10.542857142857143,3.5428571428571436,8.071428571428571,0.0,237.14285714285714,0.0,11.314285714285715,244.28571428571428,15.057142857142859
2015-06-07,6.242857142857141,19.357142857142858,8.885714285714284,3.357142857142857,7.942857142857142,0.0,258.57142857142856,0.0,10.685714285714285,264.2857142857143,13.885714285714286
2015-06-08,4.428571428571428,19.671428571428574,8.414285714285715,3.1999999999999997,7.999999999999999,0.0,234.28571428571428,0.0,10.87142857142857,241.42857142857142,13.971428571428572
2015-06-09,4.2142857142857135,20.785714285714285,9.12857142857143,3.885714285714286,9.014285714285714,0.0,241.42857142857142,0.0,12.328571428571427,250.0,15.014285714285716
2015-06-10,9.657142857142857,22.12857142857143,10.328571428571427,4.000000000000001,9.014285714285714,0.0,240.0,0.0,12.385714285714284,248.57142857142858,16.12857142857143
2015-06-11,9.657142857142857,23.32857142857143,11.671428571428573,4.328571428571428,9.77142857142857,0.0,227.14285714285714,0.0,13.085714285714285,227.14285714285714,17.37142857142857
2015-06-12,9.657142857142857,23.571428571428573,13.099999999999998,4.5,10.014285714285714,0.0,225.71428571428572,0.0,13.4,225.71428571428572,18.442857142857143
2015-06-13,12.857142857142858,23.72857142857143,12.942857142857145,4.171428571428572,9.942857142857141,0.0,245.71428571428572,0.0,12.942857142857141,244.28571428571428,18.52857142857143
2015-06-14,12.814285714285713,24.914285714285715,14.057142857142855,3.8714285714285714,9.442857142857141,0.0,247.14285714285714,0.0,12.357142857142858,244.28571428571428,19.157142857142862
2015-06-15,12.814285714285713,25.24285714285714,15.242857142857144,3.528571428571429,8.428571428571429,0.0,261.42857142857144,0.0,10.957142857142857,258.57142857142856,20.014285714285716
2015-06-16,12.157142857142857,25.32857142857143,15.485714285714286,2.985714285714286,7.542857142857143,0.0,255.71428571428572,0.0,9.685714285714287,254.28571428571428,20.099999999999998
2015-06-17,7.985714285714285,25.32857142857143,15.714285714285714,3.1571428571428575,7.542857142857144,0.0,237.14285714285714,0.0,10.014285714285714,232.85714285714286,20.114285714285717
2015-06-18,7.985714285714285,24.842857142857145,15.328571428571427,2.8714285714285714,7.485714285714286,0.0,261.42857142857144,0.0,10.014285714285714,257.14285714285717,19.985714285714288
2015-06-19,9.442857142857141,24.75714285714286,14.842857142857142,3.1000000000000005,8.0,0.0,261.42857142857144,0.0,10.6,260.0,19.485714285714288
2015-06-20,4.3999999999999995,24.21428571428572,13.971428571428572,3.3714285714285714,8.0,0.0,260.0,0.0,10.8,262.85714285714283,19.357142857142858
2015-06-21,4.614285714285713,24.142857142857142,12.928571428571429,3.5142857142857147,8.371428571428572,0.0,238.57142857142858,0.0,11.257142857142856,241.42857142857142,18.914285714285715
2015-06-22,8.457142857142856,24.45714285714286,13.557142857142859,3.585714285714286,8.557142857142859,0.0,222.85714285714286,0.0,11.328571428571427,224.28571428571428,19.057142857142857
2015-06-23,7.042857142857143,25.24285714285714,13.714285714285714,3.357142857142857,8.3,0.0,252.85714285714286,0.0,11.014285714285716,250.0,19.542857142857144
2015-06-24,7.728571428571427,25.87142857142857,13.871428571428572,3.628571428571429,8.742857142857144,0.0,251.42857142857142,0.0,11.528571428571428,261.42857142857144,19.914285714285715
2015-06-25,7.942857142857142,26.2,14.428571428571429,3.7142857142857144,9.257142857142856,0.0,247.14285714285714,0.0,12.099999999999998,258.57142857142856,20.25714285714286
2015-06-26,6.485714285714285,25.88571428571429,14.514285714285716,3.128571428571429,8.371428571428572,0.0,221.42857142857142,0.0,11.128571428571428,281.42857142857144,20.157142857142855
2015-06-27,6.299999999999999,26.599999999999998,14.985714285714286,2.8857142857142857,8.371428571428572,0.0,224.28571428571428,0.0,11.128571428571428,281.42857142857144,20.32857142857143
2015-06-28,6.0857142857142845,26.271428571428572,15.314285714285713,2.585714285714286,7.871428571428572,0.0,218.57142857142858,0.0,10.614285714285714,278.57142857142856,20.457142857142856
2015-06-29,5.5857142857142845,24.914285714285715,14.6,2.6714285714285713,8.2,0.0,214.28571428571428,0.0,11.114285714285714,274.2857142857143,19.742857142857144
2015-06-30,5.657142857142857,24.042857142857144,13.971428571428572,2.6714285714285713,8.2,0.0,192.85714285714286,0.0,10.985714285714284,255.71428571428572,18.857142857142858
2015-07-01,3.7428571428571416,23.571428571428573,13.1,2.2285714285714286,7.628571428571429,0.0,194.28571428571428,0.0,10.142857142857142,247.14285714285714,18.271428571428572
2015-07-02,10.928571428571427,23.400000000000002,13.328571428571431,2.257142857142857,6.8,0.0,188.57142857142858,0.0,9.257142857142856,240.0,17.985714285714288
2015-07-03,10.928571428571427,23.47142857142857,13.014285714285714,2.5142857142857147,6.857142857142857,0.0,224.28571428571428,0.0,9.457142857142857,228.57142857142858,18.12857142857143
2015-07-04,10.928571428571427,23.47142857142857,12.457142857142857,2.3714285714285714,6.414285714285714,0.0,198.57142857142858,0.0,8.885714285714284,208.57142857142858,17.885714285714286
2015-07-05,12.457142857142856,23.314285714285713,12.842857142857143,2.5428571428571436,6.6000000000000005,0.0,204.28571428571428,0.0,9.200000000000001,214.28571428571428,17.928571428571427
2015-07-06,9.114285714285712,24.671428571428574,13.085714285714285,2.4714285714285715,6.214285714285714,0.0,215.71428571428572,0.0,8.62857142857143,222.85714285714286,18.6
2015-07-07,9.042857142857141,25.785714285714285,13.4,2.485714285714286,6.271428571428571,0.0,214.28571428571428,0.0,8.814285714285713,220.0,19.485714285714288
2015-07-08,8.928571428571427,26.25714285714286,14.357142857142858,2.971428571428572,6.785714285714286,0.0,212.85714285714286,0.0,9.4,217.14285714285714,20.414285714285715
2015-07-09,1.957142857142856,26.257142857142856,13.957142857142857,3.128571428571429,7.4142857142857155,0.0,220.0,0.0,10.171428571428573,224.28571428571428,20.814285714285713
2015-07-10,1.957142857142856,26.1,14.185714285714285,2.9142857142857146,7.357142857142857,0.0,208.57142857142858,0.0,9.914285714285715,212.85714285714286,20.642857142857142
2015-07-11,1.957142857142856,26.485714285714288,15.142857142857142,3.0714285714285716,7.742857142857143,0.0,230.0,0.0,10.357142857142858,234.28571428571428,21.25714285714286
2015-07-12,0.42857142857142755,27.6,15.385714285714286,2.942857142857143,7.428571428571429,0.0,227.14285714285714,0.0,9.785714285714286,232.85714285714286,21.885714285714283
2015-07-13,0.42857142857142755,28.157142857142855,15.942857142857141,2.8714285714285714,7.428571428571429,0.0,224.28571428571428,0.0,9.857142857142858,231.42857142857142,22.52857142857143
2015-07-14,0.42857142857142755,28.47142857142857,16.571428571428573,2.985714285714286,7.628571428571429,0.0,218.57142857142858,0.0,10.171428571428573,232.85714285714286,23.0
2015-07-15,1.0857142857142847,28.55714285714286,16.97142857142857,2.7857142857142856,7.428571428571429,0.0,220.0,0.0,9.842857142857142,235.71428571428572,23.085714285714285
2015-07-16,0.9428571428571418,28.171428571428574,16.9,2.900000000000001,7.242857142857143,0.0,218.57142857142858,0.0,9.457142857142857,234.28571428571428,22.75714285714286
2015-07-17,0.9428571428571418,28.17142857142857,16.428571428571427,2.9571428571428577,7.371428571428572,0.0,240.0,0.0,9.514285714285714,255.71428571428572,22.599999999999998
2015-07-18,0.9857142857142847,27.85714285714286,15.642857142857142,3.0142857142857147,7.42857142857143,0.0,221.42857142857142,0.0,9.642857142857142,234.28571428571428,22.042857142857144
2015-07-19,2.37142857142857,27.614285714285717,16.2,3.3714285714285714,8.0,0.0,224.28571428571428,0.0,10.542857142857143,232.85714285714286,22.057142857142857
2015-07-20,2.77142857142857,27.614285714285717,16.442857142857143,3.585714285714286,8.257142857142858,0.0,221.42857142857142,0.0,10.857142857142858,234.28571428571428,21.985714285714288
2015-07-21,2.77142857142857,27.614285714285717,16.37142857142857,3.6000000000000005,8.257142857142856,0.0,225.71428571428572,0.0,10.728571428571428,232.85714285714286,22.057142857142857
2015-07-22,4.285714285714285,27.371428571428574,15.728571428571428,3.414285714285714,8.642857142857142,0.0,238.57142857142858,0.0,11.428571428571429,244.28571428571428,21.671428571428574
2015-07-23,4.728571428571428,27.842857142857145,15.885714285714286,3.0,8.200000000000001,0.0,237.14285714285714,0.0,10.785714285714286,242.85714285714286,21.714285714285715
2015-07-24,4.728571428571428,28.08571428571429,16.914285714285715,2.957142857142857,8.128571428571428,0.0,234.28571428571428,0.0,10.785714285714286,241.42857142857142,22.214285714285715
2015-07-25,5.228571428571428,27.842857142857138,17.54285714285714,2.771428571428572,7.871428571428572,0.0,258.57142857142856,0.0,10.342857142857142,264.2857142857143,22.314285714285713
2015-07-26,3.8428571428571416,27.685714285714287,16.82857142857143,2.3714285714285714,7.3,0.0,257.14285714285717,0.0,9.442857142857141,265.7142857142857,22.014285714285712
2015-07-27,3.4857142857142844,27.285714285714285,16.74285714285714,2.4142857142857146,7.299999999999999,0.0,258.57142857142856,0.0,9.5,264.2857142857143,21.771428571428572
2015-07-28,3.4857142857142844,27.214285714285715,16.65714285714286,2.2857142857142856,7.3,0.0,282.85714285714283,0.0,9.5,288.57142857142856,21.485714285714288
2015-07-29,1.97142857142857,27.77142857142857,16.97142857142857,2.1,6.414285714285714,0.0,267.14285714285717,0.0,8.1,274.2857142857143,21.82857142857143
2015-07-30,1.6428571428571412,29.04285714285714,17.6,2.0571428571428574,6.414285714285714,0.0,264.2857142857143,0.0,8.357142857142858,268.57142857142856,22.657142857142855
2015-07-31,1.928571428571427,29.442857142857147,18.085714285714285,2.242857142857143,6.614285714285715,0.0,245.71428571428572,0.0,8.685714285714287,247.14285714285714,23.2
2015-08-01,1.3857142857142841,30.0,18.557142857142857,2.4142857142857146,6.814285714285714,0.0,237.14285714285714,0.0,9.12857142857143,231.42857142857142,23.842857142857145
2015-08-02,1.4571428571428555,29.928571428571427,19.185714285714287,2.6571428571428575,6.942857142857143,0.0,255.71428571428572,0.0,9.571428571428571,248.57142857142858,24.171428571428574
2015-08-03,1.414285714285713,29.842857142857145,18.38571428571429,2.7571428571428576,6.942857142857143,0.0,252.85714285714286,0.0,9.700000000000001,247.14285714285714,23.985714285714288
2015-08-04,1.414285714285713,29.842857142857145,18.47142857142857,3.1428571428571432,7.185714285714285,0.0,230.0,0.0,10.414285714285715,224.28571428571428,24.214285714285715
2015-08-05,0.7999999999999987,29.057142857142853,18.15714285714286,3.3142857142857145,7.5,0.0,251.42857142857142,0.0,10.928571428571429,244.28571428571428,23.87142857142857
2015-08-06,0.5428571428571416,27.942857142857147,17.771428571428572,3.4285714285714293,7.742857142857143,0.0,250.0,0.0,11.057142857142859,247.14285714285714,23.157142857142855
2015-08-07,0.2571428571428559,27.62857142857143,17.371428571428574,3.4571428571428577,7.671428571428571,0.0,270.0,0.0,11.057142857142859,267.14285714285717,22.571428571428573
2015-08-08,0.2571428571428559,27.071428571428577,16.742857142857144,3.3428571428571425,7.471428571428572,0.0,274.2857142857143,0.0,10.671428571428573,282.85714285714283,22.057142857142853
2015-08-09,0.18571428571428444,26.514285714285712,15.799999999999999,3.1000000000000005,7.3999999999999995,0.0,275.7142857142857,0.0,10.3,285.7142857142857,21.314285714285713
2015-08-10,0.18571428571428444,26.442857142857143,15.72857142857143,2.771428571428572,6.942857142857143,0.0,298.57142857142856,0.0,9.671428571428573,304.2857142857143,21.071428571428573
2015-08-11,0.18571428571428444,26.271428571428572,15.171428571428573,2.6571428571428575,7.014285714285714,0.0,295.7142857142857,0.0,9.414285714285713,302.85714285714283,20.614285714285717
2015-08-12,3.657142857142856,25.942857142857147,15.257142857142856,2.7285714285714286,7.528571428571429,0.0,275.7142857142857,0.0,10.299999999999999,285.7142857142857,20.457142857142856
2015-08-13,4.171428571428571,25.942857142857143,15.328571428571427,2.757142857142857,7.657142857142857,0.0,278.57142857142856,0.0,10.485714285714286,290.0,20.557142857142857
2015-08-14,4.171428571428571,25.942857142857143,15.171428571428569,2.5142857142857147,7.342857142857143,0.0,272.85714285714283,0.0,9.842857142857143,285.7142857142857,20.514285714285712
2015-08-15,4.6,26.5,15.085714285714287,2.7142857142857144,7.785714285714286,0.0,254.28571428571428,0.0,10.414285714285715,262.85714285714283,20.642857142857142
2015-08-16,4.671428571428571,27.285714285714285,16.271428571428572,2.785714285714286,7.728571428571429,0.0,237.14285714285714,0.0,10.214285714285714,242.85714285714286,21.457142857142856
2015-08-17,4.671428571428571,27.599999999999998,16.985714285714284,2.8142857142857145,7.8,0.0,217.14285714285714,0.0,10.142857142857142,224.28571428571428,21.871428571428574
2015-08-18,4.671428571428571,28.0,17.54285714285714,2.6000000000000005,7.1000000000000005,0.0,221.42857142857142,0.0,9.816666666666666,231.66666666666666,22.314285714285713
2015-08-19,1.1571428571428561,29.200000000000006,17.77142857142857,2.357142857142857,6.142857142857143,0.0,224.28571428571428,0.0,8.116666666666667,231.66666666666666,22.985714285714284
2015-08-20,0.499999999999999,30.071428571428573,18.41428571428571,2.5571428571428574,6.014285714285714,0.0,207.14285714285714,0.0,8.049999999999999,210.0,23.742857142857144
2015-08-21,0.499999999999999,31.099999999999998,19.442857142857143,3.1714285714285717,6.714285714285715,0.0,192.85714285714286,0.0,9.4,193.33333333333334,24.8
2015-08-22,2.2428571428571416,30.942857142857143,20.157142857142855,3.0571428571428574,6.3999999999999995,0.0,190.0,0.0,9.033333333333333,188.33333333333334,25.17142857142857
2015-08-23,2.1714285714285704,30.62857142857143,19.685714285714283,2.9285714285714284,6.4,0.0,208.57142857142858,0.0,9.116666666666667,215.0,24.95714285714286
2015-08-24,2.1714285714285704,30.47142857142857,19.214285714285715,2.8285714285714287,6.4,0.0,231.42857142857142,0.0,9.200000000000001,243.33333333333334,24.728571428571428
2015-08-25,2.1714285714285704,30.157142857142855,19.214285714285715,3.0142857142857147,7.028571428571429,0.0,247.14285714285714,0.0,9.614285714285714,237.14285714285714,24.557142857142857
2015-08-26,2.2428571428571416,29.285714285714285,19.057142857142857,3.085714285714286,7.542857142857144,0.0,267.14285714285717,0.0,10.242857142857144,258.57142857142856,24.028571428571432
2015-08-27,2.2428571428571416,28.342857142857145,18.342857142857145,2.7428571428571433,7.042857142857144,0.0,287.14285714285717,0.0,9.414285714285715,277.14285714285717,23.214285714285715
2015-08-28,2.2428571428571416,27.071428571428573,17.071428571428573,2.1428571428571432,6.3999999999999995,0.0,305.7142857142857,0.0,8.457142857142857,292.85714285714283,22.1
2015-08-29,0.07142857142857041,26.914285714285715,16.357142857142858,1.9000000000000001,6.085714285714286,0.0,331.42857142857144,0.0,8.014285714285714,318.57142857142856,21.557142857142857
2015-08-30,0.07142857142857041,26.75714285714286,15.871428571428572,1.8714285714285717,6.085714285714286,0.0,311.42857142857144,0.0,8.142857142857142,304.2857142857143,21.11428571428571
2015-08-31,0.07142857142857041,26.67142857142857,16.1,1.8571428571428574,6.014285714285714,0.0,287.14285714285717,0.0,8.071428571428571,282.85714285714283,21.214285714285715
2015-09-01,0.07142857142857041,26.585714285714285,15.700000000000001,1.6857142857142862,5.8999999999999995,0.0,290.0,0.0,7.871428571428571,301.42857142857144,21.014285714285716
2015-09-02,0.0,26.97142857142857,15.314285714285715,1.5714285714285716,5.314285714285715,0.0,268.57142857142856,0.0,7.114285714285715,280.0,20.942857142857143
2015-09-03,0.0,27.757142857142856,15.071428571428571,1.5571428571428574,5.314285714285715,0.0,248.57142857142858,0.0,7.171428571428571,258.57142857142856,21.17142857142857
2015-09-04,0.0,28.47142857142857,14.985714285714284,1.5428571428571431,5.571428571428571,0.0,252.85714285714286,0.0,7.414285714285714,261.42857142857144,21.714285714285715
2015-09-05,0.0,28.628571428571426,14.671428571428573,1.5857142857142859,5.571428571428571,0.0,250.0,0.0,7.414285714285714,262.85714285714283,21.642857142857142
2015-09-06,0.0,29.342857142857145,14.757142857142856,1.5857142857142859,5.757142857142858,0.0,251.42857142857142,0.0,7.542857142857144,255.71428571428572,22.014285714285716
2015-09-07,0.0,29.900000000000002,14.528571428571428,1.8857142857142861,6.142857142857143,0.0,254.28571428571428,0.0,7.985714285714286,255.71428571428572,22.114285714285717
2015-09-08,0.0,30.614285714285717,15.400000000000002,2.1714285714285717,6.071428571428571,0.0,234.28571428571428,0.0,7.8571428571428585,235.71428571428572,22.728571428571428
2015-09-09,1.2285714285714275,30.857142857142858,16.34285714285714,2.2285714285714286,6.328571428571428,0.0,258.57142857142856,0.0,8.171428571428573,210.0,23.300000000000004
2015-09-10,1.4857142857142847,31.17142857142857,16.97142857142857,2.542857142857143,7.085714285714286,0.0,277.14285714285717,0.0,9.071428571428571,231.42857142857142,23.714285714285715
2015-09-11,1.4857142857142847,30.457142857142856,17.52857142857143,2.4571428571428577,6.771428571428571,0.0,277.14285714285717,0.0,8.571428571428571,231.42857142857142,23.328571428571426
2015-09-12,1.4857142857142847,30.300000000000004,18.0,2.571428571428572,7.028571428571429,0.0,277.14285714285717,0.0,8.885714285714286,225.71428571428572,23.528571428571432
2015-09-13,1.6285714285714277,29.428571428571427,17.914285714285715,2.6428571428571432,6.8999999999999995,0.0,297.14285714285717,0.0,8.685714285714287,245.71428571428572,23.071428571428573
2015-09-14,4.828571428571427,28.085714285714285,17.82857142857143,2.5571428571428574,6.971428571428572,0.0,287.14285714285717,0.0,8.685714285714287,235.71428571428572,22.41428571428571
2015-09-15,4.97142857142857,26.11428571428571,16.642857142857142,2.4142857142857146,6.914285714285714,0.0,301.42857142857144,0.0,8.814285714285715,250.0,20.885714285714283
2015-09-16,3.742857142857141,25.714285714285715,15.457142857142857,2.4714285714285715,6.9142857142857155,0.0,290.0,0.0,8.885714285714286,287.14285714285717,20.17142857142857
2015-09-17,3.4857142857142844,25.157142857142855,14.671428571428573,2.1142857142857143,6.028571428571429,0.0,271.42857142857144,0.0,7.8571428571428585,267.14285714285717,19.47142857142857
2015-09-18,3.4857142857142844,26.028571428571432,14.114285714285714,2.1,5.9,0.0,254.28571428571428,0.0,7.985714285714286,250.0,19.61428571428571
2015-09-19,3.4857142857142844,26.58571428571429,14.2,2.271428571428572,6.028571428571428,0.0,234.28571428571428,0.0,8.114285714285714,228.57142857142858,19.8
2015-09-20,3.7428571428571416,27.214285714285715,15.157142857142857,2.828571428571429,6.671428571428572,0.0,212.85714285714286,0.0,9.200000000000001,208.57142857142858,20.614285714285717
2015-09-21,0.6142857142857132,26.814285714285713,14.200000000000001,3.0428571428571436,6.985714285714286,0.0,242.85714285714286,0.0,9.714285714285714,231.42857142857142,20.457142857142856
2015-09-22,0.47142857142857036,26.97142857142857,13.085714285714285,2.7,6.728571428571429,0.0,241.42857142857142,0.0,9.085714285714285,230.0,19.957142857142856
2015-09-23,0.47142857142857036,26.25714285714286,12.614285714285716,2.7285714285714286,6.728571428571429,0.0,220.0,0.0,8.957142857142857,217.14285714285714,19.271428571428572
2015-09-24,0.47142857142857036,25.714285714285715,11.657142857142857,2.6714285714285717,6.6571428571428575,0.0,197.14285714285714,0.0,8.9,192.85714285714286,18.585714285714285
2015-09-25,0.47142857142857036,24.599999999999998,11.028571428571428,2.885714285714286,6.971428571428571,0.0,214.28571428571428,0.0,9.271428571428572,210.0,17.842857142857145
2015-09-26,0.47142857142857036,22.928571428571427,9.914285714285715,2.7142857142857144,6.771428571428572,0.0,238.57142857142858,0.0,9.014285714285714,187.14285714285714,16.52857142857143
2015-09-27,0.07142857142857041,21.671428571428574,7.528571428571429,2.1428571428571432,6.071428571428571,0.0,258.57142857142856,0.0,7.928571428571429,202.85714285714286,14.72857142857143
2015-09-28,0.0,22.142857142857142,7.142857142857143,2.1285714285714286,5.885714285714286,0.0,237.14285714285714,0.0,7.671428571428572,190.0,14.214285714285714
2015-09-29,0.04285714285714184,22.457142857142856,8.571428571428571,2.7857142857142856,6.457142857142857,0.0,224.28571428571428,0.0,8.62857142857143,175.71428571428572,15.028571428571428
2015-09-30,7.442857142857141,22.457142857142856,9.114285714285714,3.185714285714286,6.971428571428571,0.0,252.85714285714286,0.0,9.257142857142856,175.71428571428572,15.757142857142856
2015-10-01,12.199999999999998,20.857142857142858,9.357142857142858,3.9142857142857146,7.928571428571429,0.0,297.14285714285717,0.0,10.6,218.57142857142858,15.37142857142857
2015-10-02,12.199999999999998,19.742857142857144,8.799999999999999,4.185714285714286,8.242857142857144,0.0,297.14285714285717,0.0,10.928571428571429,172.85714285714286,14.400000000000002
2015-10-03,12.199999999999998,18.87142857142857,8.242857142857144,4.514285714285714,8.5,0.0,297.14285714285717,0.0,11.37142857142857,222.85714285714286,13.728571428571428
2015-10-04,12.199999999999998,18.157142857142855,8.085714285714285,4.6571428571428575,8.757142857142856,0.0,255.71428571428572,0.0,11.757142857142856,182.85714285714286,13.285714285714286
2015-10-05,12.199999999999998,17.12857142857143,7.757142857142858,4.357142857142857,8.371428571428572,0.0,272.85714285714283,0.0,11.12857142857143,200.0,12.62857142857143
2015-10-06,12.157142857142857,16.257142857142856,5.7,3.7,7.8,0.0,274.2857142857143,0.0,10.171428571428573,202.85714285714286,11.299999999999999
2015-10-07,4.757142857142855,15.385714285714286,4.828571428571429,3.1000000000000005,7.028571428571429,0.0,231.42857142857142,0.0,9.214285714285714,227.14285714285714,9.971428571428572
2015-10-08,0.0,16.271428571428572,5.071428571428571,2.6142857142857143,6.5857142857142845,0.0,234.28571428571428,0.0,8.5,182.85714285714286,10.157142857142858
2015-10-09,0.0,16.271428571428572,4.6,2.1285714285714286,6.085714285714286,0.0,187.14285714285714,0.0,7.671428571428572,230.0,10.228571428571428
2015-10-10,2.642857142857142,16.82857142857143,5.085714285714286,2.042857142857143,6.3999999999999995,0.0,182.85714285714286,0.0,8.0,224.28571428571428,10.514285714285716
2015-10-11,2.642857142857142,16.271428571428572,5.328571428571428,2.085714285714286,6.771428571428572,0.0,224.28571428571428,0.0,8.514285714285714,265.7142857142857,10.571428571428571
2015-10-12,2.642857142857142,16.67142857142857,5.971428571428571,2.528571428571429,7.342857142857143,0.0,205.71428571428572,0.0,9.471428571428572,248.57142857142858,10.871428571428572
2015-10-13,2.642857142857142,17.614285714285714,7.628571428571428,3.1142857142857143,7.8428571428571425,0.0,202.85714285714286,0.0,10.228571428571428,247.14285714285714,12.028571428571428
2015-10-14,2.828571428571428,18.014285714285712,8.185714285714285,3.628571428571429,8.542857142857143,0.0,222.85714285714286,0.0,11.385714285714284,224.28571428571428,12.771428571428572
2015-10-15,2.828571428571428,17.12857142857143,7.628571428571428,3.942857142857143,8.8,0.0,218.57142857142858,0.0,11.457142857142857,270.0,12.514285714285714
2015-10-16,2.899999999999999,17.457142857142856,7.1571428571428575,4.371428571428572,9.185714285714285,0.0,244.28571428571428,0.0,12.214285714285714,250.0,12.342857142857143
2015-10-17,0.9428571428571418,16.82857142857143,7.0,4.342857142857143,8.942857142857143,0.0,237.14285714285714,0.0,12.214285714285714,245.71428571428572,12.357142857142856
2015-10-18,1.2714285714285702,16.27142857142857,6.442857142857143,4.500000000000001,9.071428571428571,0.0,235.71428571428572,0.0,12.4,245.71428571428572,11.914285714285713
2015-10-19,1.2714285714285702,14.37142857142857,4.942857142857142,4.185714285714286,9.0,0.0,258.57142857142856,0.0,12.200000000000001,265.7142857142857,10.499999999999998
2015-10-20,1.3142857142857132,12.157142857142857,2.257142857142857,4.071428571428572,9.257142857142856,0.0,260.0,0.0,12.657142857142858,264.2857142857143,8.185714285714285
2015-10-21,1.3428571428571419,11.757142857142856,1.3857142857142857,4.142857142857143,9.585714285714285,0.0,261.42857142857144,0.0,12.914285714285715,264.2857142857143,7.185714285714285
2015-10-22,1.3428571428571419,11.285714285714286,1.457142857142857,3.7571428571428576,8.885714285714284,0.0,262.85714285714283,0.0,12.342857142857142,265.7142857142857,6.842857142857142
2015-10-23,1.6714285714285704,11.914285714285715,2.3999999999999995,4.028571428571429,9.585714285714285,0.0,262.85714285714283,0.0,12.928571428571429,285.7142857142857,7.514285714285714
2015-10-24,0.9857142857142847,11.27142857142857,1.3714285714285714,4.2,10.085714285714285,0.0,270.0,0.0,13.185714285714285,292.85714285714283,7.028571428571428
2015-10-25,0.657142857142856,11.585714285714285,1.0714285714285714,4.485714285714286,10.414285714285713,0.0,250.0,0.0,13.700000000000001,271.42857142857144,6.7
2015-10-26,1.0857142857142847,13.014285714285716,2.414285714285714,5.028571428571429,11.185714285714285,0.0,227.14285714285714,0.0,14.857142857142858,248.57142857142858,7.971428571428571
2015-10-27,1.0428571428571418,13.085714285714285,3.1285714285714286,4.8,10.614285714285714,0.0,247.14285714285714,0.0,14.014285714285714,270.0,8.77142857142857
2015-10-28,0.8285714285714275,12.214285714285714,1.8714285714285714,4.200000000000001,9.457142857142857,0.0,250.0,0.0,12.471428571428572,274.2857142857143,7.785714285714286
2015-10-29,4.2714285714285705,12.214285714285714,0.7714285714285714,4.342857142857143,10.214285714285714,0.0,225.71428571428572,0.0,13.685714285714285,245.71428571428572,6.957142857142856
2015-10-30,6.814285714285714,11.814285714285715,1.0142857142857142,4.071428571428572,9.700000000000001,0.0,232.85714285714286,0.0,13.228571428571428,230.0,6.828571428571428
2015-10-31,6.928571428571428,12.3,1.0142857142857142,4.028571428571429,9.642857142857142,0.0,231.42857142857142,0.0,13.157142857142858,220.0,6.971428571428571
2015-11-01,6.928571428571428,12.142857142857142,0.8571428571428569,3.3714285714285714,8.557142857142859,0.0,235.71428571428572,0.0,11.557142857142855,222.85714285714286,6.857142857142857
2015-11-02,6.542857142857143,11.971428571428572,0.6142857142857141,3.1428571428571432,8.114285714285714,0.0,235.71428571428572,0.0,11.042857142857144,222.85714285714286,6.6571428571428575
2015-11-03,6.542857142857143,12.685714285714287,1.4,3.1428571428571432,8.185714285714285,0.0,228.57142857142858,0.0,11.242857142857144,217.14285714285714,7.428571428571429
2015-11-04,6.542857142857143,13.87142857142857,2.585714285714286,3.3571428571428577,8.82857142857143,0.0,251.42857142857142,0.0,12.142857142857142,235.71428571428572,8.557142857142857
2015-11-05,3.099999999999999,14.985714285714286,2.9714285714285715,3.1000000000000005,8.328571428571427,0.0,254.28571428571428,0.0,11.242857142857144,242.85714285714286,9.314285714285715
2015-11-06,0.15714285714285614,15.385714285714286,3.8428571428571425,3.214285714285715,8.071428571428571,0.0,248.57142857142858,0.0,10.985714285714286,238.57142857142858,9.828571428571427
2015-11-07,0.3285714285714275,17.04285714285714,6.128571428571428,3.585714285714286,8.328571428571427,0.0,230.0,0.0,11.371428571428572,228.57142857142858,11.400000000000002
2015-11-08,0.3285714285714275,17.82857142857143,7.614285714285714,3.942857142857143,8.828571428571427,0.0,240.0,0.0,12.271428571428572,242.85714285714286,12.842857142857142
2015-11-09,0.2857142857142847,17.2,6.828571428571428,3.528571428571429,8.314285714285713,0.0,260.0,0.0,11.442857142857145,260.0,12.6
2015-11-10,0.2857142857142847,16.97142857142857,5.885714285714285,3.557142857142857,8.314285714285715,0.0,247.14285714285714,0.0,11.242857142857144,247.14285714285714,11.514285714285714
2015-11-11,0.2857142857142847,16.342857142857145,4.857142857142857,3.328571428571429,7.742857142857142,0.0,240.0,0.0,10.414285714285715,231.42857142857142,10.799999999999999
2015-11-12,0.2857142857142847,15.628571428571428,5.257142857142857,3.214285714285715,7.4142857142857155,0.0,231.42857142857142,0.0,9.842857142857143,222.85714285714286,10.685714285714285
2015-11-13,1.1142857142857132,14.514285714285714,3.9857142857142853,3.128571428571429,7.928571428571429,0.0,228.57142857142858,0.0,10.485714285714284,222.85714285714286,9.642857142857142
2015-11-14,0.9714285714285704,12.928571428571429,2.8000000000000003,2.842857142857143,7.414285714285714,0.0,240.0,0.0,9.914285714285713,232.85714285714286,8.414285714285715
2015-11-15,1.0857142857142847,11.742857142857144,1.8571428571428572,3.1000000000000005,7.8,0.0,245.71428571428572,0.0,10.299999999999999,237.14285714285714,7.142857142857143
2015-11-16,1.0857142857142847,11.828571428571431,2.0142857142857142,3.0714285714285716,7.8,0.0,227.14285714285714,0.0,10.299999999999999,222.85714285714286,6.814285714285715
2015-11-17,1.0857142857142847,11.27142857142857,2.0142857142857142,3.1571428571428575,8.042857142857143,0.0,245.71428571428572,0.0,10.62857142857143,240.0,7.071428571428571
2015-11-18,1.0857142857142847,10.157142857142858,1.5428571428571427,3.142857142857143,7.971428571428572,0.0,241.42857142857142,0.0,10.62857142857143,247.14285714285714,6.328571428571428
2015-11-19,1.0857142857142847,9.842857142857142,0.2857142857142856,3.8714285714285714,8.999999999999998,0.0,248.57142857142858,0.0,12.228571428571428,254.28571428571428,5.585714285714286
2015-11-20,1.9285714285714275,10.171428571428573,1.1571428571428568,4.0,8.8,0.0,248.57142857142858,0.0,12.414285714285715,250.0,6.028571428571429
2015-11-21,2.399999999999999,10.171428571428569,0.4428571428571429,3.7571428571428567,8.542857142857143,0.0,248.57142857142858,0.0,12.085714285714285,250.0,6.028571428571428
2015-11-22,2.2857142857142847,10.257142857142856,-0.0285714285714286,3.085714285714286,7.914285714285714,0.0,225.71428571428572,0.0,11.5,227.14285714285714,5.814285714285714
2015-11-23,2.328571428571428,10.257142857142856,-0.02857142857142858,3.5571428571428574,8.171428571428573,0.0,225.71428571428572,0.0,11.814285714285715,225.71428571428572,6.114285714285715
2015-11-24,2.328571428571428,9.228571428571428,-0.2571428571428572,3.828571428571429,8.3,0.0,225.71428571428572,0.0,12.0,225.71428571428572,5.242857142857143
2015-11-25,2.328571428571428,8.357142857142858,-0.34285714285714286,3.942857142857143,8.628571428571428,0.0,212.85714285714286,0.0,12.385714285714284,212.85714285714286,4.814285714285714
2015-11-26,2.328571428571428,7.642857142857143,-0.2571428571428572,3.6000000000000005,8.428571428571429,0.0,211.42857142857142,0.0,12.12857142857143,212.85714285714286,4.428571428571428
2015-11-27,0.657142857142856,6.928571428571429,-1.2142857142857142,4.142857142857143,8.942857142857143,0.0,212.85714285714286,0.0,12.457142857142857,214.28571428571428,3.6571428571428575
2015-11-28,0.657142857142856,7.642857142857143,-0.9,4.785714285714286,9.642857142857142,0.0,200.0,0.0,13.414285714285715,202.85714285714286,3.9571428571428577
2015-11-29,0.657142857142856,7.157142857142857,-0.5857142857142856,5.114285714285715,9.771428571428572,0.0,178.57142857142858,0.0,13.357142857142858,231.42857142857142,4.042857142857143
2015-11-30,0.657142857142856,6.042857142857144,-1.2857142857142858,4.728571428571429,9.257142857142856,0.0,152.85714285714286,0.7142857142857143,12.599999999999998,205.71428571428572,2.9285714285714284
2015-12-01,0.657142857142856,5.957142857142857,-1.842857142857143,4.2,8.757142857142856,0.0,134.28571428571428,0.7142857142857143,12.085714285714285,188.57142857142858,2.5142857142857147
2015-12-02,2.3571428571428563,6.428571428571429,-2.0714285714285716,4.4,9.071428571428571,0.0,131.42857142857142,0.7142857142857143,12.528571428571428,184.28571428571428,2.485714285714286
2015-12-03,5.371428571428571,6.657142857142857,-0.9857142857142858,4.442857142857143,8.5,0.0,158.57142857142858,0.7142857142857143,11.814285714285715,182.85714285714286,3.2285714285714286
2015-12-04,5.7714285714285705,5.942857142857143,-1.2142857142857142,3.7,7.857142857142857,0.0,177.14285714285714,0.7142857142857143,10.785714285714286,204.28571428571428,2.857142857142857
2015-12-05,5.157142857142857,4.671428571428572,-1.9142857142857144,2.9571428571428577,6.971428571428571,0.0,192.85714285714286,0.7142857142857143,9.385714285714286,221.42857142857142,1.542857142857143
2015-12-06,5.157142857142857,5.542857142857143,-2.0714285714285716,2.7285714285714286,6.642857142857143,0.0,231.42857142857142,0.7142857142857143,8.871428571428572,208.57142857142858,2.085714285714286
2015-12-07,5.114285714285713,5.700000000000001,-1.9142857142857141,2.7,6.771428571428571,0.0,257.14285714285717,0.0,9.057142857142857,231.42857142857142,2.2142857142857144
2015-12-08,5.114285714285713,6.571428571428571,-1.442857142857143,2.6571428571428575,6.642857142857143,0.0,231.42857142857142,0.0,8.742857142857144,252.85714285714286,2.757142857142857
2015-12-09,3.4142857142857137,6.571428571428571,-0.9714285714285715,2.342857142857143,6.0,0.0,217.14285714285714,0.0,7.785714285714286,241.42857142857142,3.2
2015-12-10,0.39999999999999897,6.5,-2.2142857142857144,2.3285714285714287,6.642857142857143,0.0,192.85714285714286,0.0,8.428571428571429,245.71428571428572,2.485714285714286
2015-12-11,0.04285714285714184,7.528571428571429,-1.5000000000000002,2.4,6.457142857142857,0.0,172.85714285714286,0.0,8.3,225.71428571428572,3.1714285714285713
2015-12-12,0.04285714285714184,8.4,0.0,2.885714285714286,7.028571428571429,0.0,157.14285714285714,0.0,9.200000000000001,207.14285714285714,4.271428571428571
2015-12-13,0.04285714285714184,8.642857142857144,1.0285714285714285,3.057142857142857,7.1571428571428575,0.0,157.14285714285714,0.0,9.457142857142857,208.57142857142858,4.757142857142857
2015-12-14,0.04285714285714184,9.042857142857143,1.6428571428571426,3.0142857142857147,6.971428571428572,0.0,152.85714285714286,0.0,9.4,208.57142857142858,5.371428571428572
2015-12-15,0.1857142857142847,10.071428571428571,3.142857142857143,3.6714285714285717,7.6000000000000005,0.0,178.57142857142858,0.0,10.557142857142859,185.71428571428572,6.571428571428571
2015-12-16,1.099999999999999,11.114285714285714,4.085714285714286,4.142857142857143,8.557142857142859,0.0,211.42857142857142,0.0,11.957142857142857,215.71428571428572,7.971428571428571
2015-12-17,1.099999999999999,10.557142857142859,4.942857142857142,3.9571428571428577,7.728571428571429,0.0,208.57142857142858,0.0,10.942857142857141,207.14285714285714,8.185714285714285
2015-12-18,2.1142857142857134,10.314285714285715,4.385714285714285,4.014285714285714,8.114285714285714,0.0,210.0,0.0,11.585714285714285,205.71428571428572,7.928571428571429
2015-12-19,2.1142857142857134,9.6,3.514285714285714,3.6571428571428575,7.8,0.0,228.57142857142858,0.0,11.071428571428571,225.71428571428572,7.257142857142858
2015-12-20,2.328571428571428,8.414285714285715,2.3285714285714287,4.014285714285714,8.242857142857144,0.0,225.71428571428572,5.857142857142857,11.642857142857142,220.0,6.057142857142857
2015-12-21,2.328571428571428,7.614285714285715,1.557142857142857,4.3,8.814285714285715,4.285714285714286,250.0,5.857142857142857,12.271428571428572,241.42857142857142,5.171428571428571
2015-12-22,2.1857142857142846,6.671428571428572,0.7571428571428568,4.5,9.200000000000001,4.285714285714286,250.0,5.857142857142857,12.642857142857142,242.85714285714286,4.242857142857143
2015-12-23,3.8857142857142852,6.428571428571429,1.3857142857142857,4.457142857142857,8.82857142857143,4.285714285714286,234.28571428571428,5.857142857142857,12.257142857142856,225.71428571428572,3.9571428571428577
2015-12-24,4.285714285714285,7.857142857142857,1.6999999999999997,4.585714285714286,9.342857142857143,4.285714285714286,231.42857142857142,5.857142857142857,12.885714285714286,228.57142857142858,4.885714285714286
2015-12-25,3.485714285714285,9.128571428571428,2.014285714285714,4.557142857142857,9.528571428571428,4.285714285714286,230.0,5.857142857142857,13.014285714285714,228.57142857142858,5.8
2015-12-26,3.4857142857142844,9.457142857142856,1.857142857142857,4.3,9.200000000000001,4.285714285714286,212.85714285714286,5.857142857142857,12.571428571428571,184.28571428571428,6.085714285714286
2015-12-27,3.3428571428571416,10.014285714285714,1.9428571428571426,3.642857142857143,8.371428571428572,4.285714285714286,185.71428571428572,0.0,11.299999999999999,161.42857142857142,6.2857142857142865
2015-12-28,4.871428571428569,10.72857142857143,2.257142857142857,3.5571428571428574,8.114285714285714,0.0,187.14285714285714,1.1428571428571428,10.985714285714286,164.28571428571428,6.928571428571429
2015-12-29,4.871428571428569,9.385714285714286,0.8428571428571424,3.085714285714286,7.8,0.0,208.57142857142858,1.1428571428571428,10.414285714285715,184.28571428571428,5.757142857142858
2015-12-30,5.699999999999998,7.957142857142856,-1.2000000000000004,2.942857142857143,7.671428571428571,18.571428571428573,198.57142857142858,19.714285714285715,9.971428571428572,175.71428571428572,3.8000000000000003
2015-12-31,5.5857142857142845,6.442857142857143,-2.3714285714285714,2.757142857142857,7.414285714285714,32.857142857142854,204.28571428571428,20.142857142857142,9.6,181.42857142857142,2.257142857142857
2016-01-01,5.371428571428569,4.142857142857143,-3.0857142857142863,2.3714285714285714,6.785714285714286,47.142857142857146,215.71428571428572,20.142857142857142,8.77142857142857,198.57142857142858,0.6571428571428573
2016-01-02,5.414285714285713,3.028571428571428,-3.400000000000001,2.7142857142857144,7.228571428571428,58.57142857142857,227.14285714285714,20.142857142857142,9.471428571428572,237.14285714285714,-0.18571428571428555
2016-01-03,5.342857142857142,2.314285714285714,-3.2428571428571433,3.0714285714285716,7.685714285714285,70.0,260.0,20.142857142857142,10.299999999999999,267.14285714285717,-0.6428571428571426
2016-01-04,3.8857142857142852,1.6857142857142857,-4.042857142857143,3.4285714285714284,7.942857142857144,81.42857142857143,260.0,27.714285714285715,10.485714285714286,268.57142857142856,-0.9571428571428571
2016-01-05,3.9571428571428564,0.8142857142857142,-5.1571428571428575,3.5,7.871428571428572,100.0,260.0,35.714285714285715,10.485714285714286,268.57142857142856,-1.957142857142857
2016-01-06,0.5142857142857132,-0.5142857142857145,-6.514285714285715,3.5,7.8,100.0,270.0,17.857142857142858,10.557142857142859,280.0,-3.2857142857142856
2016-01-07,0.22857142857142757,-0.985714285714286,-7.400000000000001,3.8000000000000003,8.057142857142857,100.0,270.0,17.428571428571427,10.928571428571429,278.57142857142856,-3.9428571428571426
2016-01-08,0.18571428571428467,-1.1428571428571428,-9.214285714285714,3.685714285714286,7.857142857142857,97.14285714285714,260.0,17.428571428571427,10.542857142857143,264.2857142857143,-5.014285714285714
2016-01-09,0.14285714285714185,-0.985714285714286,-10.642857142857142,3.385714285714286,7.357142857142857,97.14285714285714,248.57142857142858,17.428571428571427,9.771428571428572,252.85714285714286,-5.928571428571429
2016-01-10,0.14285714285714185,-0.3571428571428574,-10.1,3.471428571428572,7.357142857142857,97.14285714285714,231.42857142857142,17.428571428571427,9.9,237.14285714285714,-5.4142857142857155
2016-01-11,1.8857142857142846,1.071428571428571,-8.528571428571428,3.3142857142857145,7.542857142857143,92.85714285714286,220.0,8.714285714285714,10.485714285714286,211.42857142857142,-4.585714285714286
2016-01-12,1.8142857142857132,2.728571428571428,-7.328571428571429,3.471428571428572,7.799999999999999,78.57142857142857,211.42857142857142,0.7142857142857143,10.928571428571429,201.42857142857142,-2.814285714285714
2016-01-13,2.214285714285713,3.7571428571428567,-6.214285714285714,3.585714285714286,8.5,60.0,211.42857142857142,7.285714285714286,11.885714285714286,200.0,-1.5857142857142859
2016-01-14,2.214285714285713,3.3,-6.128571428571429,3.7714285714285722,8.742857142857144,52.857142857142854,224.28571428571428,7.285714285714286,12.342857142857142,208.57142857142858,-1.457142857142857
2016-01-15,2.214285714285713,2.4428571428571426,-6.042857142857144,4.071428571428572,9.071428571428571,48.57142857142857,225.71428571428572,7.714285714285714,12.657142857142858,207.14285714285714,-1.8428571428571427
2016-01-16,2.214285714285713,1.6571428571428568,-5.871428571428572,3.942857142857143,8.814285714285713,41.42857142857143,245.71428571428572,7.714285714285714,12.342857142857143,225.71428571428572,-2.042857142857143
2016-01-17,2.5428571428571414,1.257142857142857,-6.971428571428573,3.8142857142857145,9.128571428571428,34.285714285714285,264.2857142857143,7.714285714285714,12.471428571428572,247.14285714285714,-2.6285714285714286
2016-01-18,0.7285714285714275,-0.4142857142857144,-8.057142857142859,3.4,9.0,27.142857142857142,270.0,7.714285714285714,12.014285714285714,268.57142857142856,-3.6285714285714286
2016-01-19,1.3142857142857132,-1.3571428571428572,-8.457142857142857,3.400000000000001,8.742857142857144,30.0,274.2857142857143,15.0,11.642857142857142,274.2857142857143,-4.314285714285714
2016-01-20,1.4285714285714275,-2.0714285714285716,-9.171428571428573,3.785714285714286,8.614285714285716,37.142857142857146,292.85714285714283,15.285714285714286,11.514285714285714,290.0,-5.157142857142857
2016-01-21,1.4285714285714275,-2.0,-9.485714285714286,3.6714285714285717,8.37142857142857,41.42857142857143,298.57142857142856,15.285714285714286,11.257142857142858,298.57142857142856,-5.385714285714285
2016-01-22,1.4285714285714275,-2.4857142857142853,-9.642857142857142,3.7,8.371428571428572,45.714285714285715,317.14285714285717,14.857142857142858,11.2,318.57142857142856,-5.514285714285714
2016-01-23,1.4285714285714275,-2.642857142857143,-10.042857142857143,3.9714285714285715,9.014285714285714,52.857142857142854,317.14285714285717,14.857142857142858,12.028571428571427,317.14285714285717,-5.5857142857142845
2016-01-24,1.099999999999999,-4.214285714285714,-11.557142857142859,3.8285714285714287,8.700000000000001,60.0,324.2857142857143,14.857142857142858,11.571428571428571,320.0,-7.128571428571428
2016-01-25,1.2428571428571418,-4.828571428571428,-13.385714285714286,3.757142857142857,7.942857142857143,71.42857142857143,284.2857142857143,16.714285714285715,10.614285714285714,277.14285714285717,-8.714285714285714
2016-01-26,0.657142857142856,-4.285714285714286,-13.071428571428571,3.3714285714285714,7.814285714285715,75.71428571428571,265.7142857142857,9.428571428571429,10.285714285714286,255.71428571428572,-8.757142857142856
2016-01-27,0.14285714285714185,-2.471428571428571,-11.014285714285716,3.642857142857143,8.27142857142857,80.0,245.71428571428572,1.8571428571428572,10.785714285714286,238.57142857142858,-6.785714285714286
2016-01-28,0.14285714285714185,-1.3714285714285714,-10.22857142857143,3.585714285714286,8.457142857142857,72.85714285714286,237.14285714285714,1.8571428571428572,10.842857142857143,231.42857142857142,-5.485714285714286
2016-01-29,0.14285714285714185,0.12857142857142856,-9.757142857142858,3.8000000000000003,9.085714285714285,61.42857142857143,217.14285714285714,1.8571428571428572,11.857142857142858,210.0,-4.671428571428571
2016-01-30,0.499999999999999,0.9142857142857144,-8.485714285714288,3.8142857142857145,9.200000000000001,50.0,195.71428571428572,7.714285714285714,12.114285714285714,190.0,-3.5714285714285716
2016-01-31,0.499999999999999,2.485714285714286,-7.128571428571431,4.3,9.642857142857142,45.714285714285715,171.42857142857142,7.714285714285714,12.828571428571427,165.71428571428572,-2.314285714285714
2016-02-01,0.35714285714285615,4.528571428571429,-4.2857142857142865,4.957142857142857,10.528571428571428,38.57142857142857,194.28571428571428,5.857142857142857,14.042857142857143,191.42857142857142,0.014285714285714488
2016-02-02,0.35714285714285615,6.042857142857143,-3.171428571428573,5.214285714285714,10.785714285714286,27.142857142857142,204.28571428571428,5.857142857142857,14.557142857142859,204.28571428571428,1.942857142857143
2016-02-03,0.35714285714285615,5.799999999999999,-3.7142857142857157,4.442857142857142,9.885714285714286,15.714285714285714,227.14285714285714,5.857142857142857,13.228571428571428,225.71428571428572,1.7285714285714289
2016-02-04,1.1571428571428561,6.828571428571428,-3.0714285714285725,4.6571428571428575,10.071428571428571,11.428571428571429,214.28571428571428,5.857142857142857,13.742857142857142,212.85714285714286,1.7142857142857142
2016-02-05,1.2285714285714275,8.014285714285714,-1.6571428571428584,4.357142857142857,9.557142857142859,11.428571428571429,228.57142857142858,5.857142857142857,13.171428571428569,230.0,3.357142857142857
2016-02-06,0.8714285714285703,7.857142857142857,-2.0571428571428583,4.442857142857143,9.628571428571428,11.428571428571429,252.85714285714286,0.0,13.299999999999999,254.28571428571428,3.1
2016-02-07,0.8714285714285703,7.785714285714286,-2.2142857142857153,4.357142857142858,9.5,4.285714285714286,254.28571428571428,0.0,13.099999999999998,255.71428571428572,3.185714285714286
2016-02-08,0.8714285714285703,6.671428571428571,-3.6285714285714294,3.9857142857142867,8.87142857142857,0.0,274.2857142857143,0.0,12.085714285714285,275.7142857142857,2.614285714285714
2016-02-09,0.9428571428571418,4.771428571428571,-4.585714285714287,3.6714285714285717,8.171428571428573,0.0,285.7142857142857,1.4285714285714286,10.942857142857141,285.7142857142857,0.5714285714285715
2016-02-10,1.1571428571428561,3.914285714285714,-5.142857142857144,3.5428571428571436,7.785714285714286,4.285714285714286,285.7142857142857,5.714285714285714,10.485714285714286,270.0,-0.18571428571428564
2016-02-11,0.499999999999999,2.5714285714285716,-5.628571428571429,3.214285714285715,7.6571428571428575,8.571428571428571,307.14285714285717,11.571428571428571,9.842857142857143,291.42857142857144,-0.7999999999999999
2016-02-12,0.47142857142857036,0.1285714285714285,-8.071428571428573,3.5,7.857142857142857,15.714285714285714,311.42857142857144,14.428571428571429,9.971428571428572,294.2857142857143,-3.057142857142857
2016-02-13,0.47142857142857036,-0.9000000000000001,-9.742857142857144,3.6714285714285717,7.857142857142857,22.857142857142858,288.57142857142856,14.428571428571429,9.842857142857143,270.0,-4.871428571428572
2016-02-14,0.5142857142857132,-2.242857142857143,-12.200000000000001,3.985714285714286,7.785714285714286,30.0,305.7142857142857,15.142857142857142,9.914285714285715,288.57142857142856,-6.485714285714286
2016-02-15,0.5142857142857132,-4.8428571428571425,-14.742857142857144,3.9142857142857146,7.971428571428572,37.142857142857146,307.14285714285717,15.571428571428571,10.228571428571428,287.14285714285717,-9.742857142857142
2016-02-16,0.4857142857142847,-5.3999999999999995,-16.885714285714286,4.1571428571428575,8.542857142857143,44.285714285714285,285.7142857142857,14.571428571428571,11.057142857142855,268.57142857142856,-11.27142857142857
2016-02-17,2.5999999999999988,-3.271428571428572,-16.65714285714286,4.485714285714286,9.757142857142856,47.142857142857146,261.42857142857144,13.857142857142858,12.971428571428573,260.0,-10.628571428571428
2016-02-18,2.457142857142856,-3.514285714285714,-16.414285714285715,4.485714285714286,9.757142857142856,42.857142857142854,261.42857142857144,8.0,13.099999999999998,260.0,-10.185714285714285
2016-02-19,2.4142857142857133,-3.3571428571428568,-15.700000000000001,4.342857142857143,9.685714285714287,35.714285714285715,260.0,5.142857142857143,12.842857142857143,257.14285714285717,-10.128571428571428
2016-02-20,2.457142857142856,-2.1,-15.057142857142859,4.257142857142858,10.12857142857143,28.571428571428573,258.57142857142856,5.571428571428571,13.857142857142858,255.71428571428572,-9.27142857142857
2016-02-21,2.457142857142856,0.1142857142857144,-11.428571428571429,4.214285714285714,10.971428571428572,21.428571428571427,240.0,4.857142857142857,14.814285714285713,234.28571428571428,-6.8
2016-02-22,2.457142857142856,3.357142857142857,-8.414285714285715,4.357142857142857,11.042857142857144,14.285714285714286,242.85714285714286,4.428571428571429,14.942857142857141,227.14285714285714,-2.914285714285714
2016-02-23,2.4142857142857137,3.6000000000000005,-6.671428571428572,4.2285714285714295,10.6,7.142857142857143,267.14285714285717,4.0,14.299999999999999,247.14285714285714,-1.328571428571428
2016-02-24,0.0857142857142847,2.1714285714285713,-7.614285714285714,3.9714285714285715,9.642857142857142,0.0,265.7142857142857,0.42857142857142855,12.64285714285714,244.28571428571428,-2.214285714285714
2016-02-25,5.314285714285714,2.414285714285714,-7.142857142857143,3.7571428571428576,9.842857142857143,0.0,257.14285714285717,3.7142857142857144,13.285714285714286,234.28571428571428,-2.1999999999999997
2016-02-26,7.671428571428571,4.628571428571428,-5.8,3.8142857142857145,9.785714285714286,0.0,237.14285714285714,11.0,13.485714285714284,215.71428571428572,-0.414285714285714
2016-02-27,7.628571428571428,4.014285714285714,-5.328571428571429,4.085714285714286,9.4,7.142857142857143,254.28571428571428,11.285714285714286,12.657142857142857,238.57142857142858,-0.057142857142856815
2016-02-28,7.5857142857142845,3.142857142857143,-7.3,3.785714285714287,8.814285714285713,11.428571428571429,254.28571428571428,11.285714285714286,12.142857142857142,241.42857142857142,-1.514285714285714
2016-02-29,7.5857142857142845,2.657142857142857,-7.614285714285714,3.728571428571429,8.742857142857142,11.428571428571429,250.0,11.285714285714286,11.942857142857141,247.14285714285714,-2.1142857142857143
2016-03-01,7.5857142857142845,4.628571428571428,-6.728571428571429,4.214285714285714,9.571428571428571,11.428571428571429,241.42857142857142,11.285714285714286,13.471428571428572,240.0,-0.6857142857142854
2016-03-02,7.5857142857142845,3.9999999999999996,-6.571428571428571,4.314285714285715,10.4,11.428571428571429,264.2857142857143,11.285714285714286,14.757142857142858,265.7142857142857,-0.38571428571428534
2016-03-03,3.27142857142857,3.9999999999999996,-7.9142857142857155,4.885714285714286,10.4,11.428571428571429,274.2857142857143,9.428571428571429,14.62857142857143,272.85714285714283,-1.0428571428571425
2016-03-04,0.9142857142857134,1.3142857142857138,-9.814285714285715,4.771428571428572,10.142857142857142,11.428571428571429,300.0,2.142857142857143,14.171428571428574,298.57142857142856,-3.357142857142857
2016-03-05,0.9142857142857134,1.2285714285714284,-10.285714285714286,4.1000000000000005,9.385714285714284,4.285714285714286,304.2857142857143,1.4285714285714286,13.085714285714287,298.57142857142856,-3.9999999999999996
2016-03-06,0.9142857142857134,0.8285714285714284,-10.200000000000001,3.6142857142857143,8.5,0.0,321.42857142857144,1.4285714285714286,11.685714285714285,314.2857142857143,-3.9428571428571426
2016-03-07,0.9142857142857134,1.0714285714285714,-10.442857142857141,3.3000000000000007,8.057142857142857,0.0,301.42857142857144,1.4285714285714286,11.242857142857144,294.2857142857143,-4.3428571428571425
2016-03-08,1.0285714285714276,0.19999999999999987,-9.828571428571427,2.9571428571428577,7.928571428571429,0.0,287.14285714285717,3.2857142857142856,10.857142857142858,281.42857142857144,-4.799999999999999
2016-03-09,1.0285714285714276,1.8571428571428572,-8.1,2.6428571428571432,6.8428571428571425,0.0,267.14285714285717,3.2857142857142856,9.442857142857141,264.2857142857143,-3.5714285714285716
2016-03-10,0.11428571428571328,4.4714285714285715,-5.5,2.6428571428571432,6.714285714285714,0.0,255.71428571428572,1.8571428571428572,9.314285714285715,254.28571428571428,-1.2857142857142851
2016-03-11,1.7142857142857133,7.871428571428571,-3.0571428571428574,2.514285714285715,6.785714285714286,0.0,252.85714285714286,1.8571428571428572,9.257142857142856,251.42857142857142,2.071428571428572
2016-03-12,1.7857142857142847,8.9,-1.4714285714285718,2.714285714285715,7.1000000000000005,0.0,254.28571428571428,1.8571428571428572,9.642857142857142,252.85714285714286,3.728571428571429
2016-03-13,1.7857142857142847,10.957142857142857,-0.28571428571428603,3.085714285714286,7.928571428571429,0.0,237.14285714285714,1.8571428571428572,10.6,235.71428571428572,5.085714285714286
2016-03-14,1.7857142857142847,11.671428571428573,0.5857142857142854,3.4857142857142867,8.557142857142857,0.0,257.14285714285717,1.8571428571428572,11.37142857142857,261.42857142857144,6.528571428571429
2016-03-15,2.2857142857142847,11.985714285714286,0.19999999999999973,3.4142857142857146,8.171428571428573,0.0,248.57142857142858,0.0,10.671428571428573,252.85714285714286,6.571428571428572
2016-03-16,2.399999999999999,12.614285714285716,0.44285714285714256,3.8571428571428577,8.685714285714285,0.0,240.0,0.0,11.185714285714285,252.85714285714286,6.942857142857143
2016-03-17,3.6285714285714272,11.028571428571428,-0.27142857142857185,3.457142857142858,8.242857142857144,0.0,241.42857142857142,0.0,10.414285714285715,257.14285714285717,6.114285714285715
2016-03-18,2.0285714285714276,10.87142857142857,0.2857142857142852,3.6857142857142864,8.485714285714286,0.0,234.28571428571428,0.0,11.057142857142859,248.57142857142858,5.614285714285715
2016-03-19,2.0285714285714276,11.1,0.04285714285714232,4.071428571428572,8.871428571428572,0.0,234.28571428571428,0.42857142857142855,11.62857142857143,248.57142857142858,5.771428571428571
2016-03-20,2.0285714285714276,9.2,-0.27142857142857196,4.071428571428571,8.557142857142859,0.0,258.57142857142856,0.42857142857142855,11.685714285714285,274.2857142857143,4.8571428571428585
2016-03-21,2.0285714285714276,8.17142857142857,-1.1428571428571435,3.7285714285714286,8.114285714285716,0.0,258.57142857142856,0.42857142857142855,11.114285714285714,272.85714285714283,3.3571428571428577
2016-03-22,1.414285714285713,8.1,-1.3714285714285719,3.828571428571429,8.314285714285715,0.0,287.14285714285717,0.42857142857142855,11.242857142857144,301.42857142857144,3.0428571428571436
2016-03-23,1.299999999999999,7.228571428571428,-2.2285714285714286,3.6857142857142864,8.385714285714286,0.0,314.2857142857143,0.42857142857142855,11.37142857142857,317.14285714285717,2.3000000000000003
2016-03-24,0.2857142857142847,6.514285714285713,-2.6142857142857148,3.757142857142857,8.385714285714286,0.0,322.85714285714283,0.42857142857142855,11.371428571428572,330.0,1.8000000000000005
2016-03-25,0.6857142857142847,4.9142857142857155,-3.8714285714285723,3.4285714285714284,7.885714285714286,0.0,304.2857142857143,3.2857142857142856,10.6,311.42857142857144,0.428571428571429
2016-03-26,1.299999999999999,5.557142857142857,-3.328571428571429,3.328571428571429,8.071428571428571,0.0,300.0,2.857142857142857,10.928571428571429,307.14285714285717,0.7428571428571432
2016-03-27,1.299999999999999,6.428571428571429,-2.6142857142857148,3.157142857142858,7.942857142857143,0.0,298.57142857142856,2.857142857142857,10.285714285714286,304.2857142857143,1.328571428571429
2016-03-28,1.299999999999999,8.328571428571427,-1.9000000000000004,3.6142857142857148,8.585714285714285,0.0,280.0,2.857142857142857,11.171428571428573,282.85714285714283,2.5428571428571436
2016-03-29,3.328571428571427,9.042857142857143,-0.8857142857142863,3.585714285714286,8.77142857142857,0.0,278.57142857142856,2.857142857142857,11.428571428571429,282.85714285714283,3.8142857142857145
2016-03-30,3.47142857142857,8.72857142857143,-0.728571428571429,4.128571428571429,9.471428571428572,0.0,280.0,2.857142857142857,12.314285714285715,284.2857142857143,4.114285714285715
2016-03-31,3.257142857142856,10.071428571428571,-1.428571428571429,4.385714285714286,9.971428571428572,0.0,260.0,2.857142857142857,13.271428571428572,261.42857142857144,4.271428571428571
2016-04-01,2.8571428571428563,12.214285714285714,0.3857142857142851,5.371428571428573,10.928571428571429,0.0,265.7142857142857,0.0,14.614285714285716,267.14285714285717,6.071428571428571
2016-04-02,2.5285714285714276,13.242857142857144,1.414285714285714,5.500000000000001,11.057142857142859,0.0,247.14285714285714,0.0,14.928571428571429,248.57142857142858,7.7
2016-04-03,2.7428571428571416,13.799999999999999,1.7142857142857137,5.700000000000001,11.628571428571428,0.0,238.57142857142858,0.0,15.700000000000001,241.42857142857142,8.585714285714285
2016-04-04,2.7428571428571416,11.657142857142857,1.1571428571428566,6.1571428571428575,12.014285714285714,0.0,257.14285714285717,0.0,16.142857142857142,260.0,7.6000000000000005
2016-04-05,0.7142857142857133,9.914285714285713,-0.3428571428571433,6.0,11.700000000000001,0.0,257.14285714285717,0.0,15.700000000000001,258.57142857142856,5.614285714285714
2016-04-06,0.5714285714285704,9.128571428571428,-1.4571428571428575,5.471428571428572,11.114285714285716,0.0,258.57142857142856,0.0,15.0,257.14285714285717,4.357142857142857
2016-04-07,0.8999999999999989,7.628571428571428,-1.9428571428571433,5.385714285714286,11.114285714285714,0.0,260.0,2.857142857142857,14.757142857142856,257.14285714285717,3.599999999999999
2016-04-08,2.057142857142856,7.1571428571428575,-3.128571428571429,4.685714285714285,10.6,4.285714285714286,251.42857142857142,2.857142857142857,14.057142857142859,248.57142857142858,2.6999999999999997
2016-04-09,2.6142857142857134,5.328571428571429,-4.457142857142857,4.3428571428571425,10.214285714285714,4.285714285714286,262.85714285714283,4.285714285714286,13.157142857142858,268.57142857142856,0.7999999999999999
2016-04-10,2.442857142857142,4.057142857142858,-5.2285714285714295,4.357142857142857,9.957142857142857,4.285714285714286,268.57142857142856,5.0,12.9,278.57142857142856,-0.42857142857142855
2016-04-11,2.442857142857142,4.614285714285715,-4.985714285714287,3.628571428571429,9.257142857142856,4.285714285714286,272.85714285714283,5.0,12.071428571428571,280.0,-0.34285714285714286
2016-04-12,2.485714285714285,6.271428571428572,-3.8857142857142866,4.185714285714286,9.700000000000001,4.285714285714286,254.28571428571428,5.0,12.900000000000002,260.0,1.0285714285714285
2016-04-13,3.214285714285713,7.700000000000001,-1.9142857142857148,4.4142857142857155,9.957142857142857,4.285714285714286,255.71428571428572,5.0,13.099999999999998,264.2857142857143,2.8857142857142857
2016-04-14,2.885714285714285,8.32857142857143,-0.8142857142857147,4.300000000000001,9.457142857142857,4.285714285714286,275.7142857142857,2.142857142857143,12.200000000000001,284.2857142857143,3.6
2016-04-15,1.7285714285714278,7.614285714285715,-1.4428571428571433,4.1000000000000005,9.385714285714286,0.0,304.2857142857143,2.142857142857143,11.87142857142857,314.2857142857143,3.3285714285714287
2016-04-16,0.8142857142857134,8.885714285714286,-1.4428571428571435,4.057142857142858,9.514285714285714,0.0,314.2857142857143,0.7142857142857143,12.0,315.7142857142857,3.6571428571428575
2016-04-17,0.7714285714285706,10.871428571428572,-0.9000000000000005,3.771428571428572,9.257142857142856,0.0,311.42857142857144,0.0,11.614285714285714,310.0,4.985714285714287
2016-04-18,0.7714285714285706,13.414285714285715,-0.042857142857143274,3.557142857142858,9.185714285714285,0.0,312.85714285714283,0.0,11.557142857142855,312.85714285714283,6.714285714285714
2016-04-19,1.0571428571428563,14.214285714285717,0.5857142857142854,3.1000000000000005,8.485714285714286,0.0,334.2857142857143,0.0,10.528571428571428,334.2857142857143,7.6000000000000005
2016-04-20,0.5857142857142849,14.842857142857143,0.5857142857142854,3.3714285714285714,8.357142857142858,0.0,334.2857142857143,0.0,10.528571428571428,334.2857142857143,7.771428571428572
2016-04-21,0.5857142857142849,15.557142857142859,0.8999999999999997,3.3142857142857145,8.414285714285715,0.0,290.0,0.0,10.785714285714286,338.57142857142856,8.37142857142857
2016-04-22,0.5857142857142849,17.45714285714286,1.2857142857142854,3.171428571428572,8.042857142857143,0.0,270.0,0.0,10.414285714285715,318.57142857142856,9.342857142857143
2016-04-23,1.242857142857142,18.414285714285715,2.9285714285714284,3.285714285714286,7.799999999999999,0.0,274.2857142857143,0.0,10.414285714285715,297.14285714285717,10.728571428571428
2016-04-24,1.242857142857142,17.785714285714285,3.6285714285714286,3.785714285714287,8.114285714285714,0.0,281.42857142857144,0.0,10.87142857142857,302.85714285714283,10.857142857142858
2016-04-25,1.242857142857142,16.2,3.557142857142857,4.014285714285715,8.114285714285716,0.0,277.14285714285717,0.0,10.742857142857144,297.14285714285717,10.028571428571428
2016-04-26,0.9142857142857135,15.557142857142859,2.7857142857142856,3.842857142857144,8.114285714285714,0.0,280.0,0.0,10.685714285714287,300.0,9.271428571428572
2016-04-27,2.1857142857142846,14.371428571428572,2.157142857142857,3.2714285714285722,7.485714285714286,0.0,277.14285714285717,7.571428571428571,9.728571428571428,300.0,8.485714285714286
2016-04-28,2.1857142857142846,13.985714285714284,1.457142857142857,3.1142857142857148,7.485714285714285,0.0,321.42857142857144,7.571428571428571,9.528571428571428,294.2857142857143,7.814285714285714
2016-04-29,2.1857142857142846,11.771428571428572,1.0714285714285712,3.328571428571429,7.614285714285714,0.0,297.14285714285717,7.571428571428571,9.842857142857143,314.2857142857143,6.714285714285714
2016-04-30,1.5285714285714278,10.657142857142857,-0.5714285714285717,3.1142857142857148,7.285714285714286,0.0,294.2857142857143,7.571428571428571,9.342857142857143,335.7142857142857,5.228571428571429
2016-05-01,1.5285714285714278,11.285714285714286,-1.1142857142857145,2.7428571428571433,7.042857142857143,0.0,288.57142857142856,7.571428571428571,8.757142857142856,330.0,5.257142857142857
2016-05-02,2.542857142857142,11.12857142857143,-0.3285714285714289,2.528571428571429,6.785714285714286,0.0,268.57142857142856,7.571428571428571,8.442857142857143,311.42857142857144,5.6571428571428575
2016-05-03,4.242857142857142,10.885714285714288,0.771428571428571,2.4428571428571435,6.342857142857143,0.0,234.28571428571428,7.571428571428571,8.057142857142859,278.57142857142856,6.028571428571428
2016-05-04,2.714285714285713,11.6,1.6428571428571423,2.3714285714285723,6.3428571428571425,0.0,235.71428571428572,0.0,8.114285714285714,277.14285714285717,6.6571428571428575
2016-05-05,2.8571428571428563,12.071428571428573,2.8285714285714283,2.3000000000000007,6.285714285714286,0.0,207.14285714285714,0.0,8.057142857142859,248.57142857142858,7.485714285714285
2016-05-06,2.8571428571428563,13.185714285714287,4.4,2.228571428571429,6.1571428571428575,0.0,251.42857142857142,0.0,7.92857142857143,251.42857142857142,8.585714285714285
2016-05-07,2.8571428571428563,14.142857142857142,5.6571428571428575,2.6142857142857148,6.857142857142857,0.0,248.57142857142858,0.0,8.62857142857143,250.0,9.685714285714285
2016-05-08,2.8571428571428563,15.171428571428573,7.0857142857142845,2.785714285714286,6.857142857142857,0.0,230.0,0.0,8.957142857142857,231.42857142857142,10.77142857142857
2016-05-09,3.471428571428571,15.642857142857144,6.771428571428572,3.442857142857143,7.628571428571428,0.0,245.71428571428572,0.0,10.042857142857143,250.0,11.228571428571428
2016-05-10,1.7714285714285707,16.042857142857144,6.214285714285714,3.6714285714285717,8.257142857142856,0.0,272.85714285714283,0.0,11.071428571428571,277.14285714285717,11.128571428571428
2016-05-11,1.7714285714285707,17.228571428571428,5.5,3.6714285714285717,8.385714285714284,0.0,275.7142857142857,0.0,11.27142857142857,280.0,11.442857142857141
2016-05-12,1.628571428571428,18.25714285714286,5.171428571428571,3.757142857142857,8.385714285714286,0.0,304.2857142857143,0.0,11.457142857142857,310.0,12.014285714285714
2016-05-13,1.628571428571428,19.842857142857145,4.942857142857143,3.6714285714285717,8.314285714285713,0.0,287.14285714285717,0.0,11.071428571428571,288.57142857142856,12.814285714285715
2016-05-14,2.5428571428571423,19.914285714285715,6.128571428571429,3.6714285714285717,8.257142857142858,0.0,268.57142857142856,0.0,11.12857142857143,270.0,13.457142857142857
2016-05-15,2.8999999999999995,19.842857142857145,5.8,3.5571428571428574,8.62857142857143,0.0,275.7142857142857,0.0,11.442857142857145,275.7142857142857,13.414285714285715
2016-05-16,1.8571428571428563,19.442857142857147,5.8,3.3142857142857145,8.557142857142857,0.0,277.14285714285717,0.0,11.314285714285715,274.2857142857143,13.128571428571428
2016-05-17,1.8571428571428563,19.285714285714285,5.8,3.4571428571428577,8.557142857142857,0.0,275.7142857142857,0.0,11.114285714285714,265.7142857142857,13.0
2016-05-18,1.8571428571428563,19.042857142857144,6.028571428571429,3.6142857142857143,9.0,0.0,274.2857142857143,0.0,11.742857142857144,264.2857142857143,12.971428571428572
2016-05-19,1.8571428571428563,18.571428571428577,6.742857142857143,3.657142857142858,8.928571428571429,0.0,272.85714285714283,0.0,11.5,265.7142857142857,12.799999999999999
2016-05-20,1.8571428571428563,17.542857142857144,7.057142857142858,3.7000000000000006,9.185714285714285,0.0,291.42857142857144,0.0,12.071428571428571,282.85714285714283,12.442857142857141
2016-05-21,0.9428571428571421,18.014285714285716,5.7857142857142865,3.1571428571428575,8.285714285714286,0.0,310.0,0.0,11.85,298.3333333333333,12.071428571428571
2016-05-22,0.5857142857142849,18.32857142857143,5.871428571428572,2.985714285714286,7.714285714285714,0.0,302.85714285714283,0.0,11.033333333333333,291.6666666666667,12.171428571428573
2016-05-23,0.1428571428571421,20.314285714285717,6.985714285714287,2.7142857142857153,7.3428571428571425,0.0,275.7142857142857,0.0,10.583333333333332,261.6666666666667,13.285714285714286
2016-05-24,0.1428571428571421,22.614285714285717,7.928571428571429,2.4285714285714293,7.342857142857143,0.0,278.57142857142856,0.0,10.366666666666667,271.6666666666667,14.885714285714284
2016-05-25,0.1428571428571421,23.885714285714283,9.042857142857143,2.385714285714286,7.0857142857142845,0.0,257.14285714285717,0.0,10.066666666666666,248.33333333333334,16.1
2016-05-26,0.1428571428571421,25.47142857142857,9.685714285714285,2.485714285714286,7.214285714285714,0.0,262.85714285714283,0.0,10.283333333333333,223.33333333333334,17.357142857142858
2016-05-27,0.1428571428571421,26.5,10.242857142857144,2.400000000000001,6.7,0.0,261.42857142857144,0.0,10.2,204.0,18.342857142857138
2016-05-28,0.4999999999999992,27.7,11.985714285714286,2.828571428571429,7.1571428571428575,0.0,242.85714285714286,0.0,10.583333333333334,203.33333333333334,19.9
2016-05-29,0.4999999999999992,28.814285714285717,13.657142857142857,2.7285714285714286,6.971428571428572,0.0,262.85714285714283,0.0,10.283333333333333,231.66666666666666,21.24285714285714
2016-05-30,2.3142857142857136,29.685714285714287,14.6,2.771428571428572,6.9,0.0,272.85714285714283,0.0,10.049999999999999,241.66666666666666,22.171428571428574
2016-05-31,2.4285714285714275,30.17142857142857,16.2,3.085714285714286,6.785714285714286,0.0,254.28571428571428,0.0,10.116666666666665,220.0,23.08571428571429
2016-06-01,2.4285714285714275,30.414285714285715,17.22857142857143,3.3571428571428577,7.042857142857144,0.0,274.2857142857143,0.0,10.200000000000001,243.33333333333334,23.8
2016-06-02,2.4285714285714275,30.099999999999998,17.628571428571426,3.2428571428571433,6.785714285714286,0.0,271.42857142857144,0.0,9.899999999999999,271.6666666666667,23.75714285714286
2016-06-03,2.4285714285714275,29.857142857142858,18.5,3.6857142857142864,7.685714285714285,0.0,250.0,0.0,10.4,258.57142857142856,23.914285714285715
2016-06-04,2.0714285714285707,29.37142857142857,18.342857142857145,3.6428571428571432,7.928571428571429,0.0,250.0,0.0,10.27142857142857,257.14285714285717,23.614285714285717
2016-06-05,2.0714285714285707,28.571428571428577,17.385714285714286,3.6428571428571432,7.928571428571429,0.0,250.0,0.0,10.27142857142857,254.28571428571428,22.828571428571426
2016-06-06,5.371428571428571,27.142857142857142,17.0,3.714285714285715,8.185714285714285,0.0,255.71428571428572,0.0,10.528571428571427,260.0,22.057142857142857
2016-06-07,5.257142857142857,26.657142857142855,16.285714285714285,3.6142857142857143,8.185714285714287,0.0,260.0,0.0,10.6,264.2857142857143,21.628571428571433
2016-06-08,6.057142857142857,25.785714285714285,15.814285714285715,3.2571428571428576,8.114285714285714,0.0,258.57142857142856,0.0,10.528571428571428,261.42857142857144,20.885714285714283
2016-06-09,6.3428571428571425,24.671428571428574,14.928571428571429,3.7,8.757142857142858,0.0,255.71428571428572,0.0,11.3,255.71428571428572,20.157142857142855
2016-06-10,6.3428571428571425,23.000000000000004,13.571428571428571,3.8142857142857145,8.814285714285713,0.0,274.2857142857143,0.0,11.5,271.42857142857144,18.599999999999998
2016-06-11,6.3428571428571425,21.742857142857144,12.542857142857143,3.771428571428572,8.942857142857143,0.0,294.2857142857143,0.0,11.62857142857143,292.85714285714283,17.142857142857142
2016-06-12,6.414285714285714,20.157142857142862,11.900000000000002,3.9285714285714293,9.257142857142856,0.0,274.2857142857143,0.0,12.142857142857142,271.42857142857144,15.971428571428572
2016-06-13,1.5142857142857142,19.914285714285715,11.1,4.171428571428572,9.571428571428571,0.0,288.57142857142856,0.0,12.6,285.7142857142857,15.285714285714286
2016-06-14,1.5571428571428572,18.72857142857143,10.385714285714286,4.2857142857142865,9.814285714285715,0.0,260.0,0.0,12.728571428571428,258.57142857142856,14.271428571428572
2016-06-15,0.7571428571428571,19.12857142857143,9.914285714285713,4.371428571428572,9.62857142857143,0.0,257.14285714285717,0.0,12.6,255.71428571428572,13.942857142857141
2016-06-16,0.4714285714285714,20.47142857142857,10.314285714285715,3.8142857142857145,9.114285714285714,0.0,258.57142857142856,0.0,11.9,260.0,14.700000000000001
2016-06-17,0.4714285714285714,22.385714285714283,10.799999999999999,3.4285714285714284,8.857142857142858,0.0,260.0,0.0,11.257142857142856,264.2857142857143,16.02857142857143
2016-06-18,0.5857142857142856,23.485714285714288,10.885714285714286,3.2428571428571433,8.857142857142858,0.0,262.85714285714283,0.0,11.12857142857143,264.2857142857143,16.885714285714286
2016-06-19,0.5142857142857143,25.62857142857143,11.37142857142857,3.0142857142857147,8.414285714285715,0.0,240.0,0.0,10.485714285714286,241.42857142857142,18.17142857142857
2016-06-20,0.15714285714285717,27.45714285714286,12.242857142857142,2.842857142857144,7.842857142857143,0.0,220.0,0.0,9.842857142857143,220.0,19.67142857142857
2016-06-21,0.4714285714285714,29.442857142857147,13.585714285714285,3.0142857142857147,7.971428571428571,0.0,254.28571428571428,0.0,10.342857142857143,255.71428571428572,21.485714285714288
2016-06-22,0.4714285714285714,29.442857142857147,14.214285714285714,3.128571428571429,7.971428571428572,0.0,252.85714285714286,0.0,10.542857142857143,251.42857142857142,22.542857142857144
2016-06-23,2.0285714285714285,28.414285714285715,14.214285714285714,3.214285714285715,7.914285714285714,0.0,245.71428571428572,0.0,10.857142857142858,241.42857142857142,21.985714285714288
2016-06-24,2.028571428571429,28.1,14.214285714285714,3.085714285714286,7.6000000000000005,0.0,250.0,0.0,10.599999999999998,245.71428571428572,21.728571428571428
2016-06-25,1.9142857142857144,27.871428571428574,14.285714285714286,2.971428571428572,6.971428571428571,0.0,250.0,0.0,9.842857142857143,248.57142857142858,21.62857142857143
2016-06-26,1.9142857142857144,27.871428571428574,14.285714285714286,3.042857142857143,6.8999999999999995,0.0,271.42857142857144,0.0,9.785714285714286,271.42857142857144,21.571428571428573
2016-06-27,1.9142857142857144,27.957142857142863,14.214285714285714,3.057142857142858,7.0857142857142845,0.0,271.42857142857144,0.0,9.914285714285715,272.85714285714283,21.614285714285717
2016-06-28,1.7428571428571433,27.000000000000004,14.457142857142857,3.1285714285714294,7.1571428571428575,0.0,260.0,0.0,9.728571428571428,262.85714285714283,21.385714285714283
2016-06-29,3.4142857142857146,27.628571428571433,15.085714285714285,3.3142857142857145,7.471428571428571,0.0,264.2857142857143,0.0,10.171428571428569,250.0,21.385714285714283
2016-06-30,2.2142857142857144,28.185714285714287,15.728571428571428,3.285714285714286,7.471428571428572,0.0,271.42857142857144,0.0,9.785714285714286,258.57142857142856,21.985714285714284
2016-07-01,2.2142857142857144,28.657142857142862,15.885714285714284,3.342857142857143,7.3428571428571425,0.0,268.57142857142856,0.0,9.6,255.71428571428572,22.38571428571429
2016-07-02,2.8000000000000003,28.97142857142857,16.442857142857143,3.542857142857143,7.6571428571428575,0.0,255.71428571428572,0.0,10.357142857142858,232.85714285714286,22.8
2016-07-03,2.8000000000000003,27.542857142857144,16.442857142857143,3.900000000000001,8.557142857142859,0.0,271.42857142857144,0.0,11.571428571428571,248.57142857142858,22.37142857142857
2016-07-04,2.8000000000000003,26.900000000000002,15.885714285714286,3.7428571428571433,8.314285714285713,0.0,288.57142857142856,0.0,11.371428571428572,261.42857142857144,21.7
2016-07-05,2.614285714285714,27.542857142857144,15.014285714285714,3.342857142857144,7.8,0.0,290.0,0.0,10.6,261.42857142857144,21.485714285714288
2016-07-06,0.9428571428571428,27.78571428571429,14.628571428571428,2.8714285714285723,7.042857142857143,0.0,291.42857142857144,0.0,9.385714285714286,285.7142857142857,21.67142857142857
2016-07-07,0.5857142857142856,29.05714285714286,14.857142857142858,2.8714285714285714,7.042857142857143,0.0,270.0,0.0,9.457142857142857,264.2857142857143,22.357142857142858
2016-07-08,1.4142857142857141,29.614285714285717,15.728571428571428,2.914285714285715,7.485714285714287,0.0,250.0,0.0,9.957142857142857,244.28571428571428,22.97142857142857
2016-07-09,0.8285714285714285,29.057142857142857,16.285714285714285,2.914285714285715,7.3,0.0,258.57142857142856,0.0,9.385714285714286,261.42857142857144,22.942857142857143
2016-07-10,2.642857142857143,29.057142857142857,16.914285714285715,2.8571428571428577,6.985714285714285,0.0,235.71428571428572,0.0,8.928571428571429,237.14285714285714,23.057142857142857
2016-07-11,3.7714285714285714,27.785714285714285,17.47142857142857,2.9142857142857146,7.042857142857143,0.0,237.14285714285714,0.0,8.87142857142857,244.28571428571428,22.657142857142855
2016-07-12,3.7714285714285714,27.3,17.228571428571428,2.5428571428571436,6.728571428571428,0.0,255.71428571428572,0.0,8.371428571428572,261.42857142857144,22.085714285714285
2016-07-13,3.7714285714285714,26.97142857142857,16.82857142857143,2.6714285714285717,6.985714285714286,0.0,237.14285714285714,0.0,8.814285714285713,237.14285714285714,21.671428571428574
2016-07-14,4.571428571428571,26.814285714285713,16.914285714285715,3.0428571428571436,7.485714285714287,0.0,237.14285714285714,0.0,9.442857142857141,235.71428571428572,21.657142857142855
2016-07-15,5.1571428571428575,26.5,17.314285714285713,3.4571428571428577,7.742857142857142,0.0,235.71428571428572,0.0,10.028571428571428,234.28571428571428,21.614285714285717
2016-07-16,5.1571428571428575,27.457142857142856,17.62857142857143,3.5,7.8,0.0,217.14285714285714,0.0,10.214285714285714,215.71428571428572,22.157142857142855
2016-07-17,3.3428571428571425,28.099999999999998,17.942857142857143,3.3000000000000003,7.414285714285714,0.0,240.0,0.0,9.642857142857142,231.42857142857142,22.642857142857142
2016-07-18,2.2142857142857144,29.45714285714286,18.25714285714286,3.0000000000000004,6.971428571428572,0.0,242.85714285714286,0.0,9.2,232.85714285714286,23.400000000000002
2016-07-19,3.1571428571428575,29.771428571428572,19.042857142857144,3.442857142857143,7.671428571428572,0.0,222.85714285714286,0.0,10.214285714285714,214.28571428571428,24.099999999999998
2016-07-20,3.1571428571428575,28.985714285714288,19.114285714285717,3.6142857142857148,8.114285714285716,0.0,240.0,0.0,10.414285714285715,234.28571428571428,23.957142857142856
2016-07-21,2.357142857142857,28.185714285714287,18.085714285714285,3.1714285714285717,7.614285714285714,0.0,261.42857142857144,0.0,9.714285714285714,255.71428571428572,23.099999999999998
2016-07-22,0.9428571428571428,28.185714285714287,16.885714285714286,2.9571428571428577,7.114285714285715,0.0,261.42857142857144,0.0,9.071428571428573,254.28571428571428,22.6
2016-07-23,2.0714285714285716,28.571428571428573,16.814285714285713,3.2000000000000006,7.942857142857143,0.0,280.0,0.0,10.157142857142857,274.2857142857143,22.91428571428571
2016-07-24,4.428571428571429,29.114285714285717,16.585714285714285,3.1428571428571432,9.6,0.0,288.57142857142856,0.0,12.328571428571427,291.42857142857144,22.971428571428568
2016-07-25,4.428571428571429,28.714285714285715,16.271428571428572,3.3000000000000003,9.72857142857143,0.0,291.42857142857144,0.0,12.385714285714286,294.2857142857143,22.642857142857142
2016-07-26,3.5285714285714285,28.642857142857146,15.885714285714286,3.0142857142857147,9.085714285714287,0.0,291.42857142857144,0.0,11.62857142857143,291.42857142857144,22.357142857142858
2016-07-27,3.528571428571429,29.357142857142858,16.599999999999998,2.9714285714285715,8.828571428571427,0.0,291.42857142857144,0.0,11.557142857142859,291.42857142857144,23.0
2016-07-28,3.528571428571429,30.071428571428577,17.385714285714286,3.0000000000000004,8.885714285714286,0.0,271.42857142857144,0.0,11.742857142857144,272.85714285714283,23.7
2016-07-29,3.571428571428572,29.82857142857143,18.185714285714287,2.628571428571429,9.457142857142857,0.0,291.42857142857144,0.0,12.185714285714287,294.2857142857143,23.928571428571427
2016-07-30,2.442857142857143,29.042857142857144,17.942857142857143,2.328571428571429,8.942857142857143,0.0,292.85714285714283,0.0,11.22857142857143,294.2857142857143,23.25714285714286
2016-07-31,0.08571428571428572,28.657142857142862,17.54285714285714,2.342857142857144,7.414285714285714,0.0,292.85714285714283,0.0,9.314285714285715,292.85714285714283,22.957142857142856
2016-08-01,0.08571428571428572,28.900000000000002,17.37142857142857,2.328571428571429,7.285714285714286,0.0,261.42857142857144,0.0,9.257142857142856,271.42857142857144,23.02857142857143
2016-08-02,0.39999999999999997,27.78571428571429,17.599999999999998,2.285714285714286,7.485714285714286,0.0,254.28571428571428,0.0,9.5,262.85714285714283,22.8
2016-08-03,0.39999999999999997,27.7,17.21428571428571,2.1142857142857148,7.171428571428572,0.0,251.42857142857142,0.0,9.314285714285715,252.85714285714286,22.285714285714285
2016-08-04,0.39999999999999997,27.385714285714283,17.057142857142857,2.271428571428572,7.114285714285714,0.0,250.0,0.0,9.314285714285715,248.57142857142858,22.1
2016-08-05,0.35714285714285715,27.78571428571429,17.214285714285715,2.8000000000000007,6.671428571428571,0.0,231.42857142857142,0.0,8.928571428571429,228.57142857142858,22.314285714285713
2016-08-06,0.4714285714285714,28.342857142857145,17.614285714285714,3.3000000000000003,6.928571428571429,0.0,211.42857142857142,0.0,9.442857142857141,208.57142857142858,22.800000000000004
2016-08-07,0.6142857142857142,28.814285714285717,18.014285714285712,3.528571428571429,7.428571428571429,0.0,210.0,0.0,10.014285714285714,205.71428571428572,23.47142857142857
2016-08-08,0.7285714285714285,28.72857142857143,18.185714285714287,3.4428571428571435,8.128571428571428,0.0,191.42857142857142,0.0,10.714285714285714,227.14285714285714,23.528571428571432
2016-08-09,0.37142857142857144,29.914285714285715,17.47142857142857,3.4428571428571435,8.185714285714285,0.0,214.28571428571428,0.0,10.714285714285714,251.42857142857142,23.614285714285717
2016-08-10,0.37142857142857144,30.314285714285717,17.071428571428573,3.471428571428572,8.314285714285713,0.0,197.14285714285714,0.0,10.714285714285714,240.0,23.714285714285715
2016-08-11,0.37142857142857144,30.47142857142857,18.02857142857143,3.785714285714287,8.757142857142856,0.0,198.57142857142858,0.0,11.171428571428573,241.42857142857142,24.057142857142853
2016-08-12,0.37142857142857144,31.028571428571432,18.342857142857145,3.471428571428572,8.557142857142857,0.0,197.14285714285714,0.0,10.857142857142858,242.85714285714286,24.485714285714288
2016-08-13,1.1285714285714286,30.87142857142857,18.1,3.157142857142858,8.185714285714287,0.0,215.71428571428572,0.0,10.342857142857143,242.85714285714286,24.485714285714288
2016-08-14,2.142857142857143,30.157142857142855,18.32857142857143,3.0142857142857147,7.871428571428572,0.0,192.85714285714286,0.0,10.285714285714286,220.0,23.814285714285717
2016-08-15,2.0999999999999996,30.71428571428572,19.271428571428572,3.385714285714286,7.8,0.0,217.14285714285714,0.0,10.342857142857142,195.71428571428572,24.52857142857143
2016-08-16,2.0999999999999996,30.485714285714288,19.985714285714288,3.3714285714285723,7.614285714285714,0.0,225.71428571428572,0.0,10.028571428571428,201.42857142857142,24.885714285714283
2016-08-17,5.471428571428571,29.614285714285717,20.385714285714283,3.3714285714285714,7.985714285714287,0.0,225.71428571428572,0.0,10.414285714285715,201.42857142857142,24.585714285714285
2016-08-18,5.542857142857143,28.900000000000002,19.67142857142857,3.2,8.17142857142857,0.0,244.28571428571428,0.0,10.671428571428573,221.42857142857142,24.142857142857142
2016-08-19,5.542857142857143,27.942857142857143,18.885714285714283,3.057142857142858,8.114285714285714,0.0,267.14285714285717,0.0,10.542857142857143,242.85714285714286,23.271428571428572
2016-08-20,4.671428571428571,27.38571428571429,18.32857142857143,2.6571428571428575,7.785714285714286,0.0,268.57142857142856,0.0,10.299999999999999,262.85714285714283,22.657142857142855
2016-08-21,3.514285714285714,28.185714285714287,17.54285714285714,2.7428571428571433,7.857142857142857,0.0,267.14285714285717,0.0,10.171428571428573,264.2857142857143,22.814285714285713
2016-08-22,4.457142857142856,28.028571428571432,17.314285714285717,2.8571428571428577,8.442857142857141,0.0,267.14285714285717,0.0,10.942857142857141,261.42857142857144,22.7
2016-08-23,4.457142857142856,27.157142857142862,16.442857142857143,3.1857142857142864,8.885714285714286,0.0,262.85714285714283,0.0,11.585714285714285,261.42857142857144,22.08571428571429
2016-08-24,1.0857142857142852,27.400000000000002,15.642857142857144,3.3000000000000007,8.642857142857142,0.0,262.85714285714283,0.0,11.257142857142856,262.85714285714283,21.8
2016-08-25,1.0142857142857138,27.95714285714286,15.557142857142859,3.385714285714286,8.2,0.0,245.71428571428572,0.0,10.671428571428569,245.71428571428572,21.857142857142858
2016-08-26,1.0142857142857138,27.871428571428574,16.185714285714287,3.9142857142857146,8.642857142857142,0.0,225.71428571428572,0.0,11.442857142857141,225.71428571428572,22.157142857142855
2016-08-27,1.2999999999999994,28.271428571428576,16.742857142857144,4.171428571428572,8.9,0.0,225.71428571428572,0.0,11.757142857142858,224.28571428571428,22.614285714285717
2016-08-28,1.2999999999999994,28.02857142857143,17.37142857142857,4.000000000000001,8.700000000000001,0.0,247.14285714285714,0.0,11.314285714285715,244.28571428571428,22.728571428571428
2016-08-29,0.2857142857142852,28.114285714285717,17.042857142857144,3.9428571428571435,8.314285714285715,0.0,247.14285714285714,0.0,11.0,247.14285714285714,22.54285714285714
2016-08-30,0.2857142857142852,28.671428571428574,17.442857142857143,3.9142857142857146,8.371428571428572,0.0,247.14285714285714,0.0,11.12857142857143,248.57142857142858,23.214285714285715
2016-08-31,0.2857142857142852,28.58571428571429,17.757142857142856,3.8000000000000007,8.114285714285716,0.0,247.14285714285714,0.0,10.885714285714286,248.57142857142858,23.371428571428574
2016-09-01,0.8714285714285709,28.028571428571436,18.0,3.6857142857142864,8.057142857142859,0.0,245.71428571428572,0.0,10.828571428571431,248.57142857142858,23.25714285714286
2016-09-02,0.8714285714285709,27.47142857142857,17.057142857142857,3.2714285714285722,7.871428571428571,0.0,218.57142857142858,0.0,10.314285714285715,268.57142857142856,22.82857142857143
2016-09-03,0.5857142857142852,26.35714285714286,16.02857142857143,3.2428571428571433,7.742857142857143,0.0,175.71428571428572,0.0,10.114285714285714,271.42857142857144,21.814285714285713
2016-09-04,0.5857142857142852,25.71428571428572,14.842857142857143,3.185714285714286,7.557142857142857,0.0,180.0,0.0,9.985714285714286,277.14285714285717,20.914285714285715
2016-09-05,0.5857142857142852,25.314285714285717,13.9,2.6714285714285717,6.857142857142857,0.0,182.85714285714286,0.0,8.771428571428572,281.42857142857144,20.228571428571428
2016-09-06,0.5857142857142852,25.85714285714286,13.814285714285713,2.2571428571428576,6.1000000000000005,0.0,184.28571428571428,0.0,7.871428571428572,280.0,19.842857142857145
2016-09-07,0.5857142857142852,26.5,13.814285714285715,2.128571428571429,6.1000000000000005,0.0,202.85714285714286,0.0,7.8,298.57142857142856,20.085714285714285
2016-09-08,0.0,27.214285714285715,13.657142857142858,1.971428571428572,5.971428571428571,0.0,202.85714285714286,0.0,7.542857142857143,298.57142857142856,20.357142857142858
2016-09-09,0.39999999999999947,27.928571428571427,14.442857142857141,2.1428571428571432,6.085714285714287,0.0,228.57142857142858,0.0,7.857142857142857,278.57142857142856,20.842857142857145
2016-09-10,0.39999999999999947,29.042857142857144,15.385714285714286,2.028571428571429,6.028571428571429,0.0,270.0,0.0,8.057142857142857,274.2857142857143,21.928571428571427
2016-09-11,0.39999999999999947,29.75714285714286,16.414285714285715,2.3000000000000003,6.857142857142857,0.0,247.14285714285714,0.0,9.142857142857142,250.0,22.842857142857138
2016-09-12,2.0714285714285707,29.671428571428574,16.414285714285715,2.8714285714285714,7.742857142857142,0.0,255.71428571428572,0.0,10.542857142857144,254.28571428571428,23.428571428571427
2016-09-13,2.0714285714285707,28.885714285714283,15.628571428571428,2.942857142857143,8.0,0.0,234.28571428571428,0.0,10.742857142857144,234.28571428571428,22.685714285714283
2016-09-14,2.0714285714285707,28.485714285714288,15.314285714285713,3.2571428571428576,8.385714285714286,0.0,214.28571428571428,0.0,11.314285714285715,214.28571428571428,22.357142857142858
2016-09-15,2.2571428571428567,27.142857142857142,14.6,3.6000000000000005,8.885714285714286,0.0,232.85714285714286,0.0,12.085714285714287,234.28571428571428,21.828571428571426
2016-09-16,1.8571428571428565,25.714285714285715,12.77142857142857,3.285714285714286,8.442857142857141,0.0,254.28571428571428,0.0,11.828571428571427,254.28571428571428,20.385714285714283
2016-09-17,1.8571428571428565,24.75714285714286,10.87142857142857,3.214285714285715,8.442857142857143,0.0,238.57142857142858,0.0,11.385714285714286,234.28571428571428,18.714285714285715
2016-09-18,1.8571428571428565,24.214285714285715,10.471428571428572,3.7285714285714286,8.442857142857143,0.0,237.14285714285714,0.0,11.571428571428571,234.28571428571428,18.2
2016-09-19,0.5857142857142852,24.214285714285715,11.571428571428571,3.7285714285714286,8.12857142857143,0.0,225.71428571428572,0.0,11.385714285714288,224.28571428571428,18.1
2016-09-20,0.628571428571428,24.528571428571432,13.0,3.842857142857144,8.057142857142857,0.0,225.71428571428572,0.0,11.257142857142856,225.71428571428572,19.02857142857143
2016-09-21,0.628571428571428,24.685714285714287,13.87142857142857,3.8571428571428577,8.057142857142855,0.0,227.14285714285714,0.0,11.328571428571427,225.71428571428572,19.557142857142857
2016-09-22,0.4428571428571423,25.557142857142857,13.87142857142857,3.442857142857143,7.485714285714286,0.0,207.14285714285714,0.0,10.557142857142855,204.28571428571428,19.75714285714286
2016-09-23,0.4428571428571423,26.914285714285715,14.671428571428569,3.5000000000000004,7.485714285714286,0.0,204.28571428571428,0.0,10.37142857142857,181.42857142857142,20.542857142857144
2016-09-24,2.2571428571428567,26.042857142857144,15.314285714285713,3.5571428571428574,7.485714285714286,0.0,222.85714285714286,0.0,10.428571428571429,204.28571428571428,20.728571428571428
2016-09-25,2.2571428571428567,25.0,14.37142857142857,3.000000000000001,7.1571428571428575,0.0,242.85714285714286,0.0,9.785714285714286,225.71428571428572,19.7
2016-09-26,1.8571428571428565,23.5,12.071428571428571,2.5857142857142863,6.9,0.0,262.85714285714283,0.0,9.2,247.14285714285714,18.02857142857143
2016-09-27,1.9999999999999996,22.542857142857144,9.842857142857142,2.7000000000000006,7.3428571428571425,0.0,262.85714285714283,0.0,9.9,247.14285714285714,16.3
2016-09-28,2.3571428571428568,21.742857142857144,9.12857142857143,2.657142857142858,7.214285714285714,0.0,262.85714285714283,0.0,9.828571428571427,250.0,15.557142857142859
2016-09-29,2.3571428571428568,20.942857142857147,8.971428571428572,2.671428571428572,7.414285714285714,0.0,252.85714285714286,0.0,9.957142857142856,238.57142857142858,14.785714285714286
2016-09-30,2.3571428571428568,19.82857142857143,8.328571428571427,2.7,7.485714285714287,0.0,252.85714285714286,0.0,9.828571428571427,257.14285714285717,14.07142857142857
2016-10-01,0.5428571428571424,19.985714285714288,8.328571428571427,2.7000000000000006,7.228571428571429,0.0,218.57142857142858,0.0,9.642857142857142,222.85714285714286,14.0
2016-10-02,0.5428571428571424,19.671428571428574,8.8,2.6142857142857148,6.785714285714286,0.0,188.57142857142858,0.0,9.071428571428571,188.57142857142858,14.214285714285712
2016-10-03,0.5857142857142852,19.671428571428574,10.228571428571428,2.785714285714286,6.6571428571428575,0.0,168.57142857142858,0.0,8.885714285714284,168.57142857142858,14.685714285714285
2016-10-04,0.6857142857142852,19.285714285714285,11.657142857142857,2.442857142857143,6.028571428571429,0.0,192.85714285714286,0.0,7.985714285714285,191.42857142857142,15.299999999999999
2016-10-05,0.39999999999999947,18.814285714285717,11.657142857142857,2.1857142857142864,5.642857142857143,0.0,195.71428571428572,0.0,7.285714285714286,191.42857142857142,15.071428571428571
2016-10-06,0.39999999999999947,18.900000000000002,11.414285714285715,2.0142857142857147,5.128571428571428,0.0,210.0,0.0,6.771428571428571,207.14285714285714,14.957142857142857
2016-10-07,0.39999999999999947,19.300000000000004,11.257142857142856,1.9000000000000004,5.185714285714285,0.0,191.42857142857142,0.0,6.8428571428571425,187.14285714285714,14.985714285714286
2016-10-08,0.39999999999999947,20.171428571428574,11.085714285714285,2.0000000000000004,5.571428571428571,0.0,204.28571428571428,0.0,7.214285714285714,201.42857142857142,15.157142857142857
2016-10-09,0.4714285714285709,20.814285714285717,11.328571428571427,2.5000000000000004,6.214285714285714,0.0,214.28571428571428,0.0,8.171428571428573,214.28571428571428,15.871428571428572
2016-10-10,0.42857142857142805,20.414285714285718,10.700000000000001,2.6000000000000005,6.3428571428571425,0.0,240.0,0.0,8.3,237.14285714285714,15.657142857142857
2016-10-11,0.14285714285714235,19.7,9.200000000000001,3.071428571428572,7.1000000000000005,0.0,237.14285714285714,0.0,9.257142857142858,232.85714285714286,14.757142857142858
2016-10-12,0.07142857142857093,19.7,7.614285714285715,2.9857142857142867,6.9,0.0,227.14285714285714,0.0,9.071428571428571,225.71428571428572,13.7
2016-10-13,0.07142857142857093,19.542857142857144,7.3,3.5857142857142863,7.785714285714286,0.0,224.28571428571428,0.0,10.414285714285715,221.42857142857142,13.571428571428571
2016-10-14,0.5428571428571424,18.428571428571434,7.385714285714286,4.328571428571429,8.428571428571429,0.0,222.85714285714286,0.0,11.685714285714287,224.28571428571428,13.414285714285715
2016-10-15,0.5428571428571424,16.6,6.442857142857143,4.228571428571429,8.428571428571429,0.0,244.28571428571428,0.0,11.685714285714285,245.71428571428572,12.328571428571426
2016-10-16,0.4714285714285709,16.042857142857144,4.614285714285714,3.9285714285714284,8.3,0.0,245.71428571428572,0.0,11.557142857142859,242.85714285714286,10.700000000000001
2016-10-17,0.4714285714285709,16.75714285714286,5.0857142857142845,4.200000000000001,8.814285714285715,0.0,221.42857142857142,0.0,12.385714285714284,220.0,10.971428571428572
2016-10-18,0.5142857142857137,17.62857142857143,5.957142857142857,3.828571428571429,8.242857142857142,0.0,220.0,0.0,11.628571428571428,220.0,11.785714285714286
2016-10-19,0.6571428571428566,18.657142857142862,7.628571428571428,4.385714285714286,9.785714285714286,0.0,228.57142857142858,0.0,13.471428571428573,227.14285714285714,13.299999999999999
2016-10-20,0.6571428571428566,18.657142857142862,7.700000000000001,4.071428571428572,9.657142857142857,0.0,248.57142857142858,0.0,13.028571428571427,245.71428571428572,13.957142857142857
2016-10-21,0.7714285714285708,18.5,7.542857142857143,3.285714285714286,8.571428571428571,0.0,240.0,0.0,11.242857142857142,241.42857142857142,13.514285714285714
2016-10-22,2.0428571428571423,19.300000000000004,8.485714285714286,3.500000000000001,8.7,0.0,238.57142857142858,0.0,11.314285714285715,240.0,14.114285714285716
2016-10-23,5.814285714285714,18.25714285714286,8.957142857142857,3.7000000000000006,8.62857142857143,0.0,252.85714285714286,0.0,11.257142857142856,258.57142857142856,14.22857142857143
2016-10-24,6.1428571428571415,17.142857142857146,7.771428571428571,3.800000000000001,8.557142857142857,0.0,268.57142857142856,0.0,11.257142857142856,272.85714285714283,13.0
2016-10-25,6.1,16.028571428571432,7.128571428571428,4.528571428571429,9.328571428571427,0.0,267.14285714285717,0.0,12.27142857142857,272.85714285714283,12.142857142857142
2016-10-26,5.957142857142856,13.014285714285718,5.771428571428572,4.714285714285715,8.685714285714285,0.0,284.2857142857143,0.0,11.642857142857142,291.42857142857144,10.099999999999998
2016-10-27,6.071428571428571,10.471428571428573,4.742857142857142,4.771428571428572,8.5,0.0,284.2857142857143,0.0,11.385714285714286,294.2857142857143,7.814285714285714
2016-10-28,6.314285714285714,9.12857142857143,3.628571428571429,4.914285714285714,9.014285714285714,0.0,287.14285714285717,0.0,12.085714285714285,292.85714285714283,6.557142857142858
2016-10-29,5.657142857142857,7.614285714285716,2.757142857142857,4.8,8.942857142857143,0.0,288.57142857142856,0.0,12.142857142857142,294.2857142857143,5.371428571428571
2016-10-30,2.8285714285714283,7.785714285714287,2.8428571428571425,4.642857142857143,9.014285714285714,0.0,274.2857142857143,0.0,11.942857142857141,278.57142857142856,4.985714285714286
2016-10-31,2.499999999999999,7.542857142857145,3.0,4.114285714285715,8.571428571428571,0.0,278.57142857142856,0.0,11.171428571428573,287.14285714285717,5.214285714285714
2016-11-01,2.5714285714285703,6.9142857142857155,2.4571428571428577,3.7285714285714286,8.128571428571428,0.0,280.0,0.0,10.528571428571428,287.14285714285717,4.728571428571429
2016-11-02,2.5714285714285703,7.785714285714287,1.6857142857142857,3.6142857142857143,8.385714285714284,0.0,257.14285714285717,0.0,10.971428571428573,268.57142857142856,4.685714285714285
2016-11-03,2.4571428571428564,9.842857142857145,2.957142857142857,3.7142857142857144,8.642857142857142,0.0,235.71428571428572,0.0,11.414285714285715,247.14285714285714,6.200000000000001
2016-11-04,3.2571428571428567,10.714285714285717,4.142857142857143,3.7,8.571428571428571,0.0,265.7142857142857,0.0,11.414285714285713,274.2857142857143,7.385714285714285
2016-11-05,2.971428571428571,10.871428571428572,3.4428571428571426,3.885714285714286,8.885714285714286,0.0,262.85714285714283,0.0,11.799999999999999,268.57142857142856,7.614285714285715
2016-11-06,2.0714285714285707,10.628571428571432,2.742857142857143,3.4571428571428577,8.314285714285715,0.0,262.85714285714283,0.0,11.042857142857143,270.0,7.328571428571429
2016-11-07,2.285714285714285,10.314285714285717,1.885714285714286,3.4571428571428577,8.385714285714286,0.0,262.85714285714283,0.0,10.985714285714286,268.57142857142856,7.128571428571428
2016-11-08,2.214285714285714,11.100000000000003,1.5,3.0,7.742857142857143,0.0,244.28571428571428,0.0,10.285714285714286,251.42857142857142,6.914285714285714
2016-11-09,2.214285714285714,11.742857142857146,1.6571428571428573,2.471428571428572,7.1000000000000005,0.0,251.42857142857142,0.0,9.071428571428571,252.85714285714286,7.1000000000000005
2016-11-10,2.3285714285714283,10.471428571428573,0.6285714285714287,2.400000000000001,7.1000000000000005,0.0,274.2857142857143,0.0,9.014285714285714,274.2857142857143,6.171428571428571
2016-11-11,0.6999999999999995,10.071428571428573,-0.7000000000000001,2.8142857142857145,7.614285714285715,0.0,251.42857142857142,0.0,9.971428571428573,252.85714285714286,5.242857142857143
2016-11-12,0.5857142857142852,10.400000000000002,-0.22857142857142862,3.3000000000000003,8.2,0.0,251.42857142857142,0.0,10.671428571428573,255.71428571428572,5.385714285714285
2016-11-13,0.5428571428571424,10.085714285714287,-0.31428571428571433,3.7,8.7,0.0,250.0,0.0,11.557142857142859,251.42857142857142,5.314285714285714
2016-11-14,0.328571428571428,10.957142857142859,-0.08571428571428577,3.6857142857142864,8.5,0.0,230.0,0.0,11.357142857142858,231.42857142857142,5.385714285714286
2016-11-15,0.328571428571428,11.428571428571432,0.6857142857142856,3.9285714285714293,8.885714285714286,0.0,231.42857142857142,0.0,11.871428571428572,230.0,6.257142857142857
2016-11-16,0.9428571428571423,11.342857142857145,1.2285714285714284,3.771428571428572,8.442857142857143,0.0,250.0,0.0,11.357142857142858,248.57142857142858,6.557142857142857
2016-11-17,1.0857142857142852,11.185714285714287,1.457142857142857,3.4571428571428577,7.742857142857143,0.0,247.14285714285714,0.0,10.4,248.57142857142858,6.671428571428572
2016-11-18,1.0857142857142852,11.185714285714287,2.0714285714285716,2.971428571428572,7.1,0.0,267.14285714285717,0.0,9.185714285714285,222.85714285714286,7.114285714285714
2016-11-19,0.8714285714285709,11.500000000000002,2.2285714285714286,2.0000000000000004,5.557142857142857,0.0,250.0,0.0,7.271428571428571,207.14285714285714,7.185714285714286
2016-11-20,0.8714285714285709,13.242857142857146,2.5428571428571423,1.7714285714285718,5.314285714285715,0.0,248.57142857142858,0.0,6.957142857142857,207.14285714285714,7.8999999999999995
2016-11-21,3.414285714285714,12.614285714285716,2.314285714285714,1.871428571428572,5.628571428571428,7.142857142857143,261.42857142857144,8.0,7.342857142857143,221.42857142857142,7.6571428571428575
2016-11-22,3.599999999999999,10.485714285714286,1.6142857142857143,2.4571428571428577,6.257142857142857,18.571428571428573,271.42857142857144,9.428571428571429,8.485714285714286,230.0,6.171428571428571
2016-11-23,3.0571428571428565,8.271428571428574,1.1428571428571428,3.2000000000000006,7.142857142857143,25.714285714285715,268.57142857142856,11.285714285714286,9.957142857142857,225.71428571428572,5.014285714285714
2016-11-24,2.7999999999999994,7.400000000000001,0.3714285714285715,3.442857142857143,7.6571428571428575,32.857142857142854,267.14285714285717,11.285714285714286,10.842857142857142,222.85714285714286,3.8428571428571425
2016-11-25,3.3142857142857136,6.442857142857144,-0.17142857142857132,3.5000000000000004,7.471428571428572,40.0,245.71428571428572,15.571428571428571,10.585714285714287,245.71428571428572,2.857142857142857
2016-11-26,3.3857142857142852,5.32857142857143,-0.41428571428571415,3.5428571428571436,7.542857142857144,40.0,244.28571428571428,15.571428571428571,10.785714285714286,241.42857142857142,2.142857142857143
2016-11-27,3.499999999999999,3.500000000000002,-0.257142857142857,3.385714285714286,7.157142857142857,40.0,222.85714285714286,15.571428571428571,10.214285714285714,267.14285714285717,1.542857142857143
2016-11-28,0.9571428571428562,2.700000000000002,-0.028571428571428453,3.214285714285715,6.8428571428571425,32.857142857142854,231.42857142857142,7.571428571428571,9.714285714285714,272.85714285714283,1.1285714285714286
2016-11-29,0.7714285714285705,3.3285714285714305,-0.18571428571428564,2.471428571428572,6.085714285714286,21.428571428571427,241.42857142857142,6.142857142857143,8.314285714285713,287.14285714285717,1.4285714285714286
2016-11-30,1.457142857142856,4.200000000000002,-0.25714285714285706,2.1142857142857148,5.714285714285714,14.285714285714286,215.71428571428572,4.285714285714286,7.542857142857143,262.85714285714283,1.8142857142857143
2016-12-01,1.5285714285714274,5.400000000000001,0.5142857142857145,2.1428571428571432,6.214285714285714,7.142857142857143,191.42857142857142,4.285714285714286,8.185714285714285,235.71428571428572,2.8285714285714283
2016-12-02,2.5428571428571414,6.600000000000001,1.542857142857143,2.5142857142857147,7.357142857142857,0.0,185.71428571428572,0.0,9.657142857142858,230.0,4.014285714285714
2016-12-03,2.5428571428571414,7.071428571428574,1.7857142857142858,2.942857142857143,8.0,0.0,204.28571428571428,0.0,10.414285714285715,251.42857142857142,4.471428571428571
2016-12-04,2.428571428571427,6.6714285714285735,1.6285714285714286,3.6428571428571432,8.757142857142856,0.0,248.57142857142858,0.0,11.371428571428572,245.71428571428572,4.3
2016-12-05,2.428571428571427,6.442857142857144,1.0857142857142859,3.785714285714286,8.957142857142857,0.0,247.14285714285714,0.0,11.742857142857144,244.28571428571428,4.057142857142857
2016-12-06,3.228571428571427,6.285714285714287,1.0142857142857142,4.028571428571429,9.214285714285714,4.285714285714286,225.71428571428572,10.571428571428571,12.128571428571428,221.42857142857142,3.6999999999999997
2016-12-07,2.47142857142857,5.7285714285714295,0.9285714285714288,3.728571428571429,8.7,11.428571428571429,212.85714285714286,10.571428571428571,11.5,210.0,3.414285714285714
2016-12-08,2.5857142857142845,4.771428571428573,0.22857142857142865,3.785714285714286,8.385714285714286,18.571428571428573,220.0,12.0,10.928571428571429,217.14285714285714,2.5285714285714285
2016-12-09,1.1714285714285702,3.728571428571431,-0.6428571428571429,3.6857142857142864,7.685714285714285,22.857142857142858,237.14285714285714,13.142857142857142,10.414285714285715,240.0,1.5857142857142859
2016-12-10,1.1428571428571417,2.6285714285714303,-1.8285714285714287,4.1000000000000005,7.92857142857143,27.142857142857142,238.57142857142858,13.857142857142858,10.87142857142857,235.71428571428572,0.4714285714285715
2016-12-11,1.1428571428571417,1.5428571428571447,-2.9285714285714284,3.714285714285715,7.8,27.142857142857142,238.57142857142858,14.571428571428571,10.799999999999999,240.0,-0.7142857142857143
2016-12-12,1.1428571428571417,1.0714285714285734,-3.8857142857142857,3.6428571428571432,7.542857142857143,27.142857142857142,218.57142857142858,14.571428571428571,10.357142857142858,215.71428571428572,-1.6428571428571428
2016-12-13,1.3571428571428559,1.2285714285714306,-3.9714285714285715,3.7285714285714286,7.857142857142857,34.285714285714285,234.28571428571428,15.571428571428571,10.799999999999999,230.0,-1.6428571428571428
2016-12-14,1.3571428571428559,1.1428571428571448,-4.285714285714286,4.171428571428572,8.742857142857144,38.57142857142857,254.28571428571428,15.571428571428571,11.942857142857141,250.0,-1.657142857142857
2016-12-15,1.2428571428571416,0.7428571428571448,-5.071428571428571,4.4,8.799999999999999,42.857142857142854,262.85714285714283,15.285714285714286,12.071428571428571,261.42857142857144,-1.8857142857142857
2016-12-16,1.3142857142857132,-0.4285714285714266,-7.685714285714285,4.9142857142857155,9.828571428571431,50.0,271.42857142857144,17.428571428571427,13.22857142857143,265.7142857142857,-3.2142857142857144
2016-12-17,1.2714285714285702,-1.7714285714285698,-9.657142857142857,4.614285714285715,10.085714285714285,45.714285714285715,267.14285714285717,16.714285714285715,13.542857142857143,268.57142857142856,-5.328571428571428
2016-12-18,1.814285714285713,-0.9999999999999982,-9.9,4.628571428571429,10.157142857142857,57.142857142857146,247.14285714285714,26.857142857142858,13.485714285714286,247.14285714285714,-5.5
2016-12-19,3.8142857142857127,0.10000000000000167,-10.057142857142859,5.114285714285715,11.042857142857144,68.57142857142857,244.28571428571428,26.857142857142858,14.757142857142858,248.57142857142858,-4.414285714285714
2016-12-20,2.799999999999998,-1.4714285714285698,-11.799999999999999,4.971428571428572,10.657142857142857,61.42857142857143,227.14285714285714,15.285714285714286,14.242857142857144,232.85714285714286,-5.785714285714286
2016-12-21,2.799999999999998,-2.17142857142857,-12.985714285714284,5.328571428571429,10.914285714285715,54.285714285714285,227.14285714285714,15.285714285714286,14.757142857142858,231.42857142857142,-6.885714285714285
2016-12-22,2.728571428571427,-1.6142857142857123,-12.514285714285716,5.3,10.857142857142858,47.142857142857146,218.57142857142858,14.142857142857142,14.685714285714287,220.0,-6.828571428571428
2016-12-23,2.97142857142857,-0.6714285714285698,-10.12857142857143,4.742857142857143,9.828571428571427,42.857142857142854,198.57142857142858,16.285714285714285,13.27142857142857,200.0,-5.714285714285714
2016-12-24,2.97142857142857,1.3857142857142875,-7.442857142857142,4.671428571428572,9.200000000000001,50.0,184.28571428571428,16.285714285714285,12.442857142857141,182.85714285714286,-3.0285714285714285
2016-12-25,2.4285714285714275,1.9428571428571446,-5.942857142857143,4.914285714285714,9.385714285714286,45.714285714285715,182.85714285714286,5.428571428571429,12.828571428571427,181.42857142857142,-1.5999999999999999
2016-12-26,0.47142857142857014,1.7857142857142876,-5.785714285714286,4.728571428571429,9.385714285714286,38.57142857142857,207.14285714285714,5.428571428571429,12.714285714285714,205.71428571428572,-1.742857142857143
2016-12-27,0.9857142857142845,3.514285714285716,-4.914285714285714,5.171428571428572,10.671428571428569,34.285714285714285,207.14285714285714,5.428571428571429,14.442857142857141,207.14285714285714,-1.0285714285714287
2016-12-28,1.1714285714285702,5.085714285714287,-2.942857142857142,5.057142857142858,10.87142857142857,30.0,207.14285714285714,5.428571428571429,14.62857142857143,208.57142857142858,0.7285714285714286
2016-12-29,1.214285714285713,4.614285714285716,-3.342857142857142,4.771428571428572,10.485714285714284,25.714285714285715,228.57142857142858,8.714285714285714,14.114285714285716,231.42857142857142,0.7571428571428572
2016-12-30,1.5857142857142843,4.52857142857143,-3.657142857142856,4.685714285714286,10.928571428571429,18.571428571428573,222.85714285714286,13.857142857142858,14.700000000000001,225.71428571428572,0.4
2016-12-31,1.5857142857142843,3.9714285714285738,-4.6,4.885714285714286,11.242857142857144,22.857142857142858,232.85714285714286,13.857142857142858,15.085714285714285,234.28571428571428,0.10000000000000002
2017-01-01,1.5857142857142843,3.5000000000000013,-6.3428571428571425,4.9,11.314285714285713,27.142857142857142,234.28571428571428,13.857142857142858,15.271428571428572,232.85714285714286,-1.0714285714285714
2017-01-02,1.5428571428571414,3.2571428571428593,-5.628571428571428,4.828571428571429,11.057142857142855,30.0,212.85714285714286,13.857142857142858,15.014285714285716,210.0,-0.9
2017-01-03,1.0285714285714271,3.257142857142859,-5.228571428571428,4.185714285714286,9.385714285714286,37.142857142857146,214.28571428571428,13.857142857142858,12.785714285714286,210.0,-0.35714285714285704
2017-01-04,1.3571428571428559,2.871428571428573,-5.614285714285714,3.7571428571428576,8.614285714285714,44.285714285714285,210.0,13.857142857142858,12.157142857142858,207.14285714285714,-0.7714285714285714
2017-01-05,1.8999999999999988,3.500000000000002,-5.214285714285714,3.9857142857142867,8.928571428571427,44.285714285714285,194.28571428571428,10.571428571428571,13.37142857142857,195.71428571428572,-0.34285714285714286
2017-01-06,1.1428571428571417,3.200000000000002,-5.457142857142856,4.2857142857142865,9.0,44.285714285714285,212.85714285714286,1.1428571428571428,14.0,214.28571428571428,-0.4142857142857142
2017-01-07,1.1428571428571417,2.5000000000000013,-5.385714285714285,3.828571428571429,8.685714285714285,32.857142857142854,210.0,1.1428571428571428,13.414285714285715,215.71428571428572,-1.0285714285714285
2017-01-08,1.1428571428571417,1.6428571428571446,-5.614285714285714,3.400000000000001,7.985714285714286,21.428571428571427,234.28571428571428,1.1428571428571428,12.271428571428572,238.57142857142858,-1.3285714285714285
2017-01-09,1.1428571428571417,-0.15714285714285556,-7.128571428571428,3.1142857142857148,7.857142857142857,14.285714285714286,252.85714285714286,1.8571428571428572,12.014285714285714,260.0,-3.3000000000000003
2017-01-10,1.1428571428571417,-1.8857142857142841,-8.4,3.6285714285714294,8.757142857142858,7.142857142857143,252.85714285714286,1.8571428571428572,13.542857142857143,258.57142857142856,-4.742857142857142
2017-01-11,0.6285714285714273,-2.1285714285714272,-9.357142857142858,4.200000000000001,9.657142857142857,0.0,257.14285714285717,3.0,14.299999999999999,261.42857142857144,-5.871428571428571
2017-01-12,0.7285714285714274,-1.4142857142857124,-8.728571428571428,4.557142857142858,10.428571428571429,0.0,251.42857142857142,3.0,14.757142857142858,250.0,-5.557142857142857
2017-01-13,0.8285714285714274,0.47142857142857303,-6.999999999999999,4.9,10.685714285714285,0.0,240.0,1.8571428571428572,14.62857142857143,238.57142857142858,-3.8857142857142852
2017-01-14,0.8285714285714274,2.114285714285716,-7.557142857142856,5.557142857142858,11.700000000000001,0.0,250.0,1.8571428571428572,15.842857142857143,245.71428571428572,-2.8857142857142857
2017-01-15,0.8285714285714274,2.114285714285716,-7.8,5.528571428571429,11.700000000000001,0.0,248.57142857142858,1.8571428571428572,15.771428571428572,248.57142857142858,-3.2857142857142856
2017-01-16,0.8714285714285702,3.142857142857145,-6.999999999999999,5.614285714285715,11.457142857142857,0.0,251.42857142857142,3.0,15.642857142857144,252.85714285714286,-2.2142857142857144
2017-01-17,0.8714285714285702,4.628571428571431,-6.371428571428572,5.371428571428572,11.385714285714286,0.0,252.85714285714286,3.0,15.12857142857143,254.28571428571428,-1.2714285714285718
2017-01-18,1.6999999999999988,4.700000000000002,-6.371428571428572,4.571428571428571,10.357142857142858,0.0,254.28571428571428,9.142857142857142,13.671428571428573,255.71428571428572,-0.7428571428571431
2017-01-19,1.37142857142857,3.514285714285716,-6.528571428571428,4.028571428571429,9.214285714285714,11.428571428571429,251.42857142857142,12.0,12.0,258.57142857142856,-1.2571428571428573
2017-01-20,1.2285714285714273,2.3285714285714305,-7.314285714285714,3.1571428571428575,8.0,18.571428571428573,275.7142857142857,12.0,10.214285714285714,281.42857142857144,-2.2142857142857144
2017-01-21,1.2285714285714273,1.614285714285716,-5.657142857142857,2.6000000000000005,6.985714285714286,22.857142857142858,257.14285714285717,12.0,9.071428571428571,262.85714285714283,-2.2857142857142856
2017-01-22,1.2285714285714273,3.1857142857142873,-3.285714285714285,2.5571428571428574,6.9142857142857155,22.857142857142858,235.71428571428572,12.0,9.014285714285714,240.0,-0.3142857142857144
2017-01-23,1.1857142857142844,4.0428571428571445,-1.7142857142857137,2.4571428571428577,6.528571428571429,22.857142857142858,235.71428571428572,10.142857142857142,8.371428571428572,238.57142857142858,0.7142857142857143
2017-01-24,1.2285714285714273,4.128571428571431,0.028571428571429025,2.4571428571428577,6.285714285714286,22.857142857142858,224.28571428571428,10.142857142857142,8.185714285714287,227.14285714285714,1.7714285714285711
2017-01-25,3.699999999999999,3.5857142857142876,0.828571428571429,2.985714285714286,6.414285714285714,22.857142857142858,244.28571428571428,10.142857142857142,8.428571428571429,245.71428571428572,2.071428571428571
2017-01-26,3.557142857142856,3.4285714285714306,0.44285714285714334,2.8000000000000007,6.414285714285714,22.857142857142858,265.7142857142857,10.142857142857142,8.242857142857144,264.2857142857143,1.6714285714285713
2017-01-27,3.885714285714285,3.671428571428573,0.3571428571428576,3.1428571428571432,6.857142857142857,20.0,241.42857142857142,10.142857142857142,8.885714285714286,240.0,1.6857142857142857
2017-01-28,4.07142857142857,3.6714285714285735,0.05714285714285757,3.5142857142857147,7.3,22.857142857142858,252.85714285714286,12.0,9.585714285714285,251.42857142857142,1.6857142857142855
2017-01-29,4.07142857142857,3.114285714285716,-0.571428571428571,3.771428571428572,7.628571428571428,22.857142857142858,267.14285714285717,12.0,10.028571428571428,261.42857142857144,1.214285714285714
2017-01-30,4.07142857142857,2.9571428571428586,-1.0285714285714282,4.1571428571428575,8.014285714285714,27.142857142857142,247.14285714285714,12.0,10.6,238.57142857142858,0.9571428571428571
2017-01-31,4.028571428571428,2.100000000000002,-2.528571428571428,4.214285714285714,7.942857142857143,31.428571428571427,231.42857142857142,12.714285714285714,10.271428571428572,268.57142857142856,0.0999999999999999
2017-02-01,0.728571428571427,1.6285714285714301,-4.042857142857143,3.842857142857144,7.814285714285715,35.714285714285715,211.42857142857142,5.428571428571429,10.271428571428572,247.14285714285714,-1.042857142857143
2017-02-02,0.7999999999999984,1.471428571428573,-4.757142857142857,3.8000000000000003,7.685714285714285,31.428571428571427,212.85714285714286,7.714285714285714,10.142857142857144,230.0,-1.4142857142857144
2017-02-03,0.5142857142857127,0.6714285714285732,-5.771428571428571,3.842857142857144,7.942857142857144,34.285714285714285,224.28571428571428,8.857142857142858,10.457142857142857,245.71428571428572,-2.142857142857143
2017-02-04,0.5857142857142842,-0.34285714285714114,-6.642857142857143,3.5000000000000004,7.742857142857143,34.285714285714285,227.14285714285714,12.857142857142858,9.942857142857141,245.71428571428572,-3.1714285714285713
2017-02-05,0.5857142857142842,-0.9714285714285698,-7.514285714285713,3.5571428571428574,7.928571428571429,41.42857142857143,220.0,12.857142857142858,10.257142857142858,242.85714285714286,-3.942857142857143
2017-02-06,0.5857142857142842,-1.1285714285714268,-7.914285714285713,3.6142857142857148,8.371428571428572,41.42857142857143,237.14285714285714,13.571428571428571,11.028571428571428,261.42857142857144,-4.414285714285714
2017-02-07,0.8428571428571414,-1.0571428571428554,-7.828571428571428,3.528571428571429,8.814285714285715,44.285714285714285,281.42857142857144,23.428571428571427,11.928571428571429,262.85714285714283,-4.585714285714286
2017-02-08,1.4999999999999984,-0.6714285714285696,-7.185714285714285,3.6000000000000005,9.128571428571428,58.57142857142857,281.42857142857144,27.428571428571427,12.185714285714285,264.2857142857143,-4.442857142857142
2017-02-09,1.2571428571428558,0.20000000000000182,-6.785714285714286,4.200000000000001,10.014285714285714,65.71428571428571,258.57142857142856,22.285714285714285,13.842857142857143,260.0,-3.5285714285714285
2017-02-10,1.6428571428571412,-0.4142857142857124,-7.8999999999999995,4.342857142857143,9.828571428571427,72.85714285714286,265.7142857142857,27.0,13.657142857142857,220.0,-4.428571428571429
2017-02-11,1.4571428571428555,-1.3714285714285697,-8.928571428571429,4.6000000000000005,10.342857142857142,80.0,268.57142857142856,21.857142857142858,14.614285714285716,228.57142857142858,-5.471428571428571
2017-02-12,1.6428571428571412,-1.7571428571428551,-9.642857142857142,4.342857142857143,9.642857142857142,87.14285714285714,251.42857142857142,24.0,13.6,212.85714285714286,-6.057142857142858
2017-02-13,3.27142857142857,-2.299999999999998,-10.757142857142856,3.885714285714286,9.314285714285713,97.14285714285714,228.57142857142858,50.857142857142854,13.028571428571428,190.0,-6.799999999999999
2017-02-14,3.5999999999999983,-2.3714285714285697,-10.37142857142857,4.171428571428572,9.314285714285715,132.85714285714286,230.0,53.285714285714285,12.77142857142857,188.57142857142858,-6.628571428571428
2017-02-15,2.942857142857141,-2.2142857142857126,-10.614285714285714,4.128571428571429,8.942857142857143,154.28571428571428,247.14285714285714,49.285714285714285,12.142857142857142,205.71428571428572,-6.242857142857142
2017-02-16,4.285714285714284,-2.8571428571428554,-10.542857142857143,3.7428571428571433,8.242857142857144,175.71428571428572,274.2857142857143,72.57142857142857,10.87142857142857,204.28571428571428,-6.500000000000001
2017-02-17,4.37142857142857,-2.542857142857141,-9.114285714285714,3.6714285714285717,8.357142857142858,215.71428571428572,270.0,77.28571428571429,11.057142857142859,245.71428571428572,-5.728571428571429
2017-02-18,4.299999999999999,-1.0428571428571412,-8.4,3.3571428571428577,7.8428571428571425,260.0,271.42857142857144,76.57142857142857,10.099999999999998,244.28571428571428,-4.5
2017-02-19,4.114285714285713,0.9142857142857161,-8.0,3.7571428571428576,8.799999999999999,300.0,280.0,74.42857142857143,11.371428571428572,254.28571428571428,-3.4714285714285715
2017-02-20,2.4857142857142844,2.642857142857145,-5.785714285714285,3.9428571428571435,8.685714285714285,311.42857142857144,305.7142857142857,46.857142857142854,11.299999999999999,280.0,-1.3428571428571432
2017-02-21,1.8999999999999984,3.3428571428571447,-5.542857142857143,3.828571428571429,8.557142857142857,294.2857142857143,307.14285714285717,33.857142857142854,11.114285714285716,282.85714285714283,-0.542857142857143
2017-02-22,1.8999999999999984,3.9857142857142875,-5.299999999999999,4.071428571428572,9.128571428571428,275.7142857142857,287.14285714285717,33.857142857142854,12.257142857142856,262.85714285714283,-0.15714285714285725
2017-02-23,0.5142857142857128,5.414285714285716,-4.357142857142857,4.042857142857144,9.000000000000002,254.28571428571428,262.85714285714283,10.571428571428571,12.385714285714284,264.2857142857143,0.7
2017-02-24,0.0,8.171428571428574,-3.014285714285714,4.042857142857144,9.514285714285714,200.0,247.14285714285714,0.0,12.957142857142856,250.0,2.642857142857143
2017-02-25,0.14285714285714132,9.600000000000003,-1.3714285714285712,3.8142857142857145,9.071428571428571,141.42857142857142,202.85714285714286,0.0,12.457142857142857,255.71428571428572,4.228571428571429
2017-02-26,3.37142857142857,11.428571428571429,0.12857142857142892,3.7428571428571433,9.328571428571427,87.14285714285714,201.42857142857142,0.7142857142857143,12.971428571428572,252.85714285714286,5.957142857142857
2017-02-27,3.37142857142857,10.471428571428573,-0.6571428571428568,4.042857142857144,9.771428571428572,61.42857142857143,194.28571428571428,0.7142857142857143,13.485714285714286,244.28571428571428,5.1
2017-02-28,3.37142857142857,11.185714285714287,-0.09999999999999958,4.1571428571428575,9.9,35.714285714285715,172.85714285714286,0.7142857142857143,13.742857142857144,222.85714285714286,5.171428571428571
2017-03-01,3.37142857142857,11.971428571428573,0.8428571428571432,3.8000000000000007,9.328571428571427,14.285714285714286,177.14285714285714,0.7142857142857143,12.914285714285715,228.57142857142858,6.1000000000000005
2017-03-02,4.285714285714285,12.685714285714287,1.6285714285714288,4.228571428571429,10.357142857142858,0.0,175.71428571428572,0.7142857142857143,14.057142857142855,227.14285714285714,6.885714285714285
2017-03-03,4.285714285714285,11.971428571428573,-0.1857142857142853,4.642857142857143,10.428571428571429,0.0,188.57142857142858,0.7142857142857143,14.385714285714286,232.85714285714286,5.971428571428572
2017-03-04,4.2142857142857135,9.842857142857143,-2.228571428571428,5.171428571428572,11.385714285714286,0.0,234.28571428571428,2.5714285714285716,15.528571428571428,227.14285714285714,3.8999999999999995
2017-03-05,0.9857142857142842,4.942857142857144,-4.6,5.528571428571429,11.442857142857141,0.0,255.71428571428572,1.8571428571428572,15.4,250.0,0.5999999999999999
2017-03-06,0.9857142857142842,3.6857142857142873,-6.342857142857142,5.314285714285715,11.185714285714285,0.0,261.42857142857144,1.8571428571428572,14.957142857142856,258.57142857142856,-1.2571428571428573
2017-03-07,1.128571428571427,3.285714285714288,-8.242857142857142,4.871428571428572,10.428571428571429,0.0,262.85714285714283,1.8571428571428572,13.8,260.0,-2.5
2017-03-08,1.314285714285713,3.0428571428571445,-7.7714285714285705,5.4,10.87142857142857,0.0,260.0,1.8571428571428572,14.5,257.14285714285717,-2.6000000000000005
2017-03-09,1.085714285714284,2.414285714285716,-8.485714285714286,5.314285714285715,11.0,0.0,271.42857142857144,1.8571428571428572,14.957142857142857,267.14285714285717,-3.2285714285714286
2017-03-10,1.1999999999999986,1.542857142857145,-7.771428571428571,5.114285714285715,10.928571428571429,4.285714285714286,270.0,5.142857142857143,14.828571428571427,271.42857142857144,-3.442857142857143
2017-03-11,1.128571428571427,2.1000000000000023,-7.7714285714285705,5.085714285714286,10.928571428571429,4.285714285714286,270.0,3.2857142857142856,14.957142857142857,272.85714285714283,-2.8285714285714287
2017-03-12,1.128571428571427,2.1714285714285735,-8.014285714285714,5.214285714285714,10.799999999999999,4.285714285714286,268.57142857142856,3.2857142857142856,14.885714285714286,270.0,-2.9571428571428577
2017-03-13,1.128571428571427,1.9428571428571453,-8.1,5.5,10.928571428571429,4.285714285714286,267.14285714285717,3.2857142857142856,15.014285714285716,268.57142857142856,-3.085714285714286
2017-03-14,0.9857142857142841,0.4428571428571451,-7.942857142857142,5.685714285714285,11.185714285714285,4.285714285714286,285.7142857142857,3.2857142857142856,15.457142857142856,287.14285714285717,-3.528571428571429
2017-03-15,3.67142857142857,-1.8428571428571405,-9.285714285714286,5.671428571428572,11.62857142857143,4.285714285714286,308.57142857142856,67.85714285714286,16.02857142857143,261.42857142857144,-5.128571428571429
2017-03-16,4.214285714285713,-4.371428571428569,-10.857142857142856,5.757142857142858,11.171428571428573,77.14285714285714,320.0,113.57142857142857,15.071428571428571,274.2857142857143,-7.214285714285714
2017-03-17,4.099999999999999,-5.542857142857142,-11.728571428571428,5.542857142857144,10.857142857142858,138.57142857142858,325.7142857142857,110.28571428571429,14.557142857142859,278.57142857142856,-8.385714285714286
2017-03-18,4.099999999999999,-5.314285714285712,-11.5,5.185714285714286,10.028571428571428,190.0,325.7142857142857,110.28571428571429,13.414285714285713,278.57142857142856,-8.514285714285714
2017-03-19,4.099999999999999,-3.0285714285714262,-11.1,4.214285714285714,9.014285714285714,237.14285714285714,317.14285714285717,110.28571428571429,11.957142857142857,270.0,-7.328571428571428
2017-03-20,4.099999999999999,-1.457142857142855,-10.214285714285714,3.6714285714285717,8.571428571428571,272.85714285714283,317.14285714285717,110.28571428571429,11.314285714285713,268.57142857142856,-5.771428571428572
2017-03-21,4.099999999999999,0.5142857142857166,-9.657142857142857,3.385714285714286,8.114285714285714,305.7142857142857,312.85714285714283,110.28571428571429,10.814285714285715,268.57142857142856,-4.485714285714286
2017-03-22,1.3714285714285694,1.9285714285714306,-8.557142857142859,2.6857142857142864,7.1000000000000005,331.42857142857144,297.14285714285717,45.714285714285715,9.1,298.57142857142856,-3.1714285714285717
2017-03-23,0.2571428571428551,2.9428571428571453,-9.114285714285714,3.0428571428571436,7.614285714285714,280.2857142857143,294.2857142857143,0.7142857142857143,9.471428571428572,295.7142857142857,-2.9571428571428577
2017-03-24,0.2571428571428551,3.3285714285714305,-10.228571428571428,2.6857142857142864,7.3,236.0,301.42857142857144,0.7142857142857143,8.9,304.2857142857143,-3.2142857142857144
2017-03-25,2.3285714285714265,3.5571428571428596,-9.271428571428572,3.042857142857143,7.942857142857142,206.0,280.0,9.0,9.857142857142858,284.2857142857143,-2.8142857142857145
2017-03-26,2.3285714285714265,3.242857142857145,-7.999999999999999,3.285714285714286,8.257142857142856,184.57142857142858,291.42857142857144,9.0,10.228571428571428,294.2857142857143,-1.9000000000000001
2017-03-27,2.3714285714285697,3.242857142857145,-7.928571428571429,3.3714285714285714,8.5,174.57142857142858,270.0,9.0,10.742857142857144,272.85714285714283,-1.9571428571428573
2017-03-28,3.499999999999998,2.857142857142859,-6.285714285714286,3.7285714285714286,9.4,160.28571428571428,252.85714285714286,9.0,11.828571428571427,251.42857142857142,-1.385714285714286
2017-03-29,3.4714285714285693,3.971428571428573,-5.971428571428572,4.014285714285715,9.714285714285714,148.85714285714286,247.14285714285714,9.0,12.27142857142857,248.57142857142858,-0.9571428571428573
2017-03-30,3.357142857142855,4.285714285714287,-4.071428571428571,3.3857142857142866,8.942857142857143,134.28571428571428,248.57142857142858,8.285714285714286,11.314285714285715,250.0,0.21428571428571397
2017-03-31,3.357142857142855,5.000000000000002,-1.785714285714286,3.5857142857142863,8.814285714285715,120.0,244.28571428571428,8.285714285714286,11.185714285714287,245.71428571428572,1.6999999999999997
2017-04-01,3.357142857142855,5.314285714285717,-1.2428571428571433,3.2000000000000006,8.17142857142857,102.85714285714286,237.14285714285714,9.142857142857142,10.285714285714286,235.71428571428572,2.0999999999999996
2017-04-02,4.742857142857141,5.628571428571431,-0.38571428571428584,3.1142857142857148,7.728571428571429,102.85714285714286,237.14285714285714,25.142857142857142,9.842857142857142,235.71428571428572,2.1285714285714286
2017-04-03,4.699999999999998,6.500000000000002,0.7999999999999999,3.0285714285714294,7.485714285714287,95.71428571428571,264.2857142857143,25.142857142857142,9.457142857142857,260.0,3.0
2017-04-04,3.5714285714285694,7.285714285714287,0.0999999999999999,2.6142857142857148,6.585714285714286,84.28571428571429,280.0,25.142857142857142,8.3,280.0,3.1
2017-04-05,4.685714285714283,6.971428571428573,0.3428571428571427,3.1428571428571432,7.414285714285714,70.0,272.85714285714283,25.142857142857142,9.385714285714284,270.0,3.2714285714285714
2017-04-06,4.871428571428569,7.771428571428573,0.6571428571428569,2.842857142857144,6.914285714285714,62.857142857142854,230.0,25.142857142857142,8.885714285714286,228.57142857142858,3.6999999999999997
2017-04-07,7.842857142857141,8.000000000000002,1.2857142857142858,2.8714285714285723,7.042857142857143,55.714285714285715,201.42857142857142,25.142857142857142,9.2,198.57142857142858,4.142857142857143
2017-04-08,7.2571428571428545,8.328571428571431,1.5999999999999999,3.1714285714285717,7.171428571428572,51.42857142857143,227.14285714285714,16.0,9.714285714285714,225.71428571428572,4.614285714285714
2017-04-09,5.871428571428568,8.728571428571431,1.457142857142857,3.5000000000000004,7.928571428571429,25.714285714285715,225.71428571428572,0.0,10.87142857142857,221.42857142857142,4.914285714285714
2017-04-10,5.871428571428568,9.914285714285716,1.1428571428571428,3.571428571428572,7.857142857142857,7.142857142857143,201.42857142857142,0.0,10.799999999999999,200.0,5.3
2017-04-11,5.871428571428568,12.142857142857144,3.4285714285714284,4.242857142857143,8.942857142857141,0.0,187.14285714285714,0.0,12.457142857142857,182.85714285714286,7.371428571428571
2017-04-12,5.042857142857142,14.685714285714287,3.985714285714286,3.714285714285715,8.371428571428572,0.0,215.71428571428572,0.0,11.557142857142859,214.28571428571428,9.042857142857143
2017-04-13,5.04285714285714,15.314285714285715,4.542857142857143,3.8714285714285714,9.071428571428571,0.0,254.28571428571428,0.0,12.828571428571427,248.57142857142858,9.685714285714285
2017-04-14,2.0714285714285694,16.342857142857145,4.228571428571429,3.9285714285714284,9.385714285714286,0.0,285.7142857142857,0.0,13.085714285714287,282.85714285714283,10.1
2017-04-15,0.5857142857142836,17.685714285714287,3.7714285714285714,3.5000000000000004,9.200000000000001,0.0,290.0,0.0,12.514285714285714,282.85714285714283,10.471428571428572
2017-04-16,2.1857142857142837,19.514285714285716,3.914285714285714,3.5,9.200000000000001,0.0,270.0,0.0,12.385714285714286,264.2857142857143,11.442857142857141
2017-04-17,2.585714285714283,20.871428571428574,5.971428571428571,3.7285714285714286,9.642857142857142,0.0,282.85714285714283,0.0,13.028571428571428,280.0,12.957142857142857
2017-04-18,2.585714285714283,18.800000000000004,4.785714285714286,3.642857142857143,9.385714285714286,0.0,304.2857142857143,0.0,12.714285714285714,292.85714285714283,12.014285714285714
2017-04-19,2.1857142857142833,16.571428571428573,4.071428571428571,3.7714285714285722,9.128571428571428,0.0,301.42857142857144,0.0,12.585714285714285,290.0,10.37142857142857
2017-04-20,3.4571428571428546,16.18571428571429,3.4285714285714284,4.371428571428572,9.442857142857145,0.0,282.85714285714283,0.0,12.842857142857143,278.57142857142856,9.971428571428572
2017-04-21,3.528571428571426,15.400000000000002,3.9857142857142853,4.185714285714286,9.242857142857144,0.0,262.85714285714283,0.0,12.457142857142857,255.71428571428572,9.885714285714284
2017-04-22,5.27142857142857,14.842857142857145,5.0,4.471428571428572,9.614285714285714,0.0,235.71428571428572,0.0,12.957142857142857,231.42857142857142,10.014285714285714
2017-04-23,3.7142857142857117,13.414285714285715,5.957142857142856,4.057142857142858,9.114285714285716,0.0,258.57142857142856,0.0,12.257142857142858,254.28571428571428,9.799999999999999
2017-04-24,3.314285714285712,12.214285714285714,4.6000000000000005,3.7000000000000006,8.742857142857144,0.0,245.71428571428572,0.0,11.614285714285714,238.57142857142858,8.799999999999999
2017-04-25,3.314285714285712,12.142857142857144,4.442857142857142,3.6285714285714294,8.428571428571429,0.0,241.42857142857142,0.0,10.971428571428572,241.42857142857142,8.457142857142857
2017-04-26,3.428571428571426,12.700000000000001,4.285714285714286,3.4285714285714297,8.742857142857144,0.0,220.0,0.0,11.742857142857144,212.85714285714286,8.67142857142857
2017-04-27,2.5571428571428547,14.285714285714286,5.242857142857143,2.728571428571429,8.114285714285716,0.0,212.85714285714286,0.0,10.657142857142857,202.85714285714286,9.571428571428571
2017-04-28,2.4857142857142835,16.742857142857144,5.957142857142857,2.971428571428572,8.114285714285716,0.0,208.57142857142858,0.0,10.985714285714284,198.57142857142858,11.057142857142859
2017-04-29,0.7428571428571404,18.88571428571429,7.628571428571428,3.0571428571428574,8.185714285714285,0.0,212.85714285714286,0.0,11.242857142857144,204.28571428571428,12.9
2017-04-30,0.6999999999999976,20.714285714285715,7.542857142857144,3.4285714285714293,8.885714285714286,0.0,211.42857142857142,0.0,12.257142857142856,204.28571428571428,14.471428571428572
2017-05-01,0.771428571428569,19.057142857142857,7.7,3.5428571428571436,8.885714285714284,0.0,230.0,0.0,12.257142857142856,202.85714285714286,13.985714285714284
2017-05-02,3.5285714285714262,20.000000000000004,8.171428571428573,3.6857142857142864,9.328571428571427,0.0,204.28571428571428,0.0,12.842857142857143,178.57142857142858,14.285714285714286
2017-05-03,4.028571428571427,20.242857142857144,9.200000000000001,3.771428571428572,9.014285714285714,0.0,218.57142857142858,0.0,12.200000000000001,198.57142857142858,15.200000000000001
2017-05-04,3.485714285714284,18.657142857142862,8.014285714285714,3.9571428571428577,9.200000000000001,0.0,247.14285714285714,0.0,12.457142857142857,222.85714285714286,14.557142857142855
2017-05-05,3.528571428571426,17.542857142857144,6.514285714285713,3.657142857142858,9.200000000000001,0.0,252.85714285714286,0.0,12.385714285714286,228.57142857142858,13.257142857142856
2017-05-06,4.871428571428568,15.485714285714286,5.1571428571428575,3.6428571428571437,9.200000000000001,0.0,248.57142857142858,0.0,12.457142857142857,222.85714285714286,11.685714285714283
2017-05-07,5.27142857142857,15.55714285714286,5.714285714285714,3.6000000000000005,9.457142857142857,0.0,221.42857142857142,0.0,12.714285714285714,195.71428571428572,11.0
2017-05-08,5.8857142857142835,16.58571428571429,6.042857142857144,3.9285714285714284,9.771428571428572,0.0,202.85714285714286,0.0,13.357142857142858,198.57142857142858,11.928571428571429
2017-05-09,3.3142857142857123,15.157142857142858,5.414285714285714,3.628571428571429,9.328571428571427,0.0,230.0,0.0,12.9,215.71428571428572,11.099999999999998
2017-05-10,2.699999999999998,14.200000000000003,4.385714285714285,3.528571428571429,9.071428571428571,0.0,238.57142857142858,0.0,12.4,222.85714285714286,9.799999999999999
2017-05-11,2.657142857142855,14.42857142857143,4.942857142857143,3.5,9.0,0.0,240.0,0.0,12.328571428571427,227.14285714285714,9.7
2017-05-12,2.6142857142857125,13.957142857142859,5.814285714285715,3.6000000000000005,9.071428571428571,0.0,254.28571428571428,0.0,12.071428571428571,242.85714285714286,9.799999999999999
2017-05-13,1.2714285714285694,15.22857142857143,5.185714285714286,3.342857142857144,8.557142857142857,0.0,258.57142857142856,0.0,11.114285714285714,251.42857142857142,10.114285714285714
2017-05-14,1.0857142857142836,14.35714285714286,5.185714285714285,3.2,7.6000000000000005,0.0,264.2857142857143,0.0,9.77142857142857,258.57142857142856,10.057142857142855
2017-05-15,1.4142857142857121,13.957142857142859,5.5,2.8714285714285723,7.285714285714286,0.0,288.57142857142856,0.0,9.328571428571427,277.14285714285717,9.599999999999998
2017-05-16,2.285714285714284,15.62857142857143,6.371428571428572,3.3571428571428577,7.857142857142857,0.0,290.0,0.0,9.914285714285715,287.14285714285717,10.599999999999998
2017-05-17,2.285714285714284,17.614285714285717,7.242857142857142,3.285714285714286,7.857142857142857,0.0,290.0,0.0,10.042857142857143,285.7142857142857,12.214285714285714
2017-05-18,2.285714285714284,20.400000000000002,8.342857142857143,3.342857142857144,7.985714285714287,0.0,270.0,0.0,10.3,267.14285714285717,14.085714285714285
2017-05-19,2.5714285714285694,23.1,10.400000000000002,3.442857142857143,7.471428571428572,0.0,251.42857142857142,0.0,10.62857142857143,257.14285714285717,16.485714285714284
2017-05-20,2.6142857142857125,23.328571428571426,11.271428571428572,3.771428571428572,8.042857142857143,0.0,272.85714285714283,0.0,11.385714285714286,280.0,17.37142857142857
2017-05-21,2.399999999999998,23.32857142857143,10.799999999999999,3.971428571428572,8.414285714285715,0.0,291.42857142857144,0.0,11.828571428571431,300.0,17.02857142857143
2017-05-22,1.7428571428571409,24.685714285714287,10.4,3.885714285714286,8.157142857142857,0.0,274.2857142857143,0.0,11.257142857142856,284.2857142857143,17.457142857142856
2017-05-23,2.857142857142855,23.814285714285717,10.557142857142859,3.6142857142857148,7.8999999999999995,0.0,252.85714285714286,0.0,11.128571428571428,262.85714285714283,17.47142857142857
2017-05-24,2.857142857142855,23.571428571428573,10.714285714285714,3.6428571428571432,8.028571428571428,0.0,234.28571428571428,0.0,11.185714285714285,247.14285714285714,17.3
2017-05-25,2.857142857142855,22.614285714285717,10.4,3.2571428571428576,7.4,0.0,227.14285714285714,0.0,10.171428571428569,238.57142857142858,16.814285714285713
2017-05-26,3.228571428571427,20.47142857142857,9.214285714285714,3.1857142857142864,8.1,0.0,220.0,0.0,10.228571428571428,222.85714285714286,15.414285714285713
2017-05-27,4.171428571428569,19.2,9.457142857142857,3.0428571428571436,7.971428571428572,0.0,221.42857142857142,0.0,9.971428571428572,221.42857142857142,14.599999999999998
2017-05-28,4.171428571428569,19.914285714285718,9.928571428571429,2.6428571428571432,7.6571428571428575,0.0,215.71428571428572,0.0,9.4,214.28571428571428,15.014285714285714
2017-05-29,3.8142857142857123,20.542857142857144,10.728571428571428,2.6857142857142864,7.971428571428572,0.0,208.57142857142858,0.0,9.971428571428572,210.0,15.714285714285714
2017-05-30,2.799999999999998,21.25714285714286,11.2,2.6000000000000005,7.728571428571428,0.0,207.14285714285714,0.0,9.514285714285714,207.14285714285714,16.328571428571426
2017-05-31,4.614285714285712,20.78571428571429,11.828571428571431,3.214285714285715,8.242857142857144,0.0,205.71428571428572,0.0,10.414285714285713,205.71428571428572,16.257142857142856
2017-06-01,6.614285714285712,20.38571428571429,11.985714285714284,3.842857142857143,9.328571428571431,0.0,225.71428571428572,0.0,11.814285714285715,227.14285714285714,16.014285714285712
2017-06-02,5.957142857142855,20.942857142857147,11.985714285714286,4.014285714285714,9.071428571428571,0.0,241.42857142857142,0.0,11.685714285714287,238.57142857142858,16.02857142857143
2017-06-03,5.157142857142856,21.185714285714287,11.657142857142857,3.985714285714286,8.885714285714286,0.0,237.14285714285714,0.0,11.685714285714287,227.14285714285714,16.04285714285714
2017-06-04,5.342857142857141,20.157142857142862,11.742857142857144,4.028571428571429,8.5,0.0,201.42857142857142,0.0,11.62857142857143,194.28571428571428,15.585714285714285
2017-06-05,5.342857142857141,19.685714285714287,11.657142857142858,4.057142857142858,8.442857142857143,0.0,201.42857142857142,0.0,11.428571428571429,195.71428571428572,15.228571428571428
2017-06-06,4.514285714285712,19.371428571428574,11.585714285714287,4.000000000000001,8.557142857142857,0.0,198.57142857142858,0.0,11.557142857142859,192.85714285714286,14.985714285714284
2017-06-07,6.471428571428569,18.571428571428573,11.114285714285714,3.4571428571428577,7.914285714285714,0.0,188.57142857142858,0.0,10.528571428571428,181.42857142857142,14.671428571428569
2017-06-08,4.471428571428569,18.900000000000002,10.485714285714286,2.828571428571429,6.885714285714286,0.0,194.28571428571428,0.0,9.385714285714284,188.57142857142858,14.428571428571429
2017-06-09,4.471428571428569,19.685714285714287,10.085714285714285,2.4571428571428577,6.442857142857143,0.0,187.14285714285714,0.0,8.557142857142855,185.71428571428572,14.771428571428572
2017-06-10,4.285714285714284,20.95714285714286,10.728571428571428,2.342857142857144,6.514285714285714,0.0,185.71428571428572,0.0,8.628571428571428,191.42857142857142,15.714285714285714
2017-06-11,4.099999999999998,22.78571428571429,10.957142857142857,2.4857142857142867,6.9,0.0,207.14285714285714,0.0,9.0,212.85714285714286,16.857142857142858
2017-06-12,4.099999999999998,24.528571428571432,12.62857142857143,2.842857142857143,7.271428571428571,0.0,207.14285714285714,0.0,9.77142857142857,211.42857142857142,18.400000000000002
2017-06-13,3.771428571428569,27.05714285714286,13.9,2.8714285714285723,7.085714285714286,0.0,210.0,0.0,9.585714285714287,214.28571428571428,20.185714285714283
2017-06-14,0.0,29.285714285714285,14.614285714285714,2.9857142857142867,7.342857142857143,0.0,238.57142857142858,0.0,9.9,245.71428571428572,22.071428571428573
2017-06-15,0.0,28.72857142857143,15.085714285714285,3.3142857142857145,7.542857142857143,0.0,244.28571428571428,0.0,10.142857142857142,245.71428571428572,22.457142857142856
2017-06-16,0.0,28.5,14.842857142857142,3.3714285714285723,7.871428571428572,0.0,241.42857142857142,0.0,10.914285714285715,241.42857142857142,22.099999999999998
2017-06-17,1.457142857142855,27.942857142857147,14.914285714285715,3.9142857142857146,8.628571428571428,0.0,224.28571428571428,0.0,11.8,221.42857142857142,21.885714285714283
2017-06-18,1.457142857142855,28.1,15.628571428571428,4.214285714285714,8.828571428571427,0.0,225.71428571428572,0.0,12.12857142857143,218.57142857142858,22.157142857142855
2017-06-19,3.5571428571428547,27.62857142857143,15.542857142857143,4.485714285714286,8.828571428571427,0.0,222.85714285714286,0.0,12.200000000000001,217.14285714285714,22.142857142857142
2017-06-20,5.371428571428568,26.75714285714286,15.3,4.5,9.014285714285714,0.0,225.71428571428572,0.0,12.585714285714285,221.42857142857142,21.557142857142853
2017-06-21,6.314285714285711,26.2,15.542857142857144,4.614285714285715,9.271428571428572,0.0,218.57142857142858,0.0,13.042857142857143,214.28571428571428,20.928571428571427
2017-06-22,6.314285714285711,26.671428571428574,16.34285714285714,4.585714285714286,9.514285714285716,0.0,211.42857142857142,0.0,13.242857142857144,211.42857142857142,21.314285714285713
2017-06-23,6.314285714285711,26.671428571428574,17.057142857142857,4.485714285714286,9.185714285714285,0.0,221.42857142857142,0.0,12.671428571428569,218.57142857142858,21.785714285714285
2017-06-24,10.114285714285712,27.62857142857143,17.54285714285714,4.185714285714286,8.542857142857143,0.0,221.42857142857142,0.0,11.914285714285715,218.57142857142858,22.314285714285713
2017-06-25,10.799999999999997,27.62857142857143,17.62857142857143,3.9285714285714284,8.414285714285715,0.0,231.42857142857142,0.0,11.657142857142857,231.42857142857142,22.628571428571426
2017-06-26,8.84285714285714,26.671428571428574,16.6,3.3142857142857145,8.171428571428573,0.0,254.28571428571428,0.0,10.942857142857141,251.42857142857142,21.75714285714286
2017-06-27,7.0714285714285685,25.95714285714286,15.571428571428571,3.1142857142857143,7.857142857142857,0.0,260.0,0.0,10.357142857142858,257.14285714285717,20.957142857142856
2017-06-28,7.214285714285713,25.714285714285715,15.085714285714287,3.0428571428571436,7.671428571428572,0.0,265.7142857142857,0.0,9.971428571428572,261.42857142857144,20.342857142857138
2017-06-29,7.357142857142855,25.714285714285715,14.442857142857145,2.985714285714286,7.3571428571428585,0.0,265.7142857142857,0.0,9.585714285714285,262.85714285714283,19.842857142857138
2017-06-30,13.857142857142856,24.84285714285715,14.442857142857145,3.2,7.614285714285714,0.0,258.57142857142856,0.0,9.957142857142857,258.57142857142856,19.442857142857143
2017-07-01,9.985714285714284,24.75714285714286,14.357142857142858,3.071428571428572,7.428571428571429,0.0,258.57142857142856,0.0,9.757142857142856,261.42857142857144,19.271428571428572
2017-07-02,9.7,24.042857142857148,14.514285714285714,3.0571428571428574,7.299999999999999,0.0,248.57142857142858,0.0,9.571428571428571,248.57142857142858,18.971428571428568
2017-07-03,9.557142857142855,24.599999999999998,15.228571428571428,3.1000000000000005,7.171428571428572,0.0,242.85714285714286,0.0,9.642857142857142,245.71428571428572,19.400000000000002
2017-07-04,9.557142857142855,25.157142857142862,15.785714285714286,3.285714285714286,7.371428571428572,0.0,242.85714285714286,0.0,9.9,247.14285714285714,20.085714285714285
2017-07-05,8.47142857142857,25.642857142857142,15.87142857142857,3.085714285714286,7.171428571428572,0.0,250.0,0.0,9.828571428571427,254.28571428571428,20.657142857142855
2017-07-06,8.328571428571426,26.2,15.957142857142857,2.985714285714286,7.114285714285714,0.0,230.0,0.0,9.885714285714286,237.14285714285714,21.3
2017-07-07,1.8285714285714263,27.071428571428573,17.071428571428573,3.471428571428572,7.685714285714286,0.0,230.0,0.0,10.6,237.14285714285714,22.2
2017-07-08,0.7999999999999979,27.314285714285717,17.47142857142857,3.6714285714285717,7.557142857142857,0.0,232.85714285714286,0.0,10.599999999999998,237.14285714285714,22.585714285714285
2017-07-09,3.957142857142855,27.314285714285717,17.22857142857143,3.4571428571428577,7.814285714285714,0.0,247.14285714285714,0.0,11.428571428571429,245.71428571428572,22.428571428571427
2017-07-10,3.957142857142855,27.0,16.757142857142856,3.5142857142857147,7.814285714285715,0.0,232.85714285714286,0.0,11.428571428571429,234.28571428571428,22.057142857142857
2017-07-11,3.914285714285712,27.0,17.142857142857142,3.442857142857143,7.614285714285714,0.0,227.14285714285714,0.0,11.171428571428573,225.71428571428572,22.04285714285714
2017-07-12,4.057142857142855,27.228571428571428,17.928571428571427,3.714285714285715,7.614285714285714,0.0,202.85714285714286,0.0,11.042857142857144,202.85714285714286,22.41428571428571
2017-07-13,4.057142857142855,26.75714285714286,18.714285714285715,3.9285714285714293,7.985714285714286,0.0,224.28571428571428,0.0,11.242857142857144,217.14285714285714,22.62857142857143
2017-07-14,4.314285714285712,25.642857142857142,17.84285714285714,3.2428571428571438,7.228571428571428,0.0,244.28571428571428,0.0,9.957142857142857,237.14285714285714,21.699999999999996
2017-07-15,4.099999999999998,24.614285714285717,17.285714285714285,3.085714285714286,7.542857142857143,0.0,235.71428571428572,0.0,9.900000000000002,230.0,20.87142857142857
2017-07-16,0.5428571428571408,25.014285714285716,17.442857142857143,3.285714285714286,7.471428571428571,0.0,221.42857142857142,0.0,9.514285714285716,222.85714285714286,21.0
2017-07-17,0.5428571428571408,25.400000000000002,17.757142857142856,3.1714285714285717,7.3999999999999995,0.0,221.42857142857142,0.0,9.200000000000001,220.0,21.37142857142857
2017-07-18,1.5999999999999979,25.08571428571429,17.6,3.0000000000000004,7.842857142857143,0.0,232.85714285714286,0.0,9.785714285714286,234.28571428571428,21.17142857142857
2017-07-19,1.457142857142855,25.24285714285714,17.52857142857143,2.7571428571428576,7.714285714285714,0.0,231.42857142857142,0.0,9.542857142857143,234.28571428571428,21.11428571428571
2017-07-20,1.457142857142855,25.95714285714286,17.52857142857143,2.400000000000001,7.014285714285714,0.0,217.14285714285714,0.0,8.9,222.85714285714286,21.328571428571426
2017-07-21,1.1999999999999977,27.542857142857144,18.0,2.385714285714286,7.014285714285714,0.0,214.28571428571428,0.0,9.157142857142858,218.57142857142858,22.44285714285714
2017-07-22,1.0571428571428552,28.97142857142857,17.928571428571427,2.285714285714286,7.014285714285715,0.0,234.28571428571428,0.0,9.414285714285715,240.0,23.185714285714287
2017-07-23,1.0571428571428552,29.128571428571433,17.771428571428572,2.1428571428571432,6.757142857142858,0.0,258.57142857142856,0.0,8.842857142857143,260.0,23.328571428571426
2017-07-24,1.0571428571428552,28.657142857142862,17.37142857142857,2.0428571428571436,6.7,0.0,277.14285714285717,0.0,8.714285714285714,278.57142857142856,22.9
2017-07-25,3.271428571428569,28.028571428571432,16.814285714285713,2.057142857142858,6.128571428571428,0.0,258.57142857142856,0.0,8.014285714285714,258.57142857142856,22.4
2017-07-26,3.857142857142855,26.928571428571427,16.1,1.971428571428572,5.871428571428572,0.0,278.57142857142856,0.0,7.685714285714285,274.2857142857143,21.371428571428567
2017-07-27,3.857142857142855,26.28571428571429,15.314285714285715,2.3000000000000007,6.385714285714285,0.0,275.7142857142857,0.0,8.385714285714286,267.14285714285717,20.61428571428571
2017-07-28,6.471428571428569,25.571428571428577,15.314285714285715,2.628571428571429,6.828571428571428,0.0,282.85714285714283,0.0,8.957142857142857,251.42857142857142,19.97142857142857
2017-07-29,6.471428571428569,24.52857142857143,15.071428571428571,2.6714285714285717,6.5857142857142845,0.0,247.14285714285714,0.0,8.571428571428571,214.28571428571428,19.61428571428571
2017-07-30,6.471428571428569,24.042857142857144,14.285714285714288,2.7571428571428576,7.028571428571429,0.0,241.42857142857142,0.0,9.014285714285714,211.42857142857142,18.97142857142857
2017-07-31,6.471428571428569,24.200000000000006,13.571428571428571,2.7285714285714286,6.957142857142857,0.0,245.71428571428572,0.0,9.142857142857142,167.14285714285714,18.74285714285714
2017-08-01,3.3142857142857123,25.62857142857143,13.571428571428571,2.7,7.028571428571428,0.0,271.42857142857144,0.0,9.316666666666666,171.66666666666666,19.271428571428572
2017-08-02,2.728571428571427,26.72857142857143,13.885714285714286,2.6857142857142864,7.1,0.0,228.57142857142858,0.0,9.466666666666667,180.0,20.2
2017-08-03,2.728571428571427,27.442857142857147,14.442857142857141,2.528571428571429,6.842857142857143,0.0,227.14285714285714,0.0,9.1,188.33333333333334,20.814285714285713
2017-08-04,0.3714285714285689,28.157142857142862,14.6,2.328571428571429,6.528571428571428,0.0,221.42857142857142,0.0,8.5,213.33333333333334,21.27142857142857
2017-08-05,0.3714285714285689,29.2,15.314285714285713,2.5428571428571436,6.9,0.0,242.85714285714286,0.0,9.1,238.33333333333334,21.814285714285713
2017-08-06,0.5571428571428546,29.528571428571432,16.34285714285714,2.7000000000000006,6.785714285714286,0.0,221.42857142857142,0.0,9.549999999999999,235.0,22.599999999999998
2017-08-07,0.5571428571428546,29.057142857142857,17.142857142857142,3.1142857142857148,7.228571428571429,0.0,215.71428571428572,0.0,10.216666666666667,276.6666666666667,22.78571428571428
2017-08-08,2.14285714285714,28.25714285714286,17.071428571428573,3.0142857142857147,7.6000000000000005,0.0,214.28571428571428,0.0,10.285714285714286,282.85714285714283,22.37142857142857
2017-08-09,2.328571428571426,27.542857142857144,16.914285714285715,3.071428571428572,7.6000000000000005,0.0,262.85714285714283,0.0,10.414285714285715,280.0,21.9
2017-08-10,2.371428571428569,26.914285714285718,16.514285714285712,3.1142857142857148,7.8,0.0,264.2857142857143,0.0,10.6,277.14285714285717,21.428571428571427
2017-08-11,2.1142857142857117,26.75714285714286,15.971428571428572,3.028571428571429,7.6000000000000005,0.0,247.14285714285714,0.0,10.414285714285713,254.28571428571428,21.21428571428571
2017-08-12,2.328571428571426,26.357142857142858,15.814285714285715,2.828571428571429,7.285714285714286,0.0,248.57142857142858,0.0,10.028571428571428,255.71428571428572,21.0
2017-08-13,2.1428571428571406,26.58571428571429,15.971428571428572,3.014285714285715,7.4,0.0,251.42857142857142,0.0,9.9,238.57142857142858,20.9
2017-08-14,2.1428571428571406,27.057142857142857,16.042857142857144,2.8000000000000003,7.285714285714286,0.0,255.71428571428572,0.0,9.642857142857142,245.71428571428572,21.24285714285714
2017-08-15,0.44285714285714056,27.45714285714286,16.04285714285714,3.0000000000000004,6.8428571428571425,0.0,235.71428571428572,0.0,9.142857142857142,228.57142857142858,21.542857142857144
2017-08-16,0.6571428571428548,28.014285714285712,16.2,3.2428571428571433,7.542857142857143,0.0,211.42857142857142,0.0,9.914285714285715,207.14285714285714,22.0
2017-08-17,0.614285714285712,27.685714285714287,16.04285714285714,3.285714285714286,7.671428571428571,0.0,228.57142857142858,0.0,9.985714285714286,225.71428571428572,21.985714285714288
2017-08-18,0.614285714285712,27.37142857142857,15.400000000000002,3.214285714285715,7.485714285714286,0.0,248.57142857142858,0.0,9.857142857142858,244.28571428571428,21.400000000000002
2017-08-19,2.971428571428569,27.214285714285715,15.314285714285717,3.3285714285714287,7.742857142857143,0.0,245.71428571428572,0.0,10.171428571428573,244.28571428571428,21.228571428571428
2017-08-20,3.014285714285712,27.21428571428572,15.157142857142858,2.9285714285714293,7.371428571428572,0.0,245.71428571428572,0.0,9.528571428571428,245.71428571428572,21.32857142857143
2017-08-21,3.014285714285712,27.3,15.314285714285715,2.842857142857144,7.171428571428572,0.0,242.85714285714286,0.0,9.328571428571431,244.28571428571428,21.4
2017-08-22,3.014285714285712,27.528571428571432,15.714285714285714,2.885714285714286,7.428571428571429,0.0,245.71428571428572,0.0,9.700000000000001,242.85714285714286,21.642857142857142
2017-08-23,5.657142857142854,27.857142857142858,16.185714285714287,3.1000000000000005,8.0,0.0,257.14285714285717,0.0,10.971428571428572,245.71428571428572,21.957142857142856
2017-08-24,5.728571428571426,28.028571428571436,16.742857142857144,3.271428571428572,8.314285714285715,0.0,252.85714285714286,0.0,11.614285714285716,240.0,22.214285714285715
2017-08-25,5.728571428571426,27.47142857142857,17.142857142857142,3.385714285714286,8.700000000000001,0.0,248.57142857142858,0.0,12.0,240.0,22.228571428571428
2017-08-26,3.157142857142855,26.599999999999998,16.27142857142857,3.1000000000000005,8.257142857142856,0.0,274.2857142857143,0.0,11.428571428571429,214.28571428571428,21.485714285714284
2017-08-27,3.1142857142857117,25.814285714285717,14.914285714285713,3.0000000000000004,8.257142857142856,0.0,298.57142857142856,0.0,11.371428571428572,240.0,20.385714285714283
2017-08-28,3.1142857142857117,25.171428571428574,13.728571428571428,2.8142857142857145,8.071428571428571,0.0,300.0,0.0,11.185714285714285,240.0,19.4
2017-08-29,3.1142857142857117,24.542857142857144,12.771428571428572,2.514285714285715,7.628571428571429,0.0,295.7142857142857,0.0,10.742857142857144,217.14285714285714,18.657142857142855
2017-08-30,0.07142857142856888,23.428571428571427,11.585714285714285,2.1000000000000005,6.614285714285714,0.0,280.0,0.0,8.957142857142857,210.0,17.52857142857143
2017-08-31,0.0,23.185714285714287,10.87142857142857,1.728571428571429,5.914285714285714,0.0,285.7142857142857,0.0,7.871428571428572,215.71428571428572,16.957142857142856
2017-09-01,0.0,22.942857142857143,10.471428571428572,2.1714285714285717,6.542857142857143,0.0,287.14285714285717,0.0,8.771428571428572,215.71428571428572,16.571428571428573
2017-09-02,0.0,22.38571428571429,10.071428571428571,2.6714285714285717,7.3,0.0,284.2857142857143,0.0,9.671428571428573,261.42857142857144,16.128571428571426
2017-09-03,0.0,22.142857142857142,9.442857142857141,2.585714285714286,7.042857142857144,0.0,267.14285714285717,0.0,9.542857142857143,245.71428571428572,15.728571428571428
2017-09-04,3.2714285714285687,20.800000000000004,9.757142857142856,2.8142857142857154,7.1,0.0,247.14285714285714,0.0,9.614285714285714,232.85714285714286,15.285714285714286
2017-09-05,3.314285714285712,20.95714285714286,10.228571428571428,3.328571428571429,7.857142857142857,0.0,250.0,0.0,10.442857142857141,254.28571428571428,15.34285714285714
2017-09-06,7.085714285714283,20.642857142857142,10.785714285714286,3.471428571428572,8.428571428571429,0.0,251.42857142857142,0.0,11.214285714285714,257.14285714285717,15.728571428571428
2017-09-07,7.814285714285711,19.84285714285715,11.171428571428573,3.400000000000001,8.428571428571429,0.0,221.42857142857142,0.0,11.085714285714285,228.57142857142858,15.457142857142857
2017-09-08,8.757142857142854,19.842857142857145,11.485714285714284,3.0000000000000004,8.042857142857143,0.0,218.57142857142858,0.0,10.37142857142857,228.57142857142858,15.542857142857143
2017-09-09,10.057142857142853,19.75714285714286,12.12857142857143,2.671428571428572,7.285714285714286,0.0,197.14285714285714,0.0,9.528571428571428,208.57142857142858,15.742857142857142
2017-09-10,10.099999999999996,19.35714285714286,13.085714285714285,2.7714285714285722,7.471428571428571,0.0,211.42857142857142,0.0,9.585714285714285,221.42857142857142,15.885714285714286
2017-09-11,6.8285714285714265,20.071428571428577,12.842857142857143,2.628571428571429,7.6000000000000005,0.0,231.42857142857142,0.0,9.642857142857142,235.71428571428572,16.142857142857142
2017-09-12,6.785714285714284,19.75714285714286,11.971428571428573,2.0857142857142863,6.771428571428572,0.0,252.85714285714286,0.0,8.628571428571428,258.57142857142856,15.714285714285714
2017-09-13,3.0142857142857116,20.47142857142857,11.171428571428573,1.7857142857142863,5.942857142857143,0.0,254.28571428571428,0.0,7.471428571428572,255.71428571428572,15.299999999999999
2017-09-14,2.2857142857142834,21.742857142857144,10.785714285714286,1.9571428571428575,6.071428571428571,0.0,262.85714285714283,0.0,7.6,262.85714285714283,15.728571428571428
2017-09-15,1.3428571428571403,22.300000000000004,11.114285714285714,1.8142857142857147,5.757142857142857,0.0,245.71428571428572,0.0,7.1571428571428575,245.71428571428572,16.342857142857138
2017-09-16,0.04285714285714032,23.728571428571428,11.828571428571431,1.5571428571428576,5.428571428571429,0.0,271.42857142857144,0.0,6.714285714285714,261.42857142857144,17.34285714285714
2017-09-17,0.0,25.242857142857144,12.385714285714286,1.5142857142857147,5.371428571428572,0.0,251.42857142857142,0.0,6.528571428571429,241.42857142857142,18.414285714285715
2017-09-18,0.0,26.671428571428574,13.342857142857143,1.314285714285715,4.857142857142857,0.0,222.85714285714286,0.0,5.957142857142857,244.28571428571428,19.442857142857143
2017-09-19,0.0,27.62857142857143,14.7,1.3857142857142863,4.857142857142857,0.0,200.0,0.0,5.957142857142857,224.28571428571428,20.571428571428573
2017-09-20,0.0,27.857142857142858,15.742857142857144,1.5714285714285718,5.171428571428572,0.0,192.85714285714286,0.0,6.3428571428571425,220.0,21.385714285714283
2017-09-21,0.0,27.85714285714286,16.214285714285715,1.6571428571428577,5.542857142857144,0.0,215.71428571428572,0.0,6.842857142857143,241.42857142857142,21.599999999999998
2017-09-22,0.0,28.014285714285712,15.971428571428573,1.8142857142857147,5.671428571428572,0.0,237.14285714285714,0.0,7.1571428571428575,261.42857142857144,21.61428571428571
2017-09-23,0.0,27.857142857142858,15.014285714285714,1.9000000000000004,5.928571428571429,0.0,231.42857142857142,0.0,7.3571428571428585,262.85714285714283,21.085714285714285
2017-09-24,0.0,28.014285714285712,14.457142857142857,1.8714285714285719,5.6000000000000005,0.0,237.14285714285714,0.0,7.1,242.85714285714286,20.74285714285714
2017-09-25,0.0,28.571428571428577,14.457142857142856,1.9000000000000004,5.8,0.0,245.71428571428572,0.0,7.285714285714286,221.42857142857142,20.928571428571427
2017-09-26,0.0,28.957142857142856,14.771428571428572,1.7571428571428576,5.742857142857143,0.0,265.7142857142857,0.0,7.214285714285714,195.71428571428572,21.3
2017-09-27,0.0,29.75714285714286,15.0,1.6000000000000003,5.357142857142857,0.0,274.2857142857143,0.0,6.771428571428571,204.28571428571428,21.585714285714285
2017-09-28,0.0,30.47142857142857,15.557142857142859,1.7142857142857149,5.557142857142857,0.0,267.14285714285717,0.0,7.2285714285714295,197.14285714285714,22.285714285714285
2017-09-29,0.0,29.75714285714286,15.314285714285713,2.171428571428572,5.871428571428572,0.0,265.7142857142857,0.0,7.557142857142857,198.57142857142858,22.071428571428573
2017-09-30,0.0,28.32857142857143,15.071428571428571,2.3142857142857145,6.000000000000001,0.0,267.14285714285717,0.0,7.799999999999999,204.28571428571428,21.314285714285713
2017-10-01,0.04285714285714032,26.271428571428572,14.114285714285714,2.528571428571429,6.514285714285714,0.0,282.85714285714283,0.0,8.442857142857143,241.42857142857142,20.228571428571428
2017-10-02,0.04285714285714032,24.28571428571429,12.214285714285714,2.528571428571429,6.385714285714286,0.0,302.85714285714283,0.0,8.442857142857143,260.0,18.328571428571426
2017-10-03,0.04285714285714032,22.38571428571429,10.142857142857142,2.6428571428571432,6.700000000000001,0.0,307.14285714285717,0.0,8.7,302.85714285714283,16.4
2017-10-04,0.04285714285714032,20.95714285714286,8.485714285714286,3.0857142857142863,7.528571428571429,0.0,308.57142857142856,0.0,9.657142857142857,304.2857142857143,15.028571428571428
2017-10-05,0.4428571428571403,20.014285714285716,7.771428571428571,3.4571428571428577,7.457142857142857,0.0,292.85714285714283,0.0,9.585714285714285,290.0,14.085714285714285
2017-10-06,0.4428571428571403,20.25714285714286,7.700000000000001,2.971428571428572,7.014285714285714,0.0,291.42857142857144,0.0,9.014285714285714,287.14285714285717,14.014285714285714
2017-10-07,0.5142857142857117,20.342857142857145,7.871428571428571,2.8000000000000007,6.628571428571428,0.0,272.85714285714283,0.0,8.571428571428571,274.2857142857143,14.185714285714283
2017-10-08,0.5142857142857117,21.21428571428572,8.985714285714286,3.057142857142858,7.071428571428571,0.0,250.0,0.0,9.328571428571427,255.71428571428572,14.914285714285713
2017-10-09,1.1999999999999973,22.32857142857143,10.814285714285715,3.657142857142858,8.157142857142857,0.0,230.0,0.0,10.671428571428569,235.71428571428572,16.714285714285715
2017-10-10,5.299999999999997,22.242857142857144,12.328571428571427,3.828571428571429,8.357142857142858,0.0,227.14285714285714,0.0,11.057142857142855,237.14285714285714,17.485714285714284
2017-10-11,5.34285714285714,22.557142857142857,13.514285714285714,3.385714285714286,7.6000000000000005,0.0,247.14285714285714,0.0,10.228571428571428,257.14285714285717,18.085714285714285
2017-10-12,4.94285714285714,21.285714285714285,12.485714285714286,2.971428571428572,7.228571428571429,0.0,270.0,0.0,9.657142857142857,278.57142857142856,17.4
2017-10-13,4.94285714285714,20.32857142857143,11.214285714285714,2.785714285714287,6.785714285714286,0.0,275.7142857142857,0.0,9.200000000000001,275.7142857142857,16.11428571428571
2017-10-14,4.871428571428568,20.557142857142857,10.328571428571431,3.214285714285715,7.485714285714286,0.0,275.7142857142857,0.0,10.028571428571428,267.14285714285717,15.64285714285714
2017-10-15,4.828571428571425,20.314285714285717,10.557142857142859,3.0571428571428574,7.357142857142857,0.0,274.2857142857143,0.0,9.77142857142857,265.7142857142857,15.671428571428569
2017-10-16,4.142857142857141,19.985714285714288,10.385714285714286,3.385714285714286,7.614285714285714,0.0,274.2857142857143,0.0,10.285714285714286,267.14285714285717,15.114285714285712
2017-10-17,0.04285714285714032,19.442857142857147,9.042857142857143,3.8714285714285723,8.442857142857141,0.0,272.85714285714283,0.0,11.37142857142857,265.7142857142857,14.328571428571427
2017-10-18,0.0,17.857142857142858,6.8999999999999995,4.314285714285715,9.071428571428571,0.0,250.0,0.0,12.257142857142858,241.42857142857142,12.585714285714284
2017-10-19,0.0,18.414285714285715,7.214285714285714,4.328571428571428,9.314285714285715,0.0,227.14285714285714,0.0,12.514285714285714,218.57142857142858,12.557142857142855
2017-10-20,0.0,19.285714285714285,8.8,5.028571428571429,10.4,0.0,204.28571428571428,0.0,13.928571428571429,204.28571428571428,13.614285714285712
2017-10-21,0.0,19.528571428571432,9.200000000000001,4.871428571428572,10.285714285714286,0.0,221.42857142857142,0.0,13.799999999999999,224.28571428571428,14.414285714285711
2017-10-22,0.0,19.928571428571434,8.1,4.6000000000000005,9.914285714285713,0.0,222.85714285714286,0.0,13.22857142857143,225.71428571428572,13.914285714285713
2017-10-23,0.0,20.1,7.071428571428571,3.985714285714286,9.142857142857142,0.0,221.42857142857142,0.0,12.071428571428571,225.71428571428572,13.485714285714284
2017-10-24,0.0,21.128571428571433,8.414285714285715,3.942857142857143,9.071428571428571,0.0,202.85714285714286,0.0,11.885714285714286,204.28571428571428,14.485714285714286
2017-10-25,1.0571428571428547,22.800000000000004,11.028571428571428,4.128571428571429,9.657142857142857,0.0,202.85714285714286,0.0,13.171428571428569,202.85714285714286,16.54285714285714
2017-10-26,1.0571428571428547,22.628571428571433,11.5,4.042857142857144,9.414285714285715,0.0,228.57142857142858,0.0,12.785714285714286,228.57142857142858,17.142857142857142
2017-10-27,5.085714285714283,21.200000000000006,10.542857142857144,3.585714285714286,8.9,0.0,241.42857142857142,0.0,12.2,240.0,16.185714285714283
2017-10-28,5.085714285714283,20.400000000000006,10.700000000000001,3.5571428571428574,8.771428571428572,0.0,238.57142857142858,0.0,12.142857142857142,234.28571428571428,15.299999999999999
2017-10-29,5.085714285714283,20.08571428571429,11.257142857142856,4.114285714285715,9.471428571428572,0.0,240.0,0.0,13.171428571428569,234.28571428571428,15.428571428571427
2017-10-30,7.299999999999997,18.814285714285717,11.742857142857142,4.128571428571429,9.657142857142858,0.0,235.71428571428572,0.0,13.371428571428572,225.71428571428572,15.242857142857142
2017-10-31,7.514285714285712,18.500000000000004,10.87142857142857,4.471428571428572,10.485714285714286,0.0,227.14285714285714,0.0,15.157142857142857,220.0,14.614285714285712
2017-11-01,6.499999999999998,16.271428571428576,9.128571428571428,4.442857142857143,9.971428571428573,0.0,228.57142857142858,0.0,13.814285714285715,222.85714285714286,12.842857142857142
2017-11-02,6.571428571428569,14.842857142857145,8.014285714285714,4.385714285714286,9.971428571428572,0.0,204.28571428571428,0.0,14.071428571428571,201.42857142857142,11.328571428571427
2017-11-03,3.3428571428571403,15.642857142857144,7.942857142857143,4.828571428571429,10.485714285714286,0.0,190.0,0.0,14.714285714285714,185.71428571428572,11.37142857142857
2017-11-04,3.9999999999999973,16.200000000000003,7.557142857142857,5.128571428571429,10.857142857142858,0.0,191.42857142857142,0.0,15.157142857142857,185.71428571428572,12.114285714285714
2017-11-05,3.9999999999999973,14.442857142857147,6.2,4.671428571428572,10.285714285714288,0.0,211.42857142857142,0.0,14.314285714285715,207.14285714285714,10.9
2017-11-06,2.471428571428569,14.042857142857144,5.242857142857143,5.0,10.414285714285715,0.0,214.28571428571428,0.0,14.5,214.28571428571428,10.114285714285714
2017-11-07,2.44285714285714,13.48571428571429,4.6000000000000005,4.728571428571429,9.200000000000001,0.0,245.71428571428572,0.0,12.585714285714287,222.85714285714286,10.028571428571427
2017-11-08,2.3999999999999972,12.685714285714289,3.4285714285714284,4.328571428571429,8.885714285714286,0.0,265.7142857142857,0.0,12.12857142857143,245.71428571428572,9.285714285714286
2017-11-09,2.3285714285714256,12.52857142857143,2.185714285714286,4.057142857142858,8.3,0.0,245.71428571428572,0.0,11.357142857142858,245.71428571428572,8.414285714285713
2017-11-10,1.5285714285714262,11.171428571428574,0.8428571428571431,3.828571428571429,8.22857142857143,0.0,247.14285714285714,0.0,11.357142857142858,250.0,7.185714285714284
2017-11-11,1.1999999999999973,9.742857142857146,-0.8142857142857142,4.171428571428572,8.685714285714285,0.0,248.57142857142858,0.0,12.257142857142856,250.0,5.014285714285713
2017-11-12,1.1999999999999973,8.48571428571429,-1.9857142857142855,4.4,9.0,0.0,247.14285714285714,0.0,12.9,248.57142857142858,3.557142857142856
2017-11-13,0.5142857142857117,7.214285714285717,-3.0857142857142854,3.9428571428571435,8.557142857142857,0.0,250.0,0.0,12.257142857142856,250.0,2.257142857142856
2017-11-14,0.328571428571426,5.3000000000000025,-4.328571428571428,3.2142857142857153,7.928571428571429,0.0,232.85714285714286,0.0,11.1,254.28571428571428,0.29999999999999893
2017-11-15,0.328571428571426,5.071428571428574,-3.9428571428571426,2.971428571428572,7.3428571428571425,0.0,237.14285714285714,0.0,10.4,257.14285714285717,0.028571428571427488
2017-11-16,0.328571428571426,5.000000000000002,-3.3999999999999995,3.228571428571429,7.985714285714286,0.0,255.71428571428572,0.0,11.357142857142858,251.42857142857142,0.25714285714285606
2017-11-17,0.4428571428571403,5.32857142857143,-2.5428571428571423,3.3000000000000003,7.985714285714287,0.0,270.0,0.0,11.228571428571428,265.7142857142857,0.9428571428571418
2017-11-18,0.22857142857142604,4.614285714285716,-2.471428571428571,2.9285714285714293,7.6571428571428575,0.0,268.57142857142856,0.0,10.585714285714285,265.7142857142857,1.1571428571428561
2017-11-19,0.6999999999999975,5.4857142857142875,-2.3999999999999995,2.8142857142857145,7.471428571428571,0.0,245.71428571428572,0.0,10.457142857142857,242.85714285714286,1.5571428571428563
2017-11-20,1.528571428571426,6.114285714285716,-1.9285714285714284,3.328571428571429,8.3,0.0,260.0,0.0,11.614285714285716,258.57142857142856,2.2285714285714278
2017-11-21,1.7428571428571402,5.571428571428574,-1.8571428571428572,3.6428571428571432,8.87142857142857,0.0,267.14285714285717,4.714285714285714,12.642857142857142,265.7142857142857,1.9714285714285704
2017-11-22,1.7428571428571402,6.914285714285717,-2.3285714285714283,4.500000000000001,10.342857142857143,4.285714285714286,241.42857142857142,4.714285714285714,14.885714285714286,241.42857142857142,2.242857142857142
2017-11-23,2.3999999999999977,7.2285714285714295,-2.557142857142857,4.7857142857142865,10.528571428571427,4.285714285714286,261.42857142857144,4.714285714285714,14.885714285714284,247.14285714285714,2.77142857142857
2017-11-24,2.285714285714283,5.95714285714286,-3.8857142857142857,4.528571428571429,10.085714285714285,4.285714285714286,268.57142857142856,4.714285714285714,14.185714285714285,230.0,1.4428571428571417
2017-11-25,2.1714285714285686,6.600000000000002,-2.8571428571428568,4.642857142857144,10.414285714285715,4.285714285714286,250.0,4.714285714285714,14.571428571428571,214.28571428571428,1.6571428571428564
2017-11-26,1.7428571428571402,7.471428571428573,-1.2857142857142851,5.014285714285715,11.042857142857144,4.285714285714286,272.85714285714283,4.714285714285714,15.142857142857142,215.71428571428572,3.099999999999999
2017-11-27,1.3142857142857116,6.757142857142859,-1.514285714285714,4.828571428571429,10.72857142857143,4.285714285714286,277.14285714285717,9.857142857142858,14.571428571428571,218.57142857142858,2.8428571428571416
2017-11-28,1.1714285714285688,7.071428571428574,-1.9857142857142855,5.1000000000000005,10.914285714285715,11.428571428571429,285.7142857142857,6.285714285714286,14.314285714285715,228.57142857142858,2.8857142857142852
2017-11-29,1.1714285714285688,6.357142857142859,-2.9285714285714284,5.1571428571428575,11.042857142857143,11.428571428571429,287.14285714285717,6.285714285714286,14.37142857142857,227.14285714285714,1.9142857142857133
2017-11-30,0.7714285714285688,6.600000000000001,-3.014285714285714,5.242857142857143,12.12857142857143,11.428571428571429,287.14285714285717,6.285714285714286,15.585714285714287,244.28571428571428,2.0142857142857133
2017-12-01,0.9857142857142831,7.314285714285717,-3.014285714285714,5.571428571428571,12.7,11.428571428571429,264.2857142857143,6.285714285714286,16.67142857142857,242.85714285714286,2.3428571428571416
2017-12-02,1.1999999999999975,7.071428571428574,-3.014285714285714,5.028571428571429,11.928571428571429,11.428571428571429,265.7142857142857,6.285714285714286,15.842857142857143,242.85714285714286,2.6428571428571423
2017-12-03,1.1571428571428546,6.028571428571431,-3.642857142857143,4.342857142857143,10.585714285714285,11.428571428571429,244.28571428571428,6.285714285714286,14.057142857142859,248.57142857142858,1.7857142857142851
2017-12-04,0.7571428571428546,6.271428571428573,-3.728571428571428,3.7857142857142856,9.62857142857143,11.428571428571429,215.71428571428572,1.1428571428571428,12.842857142857143,218.57142857142858,1.6571428571428566
2017-12-05,0.6857142857142832,7.057142857142859,-3.3285714285714287,3.3571428571428577,9.37142857142857,4.285714285714286,191.42857142857142,0.0,13.028571428571428,192.85714285714286,1.9285714285714277
2017-12-06,1.1571428571428546,7.857142857142859,-0.9714285714285712,3.471428571428572,8.8,0.0,188.57142857142858,0.0,12.77142857142857,190.0,3.614285714285714
2017-12-07,1.2999999999999974,7.371428571428574,-0.3428571428571425,3.400000000000001,7.842857142857143,0.0,181.42857142857142,0.0,11.942857142857141,184.28571428571428,3.5714285714285703
2017-12-08,1.128571428571426,6.885714285714287,0.6000000000000003,3.1142857142857143,7.271428571428571,0.0,190.0,0.0,11.171428571428573,195.71428571428572,3.899999999999999
2017-12-09,0.9571428571428545,6.328571428571431,0.1285714285714288,3.2428571428571433,7.085714285714286,0.0,190.0,0.7142857142857143,10.785714285714286,208.57142857142858,3.2428571428571424
2017-12-10,0.9571428571428545,5.942857142857145,-0.2571428571428569,3.328571428571429,7.214285714285715,0.0,182.85714285714286,0.7142857142857143,11.042857142857144,201.42857142857142,2.7999999999999994
2017-12-11,1.028571428571426,5.22857142857143,-0.17142857142857118,3.7428571428571433,8.042857142857143,0.0,204.28571428571428,1.8571428571428572,12.185714285714287,224.28571428571428,2.457142857142856
2017-12-12,1.2142857142857117,4.128571428571431,-0.8142857142857142,3.8714285714285714,7.8571428571428585,4.285714285714286,182.85714285714286,5.428571428571429,11.671428571428573,202.85714285714286,1.8857142857142846
2017-12-13,2.371428571428569,2.3857142857142875,-2.857142857142857,2.9714285714285715,7.785714285714286,8.571428571428571,205.71428571428572,27.571428571428573,10.657142857142858,227.14285714285714,-6.344131569286609e-16
2017-12-14,2.1142857142857117,0.500000000000002,-4.757142857142857,3.157142857142858,7.985714285714287,34.285714285714285,210.0,31.571428571428573,10.857142857142858,225.71428571428572,-1.928571428571429
2017-12-15,2.071428571428569,-1.1428571428571408,-7.128571428571428,3.1285714285714294,8.242857142857144,55.714285714285715,220.0,31.571428571428573,10.8,234.28571428571428,-3.828571428571429
2017-12-16,2.028571428571426,-2.2428571428571407,-9.585714285714285,3.085714285714286,8.5,74.28571428571429,220.0,30.857142857142858,10.928571428571429,221.42857142857142,-5.585714285714287
2017-12-17,2.028571428571426,-2.714285714285712,-10.77142857142857,3.400000000000001,9.200000000000001,92.85714285714286,247.14285714285714,30.857142857142858,11.700000000000001,242.85714285714286,-6.314285714285715
2017-12-18,1.9571428571428544,-3.9714285714285693,-13.0,3.1142857142857148,8.371428571428572,111.42857142857143,220.0,29.714285714285715,10.485714285714286,215.71428571428572,-7.8571428571428585
2017-12-19,2.1999999999999975,-3.8142857142857123,-13.62857142857143,2.9428571428571435,8.37142857142857,121.42857142857143,245.71428571428572,32.285714285714285,10.557142857142859,241.42857142857142,-8.442857142857143
2017-12-20,0.6142857142857118,-2.9428571428571404,-13.0,3.1857142857142864,8.371428571428572,138.57142857142858,234.28571428571428,10.142857142857142,10.742857142857142,231.42857142857142,-7.557142857142858
2017-12-21,0.6142857142857118,-1.7714285714285694,-12.442857142857141,3.071428571428572,8.299999999999999,127.14285714285714,232.85714285714286,7.285714285714286,10.928571428571429,237.14285714285714,-6.42857142857143
2017-12-22,0.6142857142857118,-1.6142857142857123,-11.814285714285715,2.971428571428572,7.914285714285714,117.14285714285714,237.14285714285714,7.285714285714286,10.542857142857143,240.0,-6.014285714285715
2017-12-23,1.7714285714285687,-1.3714285714285697,-10.785714285714286,2.7714285714285722,7.271428571428571,131.42857142857142,231.42857142857142,33.0,9.642857142857142,232.85714285714286,-5.714285714285715
2017-12-24,3.771428571428569,-0.742857142857141,-9.757142857142856,2.7,7.3428571428571425,138.57142857142858,234.28571428571428,37.0,9.642857142857142,235.71428571428572,-5.1000000000000005
2017-12-25,3.771428571428569,0.28571428571428775,-8.17142857142857,2.9857142857142867,7.857142857142857,145.71428571428572,268.57142857142856,37.0,10.414285714285713,268.57142857142856,-3.8142857142857154
2017-12-26,3.885714285714283,0.12857142857143058,-6.985714285714287,3.3571428571428577,8.428571428571429,157.14285714285714,281.42857142857144,43.57142857142857,11.557142857142859,284.2857142857143,-3.2571428571428576
2017-12-27,3.8428571428571403,-1.442857142857141,-8.328571428571427,3.557142857142858,8.5,164.28571428571428,281.42857142857144,43.57142857142857,11.885714285714286,281.42857142857144,-4.457142857142858
2017-12-28,3.699999999999997,-3.642857142857141,-10.071428571428571,3.2285714285714286,8.057142857142857,175.71428571428572,284.2857142857143,42.42857142857143,10.928571428571429,281.42857142857144,-6.700000000000001
2017-12-29,3.699999999999997,-4.999999999999998,-11.571428571428571,3.4571428571428577,8.257142857142856,190.0,281.42857142857144,42.42857142857143,10.985714285714286,274.2857142857143,-8.22857142857143
2017-12-30,2.8999999999999977,-6.828571428571427,-13.157142857142857,3.442857142857143,8.257142857142856,182.85714285714286,311.42857142857144,18.571428571428573,10.928571428571429,305.7142857142857,-9.642857142857142
2017-12-31,0.9428571428571403,-8.885714285714284,-15.928571428571429,3.3142857142857154,7.814285714285715,182.85714285714286,311.42857142857144,16.428571428571427,10.414285714285713,305.7142857142857,-11.985714285714286
2018-01-01,0.9428571428571403,-11.185714285714283,-18.228571428571428,3.271428571428572,7.814285714285714,182.85714285714286,311.42857142857144,16.857142857142858,10.414285714285715,307.14285714285717,-14.171428571428573
2018-01-02,0.3999999999999974,-13.399999999999997,-21.24285714285714,2.885714285714286,6.799999999999999,182.85714285714286,318.57142857142856,4.142857142857143,8.7,311.42857142857144,-16.52857142857143
2018-01-03,0.3999999999999974,-13.799999999999999,-23.228571428571428,2.785714285714286,6.6000000000000005,180.0,308.57142857142856,4.857142857142857,8.314285714285713,302.85714285714283,-18.357142857142858
2018-01-04,0.3999999999999974,-12.771428571428572,-21.642857142857142,3.2428571428571433,7.042857142857143,180.0,292.85714285714283,4.857142857142857,8.828571428571427,284.2857142857143,-17.371428571428574
2018-01-05,0.9428571428571403,-11.342857142857142,-20.214285714285715,3.385714285714286,7.928571428571429,190.0,292.85714285714283,15.0,10.114285714285714,291.42857142857144,-15.914285714285715
2018-01-06,0.9142857142857117,-10.385714285714284,-19.728571428571428,4.1571428571428575,8.885714285714286,200.0,282.85714285714283,23.0,11.585714285714285,284.2857142857143,-15.200000000000001
2018-01-07,0.9428571428571403,-11.414285714285713,-20.12857142857143,4.757142857142858,9.585714285714285,214.28571428571428,275.7142857142857,22.285714285714285,12.928571428571429,280.0,-15.528571428571428
2018-01-08,1.0142857142857118,-10.542857142857141,-21.0,4.957142857142857,10.085714285714285,224.28571428571428,257.14285714285717,23.714285714285715,13.942857142857141,260.0,-16.12857142857143
2018-01-09,1.0571428571428545,-8.399999999999997,-18.785714285714285,5.8,11.228571428571428,234.28571428571428,237.14285714285714,24.428571428571427,15.399999999999997,238.57142857142858,-14.157142857142858
2018-01-10,1.3142857142857116,-7.071428571428569,-15.614285714285716,5.9,11.428571428571429,244.28571428571428,255.71428571428572,29.571428571428573,15.457142857142856,260.0,-11.414285714285715
2018-01-11,1.3142857142857116,-5.971428571428569,-16.085714285714285,5.642857142857144,11.685714285714287,247.14285714285714,254.28571428571428,29.571428571428573,16.414285714285715,260.0,-11.000000000000002
2018-01-12,0.7714285714285689,-3.5142857142857125,-13.957142857142857,6.128571428571429,11.5,230.0,235.71428571428572,19.428571428571427,16.47142857142857,240.0,-9.057142857142859
2018-01-13,4.3285714285714265,0.20000000000000182,-11.5,6.128571428571429,11.885714285714286,194.28571428571428,221.42857142857142,10.0,16.84285714285714,222.85714285714286,-5.257142857142859
2018-01-14,6.142857142857141,2.5857142857142876,-9.914285714285715,6.271428571428572,12.2,161.42857142857142,230.0,26.571428571428573,16.842857142857145,225.71428571428572,-3.2714285714285727
2018-01-15,6.071428571428569,2.2714285714285736,-8.72857142857143,5.957142857142857,11.5,144.28571428571428,204.28571428571428,24.714285714285715,15.514285714285716,251.42857142857142,-2.3714285714285728
2018-01-16,6.028571428571427,0.757142857142859,-10.314285714285713,5.085714285714287,10.285714285714286,127.14285714285714,222.85714285714286,24.0,13.799999999999999,271.42857142857144,-4.0428571428571445
2018-01-17,6.099999999999997,0.05714285714285922,-12.214285714285714,4.628571428571429,9.9,110.0,207.14285714285714,23.285714285714285,13.414285714285713,252.85714285714286,-5.471428571428573
2018-01-18,6.099999999999997,-1.0428571428571407,-11.657142857142858,4.271428571428571,8.885714285714284,100.0,225.71428571428572,23.285714285714285,11.299999999999999,272.85714285714283,-5.714285714285715
2018-01-19,6.099999999999997,-3.099999999999998,-13.557142857142859,3.5428571428571436,7.857142857142857,100.0,227.14285714285714,23.714285714285715,10.133333333333333,286.6666666666667,-7.4
2018-01-20,2.2142857142857117,-5.54285714285714,-13.871428571428572,3.2285714285714286,7.085714285714286,114.28571428571429,225.71428571428572,23.714285714285715,9.25,286.6666666666667,-9.657142857142858
2018-01-21,0.328571428571426,-4.371428571428569,-11.885714285714286,2.9428571428571435,6.571428571428571,121.42857142857143,204.28571428571428,6.0,8.583333333333334,263.3333333333333,-8.528571428571428
2018-01-22,0.328571428571426,-1.8428571428571405,-9.1,2.8571428571428577,6.257142857142858,117.14285714285714,250.0,6.0,8.86,244.0,-5.800000000000002
2018-01-23,0.8428571428571404,0.05714285714285894,-6.8,3.1428571428571432,6.714285714285714,112.85714285714286,228.57142857142858,7.142857142857143,9.84,212.0,-3.6571428571428584
2018-01-24,1.7142857142857117,1.400000000000002,-4.2,3.2714285714285722,7.1000000000000005,108.57142857142857,237.14285714285714,2.0,10.66,228.0,-1.8285714285714296
2018-01-25,1.8285714285714263,2.728571428571431,-4.285714285714286,3.8714285714285723,7.857142857142857,104.28571428571429,235.71428571428572,2.0,12.64,218.0,-1.1714285714285726
2018-01-26,1.8285714285714263,2.1714285714285735,-4.757142857142857,3.9285714285714293,8.3,92.85714285714286,255.71428571428572,1.5714285714285714,12.166666666666666,240.0,-1.5714285714285725
2018-01-27,1.8285714285714263,2.0857142857142876,-6.185714285714285,3.571428571428572,8.114285714285716,85.71428571428571,255.71428571428572,1.1428571428571428,11.933333333333332,236.66666666666666,-2.300000000000001
2018-01-28,1.8285714285714263,2.242857142857145,-6.271428571428571,3.900000000000001,8.571428571428571,78.57142857142857,252.85714285714286,1.1428571428571428,12.75,236.66666666666666,-2.3714285714285728
2018-01-29,1.8285714285714263,2.642857142857145,-6.2,4.142857142857143,9.142857142857142,71.42857142857143,238.57142857142858,1.1428571428571428,12.328571428571427,237.14285714285714,-2.000000000000001
2018-01-30,1.314285714285712,2.3285714285714305,-6.514285714285714,4.314285714285715,9.200000000000001,64.28571428571429,261.42857142857144,0.0,12.257142857142858,260.0,-2.042857142857144
2018-01-31,0.114285714285712,0.2714285714285735,-8.171428571428573,4.6571428571428575,9.0,57.142857142857146,271.42857142857144,0.0,11.671428571428573,267.14285714285717,-3.614285714285716
2018-02-01,0.0,-0.4999999999999981,-8.8,4.500000000000001,8.942857142857143,47.142857142857146,252.85714285714286,0.0,11.728571428571428,255.71428571428572,-4.642857142857144
2018-02-02,0.07142857142856915,1.0714285714285734,-6.971428571428571,4.9,9.200000000000001,44.285714285714285,230.0,1.1428571428571428,12.371428571428572,234.28571428571428,-3.2857142857142874
2018-02-03,0.25714285714285484,1.157142857142859,-7.142857142857143,5.457142857142857,9.771428571428572,44.285714285714285,252.85714285714286,7.714285714285714,12.828571428571431,255.71428571428572,-3.0714285714285725
2018-02-04,0.25714285714285484,-0.4142857142857124,-9.6,4.9142857142857155,9.257142857142856,41.42857142857143,252.85714285714286,7.714285714285714,12.12857142857143,255.71428571428572,-5.071428571428572
2018-02-05,0.7285714285714262,-1.3714285714285697,-10.071428571428571,5.485714285714287,10.214285714285714,38.57142857142857,245.71428571428572,14.571428571428571,13.6,248.57142857142858,-6.214285714285715
2018-02-06,0.8428571428571405,-1.2142857142857124,-10.785714285714286,5.3428571428571425,10.785714285714286,42.857142857142854,244.28571428571428,17.142857142857142,14.442857142857141,248.57142857142858,-6.142857142857145
2018-02-07,0.8428571428571405,-0.4999999999999981,-10.857142857142858,5.257142857142858,10.785714285714286,47.142857142857146,224.28571428571428,17.142857142857142,14.700000000000001,230.0,-5.928571428571431
2018-02-08,2.5428571428571405,-0.9714285714285695,-10.785714285714286,4.785714285714286,10.4,54.285714285714285,250.0,36.0,13.671428571428574,252.85714285714286,-5.742857142857143
2018-02-09,2.471428571428569,-2.142857142857141,-12.214285714285714,4.1000000000000005,9.700000000000001,75.71428571428571,254.28571428571428,34.857142857142854,12.657142857142857,255.71428571428572,-6.842857142857144
2018-02-10,2.328571428571426,-2.542857142857141,-11.728571428571428,3.8571428571428577,9.385714285714286,94.28571428571429,232.85714285714286,29.0,12.271428571428572,235.71428571428572,-6.9142857142857155
2018-02-11,2.757142857142855,-1.442857142857141,-9.742857142857144,4.071428571428572,9.314285714285715,111.42857142857143,234.28571428571428,33.714285714285715,12.014285714285714,237.14285714285714,-5.257142857142859
2018-02-12,2.357142857142855,-0.7999999999999982,-9.985714285714286,3.514285714285715,8.614285714285714,128.57142857142858,235.71428571428572,26.857142857142858,10.871428571428572,235.71428571428572,-5.485714285714287
2018-02-13,2.2428571428571407,-0.25714285714285534,-9.028571428571428,3.8000000000000007,8.485714285714286,135.71428571428572,235.71428571428572,24.285714285714285,10.799999999999999,237.14285714285714,-4.92857142857143
2018-02-14,2.2428571428571407,-0.17142857142856963,-9.428571428571429,3.5571428571428574,8.371428571428572,142.85714285714286,235.71428571428572,24.285714285714285,10.742857142857144,234.28571428571428,-4.871428571428573
2018-02-15,0.5428571428571406,1.0714285714285732,-8.0,4.2857142857142865,8.685714285714285,150.0,211.42857142857142,5.428571428571429,11.642857142857142,210.0,-3.814285714285716
2018-02-16,0.5428571428571406,3.4428571428571444,-6.271428571428571,4.671428571428572,9.200000000000001,138.57142857142858,208.57142857142858,5.428571428571429,12.4,204.28571428571428,-1.9571428571428586
2018-02-17,0.7571428571428548,5.014285714285717,-5.242857142857143,4.628571428571429,9.442857142857141,124.28571428571429,228.57142857142858,5.857142857142857,12.785714285714286,225.71428571428572,-0.14285714285714426
2018-02-18,0.32857142857142624,4.5428571428571445,-5.871428571428572,4.442857142857143,9.442857142857145,110.0,225.71428571428572,1.1428571428571428,12.842857142857143,221.42857142857142,-0.5142857142857157
2018-02-19,0.47142857142856914,4.142857142857145,-5.314285714285715,4.2857142857142865,9.0,92.85714285714286,224.28571428571428,3.2857142857142856,12.27142857142857,220.0,0.05714285714285582
2018-02-20,0.514285714285712,4.628571428571431,-4.6000000000000005,4.485714285714286,9.457142857142857,78.57142857142857,204.28571428571428,3.2857142857142856,12.914285714285715,200.0,0.25714285714285584
2018-02-21,0.9857142857142834,7.071428571428574,-1.8285714285714287,4.885714285714286,9.771428571428572,60.0,204.28571428571428,3.2857142857142856,13.171428571428569,201.42857142857142,2.3999999999999986
2018-02-22,0.9857142857142834,9.385714285714288,-1.2000000000000004,4.9,9.900000000000002,41.42857142857143,204.28571428571428,3.2857142857142856,13.042857142857144,204.28571428571428,4.557142857142856
2018-02-23,0.9857142857142834,7.95714285714286,-2.142857142857143,4.742857142857143,9.457142857142857,27.142857142857142,225.71428571428572,3.2857142857142856,12.528571428571428,227.14285714285714,3.771428571428571
2018-02-24,0.8714285714285691,7.4857142857142875,-2.542857142857143,5.057142857142858,10.042857142857143,15.714285714285714,205.71428571428572,2.142857142857143,13.485714285714286,207.14285714285714,2.6571428571428557
2018-02-25,0.914285714285712,8.271428571428572,-1.5999999999999999,4.9142857142857155,10.042857142857143,8.571428571428571,208.57142857142858,2.142857142857143,13.485714285714284,211.42857142857142,3.7571428571428562
2018-02-26,1.5285714285714265,8.42857142857143,-1.7571428571428573,5.242857142857143,10.485714285714286,4.285714285714286,204.28571428571428,1.4285714285714286,14.185714285714285,208.57142857142858,3.757142857142856
2018-02-27,1.4857142857142835,8.585714285714287,-1.6142857142857143,4.671428571428572,9.657142857142857,0.0,220.0,1.4285714285714286,13.028571428571428,225.71428571428572,4.0857142857142845
2018-02-28,1.014285714285712,7.871428571428573,-2.7142857142857144,4.385714285714287,9.271428571428572,0.0,218.57142857142858,1.4285714285714286,12.7,224.28571428571428,3.47142857142857
2018-03-01,1.014285714285712,7.071428571428574,-2.1571428571428575,4.128571428571429,8.77142857142857,0.0,217.14285714285714,1.4285714285714286,12.442857142857141,221.42857142857142,2.614285714285713
2018-03-02,1.1285714285714261,8.257142857142858,-1.3714285714285717,4.128571428571429,8.771428571428572,0.0,175.71428571428572,1.4285714285714286,13.033333333333333,201.66666666666666,3.4428571428571417
2018-03-03,1.3857142857142837,7.857142857142859,-0.4142857142857143,4.185714285714286,8.257142857142856,0.0,197.14285714285714,7.571428571428571,12.133333333333333,226.66666666666666,3.8714285714285706
2018-03-04,1.3428571428571405,7.5428571428571445,-0.0285714285714286,4.700000000000001,8.328571428571427,7.142857142857143,220.0,7.571428571428571,12.283333333333333,248.33333333333334,3.4999999999999987
2018-03-05,0.8714285714285691,7.385714285714287,0.21428571428571427,4.742857142857143,8.257142857142856,7.142857142857143,245.71428571428572,13.428571428571429,11.899999999999999,280.0,3.6714285714285704
2018-03-06,0.9857142857142833,6.514285714285717,0.14285714285714285,5.057142857142858,8.257142857142856,14.285714285714286,252.85714285714286,16.0,11.983333333333334,283.3333333333333,3.0857142857142845
2018-03-07,0.9857142857142833,5.885714285714286,-0.2571428571428572,4.814285714285715,8.200000000000001,14.285714285714286,247.14285714285714,16.0,11.916666666666666,276.6666666666667,2.542857142857142
2018-03-08,1.3142857142857118,4.142857142857144,-1.1285714285714286,4.528571428571429,8.257142857142858,14.285714285714286,238.57142857142858,22.857142857142858,11.616666666666667,266.6666666666667,1.457142857142856
2018-03-09,2.4999999999999973,2.6428571428571446,-1.3571428571428572,4.642857142857144,8.514285714285714,28.571428571428573,277.14285714285717,42.857142857142854,11.299999999999999,275.7142857142857,0.5857142857142845
2018-03-10,2.428571428571426,2.800000000000001,-1.6,3.9857142857142867,7.685714285714285,54.285714285714285,257.14285714285717,43.285714285714285,10.085714285714285,255.71428571428572,0.4142857142857131
2018-03-11,2.4999999999999973,2.5571428571428583,-1.9857142857142858,3.6714285714285717,7.685714285714286,68.57142857142857,248.57142857142858,45.42857142857143,9.957142857142857,250.0,0.21428571428571302
2018-03-12,2.1857142857142833,2.471428571428573,-1.9857142857142858,3.4428571428571435,7.5,87.14285714285714,244.28571428571428,39.57142857142857,9.77142857142857,245.71428571428572,0.042857142857141595
2018-03-13,2.071428571428569,2.5428571428571445,-2.0571428571428574,2.914285714285715,6.985714285714287,94.28571428571429,211.42857142857142,37.0,9.071428571428571,214.28571428571428,0.1428571428571416
2018-03-14,3.3714285714285688,2.1428571428571446,-1.5,3.271428571428572,6.985714285714286,105.71428571428571,238.57142857142858,56.57142857142857,9.071428571428571,242.85714285714286,0.17142857142857018
2018-03-15,5.77142857142857,1.8285714285714298,-1.5,3.6428571428571432,7.171428571428572,148.57142857142858,267.14285714285717,80.85714285714286,9.071428571428571,272.85714285714283,-0.04285714285714413
2018-03-16,4.7571428571428545,2.3000000000000016,-1.5,3.8000000000000007,7.4142857142857155,177.14285714285714,267.14285714285717,66.28571428571429,9.642857142857142,272.85714285714283,0.11428571428571302
2018-03-17,4.428571428571426,1.7571428571428587,-1.8142857142857143,4.5,8.371428571428572,194.28571428571428,282.85714285714283,59.714285714285715,10.928571428571429,287.14285714285717,-0.11428571428571556
2018-03-18,4.357142857142855,0.9857142857142873,-3.4714285714285715,4.642857142857143,9.328571428571427,215.71428571428572,288.57142857142856,57.57142857142857,12.142857142857142,291.42857142857144,-0.885714285714287
2018-03-19,4.314285714285711,0.05714285714285859,-6.014285714285714,4.557142857142858,9.271428571428572,240.0,297.14285714285717,56.142857142857146,12.6,288.3333333333333,-2.5857142857142867
2018-03-20,4.314285714285711,-0.9571428571428556,-8.314285714285715,4.685714285714286,9.900000000000002,261.42857142857144,331.42857142857144,56.142857142857146,13.333333333333334,328.3333333333333,-4.114285714285716
2018-03-21,3.014285714285712,-1.1999999999999986,-10.385714285714286,4.328571428571429,9.642857142857142,282.85714285714283,335.7142857142857,36.57142857142857,12.666666666666666,328.3333333333333,-5.200000000000001
2018-03-22,0.2857142857142832,-1.2857142857142843,-12.042857142857143,3.971428571428572,9.528571428571428,268.57142857142856,338.57142857142856,5.428571428571429,13.059999999999999,328.0,-5.985714285714287
2018-03-23,0.0,-1.128571428571427,-12.6,3.714285714285715,9.6,254.28571428571428,341.42857142857144,0.0,12.98,330.0,-6.171428571428573
2018-03-24,0.0,-0.18571428571428417,-12.842857142857143,3.0714285714285716,9.157142857142857,232.85714285714286,347.14285714285717,0.0,12.16,338.0,-5.800000000000002
2018-03-25,0.0,0.5857142857142873,-11.257142857142858,2.9714285714285715,7.942857142857144,208.57142857142858,301.42857142857144,0.0,10.1,344.0,-4.9142857142857155
2018-03-26,0.0,1.8285714285714303,-9.114285714285714,3.1000000000000005,8.385714285714286,184.28571428571428,295.7142857142857,0.0,10.35,340.0,-3.342857142857144
2018-03-27,0.0,3.32857142857143,-7.528571428571429,2.9428571428571435,7.942857142857142,167.14285714285714,292.85714285714283,0.0,9.833333333333334,336.6666666666667,-1.9142857142857157
2018-03-28,0.11428571428571176,4.285714285714287,-6.014285714285714,3.214285714285715,8.257142857142856,145.71428571428572,270.0,0.0,10.65,313.3333333333333,-0.5714285714285727
2018-03-29,0.2999999999999975,5.628571428571431,-3.971428571428571,3.1571428571428575,8.12857142857143,124.28571428571429,245.71428571428572,0.0,10.657142857142857,294.2857142857143,0.9571428571428559
2018-03-30,1.6428571428571404,6.742857142857145,-2.7857142857142856,2.942857142857143,7.485714285714286,100.0,224.28571428571428,0.0,9.828571428571427,272.85714285714283,2.0285714285714276
2018-03-31,2.1857142857142833,7.457142857142858,-1.5285714285714285,3.2000000000000006,7.6000000000000005,78.57142857142857,220.0,0.0,9.9,272.85714285714283,3.1714285714285704
2018-04-01,2.1857142857142833,8.885714285714288,-1.457142857142857,3.057142857142858,7.9142857142857155,60.0,244.28571428571428,0.0,10.614285714285714,248.57142857142858,3.757142857142856
2018-04-02,2.1857142857142833,9.52857142857143,-1.1428571428571428,3.3142857142857145,7.971428571428571,41.42857142857143,244.28571428571428,0.0,11.071428571428571,228.57142857142858,4.757142857142855
2018-04-03,2.1857142857142833,9.685714285714287,-0.6714285714285716,3.3571428571428577,7.971428571428572,22.857142857142858,240.0,0.0,11.014285714285716,221.42857142857142,4.9571428571428555
2018-04-04,2.3571428571428545,9.914285714285715,-0.04285714285714289,3.285714285714286,8.157142857142857,11.428571428571429,240.0,0.0,11.071428571428571,221.42857142857142,5.214285714285713
2018-04-05,3.257142857142855,10.157142857142858,-0.9714285714285715,3.9428571428571435,9.171428571428573,4.285714285714286,251.42857142857142,0.0,12.357142857142858,232.85714285714286,5.328571428571427
2018-04-06,1.9142857142857115,8.72857142857143,-2.314285714285714,4.471428571428572,10.0,0.0,264.2857142857143,0.42857142857142855,13.571428571428571,245.71428571428572,4.07142857142857
2018-04-07,1.7999999999999972,7.771428571428572,-3.3285714285714287,4.542857142857144,10.257142857142856,0.0,245.71428571428572,6.285714285714286,13.957142857142857,224.28571428571428,2.77142857142857
2018-04-08,1.7999999999999972,6.900000000000001,-3.0142857142857147,4.7857142857142865,10.257142857142856,7.142857142857143,257.14285714285717,6.285714285714286,13.828571428571431,234.28571428571428,2.385714285714285
2018-04-09,1.9142857142857115,5.942857142857144,-3.4857142857142853,4.371428571428572,9.885714285714284,7.142857142857143,260.0,7.714285714285714,13.185714285714285,255.71428571428572,1.4428571428571415
2018-04-10,1.9142857142857115,5.385714285714287,-3.8857142857142857,4.557142857142858,10.214285714285714,7.142857142857143,264.2857142857143,7.714285714285714,13.628571428571428,262.85714285714283,0.9571428571428557
2018-04-11,1.628571428571426,5.000000000000002,-4.357142857142857,4.300000000000001,10.028571428571428,7.142857142857143,281.42857142857144,7.714285714285714,13.314285714285715,277.14285714285717,0.48571428571428443
2018-04-12,0.5428571428571403,4.685714285714288,-4.357142857142857,3.7428571428571433,9.328571428571427,7.142857142857143,272.85714285714283,7.714285714285714,12.357142857142858,267.14285714285717,-0.014285714285715567
2018-04-13,1.4857142857142829,6.02857142857143,-3.014285714285714,3.5714285714285716,9.071428571428571,7.142857142857143,258.57142857142856,7.285714285714286,12.157142857142858,251.42857142857142,1.1999999999999988
2018-04-14,2.985714285714283,7.071428571428574,-1.4428571428571428,3.285714285714286,8.628571428571428,7.142857142857143,258.57142857142856,1.4285714285714286,11.771428571428572,251.42857142857142,2.5999999999999983
2018-04-15,4.371428571428568,7.157142857142858,-1.9857142857142855,3.2571428571428576,8.571428571428571,0.0,270.0,4.0,11.442857142857141,267.14285714285717,2.5999999999999983
2018-04-16,5.414285714285711,7.000000000000001,-1.9,3.342857142857144,8.571428571428571,7.142857142857143,238.57142857142858,4.714285714285714,11.571428571428571,237.14285714285714,2.3142857142857127
2018-04-17,7.271428571428568,7.471428571428573,-1.1857142857142855,3.414285714285715,8.814285714285715,11.428571428571429,208.57142857142858,4.714285714285714,12.142857142857142,208.57142857142858,2.928571428571427
2018-04-18,7.671428571428569,7.542857142857144,-0.3285714285714284,3.6000000000000005,8.757142857142858,11.428571428571429,202.85714285714286,4.714285714285714,12.271428571428572,207.14285714285714,3.485714285714284
2018-04-19,7.714285714285711,7.614285714285716,0.442857142857143,3.6285714285714294,8.571428571428571,11.428571428571429,215.71428571428572,4.714285714285714,11.942857142857141,222.85714285714286,3.714285714285712
2018-04-20,6.84285714285714,6.9857142857142875,0.28571428571428586,3.5857142857142863,8.514285714285714,11.428571428571429,235.71428571428572,4.714285714285714,11.685714285714285,244.28571428571428,3.4857142857142844
2018-04-21,5.171428571428568,6.428571428571431,-0.49999999999999983,3.828571428571429,8.700000000000001,15.714285714285714,251.42857142857142,7.571428571428571,11.685714285714285,260.0,2.5999999999999983
2018-04-22,3.7857142857142834,7.300000000000002,-0.02857142857142839,3.5285714285714294,8.62857142857143,15.714285714285714,250.0,5.0,11.557142857142859,257.14285714285717,3.271428571428569
2018-04-23,2.6285714285714263,9.200000000000001,0.2857142857142859,3.3571428571428577,8.62857142857143,8.571428571428571,284.2857142857143,2.857142857142857,11.485714285714286,285.7142857142857,4.557142857142855
2018-04-24,0.7714285714285689,10.942857142857145,0.21428571428571447,3.1714285714285717,8.000000000000002,4.285714285714286,290.0,2.857142857142857,10.471428571428572,305.7142857142857,5.499999999999998
2018-04-25,0.3714285714285689,13.171428571428574,1.4857142857142858,3.6428571428571432,8.371428571428572,4.285714285714286,277.14285714285717,2.857142857142857,10.914285714285715,292.85714285714283,7.114285714285713
2018-04-26,2.428571428571426,14.12857142857143,2.8428571428571425,3.571428571428572,8.3,4.285714285714286,262.85714285714283,2.857142857142857,10.985714285714284,275.7142857142857,8.585714285714284
2018-04-27,3.9571428571428546,15.314285714285717,4.028571428571429,3.342857142857144,8.114285714285716,4.285714285714286,262.85714285714283,2.857142857142857,10.799999999999999,274.2857142857143,9.628571428571428
2018-04-28,4.028571428571426,16.342857142857145,4.8999999999999995,3.1571428571428575,7.8,0.0,248.57142857142858,0.0,10.542857142857144,258.57142857142856,10.799999999999997
2018-04-29,4.285714285714283,17.12857142857143,6.071428571428571,3.1428571428571432,7.871428571428571,0.0,230.0,0.0,10.8,237.14285714285714,11.499999999999998
2018-04-30,6.785714285714284,16.500000000000004,6.8428571428571425,3.385714285714286,7.671428571428572,0.0,230.0,0.0,10.485714285714286,241.42857142857142,11.614285714285712
2018-05-01,7.614285714285712,15.15714285714286,7.457142857142857,3.4428571428571435,7.799999999999999,0.0,255.71428571428572,0.0,10.542857142857143,252.85714285714286,11.057142857142855
2018-05-02,7.657142857142854,14.757142857142858,6.985714285714286,2.900000000000001,7.3,0.0,254.28571428571428,0.0,9.714285714285714,250.0,10.385714285714284
2018-05-03,5.557142857142854,16.900000000000002,7.857142857142857,3.2714285714285722,7.614285714285714,0.0,265.7142857142857,0.0,10.099999999999998,254.28571428571428,11.457142857142856
2018-05-04,4.0714285714285685,18.08571428571429,8.657142857142857,3.0857142857142863,7.357142857142857,0.0,271.42857142857144,0.0,9.585714285714285,245.71428571428572,12.57142857142857
2018-05-05,4.657142857142854,19.82857142857143,9.528571428571428,3.2142857142857153,7.928571428571429,0.0,277.14285714285717,0.0,11.114285714285716,252.85714285714286,13.614285714285712
2018-05-06,4.399999999999998,20.62857142857143,9.842857142857143,3.328571428571429,7.857142857142857,0.0,282.85714285714283,0.0,11.314285714285715,262.85714285714283,14.242857142857142
2018-05-07,1.8999999999999975,22.057142857142857,11.271428571428572,3.2571428571428576,7.928571428571429,0.0,277.14285714285717,0.0,11.257142857142858,257.14285714285717,15.657142857142855
2018-05-08,1.071428571428569,23.171428571428574,11.828571428571431,3.4571428571428577,8.3,0.0,275.7142857142857,0.0,11.514285714285716,254.28571428571428,16.785714285714285
2018-05-09,1.0285714285714262,23.88571428571429,11.185714285714285,3.3714285714285723,8.042857142857143,0.0,274.2857142857143,0.0,12.166666666666666,266.6666666666667,17.185714285714283
2018-05-10,1.0285714285714262,23.48571428571429,9.914285714285715,3.028571428571429,7.542857142857144,0.0,264.2857142857143,0.0,11.333333333333334,263.3333333333333,16.77142857142857
2018-05-11,0.9142857142857118,23.571428571428573,9.428571428571429,3.828571428571429,8.628571428571428,0.0,260.0,0.0,12.966666666666667,251.66666666666666,16.928571428571427
2018-05-12,0.0,21.82857142857143,8.22857142857143,3.985714285714286,9.014285714285714,0.0,272.85714285714283,0.0,12.666666666666666,268.3333333333333,16.02857142857143
2018-05-13,0.0,21.114285714285717,7.2,3.7,8.385714285714284,0.0,275.7142857142857,0.0,11.4,270.0,15.214285714285712
2018-05-14,0.0,21.58571428571429,5.928571428571429,3.7428571428571433,8.757142857142858,0.0,257.14285714285717,0.0,12.366666666666667,246.66666666666666,14.64285714285714
2018-05-15,0.0,22.7,6.485714285714287,3.8714285714285723,8.82857142857143,0.0,237.14285714285714,0.0,12.966666666666667,225.0,15.314285714285713
2018-05-16,2.2142857142857117,21.900000000000006,7.442857142857144,4.057142857142858,9.214285714285714,0.0,260.0,0.0,12.457142857142856,230.0,15.914285714285713
2018-05-17,2.2142857142857117,21.271428571428572,7.128571428571428,4.300000000000001,9.714285714285714,0.0,260.0,0.0,13.1,230.0,15.257142857142856
2018-05-18,2.2142857142857117,20.800000000000004,6.971428571428572,3.971428571428572,8.885714285714286,0.0,258.57142857142856,0.0,12.142857142857142,231.42857142857142,14.87142857142857
2018-05-19,2.2142857142857117,21.428571428571427,7.3,3.728571428571429,8.0,0.0,255.71428571428572,0.0,10.799999999999999,230.0,15.099999999999998
2018-05-20,2.94285714285714,21.34285714285715,7.942857142857143,4.157142857142858,9.014285714285714,0.0,244.28571428571428,0.0,12.328571428571431,217.14285714285714,15.385714285714284
2018-05-21,3.628571428571426,20.95714285714286,8.657142857142857,4.257142857142858,8.957142857142857,0.0,244.28571428571428,0.0,12.385714285714286,215.71428571428572,15.742857142857142
2018-05-22,3.628571428571426,21.114285714285717,7.871428571428572,3.8714285714285723,8.77142857142857,0.0,262.85714285714283,0.0,12.0,234.28571428571428,15.542857142857141
2018-05-23,3.1571428571428544,21.285714285714285,8.114285714285714,3.957142857142858,9.014285714285714,0.0,245.71428571428572,0.0,12.571428571428573,225.71428571428572,15.214285714285712
2018-05-24,3.1571428571428544,21.442857142857147,9.214285714285714,3.7000000000000006,8.885714285714286,0.0,268.57142857142856,0.0,12.185714285714285,250.0,15.728571428571428
2018-05-25,3.1571428571428544,21.914285714285718,8.814285714285715,3.285714285714286,8.628571428571428,0.0,248.57142857142858,0.0,11.87142857142857,248.57142857142858,15.528571428571428
2018-05-26,3.4142857142857115,23.342857142857145,10.314285714285713,3.328571428571429,8.871428571428572,0.0,242.85714285714286,0.0,12.328571428571431,241.42857142857142,16.7
2018-05-27,2.9428571428571404,24.05714285714286,11.657142857142857,2.828571428571429,8.042857142857143,0.0,267.14285714285717,0.0,10.92857142857143,267.14285714285717,17.685714285714283
2018-05-28,2.2571428571428545,24.12857142857143,12.214285714285714,2.8714285714285714,7.857142857142857,0.0,260.0,0.0,10.357142857142858,262.85714285714283,17.957142857142856
2018-05-29,2.257142857142854,23.72857142857143,13.314285714285713,3.328571428571429,8.1,0.0,241.42857142857142,0.0,10.799999999999999,244.28571428571428,18.04285714285714
2018-05-30,0.7285714285714258,24.442857142857147,13.542857142857144,3.3142857142857145,7.985714285714286,0.0,260.0,0.0,10.285714285714286,262.85714285714283,18.814285714285713
2018-05-31,0.7285714285714258,25.242857142857144,13.157142857142857,3.4285714285714293,7.985714285714287,0.0,235.71428571428572,0.0,10.614285714285714,237.14285714285714,19.228571428571428
2018-06-01,0.7285714285714258,25.95714285714286,14.828571428571427,4.1571428571428575,8.557142857142857,0.0,237.14285714285714,0.0,11.514285714285714,240.0,20.314285714285713
2018-06-02,1.085714285714283,26.285714285714285,15.385714285714284,4.171428571428572,8.557142857142857,0.0,224.28571428571428,0.0,11.571428571428571,225.71428571428572,20.77142857142857
2018-06-03,0.8285714285714258,26.371428571428574,14.985714285714286,4.642857142857144,9.0,0.0,221.42857142857142,0.0,12.4,175.71428571428572,20.957142857142856
2018-06-04,0.8285714285714258,27.085714285714285,14.6,4.500000000000001,9.114285714285716,0.0,221.42857142857142,0.0,12.842857142857143,177.14285714285714,21.071428571428573
2018-06-05,2.24285714285714,25.97142857142857,13.971428571428573,4.4,8.87142857142857,0.0,221.42857142857142,0.0,12.657142857142857,174.28571428571428,20.585714285714285
2018-06-06,2.0999999999999974,24.7,13.657142857142857,4.2285714285714295,8.742857142857144,0.0,218.57142857142858,0.0,12.528571428571428,171.42857142857142,19.514285714285712
2018-06-07,2.0999999999999974,23.185714285714287,13.814285714285715,3.985714285714286,8.299999999999999,0.0,244.28571428571428,0.0,11.757142857142856,194.28571428571428,18.614285714285717
2018-06-08,2.0999999999999974,22.385714285714293,12.700000000000001,3.385714285714286,7.914285714285714,0.0,244.28571428571428,0.0,11.042857142857144,192.85714285714286,17.52857142857143
2018-06-09,1.4857142857142829,21.428571428571427,11.357142857142858,3.228571428571429,7.6000000000000005,0.0,268.57142857142856,0.0,10.528571428571428,171.42857142857142,16.785714285714285
2018-06-10,1.4857142857142829,21.58571428571429,10.728571428571428,3.014285714285715,7.671428571428571,0.0,271.42857142857144,0.0,10.457142857142857,218.57142857142858,16.34285714285714
2018-06-11,1.4857142857142829,21.028571428571432,10.328571428571427,2.8571428571428577,7.357142857142857,0.0,300.0,0.0,10.071428571428571,250.0,15.942857142857141
2018-06-12,0.07142857142856864,22.142857142857146,10.014285714285714,2.571428571428572,7.471428571428572,0.0,321.42857142857144,0.0,9.742857142857144,272.85714285714283,16.2
2018-06-13,0.0,24.042857142857144,9.700000000000001,2.8571428571428577,7.785714285714286,0.0,304.2857142857143,0.0,10.257142857142856,257.14285714285717,16.942857142857143
2018-06-14,0.32857142857142574,25.071428571428573,10.642857142857142,3.414285714285715,8.485714285714286,0.0,280.0,0.0,11.342857142857143,232.85714285714286,18.07142857142857
2018-06-15,0.5857142857142829,24.599999999999998,10.8,3.571428571428572,8.671428571428573,0.0,290.0,0.0,11.542857142857143,244.28571428571428,18.285714285714285
2018-06-16,0.7999999999999972,24.75714285714286,10.799999999999999,3.514285714285715,8.485714285714286,0.0,291.42857142857144,0.0,11.3,285.7142857142857,17.814285714285713
2018-06-17,0.7999999999999972,25.22857142857143,11.2,3.3142857142857154,8.042857142857143,0.0,291.42857142857144,0.0,10.542857142857143,287.14285714285717,18.185714285714283
2018-06-18,0.7999999999999972,26.428571428571427,11.914285714285715,3.4142857142857146,7.985714285714286,0.0,268.57142857142856,0.0,10.285714285714286,260.0,19.071428571428573
2018-06-19,9.114285714285712,26.98571428571429,13.814285714285717,3.6428571428571432,8.7,0.0,262.85714285714283,0.0,11.828571428571431,255.71428571428572,20.45714285714286
2018-06-20,9.114285714285712,26.114285714285717,14.442857142857145,3.714285714285715,8.957142857142857,0.0,282.85714285714283,0.0,12.085714285714287,274.2857142857143,20.657142857142855
2018-06-21,8.785714285714283,26.114285714285717,13.414285714285715,3.1571428571428575,8.257142857142856,0.0,282.85714285714283,0.0,10.871428571428572,278.57142857142856,20.24285714285714
2018-06-22,8.528571428571427,26.357142857142858,13.099999999999998,3.228571428571429,8.142857142857142,0.0,295.7142857142857,0.0,10.87142857142857,291.42857142857144,20.471428571428568
2018-06-23,8.314285714285711,26.671428571428574,12.614285714285716,3.157142857142858,8.2,0.0,275.7142857142857,0.0,10.928571428571429,277.14285714285717,20.67142857142857
2018-06-24,8.314285714285711,25.72857142857143,13.085714285714287,3.4571428571428577,8.328571428571427,0.0,252.85714285714286,0.0,11.242857142857144,254.28571428571428,20.61428571428571
2018-06-25,8.599999999999998,24.3,13.400000000000002,3.3857142857142866,8.385714285714286,0.0,274.2857142857143,0.0,11.12857142857143,278.57142857142856,19.914285714285715
2018-06-26,0.3999999999999969,23.500000000000004,12.057142857142859,3.4285714285714293,7.8,0.0,280.0,0.0,9.914285714285715,282.85714285714283,18.842857142857138
2018-06-27,0.3999999999999969,23.742857142857144,11.342857142857142,2.9857142857142867,6.771428571428571,0.0,258.57142857142856,0.0,8.7,261.42857142857144,18.385714285714283
2018-06-28,1.1571428571428541,23.58571428571429,11.814285714285715,3.3285714285714287,7.285714285714286,0.0,257.14285714285717,0.0,9.728571428571428,258.57142857142856,18.514285714285712
2018-06-29,3.6571428571428544,23.900000000000002,12.685714285714285,3.028571428571429,7.028571428571429,0.0,231.42857142857142,0.0,9.214285714285714,231.42857142857142,18.47142857142857
2018-06-30,3.6571428571428544,24.45714285714286,14.042857142857143,3.0714285714285716,7.1571428571428575,0.0,247.14285714285714,0.0,9.285714285714286,245.71428571428572,19.385714285714283
2018-07-01,3.6571428571428544,26.2,14.757142857142856,3.028571428571429,7.285714285714286,0.0,245.71428571428572,0.0,9.471428571428572,247.14285714285714,20.342857142857138
2018-07-02,3.3714285714285688,28.342857142857145,16.099999999999998,2.9142857142857146,7.1,0.0,224.28571428571428,0.0,9.214285714285714,225.71428571428572,22.185714285714283
2018-07-03,3.3999999999999972,30.32857142857143,18.400000000000002,2.9285714285714293,7.042857142857143,0.0,201.42857142857142,0.0,9.342857142857143,202.85714285714286,24.157142857142862
2018-07-04,3.3999999999999972,31.514285714285716,20.314285714285713,3.128571428571429,7.371428571428572,0.0,225.71428571428572,0.0,9.785714285714286,227.14285714285714,25.857142857142858
2018-07-05,2.6428571428571397,32.785714285714285,20.957142857142856,2.728571428571429,6.8,0.0,227.14285714285714,0.0,8.757142857142856,225.71428571428572,26.871428571428567
2018-07-06,0.14285714285713982,34.371428571428574,21.671428571428574,3.214285714285715,7.299999999999999,0.0,230.0,0.0,9.657142857142857,228.57142857142858,28.314285714285713
2018-07-07,1.4142857142857113,33.971428571428575,21.357142857142858,3.8571428571428577,8.257142857142858,0.0,228.57142857142858,0.0,10.857142857142858,228.57142857142858,28.528571428571432
2018-07-08,1.4142857142857113,33.01428571428572,20.014285714285712,3.528571428571429,8.0,0.0,244.28571428571428,0.0,10.285714285714286,241.42857142857142,27.485714285714288
2018-07-09,1.4142857142857113,32.300000000000004,18.514285714285712,3.6857142857142864,8.12857142857143,0.0,244.28571428571428,0.0,10.6,241.42857142857142,26.342857142857145
2018-07-10,1.2714285714285685,31.900000000000002,16.928571428571427,3.471428571428572,7.742857142857142,0.0,244.28571428571428,0.0,10.014285714285714,238.57142857142858,25.41428571428571
2018-07-11,2.799999999999997,31.585714285714285,16.37142857142857,3.4142857142857146,8.7,0.0,241.42857142857142,0.0,10.857142857142858,235.71428571428572,24.914285714285715
2018-07-12,2.799999999999997,30.314285714285717,15.814285714285713,3.571428571428572,9.085714285714285,0.0,261.42857142857144,0.0,11.37142857142857,262.85714285714283,24.099999999999998
2018-07-13,2.799999999999997,29.442857142857143,14.385714285714286,3.071428571428572,8.714285714285714,0.0,284.2857142857143,0.0,10.657142857142857,284.2857142857143,22.842857142857145
2018-07-14,1.5285714285714254,29.685714285714287,14.214285714285714,2.3571428571428577,7.371428571428571,0.0,257.14285714285717,0.0,9.200000000000001,274.2857142857143,22.442857142857143
2018-07-15,1.7428571428571398,29.842857142857145,15.471428571428572,2.557142857142858,7.3,0.0,242.85714285714286,0.0,9.616666666666667,271.6666666666667,23.085714285714285
2018-07-16,1.7428571428571398,30.071428571428573,16.34285714285714,2.471428571428572,7.299999999999999,0.0,268.57142857142856,0.0,9.549999999999999,245.0,23.62857142857143
2018-07-17,1.7428571428571398,30.400000000000002,16.5,2.328571428571429,7.371428571428572,0.0,268.57142857142856,0.0,9.700000000000001,246.66666666666666,23.77142857142857
2018-07-18,0.2571428571428541,30.242857142857144,17.057142857142857,2.585714285714286,6.671428571428572,0.0,267.14285714285717,0.0,9.1,223.33333333333334,24.02857142857143
2018-07-19,0.2571428571428541,30.171428571428574,16.814285714285713,2.714285714285715,6.6,0.0,271.42857142857144,0.0,9.016666666666666,216.66666666666666,24.114285714285717
2018-07-20,0.2571428571428541,30.242857142857144,16.585714285714285,2.6428571428571432,6.142857142857143,0.0,225.71428571428572,0.0,8.65,163.33333333333334,23.928571428571427
2018-07-21,0.2571428571428541,30.642857142857142,16.67142857142857,2.8000000000000003,6.471428571428572,0.0,227.14285714285714,0.0,9.083333333333334,155.0,24.114285714285717
2018-07-22,0.04285714285713981,31.12857142857143,16.514285714285712,2.9428571428571435,6.728571428571428,0.0,224.28571428571428,0.0,9.314285714285715,155.71428571428572,24.342857142857138
2018-07-23,0.18571428571428267,30.571428571428573,16.357142857142858,3.285714285714286,7.3,0.0,190.0,0.0,9.942857142857141,170.0,23.842857142857145
2018-07-24,0.657142857142854,29.685714285714287,17.142857142857142,3.3714285714285723,7.428571428571429,0.0,188.57142857142858,0.0,10.071428571428571,170.0,23.685714285714287
2018-07-25,0.6142857142857112,30.071428571428573,17.3,3.528571428571429,7.871428571428572,0.0,165.71428571428572,0.0,10.642857142857142,171.42857142857142,23.728571428571428
2018-07-26,3.814285714285711,30.614285714285717,18.414285714285715,3.7428571428571433,8.385714285714286,0.0,141.42857142857142,0.0,11.542857142857144,150.0,24.385714285714283
2018-07-27,4.971428571428568,30.45714285714286,19.914285714285715,4.000000000000001,8.714285714285714,0.0,162.85714285714286,0.0,11.857142857142858,172.85714285714286,24.971428571428568
2018-07-28,5.157142857142854,30.300000000000004,20.542857142857144,4.114285714285715,9.085714285714285,0.0,170.0,0.0,12.242857142857142,171.42857142857142,25.04285714285714
2018-07-29,5.914285714285711,29.814285714285717,20.54285714285714,3.9285714285714293,9.085714285714285,0.0,191.42857142857142,0.0,12.114285714285716,194.28571428571428,24.857142857142858
2018-07-30,5.771428571428568,29.742857142857144,20.385714285714283,3.528571428571429,8.514285714285714,0.0,221.42857142857142,0.0,11.6,220.0,24.814285714285713
2018-07-31,5.299999999999997,29.74285714285714,19.357142857142858,3.6142857142857143,8.314285714285713,0.0,225.71428571428572,0.0,11.342857142857143,220.0,24.428571428571427
2018-08-01,5.34285714285714,29.35714285714286,18.87142857142857,3.071428571428572,7.485714285714287,0.0,240.0,0.0,10.200000000000001,230.0,23.97142857142857
2018-08-02,2.1428571428571397,29.285714285714285,18.800000000000004,2.942857142857143,7.042857142857143,0.0,240.0,0.0,9.557142857142859,232.85714285714286,23.67142857142857
2018-08-03,1.0999999999999968,29.52857142857143,19.042857142857144,2.9571428571428577,7.1000000000000005,0.0,242.85714285714286,0.0,9.62857142857143,238.57142857142858,23.942857142857147
2018-08-04,0.9571428571428541,28.88571428571429,19.52857142857143,2.8000000000000007,6.657142857142857,0.0,242.85714285714286,0.0,8.928571428571429,238.57142857142858,24.014285714285712
2018-08-05,0.6714285714285683,29.285714285714285,19.771428571428572,2.7,7.042857142857144,0.0,244.28571428571428,0.0,9.314285714285715,237.14285714285714,23.97142857142857
2018-08-06,0.6714285714285683,30.0,19.928571428571427,2.842857142857143,6.971428571428571,0.0,224.28571428571428,0.0,9.200000000000001,220.0,24.285714285714285
2018-08-07,0.6714285714285683,30.800000000000004,21.2,2.885714285714286,7.042857142857144,0.0,222.85714285714286,0.0,9.271428571428572,222.85714285714286,25.185714285714283
2018-08-08,3.1285714285714255,30.62857142857143,21.52857142857143,3.028571428571429,7.3,0.0,230.0,0.0,9.514285714285714,231.42857142857142,25.5
2018-08-09,3.1285714285714255,30.871428571428574,21.52857142857143,2.6000000000000005,7.1000000000000005,0.0,230.0,0.0,9.200000000000001,232.85714285714286,25.471428571428568
2018-08-10,3.057142857142854,31.028571428571432,21.442857142857143,2.571428571428572,7.542857142857143,0.0,247.14285714285714,0.0,9.514285714285714,247.14285714285714,25.5
2018-08-11,3.057142857142854,30.95714285714286,20.41428571428571,2.6000000000000005,7.671428571428572,0.0,265.7142857142857,0.0,9.714285714285714,255.71428571428572,25.242857142857144
2018-08-12,2.5857142857142827,30.557142857142857,19.385714285714283,2.6142857142857148,7.1571428571428575,0.0,235.71428571428572,0.0,9.142857142857142,228.57142857142858,24.785714285714285
2018-08-13,2.5857142857142827,30.0,19.457142857142856,2.528571428571429,7.357142857142857,0.0,225.71428571428572,0.0,9.200000000000001,220.0,24.614285714285717
2018-08-14,2.5857142857142827,29.2,18.9,2.2571428571428576,6.771428571428571,0.0,238.57142857142858,0.0,9.166666666666666,225.0,23.942857142857143
2018-08-15,0.3428571428571398,29.285714285714285,18.900000000000002,2.214285714285715,6.571428571428571,0.0,220.0,0.0,9.1,210.0,23.728571428571428
2018-08-16,1.4285714285714255,29.357142857142858,18.814285714285713,2.328571428571429,6.642857142857143,0.0,242.85714285714286,0.0,9.25,235.0,23.7
2018-08-17,2.0714285714285685,28.72857142857143,18.02857142857143,2.1857142857142864,6.271428571428572,0.0,245.71428571428572,0.0,8.799999999999999,236.66666666666666,23.3
2018-08-18,3.6571428571428544,28.571428571428573,18.099999999999998,2.1857142857142864,6.471428571428571,0.0,227.14285714285714,0.0,9.316666666666668,225.0,22.957142857142856
2018-08-19,4.457142857142854,27.85714285714286,18.571428571428573,2.342857142857143,6.785714285714286,0.0,257.14285714285717,0.0,9.616666666666667,258.3333333333333,23.014285714285712
2018-08-20,4.457142857142854,27.771428571428572,17.942857142857143,2.228571428571429,6.585714285714286,0.0,290.0,0.0,9.4,296.6666666666667,22.67142857142857
2018-08-21,4.457142857142854,27.614285714285717,17.385714285714283,2.271428571428572,6.785714285714286,0.0,281.42857142857144,0.0,9.085714285714287,297.14285714285717,22.4
2018-08-22,4.199999999999997,27.300000000000004,16.585714285714285,2.5000000000000004,7.042857142857144,0.0,280.0,0.0,9.6,288.57142857142856,21.928571428571427
2018-08-23,3.1142857142857108,26.58571428571429,16.342857142857145,2.971428571428572,7.614285714285714,0.0,255.71428571428572,0.0,10.299999999999999,264.2857142857143,21.77142857142857
2018-08-24,2.4285714285714257,26.500000000000004,15.785714285714286,3.014285714285715,7.614285714285714,0.0,254.28571428571428,0.0,10.37142857142857,261.42857142857144,21.37142857142857
2018-08-25,0.7999999999999966,27.042857142857144,15.542857142857144,3.0428571428571436,7.542857142857144,0.0,254.28571428571428,0.0,10.37142857142857,264.2857142857143,21.442857142857143
2018-08-26,0.0,27.84285714285715,15.62857142857143,3.1857142857142864,7.614285714285714,0.0,234.28571428571428,0.0,10.5,241.42857142857142,21.74285714285714
2018-08-27,0.114285714285711,27.685714285714287,16.342857142857145,3.6428571428571437,8.128571428571428,0.0,211.42857142857142,0.0,11.128571428571428,218.57142857142858,22.042857142857144
2018-08-28,0.114285714285711,27.842857142857145,16.742857142857144,3.6285714285714294,8.385714285714286,0.0,204.28571428571428,0.0,11.314285714285713,201.42857142857142,22.37142857142857
2018-08-29,0.6571428571428538,28.62857142857143,17.7,3.5857142857142863,8.457142857142857,0.0,205.71428571428572,0.0,11.185714285714285,204.28571428571428,23.2
2018-08-30,0.7285714285714252,30.05714285714286,18.185714285714287,3.3000000000000007,8.328571428571427,0.0,217.14285714285714,0.0,11.057142857142855,214.28571428571428,23.78571428571428
2018-08-31,1.5571428571428538,29.814285714285713,18.099999999999998,3.4285714285714293,8.642857142857142,0.0,215.71428571428572,0.0,11.242857142857144,217.14285714285714,23.9
2018-09-01,1.5571428571428538,29.428571428571434,17.47142857142857,3.385714285714286,8.457142857142857,0.0,215.71428571428572,0.0,10.728571428571428,212.85714285714286,23.357142857142854
2018-09-02,1.5571428571428538,28.95714285714286,17.942857142857143,3.6428571428571437,8.514285714285714,0.0,212.85714285714286,0.0,11.042857142857143,214.28571428571428,23.285714285714285
2018-09-03,1.4428571428571395,29.042857142857144,17.942857142857143,3.7,8.514285714285714,0.0,212.85714285714286,0.0,10.985714285714286,212.85714285714286,23.37142857142857
2018-09-04,2.3142857142857105,29.685714285714287,18.342857142857138,4.071428571428572,8.7,0.0,231.42857142857142,0.0,11.3,220.0,23.814285714285713
2018-09-05,1.7714285714285682,28.900000000000002,17.7,3.8142857142857145,8.37142857142857,0.0,247.14285714285714,0.0,10.728571428571428,232.85714285714286,23.3
2018-09-06,1.6999999999999968,28.58571428571429,17.142857142857142,3.9142857142857146,8.057142857142857,0.0,237.14285714285714,0.0,10.414285714285713,222.85714285714286,22.885714285714283
2018-09-07,2.7571428571428536,28.985714285714288,17.7,3.900000000000001,7.871428571428572,0.0,237.14285714285714,0.0,10.485714285714286,221.42857142857142,23.54285714285714
2018-09-08,2.7571428571428536,28.657142857142862,18.1,3.728571428571429,7.614285714285714,0.0,260.0,0.0,10.3,244.28571428571428,23.67142857142857
2018-09-09,2.7571428571428536,27.614285714285717,16.514285714285716,3.400000000000001,7.371428571428571,0.0,284.2857142857143,0.0,9.857142857142858,268.57142857142856,22.657142857142855
2018-09-10,2.7571428571428536,26.25714285714286,14.457142857142857,2.9285714285714293,6.928571428571429,0.0,302.85714285714283,0.0,9.342857142857142,285.7142857142857,21.02857142857143
2018-09-11,3.0428571428571396,23.957142857142856,12.700000000000001,2.6428571428571432,7.114285714285714,0.0,281.42857142857144,0.0,9.542857142857143,274.2857142857143,19.0
2018-09-12,5.471428571428568,23.47142857142857,12.071428571428571,2.7000000000000006,7.114285714285714,0.0,265.7142857142857,0.0,9.6,260.0,18.02857142857143
2018-09-13,5.471428571428568,22.285714285714285,12.142857142857142,2.271428571428572,6.6,0.0,280.0,0.0,8.700000000000001,277.14285714285717,17.585714285714285
2018-09-14,3.5857142857142823,22.28571428571429,12.071428571428571,2.0285714285714294,6.0857142857142845,0.0,284.2857142857143,0.0,8.0,280.0,16.942857142857143
2018-09-15,3.5857142857142823,23.000000000000004,12.3,2.0285714285714294,6.014285714285713,0.0,267.14285714285717,0.0,7.871428571428572,271.42857142857144,17.4
2018-09-16,3.5857142857142823,24.82857142857143,13.257142857142856,1.7571428571428578,5.628571428571429,0.0,244.28571428571428,0.0,7.3,252.85714285714286,18.385714285714283
2018-09-17,3.5857142857142823,26.58571428571429,15.157142857142857,1.6428571428571435,5.371428571428572,0.0,245.71428571428572,0.0,7.042857142857143,254.28571428571428,20.085714285714285
2018-09-18,2.4285714285714257,28.414285714285715,16.757142857142856,2.0142857142857147,5.371428571428572,0.0,250.0,0.0,7.1000000000000005,258.57142857142856,21.74285714285714
2018-09-19,0.0,29.214285714285715,16.914285714285715,2.171428571428572,5.628571428571428,0.0,268.57142857142856,0.0,7.357142857142857,278.57142857142856,22.74285714285714
2018-09-20,0.0,28.25714285714286,16.04285714285714,2.5428571428571436,6.142857142857143,0.0,274.2857142857143,0.0,7.871428571428571,284.2857142857143,21.957142857142856
2018-09-21,0.0,26.98571428571429,15.485714285714286,2.4571428571428577,6.014285714285714,0.0,274.2857142857143,0.0,7.614285714285714,285.7142857142857,21.071428571428573
2018-09-22,3.3428571428571394,25.800000000000004,15.485714285714284,3.400000000000001,7.557142857142857,0.0,268.57142857142856,0.0,9.714285714285714,274.2857142857143,20.514285714285712
2018-09-23,3.3857142857142826,24.45714285714286,14.214285714285714,3.828571428571429,8.642857142857142,0.0,287.14285714285717,0.0,11.242857142857144,288.57142857142856,19.714285714285715
2018-09-24,3.3857142857142826,23.028571428571432,12.142857142857142,4.028571428571429,8.957142857142857,0.0,290.0,0.0,11.571428571428571,292.85714285714283,17.9
2018-09-25,3.3857142857142826,21.114285714285717,10.314285714285715,3.7285714285714286,8.842857142857142,0.0,281.42857142857144,0.0,11.185714285714285,284.2857142857143,16.02857142857143
2018-09-26,4.585714285714283,19.12857142857143,9.514285714285714,3.8571428571428577,8.785714285714286,0.0,260.0,0.0,11.185714285714285,262.85714285714283,14.242857142857144
2018-09-27,8.028571428571427,19.914285714285718,10.0,4.2285714285714295,9.228571428571428,0.0,238.57142857142858,0.0,12.200000000000001,241.42857142857142,14.785714285714286
2018-09-28,8.028571428571427,20.071428571428573,9.914285714285715,4.328571428571429,9.671428571428573,0.0,234.28571428571428,0.0,12.714285714285714,237.14285714285714,14.97142857142857
2018-09-29,5.557142857142855,20.0,9.757142857142856,3.8000000000000007,8.642857142857142,0.0,234.28571428571428,0.0,11.314285714285715,237.14285714285714,14.7
2018-09-30,5.5142857142857125,19.75714285714286,10.314285714285715,3.571428571428572,7.814285714285715,0.0,240.0,0.0,10.357142857142858,218.57142857142858,14.499999999999998
2018-10-01,5.5142857142857125,19.042857142857144,10.714285714285714,3.4571428571428577,7.685714285714285,0.0,221.42857142857142,0.0,10.157142857142858,198.57142857142858,14.585714285714284
2018-10-02,6.714285714285713,18.414285714285715,10.942857142857141,3.2428571428571433,7.1000000000000005,0.0,251.42857142857142,0.0,9.457142857142857,231.42857142857142,14.485714285714284
2018-10-03,8.74285714285714,18.1,11.028571428571428,2.900000000000001,6.8999999999999995,0.0,244.28571428571428,0.0,9.142857142857142,224.28571428571428,14.457142857142857
2018-10-04,5.657142857142854,16.671428571428574,10.314285714285715,2.385714285714286,6.385714285714285,0.0,267.14285714285717,0.0,8.257142857142858,244.28571428571428,13.414285714285713
2018-10-05,5.657142857142854,17.0,10.242857142857144,3.1142857142857148,7.285714285714286,0.0,247.14285714285714,0.0,9.657142857142857,222.85714285714286,13.471428571428572
2018-10-06,4.785714285714283,15.885714285714288,8.971428571428572,2.885714285714286,7.1,0.0,267.14285714285717,0.0,9.457142857142857,247.14285714285714,12.742857142857142
2018-10-07,4.785714285714283,15.571428571428573,8.257142857142858,3.085714285714286,7.542857142857144,0.0,244.28571428571428,0.0,10.157142857142857,247.14285714285714,12.157142857142857
2018-10-08,5.328571428571425,15.885714285714288,8.5,3.400000000000001,7.671428571428572,0.0,262.85714285714283,0.0,10.414285714285713,267.14285714285717,12.357142857142856
2018-10-09,4.1285714285714255,16.442857142857143,8.428571428571429,3.685714285714286,8.757142857142856,0.0,242.85714285714286,0.0,12.071428571428571,245.71428571428572,12.299999999999999
2018-10-10,0.8999999999999969,18.271428571428576,9.385714285714284,4.357142857142858,9.457142857142857,0.0,251.42857142857142,0.0,13.214285714285714,252.85714285714286,13.528571428571427
2018-10-11,0.5428571428571398,20.185714285714287,9.771428571428572,4.628571428571429,9.528571428571428,0.0,230.0,0.0,13.342857142857143,232.85714285714286,15.085714285714285
2018-10-12,5.84285714285714,20.34285714285715,10.157142857142857,4.214285714285714,9.014285714285714,0.0,231.42857142857142,0.0,12.571428571428571,232.85714285714286,15.27142857142857
2018-10-13,5.84285714285714,20.814285714285717,10.799999999999999,4.457142857142857,9.457142857142857,0.0,230.0,0.0,12.957142857142856,225.71428571428572,15.77142857142857
2018-10-14,5.84285714285714,19.85714285714286,10.557142857142859,4.242857142857143,9.071428571428571,0.0,244.28571428571428,0.0,12.257142857142858,241.42857142857142,15.428571428571427
2018-10-15,5.299999999999997,19.300000000000004,9.757142857142856,3.9285714285714293,8.757142857142856,0.0,220.0,0.0,12.12857142857143,222.85714285714286,14.7
2018-10-16,5.728571428571426,19.057142857142857,9.114285714285716,4.085714285714286,9.014285714285714,0.0,234.28571428571428,0.0,12.200000000000001,234.28571428571428,14.414285714285713
2018-10-17,5.728571428571426,16.914285714285715,7.6000000000000005,3.914285714285715,8.957142857142857,0.0,247.14285714285714,0.0,12.585714285714285,248.57142857142858,12.87142857142857
2018-10-18,6.199999999999997,14.457142857142859,6.171428571428572,4.114285714285715,9.657142857142857,0.0,265.7142857142857,0.0,13.285714285714286,268.57142857142856,10.7
2018-10-19,0.8999999999999969,12.071428571428573,4.428571428571429,4.357142857142857,9.785714285714286,0.0,284.2857142857143,0.0,13.614285714285714,291.42857142857144,8.671428571428569
2018-10-20,0.8999999999999969,12.000000000000002,3.628571428571429,4.714285714285715,9.971428571428572,0.0,265.7142857142857,0.0,14.071428571428571,275.7142857142857,7.757142857142857
2018-10-21,0.8999999999999969,12.871428571428575,4.1,5.185714285714286,10.357142857142858,0.0,251.42857142857142,0.0,14.514285714285714,261.42857142857144,8.442857142857141
2018-10-22,0.8999999999999969,11.914285714285715,3.9428571428571426,5.857142857142857,11.185714285714285,0.0,271.42857142857144,0.0,15.414285714285715,274.2857142857143,8.042857142857143
2018-10-23,0.47142857142856837,10.8,3.557142857142857,5.542857142857143,10.228571428571428,0.0,272.85714285714283,0.0,14.200000000000001,278.57142857142856,7.371428571428571
2018-10-24,0.8999999999999969,10.55714285714286,3.0,5.014285714285714,9.585714285714285,0.0,254.28571428571428,0.0,12.728571428571428,257.14285714285717,6.928571428571426
2018-10-25,1.0857142857142825,9.842857142857143,2.771428571428572,4.614285714285715,8.814285714285715,0.0,258.57142857142856,0.0,11.828571428571427,260.0,6.328571428571428
2018-10-26,1.0857142857142825,9.600000000000003,2.771428571428572,4.6000000000000005,8.5,0.0,260.0,0.0,11.314285714285715,261.42857142857144,6.157142857142857
2018-10-27,1.0857142857142825,8.328571428571431,2.157142857142857,3.971428571428572,8.128571428571428,0.0,278.57142857142856,0.0,10.857142857142858,275.7142857142857,5.371428571428569
2018-10-28,2.8999999999999964,6.585714285714288,1.2142857142857142,3.585714285714286,7.928571428571429,0.0,267.14285714285717,0.0,10.728571428571428,265.7142857142857,3.77142857142857
2018-10-29,3.157142857142854,6.7428571428571455,1.3,3.0285714285714294,7.357142857142857,0.0,250.0,0.0,9.9,250.0,3.699999999999999
2018-10-30,3.6999999999999966,7.3000000000000025,1.6857142857142857,3.042857142857143,7.3,0.0,252.85714285714286,0.0,9.77142857142857,251.42857142857142,4.299999999999999
2018-10-31,3.2714285714285682,6.6714285714285735,1.1428571428571428,3.285714285714286,7.371428571428571,0.0,275.7142857142857,0.0,10.028571428571428,277.14285714285717,4.028571428571428
2018-11-01,2.6857142857142824,7.700000000000003,0.6714285714285714,3.3000000000000003,7.442857142857143,0.0,251.42857142857142,0.0,10.357142857142858,252.85714285714286,3.8714285714285706
2018-11-02,4.899999999999997,8.65714285714286,1.6285714285714283,2.757142857142857,7.057142857142857,0.0,205.71428571428572,0.0,9.842857142857143,205.71428571428572,4.928571428571428
2018-11-03,6.3142857142857105,8.885714285714288,2.7285714285714286,2.7285714285714286,6.671428571428572,0.0,201.42857142857142,0.0,9.085714285714285,204.28571428571428,5.699999999999998
2018-11-04,8.314285714285711,9.200000000000003,3.2714285714285714,2.914285714285715,6.871428571428572,0.0,228.57142857142858,0.0,9.285714285714286,224.28571428571428,6.285714285714285
2018-11-05,8.057142857142853,8.971428571428573,2.8000000000000003,3.028571428571429,7.242857142857142,0.0,242.85714285714286,0.0,9.785714285714286,237.14285714285714,6.285714285714284
2018-11-06,7.585714285714283,8.571428571428573,2.1714285714285713,3.100000000000001,7.3,0.0,222.85714285714286,0.0,10.042857142857144,217.14285714285714,5.6428571428571415
2018-11-07,8.64285714285714,9.514285714285718,3.2714285714285714,3.214285714285715,7.742857142857143,0.0,207.14285714285714,0.0,10.557142857142859,198.57142857142858,6.2
2018-11-08,8.571428571428568,9.514285714285718,4.457142857142857,3.4571428571428577,7.985714285714287,0.0,217.14285714285714,0.0,10.685714285714287,210.0,7.4571428571428555
2018-11-09,6.357142857142854,9.271428571428574,3.971428571428571,3.7428571428571438,8.3,0.0,252.85714285714286,0.0,11.2,244.28571428571428,7.128571428571427
2018-11-10,5.957142857142855,8.885714285714288,2.871428571428571,3.657142857142858,8.428571428571429,0.0,232.85714285714286,0.0,11.514285714285714,224.28571428571428,6.57142857142857
2018-11-11,2.8999999999999972,8.65714285714286,2.242857142857143,3.785714285714286,8.742857142857144,0.0,224.28571428571428,0.0,12.014285714285714,221.42857142857142,6.128571428571427
2018-11-12,2.8999999999999972,8.171428571428574,2.0142857142857142,3.914285714285715,8.814285714285715,0.0,225.71428571428572,0.0,12.085714285714285,224.28571428571428,5.514285714285713
2018-11-13,2.8285714285714256,8.014285714285716,1.557142857142857,3.842857142857143,8.885714285714284,0.0,228.57142857142858,0.0,12.14285714285714,225.71428571428572,5.157142857142857
2018-11-14,3.44285714285714,6.82857142857143,-0.014285714285714362,3.628571428571429,9.4,0.0,247.14285714285714,5.428571428571429,12.528571428571428,245.71428571428572,4.299999999999999
2018-11-15,3.44285714285714,4.3000000000000025,-2.2285714285714286,3.6285714285714294,9.471428571428573,4.285714285714286,257.14285714285717,5.428571428571429,12.457142857142856,255.71428571428572,1.8857142857142846
2018-11-16,3.44285714285714,2.571428571428573,-4.271428571428571,3.4142857142857146,9.028571428571428,4.285714285714286,238.57142857142858,5.857142857142857,11.685714285714285,238.57142857142858,-0.22857142857142967
2018-11-17,4.671428571428568,1.9285714285714306,-4.742857142857143,3.3857142857142866,9.085714285714285,18.571428571428573,234.28571428571428,32.285714285714285,11.814285714285715,232.85714285714286,-1.142857142857144
2018-11-18,4.242857142857139,1.842857142857145,-4.971428571428571,3.0428571428571436,8.32857142857143,44.285714285714285,245.71428571428572,34.142857142857146,10.728571428571428,234.28571428571428,-1.3000000000000012
2018-11-19,4.242857142857139,1.3714285714285737,-5.614285714285714,2.8142857142857145,8.142857142857142,65.71428571428571,248.57142857142858,34.142857142857146,10.471428571428573,237.14285714285714,-1.6714285714285726
2018-11-20,4.242857142857139,1.1428571428571448,-5.457142857142857,2.7714285714285722,8.071428571428573,87.14285714285714,245.71428571428572,34.142857142857146,10.342857142857143,237.14285714285714,-1.62857142857143
2018-11-21,2.857142857142854,0.44285714285714484,-5.542857142857143,2.6857142857142864,6.857142857142857,101.42857142857143,201.42857142857142,33.0,9.000000000000002,241.42857142857142,-2.2285714285714295
2018-11-22,2.9285714285714257,1.1428571428571448,-6.171428571428572,2.828571428571429,7.3,115.71428571428571,200.0,35.142857142857146,9.771428571428572,238.57142857142858,-2.0142857142857156
2018-11-23,2.9285714285714257,0.11428571428571617,-6.8,3.385714285714286,8.185714285714285,130.0,228.57142857142858,34.714285714285715,10.857142857142858,268.57142857142856,-2.685714285714287
2018-11-24,0.685714285714283,-0.4285714285714266,-8.785714285714286,3.8000000000000003,8.628571428571428,130.0,238.57142857142858,8.285714285714286,11.242857142857142,278.57142857142856,-3.8571428571428585
2018-11-25,0.3571428571428544,-0.5857142857142836,-9.014285714285714,4.071428571428571,9.12857142857143,118.57142857142857,220.0,6.428571428571429,11.757142857142856,270.0,-4.32857142857143
2018-11-26,1.2714285714285687,0.12857142857143064,-7.828571428571429,3.857142857142857,8.485714285714286,108.57142857142857,188.57142857142858,6.428571428571429,10.985714285714286,238.57142857142858,-3.5571428571428583
2018-11-27,1.4142857142857115,0.12857142857143064,-7.285714285714286,3.9,8.928571428571429,91.42857142857143,181.42857142857142,6.428571428571429,11.37142857142857,231.42857142857142,-3.32857142857143
2018-11-28,3.528571428571426,0.6714285714285735,-6.414285714285714,4.1000000000000005,9.314285714285715,98.57142857142857,198.57142857142858,25.0,12.0,200.0,-2.8285714285714296
2018-11-29,4.871428571428568,0.9142857142857164,-4.442857142857143,3.985714285714286,8.557142857142857,98.57142857142857,200.0,29.714285714285715,10.971428571428572,201.42857142857142,-2.1428571428571446
2018-11-30,4.94285714285714,2.642857142857145,-2.314285714285714,3.6857142857142864,8.185714285714287,95.71428571428571,198.57142857142858,30.142857142857142,10.528571428571428,200.0,-0.1714285714285728
2018-12-01,4.94285714285714,3.271428571428573,0.28571428571428564,3.1714285714285717,7.228571428571429,92.85714285714286,217.14285714285714,30.142857142857142,9.314285714285715,224.28571428571428,1.5428571428571414
2018-12-02,4.94285714285714,3.028571428571431,0.7428571428571428,2.685714285714286,6.271428571428572,90.0,208.57142857142858,30.142857142857142,8.1,215.71428571428572,1.7857142857142843
2018-12-03,5.114285714285712,3.1142857142857165,0.5,3.0428571428571436,6.6571428571428575,92.85714285714286,217.14285714285714,32.285714285714285,8.557142857142857,222.85714285714286,1.5571428571428558
2018-12-04,5.914285714285712,3.428571428571431,0.1857142857142857,3.2571428571428576,6.157142857142857,92.85714285714286,250.0,33.42857142857143,8.428571428571429,231.42857142857142,1.87142857142857
2018-12-05,3.5142857142857116,3.114285714285717,-0.9142857142857143,3.414285714285715,6.6000000000000005,75.71428571428571,277.14285714285717,11.285714285714286,8.757142857142856,261.42857142857144,1.2571428571428558
2018-12-06,2.1428571428571397,2.6428571428571455,-1.8571428571428572,2.985714285714286,6.271428571428571,61.42857142857143,257.14285714285717,7.0,8.257142857142856,244.28571428571428,0.48571428571428427
2018-12-07,2.1428571428571397,2.485714285714288,-2.4857142857142853,3.028571428571429,6.142857142857143,54.285714285714285,238.57142857142858,9.857142857142858,8.12857142857143,221.42857142857142,-0.07142857142857288
2018-12-08,2.4285714285714257,2.1714285714285735,-4.214285714285714,3.5000000000000004,6.857142857142857,54.285714285714285,235.71428571428572,17.142857142857142,9.214285714285714,212.85714285714286,-0.6714285714285728
2018-12-09,2.4285714285714257,0.9142857142857164,-6.742857142857142,3.385714285714286,6.728571428571429,54.285714285714285,245.71428571428572,17.142857142857142,9.157142857142857,218.57142857142858,-2.442857142857144
2018-12-10,1.3428571428571399,0.2714285714285737,-8.4,3.400000000000001,7.1000000000000005,47.142857142857146,248.57142857142858,15.0,9.785714285714286,222.85714285714286,-3.485714285714287
2018-12-11,0.3999999999999969,-0.8428571428571406,-10.142857142857142,3.1857142857142864,7.357142857142857,50.0,248.57142857142858,13.857142857142858,9.728571428571428,245.71428571428572,-4.7285714285714295
2018-12-12,0.44285714285713984,-1.071428571428569,-11.171428571428569,2.857142857142857,6.971428571428571,52.857142857142854,231.42857142857142,14.571428571428571,9.214285714285714,224.28571428571428,-5.585714285714287
2018-12-13,0.44285714285713984,-1.2999999999999976,-12.685714285714285,3.0000000000000004,7.171428571428572,55.714285714285715,255.71428571428572,13.428571428571429,9.457142857142857,198.57142857142858,-5.800000000000002
2018-12-14,0.37142857142856833,-1.5999999999999976,-14.742857142857144,2.828571428571429,7.228571428571429,55.714285714285715,255.71428571428572,10.142857142857142,9.642857142857142,201.42857142857142,-7.071428571428574
2018-12-15,0.15714285714285411,-0.6571428571428548,-13.242857142857144,3.1857142857142864,7.471428571428571,44.285714285714285,240.0,2.857142857142857,10.085714285714285,184.28571428571428,-6.442857142857144
2018-12-16,0.15714285714285411,1.1571428571428595,-11.1,3.4428571428571435,8.057142857142857,32.857142857142854,238.57142857142858,2.857142857142857,10.971428571428572,185.71428571428572,-4.057142857142859
2018-12-17,0.15714285714285411,1.5571428571428594,-10.142857142857144,3.028571428571429,7.428571428571429,25.714285714285715,237.14285714285714,2.857142857142857,10.014285714285714,184.28571428571428,-3.314285714285716
2018-12-18,0.15714285714285411,1.9571428571428593,-9.114285714285716,3.3142857142857145,8.314285714285715,18.571428571428573,231.42857142857142,3.5714285714285716,11.1,180.0,-2.571428571428573
2018-12-19,0.11428571428571123,1.5571428571428594,-8.085714285714285,4.028571428571429,9.085714285714285,11.428571428571429,248.57142857142858,2.142857142857143,12.114285714285714,198.57142857142858,-2.0571428571428583
2018-12-20,0.07142857142856839,1.942857142857145,-7.042857142857143,3.8571428571428577,9.085714285714285,4.285714285714286,225.71428571428572,0.7142857142857143,12.057142857142859,221.42857142857142,-2.02857142857143
2018-12-21,0.47142857142856837,3.200000000000002,-5.385714285714286,3.8714285714285714,9.085714285714285,0.0,225.71428571428572,0.7142857142857143,12.0,221.42857142857142,-0.4285714285714298
2018-12-22,3.4142857142857115,4.071428571428574,-4.757142857142857,3.271428571428572,8.642857142857142,0.0,217.14285714285714,0.7142857142857143,11.228571428571428,215.71428571428572,0.34285714285714164
2018-12-23,4.799999999999997,5.100000000000002,-4.828571428571428,3.7285714285714286,9.085714285714285,0.0,234.28571428571428,1.1428571428571428,11.742857142857144,231.42857142857142,0.514285714285713
2018-12-24,4.799999999999997,4.314285714285717,-5.142857142857143,3.9571428571428577,9.714285714285714,0.0,255.71428571428572,1.1428571428571428,12.442857142857145,251.42857142857142,-0.014285714285715567
2018-12-25,5.085714285714283,3.528571428571431,-5.214285714285714,3.528571428571429,8.314285714285715,0.0,214.28571428571428,8.714285714285714,10.714285714285714,211.42857142857142,-0.9428571428571441
2018-12-26,5.085714285714283,3.3714285714285737,-6.171428571428572,2.671428571428572,7.228571428571429,7.142857142857143,172.85714285714286,8.714285714285714,9.314285714285715,170.0,-1.3571428571428583
2018-12-27,5.157142857142854,3.142857142857145,-6.814285714285715,2.728571428571429,7.471428571428571,14.285714285714286,194.28571428571428,10.571428571428571,9.571428571428571,192.85714285714286,-1.8714285714285726
2018-12-28,4.7571428571428545,1.3285714285714307,-7.371428571428572,2.571428571428572,7.7857142857142865,21.428571428571427,214.28571428571428,10.571428571428571,9.757142857142858,215.71428571428572,-2.8714285714285728
2018-12-29,3.1285714285714255,0.9285714285714308,-8.471428571428572,3.028571428571429,8.171428571428573,25.714285714285715,221.42857142857142,10.571428571428571,10.4,221.42857142857142,-3.785714285714287
2018-12-30,1.9285714285714255,0.37142857142857366,-9.185714285714285,2.9857142857142867,8.1,25.714285714285715,212.85714285714286,10.142857142857142,10.342857142857143,214.28571428571428,-4.071428571428573
2018-12-31,1.9285714285714255,0.45714285714285935,-9.5,3.028571428571429,7.728571428571429,25.714285714285715,192.85714285714286,10.142857142857142,9.971428571428572,195.71428571428572,-4.371428571428573
2019-01-01,2.6285714285714255,1.4714285714285738,-8.785714285714286,3.385714285714286,8.242857142857144,25.714285714285715,214.28571428571428,1.8571428571428572,10.87142857142857,217.14285714285714,-3.542857142857144
2019-01-02,3.1428571428571397,3.128571428571431,-7.914285714285714,4.242857142857143,9.328571428571427,18.571428571428573,255.71428571428572,1.8571428571428572,12.157142857142857,255.71428571428572,-2.02857142857143
2019-01-03,3.0714285714285685,2.8142857142857167,-7.357142857142857,4.1571428571428575,8.700000000000001,11.428571428571429,208.57142857142858,0.7142857142857143,11.842857142857143,208.57142857142858,-1.7142857142857153
2019-01-04,3.3285714285714256,3.4428571428571453,-6.471428571428572,4.128571428571429,8.128571428571428,11.428571428571429,187.14285714285714,8.0,11.271428571428572,182.85714285714286,-1.200000000000001
2019-01-05,1.9428571428571397,2.8142857142857167,-5.842857142857143,3.985714285714286,8.257142857142856,14.285714285714286,188.57142857142858,8.0,11.271428571428572,185.71428571428572,-1.1142857142857154
2019-01-06,1.757142857142854,1.942857142857145,-5.128571428571429,3.385714285714286,7.757142857142858,18.571428571428573,200.0,8.0,10.37142857142857,197.14285714285714,-1.6714285714285724
2019-01-07,2.014285714285711,2.485714285714288,-5.128571428571429,3.9571428571428577,8.842857142857143,25.714285714285715,220.0,13.142857142857142,11.771428571428572,215.71428571428572,-0.8000000000000008
2019-01-08,1.0285714285714256,1.0000000000000022,-6.957142857142857,3.857142857142857,8.957142857142857,32.857142857142854,221.42857142857142,13.142857142857142,11.771428571428572,212.85714285714286,-2.457142857142858
2019-01-09,1.457142857142854,0.4428571428571451,-6.8,3.6428571428571432,9.142857142857142,40.0,201.42857142857142,15.0,12.271428571428572,197.14285714285714,-3.2142857142857153
2019-01-10,2.799999999999997,1.3000000000000023,-5.614285714285715,3.885714285714286,9.771428571428572,54.285714285714285,244.28571428571428,29.571428571428573,12.77142857142857,242.85714285714286,-2.1142857142857148
2019-01-11,2.5857142857142823,1.2285714285714309,-6.4142857142857155,4.642857142857143,10.542857142857143,65.71428571428571,264.2857142857143,32.857142857142854,13.928571428571429,265.7142857142857,-2.0857142857142863
2019-01-12,2.5857142857142823,-0.8999999999999978,-8.471428571428572,4.728571428571429,10.342857142857143,77.14285714285714,282.85714285714283,33.57142857142857,13.542857142857141,284.2857142857143,-3.9571428571428577
2019-01-13,2.5857142857142823,-2.471428571428569,-11.014285714285714,4.742857142857143,10.085714285714287,91.42857142857143,280.0,33.57142857142857,13.285714285714286,284.2857142857143,-6.042857142857144
2019-01-14,2.328571428571425,-4.285714285714284,-12.685714285714287,4.028571428571429,8.742857142857144,102.85714285714286,278.57142857142856,28.428571428571427,11.428571428571427,284.2857142857143,-8.3
2019-01-15,2.328571428571425,-4.442857142857141,-13.642857142857142,3.657142857142858,7.857142857142857,110.0,264.2857142857143,28.428571428571427,10.142857142857142,270.0,-8.957142857142857
2019-01-16,1.3857142857142828,-5.071428571428569,-14.828571428571427,3.228571428571429,6.771428571428571,117.14285714285714,264.2857142857143,26.571428571428573,8.614285714285714,268.57142857142856,-9.885714285714286
2019-01-17,0.08571428571428266,-4.999999999999998,-16.485714285714288,3.5571428571428574,7.028571428571429,117.14285714285714,264.2857142857143,11.285714285714286,9.0,260.0,-10.142857142857142
2019-01-18,0.04285714285713981,-5.9571428571428555,-17.67142857142857,2.7571428571428576,6.0,110.0,245.71428571428572,0.7142857142857143,7.585714285714286,237.14285714285714,-11.585714285714287
2019-01-19,0.11428571428571124,-4.685714285714283,-16.642857142857142,2.7714285714285722,6.0,102.85714285714286,224.28571428571428,1.1428571428571428,7.785714285714286,218.57142857142858,-10.614285714285716
2019-01-20,0.7285714285714254,-4.44285714285714,-16.642857142857142,3.2000000000000006,6.757142857142857,95.71428571428571,227.14285714285714,7.285714285714286,8.685714285714287,220.0,-10.457142857142857
2019-01-21,2.5428571428571396,-5.157142857142856,-16.642857142857142,3.6714285714285717,7.585714285714286,142.85714285714286,228.57142857142858,63.857142857142854,9.900000000000002,221.42857142857142,-10.9
2019-01-22,3.0857142857142823,-6.428571428571426,-16.714285714285715,4.4142857142857155,8.6,194.28571428571428,261.42857142857144,68.57142857142857,11.242857142857142,257.14285714285717,-11.428571428571429
2019-01-23,3.0857142857142823,-7.371428571428568,-18.385714285714283,4.328571428571429,8.914285714285715,241.42857142857142,282.85714285714283,68.57142857142857,11.5,278.57142857142856,-12.657142857142857
2019-01-24,3.157142857142854,-7.057142857142855,-17.757142857142856,4.628571428571429,9.299999999999999,285.7142857142857,264.2857142857143,68.57142857142857,12.528571428571428,267.14285714285717,-13.299999999999999
2019-01-25,6.857142857142853,-5.085714285714284,-15.385714285714284,5.057142857142858,10.585714285714285,300.0,262.85714285714283,69.71428571428571,14.185714285714285,268.57142857142856,-10.814285714285715
2019-01-26,6.857142857142853,-4.857142857142854,-15.22857142857143,4.928571428571429,10.842857142857143,317.14285714285717,275.7142857142857,71.85714285714286,14.757142857142856,280.0,-10.328571428571431
2019-01-27,6.285714285714283,-4.857142857142855,-14.271428571428572,4.542857142857143,10.342857142857142,334.2857142857143,257.14285714285717,67.57142857142857,14.185714285714285,261.42857142857144,-9.557142857142859
2019-01-28,5.014285714285711,-2.642857142857141,-13.400000000000002,4.414285714285715,10.271428571428572,297.14285714285717,250.0,19.0,14.185714285714287,255.71428571428572,-8.014285714285714
2019-01-29,4.471428571428568,-1.3714285714285697,-12.928571428571429,4.1000000000000005,9.957142857142857,264.2857142857143,247.14285714285714,14.285714285714286,13.8,251.42857142857142,-6.871428571428572
2019-01-30,4.985714285714282,-0.4999999999999983,-11.571428571428571,4.357142857142858,10.085714285714285,235.71428571428572,224.28571428571428,20.857142857142858,14.057142857142855,228.57142857142858,-5.771428571428572
2019-01-31,5.41428571428571,-1.6714285714285697,-12.685714285714287,3.771428571428572,9.7,224.28571428571428,241.42857142857142,41.57142857142857,13.028571428571428,242.85714285714286,-5.871428571428572
2019-02-01,1.7142857142857113,-4.114285714285713,-15.214285714285717,4.042857142857144,9.314285714285715,245.71428571428572,242.85714285714286,40.857142857142854,12.528571428571428,244.28571428571428,-8.700000000000001
2019-02-02,1.64285714285714,-5.214285714285713,-16.87142857142857,3.885714285714286,8.685714285714287,264.2857142857143,245.71428571428572,37.57142857142857,11.385714285714286,245.71428571428572,-10.214285714285714
2019-02-03,1.9285714285714253,-5.214285714285713,-17.75714285714286,4.014285714285714,9.057142857142857,282.85714285714283,244.28571428571428,41.142857142857146,11.885714285714286,244.28571428571428,-10.928571428571429
2019-02-04,1.7857142857142827,-4.585714285714284,-16.8,3.6428571428571432,8.685714285714287,305.7142857142857,231.42857142857142,33.57142857142857,11.5,230.0,-10.671428571428574
2019-02-05,1.8285714285714254,-2.142857142857141,-14.185714285714287,3.5142857142857147,8.5,308.57142857142856,215.71428571428572,33.57142857142857,11.700000000000001,210.0,-8.471428571428572
2019-02-06,1.5285714285714254,-0.1714285714285698,-12.685714285714285,3.828571428571429,8.700000000000001,294.2857142857143,232.85714285714286,27.0,12.142857142857142,227.14285714285714,-6.042857142857144
2019-02-07,2.214285714285711,0.6142857142857159,-11.571428571428571,3.6857142857142864,8.2,265.7142857142857,212.85714285714286,7.0,11.442857142857141,210.0,-6.000000000000001
2019-02-08,2.471428571428568,2.742857142857144,-9.2,3.1142857142857148,7.757142857142858,232.85714285714286,208.57142857142858,6.571428571428571,10.857142857142858,207.14285714285714,-3.785714285714286
2019-02-09,2.471428571428568,4.942857142857145,-7.385714285714286,3.7571428571428576,8.842857142857143,200.0,194.28571428571428,6.571428571428571,12.514285714285714,192.85714285714286,-1.4428571428571433
2019-02-10,2.1428571428571397,5.257142857142859,-5.628571428571428,4.185714285714286,9.357142857142858,167.14285714285714,208.57142857142858,1.1428571428571428,13.285714285714286,207.14285714285714,-0.40000000000000036
2019-02-11,1.7428571428571398,4.242857142857145,-5.714285714285714,4.485714285714286,9.414285714285713,130.0,222.85714285714286,0.7142857142857143,13.228571428571428,221.42857142857142,-0.3571428571428574
2019-02-12,1.699999999999997,1.871428571428573,-7.614285714285714,4.457142857142857,9.542857142857143,108.57142857142857,245.71428571428572,0.7142857142857143,12.842857142857143,247.14285714285714,-2.1142857142857143
2019-02-13,3.3428571428571394,-0.742857142857141,-8.885714285714286,3.7428571428571433,8.585714285714285,101.42857142857143,232.85714285714286,18.428571428571427,11.442857142857145,237.14285714285714,-4.842857142857143
2019-02-14,3.385714285714283,-0.8285714285714266,-8.571428571428571,3.5571428571428574,8.828571428571427,115.71428571428571,245.71428571428572,34.42857142857143,11.885714285714286,247.14285714285714,-4.485714285714286
2019-02-15,3.1285714285714255,-1.2999999999999978,-9.357142857142858,3.6142857142857148,8.885714285714284,137.14285714285714,260.0,34.42857142857143,11.957142857142857,262.85714285714283,-4.871428571428572
2019-02-16,3.557142857142854,-1.614285714285712,-9.028571428571428,3.014285714285715,8.057142857142857,155.71428571428572,277.14285714285717,34.42857142857143,10.799999999999999,281.42857142857144,-5.428571428571429
2019-02-17,3.557142857142854,-0.9142857142857123,-8.957142857142857,2.8571428571428577,7.671428571428572,170.0,281.42857142857144,34.42857142857143,10.028571428571428,285.7142857142857,-4.671428571428572
2019-02-18,3.557142857142854,-1.5571428571428552,-9.514285714285714,2.657142857142858,7.228571428571428,181.42857142857142,291.42857142857144,34.42857142857143,9.385714285714286,294.2857142857143,-5.042857142857144
2019-02-19,3.957142857142854,-1.8714285714285697,-10.142857142857142,2.7571428571428576,7.357142857142857,192.85714285714286,287.14285714285717,46.714285714285715,9.514285714285716,292.85714285714283,-5.514285714285714
2019-02-20,2.099999999999997,-1.8714285714285697,-10.299999999999999,2.900000000000001,7.542857142857144,217.14285714285714,308.57142857142856,29.0,9.828571428571427,310.0,-5.485714285714287
2019-02-21,0.8999999999999969,-2.485714285714284,-12.042857142857144,3.0142857142857147,7.228571428571429,220.0,300.0,13.428571428571429,9.314285714285715,301.42857142857144,-6.628571428571428
2019-02-22,1.4142857142857113,-1.8571428571428557,-11.657142857142857,3.414285714285715,7.8,220.0,302.85714285714283,16.285714285714285,10.271428571428572,301.42857142857144,-6.328571428571428
2019-02-23,0.9857142857142828,-2.485714285714284,-12.142857142857142,3.285714285714286,7.6000000000000005,220.0,310.0,16.285714285714285,9.771428571428572,302.85714285714283,-6.314285714285715
2019-02-24,0.9857142857142828,-2.17142857142857,-12.457142857142859,2.7285714285714286,6.714285714285714,224.28571428571428,285.7142857142857,16.285714285714285,8.814285714285715,290.0,-6.8
2019-02-25,2.2857142857142825,-0.42857142857142694,-10.871428571428572,3.071428571428572,7.985714285714287,227.14285714285714,255.71428571428572,17.0,10.799999999999999,260.0,-5.4
2019-02-26,1.8857142857142826,1.2285714285714302,-9.528571428571428,3.757142857142857,8.685714285714287,230.0,250.0,5.428571428571429,12.4,252.85714285714286,-3.828571428571429
2019-02-27,1.8857142857142826,1.0714285714285732,-9.285714285714286,4.414285714285715,9.771428571428572,222.85714285714286,245.71428571428572,5.428571428571429,13.799999999999999,248.57142857142858,-3.528571428571429
2019-02-28,1.9285714285714255,-0.2857142857142839,-9.200000000000001,4.3,9.771428571428572,215.71428571428572,268.57142857142856,6.428571428571429,13.742857142857142,272.85714285714283,-3.9857142857142867
2019-03-01,1.4857142857142827,-1.785714285714284,-10.62857142857143,3.7857142857142856,8.885714285714286,208.57142857142858,230.0,5.428571428571429,12.214285714285714,235.71428571428572,-5.571428571428571
2019-03-02,1.4857142857142827,-1.942857142857141,-11.814285714285715,3.6000000000000005,8.757142857142856,201.42857142857142,211.42857142857142,5.428571428571429,12.085714285714285,217.14285714285714,-6.857142857142857
2019-03-03,1.4857142857142827,-2.17142857142857,-11.5,3.828571428571429,8.814285714285715,194.28571428571428,234.28571428571428,5.428571428571429,12.085714285714285,228.57142857142858,-6.8999999999999995
2019-03-04,0.3285714285714255,-2.7285714285714273,-12.214285714285714,3.4142857142857146,7.8,191.42857142857142,238.57142857142858,7.285714285714286,10.428571428571429,232.85714285714286,-7.342857142857143
2019-03-05,0.5428571428571398,-3.2714285714285696,-12.214285714285714,2.785714285714286,7.1000000000000005,191.42857142857142,240.0,10.142857142857142,9.085714285714285,232.85714285714286,-7.6571428571428575
2019-03-06,0.5428571428571398,-2.8714285714285697,-11.814285714285713,2.2571428571428576,6.142857142857143,191.42857142857142,221.42857142857142,10.571428571428571,7.942857142857143,230.0,-7.357142857142857
2019-03-07,0.4714285714285684,-2.228571428571427,-10.942857142857145,2.5571428571428574,6.3428571428571425,191.42857142857142,218.57142857142858,8.857142857142858,8.128571428571428,227.14285714285714,-6.628571428571429
2019-03-08,0.3999999999999969,-2.4571428571428555,-10.614285714285714,2.585714285714286,6.3999999999999995,191.42857142857142,257.14285714285717,7.0,8.314285714285715,264.2857142857143,-6.485714285714287
2019-03-09,0.3999999999999969,-2.5428571428571414,-11.014285714285714,2.8714285714285714,6.728571428571429,194.28571428571428,252.85714285714286,7.0,8.757142857142856,265.7142857142857,-6.514285714285714
2019-03-10,0.3999999999999969,-2.628571428571427,-11.328571428571427,2.8714285714285723,6.985714285714286,194.28571428571428,258.57142857142856,7.0,9.014285714285714,271.42857142857144,-6.385714285714286
2019-03-11,0.6142857142857112,-2.4714285714285693,-11.642857142857142,3.328571428571429,7.614285714285714,190.0,252.85714285714286,7.285714285714286,9.842857142857143,267.14285714285717,-6.357142857142857
2019-03-12,0.657142857142854,-1.699999999999998,-10.771428571428572,3.571428571428572,7.8,180.0,250.0,6.571428571428571,10.285714285714286,267.14285714285717,-5.557142857142858
2019-03-13,0.657142857142854,-0.9142857142857123,-9.9,3.7571428571428576,8.114285714285714,170.0,270.0,6.142857142857143,10.6,271.42857142857144,-4.557142857142858
2019-03-14,1.7714285714285682,0.7285714285714305,-9.271428571428572,3.6428571428571432,8.3,162.85714285714286,250.0,18.0,10.928571428571429,254.28571428571428,-3.542857142857143
2019-03-15,1.7714285714285685,3.4857142857142875,-7.385714285714286,3.8142857142857145,8.942857142857143,148.57142857142858,235.71428571428572,18.0,11.885714285714288,240.0,-1.4428571428571435
2019-03-16,2.199999999999997,5.5428571428571445,-3.985714285714286,4.128571428571429,9.314285714285715,124.28571428571429,235.71428571428572,18.0,12.457142857142857,238.57142857142858,1.399999999999999
2019-03-17,2.2714285714285682,6.500000000000002,-2.957142857142857,4.557142857142858,10.142857142857142,105.71428571428571,225.71428571428572,21.571428571428573,13.928571428571429,225.71428571428572,2.442857142857142
2019-03-18,1.9142857142857113,6.028571428571431,-2.4857142857142853,4.514285714285714,9.771428571428572,88.57142857142857,245.71428571428572,18.714285714285715,13.671428571428573,247.14285714285714,2.2571428571428562
2019-03-19,1.6571428571428541,5.714285714285715,-3.357142857142857,4.028571428571429,9.257142857142856,74.28571428571429,254.28571428571428,15.857142857142858,12.842857142857143,254.28571428571428,1.4714285714285704
2019-03-20,1.6571428571428541,6.028571428571431,-3.6000000000000005,3.6142857142857148,8.885714285714284,55.714285714285715,255.71428571428572,15.857142857142858,12.271428571428572,254.28571428571428,1.3142857142857134
2019-03-21,0.49999999999999695,6.985714285714287,-3.442857142857143,3.642857142857143,8.37142857142857,34.285714285714285,254.28571428571428,3.5714285714285716,11.942857142857145,250.0,1.7571428571428562
2019-03-22,0.6857142857142826,6.585714285714288,-3.042857142857143,3.9714285714285715,8.371428571428572,20.0,255.71428571428572,3.5714285714285716,11.885714285714286,250.0,2.028571428571428
2019-03-23,4.14285714285714,4.928571428571431,-3.914285714285714,3.857142857142858,8.442857142857141,30.0,274.2857142857143,17.0,11.885714285714286,268.57142857142856,0.771428571428571
2019-03-24,4.499999999999997,4.057142857142859,-4.385714285714285,3.828571428571429,8.700000000000001,44.285714285714285,280.0,24.285714285714285,11.628571428571428,277.14285714285717,0.07142857142857088
2019-03-25,4.614285714285711,5.471428571428573,-4.928571428571429,3.6714285714285717,8.5,61.42857142857143,290.0,25.428571428571427,11.3,262.85714285714283,0.4428571428571423
2019-03-26,4.614285714285711,5.471428571428573,-4.771428571428571,3.842857142857143,8.828571428571427,71.42857142857143,290.0,25.428571428571427,11.428571428571429,262.85714285714283,0.6428571428571425
2019-03-27,4.614285714285711,5.314285714285716,-4.528571428571428,4.071428571428572,9.014285714285714,82.85714285714286,291.42857142857144,25.428571428571427,11.742857142857146,218.57142857142858,0.5857142857142853
2019-03-28,4.614285714285711,4.914285714285716,-4.757142857142857,4.114285714285715,9.214285714285714,90.0,291.42857142857144,25.428571428571427,11.685714285714285,220.0,0.3571428571428567
2019-03-29,4.428571428571425,4.914285714285716,-4.914285714285714,4.457142857142857,9.728571428571428,90.0,290.0,25.428571428571427,12.442857142857145,221.42857142857142,0.18571428571428525
2019-03-30,0.5428571428571398,5.942857142857144,-4.985714285714286,4.285714285714286,9.214285714285714,75.71428571428571,247.14285714285714,12.0,11.87142857142857,201.42857142857142,1.071428571428571
2019-03-31,0.11428571428571124,8.085714285714287,-4.271428571428571,4.028571428571429,8.457142857142857,54.285714285714285,227.14285714285714,1.1428571428571428,11.35714285714286,181.42857142857142,1.8285714285714278
2019-04-01,1.0857142857142825,9.12857142857143,-2.9428571428571426,4.342857142857143,8.842857142857143,32.857142857142854,224.28571428571428,1.1428571428571428,11.614285714285714,180.0,3.499999999999999
2019-04-02,1.0857142857142825,9.371428571428572,-2.457142857142857,4.714285714285714,9.214285714285714,18.571428571428573,224.28571428571428,1.5714285714285714,12.185714285714287,180.0,3.6285714285714277
2019-04-03,1.0857142857142825,10.642857142857144,-1.9,5.0,9.657142857142857,7.142857142857143,200.0,1.5714285714285714,12.828571428571427,207.14285714285714,4.371428571428571
2019-04-04,1.0857142857142825,11.514285714285716,-0.48571428571428577,5.385714285714286,10.671428571428573,0.0,211.42857142857142,1.5714285714285714,14.814285714285715,220.0,5.542857142857143
2019-04-05,1.0857142857142825,10.800000000000002,-1.0285714285714287,5.128571428571429,10.471428571428572,0.0,231.42857142857142,1.5714285714285714,14.557142857142859,238.57142857142858,5.142857142857143
2019-04-06,1.4428571428571397,10.328571428571431,-1.9000000000000001,5.214285714285714,10.728571428571428,0.0,251.42857142857142,4.428571428571429,14.87142857142857,241.42857142857142,4.042857142857142
2019-04-07,1.4428571428571397,9.52857142857143,-1.6714285714285713,5.171428571428572,10.72857142857143,0.0,252.85714285714286,4.428571428571429,14.942857142857141,242.85714285714286,4.014285714285714
2019-04-08,0.6142857142857112,8.885714285714288,-1.8142857142857143,4.528571428571429,10.028571428571428,0.0,254.28571428571428,3.2857142857142856,14.057142857142859,267.14285714285717,3.1857142857142855
2019-04-09,1.3428571428571396,9.671428571428574,-1.2,4.257142857142858,9.842857142857143,0.0,228.57142857142858,2.857142857142857,13.928571428571429,240.0,4.085714285714285
2019-04-10,2.099999999999997,8.714285714285715,-1.0428571428571427,3.9857142857142867,9.4,0.0,252.85714285714286,3.2857142857142856,13.285714285714286,261.42857142857144,3.8999999999999995
2019-04-11,2.1428571428571397,7.371428571428573,-1.4285714285714286,3.7285714285714286,8.628571428571428,0.0,262.85714285714283,4.0,11.485714285714286,267.14285714285717,2.9857142857142853
2019-04-12,2.1428571428571397,8.014285714285716,-1.4285714285714286,3.1000000000000005,7.742857142857142,0.0,264.2857142857143,4.0,10.157142857142857,224.28571428571428,3.114285714285714
2019-04-13,2.114285714285711,9.442857142857145,-0.32857142857142857,3.3000000000000003,8.314285714285715,0.0,267.14285714285717,1.1428571428571428,11.057142857142859,218.57142857142858,4.1
2019-04-14,2.1857142857142824,11.02857142857143,0.9285714285714286,3.5142857142857147,8.628571428571428,0.0,275.7142857142857,1.1428571428571428,11.371428571428572,227.14285714285714,5.799999999999999
2019-04-15,2.7999999999999967,11.028571428571428,1.3857142857142857,3.6857142857142864,8.814285714285713,0.0,244.28571428571428,1.1428571428571428,11.757142857142856,225.71428571428572,6.3428571428571425
2019-04-16,3.1571428571428544,11.585714285714289,1.6285714285714286,3.842857142857144,8.942857142857143,0.0,267.14285714285717,1.1428571428571428,12.142857142857142,245.71428571428572,6.485714285714286
2019-04-17,2.3999999999999964,12.371428571428572,2.1714285714285713,4.114285714285715,9.385714285714286,0.0,261.42857142857144,0.7142857142857143,12.985714285714286,235.71428571428572,7.014285714285714
2019-04-18,2.357142857142854,13.957142857142857,2.242857142857143,3.7285714285714286,8.885714285714286,0.0,261.42857142857144,0.0,12.728571428571428,237.14285714285714,8.057142857142857
2019-04-19,2.357142857142854,14.828571428571431,2.6999999999999997,4.557142857142857,10.285714285714286,0.0,241.42857142857142,0.0,14.571428571428571,262.85714285714283,8.885714285714284
2019-04-20,3.2285714285714255,15.700000000000001,3.3428571428571425,4.728571428571429,10.157142857142857,0.0,241.42857142857142,0.0,14.242857142857142,265.7142857142857,10.028571428571427
2019-04-21,5.84285714285714,14.271428571428572,2.8000000000000003,4.442857142857143,9.457142857142857,0.0,232.85714285714286,0.0,13.157142857142857,257.14285714285717,8.6
2019-04-22,4.971428571428568,15.942857142857147,3.914285714285714,4.700000000000001,9.900000000000002,0.0,240.0,0.0,13.657142857142857,240.0,9.37142857142857
2019-04-23,3.8857142857142826,16.814285714285713,4.942857142857143,4.7,10.028571428571428,0.0,241.42857142857142,0.0,13.342857142857143,250.0,10.37142857142857
2019-04-24,4.64285714285714,18.414285714285715,5.6571428571428575,4.414285714285715,9.771428571428572,0.0,222.85714285714286,0.0,12.957142857142856,234.28571428571428,11.5
2019-04-25,4.857142857142854,18.500000000000004,6.685714285714285,4.6571428571428575,10.342857142857143,0.0,202.85714285714286,0.0,13.671428571428573,212.85714285714286,11.971428571428572
2019-04-26,4.857142857142854,18.500000000000004,7.3999999999999995,3.785714285714286,8.614285714285714,0.0,212.85714285714286,0.0,11.442857142857145,220.0,11.985714285714284
2019-04-27,4.857142857142854,16.985714285714288,7.471428571428572,3.5571428571428574,8.614285714285714,0.0,207.14285714285714,0.0,11.442857142857145,215.71428571428572,11.185714285714285
2019-04-28,4.41428571428571,16.58571428571429,7.142857142857143,3.7428571428571433,9.242857142857144,0.0,220.0,0.0,12.471428571428572,231.42857142857142,11.342857142857143
2019-04-29,4.41428571428571,14.685714285714287,6.185714285714285,3.6857142857142864,9.0,0.0,241.42857142857142,0.0,12.085714285714285,245.71428571428572,10.071428571428571
2019-04-30,4.41428571428571,13.342857142857145,4.914285714285714,3.4714285714285715,8.742857142857144,0.0,241.42857142857142,0.0,12.014285714285714,241.42857142857142,8.957142857142857
2019-05-01,3.6571428571428535,12.142857142857144,4.514285714285714,3.4571428571428577,8.742857142857144,0.0,264.2857142857143,0.0,11.757142857142856,262.85714285714283,8.228571428571428
2019-05-02,4.028571428571425,11.100000000000003,4.185714285714285,3.3000000000000007,8.171428571428573,0.0,257.14285714285717,0.0,10.8,257.14285714285717,7.485714285714286
2019-05-03,4.285714285714282,10.071428571428573,4.0285714285714285,3.414285714285715,8.428571428571429,0.0,267.14285714285717,0.0,10.985714285714284,267.14285714285717,7.099999999999999
2019-05-04,4.14285714285714,10.22857142857143,4.185714285714286,3.0000000000000004,7.6000000000000005,0.0,274.2857142857143,0.0,9.842857142857142,272.85714285714283,7.042857142857143
2019-05-05,1.9428571428571393,11.02857142857143,4.8999999999999995,2.771428571428572,6.842857142857143,0.0,282.85714285714283,0.0,8.685714285714285,275.7142857142857,7.557142857142856
2019-05-06,1.9428571428571393,12.371428571428575,5.142857142857143,2.5571428571428574,6.585714285714286,0.0,275.7142857142857,0.0,8.314285714285715,255.71428571428572,8.571428571428571
2019-05-07,1.9428571428571393,14.42857142857143,6.171428571428572,2.328571428571429,6.014285714285714,0.0,254.28571428571428,0.0,7.557142857142857,250.0,9.985714285714284
2019-05-08,3.028571428571425,15.142857142857144,6.8,2.328571428571429,5.828571428571429,0.0,234.28571428571428,0.0,7.485714285714287,232.85714285714286,11.028571428571428
2019-05-09,2.442857142857139,15.785714285714288,6.642857142857143,2.6285714285714294,6.214285714285714,0.0,215.71428571428572,0.0,7.928571428571429,258.57142857142856,11.442857142857141
2019-05-10,2.185714285714282,17.12857142857143,6.171428571428572,2.6428571428571432,6.728571428571429,0.0,195.71428571428572,0.0,8.7,241.42857142857142,11.928571428571429
2019-05-11,5.699999999999997,17.771428571428572,6.414285714285714,3.1714285714285717,7.628571428571429,0.0,211.42857142857142,0.0,9.842857142857143,257.14285714285717,12.442857142857141
2019-05-12,5.699999999999997,17.528571428571432,6.1000000000000005,3.442857142857143,8.385714285714286,0.0,210.0,0.0,10.87142857142857,257.14285714285717,12.557142857142859
2019-05-13,5.699999999999997,16.65714285714286,6.185714285714285,3.342857142857143,8.385714285714286,0.0,217.14285714285714,0.0,10.928571428571429,277.14285714285717,12.099999999999998
2019-05-14,6.457142857142855,15.471428571428573,5.8,3.5000000000000004,9.014285714285714,0.0,212.85714285714286,0.0,11.557142857142859,257.14285714285717,11.442857142857141
2019-05-15,6.028571428571425,14.600000000000003,5.0857142857142845,3.3285714285714287,8.5,0.0,185.71428571428572,0.0,10.857142857142858,274.2857142857143,10.285714285714286
2019-05-16,6.028571428571425,15.000000000000002,5.571428571428571,3.2,8.500000000000002,0.0,230.0,0.0,10.857142857142858,275.7142857142857,10.442857142857141
2019-05-17,6.028571428571425,15.085714285714289,6.442857142857142,3.0428571428571436,7.985714285714286,0.0,248.57142857142858,0.0,10.157142857142858,291.42857142857144,10.814285714285715
2019-05-18,2.0714285714285685,16.114285714285717,6.514285714285714,2.885714285714286,7.728571428571428,0.0,252.85714285714286,0.0,9.842857142857143,297.14285714285717,10.999999999999998
2019-05-19,2.0285714285714254,16.82857142857143,7.071428571428571,2.7285714285714286,7.228571428571429,0.0,252.85714285714286,0.0,9.200000000000001,294.2857142857143,11.242857142857142
2019-05-20,4.499999999999997,18.414285714285715,7.942857142857143,2.9142857142857146,7.728571428571429,0.0,250.0,0.0,9.971428571428572,290.0,12.214285714285714
2019-05-21,4.285714285714283,19.771428571428576,8.885714285714286,3.2,7.728571428571428,0.0,265.7142857142857,0.0,10.428571428571429,307.14285714285717,13.385714285714284
2019-05-22,3.6714285714285686,20.571428571428573,9.442857142857141,3.842857142857143,9.142857142857142,0.0,311.42857142857144,0.0,12.157142857142858,307.14285714285717,14.228571428571428
2019-05-23,3.6714285714285686,20.95714285714286,9.514285714285714,3.842857142857143,9.257142857142856,0.0,311.42857142857144,0.0,12.157142857142857,307.14285714285717,14.700000000000001
2019-05-24,3.9571428571428546,21.671428571428574,10.071428571428571,4.328571428571429,9.771428571428572,0.0,292.85714285714283,0.0,12.985714285714284,290.0,15.37142857142857
2019-05-25,3.5571428571428543,20.557142857142857,10.0,4.271428571428572,9.77142857142857,0.0,291.42857142857144,0.0,12.928571428571429,288.57142857142856,15.514285714285714
2019-05-26,6.899999999999998,20.95714285714286,9.528571428571428,4.428571428571429,10.271428571428572,0.0,270.0,0.0,13.62857142857143,272.85714285714283,15.542857142857141
2019-05-27,4.714285714285711,21.114285714285717,9.914285714285715,4.6571428571428575,10.157142857142857,0.0,272.85714285714283,0.0,13.757142857142858,257.14285714285717,15.957142857142857
2019-05-28,4.171428571428568,20.157142857142862,9.357142857142858,4.371428571428572,9.785714285714286,0.0,288.57142857142856,0.0,12.985714285714286,267.14285714285717,15.428571428571427
2019-05-29,5.899999999999997,19.35714285714286,9.285714285714286,3.728571428571429,8.442857142857143,0.0,258.57142857142856,0.0,11.328571428571427,238.57142857142858,15.028571428571428
2019-05-30,5.899999999999997,19.200000000000006,9.442857142857141,3.500000000000001,7.814285714285715,0.0,250.0,0.0,10.757142857142858,227.14285714285714,14.714285714285714
2019-05-31,5.614285714285711,19.357142857142858,9.042857142857143,3.4285714285714293,7.742857142857143,0.0,247.14285714285714,0.0,10.62857142857143,222.85714285714286,14.585714285714285
2019-06-01,5.471428571428568,19.6,9.200000000000001,3.2571428571428576,7.414285714285714,0.0,252.85714285714286,0.0,10.299999999999999,222.85714285714286,14.728571428571428
2019-06-02,2.199999999999997,19.6,9.428571428571429,2.914285714285715,6.785714285714286,0.0,271.42857142857144,0.0,9.214285714285714,241.42857142857142,14.785714285714286
2019-06-03,3.9857142857142827,18.88571428571429,9.271428571428572,2.857142857142858,7.028571428571429,0.0,252.85714285714286,0.0,9.214285714285714,241.42857142857142,14.557142857142855
2019-06-04,3.9857142857142827,18.72857142857143,9.200000000000001,2.9285714285714293,7.3999999999999995,0.0,241.42857142857142,0.0,9.857142857142858,228.57142857142858,14.114285714285714
2019-06-05,2.3999999999999972,19.914285714285715,8.957142857142857,3.1428571428571432,8.285714285714286,0.0,261.42857142857144,0.0,11.128571428571428,250.0,14.385714285714284
2019-06-06,5.299999999999997,20.47142857142857,9.285714285714286,3.128571428571429,8.214285714285714,0.0,250.0,0.0,11.057142857142859,242.85714285714286,14.728571428571428
2019-06-07,5.657142857142854,20.47142857142857,9.685714285714285,2.9428571428571435,7.971428571428572,0.0,272.85714285714283,0.0,10.6,267.14285714285717,15.014285714285714
2019-06-08,5.585714285714283,21.742857142857144,9.528571428571428,2.7571428571428576,7.785714285714286,0.0,268.57142857142856,0.0,10.342857142857143,267.14285714285717,15.357142857142858
2019-06-09,5.514285714285712,22.21428571428572,9.77142857142857,2.8714285714285714,7.971428571428571,0.0,270.0,0.0,10.785714285714286,268.57142857142856,15.957142857142857
2019-06-10,3.44285714285714,23.400000000000002,9.214285714285714,2.7,7.528571428571429,0.0,272.85714285714283,0.0,10.200000000000001,272.85714285714283,16.22857142857143
2019-06-11,3.5857142857142827,25.057142857142857,10.642857142857142,2.785714285714286,7.1571428571428575,0.0,260.0,0.0,9.557142857142859,265.7142857142857,17.67142857142857
2019-06-12,5.7571428571428545,25.38571428571429,11.357142857142858,2.885714285714286,7.1571428571428575,0.0,267.14285714285717,0.0,9.37142857142857,270.0,18.685714285714287
2019-06-13,2.857142857142854,25.942857142857147,11.028571428571428,2.985714285714286,7.542857142857143,0.0,267.14285714285717,0.0,9.885714285714286,265.7142857142857,19.157142857142855
2019-06-14,2.499999999999997,25.3,11.1,3.157142857142858,8.17142857142857,0.0,240.0,0.0,10.785714285714286,237.14285714285714,19.11428571428571
2019-06-15,2.8285714285714256,24.34285714285715,11.571428571428571,3.5000000000000004,8.485714285714286,0.0,221.42857142857142,0.0,11.299999999999999,217.14285714285714,18.714285714285715
2019-06-16,3.1571428571428544,24.671428571428574,11.971428571428572,3.885714285714286,9.057142857142857,0.0,202.85714285714286,0.0,12.328571428571427,195.71428571428572,18.642857142857142
2019-06-17,3.1571428571428544,23.800000000000004,12.457142857142857,3.7428571428571433,8.742857142857142,0.0,222.85714285714286,0.0,11.957142857142857,215.71428571428572,18.54285714285714
2019-06-18,3.0142857142857116,23.085714285714285,11.342857142857142,3.3714285714285714,8.614285714285714,0.0,241.42857142857142,0.0,11.885714285714286,234.28571428571428,17.714285714285715
2019-06-19,0.657142857142854,23.800000000000004,11.742857142857144,3.0000000000000004,7.857142857142857,0.0,228.57142857142858,0.0,10.85714285714286,224.28571428571428,17.771428571428572
2019-06-20,0.657142857142854,24.2,12.857142857142858,3.0857142857142863,7.857142857142857,0.0,231.42857142857142,0.0,10.785714285714286,227.14285714285714,18.485714285714288
2019-06-21,5.74285714285714,24.528571428571432,13.5,2.971428571428572,7.357142857142857,0.0,260.0,0.0,10.142857142857142,245.71428571428572,18.942857142857143
2019-06-22,5.414285714285712,25.0,14.057142857142859,3.128571428571429,7.485714285714287,0.0,277.14285714285717,0.0,10.214285714285714,264.2857142857143,19.37142857142857
2019-06-23,5.085714285714283,24.914285714285718,14.057142857142859,2.914285714285715,7.485714285714286,0.0,297.14285714285717,0.0,9.771428571428572,290.0,19.657142857142855
2019-06-24,5.085714285714283,25.714285714285715,13.900000000000002,3.1428571428571432,8.185714285714285,0.0,291.42857142857144,0.0,10.6,284.2857142857143,20.042857142857144
2019-06-25,5.085714285714283,26.114285714285717,14.3,3.1285714285714294,7.928571428571429,0.0,297.14285714285717,0.0,10.285714285714286,290.0,20.571428571428573
2019-06-26,6.357142857142854,26.114285714285717,14.542857142857143,3.2,8.057142857142857,0.0,291.42857142857144,0.0,10.671428571428569,278.57142857142856,20.614285714285717
2019-06-27,6.971428571428569,26.428571428571427,14.7,3.085714285714286,8.185714285714285,0.0,305.7142857142857,0.0,11.442857142857145,294.2857142857143,20.685714285714287
2019-06-28,1.8857142857142826,27.771428571428576,14.700000000000001,2.8571428571428577,7.857142857142857,0.0,305.7142857142857,0.0,11.0,300.0,21.014285714285716
2019-06-29,2.799999999999997,28.88571428571429,14.785714285714286,2.414285714285715,7.485714285714285,0.0,311.42857142857144,0.0,10.542857142857143,304.2857142857143,21.785714285714285
2019-06-30,4.2571428571428545,29.128571428571433,15.5,2.2000000000000006,6.985714285714286,0.0,315.7142857142857,0.0,10.085714285714287,257.14285714285717,22.314285714285717
2019-07-01,4.299999999999997,28.32857142857143,16.128571428571426,2.1714285714285717,7.242857142857143,0.0,320.0,0.0,10.4,264.2857142857143,22.057142857142853
2019-07-02,4.299999999999997,28.571428571428577,16.357142857142858,2.1571428571428575,7.557142857142857,0.0,314.2857142857143,0.0,10.714285714285714,258.57142857142856,22.057142857142857
2019-07-03,3.028571428571426,29.042857142857144,16.82857142857143,2.214285714285715,7.557142857142856,0.0,335.7142857142857,0.0,11.157142857142857,268.57142857142856,22.657142857142862
2019-07-04,2.4142857142857115,29.285714285714285,16.914285714285715,2.1142857142857148,7.371428571428572,0.0,341.42857142857144,0.0,10.385714285714286,274.2857142857143,22.985714285714288
2019-07-05,2.4142857142857115,29.528571428571432,16.985714285714288,2.042857142857143,7.185714285714285,0.0,325.7142857142857,0.0,10.200000000000001,260.0,23.242857142857144
2019-07-06,1.499999999999997,29.457142857142856,17.371428571428574,2.285714285714286,7.3,0.0,300.0,0.0,10.457142857142857,237.14285714285714,23.557142857142857
2019-07-07,0.557142857142854,29.928571428571434,17.771428571428572,2.471428571428572,7.871428571428571,0.0,294.2857142857143,0.0,11.042857142857143,277.14285714285717,24.014285714285712
2019-07-08,0.5142857142857112,30.171428571428574,17.45714285714286,2.5000000000000004,7.428571428571428,0.0,292.85714285714283,0.0,10.471428571428572,270.0,24.25714285714286
2019-07-09,0.5142857142857112,30.17142857142857,17.071428571428573,2.542857142857143,7.114285714285714,0.0,294.2857142857143,0.0,10.028571428571428,275.7142857142857,24.099999999999998
2019-07-10,0.5142857142857112,30.32857142857143,16.27142857142857,2.485714285714286,7.114285714285715,0.0,292.85714285714283,0.0,9.514285714285714,288.57142857142856,23.828571428571426
2019-07-11,0.5142857142857112,30.400000000000002,16.114285714285714,2.514285714285715,6.985714285714286,0.0,274.2857142857143,0.0,9.200000000000001,270.0,23.74285714285714
2019-07-12,2.8714285714285688,30.0,16.428571428571427,2.8714285714285714,7.814285714285715,0.0,290.0,0.0,10.085714285714285,290.0,23.785714285714285
2019-07-13,3.885714285714283,29.442857142857147,16.357142857142858,2.5714285714285716,7.628571428571428,0.0,307.14285714285717,0.0,9.700000000000001,305.7142857142857,23.285714285714285
2019-07-14,3.5142857142857116,29.28571428571429,15.8,2.4285714285714293,7.185714285714286,0.0,304.2857142857143,0.0,9.37142857142857,307.14285714285717,22.75714285714286
2019-07-15,3.5142857142857116,29.528571428571432,16.428571428571427,2.4571428571428577,7.3,0.0,304.2857142857143,0.0,9.5,308.57142857142856,23.0
2019-07-16,3.5142857142857116,29.285714285714285,16.9,2.471428571428572,7.428571428571429,0.0,304.2857142857143,0.0,9.757142857142856,308.57142857142856,23.242857142857144
2019-07-17,3.5142857142857116,28.88571428571429,17.228571428571428,2.714285714285715,7.871428571428572,0.0,285.7142857142857,0.0,10.214285714285714,288.57142857142856,23.157142857142855
2019-07-18,4.742857142857139,28.17142857142857,17.857142857142858,2.9571428571428577,8.057142857142857,0.0,282.85714285714283,0.0,10.471428571428572,285.7142857142857,23.314285714285717
2019-07-19,2.3857142857142826,28.085714285714285,17.47142857142857,2.685714285714286,7.414285714285714,0.0,258.57142857142856,0.0,9.842857142857142,261.42857142857144,23.02857142857143
2019-07-20,1.3714285714285683,28.714285714285715,17.942857142857143,2.971428571428572,7.4142857142857155,0.0,242.85714285714286,0.0,10.042857142857143,247.14285714285714,23.528571428571432
2019-07-21,1.2285714285714255,29.342857142857145,18.728571428571428,2.985714285714286,7.3428571428571425,0.0,227.14285714285714,0.0,9.914285714285713,230.0,24.328571428571426
2019-07-22,1.4857142857142827,30.057142857142857,19.285714285714285,2.8714285714285714,7.1571428571428575,0.0,227.14285714285714,0.0,9.714285714285714,202.85714285714286,25.02857142857143
2019-07-23,1.5285714285714254,29.428571428571427,19.75714285714286,2.8000000000000007,6.9,0.0,204.28571428571428,0.0,9.328571428571427,201.42857142857142,24.91428571428571
2019-07-24,1.5285714285714254,29.357142857142858,19.985714285714288,2.485714285714286,6.828571428571428,0.0,221.42857142857142,0.0,9.328571428571427,221.42857142857142,24.82857142857143
2019-07-25,0.299999999999997,29.285714285714285,19.114285714285717,2.271428571428572,6.828571428571429,0.0,241.42857142857142,0.0,9.27142857142857,244.28571428571428,24.328571428571426
2019-07-26,0.299999999999997,29.214285714285715,18.785714285714285,2.3000000000000003,6.771428571428571,0.0,250.0,0.0,9.142857142857142,251.42857142857142,24.042857142857144
2019-07-27,0.299999999999997,29.142857142857142,17.842857142857145,2.014285714285715,6.514285714285713,0.0,250.0,0.0,8.5,250.0,23.642857142857142
2019-07-28,0.299999999999997,28.82857142857143,17.12857142857143,2.042857142857143,6.457142857142857,0.0,257.14285714285717,0.0,8.442857142857141,252.85714285714286,23.085714285714285
2019-07-29,1.199999999999997,28.82857142857143,17.057142857142857,2.228571428571429,6.771428571428572,0.0,237.14285714285714,0.0,8.77142857142857,261.42857142857144,22.7
2019-07-30,1.1571428571428541,30.25714285714286,17.3,2.3571428571428577,7.1571428571428575,0.0,237.14285714285714,0.0,9.228571428571428,240.0,23.371428571428574
2019-07-31,1.1571428571428541,31.128571428571433,17.942857142857143,2.828571428571429,7.671428571428572,0.0,230.0,0.0,9.799999999999999,234.28571428571428,24.3
2019-08-01,1.3714285714285683,31.442857142857147,18.571428571428573,2.971428571428572,7.614285714285714,0.0,211.42857142857142,0.0,9.985714285714286,200.0,24.614285714285717
2019-08-02,1.3714285714285683,31.28571428571429,18.657142857142855,2.9142857142857146,7.671428571428572,0.0,228.57142857142858,0.0,10.171428571428573,215.71428571428572,24.757142857142856
2019-08-03,1.3714285714285683,30.95714285714286,18.257142857142856,2.8714285714285714,7.485714285714287,0.0,228.57142857142858,0.0,10.114285714285714,212.85714285714286,24.4
2019-08-04,1.3714285714285683,30.8,17.785714285714285,2.757142857142857,7.614285714285714,0.0,242.85714285714286,0.0,10.042857142857144,230.0,24.114285714285717
2019-08-05,0.21428571428571125,29.928571428571427,16.67142857142857,2.6000000000000005,7.114285714285715,0.0,265.7142857142857,0.0,9.528571428571428,254.28571428571428,23.642857142857142
2019-08-06,0.21428571428571125,29.214285714285715,15.4,2.557142857142858,6.985714285714286,0.0,268.57142857142856,0.0,9.457142857142857,248.57142857142858,22.728571428571428
2019-08-07,0.3285714285714255,28.900000000000002,14.528571428571428,2.5000000000000004,6.671428571428572,0.0,271.42857142857144,0.0,9.200000000000001,251.42857142857142,22.12857142857143
2019-08-08,3.7428571428571398,28.97142857142857,14.771428571428572,2.5571428571428574,6.671428571428572,0.0,270.0,0.0,9.014285714285714,262.85714285714283,22.185714285714283
2019-08-09,4.728571428571426,29.2,15.571428571428571,2.785714285714286,6.742857142857142,0.0,261.42857142857144,0.0,9.271428571428572,257.14285714285717,22.37142857142857
2019-08-10,4.871428571428568,29.128571428571433,16.12857142857143,3.057142857142858,7.7,0.0,277.14285714285717,0.0,10.614285714285714,272.85714285714283,22.657142857142862
2019-08-11,5.085714285714283,27.942857142857143,16.04285714285714,3.285714285714286,8.328571428571427,0.0,275.7142857142857,0.0,11.514285714285714,270.0,22.014285714285712
2019-08-12,5.085714285714283,28.171428571428574,15.8,3.214285714285715,8.457142857142857,0.0,267.14285714285717,0.0,11.642857142857142,258.57142857142856,21.514285714285712
2019-08-13,5.085714285714283,28.242857142857144,16.82857142857143,3.485714285714286,8.642857142857142,0.0,267.14285714285717,0.0,11.828571428571431,264.2857142857143,22.0
2019-08-14,4.971428571428569,27.685714285714287,16.985714285714288,3.2142857142857144,8.257142857142858,0.0,278.57142857142856,0.0,11.128571428571428,274.2857142857143,22.014285714285712
2019-08-15,1.3428571428571399,27.142857142857142,15.957142857142857,3.0428571428571436,8.257142857142856,0.0,298.57142857142856,0.0,11.242857142857144,295.7142857142857,21.400000000000002
2019-08-16,0.3571428571428541,26.75714285714286,14.914285714285715,2.785714285714286,8.0,0.0,304.2857142857143,0.0,10.985714285714286,300.0,20.842857142857145
2019-08-17,0.2571428571428541,26.35714285714286,15.142857142857142,2.7285714285714286,7.428571428571429,0.0,288.57142857142856,0.0,10.085714285714287,278.57142857142856,20.671428571428574
2019-08-18,0.8714285714285683,27.300000000000004,15.942857142857141,2.714285714285715,6.728571428571428,0.0,268.57142857142856,0.0,9.185714285714285,258.57142857142856,21.52857142857143
2019-08-19,0.8714285714285683,27.542857142857144,16.742857142857144,2.785714285714286,6.6571428571428575,0.0,252.85714285714286,0.0,9.057142857142859,247.14285714285714,22.042857142857144
2019-08-20,1.1285714285714255,27.871428571428574,16.985714285714288,2.842857142857144,6.971428571428571,0.0,252.85714285714286,0.0,9.442857142857141,245.71428571428572,22.342857142857145
2019-08-21,1.1285714285714255,28.028571428571432,16.82857142857143,2.728571428571429,6.785714285714286,0.0,227.14285714285714,0.0,9.257142857142856,220.0,22.314285714285713
2019-08-22,3.7428571428571398,27.942857142857143,17.142857142857142,2.7571428571428576,7.4142857142857155,0.0,207.14285714285714,0.0,10.1,198.57142857142858,22.442857142857143
2019-08-23,3.7428571428571398,28.1,17.628571428571426,3.0142857142857147,7.857142857142857,0.0,197.14285714285714,0.0,10.285714285714286,188.57142857142858,22.942857142857143
2019-08-24,3.6999999999999966,27.78571428571429,16.914285714285715,2.9857142857142867,7.857142857142857,0.0,217.14285714285714,0.0,10.342857142857143,217.14285714285714,22.62857142857143
2019-08-25,2.8714285714285688,26.6,15.799999999999999,2.7714285714285722,7.671428571428572,0.0,234.28571428571428,0.0,10.157142857142857,237.14285714285714,21.52857142857143
2019-08-26,2.8714285714285688,26.12857142857143,14.928571428571429,2.528571428571429,7.485714285714287,0.0,252.85714285714286,0.0,9.842857142857143,260.0,20.942857142857143
2019-08-27,2.614285714285711,25.485714285714288,13.585714285714285,2.128571428571429,7.042857142857143,0.0,265.7142857142857,0.0,9.142857142857142,274.2857142857143,20.042857142857144
2019-08-28,2.614285714285711,25.171428571428574,12.942857142857141,2.3714285714285714,7.414285714285714,0.0,267.14285714285717,0.0,9.514285714285716,275.7142857142857,19.400000000000002
2019-08-29,1.2285714285714255,25.414285714285715,13.257142857142858,2.628571428571429,7.285714285714286,0.0,267.14285714285717,0.0,9.314285714285715,271.42857142857144,19.571428571428573
2019-08-30,1.2285714285714255,25.1,13.1,2.400000000000001,6.842857142857143,0.0,272.85714285714283,0.0,8.814285714285715,277.14285714285717,19.2
2019-08-31,1.2285714285714255,25.657142857142862,13.5,2.6857142857142864,7.285714285714286,0.0,251.42857142857142,0.0,9.4,254.28571428571428,19.314285714285717
2019-09-01,1.2285714285714255,26.05714285714286,13.657142857142857,2.8000000000000003,7.542857142857144,0.0,254.28571428571428,0.0,9.842857142857142,255.71428571428572,19.72857142857143
2019-09-02,1.5857142857142825,25.885714285714283,13.571428571428571,3.028571428571429,7.857142857142857,0.0,238.57142857142858,0.0,10.471428571428572,232.85714285714286,19.557142857142857
2019-09-03,5.799999999999997,25.1,14.042857142857143,3.4857142857142867,8.371428571428572,0.0,224.28571428571428,0.0,11.428571428571429,214.28571428571428,19.5
2019-09-04,5.914285714285711,24.38571428571429,14.442857142857145,3.328571428571429,8.128571428571428,0.0,245.71428571428572,0.0,11.171428571428569,234.28571428571428,19.25714285714286
2019-09-05,5.371428571428568,24.3,14.12857142857143,3.7428571428571433,8.385714285714284,0.0,244.28571428571428,0.0,11.742857142857144,237.14285714285714,19.014285714285712
2019-09-06,5.371428571428568,23.814285714285717,13.571428571428571,3.6857142857142864,8.314285714285715,0.0,247.14285714285714,0.0,11.614285714285716,240.0,18.571428571428573
2019-09-07,5.371428571428568,23.32857142857143,12.85714285714286,3.285714285714286,7.742857142857142,0.0,240.0,0.0,10.842857142857143,244.28571428571428,18.014285714285712
2019-09-08,7.871428571428568,23.171428571428574,12.942857142857145,3.2,7.614285714285714,0.0,231.42857142857142,0.0,10.785714285714286,238.57142857142858,17.599999999999998
2019-09-09,7.514285714285712,22.45714285714286,13.342857142857143,3.228571428571429,7.557142857142858,0.0,250.0,0.0,10.6,255.71428571428572,17.471428571428568
2019-09-10,3.299999999999997,22.371428571428574,12.785714285714286,2.8714285714285723,6.985714285714286,0.0,274.2857142857143,0.0,9.585714285714285,281.42857142857144,17.04285714285714
2019-09-11,3.299999999999997,22.599999999999998,11.985714285714286,3.1428571428571432,7.228571428571429,0.0,251.42857142857142,0.0,10.228571428571428,261.42857142857144,16.757142857142856
2019-09-12,2.7285714285714264,22.914285714285715,11.514285714285716,2.8571428571428577,6.914285714285714,0.0,275.7142857142857,0.0,9.6,261.42857142857144,17.042857142857144
2019-09-13,2.7285714285714255,22.6,11.185714285714287,3.1714285714285717,7.5,0.0,277.14285714285717,0.0,10.357142857142858,262.85714285714283,16.942857142857143
2019-09-14,2.7285714285714255,22.214285714285715,10.4,3.342857142857143,8.071428571428571,0.0,282.85714285714283,0.0,11.385714285714286,260.0,16.514285714285716
2019-09-15,0.22857142857142554,21.97142857142857,10.799999999999999,4.085714285714286,8.957142857142857,0.0,271.42857142857144,0.0,12.471428571428572,244.28571428571428,16.67142857142857
2019-09-16,0.22857142857142554,22.45714285714286,10.714285714285714,4.014285714285714,8.828571428571427,0.0,271.42857142857144,0.0,12.342857142857143,240.0,16.999999999999996
2019-09-17,0.22857142857142554,22.61428571428572,10.714285714285714,4.014285714285715,9.085714285714285,0.0,268.57142857142856,0.0,12.785714285714286,238.57142857142858,17.1
2019-09-18,0.11428571428571124,22.142857142857146,10.557142857142859,3.771428571428572,8.842857142857143,0.0,291.42857142857144,0.0,12.142857142857142,260.0,16.87142857142857
2019-09-19,0.0,20.871428571428574,9.757142857142856,3.3142857142857145,8.457142857142857,0.0,242.85714285714286,0.0,11.5,285.7142857142857,15.571428571428571
2019-09-20,0.0,21.185714285714287,9.042857142857143,2.9857142857142867,8.071428571428571,0.0,224.28571428571428,0.0,10.928571428571429,271.42857142857144,14.957142857142857
2019-09-21,0.0,21.657142857142862,9.357142857142858,2.6714285714285717,7.242857142857143,0.0,228.57142857142858,0.0,9.514285714285714,274.2857142857143,15.2
2019-09-22,0.0,22.685714285714287,8.714285714285714,1.728571428571429,5.771428571428571,0.0,248.57142857142858,0.0,7.471428571428571,284.2857142857143,15.357142857142858
2019-09-23,0.0,23.314285714285717,8.642857142857142,1.871428571428572,6.028571428571429,0.0,227.14285714285714,0.0,7.785714285714286,270.0,15.657142857142857
2019-09-24,3.2714285714285682,24.028571428571432,9.828571428571431,2.1000000000000005,6.157142857142857,0.0,207.14285714285714,0.0,7.971428571428571,250.0,16.814285714285713
2019-09-25,3.6999999999999966,23.871428571428574,10.700000000000001,2.057142857142858,6.4,0.0,205.71428571428572,0.0,8.17142857142857,247.14285714285714,17.314285714285713
2019-09-26,3.6999999999999966,24.114285714285717,11.5,2.0857142857142863,6.471428571428571,0.0,231.42857142857142,0.0,8.428571428571429,220.0,17.67142857142857
2019-09-27,5.299999999999997,23.71428571428572,12.457142857142857,2.514285714285715,6.857142857142857,0.0,230.0,0.0,9.071428571428571,215.71428571428572,18.442857142857143
2019-09-28,5.299999999999997,23.157142857142862,12.528571428571428,2.7571428571428576,6.914285714285714,0.0,228.57142857142858,0.0,9.4,212.85714285714286,18.357142857142858
2019-09-29,5.371428571428568,22.528571428571432,13.400000000000002,3.285714285714286,7.871428571428572,0.0,208.57142857142858,0.0,10.871428571428572,204.28571428571428,18.400000000000002
2019-09-30,5.371428571428568,21.1,12.528571428571428,3.342857142857144,8.114285714285714,0.0,231.42857142857142,0.0,11.0,225.71428571428572,17.54285714285714
2019-10-01,2.099999999999997,19.82857142857143,10.62857142857143,3.142857142857143,8.114285714285716,0.0,231.42857142857142,0.0,11.2,225.71428571428572,15.600000000000003
2019-10-02,4.428571428571425,20.38571428571429,10.714285714285714,3.5000000000000004,8.0,0.0,211.42857142857142,0.0,11.457142857142857,205.71428571428572,15.528571428571428
2019-10-03,4.5714285714285685,20.314285714285717,9.685714285714285,3.728571428571429,8.057142857142859,0.0,235.71428571428572,0.0,11.328571428571427,230.0,15.542857142857144
2019-10-04,3.04285714285714,19.12857142857143,8.5,3.3571428571428577,7.728571428571429,0.0,232.85714285714286,0.0,10.885714285714286,225.71428571428572,14.028571428571427
2019-10-05,3.1571428571428544,17.62857142857143,7.714285714285714,3.6571428571428575,8.557142857142859,0.0,254.28571428571428,0.0,11.771428571428572,248.57142857142858,13.185714285714287
2019-10-06,3.0857142857142827,16.114285714285717,5.257142857142857,3.1428571428571432,7.728571428571428,0.0,275.7142857142857,0.0,10.428571428571429,268.57142857142856,11.442857142857145
2019-10-07,3.0857142857142827,16.200000000000003,4.928571428571429,3.471428571428572,7.928571428571429,0.0,254.28571428571428,0.0,11.257142857142856,247.14285714285714,10.842857142857143
2019-10-08,7.585714285714283,16.28571428571429,6.042857142857144,3.5714285714285725,7.857142857142857,0.0,254.28571428571428,0.0,11.0,247.14285714285714,11.599999999999998
2019-10-09,4.8285714285714265,15.571428571428575,4.928571428571429,3.157142857142858,7.471428571428571,0.0,231.42857142857142,0.0,10.299999999999999,271.42857142857144,11.171428571428573
2019-10-10,4.685714285714283,15.085714285714287,4.685714285714285,2.828571428571429,7.1571428571428575,0.0,228.57142857142858,0.0,9.785714285714286,271.42857142857144,10.242857142857144
2019-10-11,4.614285714285712,16.200000000000003,5.242857142857143,2.828571428571429,7.228571428571429,0.0,251.42857142857142,0.0,9.714285714285714,297.14285714285717,10.885714285714286
2019-10-12,4.499999999999997,17.542857142857144,5.4,2.328571428571429,6.471428571428572,0.0,248.57142857142858,0.0,8.628571428571428,292.85714285714283,11.185714285714285
2019-10-13,4.499999999999997,18.58571428571429,6.5857142857142845,2.4857142857142867,7.057142857142856,0.0,247.14285714285714,0.0,9.514285714285714,291.42857142857144,12.157142857142858
2019-10-14,4.499999999999997,18.5,6.985714285714286,1.9571428571428575,6.414285714285714,0.0,268.57142857142856,0.0,8.242857142857144,312.85714285714283,12.657142857142857
2019-10-15,0.7999999999999969,18.814285714285717,6.028571428571429,2.0857142857142863,6.728571428571428,0.0,268.57142857142856,0.0,8.62857142857143,311.42857142857144,12.214285714285714
2019-10-16,0.7999999999999969,18.414285714285715,5.557142857142857,2.0142857142857147,6.728571428571429,0.0,291.42857142857144,0.0,8.5,298.57142857142856,11.6
2019-10-17,1.5571428571428538,18.500000000000004,5.471428571428572,2.385714285714286,7.428571428571429,0.0,260.0,0.0,9.585714285714285,267.14285714285717,11.657142857142857
2019-10-18,6.714285714285711,17.22857142857143,5.385714285714285,3.3714285714285714,8.385714285714284,0.0,261.42857142857144,0.0,11.057142857142859,268.57142857142856,11.242857142857144
2019-10-19,6.785714285714283,15.714285714285717,5.942857142857143,3.9714285714285715,8.7,0.0,260.0,0.0,12.085714285714285,265.7142857142857,10.871428571428572
2019-10-20,6.785714285714283,14.514285714285718,5.07142857142857,4.042857142857143,8.5,0.0,257.14285714285717,0.0,11.642857142857142,264.2857142857143,10.12857142857143
2019-10-21,6.785714285714283,13.957142857142859,4.2,3.9571428571428577,8.571428571428571,0.0,234.28571428571428,0.0,11.771428571428572,240.0,9.071428571428571
2019-10-22,5.985714285714282,13.485714285714286,3.728571428571428,3.585714285714286,7.742857142857143,0.0,251.42857142857142,0.0,10.685714285714285,260.0,8.557142857142859
2019-10-23,6.5714285714285685,13.72857142857143,4.128571428571428,4.042857142857143,8.128571428571428,0.0,245.71428571428572,0.0,11.314285714285715,244.28571428571428,8.885714285714286
2019-10-24,6.614285714285712,13.571428571428573,5.171428571428572,3.8571428571428577,7.928571428571429,0.0,265.7142857142857,0.0,11.057142857142859,264.2857142857143,9.385714285714286
2019-10-25,1.457142857142854,14.442857142857147,5.414285714285714,3.2142857142857144,7.542857142857144,0.0,242.85714285714286,0.0,10.542857142857143,240.0,9.871428571428572
2019-10-26,1.5285714285714254,14.685714285714287,5.328571428571428,2.542857142857143,7.1000000000000005,0.0,242.85714285714286,0.0,9.385714285714286,244.28571428571428,10.085714285714285
2019-10-27,1.5285714285714254,14.771428571428572,5.414285714285714,2.3571428571428577,6.914285714285714,0.0,245.71428571428572,0.0,9.071428571428571,247.14285714285714,10.114285714285714
2019-10-28,4.285714285714283,14.3,5.814285714285714,2.528571428571429,7.042857142857144,0.0,240.0,0.0,9.385714285714284,242.85714285714286,10.214285714285714
2019-10-29,4.499999999999997,14.3,6.685714285714285,2.7142857142857144,7.3,0.0,221.42857142857142,0.0,9.77142857142857,222.85714285714286,10.571428571428571
2019-10-30,3.914285714285711,14.142857142857144,7.628571428571428,2.9285714285714293,7.671428571428572,0.0,227.14285714285714,0.0,10.285714285714286,228.57142857142858,10.857142857142858
2019-10-31,3.114285714285711,14.457142857142859,8.014285714285714,3.0000000000000004,7.3,0.0,217.14285714285714,0.0,9.9,218.57142857142858,11.142857142857142
2019-11-01,15.085714285714284,15.257142857142862,8.885714285714286,3.0857142857142863,7.485714285714285,0.0,224.28571428571428,0.0,10.414285714285715,224.28571428571428,11.700000000000001
2019-11-02,17.27142857142857,16.614285714285717,8.17142857142857,3.900000000000001,8.957142857142857,0.0,214.28571428571428,0.0,12.528571428571428,211.42857142857142,12.028571428571428
2019-11-03,17.27142857142857,16.05714285714286,7.628571428571428,4.028571428571429,9.014285714285714,0.0,197.14285714285714,0.0,12.714285714285714,191.42857142857142,11.342857142857143
2019-11-04,14.628571428571425,15.900000000000002,7.471428571428571,4.042857142857144,9.2,0.0,217.14285714285714,0.0,12.785714285714286,211.42857142857142,11.042857142857144
2019-11-05,14.414285714285711,14.942857142857147,6.200000000000001,4.257142857142858,9.714285714285714,0.0,218.57142857142858,0.0,13.542857142857144,211.42857142857142,10.1
2019-11-06,14.528571428571427,14.457142857142859,5.414285714285714,4.214285714285714,9.657142857142857,0.0,217.14285714285714,0.0,13.542857142857143,210.0,9.614285714285716
2019-11-07,14.528571428571427,12.785714285714288,3.828571428571429,4.342857142857143,10.028571428571428,0.0,235.71428571428572,0.0,14.0,218.57142857142858,8.314285714285715
2019-11-08,2.8142857142857123,10.485714285714286,1.7,4.214285714285714,9.457142857142857,0.0,248.57142857142858,0.0,12.714285714285714,232.85714285714286,6.5
2019-11-09,0.999999999999998,7.400000000000003,0.7714285714285714,4.042857142857143,8.742857142857144,11.428571428571429,261.42857142857144,9.428571428571429,11.5,245.71428571428572,4.499999999999999
2019-11-10,0.999999999999998,6.442857142857144,-0.02857142857142847,4.5285714285714285,9.257142857142858,22.857142857142858,257.14285714285717,9.428571428571429,12.27142857142857,242.85714285714286,3.685714285714286
2019-11-11,0.9285714285714265,6.0428571428571445,-0.2714285714285713,4.942857142857143,9.385714285714286,27.142857142857142,244.28571428571428,9.428571428571429,12.528571428571428,231.42857142857142,3.3999999999999995
2019-11-12,2.128571428571427,4.857142857142859,-0.9714285714285713,4.928571428571429,9.0,41.42857142857143,268.57142857142856,21.714285714285715,11.828571428571427,207.14285714285714,2.642857142857143
2019-11-13,3.757142857142855,2.6571428571428592,-3.3428571428571425,4.885714285714286,9.057142857142859,67.14285714285714,285.7142857142857,36.57142857142857,11.957142857142857,227.14285714285714,0.4571428571428572
2019-11-14,3.757142857142855,0.9285714285714306,-5.471428571428571,4.814285714285715,9.128571428571428,88.57142857142857,282.85714285714283,36.57142857142857,11.957142857142857,232.85714285714286,-1.7428571428571427
2019-11-15,3.499999999999998,0.2857142857142877,-6.585714285714286,5.014285714285714,9.700000000000001,107.14285714285714,264.2857142857143,36.57142857142857,13.171428571428569,212.85714285714286,-3.1
2019-11-16,3.0571428571428547,1.0571428571428592,-6.671428571428572,5.1571428571428575,10.085714285714285,114.28571428571429,261.42857142857144,27.571428571428573,13.799999999999999,214.28571428571428,-2.557142857142857
2019-11-17,3.0571428571428547,0.2000000000000021,-7.385714285714286,4.771428571428571,10.214285714285714,121.42857142857143,284.2857142857143,27.571428571428573,13.799999999999999,237.14285714285714,-3.0857142857142854
2019-11-18,3.0142857142857125,-0.357142857142855,-9.514285714285716,4.214285714285714,9.642857142857142,131.42857142857142,284.2857142857143,27.571428571428573,12.9,235.71428571428572,-4.557142857142857
2019-11-19,1.814285714285712,-0.12857142857142648,-9.985714285714284,3.9714285714285715,9.457142857142857,131.42857142857142,281.42857142857144,15.285714285714286,12.514285714285714,284.2857142857143,-4.828571428571428
2019-11-20,1.0571428571428552,0.4857142857142879,-8.8,3.5,8.7,117.14285714285714,285.7142857142857,1.1428571428571428,11.299999999999999,284.2857142857143,-4.114285714285714
2019-11-21,1.4142857142857124,1.342857142857145,-6.985714285714287,3.3285714285714287,8.0,107.14285714285714,292.85714285714283,4.0,10.4,292.85714285714283,-2.7285714285714286
2019-11-22,1.7428571428571407,1.742857142857145,-6.185714285714285,2.857142857142857,7.5,102.85714285714286,292.85714285714283,4.0,9.514285714285714,292.85714285714283,-1.8142857142857143
2019-11-23,1.814285714285712,2.142857142857145,-5.628571428571428,2.9857142857142853,7.371428571428572,91.42857142857143,291.42857142857144,3.5714285714285716,9.585714285714285,290.0,-1.4714285714285715
2019-11-24,1.814285714285712,3.242857142857145,-4.757142857142857,3.1142857142857143,7.371428571428572,72.85714285714286,284.2857142857143,3.5714285714285716,9.585714285714285,287.14285714285717,-0.7428571428571429
2019-11-25,1.814285714285712,3.557142857142859,-2.7,3.157142857142857,7.371428571428572,58.57142857142857,282.85714285714283,3.5714285714285716,9.714285714285714,288.57142857142856,0.7285714285714285
2019-11-26,1.814285714285712,4.514285714285717,-1.6,3.071428571428572,7.242857142857142,44.285714285714285,277.14285714285717,3.5714285714285716,9.842857142857143,284.2857142857143,1.6571428571428573
2019-11-27,0.8285714285714265,6.028571428571431,-1.1285714285714288,3.4142857142857146,7.871428571428571,32.857142857142854,257.14285714285717,2.857142857142857,10.742857142857142,265.7142857142857,2.6571428571428575
2019-11-28,2.5714285714285694,7.057142857142859,-1.2714285714285716,3.2428571428571433,8.5,21.428571428571427,225.71428571428572,0.0,11.571428571428571,232.85714285714286,3.1142857142857143
2019-11-29,4.242857142857141,7.528571428571431,-1.042857142857143,3.8714285714285714,8.942857142857143,11.428571428571429,248.57142857142858,2.857142857142857,12.214285714285714,257.14285714285717,3.3857142857142857
2019-11-30,4.099999999999998,6.357142857142859,-1.6,3.6857142857142864,8.62857142857143,8.571428571428571,252.85714285714286,2.857142857142857,11.514285714285714,260.0,2.542857142857143
2019-12-01,4.099999999999998,5.100000000000001,-1.9857142857142858,3.7571428571428576,8.242857142857142,12.857142857142858,261.42857142857144,4.714285714285714,11.057142857142855,265.7142857142857,1.7857142857142863
2019-12-02,4.428571428571426,4.242857142857145,-3.7285714285714286,3.5571428571428574,8.614285714285714,17.142857142857142,252.85714285714286,8.285714285714286,11.37142857142857,254.28571428571428,0.3285714285714288
2019-12-03,4.428571428571426,2.6714285714285735,-4.271428571428571,3.8714285714285714,9.0,24.285714285714285,258.57142857142856,8.285714285714286,12.328571428571427,258.57142857142856,-0.6428571428571426
2019-12-04,4.428571428571426,1.000000000000002,-5.614285714285714,3.8142857142857145,9.071428571428571,31.428571428571427,281.42857142857144,8.285714285714286,12.257142857142858,280.0,-2.142857142857143
2019-12-05,2.3285714285714265,0.057142857142859126,-6.642857142857143,4.042857142857144,8.7,38.57142857142857,287.14285714285717,9.0,11.757142857142856,288.57142857142856,-3.0857142857142854
2019-12-06,0.5857142857142836,-0.7285714285714266,-6.871428571428571,3.7428571428571433,8.571428571428571,45.714285714285715,280.0,12.0,11.5,280.0,-3.3285714285714283
2019-12-07,0.9428571428571407,-0.8142857142857124,-6.871428571428572,3.342857142857143,8.314285714285713,52.857142857142854,281.42857142857144,18.571428571428573,11.299999999999999,280.0,-3.4857142857142853
2019-12-08,0.9428571428571407,-0.5714285714285695,-7.514285714285714,3.028571428571429,8.12857142857143,62.857142857142854,275.7142857142857,17.428571428571427,10.985714285714286,275.7142857142857,-3.3000000000000003
2019-12-09,0.6142857142857122,-0.09999999999999809,-7.985714285714286,3.8142857142857145,8.971428571428572,72.85714285714286,285.7142857142857,13.857142857142858,12.271428571428572,282.85714285714283,-3.357142857142857
2019-12-10,0.7999999999999979,1.3857142857142877,-7.128571428571428,4.228571428571429,9.728571428571428,72.85714285714286,264.2857142857143,13.857142857142858,12.785714285714286,261.42857142857144,-2.4857142857142853
2019-12-11,0.7999999999999979,2.9000000000000017,-6.414285714285714,4.542857142857143,9.785714285714286,65.71428571428571,240.0,14.285714285714286,13.114285714285714,238.57142857142858,-0.6999999999999995
2019-12-12,0.8428571428571408,2.585714285714288,-6.257142857142857,4.885714285714286,10.414285714285715,58.57142857142857,258.57142857142856,15.0,14.200000000000001,251.42857142857142,-0.6999999999999995
2019-12-13,0.5857142857142836,2.1142857142857165,-6.6571428571428575,4.9,10.342857142857143,47.142857142857146,255.71428571428572,9.142857142857142,14.2,250.0,-1.3571428571428565
2019-12-14,0.299999999999998,2.971428571428573,-6.257142857142857,5.242857142857143,11.042857142857143,35.714285714285715,234.28571428571428,2.5714285714285716,15.1,230.0,-0.9571428571428566
2019-12-15,1.2142857142857122,4.700000000000003,-4.042857142857143,5.314285714285715,11.485714285714284,21.428571428571427,217.14285714285714,1.8571428571428572,15.928571428571429,215.71428571428572,0.3428571428571433
2019-12-16,1.3285714285714267,5.32857142857143,-2.6999999999999997,5.257142857142857,11.157142857142857,7.142857142857143,227.14285714285714,3.7142857142857144,15.471428571428573,228.57142857142858,2.0428571428571436
2019-12-17,1.1428571428571408,3.6857142857142877,-4.114285714285714,4.671428571428572,10.642857142857142,0.0,242.85714285714286,3.7142857142857144,14.642857142857142,242.85714285714286,0.7857142857142863
2019-12-18,1.7999999999999978,1.7857142857142878,-4.828571428571428,3.914285714285714,9.685714285714285,11.428571428571429,261.42857142857144,13.857142857142858,13.228571428571428,261.42857142857144,-1.2142857142857137
2019-12-19,1.899999999999998,1.7142857142857164,-5.785714285714286,3.842857142857143,9.757142857142856,22.857142857142858,264.2857142857143,17.142857142857142,13.157142857142858,264.2857142857143,-1.2571428571428567
2019-12-20,1.899999999999998,0.44285714285714484,-7.528571428571429,4.014285714285714,9.828571428571431,34.285714285714285,270.0,17.142857142857142,13.028571428571428,270.0,-2.614285714285714
2019-12-21,1.8285714285714263,-1.5142857142857125,-9.671428571428573,3.5142857142857147,8.814285714285715,45.714285714285715,245.71428571428572,17.142857142857142,11.5,245.71428571428572,-4.499999999999999
2019-12-22,0.9142857142857121,-3.2428571428571407,-12.442857142857141,3.457142857142857,8.628571428571428,57.142857142857146,245.71428571428572,17.142857142857142,11.242857142857142,241.42857142857142,-6.885714285714285
2019-12-23,0.7999999999999979,-3.714285714285712,-12.442857142857141,3.1857142857142864,8.242857142857144,68.57142857142857,235.71428571428572,15.285714285714286,10.742857142857144,232.85714285714286,-7.685714285714285
2019-12-24,0.7999999999999979,-2.0714285714285694,-12.285714285714288,3.3857142857142857,8.371428571428572,75.71428571428571,240.0,15.285714285714286,10.928571428571429,237.14285714285714,-6.899999999999999
2019-12-25,0.14285714285714082,-1.2857142857142836,-11.971428571428573,3.842857142857143,9.271428571428572,64.28571428571429,247.14285714285714,4.714285714285714,12.214285714285714,241.42857142857142,-6.014285714285713
2019-12-26,0.0,-0.742857142857141,-10.785714285714286,3.400000000000001,8.314285714285715,52.857142857142854,214.28571428571428,0.0,10.871428571428572,212.85714285714286,-5.928571428571428
2019-12-27,0.0,1.4714285714285733,-9.12857142857143,2.985714285714286,8.114285714285716,41.42857142857143,192.85714285714286,0.0,10.87142857142857,191.42857142857142,-4.499999999999999
2019-12-28,0.2857142857142837,3.8285714285714305,-6.214285714285714,3.7,9.0,30.0,215.71428571428572,0.0,12.528571428571428,214.28571428571428,-1.957142857142856
2019-12-29,0.2857142857142837,5.2428571428571455,-4.385714285714285,3.771428571428572,8.742857142857144,18.571428571428573,231.42857142857142,0.0,12.085714285714285,231.42857142857142,0.4285714285714293
2019-12-30,0.6428571428571408,5.2428571428571455,-4.385714285714285,3.3000000000000003,7.8571428571428585,7.142857142857143,248.57142857142858,1.4285714285714286,11.0,247.14285714285714,0.4571428571428579
2019-12-31,2.457142857142855,4.214285714285716,-3.442857142857143,3.2428571428571433,7.985714285714286,4.285714285714286,222.85714285714286,5.428571428571429,11.514285714285714,221.42857142857142,0.4857142857142865
2020-01-01,2.714285714285712,4.128571428571431,-2.6571428571428575,3.0571428571428574,7.285714285714286,8.571428571428571,195.71428571428572,8.285714285714286,10.557142857142859,201.42857142857142,0.45714285714285785
2020-01-02,2.7571428571428553,4.042857142857145,-1.8714285714285714,3.3714285714285714,7.985714285714286,15.714285714285714,221.42857142857142,9.0,11.585714285714285,225.71428571428572,0.9714285714285723
2020-01-03,2.7571428571428553,3.9571428571428595,-1.157142857142857,3.7142857142857144,7.985714285714286,22.857142857142858,225.71428571428572,9.0,11.385714285714284,228.57142857142858,1.6142857142857152
2020-01-04,2.4714285714285693,3.8857142857142883,-1.157142857142857,3.1571428571428575,7.414285714285714,27.142857142857142,227.14285714285714,9.0,10.299999999999999,230.0,1.657142857142858
2020-01-05,3.199999999999998,3.557142857142859,-0.7571428571428572,3.214285714285715,7.471428571428571,27.142857142857142,232.85714285714286,19.571428571428573,10.299999999999999,234.28571428571428,1.4000000000000008
2020-01-06,2.8428571428571408,3.0142857142857165,-1.2285714285714289,3.628571428571429,8.299999999999999,38.57142857142857,232.85714285714286,18.142857142857142,11.257142857142856,234.28571428571428,1.2571428571428578
2020-01-07,1.2428571428571407,2.785714285714288,-2.6571428571428575,3.4714285714285715,8.114285714285716,41.42857142857143,237.14285714285714,20.0,10.814285714285715,238.57142857142858,0.4142857142857152
2020-01-08,1.0285714285714265,2.6285714285714303,-3.042857142857143,3.4285714285714284,8.371428571428572,48.57142857142857,252.85714285714286,18.285714285714285,11.314285714285713,244.28571428571428,0.15714285714285797
2020-01-09,1.1285714285714266,2.4714285714285738,-4.457142857142857,3.628571428571429,8.557142857142857,52.857142857142854,260.0,21.142857142857142,11.571428571428571,248.57142857142858,-0.0714285714285706
2020-01-10,1.1285714285714266,1.0571428571428592,-6.271428571428572,3.4285714285714293,8.685714285714285,57.142857142857146,275.7142857142857,21.142857142857142,11.771428571428572,247.14285714285714,-1.642857142857142
2020-01-11,1.1285714285714266,0.900000000000002,-7.528571428571429,4.228571428571429,9.514285714285714,64.28571428571429,275.7142857142857,21.142857142857142,13.042857142857144,245.71428571428572,-2.542857142857142
2020-01-12,2.642857142857141,2.414285714285716,-7.2285714285714295,4.828571428571429,10.542857142857144,64.28571428571429,252.85714285714286,10.571428571428571,14.700000000000001,224.28571428571428,-1.6571428571428566
2020-01-13,3.914285714285712,2.714285714285716,-6.9142857142857155,4.842857142857143,10.671428571428573,52.857142857142854,210.0,11.0,14.828571428571427,181.42857142857142,-1.342857142857142
2020-01-14,3.771428571428569,2.557142857142859,-6.357142857142857,4.714285714285714,10.1,45.714285714285715,208.57142857142858,5.857142857142857,14.0,180.0,-1.2142857142857135
2020-01-15,3.728571428571427,2.714285714285716,-6.671428571428572,4.671428571428572,10.157142857142858,34.285714285714285,194.28571428571428,4.714285714285714,14.0,172.85714285714286,-1.6142857142857134
2020-01-16,3.771428571428569,3.0285714285714307,-5.257142857142857,4.114285714285715,9.9,22.857142857142858,175.71428571428572,1.5714285714285714,13.542857142857143,158.57142857142858,-1.3285714285714278
2020-01-17,5.071428571428569,3.9000000000000017,-4.628571428571428,4.357142857142858,10.1,22.857142857142858,178.57142857142858,22.571428571428573,14.242857142857142,180.0,0.057142857142857814
2020-01-18,5.071428571428569,1.685714285714287,-6.442857142857143,3.4714285714285715,9.842857142857143,32.857142857142854,200.0,22.571428571428573,13.985714285714286,201.42857142857142,-1.5857142857142852
2020-01-19,3.6285714285714263,-1.3999999999999984,-9.200000000000001,2.9285714285714293,8.685714285714285,51.42857142857143,197.14285714285714,30.571428571428573,12.2,200.0,-4.985714285714285
2020-01-20,2.542857142857141,-1.785714285714284,-9.828571428571427,3.0571428571428574,8.685714285714287,72.85714285714286,221.42857142857142,36.714285714285715,12.385714285714286,224.28571428571428,-5.957142857142856
2020-01-21,2.471428571428569,-2.8142857142857127,-11.328571428571427,3.142857142857143,8.871428571428572,98.57142857142857,248.57142857142858,36.0,12.628571428571428,250.0,-6.871428571428571
2020-01-22,2.471428571428569,-4.071428571428569,-13.471428571428573,3.1142857142857148,8.614285714285714,120.0,251.42857142857142,36.0,12.185714285714285,250.0,-8.285714285714286
2020-01-23,2.285714285714284,-4.385714285714284,-14.414285714285715,3.628571428571429,8.614285714285714,141.42857142857142,251.42857142857142,35.57142857142857,12.057142857142855,251.42857142857142,-9.028571428571428
2020-01-24,0.9857142857142837,-4.07142857142857,-14.171428571428573,3.1714285714285717,8.042857142857143,148.57142857142858,231.42857142857142,14.571428571428571,10.842857142857143,231.42857142857142,-9.128571428571428
2020-01-25,0.9857142857142837,-1.942857142857141,-12.514285714285714,2.8857142857142857,6.828571428571429,145.71428571428572,210.0,14.571428571428571,9.0,192.85714285714286,-7.542857142857143
2020-01-26,1.8857142857142837,-0.19999999999999826,-10.614285714285714,2.8142857142857145,7.157142857142858,145.71428571428572,207.14285714285714,7.285714285714286,9.442857142857141,185.71428571428572,-5.5
2020-01-27,2.0285714285714262,0.5857142857142874,-8.957142857142857,2.528571428571429,6.514285714285714,138.57142857142858,207.14285714285714,0.7142857142857143,8.485714285714286,185.71428571428572,-4.2714285714285705
2020-01-28,2.214285714285712,2.0857142857142876,-6.514285714285713,2.5571428571428574,6.385714285714285,124.28571428571429,204.28571428571428,1.8571428571428572,8.242857142857144,182.85714285714286,-2.428571428571428
2020-01-29,2.2571428571428553,3.0285714285714307,-3.971428571428571,2.885714285714286,6.642857142857143,114.28571428571429,221.42857142857142,2.2857142857142856,8.5,202.85714285714286,-0.5142857142857138
2020-01-30,2.2571428571428553,2.571428571428573,-4.685714285714285,2.742857142857143,6.4,104.28571428571429,245.71428571428572,2.2857142857142856,8.314285714285713,221.42857142857142,-0.6428571428571423
2020-01-31,2.2571428571428553,1.7857142857142876,-5.557142857142858,2.5000000000000004,5.757142857142857,97.14285714285714,238.57142857142858,2.2857142857142856,7.414285714285714,202.85714285714286,-1.8285714285714285
2020-02-01,2.2571428571428553,1.2285714285714302,-6.271428571428571,2.7142857142857144,6.0857142857142845,90.0,238.57142857142858,2.2857142857142856,7.857142857142857,222.85714285714286,-2.3857142857142857
2020-02-02,0.557142857142855,0.5142857142857161,-6.028571428571429,2.585714285714286,5.5,82.85714285714286,264.2857142857143,1.5714285714285714,7.028571428571428,250.0,-2.4857142857142853
2020-02-03,0.22857142857142657,0.04285714285714464,-6.6571428571428575,2.342857142857143,5.185714285714285,80.0,267.14285714285717,1.5714285714285714,6.642857142857143,252.85714285714286,-3.0714285714285716
2020-02-04,0.042857142857140824,0.27142857142857324,-6.885714285714286,2.2714285714285714,5.257142857142858,80.0,247.14285714285714,0.42857142857142855,6.771428571428571,242.85714285714286,-3.242857142857143
2020-02-05,0.0,0.5857142857142875,-7.042857142857144,1.785714285714286,4.814285714285715,75.71428571428571,245.71428571428572,0.0,6.385714285714286,240.0,-3.1714285714285713
2020-02-06,0.0,1.0428571428571447,-6.485714285714286,1.728571428571429,5.057142857142858,71.42857142857143,241.42857142857142,0.42857142857142855,6.571428571428571,240.0,-2.7857142857142856
2020-02-07,1.457142857142855,1.0428571428571447,-5.457142857142857,1.9285714285714288,5.7,78.57142857142857,268.57142857142856,12.714285714285714,7.3999999999999995,274.2857142857143,-2.2571428571428567
2020-02-08,4.685714285714283,0.5000000000000019,-4.971428571428571,2.4285714285714293,6.528571428571429,88.57142857142857,285.7142857142857,54.42857142857143,8.428571428571429,291.42857142857144,-2.142857142857143
2020-02-09,4.685714285714283,-0.7571428571428552,-7.357142857142857,2.828571428571429,7.557142857142857,135.71428571428572,285.7142857142857,54.42857142857143,9.642857142857142,291.42857142857144,-3.457142857142857
2020-02-10,4.685714285714283,-1.1428571428571408,-10.057142857142859,3.0,8.0,182.85714285714286,284.2857142857143,54.42857142857143,10.028571428571428,290.0,-5.242857142857143
2020-02-11,4.799999999999998,-1.3714285714285697,-10.285714285714283,3.3285714285714287,8.757142857142856,222.85714285714286,281.42857142857144,56.57142857142857,11.299999999999999,280.0,-5.285714285714286
2020-02-12,4.985714285714283,-1.3714285714285694,-10.442857142857141,3.3714285714285714,9.014285714285714,262.85714285714283,277.14285714285717,59.142857142857146,11.557142857142859,275.7142857142857,-5.385714285714286
2020-02-13,4.985714285714283,-1.1285714285714268,-9.414285714285715,3.6142857142857143,9.014285714285714,298.57142857142856,257.14285714285717,58.714285714285715,11.685714285714287,255.71428571428572,-4.957142857142857
2020-02-14,4.071428571428569,-0.4999999999999981,-10.057142857142855,3.9285714285714284,9.385714285714286,322.85714285714283,257.14285714285717,49.0,12.142857142857142,238.57142857142858,-4.057142857142857
2020-02-15,0.8428571428571409,-1.7714285714285694,-11.971428571428572,3.6428571428571432,8.942857142857141,344.2857142857143,264.2857142857143,8.0,11.557142857142859,244.28571428571428,-5.3428571428571425
2020-02-16,0.8428571428571409,-1.2142857142857122,-12.442857142857145,3.7285714285714286,9.0,328.57142857142856,245.71428571428572,8.0,11.942857142857141,225.71428571428572,-6.1000000000000005
2020-02-17,0.8428571428571409,-0.5142857142857125,-9.814285714285715,4.271428571428571,9.957142857142857,312.85714285714283,245.71428571428572,8.0,13.285714285714286,227.14285714285714,-4.328571428571428
2020-02-18,0.7714285714285695,-0.7571428571428552,-11.085714285714285,4.128571428571428,9.385714285714286,301.42857142857144,261.42857142857144,5.857142857142857,12.257142857142858,241.42857142857142,-4.7
2020-02-19,0.9857142857142834,-0.442857142857141,-12.200000000000001,4.614285714285714,9.885714285714286,294.2857142857143,247.14285714285714,6.571428571428571,12.900000000000002,231.42857142857142,-5.514285714285714
2020-02-20,0.9857142857142834,-0.28571428571428376,-13.299999999999999,4.742857142857143,10.4,291.42857142857144,262.85714285714283,7.0,13.357142857142858,247.14285714285714,-5.585714285714286
2020-02-21,0.4428571428571408,-1.542857142857141,-13.928571428571429,4.557142857142858,9.957142857142857,288.57142857142856,265.7142857142857,4.428571428571429,12.842857142857143,222.85714285714286,-6.971428571428571
2020-02-22,0.4428571428571408,-0.2714285714285696,-13.685714285714285,4.628571428571428,10.071428571428571,285.7142857142857,241.42857142857142,3.7142857142857144,12.971428571428572,197.14285714285714,-6.728571428571428
2020-02-23,0.4428571428571408,0.9000000000000019,-11.157142857142857,4.357142857142858,9.371428571428572,282.85714285714283,241.42857142857142,3.7142857142857144,11.942857142857141,198.57142857142858,-4.757142857142857
2020-02-24,0.4428571428571408,1.5285714285714305,-11.557142857142855,3.8714285714285714,8.414285714285715,280.0,241.42857142857142,3.7142857142857144,10.857142857142858,200.0,-4.414285714285714
2020-02-25,0.39999999999999797,2.885714285714287,-9.514285714285716,4.014285714285714,8.671428571428573,272.85714285714283,227.14285714285714,3.7142857142857144,11.114285714285714,185.71428571428572,-3.2857142857142847
2020-02-26,0.14285714285714082,2.814285714285716,-7.628571428571428,3.6285714285714286,7.9142857142857155,261.42857142857144,248.57142857142858,0.42857142857142855,10.028571428571428,201.42857142857142,-1.9571428571428566
2020-02-27,0.1857142857142837,2.5000000000000013,-6.685714285714285,3.142857142857143,6.957142857142857,242.85714285714286,252.85714285714286,0.7142857142857143,8.871428571428572,207.14285714285714,-2.028571428571428
2020-02-28,2.1857142857142837,4.314285714285716,-4.942857142857142,3.4571428571428577,7.857142857142857,224.28571428571428,221.42857142857142,8.0,9.9,240.0,-0.5571428571428567
2020-02-29,2.3285714285714265,4.557142857142859,-2.8000000000000003,3.585714285714286,7.928571428571429,210.0,225.71428571428572,9.428571428571429,10.485714285714286,247.14285714285714,0.7142857142857146
2020-03-01,2.399999999999998,3.4571428571428586,-3.4285714285714284,3.6142857142857148,7.8,195.71428571428572,240.0,11.571428571428571,10.557142857142855,261.42857142857144,0.02857142857142885
2020-03-02,2.442857142857141,2.12857142857143,-4.071428571428571,3.4714285714285715,7.671428571428572,181.42857142857142,257.14285714285717,12.285714285714286,10.299999999999999,271.42857142857144,-0.9857142857142852
2020-03-03,2.442857142857141,1.72857142857143,-5.485714285714286,3.5142857142857147,7.857142857142857,174.28571428571428,254.28571428571428,13.0,10.942857142857141,270.0,-1.9999999999999998
2020-03-04,2.699999999999998,2.8428571428571443,-5.4,3.528571428571429,8.242857142857144,171.42857142857142,235.71428571428572,13.0,11.442857142857141,251.42857142857142,-1.4999999999999993
2020-03-05,2.6571428571428553,3.7142857142857157,-4.771428571428571,3.8714285714285714,8.885714285714286,168.57142857142858,227.14285714285714,12.285714285714286,12.657142857142858,241.42857142857142,-0.771428571428571
2020-03-06,0.657142857142855,3.871428571428573,-4.371428571428572,3.628571428571429,8.057142857142859,158.57142857142858,255.71428571428572,5.0,11.685714285714287,250.0,-0.45714285714285674
2020-03-07,0.5142857142857122,4.7285714285714295,-3.9714285714285715,3.585714285714286,8.114285714285714,140.0,270.0,4.714285714285714,11.171428571428573,264.2857142857143,0.17142857142857187
2020-03-08,0.4428571428571408,5.357142857142859,-3.5714285714285716,3.6857142857142864,8.628571428571428,121.42857142857143,280.0,2.5714285714285716,11.685714285714285,271.42857142857144,0.685714285714286
2020-03-09,0.39999999999999797,6.92857142857143,-2.6142857142857143,3.7285714285714286,8.828571428571427,102.85714285714286,260.0,1.8571428571428572,11.942857142857141,255.71428571428572,1.8142857142857147
2020-03-10,0.39999999999999797,8.42857142857143,-0.8000000000000002,3.585714285714286,8.328571428571427,81.42857142857143,281.42857142857144,1.1428571428571428,11.114285714285716,255.71428571428572,3.6000000000000005
2020-03-11,0.42857142857142655,8.742857142857144,-0.642857142857143,3.985714285714286,8.7,55.714285714285715,301.42857142857144,1.1428571428571428,11.828571428571427,255.71428571428572,4.0
2020-03-12,0.42857142857142655,7.942857142857144,-1.4285714285714286,3.685714285714286,8.257142857142858,37.142857142857146,314.2857142857143,1.1428571428571428,10.928571428571429,267.14285714285717,3.442857142857143
2020-03-13,0.42857142857142655,8.328571428571431,-1.5142857142857145,3.628571428571429,8.314285714285713,25.714285714285715,294.2857142857143,1.1428571428571428,11.128571428571428,251.42857142857142,3.1857142857142864
2020-03-14,1.1857142857142837,9.285714285714286,-0.6571428571428574,3.8142857142857145,8.700000000000001,18.571428571428573,287.14285714285717,0.0,12.142857142857142,240.0,4.0285714285714285
2020-03-15,1.1857142857142837,10.471428571428573,0.4428571428571426,4.085714285714286,9.342857142857143,11.428571428571429,274.2857142857143,0.0,12.971428571428572,227.14285714285714,5.214285714285714
2020-03-16,1.1857142857142837,9.35714285714286,0.12857142857142836,4.371428571428572,9.657142857142857,4.285714285714286,297.14285714285717,0.0,13.285714285714288,250.0,4.885714285714286
2020-03-17,1.1857142857142837,7.457142857142858,-1.8428571428571432,4.228571428571429,9.9,0.0,277.14285714285717,0.0,13.6,250.0,2.8142857142857145
2020-03-18,0.7571428571428551,6.428571428571431,-2.0857142857142863,4.557142857142858,10.357142857142858,0.0,255.71428571428572,0.0,14.171428571428573,248.57142857142858,1.942857142857143
2020-03-19,0.7571428571428551,7.300000000000002,-1.7714285714285718,4.457142857142857,10.157142857142857,0.0,244.28571428571428,0.0,13.985714285714284,225.71428571428572,2.3714285714285714
2020-03-20,0.7571428571428551,7.471428571428573,-1.3857142857142861,4.585714285714286,10.157142857142858,0.0,244.28571428571428,0.0,13.914285714285715,224.28571428571428,2.9
2020-03-21,0.5142857142857122,8.500000000000002,-1.542857142857143,4.814285714285715,10.157142857142858,0.0,231.42857142857142,0.0,13.985714285714286,215.71428571428572,3.3571428571428577
2020-03-22,0.5142857142857122,7.5428571428571445,-2.328571428571429,4.771428571428572,9.828571428571427,0.0,238.57142857142858,0.0,13.414285714285715,225.71428571428572,2.714285714285715
2020-03-23,0.5142857142857122,7.542857142857144,-2.4142857142857146,4.571428571428571,9.385714285714286,0.0,235.71428571428572,0.0,12.842857142857142,221.42857142857142,2.4
2020-03-24,2.142857142857141,7.385714285714288,-2.1714285714285713,4.671428571428572,9.642857142857142,0.0,234.28571428571428,20.0,13.042857142857143,220.0,2.714285714285715
2020-03-25,2.142857142857141,7.057142857142859,-2.7142857142857144,3.9714285714285715,8.614285714285714,21.428571428571427,208.57142857142858,21.142857142857142,11.514285714285716,242.85714285714286,2.3714285714285714
2020-03-26,2.142857142857141,7.057142857142858,-3.342857142857143,4.0,8.614285714285714,32.857142857142854,197.14285714285714,21.142857142857142,12.028571428571428,238.57142857142858,1.9714285714285718
2020-03-27,2.285714285714284,7.442857142857145,-3.5,4.028571428571429,9.0,32.857142857142854,197.14285714285714,21.142857142857142,12.542857142857143,241.42857142857142,2.028571428571429
2020-03-28,1.7714285714285694,6.328571428571431,-4.042857142857143,3.442857142857143,8.3,32.857142857142854,220.0,21.142857142857142,11.128571428571428,262.85714285714283,1.5857142857142859
2020-03-29,1.7714285714285694,7.842857142857144,-3.8857142857142857,2.8857142857142857,7.6000000000000005,32.857142857142854,201.42857142857142,21.142857142857142,10.357142857142858,242.85714285714286,2.1142857142857148
2020-03-30,3.799999999999998,9.02857142857143,-2.2285714285714286,3.271428571428572,8.614285714285714,32.857142857142854,177.14285714285714,21.142857142857142,12.014285714285714,220.0,3.8000000000000003
2020-03-31,3.471428571428569,9.585714285714287,-0.8142857142857142,3.2857142857142856,8.114285714285716,32.857142857142854,180.0,1.1428571428571428,11.37142857142857,222.85714285714286,4.671428571428572
2020-04-01,3.514285714285712,10.385714285714288,-0.5714285714285714,3.4142857142857146,8.757142857142858,11.428571428571429,224.28571428571428,0.0,12.071428571428571,220.0,5.285714285714286
2020-04-02,3.514285714285712,10.471428571428575,-0.3285714285714286,3.6571428571428575,9.4,0.0,241.42857142857142,0.0,12.200000000000001,244.28571428571428,5.457142857142857
2020-04-03,4.314285714285712,9.442857142857147,-0.0142857142857143,3.985714285714286,9.328571428571431,0.0,264.2857142857143,0.0,12.071428571428571,264.2857142857143,5.185714285714285
2020-04-04,4.999999999999998,9.285714285714288,0.7571428571428572,4.271428571428571,9.642857142857142,0.0,262.85714285714283,0.0,12.4,261.42857142857144,5.057142857142857
2020-04-05,5.071428571428569,9.35714285714286,1.7714285714285718,4.228571428571429,9.514285714285714,0.0,282.85714285714283,0.0,12.142857142857142,281.42857142857144,5.542857142857144
2020-04-06,3.085714285714283,9.914285714285715,1.6857142857142857,3.7142857142857144,8.428571428571429,0.0,302.85714285714283,0.0,10.671428571428573,301.42857142857144,5.571428571428571
2020-04-07,1.7857142857142836,10.85714285714286,1.3714285714285714,3.585714285714286,8.485714285714286,0.0,321.42857142857144,0.0,10.728571428571428,320.0,6.042857142857143
2020-04-08,1.7428571428571407,11.571428571428573,1.5142857142857142,3.3714285714285714,7.914285714285714,0.0,327.14285714285717,0.0,10.214285714285714,322.85714285714283,6.571428571428571
2020-04-09,1.7428571428571407,11.971428571428573,2.3714285714285714,3.1000000000000005,7.3999999999999995,0.0,327.14285714285717,0.0,9.642857142857142,322.85714285714283,7.171428571428572
2020-04-10,2.214285714285712,12.442857142857147,2.6142857142857143,2.7285714285714286,7.3999999999999995,0.0,318.57142857142856,0.0,9.971428571428572,314.2857142857143,7.614285714285714
2020-04-11,2.0714285714285694,11.642857142857144,2.2285714285714286,2.714285714285715,7.6571428571428575,0.0,317.14285714285717,0.0,10.414285714285715,315.7142857142857,7.242857142857143
2020-04-12,1.999999999999998,11.014285714285718,1.842857142857143,3.1571428571428575,8.171428571428573,0.0,312.85714285714283,0.0,11.185714285714285,312.85714285714283,6.671428571428571
2020-04-13,1.9571428571428555,11.171428571428574,1.5285714285714285,3.5857142857142863,8.814285714285715,0.0,300.0,0.0,11.700000000000001,300.0,6.442857142857143
2020-04-14,2.8285714285714265,11.65714285714286,2.6285714285714286,4.185714285714286,9.971428571428572,0.0,292.85714285714283,0.0,13.114285714285712,291.42857142857144,7.171428571428572
2020-04-15,2.8285714285714265,10.942857142857147,3.1,4.671428571428572,10.6,0.0,275.7142857142857,0.0,14.014285714285714,277.14285714285717,7.085714285714287
2020-04-16,2.8285714285714265,10.385714285714288,2.7857142857142856,4.885714285714286,10.914285714285715,0.0,270.0,0.0,14.714285714285714,268.57142857142856,6.785714285714286
2020-04-17,1.4571428571428553,10.000000000000002,2.085714285714286,4.9142857142857155,10.857142857142858,0.0,270.0,0.42857142857142855,14.328571428571427,272.85714285714283,6.185714285714286
2020-04-18,0.9142857142857125,10.400000000000002,1.7714285714285716,4.685714285714286,10.285714285714286,0.0,265.7142857142857,0.42857142857142855,13.685714285714285,264.2857142857143,6.057142857142857
2020-04-19,0.9142857142857125,10.642857142857144,1.542857142857143,4.3,9.771428571428572,0.0,272.85714285714283,0.42857142857142855,12.914285714285713,265.7142857142857,6.171428571428572
2020-04-20,0.9142857142857125,10.72857142857143,1.242857142857143,4.371428571428572,9.771428571428572,0.0,291.42857142857144,0.42857142857142855,13.171428571428569,264.2857142857143,6.185714285714285
2020-04-21,0.11428571428571252,9.371428571428575,-0.08571428571428573,4.042857142857143,8.87142857142857,0.0,301.42857142857144,0.42857142857142855,12.085714285714287,275.7142857142857,5.0
2020-04-22,0.2999999999999982,9.457142857142859,-0.9428571428571428,4.014285714285714,8.871428571428572,0.0,294.2857142857143,0.42857142857142855,12.214285714285714,268.57142857142856,4.4
2020-04-23,0.2999999999999982,8.971428571428573,-1.4857142857142858,4.442857142857143,9.257142857142856,0.0,294.2857142857143,0.42857142857142855,12.842857142857142,272.85714285714283,3.842857142857143
2020-04-24,0.2571428571428554,9.52857142857143,-1.5714285714285714,4.371428571428572,8.942857142857141,0.0,291.42857142857144,0.0,12.514285714285714,267.14285714285717,3.9714285714285715
2020-04-25,0.2571428571428554,10.485714285714286,-1.7285714285714284,4.300000000000001,9.12857142857143,0.0,295.7142857142857,0.0,12.514285714285714,275.7142857142857,4.357142857142857
2020-04-26,0.2571428571428554,11.35714285714286,-0.7857142857142857,4.285714285714286,9.2,0.0,291.42857142857144,0.0,12.514285714285714,274.2857142857143,5.242857142857143
2020-04-27,1.4142857142857126,11.35714285714286,-0.24285714285714288,3.942857142857143,8.814285714285715,0.0,250.0,0.0,11.87142857142857,252.85714285714286,5.571428571428571
2020-04-28,1.8571428571428554,11.285714285714288,0.5285714285714286,3.942857142857143,8.871428571428572,0.0,252.85714285714286,0.0,11.928571428571429,205.71428571428572,5.742857142857143
2020-04-29,1.6714285714285695,11.757142857142858,1.4714285714285715,3.7000000000000006,8.5,0.0,272.85714285714283,0.0,11.157142857142857,222.85714285714286,6.299999999999999
2020-04-30,1.6714285714285695,13.900000000000002,2.0142857142857142,3.3142857142857145,8.371428571428572,0.0,252.85714285714286,0.0,10.585714285714285,200.0,7.614285714285714
2020-05-01,1.8142857142857125,14.057142857142859,3.4285714285714284,3.8000000000000007,8.871428571428572,0.0,234.28571428571428,0.0,11.22857142857143,182.85714285714286,8.685714285714285
2020-05-02,2.1714285714285695,14.928571428571429,4.771428571428571,3.9428571428571435,9.128571428571428,0.0,235.71428571428572,0.0,11.742857142857144,185.71428571428572,9.814285714285715
2020-05-03,2.1714285714285695,15.314285714285717,4.285714285714286,3.885714285714286,9.257142857142856,0.0,238.57142857142858,0.0,12.000000000000002,192.85714285714286,9.942857142857141
2020-05-04,1.0857142857142839,16.65714285714286,5.4,4.057142857142858,9.514285714285714,0.0,261.42857142857144,0.0,12.328571428571427,215.71428571428572,11.014285714285714
2020-05-05,0.6428571428571411,17.6,5.642857142857143,4.1000000000000005,9.514285714285714,0.0,257.14285714285717,0.0,12.2,261.42857142857144,11.814285714285715
2020-05-06,0.6428571428571411,17.28571428571429,5.485714285714286,4.328571428571429,9.828571428571427,0.0,257.14285714285717,0.0,12.585714285714285,264.2857142857143,11.671428571428573
2020-05-07,0.6428571428571411,16.571428571428573,5.557142857142858,3.985714285714286,9.257142857142856,0.0,272.85714285714283,0.0,11.885714285714284,284.2857142857143,11.471428571428573
2020-05-08,0.6142857142857124,17.357142857142858,4.5285714285714285,3.4285714285714293,9.128571428571428,0.0,290.0,0.0,11.7,301.42857142857144,11.27142857142857
2020-05-09,0.6142857142857124,16.171428571428574,3.571428571428572,3.3714285714285714,8.871428571428572,0.0,284.2857142857143,0.0,11.442857142857141,288.57142857142856,10.385714285714286
2020-05-10,0.8714285714285696,14.114285714285716,3.2571428571428576,3.9857142857142867,9.5,0.0,275.7142857142857,0.42857142857142855,12.457142857142856,277.14285714285717,9.014285714285714
2020-05-11,0.7999999999999982,12.300000000000002,2.2142857142857144,4.028571428571429,9.428571428571429,0.0,284.2857142857143,0.42857142857142855,12.328571428571427,285.7142857142857,7.3999999999999995
2020-05-12,3.0571428571428556,11.914285714285715,1.742857142857143,3.7285714285714286,9.114285714285716,0.0,284.2857142857143,0.42857142857142855,12.071428571428571,285.7142857142857,6.700000000000001
2020-05-13,3.0571428571428556,11.757142857142858,1.585714285714286,3.7857142857142856,9.114285714285714,0.0,282.85714285714283,0.42857142857142855,12.071428571428571,282.85714285714283,6.471428571428571
2020-05-14,3.0571428571428556,11.757142857142858,1.5142857142857145,4.142857142857143,9.557142857142859,0.0,292.85714285714283,0.42857142857142855,12.714285714285714,288.57142857142856,6.3
2020-05-15,2.942857142857141,12.242857142857146,1.442857142857143,3.985714285714286,9.114285714285716,0.0,282.85714285714283,0.42857142857142855,12.014285714285716,278.57142857142856,6.514285714285714
2020-05-16,4.685714285714283,13.742857142857146,2.8714285714285714,3.9714285714285715,10.200000000000001,0.0,287.14285714285717,0.42857142857142855,13.22857142857143,288.57142857142856,7.885714285714286
2020-05-17,4.428571428571426,15.485714285714286,4.385714285714286,3.6,9.62857142857143,0.0,294.2857142857143,0.0,12.214285714285714,295.7142857142857,9.471428571428572
2020-05-18,4.428571428571426,16.75714285714286,5.3428571428571425,3.2142857142857144,9.12857142857143,0.0,308.57142857142856,0.0,11.700000000000001,307.14285714285717,10.842857142857143
2020-05-19,2.099999999999998,18.1,6.457142857142857,3.400000000000001,9.200000000000001,0.0,307.14285714285717,0.0,11.77142857142857,305.7142857142857,12.085714285714285
2020-05-20,2.099999999999998,19.842857142857145,6.771428571428571,3.028571428571429,8.685714285714287,0.0,308.57142857142856,0.0,11.12857142857143,307.14285714285717,13.357142857142858
2020-05-21,2.099999999999998,21.200000000000006,7.714285714285714,2.742857142857143,8.114285714285714,0.0,290.0,0.0,10.22857142857143,288.57142857142856,14.62857142857143
2020-05-22,2.099999999999998,22.071428571428573,9.457142857142857,3.042857142857143,8.242857142857142,0.0,290.0,0.0,10.471428571428572,287.14285714285717,15.771428571428572
2020-05-23,0.0,23.271428571428576,9.214285714285714,2.8000000000000003,6.785714285714286,0.0,270.0,0.0,8.628571428571428,264.2857142857143,16.328571428571426
2020-05-24,0.0,24.542857142857144,9.442857142857141,2.8714285714285714,7.1000000000000005,0.0,270.0,0.0,8.885714285714286,267.14285714285717,17.32857142857143
2020-05-25,0.0,25.414285714285715,9.442857142857141,3.2428571428571433,7.485714285714286,0.0,247.14285714285714,0.0,9.4,247.14285714285714,17.87142857142857
2020-05-26,0.0,26.128571428571433,10.157142857142857,3.5142857142857147,7.857142857142857,0.0,227.14285714285714,0.0,10.171428571428573,225.71428571428572,18.542857142857144
2020-05-27,0.0,27.62857142857143,12.3,3.6428571428571432,7.985714285714286,0.0,205.71428571428572,0.0,10.299999999999999,207.14285714285714,20.04285714285714
2020-05-28,0.0,29.214285714285715,14.442857142857145,4.028571428571429,8.314285714285715,0.0,205.71428571428572,0.0,11.0,205.71428571428572,21.7
2020-05-29,0.0,29.771428571428572,15.785714285714286,4.385714285714286,8.828571428571427,0.0,205.71428571428572,0.0,11.642857142857142,207.14285714285714,22.685714285714287
2020-05-30,3.5571428571428547,29.771428571428576,17.214285714285715,4.928571428571429,9.528571428571428,0.0,218.57142857142858,0.0,12.728571428571428,225.71428571428572,23.342857142857138
2020-05-31,3.771428571428569,29.371428571428574,17.142857142857142,5.014285714285714,9.657142857142857,0.0,217.14285714285714,0.0,13.171428571428573,221.42857142857142,23.25714285714286
2020-06-01,3.8142857142857123,27.300000000000004,16.742857142857144,5.085714285714286,9.971428571428572,0.0,237.14285714285714,0.0,13.299999999999999,238.57142857142858,22.21428571428572
2020-06-02,3.857142857142855,25.871428571428574,15.071428571428571,4.557142857142858,9.6,0.0,257.14285714285717,0.0,12.457142857142857,260.0,20.728571428571428
2020-06-03,3.857142857142855,23.885714285714283,13.171428571428569,4.414285714285715,9.414285714285713,0.0,258.57142857142856,0.0,12.200000000000001,261.42857142857144,18.814285714285713
2020-06-04,3.999999999999998,21.271428571428572,11.828571428571431,3.9285714285714293,8.828571428571427,0.0,280.0,0.0,11.314285714285715,285.7142857142857,16.95714285714286
2020-06-05,4.04285714285714,21.028571428571432,10.171428571428573,3.2428571428571433,8.057142857142857,0.0,290.0,0.0,10.357142857142858,287.14285714285717,15.928571428571429
2020-06-06,0.48571428571428366,21.25714285714286,9.700000000000001,2.7428571428571433,7.485714285714286,0.0,278.57142857142856,0.0,9.457142857142857,271.42857142857144,15.728571428571428
2020-06-07,0.7857142857142837,22.057142857142857,10.014285714285716,2.6000000000000005,8.071428571428571,0.0,281.42857142857144,0.0,10.414285714285715,272.85714285714283,16.22857142857143
2020-06-08,0.7428571428571409,23.414285714285715,10.657142857142857,2.442857142857143,7.942857142857143,0.0,281.42857142857144,0.0,10.285714285714286,274.2857142857143,16.900000000000002
2020-06-09,0.6999999999999981,24.37142857142857,11.442857142857145,2.5142857142857147,7.814285714285714,0.0,287.14285714285717,0.0,10.22857142857143,275.7142857142857,17.9
2020-06-10,0.8857142857142837,24.7,12.542857142857143,2.3571428571428577,7.428571428571429,0.0,261.42857142857144,0.0,9.842857142857142,274.2857142857143,18.642857142857142
2020-06-11,0.7428571428571408,26.2,12.542857142857144,2.7142857142857144,8.12857142857143,0.0,235.71428571428572,0.0,10.857142857142858,245.71428571428572,19.32857142857143
2020-06-12,1.0999999999999979,26.271428571428572,13.171428571428574,3.2285714285714286,8.82857142857143,0.0,224.28571428571428,0.0,11.885714285714284,244.28571428571428,20.099999999999998
2020-06-13,1.0999999999999979,25.400000000000002,12.614285714285714,3.5571428571428574,9.328571428571427,0.0,238.57142857142858,0.0,12.585714285714287,260.0,19.514285714285712
2020-06-14,0.6285714285714264,23.25714285714286,11.742857142857142,3.442857142857143,8.371428571428572,0.0,237.14285714285714,0.0,11.057142857142859,260.0,17.985714285714288
2020-06-15,0.6285714285714264,22.928571428571427,11.5,3.085714285714286,7.6,0.0,234.28571428571428,0.0,10.285714285714286,258.57142857142856,17.65714285714286
2020-06-16,0.6285714285714264,23.085714285714285,11.428571428571429,2.985714285714286,7.342857142857143,0.0,232.85714285714286,0.0,9.900000000000002,255.71428571428572,17.62857142857143
2020-06-17,0.4428571428571408,24.028571428571432,10.871428571428572,2.9857142857142853,7.6000000000000005,0.0,274.2857142857143,0.0,10.157142857142857,265.7142857142857,17.928571428571427
2020-06-18,0.4428571428571408,24.585714285714285,10.87142857142857,2.642857142857143,7.1,0.0,277.14285714285717,0.0,9.328571428571427,270.0,18.300000000000004
2020-06-19,0.042857142857140824,25.142857142857142,10.785714285714286,2.3000000000000003,6.3999999999999995,0.0,278.57142857142856,0.0,8.3,268.57142857142856,18.3
2020-06-20,0.042857142857140824,26.099999999999998,12.142857142857142,2.028571428571429,5.828571428571428,0.0,265.7142857142857,0.0,7.6,254.28571428571428,19.342857142857145
2020-06-21,0.0,29.028571428571432,13.728571428571428,1.8714285714285717,5.628571428571429,0.0,235.71428571428572,0.0,7.285714285714286,225.71428571428572,21.414285714285715
2020-06-22,0.0,31.17142857142857,15.157142857142857,1.9714285714285715,5.885714285714286,0.0,228.57142857142858,0.0,7.614285714285715,204.28571428571428,23.357142857142858
2020-06-23,0.0,32.84285714285714,16.74285714285714,2.0142857142857147,6.271428571428571,0.0,224.28571428571428,0.0,8.185714285714285,204.28571428571428,24.928571428571427
2020-06-24,0.0,33.885714285714286,18.571428571428573,2.528571428571429,6.8999999999999995,0.0,208.57142857142858,0.0,9.085714285714285,195.71428571428572,26.271428571428572
2020-06-25,1.199999999999998,33.48571428571429,19.357142857142858,2.900000000000001,7.3999999999999995,0.0,207.14285714285714,0.0,9.857142857142858,192.85714285714286,26.75714285714286
2020-06-26,1.199999999999998,32.77142857142857,19.442857142857143,3.071428571428572,7.9142857142857155,0.0,207.14285714285714,0.0,10.5,191.42857142857142,26.442857142857143
2020-06-27,1.199999999999998,32.28571428571429,18.885714285714283,3.1000000000000005,8.114285714285714,0.0,228.57142857142858,0.0,10.685714285714285,214.28571428571428,25.885714285714283
2020-06-28,1.2428571428571409,31.34285714285715,18.885714285714283,3.542857142857143,8.428571428571429,0.0,237.14285714285714,0.0,11.385714285714286,224.28571428571428,25.314285714285713
2020-06-29,1.3571428571428552,30.242857142857144,18.728571428571428,3.642857142857143,8.628571428571428,0.0,225.71428571428572,0.0,11.571428571428571,227.14285714285714,24.542857142857144
2020-06-30,2.414285714285712,28.25714285714286,18.485714285714284,3.8714285714285714,8.3,0.0,228.57142857142858,0.0,11.12857142857143,230.0,23.485714285714284
2020-07-01,5.499999999999998,26.985714285714288,17.928571428571427,3.6714285714285717,8.3,0.0,248.57142857142858,0.0,11.057142857142859,251.42857142857142,22.428571428571427
2020-07-02,5.028571428571427,26.914285714285715,17.857142857142858,3.4,7.92857142857143,0.0,271.42857142857144,0.0,10.357142857142858,275.7142857142857,21.75714285714286
2020-07-03,5.028571428571427,27.62857142857143,18.328571428571426,3.1571428571428575,7.671428571428571,0.0,292.85714285714283,0.0,10.1,300.0,22.11428571428571
2020-07-04,5.214285714285713,27.714285714285715,18.557142857142857,3.1000000000000005,7.6,0.0,288.57142857142856,0.0,9.914285714285715,294.2857142857143,22.428571428571427
2020-07-05,5.171428571428569,28.114285714285717,18.47142857142857,2.7142857142857144,7.285714285714286,0.0,308.57142857142856,0.0,9.328571428571431,311.42857142857144,22.642857142857142
2020-07-06,5.057142857142855,28.671428571428578,18.157142857142855,2.5571428571428574,7.1571428571428575,0.0,314.2857142857143,0.0,9.514285714285714,330.0,22.885714285714283
2020-07-07,3.999999999999998,29.942857142857147,17.771428571428572,2.2285714285714286,7.1,0.0,310.0,0.0,9.385714285714286,327.14285714285717,23.228571428571428
2020-07-08,0.957142857142855,30.657142857142862,17.45714285714286,2.442857142857143,6.971428571428571,0.0,290.0,0.0,9.385714285714286,302.85714285714283,23.728571428571428
2020-07-09,1.999999999999998,31.12857142857143,17.928571428571427,2.6857142857142864,7.985714285714286,0.0,245.71428571428572,0.0,10.785714285714286,257.14285714285717,24.400000000000002
2020-07-10,1.999999999999998,31.371428571428574,18.085714285714285,2.742857142857143,7.8,0.0,224.28571428571428,0.0,10.4,235.71428571428572,24.614285714285717
2020-07-11,1.814285714285712,32.08571428571429,18.728571428571428,2.9571428571428577,7.8,0.0,197.14285714285714,0.0,10.457142857142857,211.42857142857142,25.142857142857142
2020-07-12,2.6857142857142833,32.24285714285715,19.442857142857143,3.357142857142857,8.37142857142857,0.0,178.57142857142858,0.0,11.3,191.42857142857142,25.457142857142856
2020-07-13,3.014285714285712,32.07142857142858,20.0,3.5285714285714285,8.557142857142857,0.0,192.85714285714286,0.0,11.3,192.85714285714286,25.72857142857143
2020-07-14,3.014285714285712,31.671428571428574,20.471428571428568,3.557142857142857,8.942857142857143,0.0,197.14285714285714,0.0,11.685714285714285,195.71428571428572,25.785714285714285
2020-07-15,2.971428571428569,30.871428571428574,20.785714285714285,3.2285714285714286,8.571428571428571,0.0,175.71428571428572,0.0,11.114285714285714,221.42857142857142,25.528571428571432
2020-07-16,1.1999999999999977,30.47142857142857,20.314285714285717,2.942857142857143,7.228571428571428,0.0,214.28571428571428,0.0,9.457142857142857,262.85714285714283,24.957142857142856
2020-07-17,1.1999999999999977,29.357142857142858,20.157142857142855,3.3000000000000003,7.8,0.0,211.42857142857142,0.0,10.228571428571428,261.42857142857144,24.542857142857144
2020-07-18,1.814285714285712,28.557142857142857,19.2,3.4142857142857146,8.371428571428572,0.0,218.57142857142858,0.0,11.12857142857143,267.14285714285717,23.542857142857144
2020-07-19,0.9428571428571407,28.871428571428574,18.642857142857142,3.128571428571429,7.8,0.0,217.14285714285714,0.0,10.228571428571428,268.57142857142856,23.428571428571427
2020-07-20,0.8714285714285693,29.671428571428574,18.714285714285715,3.3714285714285714,7.985714285714287,0.0,197.14285714285714,0.0,10.428571428571429,250.0,23.685714285714283
2020-07-21,0.9142857142857121,30.385714285714283,19.428571428571427,3.6714285714285717,7.985714285714286,0.0,188.57142857142858,0.0,10.557142857142859,244.28571428571428,24.37142857142857
2020-07-22,0.9142857142857121,30.7,19.357142857142858,3.685714285714286,8.042857142857143,0.0,234.28571428571428,0.0,10.614285714285714,240.0,24.7
2020-07-23,0.9142857142857121,30.62857142857143,19.271428571428572,3.6999999999999997,8.242857142857144,0.0,220.0,0.0,10.8,228.57142857142858,24.75714285714286
2020-07-24,2.3285714285714265,30.785714285714285,19.514285714285712,3.342857142857143,7.8,0.0,245.71428571428572,0.0,10.214285714285714,252.85714285714286,24.885714285714283
2020-07-25,1.714285714285712,30.785714285714285,19.599999999999998,2.942857142857143,6.971428571428571,0.0,261.42857142857144,0.0,9.185714285714285,274.2857142857143,25.099999999999998
2020-07-26,1.7142857142857122,30.47142857142857,19.214285714285715,2.7285714285714286,6.6571428571428575,0.0,270.0,0.0,8.8,282.85714285714283,24.857142857142858
2020-07-27,1.457142857142855,30.22857142857143,18.900000000000002,2.5571428571428574,6.342857142857143,0.0,278.57142857142856,0.0,8.414285714285715,285.7142857142857,24.62857142857143
2020-07-28,3.8857142857142835,30.38571428571429,18.74285714285714,2.4142857142857146,6.142857142857143,0.0,272.85714285714283,0.0,8.285714285714286,281.42857142857144,24.671428571428574
2020-07-29,3.9285714285714266,31.02857142857143,19.214285714285715,2.457142857142857,6.214285714285714,0.0,264.2857142857143,0.0,8.357142857142858,274.2857142857143,25.071428571428573
2020-07-30,4.071428571428569,31.342857142857145,19.37142857142857,2.542857142857143,6.4,0.0,281.42857142857144,0.0,8.8,287.14285714285717,25.414285714285715
2020-07-31,2.6571428571428553,31.5,19.214285714285715,2.542857142857143,6.714285714285714,0.0,280.0,0.0,9.257142857142856,287.14285714285717,25.400000000000002
2020-08-01,2.6571428571428553,31.5,18.97142857142857,2.5,6.714285714285714,0.0,240.0,0.0,9.071428571428571,285.7142857142857,25.285714285714285
2020-08-02,2.6571428571428553,31.414285714285715,18.97142857142857,2.5714285714285716,6.714285714285714,0.0,250.0,0.0,9.071428571428571,254.28571428571428,25.257142857142856
2020-08-03,7.414285714285712,30.942857142857147,19.214285714285715,2.6000000000000005,7.228571428571429,0.0,252.85714285714286,0.0,9.842857142857143,262.85714285714283,25.08571428571429
2020-08-04,4.94285714285714,29.985714285714288,18.728571428571428,2.7428571428571433,7.542857142857144,0.0,248.57142857142858,0.0,10.414285714285715,257.14285714285717,24.657142857142855
2020-08-05,13.97142857142857,28.400000000000002,18.32857142857143,2.885714285714286,8.371428571428572,0.0,252.85714285714286,0.0,11.557142857142859,262.85714285714283,23.62857142857143
2020-08-06,14.299999999999997,28.085714285714285,18.1,3.128571428571429,8.442857142857143,0.0,247.14285714285714,0.0,11.685714285714285,258.57142857142856,23.314285714285713
2020-08-07,14.299999999999997,27.771428571428572,17.228571428571428,3.1,7.928571428571429,0.0,240.0,0.0,11.042857142857143,248.57142857142858,22.857142857142858
2020-08-08,14.299999999999997,27.542857142857144,16.985714285714288,3.0428571428571436,7.742857142857143,0.0,265.7142857142857,0.0,10.857142857142858,228.57142857142858,22.599999999999998
2020-08-09,14.299999999999997,27.47142857142857,16.900000000000002,2.9714285714285715,7.614285714285715,0.0,272.85714285714283,0.0,10.799999999999999,225.71428571428572,22.485714285714288
2020-08-10,9.542857142857141,27.385714285714283,16.65714285714286,2.7285714285714286,7.171428571428572,0.0,278.57142857142856,0.0,10.028571428571427,231.42857142857142,22.38571428571429
2020-08-11,10.128571428571428,28.1,16.742857142857144,2.4714285714285715,7.371428571428572,0.0,297.14285714285717,0.0,10.028571428571428,250.0,22.24285714285714
2020-08-12,5.228571428571426,29.75714285714286,17.22857142857143,2.6000000000000005,7.814285714285715,0.0,284.2857142857143,0.0,10.799999999999999,235.71428571428572,23.128571428571426
2020-08-13,4.7571428571428545,30.22857142857143,17.614285714285714,2.2285714285714286,7.428571428571429,0.0,295.7142857142857,0.0,10.299999999999999,238.57142857142858,23.6
2020-08-14,4.7571428571428545,30.71428571428572,18.242857142857144,2.0571428571428574,7.242857142857143,0.0,301.42857142857144,0.0,10.114285714285716,248.57142857142858,24.0
2020-08-15,4.7571428571428545,30.871428571428574,18.571428571428573,2.2,7.757142857142858,0.0,320.0,0.0,10.614285714285716,265.7142857142857,24.25714285714286
2020-08-16,4.7571428571428545,30.78571428571429,18.32857142857143,2.257142857142857,8.014285714285714,0.0,287.14285714285717,0.0,10.742857142857144,314.2857142857143,24.12857142857143
2020-08-17,4.7571428571428545,30.62857142857143,18.085714285714285,2.4714285714285715,7.942857142857143,0.0,271.42857142857144,0.0,10.742857142857146,288.57142857142856,23.957142857142856
2020-08-18,4.357142857142855,29.514285714285712,17.614285714285714,2.5,7.371428571428572,0.0,251.42857142857142,0.0,9.985714285714286,265.7142857142857,23.45714285714286
2020-08-19,1.057142857142855,28.571428571428573,16.657142857142855,2.0714285714285716,6.414285714285714,0.0,227.14285714285714,0.0,8.514285714285714,244.28571428571428,22.671428571428574
2020-08-20,1.1285714285714266,27.542857142857144,15.785714285714286,2.1000000000000005,7.042857142857143,0.0,224.28571428571428,0.0,9.014285714285714,248.57142857142858,21.557142857142857
2020-08-21,1.1285714285714266,26.74285714285714,14.842857142857142,2.1142857142857143,7.042857142857143,0.0,204.28571428571428,0.0,8.942857142857143,224.28571428571428,20.728571428571428
2020-08-22,1.2428571428571407,26.271428571428576,15.071428571428571,2.2,6.971428571428571,0.0,185.71428571428572,0.0,9.071428571428571,205.71428571428572,20.514285714285712
2020-08-23,1.2428571428571407,25.871428571428574,15.4,2.2,7.1571428571428575,0.0,215.71428571428572,0.0,9.385714285714284,202.85714285714286,20.442857142857143
2020-08-24,1.5285714285714265,26.2,15.085714285714285,1.9285714285714288,6.8428571428571425,0.0,214.28571428571428,0.0,8.87142857142857,210.0,20.185714285714287
2020-08-25,1.9999999999999978,26.914285714285715,15.557142857142855,1.9714285714285715,7.285714285714286,0.0,217.14285714285714,0.0,9.628571428571428,212.85714285714286,20.6
2020-08-26,1.1285714285714266,27.142857142857142,15.799999999999999,2.5714285714285716,7.8,0.0,252.85714285714286,0.0,10.2,250.0,20.985714285714288
2020-08-27,1.057142857142855,26.742857142857144,15.485714285714284,3.028571428571429,8.0,0.0,254.28571428571428,0.0,10.457142857142857,251.42857142857142,20.9
2020-08-28,1.057142857142855,25.871428571428574,15.242857142857144,3.042857142857143,8.12857142857143,0.0,254.28571428571428,0.0,10.657142857142858,251.42857142857142,20.400000000000002
2020-08-29,0.9428571428571407,25.785714285714285,14.857142857142858,2.8714285714285714,7.871428571428572,0.0,278.57142857142856,0.0,10.157142857142857,265.7142857142857,20.057142857142857
2020-08-30,3.699999999999998,25.38571428571429,14.614285714285714,3.2571428571428576,8.7,0.0,274.2857142857143,0.0,11.114285714285714,262.85714285714283,19.657142857142855
2020-08-31,3.4142857142857124,24.114285714285717,14.700000000000001,3.8285714285714287,9.585714285714285,0.0,295.7142857142857,0.0,12.328571428571427,281.42857142857144,19.37142857142857
2020-09-01,2.757142857142856,23.242857142857144,13.514285714285714,3.6571428571428575,8.814285714285715,0.0,301.42857142857144,0.0,11.185714285714285,288.57142857142856,18.571428571428573
2020-09-02,2.757142857142856,22.771428571428572,13.028571428571428,3.2428571428571433,8.22857142857143,0.0,281.42857142857144,0.0,10.614285714285714,265.7142857142857,17.9
2020-09-03,2.97142857142857,23.242857142857144,13.985714285714286,3.242857142857143,8.357142857142856,0.0,260.0,0.0,11.071428571428571,244.28571428571428,18.457142857142856
2020-09-04,2.97142857142857,24.271428571428572,15.014285714285714,3.3714285714285714,8.614285714285714,0.0,258.57142857142856,0.0,11.442857142857141,242.85714285714286,19.52857142857143
2020-09-05,2.97142857142857,24.357142857142858,15.014285714285716,3.6571428571428575,8.814285714285715,0.0,252.85714285714286,0.0,11.942857142857145,230.0,19.814285714285713
2020-09-06,0.21428571428571225,24.357142857142858,14.614285714285716,3.4571428571428577,8.371428571428572,0.0,257.14285714285717,0.0,11.37142857142857,232.85714285714286,19.771428571428572
2020-09-07,0.21428571428571225,24.58571428571429,13.9,2.914285714285714,7.671428571428572,0.0,252.85714285714286,0.0,10.414285714285715,228.57142857142858,19.528571428571432
2020-09-08,0.21428571428571225,25.071428571428573,13.971428571428572,3.7142857142857144,9.085714285714287,0.0,241.42857142857142,0.0,12.385714285714284,220.0,19.75714285714286
2020-09-09,0.21428571428571225,25.38571428571429,14.528571428571427,3.7285714285714286,8.714285714285714,0.0,265.7142857142857,0.0,11.814285714285713,222.85714285714286,20.228571428571428
2020-09-10,0.0,25.62857142857143,14.12857142857143,3.4285714285714284,8.071428571428571,0.0,284.2857142857143,0.0,10.728571428571428,242.85714285714286,20.042857142857144
2020-09-11,0.042857142857140824,25.942857142857147,13.657142857142858,3.6285714285714294,8.314285714285715,0.0,260.0,0.0,11.057142857142855,245.71428571428572,19.757142857142856
2020-09-12,0.042857142857140824,24.82857142857143,12.614285714285714,3.528571428571429,8.242857142857142,0.0,261.42857142857144,0.0,10.799999999999999,265.7142857142857,18.771428571428572
2020-09-13,0.042857142857140824,24.6,11.742857142857142,3.471428571428572,7.985714285714286,0.0,241.42857142857142,0.0,10.6,245.71428571428572,18.014285714285716
2020-09-14,0.5857142857142836,24.6,12.285714285714286,4.228571428571429,9.014285714285714,0.0,224.28571428571428,0.0,11.942857142857141,232.85714285714286,18.1
2020-09-15,0.5857142857142836,23.642857142857142,11.728571428571428,3.8714285714285723,8.5,0.0,244.28571428571428,0.0,10.985714285714286,250.0,17.757142857142856
2020-09-16,0.5857142857142836,22.21428571428572,9.900000000000002,3.6142857142857148,8.428571428571429,0.0,221.42857142857142,0.0,10.985714285714286,248.57142857142858,16.114285714285717
2020-09-17,0.5857142857142836,21.814285714285717,9.585714285714287,4.271428571428571,9.328571428571427,0.0,202.85714285714286,0.0,12.314285714285713,230.0,15.628571428571428
2020-09-18,0.5428571428571408,20.542857142857144,9.185714285714287,4.1571428571428575,9.457142857142857,0.0,228.57142857142858,0.0,12.62857142857143,228.57142857142858,15.185714285714285
2020-09-19,0.5428571428571408,20.22857142857143,8.714285714285714,4.171428571428572,9.900000000000002,0.0,230.0,0.0,13.214285714285714,230.0,14.814285714285713
2020-09-20,0.5428571428571408,19.028571428571432,8.0,4.042857142857144,9.771428571428572,0.0,202.85714285714286,0.0,13.157142857142857,248.57142857142858,14.085714285714285
2020-09-21,0.0,17.92857142857143,6.185714285714286,3.2857142857142856,8.871428571428572,0.0,228.57142857142858,0.0,11.942857142857141,222.85714285714286,12.714285714285714
2020-09-22,0.0,17.614285714285717,5.157142857142857,2.8000000000000003,7.8428571428571425,0.0,227.14285714285714,0.0,10.799999999999999,215.71428571428572,11.5
2020-09-23,0.0,17.700000000000003,4.8428571428571425,2.942857142857143,8.1,0.0,248.57142857142858,0.0,10.985714285714286,237.14285714285714,11.27142857142857
2020-09-24,0.0,17.857142857142858,3.885714285714286,2.0714285714285716,7.014285714285714,0.0,268.57142857142856,0.0,9.4,257.14285714285717,10.914285714285715
2020-09-25,0.0,18.742857142857144,3.9714285714285715,2.0000000000000004,6.642857142857143,0.0,267.14285714285717,0.0,8.82857142857143,254.28571428571428,11.085714285714285
2020-09-26,0.0,19.771428571428572,4.685714285714285,1.642857142857143,5.885714285714286,0.0,265.7142857142857,0.0,7.671428571428571,250.0,11.700000000000001
2020-09-27,0.0,21.685714285714287,6.042857142857143,1.9571428571428573,6.328571428571428,0.0,291.42857142857144,0.0,8.057142857142857,230.0,13.157142857142857
2020-09-28,0.0,23.271428571428576,8.657142857142857,2.6000000000000005,6.842857142857143,0.0,265.7142857142857,0.0,8.828571428571427,257.14285714285717,15.228571428571428
2020-09-29,0.11428571428571226,24.300000000000004,11.442857142857141,3.0142857142857147,7.742857142857143,0.0,244.28571428571428,0.0,10.171428571428573,242.85714285714286,17.157142857142855
2020-09-30,2.042857142857141,25.414285714285715,13.185714285714285,3.3285714285714283,8.314285714285715,0.0,221.42857142857142,0.0,11.014285714285714,222.85714285714286,18.87142857142857
2020-10-01,7.528571428571427,24.700000000000006,14.142857142857142,3.657142857142857,8.814285714285715,0.0,220.0,0.0,11.714285714285714,220.0,19.014285714285712
2020-10-02,7.528571428571426,23.985714285714288,14.142857142857142,3.857142857142857,8.942857142857141,0.0,222.85714285714286,0.0,11.842857142857142,221.42857142857142,18.785714285714285
2020-10-03,9.557142857142853,22.71428571428572,13.828571428571427,3.942857142857143,9.457142857142857,0.0,217.14285714285714,0.0,12.671428571428573,220.0,18.142857142857142
2020-10-04,9.985714285714282,20.88571428571429,13.428571428571429,3.6142857142857143,8.885714285714286,0.0,231.42857142857142,0.0,11.971428571428572,235.71428571428572,17.02857142857143
2020-10-05,9.985714285714282,19.45714285714286,11.528571428571428,3.042857142857143,8.442857142857143,0.0,230.0,0.0,11.257142857142856,234.28571428571428,15.299999999999999
2020-10-06,9.871428571428568,18.58571428571429,9.771428571428572,2.757142857142857,7.928571428571429,0.0,235.71428571428572,0.0,10.357142857142858,244.28571428571428,13.9
2020-10-07,7.94285714285714,17.7,9.22857142857143,2.8142857142857145,7.742857142857143,0.0,237.14285714285714,0.0,10.1,245.71428571428572,12.942857142857141
2020-10-08,4.228571428571426,17.22857142857143,8.985714285714286,3.1571428571428575,8.071428571428571,0.0,241.42857142857142,0.0,10.857142857142858,245.71428571428572,12.985714285714284
2020-10-09,4.228571428571426,15.957142857142859,7.714285714285714,3.342857142857143,8.442857142857143,0.0,257.14285714285717,0.0,11.3,265.7142857142857,12.071428571428571
2020-10-10,2.199999999999997,16.114285714285717,6.457142857142857,3.6571428571428575,8.628571428571428,0.0,241.42857142857142,0.0,11.557142857142859,248.57142857142858,11.428571428571429
2020-10-11,3.257142857142854,17.3,7.014285714285714,4.542857142857143,9.585714285714285,0.0,227.14285714285714,0.0,13.014285714285714,235.71428571428572,12.357142857142858
2020-10-12,3.257142857142854,16.97142857142857,6.371428571428572,4.785714285714286,10.028571428571428,0.0,250.0,0.0,13.528571428571427,257.14285714285717,12.371428571428572
2020-10-13,3.257142857142854,16.657142857142862,5.185714285714285,4.928571428571429,10.285714285714286,0.0,240.0,0.0,13.914285714285715,244.28571428571428,11.657142857142858
2020-10-14,3.94285714285714,15.557142857142859,4.942857142857143,4.585714285714286,9.714285714285714,0.0,235.71428571428572,0.0,13.142857142857142,237.14285714285714,11.028571428571427
2020-10-15,2.171428571428568,16.028571428571432,4.228571428571429,3.9142857142857146,9.2,0.0,230.0,0.0,12.257142857142856,238.57142857142858,10.614285714285716
2020-10-16,2.357142857142854,18.014285714285716,4.942857142857143,4.028571428571429,9.714285714285714,0.0,212.85714285714286,0.0,13.085714285714285,221.42857142857142,11.328571428571427
2020-10-17,4.971428571428569,17.7,6.271428571428572,3.7142857142857144,9.142857142857142,0.0,190.0,0.0,12.200000000000001,197.14285714285714,12.114285714285714
2020-10-18,3.485714285714283,16.357142857142858,5.0,2.8714285714285723,8.257142857142858,0.0,208.57142857142858,0.0,10.985714285714284,212.85714285714286,11.0
2020-10-19,3.4857142857142827,16.528571428571432,5.0,3.0142857142857147,8.385714285714284,0.0,188.57142857142858,0.0,11.557142857142859,192.85714285714286,10.714285714285714
2020-10-20,4.428571428571425,16.200000000000003,6.742857142857143,3.3285714285714287,8.957142857142857,0.0,197.14285714285714,0.0,12.385714285714286,197.14285714285714,11.542857142857143
2020-10-21,3.999999999999997,16.671428571428574,6.742857142857142,3.6000000000000005,9.528571428571428,0.0,200.0,0.0,13.157142857142857,204.28571428571428,11.957142857142857
2020-10-22,4.7571428571428545,16.75714285714286,7.057142857142858,3.914285714285715,9.914285714285713,0.0,181.42857142857142,0.0,13.6,182.85714285714286,11.928571428571429
2020-10-23,4.5714285714285685,15.328571428571431,7.214285714285714,3.2142857142857144,8.314285714285715,0.0,202.85714285714286,0.0,11.242857142857142,165.71428571428572,11.642857142857142
2020-10-24,1.957142857142854,16.985714285714288,7.700000000000001,3.9285714285714284,9.142857142857142,0.0,227.14285714285714,0.0,12.585714285714285,190.0,12.342857142857143
2020-10-25,2.3857142857142826,17.614285714285717,8.17142857142857,4.685714285714286,10.028571428571427,0.0,207.14285714285714,0.0,13.928571428571429,170.0,13.1
2020-10-26,2.3857142857142826,16.414285714285718,8.014285714285714,4.5,9.700000000000001,0.0,227.14285714285714,0.0,13.171428571428573,188.57142857142858,12.685714285714285
2020-10-27,1.7285714285714255,15.542857142857144,6.828571428571428,4.214285714285714,9.128571428571428,0.0,248.57142857142858,0.0,12.214285714285714,190.0,11.557142857142855
2020-10-28,1.5142857142857111,14.42857142857143,5.642857142857143,3.985714285714286,8.614285714285716,0.0,272.85714285714283,0.0,11.442857142857145,211.42857142857142,10.471428571428572
2020-10-29,0.7571428571428541,13.15714285714286,4.7,3.885714285714286,8.228571428571428,0.0,274.2857142857143,0.0,11.0,212.85714285714286,9.414285714285715
2020-10-30,1.2714285714285685,12.114285714285717,3.8285714285714283,4.085714285714286,8.814285714285713,0.0,277.14285714285717,0.0,11.757142857142858,202.85714285714286,8.471428571428572
2020-10-31,1.2714285714285685,9.100000000000003,1.542857142857143,3.7285714285714286,8.242857142857144,0.0,298.57142857142856,0.0,10.914285714285715,224.28571428571428,6.2
2020-11-01,0.8428571428571399,7.35714285714286,-0.27142857142857135,3.142857142857143,7.728571428571429,0.0,300.0,0.0,9.9,225.71428571428572,4.014285714285714
2020-11-02,1.3142857142857112,7.914285714285717,-0.028571428571428532,3.6571428571428575,8.442857142857143,0.0,280.0,0.0,11.042857142857143,205.71428571428572,3.9857142857142853
2020-11-03,1.2142857142857113,7.528571428571431,-0.6571428571428571,4.185714285714286,9.342857142857143,0.0,275.7142857142857,4.0,12.514285714285716,220.0,3.6714285714285713
2020-11-04,1.2857142857142827,6.900000000000003,-0.9714285714285713,4.514285714285714,10.171428571428573,4.285714285714286,272.85714285714283,4.714285714285714,13.6,218.57142857142858,2.942857142857143
2020-11-05,1.2857142857142827,7.214285714285716,-1.3571428571428572,5.028571428571429,10.614285714285716,4.285714285714286,272.85714285714283,4.714285714285714,14.242857142857142,220.0,2.814285714285714
2020-11-06,0.7714285714285684,8.800000000000002,0.07142857142857142,5.6571428571428575,11.185714285714285,4.285714285714286,247.14285714285714,4.714285714285714,15.214285714285714,245.71428571428572,4.014285714285714
2020-11-07,0.7714285714285685,11.271428571428572,2.5142857142857147,5.8,11.428571428571429,4.285714285714286,227.14285714285714,4.714285714285714,15.471428571428572,225.71428571428572,6.257142857142857
2020-11-08,0.7714285714285685,13.500000000000002,4.414285714285715,5.685714285714285,11.185714285714285,4.285714285714286,227.14285714285714,4.714285714285714,15.214285714285714,228.57142857142858,8.485714285714286
2020-11-09,0.299999999999997,15.085714285714287,4.885714285714286,4.885714285714286,10.157142857142857,4.285714285714286,227.14285714285714,4.714285714285714,13.685714285714285,230.0,9.62857142857143
2020-11-10,0.11428571428571124,17.38571428571429,5.514285714285714,4.214285714285714,9.071428571428571,4.285714285714286,208.57142857142858,0.7142857142857143,12.085714285714285,214.28571428571428,10.842857142857142
2020-11-11,0.0,20.157142857142862,6.928571428571429,4.114285714285715,8.557142857142859,0.0,188.57142857142858,0.0,11.442857142857145,191.42857142857142,13.142857142857142
2020-11-12,0.07142857142856839,21.114285714285717,9.3,4.1000000000000005,8.557142857142857,0.0,188.57142857142858,0.0,11.685714285714287,188.57142857142858,15.285714285714286
2020-11-13,0.07142857142856839,20.571428571428577,7.557142857142857,3.571428571428572,8.22857142857143,0.0,164.28571428571428,0.0,11.042857142857143,207.14285714285714,14.685714285714285
2020-11-14,0.11428571428571124,18.428571428571427,5.428571428571429,3.2285714285714286,7.985714285714286,0.0,157.14285714285714,0.0,10.728571428571428,201.42857142857142,12.571428571428573
2020-11-15,0.11428571428571124,16.28571428571429,4.014285714285714,3.400000000000001,8.114285714285714,0.0,171.42857142857142,0.0,11.114285714285714,210.0,11.142857142857142
2020-11-16,1.7857142857142827,14.22857142857143,2.528571428571429,3.657142857142858,8.242857142857142,0.0,168.57142857142858,0.0,11.428571428571429,202.85714285714286,9.385714285714286
2020-11-17,2.0714285714285685,12.242857142857144,2.3714285714285714,4.128571428571429,8.942857142857143,0.0,178.57142857142858,0.0,12.642857142857142,212.85714285714286,8.714285714285714
2020-11-18,2.0714285714285685,9.785714285714288,0.8000000000000002,4.128571428571429,9.071428571428571,0.0,198.57142857142858,0.0,12.9,231.42857142857142,6.885714285714286
2020-11-19,1.999999999999997,6.5428571428571445,-2.5285714285714285,3.914285714285715,8.942857142857143,0.0,217.14285714285714,0.42857142857142855,12.528571428571428,254.28571428571428,3.685714285714286
2020-11-20,1.999999999999997,5.428571428571431,-3.557142857142857,4.585714285714286,9.657142857142857,0.0,242.85714285714286,0.42857142857142855,13.614285714285716,235.71428571428572,1.8714285714285714
2020-11-21,1.957142857142854,6.528571428571431,-2.1428571428571423,5.171428571428572,10.542857142857143,0.0,248.57142857142858,0.42857142857142855,14.62857142857143,241.42857142857142,2.9714285714285715
2020-11-22,1.957142857142854,7.314285714285717,-1.4428571428571426,5.257142857142858,10.72857142857143,0.0,251.42857142857142,0.42857142857142855,14.757142857142858,245.71428571428572,3.557142857142857
2020-11-23,0.28571428571428265,7.000000000000002,-1.3714285714285712,5.014285714285714,10.542857142857143,0.0,255.71428571428572,0.42857142857142855,14.314285714285715,252.85714285714286,3.5714285714285716
2020-11-24,0.7999999999999969,6.914285714285716,-1.5285714285714285,4.928571428571429,10.214285714285714,0.0,267.14285714285717,0.42857142857142855,13.742857142857144,261.42857142857144,3.2428571428571433
2020-11-25,0.7999999999999969,6.514285714285715,-1.9285714285714284,4.957142857142857,10.285714285714286,0.0,267.14285714285717,0.42857142857142855,13.814285714285713,264.2857142857143,2.7142857142857144
2020-11-26,1.1285714285714255,7.928571428571431,-1.4428571428571426,4.728571428571429,9.971428571428572,0.0,247.14285714285714,4.714285714285714,13.357142857142858,241.42857142857142,3.085714285714286
2020-11-27,2.04285714285714,8.400000000000002,0.2142857142857146,3.8857142857142857,8.557142857142857,0.0,245.71428571428572,4.714285714285714,12.449999999999998,250.0,4.3428571428571425
2020-11-28,2.04285714285714,7.771428571428573,-0.09999999999999964,3.142857142857143,7.285714285714286,0.0,220.0,4.714285714285714,10.6,220.0,4.028571428571429
2020-11-29,2.299999999999997,7.05714285714286,-0.0999999999999998,2.7428571428571433,6.8999999999999995,0.0,215.71428571428572,4.714285714285714,10.0,215.0,3.542857142857143
2020-11-30,2.299999999999997,7.528571428571431,0.44285714285714306,3.042857142857143,7.028571428571429,0.0,215.71428571428572,4.714285714285714,10.299999999999999,213.33333333333334,3.9857142857142853
2020-12-01,3.9285714285714257,8.328571428571431,0.12857142857142878,2.7285714285714286,7.414285714285714,0.0,187.14285714285714,4.714285714285714,10.75,181.66666666666666,3.9857142857142853
2020-12-02,4.214285714285711,10.714285714285717,1.6285714285714288,2.7,7.799999999999999,0.0,170.0,4.714285714285714,11.566666666666668,161.66666666666666,5.714285714285714
2020-12-03,3.999999999999997,10.400000000000002,2.2428571428571433,3.028571428571429,8.057142857142859,0.0,171.42857142857142,0.7142857142857143,11.949999999999998,158.33333333333334,6.3999999999999995
2020-12-04,3.0857142857142827,9.842857142857145,1.4571428571428573,3.485714285714286,8.885714285714286,0.0,172.85714285714286,0.7142857142857143,11.971428571428572,164.28571428571428,5.771428571428572
2020-12-05,3.1571428571428544,9.600000000000003,1.285714285714286,3.842857142857143,9.585714285714287,0.0,197.14285714285714,0.7142857142857143,13.057142857142859,190.0,5.457142857142857
2020-12-06,2.8999999999999972,9.200000000000001,0.9000000000000002,4.4714285714285715,10.485714285714286,0.0,207.14285714285714,0.7142857142857143,14.142857142857142,204.28571428571428,5.2
2020-12-07,2.8999999999999972,7.857142857142859,0.6000000000000002,4.871428571428572,11.057142857142855,0.0,224.28571428571428,0.7142857142857143,14.971428571428572,224.28571428571428,4.385714285714285
2020-12-08,0.47142857142856837,5.72857142857143,0.1285714285714288,5.071428571428571,10.428571428571429,0.0,250.0,0.7142857142857143,14.071428571428571,251.42857142857142,3.3142857142857145
2020-12-09,0.2571428571428541,2.5714285714285734,-1.3714285714285712,4.914285714285714,9.471428571428572,4.285714285714286,267.14285714285717,4.714285714285714,12.599999999999998,270.0,1.042857142857143
2020-12-10,0.5428571428571398,1.9428571428571448,-2.071428571428571,4.642857142857143,9.214285714285714,4.285714285714286,267.14285714285717,10.571428571428571,12.214285714285714,272.85714285714283,0.05714285714285726
2020-12-11,0.5428571428571398,1.3857142857142877,-2.071428571428571,4.271428571428571,8.842857142857143,15.714285714285714,282.85714285714283,11.0,11.828571428571427,287.14285714285717,-0.014285714285714204
2020-12-12,0.47142857142856837,1.3857142857142877,-2.8428571428571425,4.128571428571428,8.771428571428572,20.0,284.2857142857143,11.0,11.757142857142856,285.7142857142857,-0.42857142857142855
2020-12-13,0.6142857142857112,1.8714285714285734,-2.5428571428571423,3.6,7.814285714285715,20.0,258.57142857142856,11.0,10.542857142857143,260.0,-0.45714285714285713
2020-12-14,0.6142857142857112,3.5285714285714307,-2.242857142857143,3.2857142857142856,7.557142857142857,20.0,245.71428571428572,11.0,10.1,242.85714285714286,0.8714285714285713
2020-12-15,0.6142857142857112,4.142857142857145,-1.8428571428571427,3.0714285714285716,8.12857142857143,20.0,244.28571428571428,11.428571428571429,10.87142857142857,240.0,1.3714285714285714
2020-12-16,0.5428571428571398,4.600000000000001,-2.7857142857142856,3.528571428571429,9.142857142857142,15.714285714285714,240.0,7.428571428571429,12.214285714285714,235.71428571428572,1.3571428571428572
2020-12-17,0.14285714285713982,3.1857142857142873,-4.214285714285714,3.342857142857143,8.700000000000001,15.714285714285714,258.57142857142856,0.8571428571428571,11.514285714285716,212.85714285714286,0.07142857142857142
2020-12-18,1.0142857142857111,1.6142857142857163,-5.957142857142856,3.5,8.7,8.571428571428571,265.7142857142857,9.571428571428571,11.442857142857141,220.0,-1.4857142857142858
2020-12-19,1.057142857142854,-0.3571428571428554,-8.1,3.3857142857142857,8.200000000000001,15.714285714285714,290.0,9.571428571428571,10.557142857142855,245.71428571428572,-3.4714285714285715
2020-12-20,0.9142857142857111,-1.9285714285714266,-10.700000000000001,3.4,8.071428571428571,27.142857142857142,292.85714285714283,9.571428571428571,10.242857142857144,245.71428571428572,-5.628571428571429
2020-12-21,1.1285714285714255,-3.3571428571428554,-11.242857142857144,3.5714285714285716,8.071428571428571,34.285714285714285,285.7142857142857,12.428571428571429,10.371428571428572,244.28571428571428,-7.0857142857142845
2020-12-22,1.1285714285714255,-3.1999999999999984,-11.014285714285714,3.542857142857143,7.5,45.714285714285715,268.57142857142856,12.0,9.728571428571428,227.14285714285714,-6.928571428571429
2020-12-23,1.2714285714285685,-2.642857142857141,-9.585714285714287,3.071428571428572,7.057142857142857,52.857142857142854,268.57142857142856,14.142857142857142,9.471428571428573,225.71428571428572,-6.142857142857143
2020-12-24,1.2714285714285685,-0.9999999999999981,-8.314285714285713,3.3142857142857145,8.014285714285714,60.0,250.0,14.142857142857142,10.814285714285715,251.42857142857142,-4.742857142857143
2020-12-25,0.9428571428571397,1.9285714285714306,-6.028571428571428,3.7,8.9,55.714285714285715,225.71428571428572,5.0,12.157142857142857,227.14285714285714,-2.642857142857143
2020-12-26,2.357142857142854,5.485714285714288,-3.2714285714285714,4.4714285714285715,9.785714285714286,44.285714285714285,194.28571428571428,5.0,13.942857142857145,195.71428571428572,1.014285714285714
2020-12-27,2.5714285714285685,6.414285714285716,-1.3714285714285708,4.842857142857143,10.414285714285715,37.142857142857146,194.28571428571428,8.285714285714286,14.771428571428572,197.14285714285714,2.8857142857142857
2020-12-28,2.357142857142854,6.342857142857146,-1.3714285714285708,4.4,10.028571428571428,34.285714285714285,192.85714285714286,5.428571428571429,14.185714285714287,191.42857142857142,2.871428571428571
2020-12-29,2.357142857142854,6.671428571428573,-1.4571428571428566,5.028571428571429,10.599999999999998,22.857142857142858,191.42857142857142,5.428571428571429,15.142857142857144,192.85714285714286,2.8571428571428568
2020-12-30,2.257142857142854,6.271428571428573,-2.4857142857142853,5.257142857142858,10.657142857142857,15.714285714285714,194.28571428571428,3.7142857142857144,14.885714285714286,192.85714285714286,2.357142857142857
2020-12-31,2.257142857142854,6.271428571428573,-3.1285714285714286,5.514285714285714,11.042857142857143,8.571428571428571,194.28571428571428,3.7142857142857144,15.585714285714287,190.0,1.8999999999999992
2021-01-01,1.7142857142857113,5.071428571428574,-4.057142857142856,5.228571428571429,10.914285714285713,8.571428571428571,195.71428571428572,3.7142857142857144,15.528571428571428,190.0,1.4428571428571426
2021-01-02,0.3285714285714255,2.6142857142857165,-5.071428571428571,4.385714285714285,9.828571428571427,8.571428571428571,200.0,4.428571428571429,13.671428571428569,194.28571428571428,-0.8142857142857147
2021-01-03,1.857142857142854,2.2285714285714304,-4.985714285714286,4.171428571428572,9.828571428571427,18.571428571428573,220.0,22.857142857142858,13.857142857142858,212.85714285714286,-1.2142857142857146
2021-01-04,2.114285714285711,2.1428571428571446,-4.742857142857142,4.142857142857143,9.642857142857142,35.714285714285715,215.71428571428572,26.428571428571427,13.542857142857143,210.0,-1.085714285714286
2021-01-05,2.114285714285711,1.657142857142859,-4.885714285714285,3.400000000000001,8.557142857142857,54.285714285714285,237.14285714285714,26.857142857142858,11.757142857142856,230.0,-1.328571428571429
2021-01-06,2.0714285714285685,1.500000000000002,-3.942857142857142,3.185714285714286,7.8571428571428585,72.85714285714286,241.42857142857142,26.428571428571427,10.742857142857144,235.71428571428572,-1.2285714285714289
2021-01-07,2.1428571428571397,0.9571428571428593,-3.142857142857142,2.842857142857143,6.8999999999999995,91.42857142857143,265.7142857142857,27.857142857142858,9.2,212.85714285714286,-0.828571428571429
2021-01-08,2.1428571428571397,0.10000000000000206,-3.3142857142857136,2.8000000000000003,6.142857142857143,110.0,240.0,27.857142857142858,7.9142857142857155,238.57142857142858,-1.642857142857143
2021-01-09,2.0714285714285685,-0.5999999999999979,-4.428571428571428,3.0714285714285716,6.6000000000000005,124.28571428571429,265.7142857142857,27.142857142857142,8.357142857142858,262.85714285714283,-2.1428571428571432
2021-01-10,0.3285714285714255,-0.9857142857142837,-5.542857142857143,3.1000000000000005,6.357142857142857,124.28571428571429,220.0,5.428571428571429,7.971428571428571,220.0,-2.900000000000001
2021-01-11,0.07142857142856839,-1.2857142857142836,-6.657142857142857,3.085714285714286,6.485714285714286,117.14285714285714,248.57142857142858,1.8571428571428572,8.17142857142857,248.57142857142858,-3.3000000000000003
2021-01-12,0.07142857142856839,-1.7428571428571409,-8.17142857142857,3.2285714285714286,6.871428571428572,112.85714285714286,230.0,2.5714285714285716,8.557142857142857,231.42857142857142,-4.200000000000001
2021-01-13,0.07142857142856839,-1.499999999999998,-8.014285714285714,3.0,6.814285714285715,108.57142857142857,210.0,2.5714285714285716,8.485714285714286,211.42857142857142,-4.114285714285715
2021-01-14,0.0,-1.114285714285712,-7.457142857142856,3.042857142857143,6.742857142857143,104.28571428571429,185.71428571428572,1.1428571428571428,8.428571428571429,234.28571428571428,-3.7142857142857144
2021-01-15,0.0,-0.4857142857142836,-6.671428571428571,2.714285714285715,6.542857142857143,100.0,211.42857142857142,1.1428571428571428,8.314285714285713,210.0,-3.028571428571429
2021-01-16,0.0,0.6142857142857163,-5.799999999999999,2.5142857142857147,6.785714285714286,100.0,181.42857142857142,1.1428571428571428,9.085714285714285,180.0,-2.385714285714286
2021-01-17,2.5714285714285685,1.4714285714285735,-4.142857142857142,2.328571428571429,6.528571428571429,100.0,224.28571428571428,12.714285714285714,8.714285714285714,201.42857142857142,-1.1857142857142862
2021-01-18,2.9285714285714257,2.1714285714285735,-2.7285714285714278,2.5714285714285716,6.785714285714286,114.28571428571429,214.28571428571428,16.285714285714285,9.214285714285714,191.42857142857142,-0.40000000000000036
2021-01-19,3.357142857142854,2.3142857142857163,-2.2428571428571424,2.7142857142857144,7.1571428571428575,135.71428571428572,232.85714285714286,30.428571428571427,9.657142857142857,210.0,0.19999999999999968
2021-01-20,3.3999999999999972,1.842857142857145,-3.7428571428571424,2.685714285714286,7.157142857142858,154.28571428571428,230.0,30.857142857142858,9.728571428571428,207.14285714285714,-0.7285714285714288
2021-01-21,3.7285714285714255,1.457142857142859,-5.885714285714285,2.485714285714286,7.285714285714286,172.85714285714286,248.57142857142858,40.285714285714285,9.914285714285715,227.14285714285714,-1.2714285714285718
2021-01-22,3.799999999999997,0.9857142857142878,-8.1,2.985714285714286,7.800000000000002,194.28571428571428,248.57142857142858,42.857142857142854,10.485714285714286,227.14285714285714,-2.8000000000000003
2021-01-23,3.799999999999997,0.5857142857142877,-8.17142857142857,3.2285714285714286,7.557142857142857,212.85714285714286,257.14285714285717,43.57142857142857,9.785714285714286,235.71428571428572,-2.785714285714286
2021-01-24,1.3714285714285683,-0.8285714285714266,-9.985714285714284,3.685714285714286,8.0,238.57142857142858,257.14285714285717,39.285714285714285,10.414285714285715,257.14285714285717,-4.2
2021-01-25,1.0142857142857111,-2.1714285714285695,-11.87142857142857,3.6571428571428575,8.114285714285716,250.0,264.2857142857143,35.714285714285715,10.357142857142858,265.7142857142857,-5.942857142857143
2021-01-26,0.5857142857142826,-2.6285714285714263,-13.142857142857142,3.2571428571428576,7.1571428571428575,247.14285714285714,238.57142857142858,20.428571428571427,10.366666666666665,255.0,-7.185714285714286
2021-01-27,0.6142857142857112,-2.4714285714285693,-12.514285714285714,3.2428571428571433,7.157142857142858,242.85714285714286,230.0,22.142857142857142,10.216666666666667,246.66666666666666,-6.9
2021-01-28,0.3571428571428541,-2.542857142857141,-10.771428571428572,3.128571428571429,6.714285714285715,242.85714285714286,185.71428571428572,14.857142857142858,9.633333333333333,253.33333333333334,-6.785714285714286
2021-01-29,0.28571428571428265,-3.0142857142857125,-10.442857142857141,3.085714285714286,6.842857142857143,240.0,204.28571428571428,12.285714285714286,9.7,271.6666666666667,-6.185714285714286
2021-01-30,0.28571428571428265,-4.899999999999998,-11.957142857142857,3.242857142857143,7.214285714285714,240.0,220.0,11.571428571428571,10.15,296.6666666666667,-8.071428571428571
2021-01-31,0.14285714285713982,-5.614285714285712,-12.985714285714284,3.0000000000000004,6.828571428571428,232.85714285714286,224.28571428571428,5.714285714285714,9.483333333333333,300.0,-8.799999999999999
2021-02-01,0.14285714285713982,-5.999999999999998,-14.185714285714287,2.628571428571429,6.128571428571428,225.71428571428572,224.28571428571428,5.714285714285714,8.433333333333334,298.3333333333333,-9.528571428571428
2021-02-02,0.14285714285713982,-6.557142857142855,-14.742857142857142,2.7285714285714286,6.457142857142857,221.42857142857142,248.57142857142858,5.714285714285714,8.0,301.42857142857144,-10.142857142857142
2021-02-03,1.199999999999997,-6.785714285714284,-15.142857142857142,3.3714285714285714,7.157142857142857,225.71428571428572,281.42857142857144,36.285714285714285,8.957142857142857,332.85714285714283,-10.428571428571429
2021-02-04,1.3428571428571399,-6.557142857142856,-15.057142857142855,3.9571428571428577,7.985714285714286,244.28571428571428,328.57142857142856,39.57142857142857,10.042857142857143,330.0,-10.357142857142858
2021-02-05,1.3857142857142828,-5.77142857142857,-14.428571428571429,3.585714285714286,7.414285714285714,262.85714285714283,332.85714285714283,40.0,9.414285714285715,337.14285714285717,-9.771428571428572
2021-02-06,2.04285714285714,-3.4857142857142835,-13.471428571428572,3.5142857142857147,7.542857142857143,277.14285714285717,315.7142857142857,46.857142857142854,9.928571428571429,315.7142857142857,-8.142857142857142
2021-02-07,2.04285714285714,-1.9142857142857124,-11.5,3.6428571428571432,7.985714285714287,291.42857142857144,304.2857142857143,45.42857142857143,10.700000000000001,301.42857142857144,-6.442857142857143
2021-02-08,2.0857142857142827,-0.7285714285714265,-10.071428571428571,4.071428571428572,8.885714285714286,305.7142857142857,301.42857142857144,47.285714285714285,11.985714285714284,297.14285714285717,-4.857142857142857
2021-02-09,2.0857142857142827,-0.3285714285714265,-8.957142857142856,4.242857142857143,9.514285714285716,320.0,304.2857142857143,47.285714285714285,12.742857142857144,297.14285714285717,-3.6285714285714286
2021-02-10,1.3857142857142826,-0.5714285714285693,-9.27142857142857,3.5,8.485714285714286,330.0,267.14285714285717,24.0,11.457142857142857,262.85714285714283,-3.8857142857142852
2021-02-11,1.2142857142857113,-1.0428571428571407,-10.7,3.0,8.042857142857143,330.0,267.14285714285717,19.714285714285715,10.742857142857144,260.0,-4.471428571428571
2021-02-12,1.1714285714285684,-2.071428571428569,-11.485714285714284,3.1428571428571432,8.485714285714286,325.7142857142857,265.7142857142857,19.285714285714285,11.242857142857144,258.57142857142856,-5.7
2021-02-13,0.5142857142857112,-4.128571428571426,-12.757142857142854,2.842857142857143,7.6000000000000005,325.7142857142857,290.0,12.428571428571429,9.957142857142857,232.85714285714286,-7.3999999999999995
2021-02-14,0.5142857142857112,-5.4571428571428555,-14.899999999999997,2.5000000000000004,6.771428571428572,325.7142857142857,302.85714285714283,12.428571428571429,8.742857142857144,248.57142857142858,-9.4
2021-02-15,0.47142857142856837,-5.54285714285714,-15.057142857142855,2.071428571428572,5.942857142857143,325.7142857142857,305.7142857142857,10.571428571428571,7.457142857142856,252.85714285714286,-10.0
2021-02-16,0.5428571428571398,-5.628571428571427,-14.985714285714284,1.8571428571428574,5.442857142857143,325.7142857142857,304.2857142857143,11.714285714285714,6.757142857142857,251.42857142857142,-10.185714285714285
2021-02-17,2.357142857142854,-4.842857142857141,-14.428571428571427,2.242857142857143,6.6571428571428575,341.42857142857144,332.85714285714283,17.571428571428573,8.485714285714286,277.14285714285717,-9.5
2021-02-18,2.314285714285711,-4.999999999999998,-14.27142857142857,2.3571428571428577,7.028571428571429,344.2857142857143,324.2857142857143,16.428571428571427,9.12857142857143,270.0,-9.728571428571428
2021-02-19,2.314285714285711,-4.7571428571428545,-14.042857142857143,2.0142857142857147,6.257142857142857,351.42857142857144,322.85714285714283,16.428571428571427,8.171428571428573,267.14285714285717,-9.614285714285714
2021-02-20,2.3857142857142826,-3.399999999999998,-12.614285714285712,1.8000000000000005,6.257142857142857,358.57142857142856,317.14285714285717,19.714285714285715,7.914285714285714,311.42857142857144,-8.357142857142858
2021-02-21,2.3857142857142826,-2.457142857142855,-11.014285714285714,2.042857142857143,6.8428571428571425,370.0,317.14285714285717,19.714285714285715,8.671428571428573,308.57142857142856,-6.928571428571429
2021-02-22,2.3857142857142826,-2.299999999999998,-10.771428571428572,2.2,7.028571428571429,377.14285714285717,317.14285714285717,19.714285714285715,9.057142857142859,310.0,-6.257142857142857
2021-02-23,2.5285714285714254,-1.5142857142857122,-10.685714285714285,2.771428571428572,8.042857142857143,385.7142857142857,298.57142857142856,25.428571428571427,10.528571428571428,291.42857142857144,-5.757142857142858
2021-02-24,0.3999999999999969,-1.1999999999999977,-9.428571428571429,2.757142857142857,7.471428571428571,385.7142857142857,282.85714285714283,10.142857142857142,9.828571428571427,280.0,-4.957142857142857
2021-02-25,0.44285714285713984,0.4571428571428592,-7.4571428571428555,2.9285714285714284,7.228571428571429,378.57142857142856,268.57142857142856,10.142857142857142,9.771428571428572,270.0,-3.257142857142857
2021-02-26,0.5857142857142826,1.8714285714285734,-6.428571428571428,3.6142857142857143,8.7,371.42857142857144,270.0,12.0,11.757142857142856,271.42857142857144,-1.8285714285714287
2021-02-27,0.5142857142857112,2.100000000000002,-6.342857142857142,3.828571428571429,9.214285714285714,360.0,271.42857142857144,8.714285714285714,12.457142857142856,271.42857142857144,-1.6714285714285713
2021-02-28,0.699999999999997,3.285714285714288,-5.7142857142857135,4.042857142857143,9.971428571428572,344.2857142857143,248.57142857142858,8.714285714285714,13.742857142857144,252.85714285714286,-0.9
2021-03-01,0.699999999999997,4.314285714285716,-4.371428571428571,4.142857142857143,10.542857142857143,330.0,228.57142857142858,8.714285714285714,14.514285714285714,231.42857142857142,0.2285714285714286
2021-03-02,0.699999999999997,5.028571428571431,-4.2142857142857135,4.442857142857143,11.185714285714285,307.14285714285717,248.57142857142858,2.2857142857142856,15.285714285714286,251.42857142857142,1.4000000000000001
2021-03-03,0.5857142857142827,3.614285714285716,-6.428571428571428,4.814285714285715,12.342857142857143,277.14285714285717,265.7142857142857,2.2857142857142856,17.071428571428573,267.14285714285717,-0.3285714285714287
2021-03-04,0.6857142857142826,2.514285714285716,-7.842857142857142,4.571428571428572,12.085714285714287,262.85714285714283,267.14285714285717,5.857142857142857,16.485714285714288,264.2857142857143,-1.5714285714285714
2021-03-05,0.5857142857142826,1.4142857142857161,-8.157142857142857,4.542857142857143,11.442857142857141,244.28571428571428,265.7142857142857,4.0,15.657142857142858,268.57142857142856,-2.2714285714285714
2021-03-06,0.5857142857142826,0.7142857142857163,-8.557142857142855,5.071428571428571,11.757142857142858,230.0,265.7142857142857,4.0,16.371428571428574,271.42857142857144,-2.8142857142857145
2021-03-07,0.39999999999999697,-0.6999999999999978,-9.185714285714285,4.928571428571429,11.114285714285714,215.71428571428572,280.0,4.0,15.028571428571428,288.57142857142856,-3.9
2021-03-08,0.3999999999999969,-1.8857142857142837,-10.457142857142856,4.8,10.542857142857143,204.28571428571428,302.85714285714283,4.0,14.257142857142858,311.42857142857144,-5.3
2021-03-09,0.18571428571428267,-2.528571428571426,-10.928571428571429,4.014285714285714,9.142857142857142,204.28571428571428,282.85714285714283,3.5714285714285716,12.585714285714287,292.85714285714283,-6.8
2021-03-10,0.18571428571428267,-0.8714285714285693,-9.171428571428569,3.6000000000000005,8.171428571428573,204.28571428571428,288.57142857142856,3.5714285714285716,10.671428571428573,297.14285714285717,-4.942857142857143
2021-03-11,0.04285714285713981,0.8571428571428592,-8.7,3.8857142857142857,9.057142857142859,197.14285714285714,288.57142857142856,0.0,11.757142857142856,297.14285714285717,-3.9285714285714284
2021-03-12,0.0,3.6285714285714303,-6.57142857142857,4.228571428571429,9.442857142857145,180.0,268.57142857142856,0.0,12.385714285714284,271.42857142857144,-1.9142857142857144
2021-03-13,0.04285714285713981,6.142857142857145,-5.228571428571428,4.242857142857143,10.271428571428572,151.42857142857142,267.14285714285717,0.7142857142857143,13.214285714285714,267.14285714285717,0.771428571428571
2021-03-14,0.04285714285713981,7.157142857142859,-4.685714285714285,4.228571428571429,10.657142857142858,122.85714285714286,271.42857142857144,0.7142857142857143,14.171428571428573,268.57142857142856,1.7142857142857137
2021-03-15,0.04285714285713981,7.471428571428574,-4.514285714285713,5.114285714285714,11.942857142857145,94.28571428571429,268.57142857142856,0.7142857142857143,15.9,268.57142857142856,2.4142857142857137
2021-03-16,0.04285714285713981,6.371428571428574,-4.357142857142856,5.8428571428571425,12.957142857142857,65.71428571428571,287.14285714285717,0.7142857142857143,17.057142857142857,287.14285714285717,1.9857142857142853
2021-03-17,0.04285714285713981,6.042857142857145,-5.628571428571427,5.757142857142857,12.585714285714285,37.142857142857146,262.85714285714283,0.7142857142857143,16.8,264.2857142857143,0.7999999999999997
2021-03-18,0.04285714285713981,6.128571428571432,-5.628571428571427,5.642857142857143,11.957142857142857,11.428571428571429,262.85714285714283,0.7142857142857143,15.971428571428572,264.2857142857143,0.8714285714285711
2021-03-19,0.18571428571428267,4.542857142857145,-7.114285714285713,5.214285714285714,11.828571428571427,0.0,238.57142857142858,0.7142857142857143,15.914285714285715,240.0,0.1428571428571426
2021-03-20,0.14285714285713982,2.571428571428574,-8.057142857142855,5.085714285714286,11.057142857142859,0.0,241.42857142857142,0.0,15.014285714285714,198.57142857142858,-1.9000000000000001
2021-03-21,0.14285714285713982,4.071428571428574,-8.285714285714283,4.757142857142858,10.357142857142858,0.0,222.85714285714286,0.0,13.742857142857144,178.57142857142858,-1.6285714285714286
2021-03-22,0.14285714285713982,6.528571428571431,-7.499999999999999,3.757142857142857,8.885714285714284,0.0,208.57142857142858,0.0,11.828571428571427,157.14285714285714,-0.5714285714285717
2021-03-23,0.14285714285713982,10.328571428571433,-5.914285714285713,3.157142857142857,7.871428571428572,0.0,190.0,0.0,10.742857142857144,140.0,2.014285714285714
2021-03-24,0.14285714285713982,12.871428571428575,-4.257142857142856,3.1571428571428575,8.0,0.0,191.42857142857142,0.0,10.742857142857144,138.57142857142858,4.4714285714285715
2021-03-25,0.18571428571428267,13.342857142857145,-2.757142857142856,3.314285714285714,8.242857142857144,0.0,191.42857142857142,0.0,11.257142857142856,138.57142857142858,5.814285714285714
2021-03-26,0.04285714285713981,15.642857142857148,-0.6285714285714276,3.3428571428571425,8.242857142857144,0.0,217.14285714285714,0.0,10.942857142857141,165.71428571428572,7.328571428571428
2021-03-27,1.5285714285714256,18.657142857142862,1.257142857142858,3.228571428571428,8.314285714285713,0.0,195.71428571428572,0.0,11.142857142857142,190.0,9.87142857142857
2021-03-28,1.5285714285714256,18.100000000000005,2.357142857142858,3.4714285714285715,8.442857142857143,0.0,211.42857142857142,0.0,11.385714285714284,205.71428571428572,10.557142857142855
2021-03-29,2.3285714285714256,16.98571428571429,3.057142857142858,3.857142857142857,9.4,0.0,217.14285714285714,0.0,12.785714285714286,214.28571428571428,10.5
2021-03-30,2.3714285714285688,15.242857142857147,3.1285714285714294,4.385714285714286,9.9,0.0,231.42857142857142,0.42857142857142855,14.12857142857143,227.14285714285714,10.014285714285714
2021-03-31,2.3714285714285688,14.771428571428574,2.7428571428571433,4.971428571428571,10.728571428571428,0.0,230.0,0.42857142857142855,15.471428571428572,228.57142857142858,9.228571428571428
2021-04-01,3.0857142857142827,15.085714285714289,2.6571428571428584,5.285714285714286,11.314285714285715,0.0,230.0,0.42857142857142855,15.985714285714286,230.0,9.457142857142857
2021-04-02,3.999999999999997,12.628571428571432,0.44285714285714395,5.371428571428571,11.314285714285715,0.0,248.57142857142858,3.0,15.914285714285713,247.14285714285714,7.657142857142857
2021-04-03,2.5142857142857116,9.92857142857143,-0.9714285714285704,5.5,11.057142857142859,0.0,265.7142857142857,3.0,15.4,270.0,5.285714285714286
2021-04-04,2.5142857142857116,10.014285714285716,-1.999999999999999,5.185714285714285,10.614285714285716,0.0,261.42857142857144,3.0,14.828571428571431,265.7142857142857,4.7
2021-04-05,1.7142857142857113,10.328571428571431,-2.457142857142856,5.057142857142858,10.285714285714286,0.0,275.7142857142857,3.0,14.185714285714285,281.42857142857144,4.5
2021-04-06,1.6714285714285684,11.114285714285716,-1.757142857142856,5.057142857142857,10.799999999999999,0.0,281.42857142857144,2.5714285714285716,13.857142857142858,290.0,5.014285714285713
2021-04-07,1.6714285714285684,10.714285714285717,-0.9857142857142848,4.571428571428571,10.214285714285714,0.0,300.0,2.5714285714285716,12.828571428571427,308.57142857142856,5.428571428571429
2021-04-08,0.9142857142857113,10.714285714285717,-0.9857142857142848,4.071428571428571,9.571428571428571,0.0,318.57142857142856,2.5714285714285716,11.799999999999999,327.14285714285717,5.0857142857142845
2021-04-09,0.0,13.171428571428574,0.11428571428571521,3.4285714285714284,8.742857142857144,0.0,315.7142857142857,0.0,10.842857142857142,325.7142857142857,6.457142857142857
2021-04-10,0.0,16.414285714285718,2.0857142857142867,3.3000000000000003,8.742857142857144,0.0,300.0,0.0,10.842857142857142,304.2857142857143,9.200000000000001
2021-04-11,0.07142857142856839,18.557142857142857,4.771428571428572,3.457142857142857,9.12857142857143,0.0,287.14285714285717,0.0,11.285714285714286,290.0,11.628571428571428
2021-04-12,0.07142857142856839,19.985714285714288,6.342857142857143,3.5,8.885714285714284,0.0,281.42857142857144,0.0,10.900000000000002,284.2857142857143,13.185714285714285
2021-04-13,0.07142857142856839,20.785714285714285,7.214285714285714,2.914285714285714,7.8,0.0,252.85714285714286,0.0,9.62857142857143,252.85714285714286,14.014285714285716
2021-04-14,0.07142857142856839,21.414285714285715,7.614285714285716,2.842857142857143,7.557142857142858,0.0,254.28571428571428,0.0,9.442857142857141,252.85714285714286,14.614285714285714
2021-04-15,0.07142857142856839,21.97142857142857,8.242857142857144,2.6285714285714286,6.985714285714286,0.0,258.57142857142856,0.0,8.871428571428572,255.71428571428572,15.114285714285716
2021-04-16,2.499999999999997,20.542857142857144,8.400000000000002,2.9714285714285715,7.185714285714285,0.0,230.0,0.0,9.185714285714285,227.14285714285714,14.857142857142858
2021-04-17,4.499999999999997,17.857142857142858,7.371428571428572,2.814285714285714,6.8,0.0,252.85714285714286,0.0,8.671428571428573,201.42857142857142,13.057142857142859
2021-04-18,4.428571428571425,15.714285714285717,5.942857142857144,2.942857142857143,6.857142857142857,0.0,277.14285714285717,0.0,8.8,224.28571428571428,11.14285714285714
2021-04-19,4.428571428571425,14.528571428571428,4.985714285714287,2.742857142857143,6.471428571428572,0.0,267.14285714285717,0.0,8.357142857142858,215.71428571428572,9.985714285714286
2021-04-20,4.428571428571425,14.285714285714288,4.271428571428572,2.7285714285714286,6.542857142857143,0.0,274.2857142857143,0.0,8.485714285714286,221.42857142857142,9.37142857142857
2021-04-21,4.428571428571425,13.500000000000004,4.271428571428572,3.0285714285714285,6.914285714285714,0.0,254.28571428571428,0.0,9.057142857142859,200.0,9.028571428571428
2021-04-22,5.728571428571426,11.442857142857145,2.785714285714287,3.385714285714286,7.614285714285714,11.428571428571429,254.28571428571428,10.142857142857142,9.885714285714286,201.42857142857142,7.371428571428571
2021-04-23,3.3428571428571394,10.242857142857146,1.7714285714285722,3.7285714285714286,8.114285714285716,22.857142857142858,287.14285714285717,10.571428571428571,10.471428571428573,231.42857142857142,5.757142857142857
2021-04-24,1.3428571428571399,11.585714285714287,2.000000000000001,3.9714285714285715,8.62857142857143,22.857142857142858,278.57142857142856,10.571428571428571,11.371428571428572,274.2857142857143,6.242857142857142
2021-04-25,1.3428571428571399,13.171428571428574,1.9285714285714293,3.857142857142857,8.7,22.857142857142858,272.85714285714283,10.571428571428571,11.442857142857145,271.42857142857144,7.171428571428571
2021-04-26,1.5999999999999968,13.414285714285716,2.328571428571429,3.942857142857143,9.528571428571428,22.857142857142858,282.85714285714283,10.571428571428571,12.528571428571428,280.0,7.742857142857142
2021-04-27,1.5999999999999968,12.300000000000002,1.6285714285714294,4.4714285714285715,10.414285714285715,22.857142857142858,302.85714285714283,10.571428571428571,13.485714285714286,301.42857142857144,7.057142857142856
2021-04-28,1.5999999999999968,12.771428571428572,0.6857142857142863,3.9714285714285715,9.657142857142857,22.857142857142858,324.2857142857143,10.571428571428571,12.528571428571428,324.2857142857143,6.557142857142856
2021-04-29,2.2285714285714255,14.271428571428574,1.9428571428571435,3.6000000000000005,9.085714285714285,11.428571428571429,320.0,0.42857142857142855,11.771428571428572,312.85714285714283,7.785714285714286
2021-04-30,3.414285714285711,15.700000000000003,3.5857142857142863,2.9142857142857146,8.128571428571428,0.0,317.14285714285717,0.0,10.428571428571429,312.85714285714283,9.4
2021-05-01,6.457142857142854,15.3,3.5857142857142863,2.8285714285714287,8.314285714285713,0.0,321.42857142857144,0.0,10.428571428571429,314.2857142857143,9.885714285714286
2021-05-02,6.885714285714282,13.957142857142857,3.657142857142858,2.9285714285714284,8.185714285714287,0.0,311.42857142857144,0.0,10.357142857142858,315.7142857142857,8.985714285714284
2021-05-03,6.6285714285714255,14.342857142857143,3.8142857142857145,3.0714285714285716,7.799999999999999,0.0,310.0,0.0,9.971428571428572,310.0,9.057142857142857
2021-05-04,6.6285714285714255,14.514285714285716,4.842857142857143,2.5714285714285716,6.6571428571428575,0.0,310.0,0.0,8.571428571428571,308.57142857142856,9.642857142857142
2021-05-05,6.699999999999997,14.042857142857144,6.028571428571429,2.5857142857142854,6.785714285714286,0.0,290.0,0.0,8.514285714285714,288.57142857142856,9.957142857142856
2021-05-06,7.671428571428569,13.885714285714288,6.257142857142859,2.6714285714285713,6.785714285714286,0.0,270.0,0.0,8.700000000000001,277.14285714285717,10.114285714285714
2021-05-07,6.44285714285714,14.057142857142859,5.471428571428572,3.2142857142857144,7.557142857142858,0.0,271.42857142857144,0.0,9.785714285714286,275.7142857142857,10.071428571428571
2021-05-08,3.3999999999999972,14.857142857142861,5.157142857142858,2.9428571428571426,6.928571428571429,0.0,270.0,0.0,8.942857142857141,272.85714285714283,9.9
2021-05-09,3.04285714285714,15.414285714285716,6.114285714285715,2.8428571428571425,6.728571428571428,0.0,281.42857142857144,0.0,8.628571428571428,268.57142857142856,10.914285714285715
2021-05-10,3.0857142857142827,15.414285714285716,6.114285714285715,2.6999999999999997,6.285714285714286,0.0,281.42857142857144,0.0,8.283333333333333,266.6666666666667,10.999999999999998
2021-05-11,3.2285714285714255,16.514285714285716,6.42857142857143,2.742857142857143,6.414285714285714,0.0,277.14285714285717,0.0,8.799999999999999,258.3333333333333,11.528571428571428
2021-05-12,3.2714285714285687,16.75714285714286,6.271428571428572,3.042857142857143,6.985714285714286,0.0,295.7142857142857,0.0,10.066666666666668,271.6666666666667,11.742857142857142
2021-05-13,0.5571428571428542,17.000000000000004,5.800000000000002,3.0285714285714285,7.485714285714287,0.0,318.57142857142856,0.0,10.733333333333334,298.3333333333333,11.428571428571427
2021-05-14,0.5571428571428542,17.78571428571429,6.042857142857144,2.6,7.299999999999999,0.0,320.0,0.0,10.5,298.3333333333333,11.914285714285713
2021-05-15,0.5571428571428542,18.814285714285717,6.842857142857143,2.585714285714286,7.3,0.0,321.42857142857144,0.0,10.583333333333334,293.3333333333333,12.828571428571427
2021-05-16,0.4857142857142827,20.242857142857144,6.6000000000000005,2.457142857142857,7.428571428571429,0.0,302.85714285714283,0.0,10.883333333333333,276.6666666666667,13.499999999999998
2021-05-17,0.4428571428571399,21.042857142857144,7.071428571428572,2.3857142857142857,8.571428571428571,0.0,304.2857142857143,0.0,11.442857142857145,282.85714285714283,14.285714285714283
2021-05-18,0.29999999999999705,22.314285714285717,7.071428571428572,2.2,8.442857142857143,0.0,302.85714285714283,0.0,11.057142857142855,285.7142857142857,14.957142857142856
2021-05-19,0.18571428571428267,23.900000000000002,8.171428571428573,1.9999999999999998,8.185714285714285,0.0,308.57142857142856,0.0,10.471428571428572,294.2857142857143,16.24285714285714
2021-05-20,0.0,25.400000000000002,8.814285714285715,1.8571428571428572,7.742857142857143,0.0,307.14285714285717,0.0,9.9,291.42857142857144,17.52857142857143
2021-05-21,0.0,27.142857142857142,10.000000000000002,1.9142857142857144,7.485714285714287,0.0,287.14285714285717,0.0,9.457142857142857,278.57142857142856,18.771428571428572
2021-05-22,0.0,28.17142857142857,11.985714285714286,2.142857142857143,7.728571428571429,0.0,267.14285714285717,0.0,9.714285714285714,267.14285714285717,20.142857142857142
2021-05-23,0.0,28.88571428571429,13.814285714285715,2.2714285714285714,7.671428571428572,0.0,267.14285714285717,0.0,9.457142857142857,282.85714285714283,21.27142857142857
2021-05-24,0.14285714285713982,28.957142857142856,13.814285714285717,2.557142857142857,7.742857142857143,0.0,270.0,0.0,9.828571428571427,284.2857142857143,21.8
2021-05-25,0.14285714285713982,28.32857142857143,13.342857142857143,2.6,7.799999999999999,0.0,254.28571428571428,0.0,9.9,270.0,21.3
2021-05-26,0.14285714285713982,28.400000000000002,13.342857142857143,3.2714285714285714,8.242857142857144,0.0,230.0,0.0,10.542857142857143,250.0,21.157142857142855
2021-05-27,0.49999999999999695,28.72857142857143,14.771428571428572,3.8714285714285714,8.757142857142856,0.0,208.57142857142858,0.0,11.37142857142857,230.0,21.828571428571426
2021-05-28,0.49999999999999695,26.985714285714288,14.05714285714286,4.314285714285715,9.385714285714286,0.0,227.14285714285714,0.0,12.328571428571427,250.0,21.071428571428573
2021-05-29,0.49999999999999695,23.97142857142857,11.914285714285715,4.128571428571428,8.942857142857141,0.0,245.71428571428572,0.0,11.814285714285715,267.14285714285717,18.699999999999996
2021-05-30,0.49999999999999695,22.45714285714286,10.085714285714287,4.0285714285714285,9.314285714285715,0.0,265.7142857142857,0.0,12.128571428571428,272.85714285714283,16.87142857142857
2021-05-31,0.8999999999999969,21.2,9.771428571428572,3.685714285714286,8.028571428571428,0.0,264.2857142857143,0.0,11.25,263.3333333333333,15.57142857142857
2021-06-01,1.0428571428571398,20.242857142857144,10.314285714285715,3.8142857142857145,8.1,0.0,285.7142857142857,0.0,11.316666666666668,286.6666666666667,15.171428571428569
2021-06-02,1.0857142857142825,19.928571428571434,9.600000000000003,3.2428571428571433,7.528571428571429,0.0,288.57142857142856,0.0,10.416666666666668,295.0,14.72857142857143
2021-06-03,0.7285714285714254,19.528571428571432,8.4,2.9857142857142853,7.214285714285714,0.0,290.0,0.0,9.966666666666667,295.0,14.085714285714285
2021-06-04,0.7285714285714254,19.614285714285717,9.585714285714285,2.942857142857143,7.028571428571429,0.0,270.0,0.0,9.666666666666666,266.6666666666667,14.342857142857143
2021-06-05,0.7999999999999969,22.071428571428577,11.400000000000002,2.9571428571428577,7.1571428571428575,0.0,251.42857142857142,0.0,10.033333333333333,251.66666666666666,16.185714285714287
2021-06-06,0.8714285714285683,23.657142857142862,13.142857142857142,3.2857142857142856,7.285714285714286,0.0,231.42857142857142,0.0,10.483333333333333,228.33333333333334,17.785714285714285
2021-06-07,0.3714285714285684,26.428571428571434,14.885714285714286,3.6142857142857143,7.871428571428572,0.0,211.42857142857142,0.0,10.642857142857142,222.85714285714286,19.785714285714285
2021-06-08,0.22857142857142554,29.214285714285715,16.557142857142857,3.7142857142857144,7.871428571428572,0.0,201.42857142857142,0.0,10.771428571428572,202.85714285714286,22.3
2021-06-09,0.18571428571428267,30.08571428571429,18.62857142857143,3.7857142857142856,7.871428571428572,0.0,200.0,0.0,10.657142857142857,197.14285714285714,23.971428571428568
2021-06-10,1.199999999999997,30.400000000000002,19.58571428571429,3.7857142857142856,7.871428571428572,0.0,218.57142857142858,0.0,10.471428571428573,218.57142857142858,24.728571428571428
2021-06-11,1.1999999999999968,30.62857142857143,19.271428571428572,3.4857142857142853,7.614285714285715,0.0,237.14285714285714,0.0,10.085714285714287,235.71428571428572,24.814285714285713
2021-06-12,1.1285714285714255,29.6,18.8,3.542857142857143,7.614285714285714,0.0,237.14285714285714,0.0,9.9,230.0,24.199999999999996
2021-06-13,1.057142857142854,29.12857142857143,17.771428571428572,3.1999999999999997,7.042857142857144,0.0,258.57142857142856,0.0,9.328571428571427,247.14285714285714,23.642857142857142
2021-06-14,1.0142857142857111,28.414285714285718,16.74285714285714,2.9714285714285715,6.785714285714286,0.0,257.14285714285717,0.0,9.014285714285714,247.14285714285714,22.9
2021-06-15,2.971428571428568,26.5,16.114285714285714,3.1,7.157142857142857,0.0,248.57142857142858,0.0,9.528571428571428,247.14285714285714,21.642857142857142
2021-06-16,4.314285714285711,25.78571428571429,14.842857142857143,2.9714285714285715,7.6000000000000005,0.0,265.7142857142857,0.0,10.157142857142858,264.2857142857143,20.514285714285712
2021-06-17,3.299999999999997,24.6,13.728571428571428,2.9285714285714284,7.785714285714286,0.0,267.14285714285717,0.0,10.214285714285714,261.42857142857144,19.257142857142856
2021-06-18,3.299999999999997,24.928571428571427,13.014285714285714,2.914285714285714,7.971428571428571,0.0,267.14285714285717,0.0,10.414285714285715,265.7142857142857,19.0
2021-06-19,3.3428571428571403,25.800000000000004,12.385714285714286,3.0428571428571423,8.1,0.0,265.7142857142857,0.0,10.799999999999999,264.2857142857143,19.228571428571428
2021-06-20,4.728571428571426,25.957142857142856,13.099999999999998,3.2857142857142856,8.742857142857144,0.0,254.28571428571428,0.0,11.62857142857143,257.14285714285717,19.685714285714283
2021-06-21,4.728571428571426,25.87142857142857,13.5,3.1857142857142855,8.485714285714286,0.0,257.14285714285717,0.0,11.242857142857144,265.7142857142857,19.857142857142858
2021-06-22,3.828571428571426,27.457142857142856,13.885714285714286,3.3285714285714287,9.0,0.0,257.14285714285717,0.0,11.942857142857141,267.14285714285717,20.54285714285714
2021-06-23,2.4857142857142827,26.82857142857143,13.728571428571428,3.5285714285714285,8.5,0.0,258.57142857142856,0.0,11.428571428571429,261.42857142857144,20.514285714285712
2021-06-24,2.4857142857142827,26.98571428571429,13.414285714285715,3.257142857142857,8.114285714285716,0.0,258.57142857142856,0.0,11.114285714285714,262.85714285714283,20.442857142857143
2021-06-25,2.4857142857142827,27.214285714285715,13.414285714285715,3.4428571428571426,8.314285714285715,0.0,237.14285714285714,0.0,11.557142857142855,238.57142857142858,20.54285714285714
2021-06-26,2.44285714285714,27.300000000000004,14.357142857142858,3.585714285714286,8.385714285714286,0.0,238.57142857142858,0.0,11.485714285714284,237.14285714285714,20.942857142857143
2021-06-27,1.1285714285714257,26.900000000000002,14.842857142857143,4.057142857142858,8.442857142857141,0.0,228.57142857142858,0.0,11.614285714285714,225.71428571428572,20.957142857142856
2021-06-28,1.1285714285714257,27.614285714285717,16.114285714285717,4.799999999999999,9.271428571428572,0.0,228.57142857142858,0.0,12.77142857142857,218.57142857142858,21.757142857142856
2021-06-29,0.3285714285714255,27.7,16.82857142857143,4.514285714285714,8.442857142857143,0.0,230.0,0.0,11.5,220.0,22.357142857142858
2021-06-30,0.3285714285714255,29.442857142857147,18.32857142857143,4.257142857142857,8.371428571428572,0.0,234.28571428571428,0.0,11.314285714285715,222.85714285714286,23.785714285714285
2021-07-01,1.5571428571428538,30.38571428571429,20.071428571428573,4.457142857142857,8.571428571428571,0.0,235.71428571428572,0.0,11.62857142857143,225.71428571428572,25.25714285714286
2021-07-02,1.557142857142854,30.071428571428577,21.414285714285715,4.1571428571428575,7.742857142857143,0.0,258.57142857142856,0.0,10.485714285714286,248.57142857142858,25.714285714285715
2021-07-03,2.685714285714283,29.042857142857144,21.257142857142856,3.8285714285714287,7.414285714285714,0.0,251.42857142857142,0.0,10.042857142857143,244.28571428571428,25.271428571428572
2021-07-04,3.128571428571426,27.771428571428572,20.37142857142857,3.0714285714285716,6.457142857142857,0.0,250.0,0.0,8.77142857142857,260.0,24.342857142857138
2021-07-05,3.128571428571426,25.95714285714286,19.1,2.442857142857143,5.885714285714286,0.0,270.0,0.0,7.742857142857143,277.14285714285717,22.857142857142858
2021-07-06,2.8714285714285688,25.085714285714285,17.442857142857143,2.442857142857143,6.014285714285713,0.0,268.57142857142856,0.0,8.185714285714285,275.7142857142857,21.5
2021-07-07,3.1571428571428544,24.771428571428572,17.12857142857143,2.6999999999999997,6.271428571428571,0.0,244.28571428571428,0.0,8.7,260.0,20.957142857142856
2021-07-08,1.9285714285714255,23.900000000000002,16.25714285714286,2.6999999999999997,6.2,0.0,244.28571428571428,0.0,8.571428571428571,257.14285714285717,20.228571428571428
2021-07-09,3.1571428571428544,23.500000000000004,15.542857142857144,2.9,7.028571428571428,0.0,222.85714285714286,0.0,9.785714285714286,238.57142857142858,19.62857142857143
2021-07-10,2.6142857142857108,24.042857142857144,15.542857142857144,3.0571428571428574,7.542857142857143,0.0,230.0,0.0,10.299999999999999,245.71428571428572,19.857142857142858
2021-07-11,2.099999999999997,25.314285714285717,15.385714285714286,3.2571428571428567,8.571428571428571,0.0,252.85714285714286,0.0,11.0,251.42857142857142,20.328571428571426
2021-07-12,2.099999999999997,26.185714285714287,15.071428571428571,3.128571428571429,8.5,0.0,232.85714285714286,0.0,10.942857142857141,235.71428571428572,20.728571428571428
2021-07-13,2.099999999999997,26.185714285714287,15.942857142857145,2.9857142857142853,8.185714285714287,0.0,238.57142857142858,0.0,10.428571428571429,234.28571428571428,21.17142857142857
2021-07-14,3.671428571428568,25.142857142857146,15.542857142857143,2.957142857142857,8.128571428571428,0.0,240.0,0.0,10.22857142857143,234.28571428571428,20.714285714285715
2021-07-15,4.399999999999997,25.857142857142858,16.500000000000004,3.185714285714286,8.385714285714286,0.0,217.14285714285714,0.0,10.614285714285714,215.71428571428572,21.157142857142855
2021-07-16,3.1714285714285677,27.05714285714286,17.214285714285715,3.257142857142857,8.0,0.0,218.57142857142858,0.0,10.028571428571428,214.28571428571428,22.142857142857142
2021-07-17,2.5857142857142827,27.38571428571429,17.685714285714287,3.3,7.742857142857142,0.0,218.57142857142858,0.0,9.828571428571427,214.28571428571428,22.857142857142858
2021-07-18,3.814285714285711,27.22857142857143,18.400000000000002,3.1285714285714286,6.785714285714286,0.0,197.14285714285714,0.0,9.128571428571428,192.85714285714286,23.057142857142853
2021-07-19,8.899999999999997,26.428571428571427,19.02857142857143,3.2857142857142856,6.728571428571429,0.0,172.85714285714286,0.0,9.12857142857143,167.14285714285714,22.971428571428568
2021-07-20,9.04285714285714,26.342857142857145,18.942857142857143,3.185714285714286,6.471428571428571,0.0,154.28571428571428,0.0,9.0,164.28571428571428,22.74285714285714
2021-07-21,11.685714285714283,26.82857142857143,18.87142857142857,2.8000000000000003,5.885714285714286,0.0,135.71428571428572,0.0,8.866666666666667,160.0,22.77142857142857
2021-07-22,11.171428571428569,25.642857142857142,17.914285714285715,2.442857142857143,5.371428571428572,0.0,155.71428571428572,0.0,8.350000000000001,130.0,21.900000000000002
2021-07-23,11.171428571428569,25.000000000000004,16.97142857142857,2.142857142857143,5.185714285714285,0.0,178.57142857142858,0.0,7.833333333333333,158.33333333333334,21.057142857142853
2021-07-24,11.171428571428569,25.0,16.342857142857145,1.8285714285714287,5.057142857142857,0.0,198.57142857142858,0.0,7.616666666666667,181.66666666666666,20.414285714285715
2021-07-25,9.942857142857138,25.47142857142857,15.714285714285714,1.9142857142857144,5.442857142857143,0.0,198.57142857142858,0.0,8.133333333333333,180.0,20.385714285714283
2021-07-26,5.685714285714282,26.5,15.957142857142859,2.2142857142857144,6.071428571428571,0.0,221.42857142857142,0.0,9.25,208.33333333333334,20.942857142857143
2021-07-27,5.542857142857139,26.900000000000002,16.042857142857144,2.314285714285714,6.457142857142857,0.0,247.14285714285714,0.0,9.483333333333334,231.66666666666666,21.314285714285713
2021-07-28,1.8428571428571396,26.414285714285715,15.885714285714286,2.3000000000000003,6.8428571428571425,0.0,287.14285714285717,0.0,9.085714285714285,247.14285714285714,21.057142857142857
2021-07-29,1.6285714285714252,27.12857142857143,15.72857142857143,2.2714285714285714,6.9142857142857155,0.0,291.42857142857144,0.0,8.9,290.0,21.24285714285714
2021-07-30,1.6714285714285684,26.814285714285717,15.642857142857144,2.257142857142857,6.914285714285714,0.0,270.0,0.0,8.971428571428572,264.2857142857143,21.071428571428573
2021-07-31,2.8714285714285688,26.099999999999998,15.8,2.642857142857143,7.357142857142857,0.0,271.42857142857144,0.0,9.542857142857143,264.2857142857143,20.642857142857142
2021-08-01,2.8714285714285688,25.47142857142857,15.871428571428572,2.657142857142857,7.285714285714286,0.0,294.2857142857143,0.0,9.6,288.57142857142856,20.257142857142856
2021-08-02,4.728571428571426,24.12857142857143,15.22857142857143,2.242857142857143,6.842857142857143,0.0,287.14285714285717,0.0,8.7,285.7142857142857,19.285714285714285
2021-08-03,5.457142857142854,23.32857142857143,14.428571428571429,2.3285714285714287,7.214285714285714,0.0,294.2857142857143,0.0,9.071428571428571,290.0,18.52857142857143
2021-08-04,4.657142857142853,23.657142857142855,13.714285714285714,2.7285714285714286,7.542857142857144,0.0,271.42857142857144,0.0,9.642857142857142,268.57142857142856,18.342857142857138
2021-08-05,4.657142857142853,24.057142857142857,13.714285714285717,2.6714285714285713,7.285714285714286,0.0,251.42857142857142,0.0,9.314285714285715,251.42857142857142,18.571428571428573
2021-08-06,4.614285714285711,24.685714285714287,14.428571428571429,2.599999999999999,7.028571428571429,0.0,261.42857142857144,0.0,8.985714285714286,264.2857142857143,19.314285714285713
2021-08-07,3.414285714285711,25.95714285714286,14.42857142857143,2.3428571428571425,6.585714285714286,0.0,241.42857142857142,0.0,8.285714285714286,245.71428571428572,19.971428571428568
2021-08-08,4.171428571428568,26.985714285714288,15.071428571428571,2.4285714285714284,6.785714285714286,0.0,220.0,0.0,8.414285714285715,222.85714285714286,20.900000000000002
2021-08-09,1.485714285714282,28.500000000000004,15.62857142857143,2.4,6.3999999999999995,0.0,241.42857142857142,0.0,8.1,212.85714285714286,21.814285714285713
2021-08-10,0.7571428571428536,29.45714285714286,16.82857142857143,2.4857142857142853,6.1571428571428575,0.0,221.42857142857142,0.0,8.042857142857143,195.71428571428572,22.814285714285713
2021-08-11,0.7571428571428536,30.08571428571429,18.257142857142856,2.5714285714285716,6.271428571428571,0.0,220.0,0.0,8.042857142857143,194.28571428571428,23.78571428571428
2021-08-12,1.9571428571428535,30.71428571428572,19.685714285714287,2.957142857142857,6.785714285714286,0.0,237.14285714285714,0.0,8.871428571428572,191.42857142857142,24.657142857142855
2021-08-13,1.9571428571428537,31.114285714285717,20.642857142857142,3.257142857142857,7.299999999999999,0.0,225.71428571428572,0.0,9.514285714285714,180.0,25.285714285714285
2021-08-14,1.9571428571428537,31.500000000000004,21.357142857142858,3.3,7.428571428571429,0.0,222.85714285714286,0.0,10.028571428571428,180.0,25.914285714285715
2021-08-15,5.771428571428568,31.1,21.2,3.4,7.614285714285714,0.0,235.71428571428572,0.0,10.157142857142857,194.28571428571428,25.971428571428568
2021-08-16,5.771428571428568,30.142857142857142,20.485714285714288,3.5285714285714285,8.128571428571428,0.0,241.42857142857142,0.0,10.785714285714286,225.71428571428572,25.485714285714288
2021-08-17,5.771428571428568,29.514285714285716,18.97142857142857,3.2714285714285714,7.742857142857142,0.0,250.0,0.0,10.142857142857142,234.28571428571428,24.45714285714286
2021-08-18,6.171428571428568,28.32857142857143,18.014285714285716,2.9714285714285715,7.3,0.0,251.42857142857142,0.0,9.700000000000001,235.71428571428572,23.41428571428571
2021-08-19,5.042857142857138,27.38571428571429,17.7,2.814285714285714,7.1,0.0,232.85714285714286,0.0,9.514285714285714,237.14285714285714,22.857142857142858
2021-08-20,8.314285714285711,26.428571428571427,17.385714285714286,2.657142857142857,6.771428571428571,0.0,257.14285714285717,0.0,9.12857142857143,261.42857142857144,22.228571428571424
2021-08-21,8.314285714285711,26.042857142857144,17.542857142857144,2.442857142857143,6.457142857142857,0.0,278.57142857142856,0.0,8.614285714285714,234.28571428571428,21.885714285714283
2021-08-22,3.7428571428571393,26.75714285714286,17.942857142857143,2.1285714285714286,5.885714285714285,0.0,268.57142857142856,0.0,7.914285714285714,221.42857142857142,21.985714285714284
2021-08-23,3.7428571428571393,27.87142857142857,19.3,2.157142857142857,5.628571428571429,0.0,237.14285714285714,0.0,7.728571428571429,184.28571428571428,22.957142857142856
2021-08-24,3.7428571428571393,28.25714285714286,20.88571428571429,2.2857142857142856,5.885714285714286,0.0,220.0,0.0,8.114285714285714,165.71428571428572,23.985714285714288
2021-08-25,3.342857142857139,29.599999999999998,21.685714285714287,2.1999999999999997,5.885714285714285,0.0,240.0,0.0,7.985714285714287,185.71428571428572,24.942857142857143
2021-08-26,3.271428571428568,30.542857142857144,21.28571428571429,2.1,5.757142857142858,0.0,240.0,0.0,7.542857142857143,185.71428571428572,25.228571428571428
2021-08-27,0.0,31.97142857142857,21.442857142857143,2.042857142857143,5.757142857142857,0.0,217.14285714285714,0.0,7.614285714285714,161.42857142857142,25.914285714285715
2021-08-28,0.0,31.171428571428574,20.72857142857143,2.2857142857142856,6.014285714285714,0.0,171.42857142857142,0.0,7.871428571428572,161.42857142857142,25.757142857142856
2021-08-29,0.0,29.514285714285716,20.242857142857144,2.6,6.3999999999999995,0.0,158.57142857142858,0.0,8.314285714285715,151.42857142857142,24.8
2021-08-30,1.4571428571428535,28.557142857142857,19.685714285714287,2.9857142857142853,6.728571428571429,0.0,171.42857142857142,0.0,8.7,168.57142857142858,24.0
2021-08-31,2.285714285714282,28.642857142857142,19.285714285714285,3.185714285714286,7.1000000000000005,0.0,181.42857142857142,0.0,9.085714285714285,174.28571428571428,23.82857142857143
2021-09-01,2.285714285714282,27.928571428571427,18.800000000000004,3.3428571428571425,7.171428571428572,0.0,181.42857142857142,0.0,9.214285714285714,168.57142857142858,23.414285714285715
2021-09-02,2.285714285714282,26.500000000000004,18.085714285714285,3.1714285714285713,6.857142857142857,0.0,195.71428571428572,0.0,8.885714285714286,185.71428571428572,22.51428571428571
2021-09-03,2.3571428571428537,24.685714285714287,16.72857142857143,3.457142857142857,7.114285714285714,0.0,215.71428571428572,0.0,9.257142857142856,205.71428571428572,20.942857142857143
2021-09-04,2.3571428571428537,24.28571428571429,16.32857142857143,3.428571428571428,7.042857142857143,0.0,258.57142857142856,0.0,9.185714285714285,248.57142857142858,20.04285714285714
2021-09-05,2.3571428571428537,24.75714285714286,15.857142857142858,3.114285714285714,6.6571428571428575,0.0,280.0,0.0,8.814285714285713,271.42857142857144,20.099999999999998
2021-09-06,0.8999999999999965,24.442857142857143,15.214285714285717,3.0,7.1000000000000005,0.0,278.57142857142856,0.0,9.257142857142856,272.85714285714283,19.77142857142857
2021-09-07,2.7571428571428536,23.25714285714286,14.428571428571429,2.885714285714286,7.357142857142857,0.0,292.85714285714283,0.0,9.771428571428572,290.0,18.999999999999996
2021-09-08,2.7571428571428536,22.785714285714285,13.957142857142859,2.8000000000000003,7.228571428571429,0.0,271.42857142857144,0.0,9.585714285714287,274.2857142857143,18.37142857142857
2021-09-09,6.199999999999997,23.657142857142862,14.42857142857143,3.3285714285714287,8.185714285714285,0.0,255.71428571428572,0.0,10.928571428571429,257.14285714285717,18.64285714285714
2021-09-10,6.1285714285714255,23.728571428571428,14.985714285714286,3.1,7.92857142857143,0.0,234.28571428571428,0.0,10.428571428571429,238.57142857142858,19.099999999999998
2021-09-11,6.199999999999997,23.414285714285715,14.514285714285716,3.2142857142857144,8.314285714285715,0.0,238.57142857142858,0.0,10.814285714285715,242.85714285714286,19.157142857142855
2021-09-12,6.199999999999997,23.32857142857143,14.114285714285714,3.5571428571428574,8.700000000000001,0.0,224.28571428571428,0.0,11.385714285714286,230.0,18.771428571428572
2021-09-13,6.242857142857139,23.8,14.285714285714288,3.657142857142857,8.571428571428571,0.0,224.28571428571428,0.0,11.514285714285716,230.0,19.057142857142857
2021-09-14,3.557142857142854,24.114285714285717,14.200000000000001,3.542857142857143,8.0,0.0,230.0,0.0,10.671428571428573,230.0,19.04285714285714
2021-09-15,3.557142857142854,24.185714285714287,13.799999999999999,3.657142857142857,8.571428571428571,0.0,231.42857142857142,0.0,11.757142857142856,231.42857142857142,18.857142857142858
2021-09-16,1.5285714285714251,23.957142857142856,13.571428571428573,3.557142857142857,8.700000000000001,0.0,231.42857142857142,0.0,12.200000000000001,231.42857142857142,18.971428571428568
2021-09-17,1.5285714285714251,24.2,12.857142857142858,3.357142857142857,8.642857142857142,0.0,247.14285714285714,0.0,12.128571428571428,212.85714285714286,18.657142857142855
2021-09-18,1.4571428571428537,24.914285714285715,13.414285714285715,3.2285714285714286,8.257142857142856,0.0,225.71428571428572,0.0,11.742857142857144,191.42857142857142,18.91428571428571
2021-09-19,1.4571428571428537,25.085714285714285,13.5,3.0857142857142854,8.442857142857141,0.0,247.14285714285714,0.0,11.671428571428573,211.42857142857142,19.514285714285712
2021-09-20,1.4142857142857108,24.300000000000004,12.542857142857144,2.6,7.8,0.0,267.14285714285717,0.0,10.714285714285714,184.28571428571428,18.699999999999996
2021-09-21,1.4142857142857108,24.457142857142856,11.914285714285715,2.6571428571428575,7.928571428571429,0.0,247.14285714285714,0.0,10.842857142857143,168.57142857142858,18.257142857142856
2021-09-22,1.4142857142857108,24.45714285714286,12.714285714285714,2.9857142857142853,7.985714285714286,0.0,247.14285714285714,0.0,10.714285714285714,165.71428571428572,18.657142857142855
2021-09-23,0.0,24.528571428571432,12.871428571428572,2.9,7.6571428571428575,0.0,247.14285714285714,0.0,9.885714285714286,164.28571428571428,18.542857142857144
2021-09-24,0.0,25.400000000000002,14.299999999999999,3.5714285714285716,8.542857142857143,0.0,225.71428571428572,0.0,11.414285714285715,175.71428571428572,19.599999999999998
2021-09-25,2.7571428571428536,25.400000000000002,14.057142857142859,3.7714285714285714,8.928571428571429,0.0,227.14285714285714,0.0,12.257142857142856,167.14285714285714,19.771428571428572
2021-09-26,2.7571428571428536,25.0,13.971428571428572,3.6571428571428575,8.542857142857143,0.0,207.14285714285714,0.0,11.885714285714286,145.71428571428572,19.085714285714285
2021-09-27,2.7571428571428536,25.071428571428573,14.528571428571428,3.7428571428571433,8.742857142857144,0.0,194.28571428571428,0.0,12.142857142857142,180.0,19.271428571428572
2021-09-28,2.9428571428571395,23.95714285714286,15.0,3.957142857142857,8.814285714285713,0.0,192.85714285714286,0.0,12.4,178.57142857142858,19.071428571428573
2021-09-29,2.9428571428571395,22.857142857142858,13.642857142857144,3.6857142857142855,8.5,0.0,217.14285714285714,0.0,11.942857142857145,158.57142857142858,18.37142857142857
2021-09-30,3.157142857142854,20.95714285714286,12.285714285714288,3.3285714285714287,7.8,0.0,240.0,0.0,10.985714285714286,180.0,16.885714285714283
2021-10-01,3.371428571428568,19.05714285714286,10.3,2.8285714285714287,7.1000000000000005,0.0,267.14285714285717,0.0,9.971428571428572,207.14285714285714,14.928571428571429
2021-10-02,0.6142857142857107,18.1,9.514285714285716,2.4,6.585714285714286,0.0,282.85714285714283,0.0,9.014285714285716,235.71428571428572,13.628571428571428
2021-10-03,2.9428571428571395,16.985714285714288,9.514285714285716,2.414285714285714,6.457142857142856,0.0,284.2857142857143,0.0,9.071428571428571,235.71428571428572,13.099999999999998
2021-10-04,3.2999999999999967,16.271428571428576,9.585714285714287,2.2142857142857144,5.942857142857143,0.0,298.57142857142856,0.0,8.242857142857144,245.71428571428572,12.814285714285713
2021-10-05,3.1142857142857108,16.357142857142858,9.671428571428574,2.0,5.685714285714285,0.0,288.57142857142856,0.0,7.671428571428572,237.14285714285714,12.857142857142856
2021-10-06,3.157142857142854,16.671428571428574,10.385714285714286,1.7285714285714284,5.171428571428572,0.0,282.85714285714283,0.0,7.042857142857143,252.85714285714286,12.857142857142856
2021-10-07,2.9428571428571395,17.700000000000003,10.871428571428572,1.7285714285714284,5.042857142857143,0.0,274.2857142857143,0.0,6.985714285714287,245.71428571428572,13.785714285714286
2021-10-08,2.728571428571425,18.642857142857146,10.957142857142857,1.557142857142857,4.6571428571428575,0.0,271.42857142857144,0.0,6.157142857142857,230.0,14.242857142857142
2021-10-09,2.728571428571425,19.35714285714286,11.35714285714286,1.5571428571428572,4.3999999999999995,0.0,248.57142857142858,0.0,5.9,202.85714285714286,14.942857142857141
2021-10-10,0.3999999999999964,20.071428571428577,11.357142857142858,1.7857142857142858,4.728571428571428,0.0,248.57142857142858,0.0,6.214285714285714,202.85714285714286,15.4
2021-10-11,0.042857142857139305,20.62857142857143,10.971428571428572,2.085714285714286,5.171428571428572,0.0,227.14285714285714,0.0,6.914285714285714,182.85714285714286,15.442857142857141
2021-10-12,0.042857142857139305,21.342857142857145,10.971428571428573,2.1999999999999997,5.171428571428572,0.0,238.57142857142858,0.0,6.9142857142857155,190.0,15.87142857142857
2021-10-13,0.0,22.12857142857143,10.971428571428572,2.357142857142857,5.628571428571428,0.0,221.42857142857142,0.0,7.485714285714286,200.0,16.357142857142858
2021-10-14,0.0,22.371428571428574,11.200000000000001,2.557142857142857,6.142857142857143,0.0,210.0,0.0,8.057142857142859,188.57142857142858,16.557142857142857
2021-10-15,0.0,22.142857142857142,12.385714285714286,2.5,6.014285714285714,0.0,165.71428571428572,0.0,7.985714285714287,160.0,17.142857142857142
2021-10-16,0.1428571428571393,22.071428571428577,13.014285714285716,2.6999999999999997,6.528571428571428,0.0,172.85714285714286,0.0,8.485714285714286,168.57142857142858,17.442857142857143
2021-10-17,4.4999999999999964,22.78571428571429,13.414285714285715,2.8142857142857145,7.357142857142857,0.0,180.0,0.0,9.771428571428572,177.14285714285714,18.085714285714285
2021-10-18,4.4999999999999964,22.314285714285717,13.328571428571431,2.857142857142857,7.485714285714286,0.0,197.14285714285714,0.0,9.828571428571427,194.28571428571428,17.914285714285715
2021-10-19,4.899999999999997,20.571428571428573,12.614285714285716,2.9857142857142853,7.742857142857142,0.0,215.71428571428572,0.0,10.271428571428572,174.28571428571428,16.785714285714285
2021-10-20,4.971428571428568,18.82857142857143,11.828571428571431,3.057142857142857,7.871428571428572,0.0,232.85714285714286,0.0,10.457142857142857,190.0,15.557142857142855
2021-10-21,4.971428571428568,18.514285714285716,10.8,2.728571428571428,7.357142857142857,0.0,228.57142857142858,0.0,9.685714285714285,187.14285714285714,14.571428571428571
2021-10-22,5.957142857142854,17.95714285714286,9.771428571428572,3.0714285714285716,7.942857142857142,0.0,255.71428571428572,0.0,10.585714285714285,207.14285714285714,13.814285714285713
2021-10-23,6.428571428571424,17.242857142857144,8.185714285714287,3.3428571428571425,8.12857142857143,0.0,252.85714285714286,0.0,10.971428571428572,205.71428571428572,13.099999999999998
2021-10-24,2.071428571428568,15.100000000000003,6.442857142857144,2.8999999999999995,6.971428571428571,0.0,265.7142857142857,0.0,9.185714285714285,218.57142857142858,11.0
2021-10-25,2.071428571428568,14.614285714285717,4.942857142857144,2.5857142857142854,6.528571428571429,0.0,250.0,0.0,8.685714285714287,205.71428571428572,9.957142857142856
2021-10-26,3.199999999999996,14.442857142857145,4.628571428571429,2.357142857142857,6.328571428571428,0.0,221.42857142857142,0.0,8.371428571428572,218.57142857142858,9.5
2021-10-27,4.8714285714285674,14.685714285714289,4.942857142857144,2.457142857142857,6.257142857142857,0.0,227.14285714285714,0.0,8.242857142857144,224.28571428571428,9.585714285714285
2021-10-28,4.8714285714285674,13.48571428571429,5.028571428571429,3.1714285714285713,7.0857142857142845,0.0,252.85714285714286,0.0,9.328571428571427,250.0,9.27142857142857
2021-10-29,3.885714285714282,12.614285714285716,3.842857142857144,2.9714285714285715,6.700000000000001,0.0,271.42857142857144,0.0,8.757142857142856,274.2857142857143,8.34285714285714
2021-10-30,3.271428571428568,12.12857142857143,3.285714285714287,2.5285714285714285,6.257142857142857,0.0,264.2857142857143,0.0,7.871428571428571,265.7142857142857,7.199999999999998
2021-10-31,4.828571428571425,12.6,3.914285714285715,2.642857142857143,6.828571428571428,0.0,234.28571428571428,0.0,8.62857142857143,235.71428571428572,7.685714285714283
2021-11-01,10.628571428571425,12.52857142857143,5.4142857142857155,2.814285714285714,7.142857142857143,0.0,252.85714285714286,0.0,8.885714285714284,252.85714285714286,8.414285714285713
2021-11-02,9.099999999999996,13.085714285714289,5.4142857142857155,3.042857142857143,7.5857142857142845,0.0,271.42857142857144,0.0,9.657142857142857,274.2857142857143,9.085714285714285
2021-11-03,7.542857142857139,12.52857142857143,4.542857142857144,2.8857142857142857,7.585714285714286,0.0,261.42857142857144,0.0,9.785714285714286,264.2857142857143,8.64285714285714
2021-11-04,8.628571428571425,11.742857142857146,3.6714285714285717,2.2857142857142856,7.214285714285715,0.0,258.57142857142856,0.0,9.342857142857142,258.57142857142856,7.899999999999999
2021-11-05,8.628571428571425,11.02857142857143,3.1285714285714294,2.314285714285714,7.471428571428571,0.0,237.14285714285714,0.0,9.342857142857143,235.71428571428572,7.157142857142857
2021-11-06,8.628571428571425,10.15714285714286,2.6714285714285717,2.242857142857143,7.414285714285714,0.0,261.42857142857144,0.0,9.4,261.42857142857144,6.628571428571427
2021-11-07,7.0714285714285685,9.685714285714287,1.414285714285715,2.2142857142857144,6.971428571428571,0.0,270.0,0.0,8.885714285714286,271.42857142857144,5.728571428571428
2021-11-08,1.2714285714285682,9.685714285714287,-0.39999999999999913,2.142857142857143,7.1000000000000005,0.0,251.42857142857142,0.0,9.12857142857143,252.85714285714286,4.785714285714285
2021-11-09,1.2714285714285682,10.014285714285716,-1.199999999999999,1.6428571428571428,6.142857142857143,0.0,222.85714285714286,0.0,7.785714285714286,250.0,4.1428571428571415
2021-11-10,1.0857142857142825,10.72857142857143,-1.1999999999999988,1.385714285714286,5.571428571428571,0.0,210.0,0.0,6.8999999999999995,237.14285714285714,4.314285714285713
2021-11-11,0.3999999999999969,11.757142857142858,-1.042857142857142,1.542857142857143,5.942857142857142,0.0,207.14285714285714,0.0,7.414285714285714,238.57142857142858,5.199999999999998
2021-11-12,0.3999999999999969,12.385714285714288,-0.8142857142857134,1.4571428571428573,6.128571428571428,0.0,201.42857142857142,0.0,8.171428571428573,234.28571428571428,5.5857142857142845
2021-11-13,1.8857142857142826,13.100000000000003,0.04285714285714385,1.9857142857142855,7.142857142857143,0.0,180.0,0.0,9.771428571428572,211.42857142857142,6.799999999999999
2021-11-14,4.999999999999998,13.185714285714287,0.5857142857142866,2.085714285714286,7.3428571428571425,0.0,180.0,0.0,10.028571428571428,210.0,7.242857142857142
2021-11-15,5.357142857142855,12.628571428571432,1.2857142857142867,2.2857142857142856,7.214285714285714,0.0,180.0,0.0,9.842857142857143,208.57142857142858,7.357142857142856
2021-11-16,5.785714285714284,11.200000000000003,1.6000000000000012,2.8285714285714287,8.114285714285716,0.0,218.57142857142858,0.42857142857142855,10.985714285714286,218.57142857142858,7.014285714285713
2021-11-17,5.8285714285714265,9.771428571428572,0.8142857142857155,3.3,8.871428571428572,0.0,238.57142857142858,0.42857142857142855,11.87142857142857,235.71428571428572,6.285714285714285
2021-11-18,5.428571428571426,9.3,0.1857142857142869,3.557142857142857,9.457142857142857,0.0,220.0,0.42857142857142855,12.828571428571427,217.14285714285714,4.885714285714285
2021-11-19,6.585714285714284,10.014285714285718,1.1285714285714297,4.328571428571428,10.157142857142858,0.0,228.57142857142858,0.42857142857142855,13.857142857142858,224.28571428571428,5.914285714285713
2021-11-20,5.099999999999999,9.071428571428575,0.8857142857142869,4.3999999999999995,9.9,0.0,254.28571428571428,0.42857142857142855,13.214285714285714,250.0,5.114285714285713
2021-11-21,1.9857142857142833,8.35714285714286,0.1142857142857154,4.5,10.014285714285714,0.0,254.28571428571428,0.42857142857142855,13.471428571428572,251.42857142857142,4.499999999999999
2021-11-22,1.771428571428569,8.42857142857143,0.2714285714285724,4.671428571428572,10.4,0.0,254.28571428571428,0.42857142857142855,14.171428571428569,251.42857142857142,4.514285714285713
2021-11-23,1.5571428571428547,8.814285714285717,0.04285714285714383,4.757142857142857,10.328571428571427,0.0,248.57142857142858,0.0,14.37142857142857,248.57142857142858,4.7714285714285705
2021-11-24,1.5142857142857118,8.185714285714289,-0.028571428571427582,5.014285714285714,10.4,0.0,247.14285714285714,0.42857142857142855,14.442857142857145,250.0,4.2142857142857135
2021-11-25,1.5142857142857118,7.142857142857145,-0.42857142857142755,4.6571428571428575,9.057142857142859,0.0,265.7142857142857,0.42857142857142855,12.585714285714285,268.57142857142856,3.9142857142857133
2021-11-26,0.5428571428571403,5.642857142857145,-1.8428571428571416,3.8999999999999995,8.171428571428573,0.0,270.0,0.42857142857142855,11.057142857142859,271.42857142857144,2.242857142857142
2021-11-27,3.085714285714283,5.400000000000001,-2.0714285714285703,3.5571428571428574,7.985714285714286,0.0,268.57142857142856,10.285714285714286,10.87142857142857,270.0,1.9142857142857133
2021-11-28,3.157142857142855,4.528571428571431,-1.999999999999999,3.9571428571428577,8.5,11.428571428571429,287.14285714285717,11.714285714285714,11.328571428571427,287.14285714285717,1.4857142857142847
2021-11-29,3.014285714285712,3.042857142857145,-3.9714285714285706,3.5142857142857147,7.985714285714287,22.857142857142858,302.85714285714283,13.142857142857142,10.5,304.2857142857143,0.07142857142857041
2021-11-30,2.7999999999999976,1.6285714285714306,-5.228571428571428,3.0714285714285716,7.485714285714286,34.285714285714285,267.14285714285717,13.142857142857142,9.542857142857143,311.42857142857144,-1.400000000000001
2021-12-01,2.871428571428569,1.542857142857145,-6.028571428571428,2.742857142857143,7.228571428571429,45.714285714285715,248.57142857142858,13.857142857142858,9.342857142857143,291.42857142857144,-1.957142857142858
2021-12-02,3.1285714285714263,1.5428571428571447,-5.628571428571427,2.9857142857142853,8.114285714285714,57.142857142857146,247.14285714285714,16.0,10.37142857142857,287.14285714285717,-1.6142857142857152
2021-12-03,3.085714285714283,1.8571428571428592,-5.628571428571427,3.6285714285714286,8.685714285714285,68.57142857142857,241.42857142857142,16.428571428571427,11.257142857142858,295.7142857142857,-1.2714285714285722
2021-12-04,0.5428571428571403,1.7714285714285736,-6.257142857142855,4.071428571428571,9.0,68.57142857142857,241.42857142857142,6.571428571428571,11.957142857142856,291.42857142857144,-1.414285714285715
2021-12-05,0.6571428571428546,2.1571428571428592,-6.971428571428571,3.6285714285714286,8.371428571428572,57.142857142857146,225.71428571428572,9.142857142857142,11.242857142857144,272.85714285714283,-1.7285714285714298
2021-12-06,0.6571428571428546,2.3857142857142875,-5.928571428571428,3.6571428571428575,8.37142857142857,50.0,201.42857142857142,8.142857142857142,11.185714285714285,248.57142857142858,-1.2714285714285722
2021-12-07,1.4142857142857117,4.285714285714287,-4.8999999999999995,4.0,9.200000000000001,38.57142857142857,238.57142857142858,8.142857142857142,12.514285714285714,241.42857142857142,-0.07142857142857244
2021-12-08,1.3428571428571403,4.914285714285717,-4.185714285714285,4.1571428571428575,9.714285714285714,27.142857142857142,247.14285714285714,7.0,13.285714285714286,254.28571428571428,0.8857142857142846
2021-12-09,1.371428571428569,4.142857142857145,-4.428571428571428,3.8857142857142857,8.885714285714286,15.714285714285714,205.71428571428572,10.714285714285714,12.385714285714286,218.57142857142858,0.2285714285714275
2021-12-10,1.3428571428571403,2.485714285714288,-4.985714285714286,3.3714285714285714,8.242857142857144,11.428571428571429,180.0,12.142857142857142,11.428571428571427,180.0,-0.7571428571428581
2021-12-11,1.4142857142857117,2.4857142857142875,-5.299999999999999,3.0285714285714285,8.057142857142859,18.571428571428573,161.42857142857142,12.857142857142858,11.042857142857143,165.71428571428572,-1.3285714285714296
2021-12-12,2.2857142857142834,4.071428571428574,-3.957142857142856,3.585714285714286,8.885714285714286,22.857142857142858,157.14285714285714,8.857142857142858,12.328571428571427,167.14285714285714,-0.07142857142857231
2021-12-13,2.2857142857142834,5.100000000000002,-3.1857142857142846,4.214285714285714,10.042857142857144,18.571428571428573,174.28571428571428,8.428571428571429,13.985714285714284,182.85714285714286,1.0285714285714278
2021-12-14,1.5285714285714262,4.771428571428574,-2.642857142857142,4.3,9.6,18.571428571428573,171.42857142857142,8.428571428571429,13.542857142857144,178.57142857142858,1.1142857142857134
2021-12-15,1.5285714285714262,5.25714285714286,-2.7999999999999994,4.114285714285714,9.528571428571428,18.571428571428573,182.85714285714286,8.428571428571429,13.357142857142858,185.71428571428572,1.442857142857142
2021-12-16,1.4285714285714264,6.4285714285714315,-2.714285714285713,4.5,10.428571428571429,18.571428571428573,205.71428571428572,2.5714285714285716,14.700000000000001,204.28571428571428,1.8857142857142848
2021-12-17,1.7857142857142831,9.271428571428574,-0.742857142857142,5.257142857142857,11.385714285714286,11.428571428571429,231.42857142857142,0.7142857142857143,16.099999999999998,228.57142857142858,3.8571428571428563
2021-12-18,1.7142857142857117,10.871428571428575,0.5857142857142866,5.742857142857142,11.828571428571431,4.285714285714286,242.85714285714286,0.0,17.0,241.42857142857142,5.67142857142857
2021-12-19,2.3999999999999977,9.285714285714288,0.11428571428571521,5.1,10.799999999999999,0.0,267.14285714285717,16.714285714285715,15.528571428571428,214.28571428571428,4.9571428571428555
2021-12-20,2.514285714285712,7.785714285714287,-1.2999999999999992,4.971428571428571,10.085714285714285,18.571428571428573,280.0,19.285714285714285,14.242857142857144,227.14285714285714,3.4857142857142844
2021-12-21,2.514285714285712,6.300000000000002,-3.028571428571428,4.928571428571429,10.714285714285714,37.142857142857146,268.57142857142856,19.285714285714285,14.571428571428571,217.14285714285714,1.8142857142857136
2021-12-22,2.514285714285712,5.585714285714288,-3.028571428571428,4.985714285714286,10.528571428571428,55.714285714285715,247.14285714285714,19.285714285714285,14.571428571428571,197.14285714285714,1.1571428571428561
2021-12-23,2.328571428571426,5.185714285714288,-3.114285714285714,5.1,10.585714285714285,74.28571428571429,264.2857142857143,19.285714285714285,14.642857142857142,214.28571428571428,1.2285714285714278
2021-12-24,1.8571428571428548,2.100000000000002,-5.7142857142857135,4.514285714285714,9.885714285714286,88.57142857142857,287.14285714285717,19.285714285714285,13.428571428571429,232.85714285714286,-1.0000000000000009
2021-12-25,1.8571428571428548,-0.35714285714285515,-7.6,3.8142857142857145,8.614285714285714,102.85714285714286,275.7142857142857,19.285714285714285,11.257142857142856,217.14285714285714,-3.557142857142858
2021-12-26,0.5428571428571406,-0.5857142857142839,-7.757142857142855,3.9,8.485714285714286,117.14285714285714,277.14285714285717,2.5714285714285716,10.87142857142857,234.28571428571428,-3.8714285714285728
2021-12-27,0.5714285714285692,-0.27142857142856947,-7.271428571428571,3.5571428571428574,8.37142857142857,112.85714285714286,275.7142857142857,3.2857142857142856,11.0,235.71428571428572,-3.7000000000000015
2021-12-28,0.5714285714285692,-0.35714285714285515,-6.728571428571428,3.2285714285714286,7.671428571428571,112.85714285714286,295.7142857142857,3.2857142857142856,9.971428571428572,251.42857142857142,-3.2000000000000015
2021-12-29,0.6857142857142834,-0.35714285714285526,-6.57142857142857,3.1285714285714286,7.671428571428572,108.57142857142857,295.7142857142857,4.0,9.642857142857142,250.0,-3.300000000000001
2021-12-30,0.6857142857142834,-0.742857142857141,-6.014285714285713,2.5571428571428574,6.657142857142857,104.28571428571429,298.57142857142856,4.0,8.042857142857143,252.85714285714286,-3.314285714285716
2021-12-31,0.6857142857142834,0.6714285714285734,-4.514285714285713,2.185714285714286,6.085714285714286,104.28571428571429,297.14285714285717,4.0,7.3428571428571425,254.28571428571428,-2.357142857142858
2022-01-01,0.8285714285714263,1.3714285714285732,-3.0142857142857133,2.1142857142857143,5.957142857142856,104.28571428571429,298.57142857142856,5.428571428571429,7.214285714285714,255.71428571428572,-1.1714285714285726
2022-01-02,0.44285714285714056,2.3142857142857163,-2.47142857142857,2.1428571428571432,6.214285714285714,101.42857142857143,297.14285714285717,5.428571428571429,7.528571428571429,287.14285714285717,-0.3714285714285725
2022-01-03,0.8142857142857121,2.542857142857145,-3.3571428571428563,2.4571428571428577,6.142857142857143,98.57142857142857,250.0,10.857142857142858,7.528571428571428,240.0,-0.41428571428571537
2022-01-04,0.8142857142857121,1.2714285714285736,-5.099999999999999,2.485714285714286,5.957142857142857,94.28571428571429,205.71428571428572,10.857142857142858,7.471428571428572,200.0,-1.62857142857143
2022-01-05,0.6999999999999977,0.6428571428571449,-7.157142857142857,2.642857142857143,5.885714285714285,94.28571428571429,207.14285714285714,10.142857142857142,7.471428571428571,204.28571428571428,-3.2714285714285727
2022-01-06,0.6999999999999977,1.0285714285714305,-7.228571428571427,3.5714285714285716,7.285714285714286,91.42857142857143,190.0,10.142857142857142,9.385714285714286,187.14285714285714,-3.314285714285716
2022-01-07,0.6999999999999977,0.8000000000000017,-7.385714285714284,3.942857142857143,7.857142857142857,88.57142857142857,178.57142857142858,10.142857142857142,10.285714285714286,177.14285714285714,-3.1571428571428584
2022-01-08,0.8857142857142835,-0.05714285714285535,-8.885714285714284,4.328571428571428,8.685714285714285,81.42857142857143,198.57142857142858,14.857142857142858,11.428571428571429,195.71428571428572,-3.800000000000001
2022-01-09,0.8428571428571406,-1.942857142857141,-11.171428571428569,4.271428571428571,8.942857142857141,84.28571428571429,172.85714285714286,14.857142857142858,12.071428571428571,170.0,-5.92857142857143
2022-01-10,0.4428571428571405,-1.6285714285714268,-10.614285714285712,4.871428571428572,9.900000000000002,84.28571428571429,200.0,6.857142857142857,13.157142857142858,194.28571428571428,-5.957142857142858
2022-01-11,0.4428571428571405,-0.35714285714285554,-10.214285714285714,5.285714285714286,10.785714285714286,77.14285714285714,238.57142857142858,7.285714285714286,14.557142857142859,231.42857142857142,-4.957142857142858
2022-01-12,0.4428571428571405,-2.0999999999999983,-10.614285714285712,5.171428571428572,11.042857142857143,70.0,260.0,7.285714285714286,14.757142857142858,250.0,-5.628571428571431
2022-01-13,0.4428571428571405,-2.9571428571428555,-12.285714285714286,5.185714285714285,11.242857142857144,65.71428571428571,260.0,7.285714285714286,15.071428571428571,250.0,-7.014285714285715
2022-01-14,0.4428571428571405,-3.357142857142855,-12.599999999999998,4.885714285714286,10.799999999999999,61.42857142857143,268.57142857142856,8.0,14.371428571428572,260.0,-7.614285714285716
2022-01-15,0.25714285714285484,-3.585714285714284,-13.785714285714286,5.157142857142857,11.114285714285714,65.71428571428571,221.42857142857142,4.0,14.885714285714286,220.0,-8.014285714285716
2022-01-16,0.25714285714285484,-5.2571428571428545,-14.742857142857142,5.371428571428571,11.242857142857144,62.857142857142854,198.57142857142858,4.0,14.828571428571427,197.14285714285714,-9.242857142857146
2022-01-17,0.14285714285714057,-6.514285714285712,-17.2,4.428571428571429,10.1,62.857142857142854,194.28571428571428,3.2857142857142856,13.299999999999999,195.71428571428572,-11.314285714285717
2022-01-18,2.214285714285712,-6.428571428571426,-16.085714285714285,4.171428571428572,9.842857142857143,70.0,168.57142857142858,32.285714285714285,12.857142857142858,172.85714285714286,-11.228571428571431
2022-01-19,2.214285714285712,-5.071428571428569,-16.085714285714285,4.385714285714286,9.842857142857142,95.71428571428571,165.71428571428572,32.714285714285715,12.985714285714284,167.14285714285714,-9.828571428571431
2022-01-20,2.214285714285712,-4.214285714285713,-17.114285714285714,4.114285714285715,9.714285714285714,117.14285714285714,164.28571428571428,32.714285714285715,12.6,167.14285714285714,-9.742857142857146
2022-01-21,2.214285714285712,-3.7428571428571407,-18.942857142857143,4.628571428571428,10.728571428571428,128.57142857142858,167.14285714285714,32.0,13.942857142857141,170.0,-10.185714285714287
2022-01-22,2.071428571428569,-5.17142857142857,-19.657142857142855,4.0285714285714285,9.642857142857142,131.42857142857142,214.28571428571428,29.857142857142858,13.583333333333334,193.33333333333334,-11.857142857142858
2022-01-23,2.071428571428569,-3.585714285714284,-20.057142857142853,3.914285714285714,9.700000000000001,134.28571428571428,241.42857142857142,29.857142857142858,13.950000000000001,223.33333333333334,-11.685714285714287
2022-01-24,2.1428571428571406,-3.257142857142856,-18.471428571428568,4.2,10.142857142857142,137.14285714285714,244.28571428571428,33.42857142857143,14.700000000000001,226.66666666666666,-10.1
2022-01-25,0.14285714285714057,-4.285714285714284,-20.542857142857144,3.9,9.185714285714285,141.42857142857142,257.14285714285717,5.142857142857143,13.199999999999998,236.66666666666666,-11.428571428571429
2022-01-26,0.214285714285712,-3.8999999999999986,-19.114285714285717,3.5285714285714285,8.928571428571429,130.0,250.0,6.571428571428571,13.049999999999999,240.0,-11.357142857142858
2022-01-27,0.214285714285712,-5.785714285714284,-19.357142857142858,3.157142857142857,7.8999999999999995,122.85714285714286,274.2857142857143,6.571428571428571,11.5,208.33333333333334,-11.942857142857145
2022-01-28,0.214285714285712,-6.799999999999998,-20.3,3.1999999999999997,7.842857142857143,125.71428571428571,252.85714285714286,6.571428571428571,11.716666666666667,185.0,-13.442857142857141
2022-01-29,0.214285714285712,-5.214285714285713,-19.514285714285712,3.585714285714286,8.671428571428573,132.85714285714286,232.85714285714286,9.857142857142858,12.085714285714285,187.14285714285714,-11.814285714285715
2022-01-30,0.214285714285712,-6.242857142857141,-18.714285714285715,3.871428571428571,8.671428571428573,144.28571428571428,255.71428571428572,9.857142857142858,11.957142857142856,211.42857142857142,-11.685714285714287
2022-01-31,0.14285714285714057,-6.728571428571428,-20.057142857142857,3.357142857142857,8.22857142857143,155.71428571428572,275.7142857142857,6.285714285714286,11.314285714285715,230.0,-12.814285714285715
2022-02-01,0.07142857142856915,-6.099999999999999,-19.342857142857138,3.3,8.485714285714286,162.85714285714286,274.2857142857143,5.142857142857143,11.514285714285716,232.85714285714286,-12.514285714285716
2022-02-02,0.0,-5.785714285714284,-20.142857142857142,3.4857142857142853,8.685714285714287,162.85714285714286,261.42857142857144,3.2857142857142856,11.642857142857142,215.71428571428572,-12.72857142857143
2022-02-03,0.0,-3.57142857142857,-17.12857142857143,4.242857142857143,9.642857142857142,162.85714285714286,237.14285714285714,3.2857142857142856,13.428571428571429,240.0,-10.55714285714286
2022-02-04,1.2999999999999976,-2.2285714285714273,-14.985714285714284,4.314285714285714,9.7,145.71428571428572,237.14285714285714,26.857142857142858,13.299999999999999,240.0,-7.871428571428573
2022-02-05,3.657142857142855,-3.0999999999999988,-14.028571428571427,4.371428571428571,9.457142857142857,171.42857142857142,257.14285714285717,54.42857142857143,12.785714285714286,260.0,-8.371428571428572
2022-02-06,3.699999999999998,-2.385714285714285,-14.114285714285712,4.0,9.2,200.0,254.28571428571428,55.142857142857146,12.342857142857142,258.57142857142856,-7.485714285714287
2022-02-07,3.699999999999998,-2.142857142857142,-14.042857142857143,4.457142857142857,9.828571428571427,228.57142857142858,234.28571428571428,55.142857142857146,13.37142857142857,240.0,-7.457142857142858
2022-02-08,3.699999999999998,-1.2857142857142847,-12.37142857142857,4.985714285714286,10.528571428571428,254.28571428571428,234.28571428571428,55.142857142857146,14.514285714285714,238.57142857142858,-6.200000000000002
2022-02-09,3.699999999999998,-1.2857142857142847,-10.7,4.728571428571428,9.828571428571427,268.57142857142856,250.0,55.142857142857146,13.685714285714285,251.42857142857142,-5.2857142857142865
2022-02-10,3.699999999999998,-1.457142857142856,-11.971428571428572,4.2,9.314285714285715,280.0,248.57142857142858,55.142857142857146,12.857142857142858,251.42857142857142,-5.700000000000001
2022-02-11,2.3999999999999977,-1.457142857142856,-10.328571428571426,4.257142857142857,9.257142857142856,301.42857142857144,250.0,31.571428571428573,12.857142857142858,251.42857142857142,-5.514285714285715
2022-02-12,0.04285714285714032,1.142857142857144,-8.67142857142857,4.342857142857143,9.885714285714286,272.85714285714283,230.0,0.7142857142857143,13.757142857142858,231.42857142857142,-3.5428571428571436
2022-02-13,0.0,3.5142857142857156,-7.314285714285714,4.6000000000000005,10.142857142857142,237.14285714285714,230.0,0.0,14.328571428571427,214.28571428571428,-0.9857142857142867
2022-02-14,0.0,2.8000000000000007,-6.357142857142856,4.671428571428571,9.771428571428572,197.14285714285714,250.0,0.0,13.614285714285716,231.42857142857142,-0.5857142857142869
2022-02-15,0.0,0.9857142857142865,-7.942857142857142,4.571428571428571,9.328571428571427,160.0,265.7142857142857,0.42857142857142855,12.914285714285715,248.57142857142858,-2.2285714285714295
2022-02-16,0.0,0.04285714285714385,-9.614285714285712,4.7,9.585714285714285,138.57142857142858,270.0,0.42857142857142855,13.028571428571428,255.71428571428572,-3.6428571428571437
2022-02-17,0.0,0.21428571428571516,-10.242857142857142,5.228571428571428,10.614285714285714,117.14285714285714,272.85714285714283,0.42857142857142855,14.299999999999999,258.57142857142856,-4.328571428571429
2022-02-18,0.7999999999999974,0.9285714285714295,-10.4,5.614285714285714,11.0,98.57142857142857,270.0,0.42857142857142855,14.814285714285715,257.14285714285717,-3.814285714285716
2022-02-19,2.428571428571426,-0.18571428571428486,-11.985714285714284,5.6571428571428575,11.200000000000001,84.28571428571429,291.42857142857144,3.2857142857142856,15.128571428571428,275.7142857142857,-4.557142857142859
2022-02-20,2.428571428571426,-1.442857142857142,-12.071428571428571,5.985714285714286,11.457142857142856,70.0,288.57142857142856,4.428571428571429,15.442857142857141,290.0,-6.471428571428573
2022-02-21,2.428571428571426,0.05714285714285826,-11.985714285714284,6.3428571428571425,12.414285714285715,60.0,268.57142857142856,4.428571428571429,17.11428571428571,271.42857142857144,-6.157142857142858
2022-02-22,2.428571428571426,2.2714285714285727,-10.314285714285713,6.471428571428571,13.242857142857144,50.0,251.42857142857142,4.0,18.257142857142856,252.85714285714286,-3.942857142857144
2022-02-23,3.1142857142857117,4.714285714285715,-8.799999999999999,6.542857142857143,13.742857142857144,40.0,231.42857142857142,4.0,19.02857142857143,232.85714285714286,-2.285714285714287
2022-02-24,3.1142857142857117,5.900000000000001,-8.085714285714285,6.314285714285714,13.614285714285716,28.571428571428573,247.14285714285714,4.0,18.771428571428572,245.71428571428572,-0.24285714285714363
2022-02-25,2.314285714285712,3.6857142857142864,-10.057142857142855,5.514285714285714,12.657142857142857,21.428571428571427,222.85714285714286,4.0,17.485714285714288,220.0,-2.6000000000000005
2022-02-26,2.428571428571426,2.671428571428573,-10.37142857142857,5.228571428571429,12.142857142857142,17.142857142857142,221.42857142857142,30.142857142857142,16.657142857142855,221.42857142857142,-3.6714285714285717
2022-02-27,2.428571428571426,2.2714285714285727,-11.085714285714285,4.742857142857143,11.314285714285713,41.42857142857143,202.85714285714286,29.0,15.514285714285714,201.42857142857142,-4.2285714285714295
2022-02-28,2.471428571428569,2.4285714285714297,-10.457142857142857,4.6,11.442857142857141,58.57142857142857,222.85714285714286,33.285714285714285,15.057142857142855,221.42857142857142,-3.357142857142858
2022-03-01,2.471428571428569,0.6142857142857155,-12.12857142857143,4.3,10.928571428571429,75.71428571428571,242.85714285714286,33.285714285714285,14.171428571428573,242.85714285714286,-5.1000000000000005
2022-03-02,1.8285714285714258,-0.8857142857142847,-13.485714285714286,4.385714285714285,10.799999999999999,90.0,241.42857142857142,34.42857142857143,14.114285714285714,241.42857142857142,-6.357142857142859
2022-03-03,1.871428571428569,-2.714285714285713,-13.4,3.757142857142857,9.457142857142857,108.57142857142857,242.85714285714286,35.142857142857146,12.457142857142859,244.28571428571428,-7.900000000000001
2022-03-04,1.9428571428571406,-2.3999999999999986,-13.4,4.042857142857143,10.028571428571427,122.85714285714286,292.85714285714283,37.0,13.1,291.42857142857144,-7.328571428571429
2022-03-05,0.1999999999999977,-1.8428571428571416,-14.185714285714285,3.871428571428571,9.642857142857142,137.14285714285714,272.85714285714283,8.0,12.528571428571428,271.42857142857144,-7.5428571428571445
2022-03-06,0.1999999999999977,-0.8999999999999988,-13.314285714285713,3.7,9.514285714285714,122.85714285714286,272.85714285714283,8.0,12.271428571428572,270.0,-6.414285714285716
2022-03-07,0.4428571428571405,1.400000000000001,-11.5,3.9857142857142853,9.314285714285715,112.85714285714286,262.85714285714283,3.7142857142857144,12.985714285714286,260.0,-5.02857142857143
2022-03-08,1.171428571428569,3.685714285714287,-8.971428571428572,4.0,9.828571428571427,91.42857142857143,260.0,3.7142857142857144,13.685714285714285,255.71428571428572,-2.5428571428571445
2022-03-09,1.1285714285714261,4.000000000000002,-7.371428571428571,4.228571428571429,10.028571428571428,72.85714285714286,278.57142857142856,2.5714285714285716,14.0,272.85714285714283,-1.12857142857143
2022-03-10,1.0857142857142834,4.400000000000001,-6.6571428571428575,4.385714285714285,10.414285714285713,54.285714285714285,260.0,2.2857142857142856,14.128571428571428,255.71428571428572,-0.8571428571428584
2022-03-11,1.014285714285712,5.971428571428573,-5.299999999999999,3.957142857142857,9.642857142857142,40.0,237.14285714285714,0.42857142857142855,13.114285714285714,248.57142857142858,0.1571428571428557
2022-03-12,1.014285714285712,7.457142857142858,-2.928571428571428,3.9,9.714285714285714,25.714285714285715,232.85714285714286,0.42857142857142855,13.428571428571429,245.71428571428572,1.9714285714285702
2022-03-13,3.957142857142855,8.085714285714287,-2.3714285714285706,4.3,10.414285714285715,11.428571428571429,250.0,26.571428571428573,14.700000000000001,265.7142857142857,2.5285714285714276
2022-03-14,3.6714285714285695,5.400000000000001,-3.942857142857142,3.857142857142857,9.971428571428572,21.428571428571427,257.14285714285717,27.285714285714285,13.671428571428573,272.85714285714283,0.8285714285714274
2022-03-15,2.942857142857141,5.171428571428573,-4.6428571428571415,3.942857142857143,9.142857142857142,35.714285714285715,240.0,27.285714285714285,12.771428571428572,255.71428571428572,-0.1285714285714297
2022-03-16,3.0142857142857125,5.642857142857145,-3.942857142857142,3.4,8.114285714285714,42.857142857142854,198.57142857142858,28.428571428571427,11.242857142857144,215.71428571428572,0.2857142857142846
2022-03-17,3.0142857142857125,6.671428571428572,-3.242857142857143,3.314285714285714,7.728571428571428,47.142857142857146,200.0,28.0,10.857142857142858,217.14285714285714,0.9571428571428561
2022-03-18,3.0142857142857125,8.100000000000001,-1.7571428571428562,3.9714285714285715,8.685714285714285,47.142857142857146,198.57142857142858,28.0,12.12857142857143,201.42857142857142,2.3571428571428563
2022-03-19,3.0142857142857125,9.142857142857142,-0.7428571428571421,4.071428571428571,8.428571428571429,47.142857142857146,221.42857142857142,28.0,11.500000000000002,224.28571428571428,3.6285714285714272
2022-03-20,0.7999999999999979,9.85714285714286,0.671428571428572,3.7142857142857144,7.985714285714286,47.142857142857146,195.71428571428572,1.8571428571428572,10.614285714285714,197.14285714285714,4.514285714285713
2022-03-21,1.4857142857142835,11.42857142857143,2.400000000000001,3.442857142857143,7.542857142857144,25.714285714285715,198.57142857142858,1.1428571428571428,9.842857142857143,198.57142857142858,6.528571428571427
2022-03-22,1.4857142857142835,11.900000000000002,2.942857142857143,3.585714285714286,8.114285714285716,11.428571428571429,220.0,1.1428571428571428,10.557142857142859,218.57142857142858,7.371428571428571
2022-03-23,1.4142857142857121,11.828571428571431,2.714285714285715,4.128571428571428,9.328571428571427,4.285714285714286,267.14285714285717,0.0,11.900000000000002,262.85714285714283,7.0857142857142845
2022-03-24,1.557142857142855,11.200000000000001,2.014285714285715,4.028571428571429,9.142857142857142,0.0,284.2857142857143,0.0,11.642857142857144,280.0,6.685714285714284
2022-03-25,2.499999999999998,9.857142857142858,1.3857142857142861,3.757142857142857,8.7,0.0,280.0,0.0,11.071428571428571,275.7142857142857,5.728571428571428
2022-03-26,3.657142857142855,9.3,1.3857142857142861,3.6142857142857143,8.757142857142858,0.0,274.2857142857143,0.0,11.314285714285715,268.57142857142856,5.17142857142857
2022-03-27,2.9285714285714266,8.985714285714286,1.3857142857142861,3.542857142857143,8.5,0.0,284.2857142857143,0.0,11.0,278.57142857142856,5.057142857142856
2022-03-28,2.5285714285714262,8.271428571428572,-0.11428571428571375,3.8714285714285714,9.0,0.0,284.2857142857143,1.1428571428571428,11.514285714285714,281.42857142857144,4.285714285714286
2022-03-29,2.6714285714285695,5.900000000000001,-1.6999999999999993,4.028571428571429,8.742857142857144,0.0,284.2857142857143,3.2857142857142856,11.057142857142859,282.85714285714283,2.3571428571428563
2022-03-30,2.6714285714285695,5.185714285714288,-2.5714285714285703,4.1571428571428575,8.557142857142857,0.0,284.2857142857143,3.7142857142857144,10.928571428571429,282.85714285714283,1.3714285714285706
2022-03-31,2.5714285714285694,4.942857142857144,-3.0571428571428565,4.242857142857143,8.871428571428572,0.0,262.85714285714283,3.7142857142857144,11.628571428571428,262.85714285714283,1.2285714285714278
2022-04-01,1.8428571428571405,5.814285714285715,-2.985714285714285,4.3428571428571425,9.185714285714285,0.0,267.14285714285717,3.7142857142857144,12.328571428571427,267.14285714285717,1.6428571428571421
2022-04-02,0.7285714285714265,5.971428571428573,-3.4571428571428564,4.585714285714286,9.62857142857143,0.0,268.57142857142856,3.7142857142857144,12.914285714285713,271.42857142857144,1.9142857142857135
2022-04-03,0.7285714285714265,5.7285714285714295,-3.999999999999999,4.942857142857143,10.328571428571427,0.0,282.85714285714283,3.7142857142857144,13.799999999999999,285.7142857142857,1.4714285714285709
2022-04-04,0.44285714285714084,6.2857142857142865,-3.1285714285714277,4.571428571428571,9.700000000000001,0.0,284.2857142857143,2.5714285714285716,12.971428571428573,284.2857142857143,1.4571428571428562
2022-04-05,0.3714285714285694,8.814285714285715,-1.6285714285714281,4.171428571428572,9.642857142857142,0.0,282.85714285714283,0.42857142857142855,12.971428571428573,284.2857142857143,3.2571428571428567
2022-04-06,0.3714285714285694,10.785714285714288,-0.4571428571428567,3.4999999999999996,8.614285714285714,0.0,260.0,0.0,11.757142857142856,250.0,5.042857142857143
2022-04-07,0.32857142857142657,12.771428571428572,1.0428571428571434,3.5,8.357142857142858,0.0,274.2857142857143,0.0,11.12857142857143,262.85714285714283,6.457142857142857
2022-04-08,2.3285714285714265,12.371428571428572,1.3714285714285719,3.3285714285714283,8.1,0.0,270.0,0.0,10.557142857142859,258.57142857142856,6.699999999999998
2022-04-09,4.928571428571426,12.214285714285714,1.6857142857142864,3.042857142857143,7.785714285714286,0.0,252.85714285714286,0.0,10.042857142857144,238.57142857142858,6.428571428571429
2022-04-10,7.2571428571428545,11.9,2.1571428571428575,2.585714285714286,7.085714285714286,0.0,257.14285714285717,0.0,8.957142857142857,240.0,6.7142857142857135
2022-04-11,7.2571428571428545,11.900000000000002,2.7,2.7714285714285714,7.4,0.0,252.85714285714286,0.0,9.471428571428572,235.71428571428572,6.985714285714286
2022-04-12,7.185714285714283,12.457142857142859,2.5571428571428574,2.7571428571428567,7.085714285714287,0.0,234.28571428571428,0.0,9.085714285714285,215.71428571428572,7.199999999999998
2022-04-13,7.914285714285712,13.1,3.271428571428572,3.042857142857143,8.042857142857143,0.0,254.28571428571428,0.0,10.671428571428573,247.14285714285714,7.985714285714285
2022-04-14,8.499999999999998,12.3,3.5,2.9571428571428577,8.171428571428573,0.0,235.71428571428572,0.0,10.857142857142858,227.14285714285714,7.914285714285714
2022-04-15,7.485714285714283,13.414285714285715,3.4142857142857146,2.685714285714286,7.928571428571429,0.0,231.42857142857142,0.0,10.471428571428572,224.28571428571428,8.2
2022-04-16,4.9571428571428555,14.200000000000001,3.342857142857143,2.971428571428571,8.371428571428572,0.0,237.14285714285714,0.0,11.242857142857144,227.14285714285714,8.742857142857142
2022-04-17,2.8142857142857123,14.757142857142858,3.5,3.0714285714285716,8.571428571428571,0.0,238.57142857142858,0.0,11.62857142857143,231.42857142857142,9.114285714285714
2022-04-18,2.8142857142857123,14.671428571428573,3.028571428571429,3.2428571428571424,8.885714285714286,0.0,240.0,0.0,12.014285714285716,235.71428571428572,9.128571428571428
2022-04-19,2.857142857142855,14.357142857142858,2.8714285714285723,3.1857142857142855,9.642857142857142,0.0,230.0,0.0,12.785714285714288,225.71428571428572,8.971428571428572
2022-04-20,6.157142857142856,12.528571428571428,2.0857142857142863,3.3142857142857136,9.200000000000001,14.285714285714286,211.42857142857142,15.285714285714286,12.157142857142857,207.14285714285714,7.728571428571427
2022-04-21,5.571428571428569,12.057142857142859,1.5428571428571431,3.6428571428571423,9.642857142857142,18.571428571428573,235.71428571428572,15.285714285714286,12.799999999999999,235.71428571428572,7.128571428571427
2022-04-22,4.371428571428569,11.342857142857143,0.7571428571428577,4.2,10.471428571428573,18.571428571428573,244.28571428571428,15.285714285714286,14.071428571428571,244.28571428571428,6.485714285714285
2022-04-23,4.585714285714283,10.785714285714288,0.9857142857142863,4.285714285714286,10.471428571428572,18.571428571428573,260.0,15.285714285714286,13.87142857142857,264.2857142857143,6.414285714285713
2022-04-24,4.399999999999998,10.871428571428572,0.2857142857142863,4.257142857142857,10.342857142857142,18.571428571428573,261.42857142857144,15.285714285714286,13.614285714285714,260.0,6.2142857142857135
2022-04-25,4.399999999999998,12.071428571428573,0.9142857142857148,3.771428571428572,9.328571428571427,18.571428571428573,235.71428571428572,15.285714285714286,12.27142857142857,231.42857142857142,6.7142857142857135
2022-04-26,4.357142857142855,13.414285714285715,2.6428571428571432,4.285714285714286,9.142857142857142,18.571428571428573,245.71428571428572,15.285714285714286,12.457142857142856,240.0,8.042857142857141
2022-04-27,0.9428571428571407,14.928571428571429,3.900000000000001,4.185714285714285,9.971428571428572,4.285714285714286,244.28571428571428,0.0,13.285714285714286,240.0,9.571428571428571
2022-04-28,1.1285714285714266,14.842857142857143,4.2857142857142865,4.3,10.228571428571428,0.0,247.14285714285714,0.0,13.857142857142858,240.0,9.971428571428572
2022-04-29,1.1285714285714266,14.214285714285714,4.6000000000000005,4.571428571428571,10.1,0.0,270.0,0.0,13.928571428571429,260.0,9.657142857142857
2022-04-30,0.7999999999999979,14.214285714285714,4.214285714285715,4.928571428571429,10.228571428571428,0.0,271.42857142857144,0.0,14.371428571428572,258.57142857142856,9.171428571428569
2022-05-01,0.7999999999999979,14.757142857142858,4.3571428571428585,5.057142857142857,10.671428571428573,0.0,270.0,0.0,15.014285714285714,215.71428571428572,9.442857142857141
2022-05-02,0.7999999999999979,15.142857142857142,3.885714285714286,5.014285714285714,10.799999999999999,0.0,292.85714285714283,0.0,15.271428571428572,241.42857142857142,9.657142857142857
2022-05-03,0.7999999999999979,14.271428571428572,3.328571428571429,4.585714285714286,10.471428571428572,0.0,284.2857142857143,0.0,14.442857142857145,240.0,9.299999999999999
2022-05-04,0.5428571428571408,14.585714285714285,3.5,4.485714285714286,9.642857142857142,0.0,277.14285714285717,0.0,13.228571428571428,232.85714285714286,9.085714285714285
2022-05-05,1.4142857142857124,15.142857142857144,4.542857142857143,4.142857142857143,8.814285714285715,0.0,278.57142857142856,0.0,11.957142857142857,210.0,9.714285714285714
2022-05-06,1.4142857142857124,16.085714285714285,5.171428571428572,3.385714285714286,7.9142857142857155,0.0,232.85714285714286,0.0,10.414285714285713,214.28571428571428,10.614285714285712
2022-05-07,1.4142857142857124,16.571428571428573,5.485714285714286,2.8142857142857145,7.342857142857143,0.0,234.28571428571428,0.0,9.328571428571427,217.14285714285714,11.185714285714285
2022-05-08,1.4142857142857124,17.057142857142857,5.885714285714285,2.8714285714285714,7.3999999999999995,0.0,232.85714285714286,0.0,9.328571428571427,262.85714285714283,11.514285714285714
2022-05-09,1.4142857142857124,17.142857142857142,6.200000000000001,3.0142857142857147,7.785714285714286,0.0,237.14285714285714,0.0,9.828571428571427,265.7142857142857,11.7
2022-05-10,1.4142857142857124,18.25714285714286,5.885714285714286,2.8428571428571425,7.414285714285714,0.0,264.2857142857143,0.0,9.514285714285714,280.0,11.942857142857141
2022-05-11,1.0571428571428552,19.12857142857143,5.242857142857143,2.642857142857143,7.228571428571428,0.0,282.85714285714283,0.0,9.2,301.42857142857144,12.442857142857141
2022-05-12,0.0,21.271428571428572,5.071428571428571,2.557142857142857,7.485714285714286,0.0,280.0,0.0,9.385714285714286,322.85714285714283,13.428571428571429
2022-05-13,0.0,23.342857142857138,5.714285714285714,2.3857142857142857,7.357142857142857,0.0,308.57142857142856,0.0,9.071428571428571,305.7142857142857,14.814285714285713
2022-05-14,0.0,25.400000000000002,7.700000000000001,2.7714285714285714,7.542857142857144,0.0,287.14285714285717,0.0,9.271428571428572,282.85714285714283,16.8
2022-05-15,0.0,27.3,10.157142857142857,2.757142857142857,7.3,0.0,257.14285714285717,0.0,9.2,254.28571428571428,18.942857142857143
2022-05-16,1.699999999999998,27.928571428571434,12.3,2.757142857142857,7.1,0.0,238.57142857142858,0.0,9.142857142857142,234.28571428571428,20.328571428571426
2022-05-17,4.342857142857141,28.642857142857142,13.799999999999999,2.957142857142857,7.985714285714287,0.0,215.71428571428572,0.0,10.228571428571428,214.28571428571428,21.32857142857143
2022-05-18,4.999999999999998,27.614285714285717,14.271428571428572,3.3142857142857145,8.614285714285716,0.0,225.71428571428572,0.0,11.185714285714285,221.42857142857142,21.071428571428573
2022-05-19,4.999999999999998,26.185714285714287,14.042857142857143,3.5142857142857147,8.871428571428572,0.0,227.14285714285714,0.0,11.5,222.85714285714286,20.099999999999998
2022-05-20,6.557142857142855,23.642857142857146,13.400000000000002,3.5,8.871428571428572,0.0,215.71428571428572,0.0,11.62857142857143,210.0,18.642857142857142
2022-05-21,6.557142857142855,23.08571428571429,12.042857142857144,3.4,9.200000000000001,0.0,215.71428571428572,0.0,12.4,210.0,17.414285714285715
2022-05-22,7.285714285714284,23.17142857142857,12.042857142857144,3.642857142857143,9.385714285714286,0.0,227.14285714285714,0.0,12.785714285714286,218.57142857142858,17.242857142857144
2022-05-23,6.385714285714284,24.05714285714286,11.328571428571431,3.8285714285714287,9.828571428571427,0.0,200.0,0.0,13.299999999999999,232.85714285714286,17.514285714285712
2022-05-24,3.7428571428571407,22.47142857142857,10.614285714285716,4.0,9.200000000000001,0.0,224.28571428571428,0.0,12.528571428571428,260.0,16.571428571428573
2022-05-25,3.085714285714284,22.785714285714285,10.142857142857142,3.7,8.5,0.0,225.71428571428572,0.0,11.62857142857143,261.42857142857144,16.342857142857145
2022-05-26,3.085714285714284,23.5,10.214285714285717,3.3999999999999995,7.8,0.0,217.14285714285714,0.0,10.871428571428572,252.85714285714286,16.814285714285713
2022-05-27,1.5285714285714265,25.08571428571429,11.485714285714286,4.257142857142857,8.885714285714284,0.0,222.85714285714286,0.0,12.599999999999998,260.0,18.04285714285714
2022-05-28,1.7857142857142836,24.857142857142858,12.914285714285715,4.4,8.557142857142857,0.0,221.42857142857142,0.0,12.785714285714286,261.42857142857144,18.842857142857145
2022-05-29,1.9285714285714266,23.657142857142862,11.8,4.142857142857143,8.557142857142859,0.0,242.85714285714286,0.0,12.657142857142857,284.2857142857143,18.24285714285714
2022-05-30,1.1285714285714266,23.171428571428574,11.571428571428571,3.8285714285714287,7.985714285714286,0.0,271.42857142857144,0.0,11.885714285714284,275.7142857142857,17.614285714285714
2022-05-31,1.1285714285714266,24.82857142857143,12.057142857142859,3.471428571428572,7.728571428571428,0.0,250.0,0.0,11.571428571428571,257.14285714285717,18.642857142857142
2022-06-01,1.1285714285714266,25.542857142857144,13.485714285714286,3.742857142857143,7.985714285714286,0.0,247.14285714285714,0.0,11.885714285714284,252.85714285714286,19.828571428571426
2022-06-02,3.957142857142855,24.75714285714286,14.285714285714288,4.057142857142858,8.3,0.0,228.57142857142858,0.0,12.2,231.42857142857142,19.928571428571427
2022-06-03,4.214285714285713,24.042857142857144,14.285714285714288,3.257142857142857,7.1571428571428575,0.0,252.85714285714286,0.0,10.214285714285714,250.0,19.557142857142853
2022-06-04,3.957142857142855,23.957142857142856,13.65714285714286,2.742857142857143,6.842857142857143,0.0,277.14285714285717,0.0,9.12857142857143,268.57142857142856,19.27142857142857
2022-06-05,3.085714285714284,24.514285714285712,13.500000000000002,2.8285714285714283,7.028571428571428,0.0,268.57142857142856,0.0,9.328571428571431,262.85714285714283,19.085714285714285
2022-06-06,3.085714285714284,24.042857142857144,13.414285714285715,3.0714285714285716,7.542857142857143,0.0,287.14285714285717,0.0,9.900000000000002,275.7142857142857,18.91428571428571
2022-06-07,3.085714285714284,23.657142857142855,13.100000000000003,2.9857142857142853,7.214285714285714,0.0,290.0,0.0,9.514285714285716,277.14285714285717,18.471428571428568
2022-06-08,3.3714285714285697,24.12857142857143,13.414285714285715,3.314285714285714,7.785714285714286,0.0,270.0,0.0,10.6,258.57142857142856,18.557142857142857
2022-06-09,1.4142857142857121,25.157142857142862,13.657142857142858,3.228571428571428,8.357142857142858,0.0,277.14285714285717,0.0,11.5,271.42857142857144,19.071428571428573
2022-06-10,3.9857142857142835,24.914285714285715,13.342857142857145,3.4,8.742857142857142,0.0,275.7142857142857,0.0,12.328571428571427,272.85714285714283,19.02857142857143
2022-06-11,3.9857142857142835,24.514285714285716,13.257142857142858,3.4857142857142853,8.742857142857144,0.0,260.0,0.0,12.257142857142856,258.57142857142856,18.62857142857143
2022-06-12,3.9857142857142835,24.285714285714285,13.257142857142858,3.271428571428572,8.114285714285714,0.0,247.14285714285714,0.0,11.357142857142858,244.28571428571428,18.657142857142855
2022-06-13,3.9857142857142835,24.84285714285715,13.5,3.3428571428571425,8.114285714285714,0.0,225.71428571428572,0.0,11.357142857142858,227.14285714285714,19.085714285714285
2022-06-14,3.9857142857142835,24.75714285714286,14.12857142857143,3.742857142857143,8.814285714285715,0.0,244.28571428571428,0.0,12.057142857142859,244.28571428571428,19.571428571428573
2022-06-15,3.699999999999998,24.6,13.185714285714285,3.185714285714286,8.242857142857144,0.0,264.2857142857143,0.0,11.099999999999998,220.0,19.214285714285715
2022-06-16,2.8285714285714265,24.84285714285715,12.942857142857145,2.9714285714285715,7.542857142857143,0.0,278.57142857142856,0.0,10.071428571428571,231.42857142857142,19.37142857142857
2022-06-17,0.14285714285714082,25.88571428571429,13.72857142857143,3.6999999999999997,8.242857142857144,0.0,255.71428571428572,0.0,10.9,211.42857142857142,20.214285714285715
2022-06-18,0.5428571428571408,26.685714285714287,13.657142857142858,4.114285714285715,9.071428571428571,0.0,268.57142857142856,0.0,11.985714285714286,227.14285714285714,21.071428571428573
2022-06-19,1.457142857142855,24.857142857142858,13.5,4.642857142857143,9.642857142857142,0.0,288.57142857142856,0.0,12.814285714285715,242.85714285714286,20.3
2022-06-20,1.457142857142855,23.985714285714288,13.1,5.142857142857143,10.157142857142857,0.0,262.85714285714283,0.0,13.514285714285714,262.85714285714283,19.457142857142856
2022-06-21,1.457142857142855,23.82857142857143,12.142857142857142,4.8428571428571425,10.042857142857143,0.0,262.85714285714283,0.0,13.642857142857142,267.14285714285717,18.87142857142857
2022-06-22,1.5285714285714265,23.042857142857144,12.057142857142859,4.885714285714286,9.985714285714286,0.0,244.28571428571428,0.0,13.514285714285714,288.57142857142856,18.471428571428568
2022-06-23,2.585714285714284,22.400000000000002,12.3,5.471428571428571,10.62857142857143,0.0,228.57142857142858,0.0,14.342857142857143,272.85714285714283,18.085714285714285
2022-06-24,3.3142857142857123,21.514285714285712,11.914285714285716,4.828571428571429,10.042857142857143,0.0,228.57142857142858,0.0,13.585714285714285,271.42857142857144,17.485714285714288
2022-06-25,2.914285714285712,21.58571428571429,12.314285714285715,4.214285714285714,9.085714285714285,0.0,230.0,0.0,12.314285714285715,227.14285714285714,17.17142857142857
2022-06-26,1.999999999999998,24.357142857142858,13.028571428571428,3.557142857142857,8.385714285714284,0.0,210.0,0.0,11.171428571428573,210.0,18.542857142857144
2022-06-27,1.999999999999998,26.014285714285716,14.214285714285714,3.057142857142857,7.800000000000002,0.0,234.28571428571428,0.0,10.471428571428572,188.57142857142858,20.214285714285715
2022-06-28,6.357142857142855,26.32857142857143,15.72857142857143,3.371428571428571,7.985714285714287,0.0,212.85714285714286,0.0,10.6,165.71428571428572,21.214285714285715
2022-06-29,6.285714285714284,26.800000000000004,16.371428571428574,3.257142857142857,7.728571428571429,0.0,228.57142857142858,0.0,10.285714285714286,185.71428571428572,21.67142857142857
2022-06-30,5.414285714285712,27.514285714285712,16.04285714285714,2.857142857142857,7.414285714285714,0.0,251.42857142857142,0.0,9.9,208.57142857142858,21.914285714285715
2022-07-01,4.542857142857141,28.400000000000002,15.714285714285717,2.585714285714286,6.914285714285714,0.0,272.85714285714283,0.0,9.071428571428571,228.57142857142858,22.114285714285717
2022-07-02,4.542857142857141,28.800000000000004,16.257142857142856,3.0,7.357142857142857,0.0,250.0,0.0,9.714285714285714,252.85714285714286,22.757142857142856
2022-07-03,5.6999999999999975,28.32857142857143,16.97142857142857,3.271428571428572,7.542857142857144,0.0,264.2857142857143,0.0,10.085714285714285,268.57142857142856,23.042857142857144
2022-07-04,5.6999999999999975,27.38571428571429,16.585714285714285,3.242857142857143,7.428571428571429,0.0,285.7142857142857,0.0,9.771428571428572,288.57142857142856,22.5
2022-07-05,1.342857142857141,27.314285714285713,15.785714285714288,2.8428571428571425,6.857142857142857,0.0,307.14285714285717,0.0,9.071428571428571,308.57142857142856,21.928571428571427
2022-07-06,2.799999999999998,26.842857142857145,15.614285714285714,2.914285714285714,7.171428571428572,0.0,291.42857142857144,0.0,9.457142857142857,290.0,21.728571428571428
2022-07-07,2.871428571428569,26.528571428571432,15.942857142857145,3.057142857142857,7.285714285714286,0.0,292.85714285714283,0.0,9.457142857142857,291.42857142857144,21.714285714285715
2022-07-08,2.871428571428569,26.842857142857145,15.871428571428572,2.9857142857142853,7.1571428571428575,0.0,245.71428571428572,0.0,9.385714285714286,245.71428571428572,21.82857142857143
2022-07-09,2.871428571428569,26.28571428571429,15.242857142857146,2.7285714285714286,7.042857142857143,0.0,268.57142857142856,0.0,9.257142857142858,268.57142857142856,21.314285714285713
2022-07-10,1.7142857142857122,25.485714285714288,14.214285714285717,2.6714285714285713,7.114285714285714,0.0,227.14285714285714,0.0,9.200000000000001,227.14285714285714,20.442857142857143
2022-07-11,1.7142857142857122,25.557142857142857,13.414285714285715,2.4714285714285715,6.857142857142857,0.0,205.71428571428572,0.0,8.942857142857143,204.28571428571428,19.885714285714283
2022-07-12,1.7142857142857122,26.114285714285717,13.657142857142858,2.8428571428571425,7.171428571428571,0.0,185.71428571428572,0.0,9.385714285714286,180.0,20.199999999999996
2022-07-13,0.7285714285714265,27.300000000000004,14.542857142857144,3.2714285714285714,7.685714285714285,0.0,184.28571428571428,0.0,10.028571428571428,181.42857142857142,21.142857142857142
2022-07-14,0.47142857142856937,27.771428571428576,14.92857142857143,3.0285714285714285,7.314285714285714,0.0,137.14285714285714,0.0,9.657142857142857,182.85714285714286,21.614285714285717
2022-07-15,0.5428571428571408,27.285714285714285,15.242857142857146,3.1142857142857143,7.7,0.0,181.42857142857142,0.0,10.1,230.0,21.685714285714283
2022-07-16,0.5428571428571408,27.528571428571432,15.000000000000002,2.9714285714285715,7.371428571428571,0.0,181.42857142857142,0.0,9.528571428571428,228.57142857142858,21.571428571428573
2022-07-17,0.5428571428571408,28.642857142857142,15.4,2.842857142857143,7.3,0.0,208.57142857142858,0.0,9.471428571428572,254.28571428571428,22.057142857142857
2022-07-18,0.5428571428571408,29.442857142857147,16.428571428571427,2.7428571428571433,7.042857142857143,0.0,211.42857142857142,0.0,9.157142857142857,257.14285714285717,22.971428571428568
2022-07-19,4.285714285714284,28.8,17.057142857142857,2.6142857142857143,6.985714285714286,0.0,211.42857142857142,0.0,9.028571428571428,261.42857142857144,23.02857142857143
2022-07-20,4.8285714285714265,29.114285714285717,17.057142857142857,2.357142857142857,6.985714285714286,0.0,230.0,0.0,9.028571428571428,282.85714285714283,23.057142857142857
2022-07-21,4.971428571428569,29.914285714285715,17.38571428571429,2.3714285714285714,7.685714285714285,0.0,252.85714285714286,0.0,9.857142857142858,257.14285714285717,23.5
2022-07-22,6.428571428571426,31.185714285714287,18.657142857142862,2.742857142857143,8.0,0.0,235.71428571428572,0.0,10.371428571428572,232.85714285714286,24.64285714285714
2022-07-23,6.428571428571426,31.74285714285714,19.52857142857143,3.0,8.2,0.0,231.42857142857142,0.0,10.942857142857141,227.14285714285714,25.457142857142856
2022-07-24,6.428571428571426,32.142857142857146,19.914285714285715,3.185714285714286,8.4,0.0,231.42857142857142,0.0,11.257142857142858,225.71428571428572,25.900000000000002
2022-07-25,6.428571428571426,32.142857142857146,20.400000000000002,3.5857142857142854,9.228571428571428,0.0,228.57142857142858,0.0,12.342857142857143,224.28571428571428,26.142857142857142
2022-07-26,3.8142857142857123,32.785714285714285,20.642857142857142,3.9571428571428577,9.728571428571428,0.0,227.14285714285714,0.0,13.185714285714285,224.28571428571428,26.5
2022-07-27,2.799999999999998,32.0,20.157142857142862,3.814285714285714,8.957142857142857,0.0,207.14285714285714,0.0,12.228571428571428,204.28571428571428,26.071428571428573
2022-07-28,2.6571428571428553,31.12857142857143,19.357142857142858,3.7857142857142856,8.185714285714287,0.0,210.0,0.0,11.27142857142857,207.14285714285714,25.41428571428571
2022-07-29,4.8285714285714265,30.742857142857144,18.400000000000002,3.5142857142857147,8.242857142857142,0.0,215.71428571428572,0.0,11.4,221.42857142857142,24.628571428571426
2022-07-30,4.8285714285714265,30.185714285714287,18.32857142857143,3.5,8.171428571428573,0.0,211.42857142857142,0.0,11.142857142857142,218.57142857142858,24.228571428571424
2022-07-31,4.8285714285714265,28.82857142857143,17.942857142857143,3.414285714285714,8.042857142857143,0.0,230.0,0.0,11.071428571428571,232.85714285714286,23.628571428571426
2022-08-01,4.8285714285714265,28.428571428571427,17.3,3.128571428571429,7.471428571428572,0.0,231.42857142857142,0.0,10.357142857142858,235.71428571428572,23.057142857142857
2022-08-02,3.699999999999998,28.585714285714285,16.900000000000002,2.7142857142857144,6.8999999999999995,0.0,232.85714285714286,0.0,9.328571428571427,232.85714285714286,22.928571428571427
2022-08-03,4.999999999999998,28.74285714285714,16.985714285714288,2.871428571428571,7.4142857142857155,0.0,237.14285714285714,0.0,9.828571428571427,234.28571428571428,23.17142857142857
2022-08-04,4.999999999999998,28.971428571428568,16.82857142857143,2.957142857142857,7.485714285714286,0.0,234.28571428571428,0.0,9.885714285714286,230.0,23.157142857142855
2022-08-05,1.4428571428571408,28.642857142857142,17.7,2.9857142857142853,7.357142857142857,0.0,228.57142857142858,0.0,9.628571428571428,220.0,23.485714285714288
2022-08-06,2.5285714285714262,28.48571428571429,18.014285714285716,2.8285714285714287,7.3,0.0,232.85714285714286,0.0,9.37142857142857,224.28571428571428,23.61428571428571
2022-08-07,3.5428571428571405,29.842857142857145,18.557142857142857,2.7142857142857144,7.300000000000002,0.0,218.57142857142858,0.0,9.314285714285715,217.14285714285714,24.15714285714285
2022-08-08,3.5428571428571405,30.314285714285717,19.82857142857143,2.871428571428571,7.428571428571429,0.0,220.0,0.0,9.442857142857141,217.14285714285714,24.957142857142856
2022-08-09,3.971428571428569,29.599999999999998,20.071428571428573,2.8428571428571425,7.557142857142857,0.0,232.85714285714286,0.0,9.571428571428571,235.71428571428572,24.9
2022-08-10,2.814285714285712,29.114285714285717,19.985714285714288,2.7857142857142856,7.171428571428572,0.0,252.85714285714286,0.0,9.257142857142856,232.85714285714286,24.328571428571426
2022-08-11,2.814285714285712,28.571428571428573,20.542857142857144,2.5,6.714285714285714,0.0,245.71428571428572,0.0,8.871428571428572,234.28571428571428,24.071428571428573
2022-08-12,3.471428571428569,28.41428571428571,19.514285714285712,2.2857142857142856,6.971428571428571,0.0,265.7142857142857,0.0,9.128571428571428,254.28571428571428,23.4
2022-08-13,2.3857142857142835,27.614285714285717,18.485714285714288,2.3857142857142857,7.157142857142857,0.0,221.42857142857142,0.0,9.385714285714286,214.28571428571428,22.52857142857143
2022-08-14,1.3714285714285694,26.342857142857145,17.54285714285714,2.342857142857143,7.028571428571428,0.0,235.71428571428572,0.0,9.314285714285715,227.14285714285714,21.64285714285714
2022-08-15,1.3714285714285694,25.47142857142857,15.642857142857144,1.9857142857142858,6.571428571428571,0.0,251.42857142857142,0.0,8.742857142857144,244.28571428571428,20.328571428571426
2022-08-16,0.9428571428571407,25.785714285714285,14.528571428571428,1.842857142857143,6.128571428571428,0.0,260.0,0.0,8.228571428571428,205.71428571428572,19.78571428571428
2022-08-17,0.8428571428571408,26.5,14.214285714285717,1.6714285714285713,6.128571428571429,0.0,220.0,0.0,8.22857142857143,191.42857142857142,19.957142857142856
2022-08-18,0.8428571428571408,26.728571428571428,14.057142857142859,1.957142857142857,6.771428571428571,0.0,205.71428571428572,0.0,8.871428571428572,211.42857142857142,20.17142857142857
2022-08-19,0.1571428571428551,26.5,14.057142857142859,2.085714285714286,6.3999999999999995,0.0,205.71428571428572,0.0,8.485714285714286,210.0,20.142857142857142
2022-08-20,0.1571428571428551,27.771428571428572,14.528571428571428,2.085714285714286,6.214285714285714,0.0,230.0,0.0,8.357142857142858,230.0,20.77142857142857
2022-08-21,0.1571428571428551,28.957142857142856,15.085714285714285,2.042857142857143,5.828571428571428,0.0,197.14285714285714,0.0,7.857142857142857,210.0,21.5
2022-08-22,0.1571428571428551,29.67142857142857,16.428571428571427,2.4,6.414285714285714,0.0,181.42857142857142,0.0,8.5,191.42857142857142,22.5
2022-08-23,0.19999999999999798,29.74285714285714,17.942857142857143,2.6142857142857143,6.671428571428571,0.0,151.42857142857142,0.0,8.82857142857143,214.28571428571428,23.21428571428571
2022-08-24,0.957142857142855,29.271428571428576,18.742857142857144,2.457142857142857,6.614285714285715,0.0,178.57142857142858,0.0,8.642857142857142,238.57142857142858,23.442857142857143
2022-08-25,0.957142857142855,29.585714285714285,19.12857142857143,2.314285714285714,6.357142857142857,0.0,210.0,0.0,8.328571428571427,227.14285714285714,23.77142857142857
2022-08-26,0.8428571428571408,29.58571428571429,19.442857142857147,2.3428571428571425,6.1571428571428575,0.0,208.57142857142858,0.0,7.957142857142856,227.14285714285714,23.91428571428571
2022-08-27,5.0142857142857125,28.62857142857143,19.442857142857147,2.257142857142857,7.171428571428572,0.0,222.85714285714286,0.0,9.357142857142858,238.57142857142858,23.457142857142856
2022-08-28,5.014285714285712,27.357142857142858,19.2,2.3714285714285714,7.3,0.0,254.28571428571428,0.0,9.414285714285713,257.14285714285717,22.842857142857138
2022-08-29,5.014285714285712,26.88571428571429,18.014285714285716,2.1999999999999997,6.971428571428571,0.0,250.0,0.0,8.971428571428572,258.57142857142856,21.985714285714288
2022-08-30,4.971428571428569,27.057142857142857,17.857142857142858,2.6,7.4142857142857155,0.0,258.57142857142856,0.0,9.671428571428573,257.14285714285717,21.985714285714284
2022-08-31,6.1999999999999975,27.857142857142858,17.614285714285717,3.2142857142857144,7.857142857142857,0.0,251.42857142857142,0.0,10.428571428571429,248.57142857142858,22.585714285714285
2022-09-01,6.414285714285712,27.228571428571428,17.142857142857142,3.5,8.185714285714285,0.0,257.14285714285717,0.0,10.928571428571429,257.14285714285717,22.24285714285714
2022-09-02,6.414285714285712,26.342857142857145,16.042857142857144,3.7285714285714286,8.385714285714284,0.0,257.14285714285717,0.0,11.299999999999999,251.42857142857142,21.585714285714285
2022-09-03,2.2428571428571407,26.428571428571427,14.771428571428572,3.7571428571428567,7.428571428571429,0.0,240.0,0.0,9.9,242.85714285714286,21.071428571428573
2022-09-04,2.2428571428571407,26.985714285714288,14.528571428571428,3.9857142857142853,8.128571428571428,0.0,222.85714285714286,0.0,10.671428571428573,225.71428571428572,21.214285714285715
2022-09-05,2.2428571428571407,26.11428571428571,14.757142857142858,4.085714285714285,8.571428571428571,0.0,247.14285714285714,0.0,11.114285714285714,245.71428571428572,21.014285714285712
2022-09-06,2.285714285714284,24.12857142857143,13.714285714285714,3.485714285714286,7.799999999999999,0.0,220.0,0.0,9.9,267.14285714285717,19.52857142857143
2022-09-07,0.657142857142855,22.542857142857144,13.314285714285717,2.8999999999999995,7.028571428571428,0.0,205.71428571428572,0.0,8.885714285714284,242.85714285714286,18.12857142857143
2022-09-08,0.4428571428571408,22.542857142857144,13.314285714285717,2.585714285714286,6.514285714285713,0.0,210.0,0.0,8.700000000000001,237.14285714285714,17.971428571428568
2022-09-09,0.4428571428571408,23.657142857142855,13.785714285714288,2.1142857142857143,5.928571428571429,0.0,205.71428571428572,0.0,7.871428571428572,238.57142857142858,18.3
2022-09-10,0.4428571428571408,24.12857142857143,14.585714285714289,1.842857142857143,5.485714285714286,0.0,214.28571428571428,0.0,7.3,237.14285714285714,18.928571428571427
2022-09-11,0.4428571428571408,24.285714285714285,14.742857142857144,1.542857142857143,4.971428571428571,0.0,214.28571428571428,0.0,6.728571428571429,235.71428571428572,19.04285714285714
2022-09-12,0.4428571428571408,25.071428571428573,14.98571428571429,1.4428571428571428,4.6571428571428575,0.0,192.85714285714286,0.0,6.528571428571429,214.28571428571428,19.485714285714284
2022-09-13,0.39999999999999797,26.728571428571428,15.62857142857143,1.3142857142857143,4.6571428571428575,0.0,232.85714285714286,0.0,6.6571428571428575,202.85714285714286,20.628571428571426
2022-09-14,9.285714285714283,27.271428571428572,15.785714285714288,1.3428571428571427,5.114285714285715,0.0,235.71428571428572,0.0,7.028571428571429,217.14285714285714,21.24285714285714
2022-09-15,9.47142857142857,27.357142857142858,15.471428571428573,1.8,6.071428571428571,0.0,240.0,0.0,7.671428571428571,230.0,21.12857142857143
2022-09-16,9.47142857142857,26.014285714285716,14.828571428571431,2.2857142857142856,6.771428571428572,0.0,244.28571428571428,0.0,8.628571428571428,232.85714285714286,20.457142857142856
2022-09-17,9.47142857142857,24.67142857142857,14.114285714285716,2.585714285714286,7.414285714285714,0.0,260.0,0.0,9.457142857142857,208.57142857142858,19.485714285714288
2022-09-18,9.47142857142857,23.414285714285715,13.085714285714287,2.6285714285714286,7.414285714285714,0.0,260.0,0.0,9.585714285714287,210.0,18.3
2022-09-19,9.899999999999997,22.62857142857143,12.771428571428572,2.814285714285714,7.542857142857143,0.0,260.0,0.0,9.971428571428572,210.0,17.799999999999997
2022-09-20,16.099999999999998,21.599999999999998,12.057142857142859,2.9857142857142853,7.8,0.0,251.42857142857142,0.0,10.22857142857143,207.14285714285714,16.814285714285713
2022-09-21,7.728571428571426,20.657142857142855,11.5,3.0714285714285716,7.671428571428571,0.0,234.28571428571428,0.0,10.114285714285714,191.42857142857142,15.942857142857141
2022-09-22,7.728571428571427,20.014285714285712,11.414285714285716,2.8857142857142857,7.4142857142857155,0.0,211.42857142857142,0.0,10.114285714285714,168.57142857142858,15.4
2022-09-23,11.07142857142857,20.485714285714288,11.500000000000002,3.142857142857143,8.057142857142857,0.0,211.42857142857142,0.0,10.885714285714286,170.0,15.914285714285713
2022-09-24,11.07142857142857,19.614285714285717,11.257142857142856,3.6714285714285713,8.371428571428572,0.0,212.85714285714286,0.0,11.271428571428572,214.28571428571428,15.399999999999997
2022-09-25,11.07142857142857,19.442857142857147,10.942857142857145,3.8142857142857145,8.814285714285715,0.0,234.28571428571428,0.0,11.642857142857142,231.42857142857142,15.257142857142856
2022-09-26,11.94285714285714,18.32857142857143,10.071428571428573,3.5714285714285716,8.685714285714287,0.0,234.28571428571428,0.0,11.257142857142856,231.42857142857142,14.285714285714286
2022-09-27,6.071428571428569,18.25714285714286,9.985714285714286,3.7428571428571433,8.885714285714286,0.0,230.0,0.0,11.700000000000001,225.71428571428572,14.171428571428569
2022-09-28,5.27142857142857,18.014285714285716,9.757142857142858,4.142857142857143,9.385714285714286,0.0,257.14285714285717,0.0,12.457142857142857,251.42857142857142,13.87142857142857
2022-09-29,5.814285714285711,17.54285714285714,9.6,4.228571428571429,9.200000000000001,0.0,278.57142857142856,0.0,11.942857142857141,271.42857142857144,13.671428571428569
2022-09-30,2.471428571428569,16.514285714285716,8.885714285714288,3.842857142857143,8.442857142857143,0.0,281.42857142857144,0.0,10.985714285714286,275.7142857142857,12.785714285714283
2022-10-01,2.471428571428569,17.22857142857143,8.32857142857143,3.042857142857143,7.4142857142857155,0.0,278.57142857142856,0.0,9.700000000000001,274.2857142857143,12.671428571428569
2022-10-02,2.471428571428569,17.071428571428573,8.571428571428573,3.0,7.171428571428571,0.0,280.0,0.0,9.442857142857141,230.0,12.528571428571427
2022-10-03,1.1714285714285693,16.914285714285715,8.085714285714287,3.3714285714285714,7.742857142857143,0.0,300.0,0.0,10.028571428571428,250.0,12.314285714285715
2022-10-04,0.8428571428571408,16.114285714285717,6.342857142857143,3.1714285714285717,7.614285714285714,0.0,317.14285714285717,0.0,9.714285714285714,265.7142857142857,11.228571428571426
2022-10-05,0.7285714285714265,16.114285714285717,5.142857142857144,2.642857142857143,6.785714285714286,0.0,335.7142857142857,0.0,8.571428571428571,284.2857142857143,10.485714285714284
2022-10-06,0.0,16.585714285714285,4.3571428571428585,2.1999999999999997,6.142857142857143,0.0,332.85714285714283,0.0,7.742857142857143,278.57142857142856,10.185714285714285
2022-10-07,0.0,18.014285714285712,4.6000000000000005,1.9285714285714286,5.757142857142857,0.0,314.2857142857143,0.0,7.171428571428572,255.71428571428572,10.414285714285713
2022-10-08,0.7285714285714265,18.242857142857144,5.242857142857145,2.3857142857142857,6.714285714285714,0.0,315.7142857142857,0.0,8.514285714285716,257.14285714285717,11.242857142857142
2022-10-09,0.7714285714285694,17.214285714285715,4.9142857142857155,2.4571428571428577,6.585714285714286,0.0,305.7142857142857,0.0,8.4,301.42857142857144,10.757142857142856
2022-10-10,0.9142857142857121,16.97142857142857,4.9142857142857155,2.342857142857143,6.3999999999999995,0.0,287.14285714285717,0.0,8.27142857142857,282.85714285714283,10.585714285714285
2022-10-11,0.957142857142855,16.728571428571428,5.071428571428572,2.2142857142857144,6.142857142857143,0.0,292.85714285714283,0.0,7.942857142857142,288.57142857142856,10.542857142857143
2022-10-12,0.957142857142855,16.885714285714286,4.685714285714288,2.3000000000000003,6.471428571428572,0.0,274.2857142857143,0.0,8.328571428571427,267.14285714285717,10.4
2022-10-13,0.957142857142855,16.97142857142857,4.442857142857144,2.742857142857143,7.485714285714287,0.0,257.14285714285717,0.0,9.728571428571428,252.85714285714286,10.514285714285714
2022-10-14,5.342857142857141,16.657142857142855,5.071428571428572,3.2285714285714286,8.371428571428572,0.0,251.42857142857142,0.0,11.185714285714285,250.0,11.114285714285712
2022-10-15,6.571428571428569,16.34285714285714,4.914285714285716,2.7857142857142856,7.542857142857143,0.0,220.0,0.0,10.099999999999998,217.14285714285714,10.77142857142857
2022-10-16,6.528571428571427,17.614285714285714,5.000000000000001,2.757142857142857,8.042857142857143,0.0,207.14285714285714,0.0,10.928571428571429,200.0,11.257142857142856
2022-10-17,6.385714285714284,18.32857142857143,5.085714285714287,2.4,7.471428571428572,0.0,227.14285714285714,0.0,10.028571428571428,220.0,11.728571428571428
2022-10-18,6.8857142857142835,18.485714285714288,5.242857142857143,2.5285714285714285,7.728571428571428,0.0,197.14285714285714,0.0,10.285714285714286,191.42857142857142,11.928571428571429
2022-10-19,6.928571428571425,18.085714285714285,6.114285714285715,2.6571428571428575,7.785714285714286,0.0,197.14285714285714,0.0,10.528571428571428,194.28571428571428,12.457142857142856
2022-10-20,6.928571428571425,16.728571428571428,5.714285714285715,2.642857142857143,7.528571428571428,0.0,195.71428571428572,0.0,10.142857142857142,197.14285714285714,11.685714285714283
2022-10-21,2.542857142857141,15.057142857142859,4.92857142857143,2.6285714285714286,7.214285714285714,0.0,197.14285714285714,0.0,9.571428571428571,197.14285714285714,10.242857142857142
2022-10-22,0.5857142857142836,14.742857142857144,4.528571428571429,3.142857142857143,7.8,0.0,207.14285714285714,0.0,10.342857142857142,215.71428571428572,9.785714285714283
2022-10-23,0.5857142857142836,14.828571428571431,5.242857142857145,3.5,7.8,0.0,207.14285714285714,0.0,10.271428571428572,214.28571428571428,10.157142857142857
2022-10-24,0.5857142857142836,15.314285714285715,5.242857142857145,3.457142857142857,7.542857142857144,0.0,185.71428571428572,0.0,10.214285714285714,192.85714285714286,10.37142857142857
2022-10-25,1.099999999999998,16.02857142857143,6.114285714285715,3.3285714285714283,7.4142857142857155,0.0,182.85714285714286,0.0,10.028571428571428,190.0,10.999999999999998
2022-10-26,1.1714285714285695,17.385714285714286,7.300000000000002,3.3857142857142857,7.485714285714286,0.0,181.42857142857142,0.0,9.971428571428573,188.57142857142858,12.028571428571427
2022-10-27,1.6428571428571408,19.3,9.12857142857143,3.2714285714285714,7.242857142857143,0.0,184.28571428571428,0.0,9.914285714285715,188.57142857142858,13.828571428571426
2022-10-28,1.6428571428571408,20.25714285714286,8.957142857142859,3.2857142857142856,7.5,0.0,202.85714285714286,0.0,10.171428571428573,208.57142857142858,14.585714285714285
2022-10-29,1.6428571428571408,19.62857142857143,8.32857142857143,2.8142857142857145,6.9142857142857155,0.0,222.85714285714286,0.0,9.271428571428572,225.71428571428572,13.985714285714284
2022-10-30,1.6428571428571408,19.071428571428573,6.828571428571429,2.2571428571428576,6.414285714285714,0.0,222.85714285714286,0.0,8.514285714285714,227.14285714285714,12.885714285714286
2022-10-31,1.6428571428571408,18.74285714285714,6.042857142857144,2.5,6.857142857142857,0.0,224.28571428571428,0.0,9.085714285714285,227.14285714285714,12.042857142857143
2022-11-01,0.5857142857142836,18.428571428571427,5.257142857142858,2.857142857142857,7.171428571428571,0.0,234.28571428571428,0.0,9.657142857142857,237.14285714285714,11.985714285714284
2022-11-02,0.5428571428571408,17.47142857142857,4.2285714285714295,2.6142857142857148,6.9142857142857155,0.0,235.71428571428572,0.0,9.342857142857143,240.0,11.471428571428572
2022-11-03,0.0714285714285694,16.114285714285714,2.557142857142858,2.3285714285714287,6.528571428571429,0.0,252.85714285714286,0.0,8.571428571428571,260.0,10.099999999999998
2022-11-04,0.0714285714285694,16.585714285714285,2.0857142857142867,2.0714285714285716,6.014285714285713,0.0,235.71428571428572,0.0,8.057142857142857,244.28571428571428,9.528571428571427
2022-11-05,0.0714285714285694,18.014285714285712,3.900000000000001,2.7142857142857144,6.971428571428571,0.0,217.14285714285714,0.0,9.4,221.42857142857142,11.028571428571427
2022-11-06,0.0714285714285694,18.95714285714286,6.200000000000001,3.542857142857143,7.857142857142857,0.0,215.71428571428572,0.0,10.6,220.0,12.885714285714284
2022-11-07,2.6857142857142837,19.82857142857143,8.657142857142858,4.042857142857144,8.557142857142855,0.0,214.28571428571428,0.0,11.742857142857142,220.0,14.814285714285713
2022-11-08,2.6857142857142837,20.142857142857142,9.285714285714286,4.357142857142857,9.128571428571428,0.0,231.42857142857142,0.0,12.571428571428571,231.42857142857142,15.385714285714284
2022-11-09,2.6142857142857125,18.87142857142857,8.328571428571431,5.0,10.214285714285714,0.0,251.42857142857142,0.0,13.585714285714285,250.0,14.285714285714286
2022-11-10,2.6142857142857125,18.157142857142855,7.471428571428572,5.385714285714286,11.042857142857143,0.0,232.85714285714286,0.0,14.799999999999999,230.0,13.299999999999999
2022-11-11,2.6142857142857125,17.842857142857145,8.500000000000002,5.971428571428572,11.485714285714284,0.0,232.85714285714286,0.0,15.385714285714286,228.57142857142858,13.614285714285714
2022-11-12,4.385714285714284,17.842857142857145,8.657142857142858,5.8,11.3,0.0,234.28571428571428,0.0,15.257142857142856,228.57142857142858,13.685714285714283
2022-11-13,7.942857142857141,17.614285714285714,7.771428571428572,5.257142857142857,10.785714285714286,0.0,235.71428571428572,0.0,14.62857142857143,228.57142857142858,13.242857142857144
2022-11-14,5.399999999999998,15.471428571428572,5.542857142857144,4.8999999999999995,10.528571428571428,0.0,254.28571428571428,0.0,13.87142857142857,245.71428571428572,11.328571428571427
2022-11-15,5.399999999999998,13.257142857142858,3.9714285714285724,4.714285714285714,10.142857142857142,0.0,254.28571428571428,0.0,13.299999999999999,251.42857142857142,9.085714285714285
2022-11-16,5.44285714285714,12.542857142857143,3.2000000000000006,4.0,8.928571428571429,0.0,231.42857142857142,0.0,12.085714285714287,228.57142857142858,8.0
2022-11-17,6.971428571428569,11.357142857142858,3.5857142857142867,3.757142857142857,8.414285714285715,7.142857142857143,250.0,10.857142857142858,11.12857142857143,245.71428571428572,7.6
2022-11-18,7.014285714285712,9.128571428571428,2.100000000000001,3.4285714285714284,8.22857142857143,14.285714285714286,264.2857142857143,10.857142857142858,10.799999999999999,261.42857142857144,6.1428571428571415
2022-11-19,5.24285714285714,6.742857142857143,-0.18571428571428475,3.342857142857143,7.971428571428571,18.571428571428573,268.57142857142856,10.857142857142858,10.414285714285713,265.7142857142857,3.828571428571428
2022-11-20,1.6857142857142837,4.114285714285715,-1.7571428571428562,3.5142857142857147,7.785714285714286,18.571428571428573,268.57142857142856,10.857142857142858,10.342857142857143,268.57142857142856,1.6142857142857134
2022-11-21,1.6142857142857123,2.8571428571428568,-2.9285714285714275,3.9285714285714284,8.171428571428573,18.571428571428573,264.2857142857143,10.857142857142858,11.299999999999999,267.14285714285717,0.37142857142857044
2022-11-22,1.6142857142857123,3.1,-3.8714285714285706,4.242857142857143,8.757142857142856,18.571428571428573,245.71428571428572,10.857142857142858,12.12857142857143,250.0,-0.40000000000000097
2022-11-23,1.5714285714285694,3.3428571428571425,-3.5571428571428565,4.457142857142857,9.585714285714285,18.571428571428573,267.14285714285717,10.857142857142858,13.214285714285714,262.85714285714283,-0.10000000000000098
2022-11-24,0.042857142857140824,3.3428571428571425,-3.6285714285714277,4.4,9.271428571428572,11.428571428571429,225.71428571428572,0.0,12.957142857142857,221.42857142857142,-0.02857142857142955
2022-11-25,0.0,3.9857142857142853,-3.942857142857142,4.057142857142857,8.957142857142857,4.285714285714286,210.0,0.0,12.514285714285714,202.85714285714286,-0.014285714285715281
2022-11-26,0.0,4.614285714285714,-3.085714285714285,4.485714285714286,9.4,0.0,225.71428571428572,0.0,13.1,218.57142857142858,0.9142857142857131
2022-11-27,0.0,5.485714285714286,-2.5428571428571414,4.4,9.657142857142857,0.0,241.42857142857142,0.0,13.557142857142859,237.14285714285714,1.5285714285714274
2022-11-28,1.7714285714285694,7.142857142857143,-1.5285714285714278,3.842857142857143,9.142857142857142,0.0,228.57142857142858,0.0,12.528571428571427,221.42857142857142,2.6714285714285704
2022-11-29,1.9571428571428553,7.057142857142858,-0.11428571428571332,3.6571428571428575,8.628571428571428,0.0,247.14285714285714,0.0,11.62857142857143,241.42857142857142,3.8714285714285706
2022-11-30,1.9571428571428553,6.6571428571428575,0.1857142857142867,3.685714285714286,7.985714285714286,0.0,224.28571428571428,0.0,10.742857142857144,227.14285714285714,3.7571428571428562
2022-12-01,3.414285714285712,7.685714285714285,0.4142857142857153,4.257142857142857,9.12857142857143,0.0,258.57142857142856,0.0,12.342857142857143,261.42857142857144,4.257142857142855
2022-12-02,3.414285714285712,7.200000000000001,0.9571428571428581,4.685714285714285,9.700000000000001,0.0,270.0,0.0,13.428571428571429,278.57142857142856,4.457142857142856
2022-12-03,3.414285714285712,6.814285714285715,0.10000000000000105,4.314285714285714,9.77142857142857,0.0,247.14285714285714,0.0,13.614285714285714,257.14285714285717,3.714285714285713
2022-12-04,3.771428571428569,6.8999999999999995,0.34285714285714386,4.828571428571428,10.471428571428572,0.0,230.0,0.0,14.314285714285715,237.14285714285714,3.957142857142856
2022-12-05,1.999999999999998,5.714285714285714,0.200000000000001,5.114285714285714,10.6,0.0,242.85714285714286,0.0,14.442857142857145,251.42857142857142,3.1714285714285704
2022-12-06,1.814285714285712,5.871428571428571,0.1142857142857153,5.285714285714286,10.785714285714286,0.0,225.71428571428572,0.0,14.957142857142856,231.42857142857142,2.8571428571428563
2022-12-07,2.285714285714284,7.142857142857143,0.8285714285714295,5.3999999999999995,11.3,0.0,228.57142857142858,0.0,15.714285714285714,235.71428571428572,3.6428571428571415
2022-12-08,2.785714285714284,7.614285714285715,1.6285714285714294,5.028571428571428,10.414285714285715,0.0,210.0,0.0,14.5,215.71428571428572,4.47142857142857
2022-12-09,2.785714285714284,8.1,1.6285714285714294,4.742857142857142,9.9,0.0,220.0,0.0,13.414285714285713,174.28571428571428,4.871428571428571
2022-12-10,2.785714285714284,7.299999999999999,1.000000000000001,4.742857142857143,9.328571428571427,0.0,245.71428571428572,0.0,12.457142857142857,197.14285714285714,4.499999999999999
2022-12-11,2.4285714285714266,5.328571428571428,-0.9714285714285704,3.9428571428571426,8.114285714285714,0.0,268.57142857142856,0.0,10.728571428571428,217.14285714285714,2.585714285714285
2022-12-12,2.7571428571428553,4.771428571428571,-1.9285714285714275,3.5714285714285716,7.542857142857144,0.0,244.28571428571428,3.5714285714285716,10.028571428571427,195.71428571428572,1.7285714285714278
2022-12-13,2.7571428571428553,3.442857142857143,-3.499999999999999,3.1142857142857143,7.042857142857143,4.285714285714286,217.14285714285714,4.285714285714286,9.200000000000001,168.57142857142858,0.6714285714285703
2022-12-14,2.3285714285714265,1.7142857142857142,-5.942857142857142,3.0,7.557142857142858,8.571428571428571,237.14285714285714,6.142857142857143,9.714285714285714,185.71428571428572,-1.3857142857142866
2022-12-15,0.37142857142856933,-0.41428571428571426,-7.914285714285713,3.0571428571428574,8.057142857142857,15.714285714285714,265.7142857142857,6.142857142857143,10.285714285714286,215.71428571428572,-3.528571428571429
2022-12-16,0.37142857142856933,-0.7428571428571428,-8.857142857142856,2.7857142857142856,8.000000000000002,20.0,235.71428571428572,6.142857142857143,10.1,232.85714285714286,-4.571428571428572
2022-12-17,1.999999999999998,-0.18571428571428575,-7.757142857142855,2.6142857142857143,7.871428571428572,24.285714285714285,204.28571428571428,20.714285714285715,9.971428571428572,204.28571428571428,-4.1000000000000005
2022-12-18,3.4857142857142835,0.5999999999999999,-6.57142857142857,2.585714285714286,7.814285714285715,57.142857142857146,200.0,37.714285714285715,9.785714285714286,202.85714285714286,-3.0285714285714294
2022-12-19,3.1571428571428553,0.7571428571428571,-5.7714285714285705,2.6142857142857143,7.885714285714286,85.71428571428571,225.71428571428572,34.142857142857146,9.971428571428572,225.71428571428572,-2.4428571428571435
2022-12-20,3.1571428571428553,1.3,-4.742857142857141,2.6714285714285713,8.32857142857143,110.0,271.42857142857144,34.857142857142854,10.414285714285715,271.42857142857144,-1.7714285714285725
2022-12-21,3.1142857142857117,1.4428571428571428,-3.87142857142857,2.642857142857143,7.5,131.42857142857142,272.85714285714283,33.714285714285715,9.385714285714286,275.7142857142857,-0.7857142857142867
2022-12-22,3.1142857142857117,1.5999999999999999,-4.028571428571428,2.5,7.128571428571428,150.0,251.42857142857142,33.714285714285715,8.871428571428572,254.28571428571428,-0.6714285714285725
2022-12-23,3.157142857142855,1.5285714285714285,-4.114285714285713,2.5,7.185714285714285,171.42857142857142,255.71428571428572,33.714285714285715,9.185714285714285,258.57142857142856,-0.8714285714285724
2022-12-24,4.399999999999998,2.8714285714285714,-5.614285714285714,3.2285714285714286,9.228571428571428,188.57142857142858,252.85714285714286,30.714285714285715,12.442857142857141,255.71428571428572,-0.4285714285714296
2022-12-25,2.957142857142855,1.2142857142857142,-7.2714285714285705,4.271428571428571,10.314285714285715,170.0,235.71428571428572,14.428571428571429,14.1,232.85714285714286,-2.042857142857144
2022-12-26,2.9571428571428555,0.6714285714285714,-8.542857142857141,5.0,11.200000000000001,155.71428571428572,221.42857142857142,14.428571428571429,15.071428571428571,217.14285714285714,-3.2428571428571438
2022-12-27,2.9571428571428555,0.19999999999999993,-8.942857142857141,5.171428571428572,11.071428571428571,141.42857142857142,201.42857142857142,13.0,15.014285714285714,198.57142857142858,-3.828571428571429
2022-12-28,2.9571428571428555,0.057142857142857065,-8.785714285714285,5.414285714285714,11.12857142857143,127.14285714285714,180.0,12.285714285714286,15.085714285714287,177.14285714285714,-4.171428571428573
2022-12-29,2.9571428571428555,0.37142857142857133,-8.071428571428571,5.628571428571429,11.257142857142856,108.57142857142857,180.0,12.285714285714286,15.414285714285715,178.57142857142858,-3.885714285714287
2022-12-30,2.9142857142857124,1.0857142857142856,-7.114285714285714,5.957142857142857,11.571428571428571,87.14285714285714,185.71428571428572,12.285714285714286,15.799999999999999,184.28571428571428,-2.8285714285714296
2022-12-31,0.042857142857140824,1.2428571428571427,-4.67142857142857,5.528571428571428,9.971428571428572,65.71428571428571,195.71428571428572,0.7142857142857143,13.114285714285712,195.71428571428572,-2.157142857142858
2023-01-01,0.5428571428571408,4.485714285714286,-1.2714285714285705,4.942857142857143,9.457142857142857,51.42857142857143,195.71428571428572,0.0,12.285714285714286,200.0,1.0142857142857131
2023-01-02,0.7285714285714265,6.385714285714286,0.7714285714285724,4.514285714285714,9.142857142857142,37.142857142857146,211.42857142857142,0.0,12.028571428571427,214.28571428571428,3.442857142857142
2023-01-03,0.7285714285714265,7.8,1.5714285714285725,4.057142857142858,8.62857142857143,22.857142857142858,222.85714285714286,0.0,11.457142857142857,228.57142857142858,4.7142857142857135
2023-01-04,0.7999999999999979,8.742857142857142,1.9714285714285722,3.5428571428571436,8.057142857142857,11.428571428571429,241.42857142857142,0.0,10.685714285714285,245.71428571428572,5.47142857142857
2023-01-05,3.199999999999998,8.9,2.671428571428572,3.3714285714285714,7.728571428571429,4.285714285714286,257.14285714285717,0.0,9.985714285714286,260.0,6.057142857142856
2023-01-06,4.499999999999998,8.657142857142857,2.9000000000000012,3.1571428571428575,7.1571428571428575,0.0,255.71428571428572,0.0,9.285714285714286,271.42857142857144,5.985714285714285
2023-01-07,4.614285714285713,7.628571428571429,1.957142857142858,2.6428571428571432,6.585714285714286,0.0,255.71428571428572,0.0,8.4,272.85714285714283,4.985714285714285
2023-01-08,4.142857142857141,6.271428571428571,-0.4142857142857134,2.628571428571429,6.642857142857143,0.0,275.7142857142857,0.0,8.528571428571428,295.7142857142857,3.4285714285714275
2023-01-09,3.999999999999998,4.614285714285714,-1.899999999999999,2.314285714285714,6.0,0.0,260.0,0.42857142857142855,7.7,281.42857142857144,1.5285714285714274
2023-01-10,3.999999999999998,3.8999999999999995,-2.77142857142857,2.357142857142857,6.0,0.0,264.2857142857143,0.42857142857142855,7.757142857142857,282.85714285714283,0.45714285714285613
2023-01-11,3.9714285714285693,3.4142857142857146,-3.7999999999999994,2.8714285714285714,7.014285714285714,0.0,267.14285714285717,0.8571428571428571,9.171428571428573,285.7142857142857,-0.15714285714285814
2023-01-12,1.5714285714285694,2.7142857142857144,-5.699999999999998,2.6428571428571432,6.828571428571428,0.0,247.14285714285714,0.8571428571428571,9.1,267.14285714285717,-1.600000000000001
2023-01-13,1.1857142857142837,2.085714285714286,-6.0857142857142845,2.6571428571428575,6.9,0.0,247.14285714285714,3.0,9.157142857142857,255.71428571428572,-2.2000000000000006
2023-01-14,3.1714285714285695,1.457142857142857,-6.785714285714285,3.085714285714286,7.4,0.0,268.57142857142856,11.285714285714286,9.914285714285715,277.14285714285717,-2.5000000000000004
2023-01-15,3.099999999999998,0.3714285714285715,-6.785714285714285,3.185714285714286,7.271428571428571,7.142857142857143,271.42857142857144,11.714285714285714,9.842857142857143,228.57142857142858,-3.2714285714285722
2023-01-16,3.0571428571428547,-0.1857142857142857,-7.1,3.642857142857143,7.6000000000000005,14.285714285714286,244.28571428571428,11.714285714285714,10.214285714285714,204.28571428571428,-3.471428571428572
2023-01-17,3.0571428571428547,-1.1142857142857143,-7.5,3.942857142857143,7.857142857142857,21.428571428571427,251.42857142857142,11.714285714285714,10.342857142857143,211.42857142857142,-4.157142857142858
2023-01-18,3.0571428571428547,-1.1142857142857143,-7.114285714285714,3.657142857142857,6.971428571428572,28.571428571428573,232.85714285714286,11.285714285714286,9.257142857142856,191.42857142857142,-4.128571428571429
2023-01-19,3.0571428571428547,-0.3428571428571428,-5.685714285714285,3.6714285714285717,6.9,35.714285714285715,241.42857142857142,11.285714285714286,9.200000000000001,197.14285714285714,-2.785714285714287
2023-01-20,3.2285714285714264,-0.4999999999999999,-5.685714285714285,3.4571428571428577,6.514285714285714,54.285714285714285,231.42857142857142,22.571428571428573,8.685714285714285,185.71428571428572,-2.6571428571428584
2023-01-21,1.999999999999998,-0.5857142857142855,-5.457142857142857,3.185714285714286,6.3999999999999995,72.85714285714286,231.42857142857142,21.857142857142858,8.428571428571429,181.42857142857142,-2.6571428571428584
2023-01-22,1.999999999999998,-0.11428571428571425,-5.3,2.6000000000000005,6.1571428571428575,87.14285714285714,228.57142857142858,21.428571428571427,7.914285714285714,230.0,-2.342857142857144
2023-01-23,2.357142857142855,0.5142857142857143,-4.2714285714285705,2.3000000000000003,6.157142857142857,105.71428571428571,252.85714285714286,25.285714285714285,7.985714285714287,252.85714285714286,-1.642857142857144
2023-01-24,2.757142857142855,1.0571428571428572,-3.085714285714285,2.271428571428572,6.414285714285714,127.14285714285714,252.85714285714286,31.142857142857142,8.37142857142857,251.42857142857142,-0.6428571428571441
2023-01-25,2.757142857142855,1.1428571428571428,-2.3714285714285706,2.5142857142857147,6.857142857142857,148.57142857142858,272.85714285714283,31.571428571428573,8.942857142857143,262.85714285714283,-0.27142857142857274
2023-01-26,4.028571428571427,0.6714285714285715,-3.157142857142856,2.685714285714286,7.242857142857142,170.0,257.14285714285717,43.57142857142857,9.328571428571427,250.0,-0.9428571428571441
2023-01-27,3.628571428571427,0.5857142857142856,-3.399999999999999,3.0000000000000004,8.128571428571428,191.42857142857142,284.2857142857143,36.285714285714285,10.614285714285716,277.14285714285717,-1.1000000000000012
2023-01-28,2.7571428571428553,0.5142857142857142,-3.9571428571428564,3.1000000000000005,7.871428571428572,212.85714285714286,262.85714285714283,28.714285714285715,10.685714285714285,254.28571428571428,-1.5571428571428585
2023-01-29,2.7571428571428553,1.3714285714285714,-3.3285714285714283,3.6714285714285717,8.442857142857141,227.14285714285714,241.42857142857142,28.714285714285715,11.714285714285714,230.0,-1.0000000000000013
2023-01-30,2.542857142857141,2.0714285714285716,-4.042857142857142,3.6571428571428575,8.371428571428572,237.14285714285714,217.14285714285714,26.285714285714285,11.585714285714285,231.42857142857142,-0.6571428571428584
2023-01-31,2.2571428571428553,1.3571428571428572,-5.228571428571428,3.3285714285714287,7.985714285714286,244.28571428571428,170.0,23.0,11.12857142857143,182.85714285714286,-1.4571428571428586
2023-02-01,2.3285714285714265,0.17142857142857146,-6.971428571428571,3.242857142857143,8.242857142857142,255.71428571428572,168.57142857142858,28.714285714285715,11.185714285714285,191.42857142857142,-2.5714285714285725
2023-02-02,1.0571428571428552,-0.5285714285714286,-8.642857142857142,3.185714285714286,8.185714285714285,267.14285714285717,181.42857142857142,16.714285714285715,11.185714285714285,201.42857142857142,-3.814285714285716
2023-02-03,0.3714285714285694,-0.6857142857142858,-9.114285714285714,3.6714285714285717,8.700000000000001,262.85714285714283,185.71428571428572,11.0,11.685714285714287,205.71428571428572,-4.4142857142857155
2023-02-04,0.3714285714285694,-1.542857142857143,-11.814285714285713,4.514285714285715,9.842857142857143,255.71428571428572,205.71428571428572,11.0,12.7,228.57142857142858,-6.085714285714287
2023-02-05,0.3714285714285694,-3.9857142857142853,-15.457142857142856,4.485714285714286,9.9,252.85714285714286,224.28571428571428,11.0,12.442857142857141,228.57142857142858,-9.614285714285716
2023-02-06,0.22857142857142657,-4.057142857142857,-16.17142857142857,4.985714285714287,10.471428571428572,250.0,250.0,9.142857142857142,13.399999999999997,225.71428571428572,-10.700000000000001
2023-02-07,0.11428571428571226,-2.714285714285714,-16.17142857142857,5.228571428571429,10.857142857142858,247.14285714285714,297.14285714285717,6.571428571428571,13.728571428571428,274.2857142857143,-9.671428571428573
2023-02-08,0.0,-1.5285714285714285,-16.242857142857144,5.571428571428572,11.557142857142855,240.0,275.7142857142857,0.42857142857142855,15.4,251.42857142857142,-9.48571428571429
2023-02-09,0.0714285714285694,0.12857142857142875,-13.857142857142858,5.657142857142858,12.0,232.85714285714286,274.2857142857143,0.42857142857142855,16.02857142857143,252.85714285714286,-7.357142857142859
2023-02-10,1.7428571428571407,0.9285714285714287,-13.542857142857143,5.142857142857144,11.485714285714286,225.71428571428572,251.42857142857142,0.7142857142857143,15.457142857142856,228.57142857142858,-6.714285714285716
2023-02-11,2.0285714285714262,2.5714285714285716,-9.585714285714287,4.457142857142857,10.785714285714286,207.14285714285714,240.0,0.7142857142857143,15.014285714285716,215.71428571428572,-3.885714285714287
2023-02-12,2.0285714285714262,4.700000000000001,-6.414285714285714,4.2857142857142865,10.528571428571428,188.57142857142858,221.42857142857142,1.1428571428571428,14.885714285714286,230.0,-0.500000000000002
2023-02-13,2.0285714285714262,5.171428571428572,-4.985714285714286,3.714285714285715,9.957142857142857,170.0,222.85714285714286,1.1428571428571428,14.114285714285714,235.71428571428572,0.6142857142857123
2023-02-14,2.0285714285714262,5.728571428571429,-4.185714285714286,3.4571428571428577,9.385714285714286,151.42857142857142,221.42857142857142,1.1428571428571428,13.414285714285715,211.42857142857142,0.6428571428571408
2023-02-15,2.0285714285714262,6.442857142857142,-2.442857142857143,3.0,8.428571428571429,132.85714285714286,238.57142857142858,1.1428571428571428,11.685714285714285,230.0,2.142857142857141
2023-02-16,1.957142857142855,7.471428571428571,-2.442857142857143,3.414285714285715,8.942857142857141,111.42857142857143,238.57142857142858,1.1428571428571428,12.385714285714284,227.14285714285714,2.442857142857141
2023-02-17,0.2857142857142837,8.571428571428571,-1.5,3.528571428571429,9.142857142857142,82.85714285714286,257.14285714285717,0.42857142857142855,12.771428571428572,247.14285714285714,3.7714285714285696
2023-02-18,0.3571428571428551,7.785714285714286,-2.914285714285714,3.657142857142858,9.657142857142857,68.57142857142857,268.57142857142856,3.2857142857142856,12.971428571428572,264.2857142857143,2.7142857142857126
2023-02-19,0.3571428571428551,7.471428571428571,-3.8714285714285714,3.471428571428572,9.342857142857142,58.57142857142857,270.0,2.857142857142857,12.457142857142857,250.0,1.7857142857142836
2023-02-20,0.3571428571428551,7.471428571428571,-3.642857142857143,3.828571428571429,9.914285714285715,44.285714285714285,270.0,2.857142857142857,13.099999999999998,247.14285714285714,1.9142857142857126
2023-02-21,0.3571428571428551,7.471428571428571,-3.3285714285714287,4.300000000000001,10.485714285714284,30.0,248.57142857142858,2.857142857142857,14.114285714285714,247.14285714285714,2.628571428571427
2023-02-22,0.3571428571428551,7.1571428571428575,-4.2,4.471428571428572,10.671428571428573,15.714285714285714,240.0,2.857142857142857,14.37142857142857,238.57142857142858,1.7999999999999985
2023-02-23,0.5714285714285694,5.571428571428571,-4.8428571428571425,4.242857142857144,9.971428571428572,4.285714285714286,262.85714285714283,4.714285714285714,13.485714285714284,261.42857142857144,0.842857142857141
2023-02-24,2.5285714285714262,2.7285714285714286,-6.342857142857142,4.1571428571428575,9.271428571428572,25.714285714285715,267.14285714285717,27.142857142857142,12.4,264.2857142857143,-1.4285714285714306
2023-02-25,2.1714285714285695,1.3142857142857145,-7.214285714285714,4.028571428571429,8.814285714285715,47.142857142857146,270.0,25.0,11.942857142857141,262.85714285714283,-2.4857142857142875
2023-02-26,2.357142857142855,-0.27142857142857146,-8.714285714285714,3.7428571428571433,8.37142857142857,64.28571428571429,268.57142857142856,26.428571428571427,11.571428571428571,264.2857142857143,-3.700000000000002
2023-02-27,2.499999999999998,-1.5285714285714285,-11.171428571428573,3.3142857142857154,7.871428571428572,82.85714285714286,268.57142857142856,30.428571428571427,10.871428571428572,267.14285714285717,-5.514285714285715
2023-02-28,2.499999999999998,-2.942857142857143,-12.042857142857144,2.900000000000001,7.485714285714286,104.28571428571429,290.0,30.857142857142858,10.228571428571428,291.42857142857144,-7.014285714285717
2023-03-01,3.2285714285714264,-3.4285714285714284,-11.485714285714286,3.057142857142858,7.557142857142857,122.85714285714286,282.85714285714283,41.42857142857143,10.285714285714286,284.2857142857143,-7.0428571428571445
2023-03-02,3.0571428571428547,-3.1999999999999997,-10.842857142857143,2.8714285714285723,7.428571428571429,148.57142857142858,258.57142857142856,40.714285714285715,10.085714285714285,264.2857142857143,-6.628571428571429
2023-03-03,1.1428571428571408,-1.6999999999999997,-9.5,2.971428571428572,7.8,148.57142857142858,258.57142857142856,19.0,10.4,264.2857142857143,-5.32857142857143
2023-03-04,1.257142857142855,-0.4428571428571428,-8.314285714285713,2.7000000000000006,7.799999999999999,145.71428571428572,255.71428571428572,19.428571428571427,10.4,261.42857142857144,-4.185714285714288
2023-03-05,3.4285714285714266,1.3,-5.457142857142856,3.0000000000000004,8.114285714285714,157.14285714285714,247.14285714285714,42.0,10.642857142857142,252.85714285714286,-2.0857142857142876
2023-03-06,3.285714285714284,2.157142857142857,-3.0714285714285716,2.900000000000001,7.6000000000000005,174.28571428571428,221.42857142857142,38.0,9.942857142857145,224.28571428571428,-0.4714285714285732
2023-03-07,3.285714285714284,3.085714285714286,-2.2,3.3571428571428577,8.171428571428573,178.57142857142858,220.0,37.57142857142857,10.585714285714285,222.85714285714286,0.42857142857142677
2023-03-08,2.5571428571428547,2.6285714285714286,-2.2,3.571428571428572,8.3,185.71428571428572,240.0,27.714285714285715,10.657142857142857,240.0,0.3857142857142839
2023-03-09,2.5571428571428556,2.0,-2.514285714285714,3.714285714285715,8.3,185.71428571428572,215.71428571428572,27.0,10.6,212.85714285714286,-0.24285714285714463
2023-03-10,2.5142857142857125,1.5999999999999999,-3.3000000000000003,3.6000000000000005,7.985714285714286,190.0,218.57142857142858,26.285714285714285,10.342857142857143,168.57142857142858,-0.657142857142859
2023-03-11,2.399999999999998,1.6714285714285713,-3.842857142857143,3.6000000000000005,7.485714285714286,192.85714285714286,220.0,25.142857142857142,9.642857142857142,168.57142857142858,-0.8857142857142876
2023-03-12,0.042857142857140824,1.5142857142857145,-4.485714285714286,3.5428571428571436,7.428571428571429,181.42857142857142,247.14285714285714,1.1428571428571428,9.4,197.14285714285714,-1.3285714285714303
2023-03-13,0.042857142857140824,2.0,-5.6000000000000005,3.5000000000000004,7.428571428571429,167.14285714285714,290.0,1.1428571428571428,9.271428571428572,241.42857142857142,-1.6714285714285733
2023-03-14,0.1571428571428551,2.085714285714286,-5.528571428571429,3.014285714285715,6.671428571428571,162.85714285714286,272.85714285714283,1.1428571428571428,8.314285714285713,221.42857142857142,-1.6428571428571448
2023-03-15,3.785714285714284,2.542857142857143,-4.9142857142857155,2.8714285714285723,7.114285714285714,155.71428571428572,275.7142857142857,34.857142857142854,8.757142857142858,177.14285714285714,-1.1428571428571446
2023-03-16,4.54285714285714,3.1,-4.442857142857144,3.3571428571428577,8.0,184.28571428571428,321.42857142857144,49.714285714285715,9.971428571428572,224.28571428571428,-0.5714285714285733
2023-03-17,4.614285714285712,3.3428571428571425,-4.685714285714285,3.0714285714285725,7.871428571428572,201.42857142857142,317.14285714285717,50.857142857142854,9.785714285714286,268.57142857142856,-0.47142857142857325
2023-03-18,5.0142857142857125,4.214285714285714,-3.1999999999999997,3.1857142857142864,8.057142857142857,222.85714285714286,295.7142857142857,50.857142857142854,10.171428571428573,248.57142857142858,0.3999999999999982
2023-03-19,5.0142857142857125,4.928571428571429,-2.642857142857143,3.3000000000000007,8.428571428571429,234.28571428571428,292.85714285714283,50.857142857142854,10.87142857142857,242.85714285714286,1.385714285714284
2023-03-20,5.0142857142857125,3.7428571428571433,-2.242857142857143,3.8714285714285714,9.314285714285715,241.42857142857142,287.14285714285717,51.285714285714285,12.142857142857142,238.57142857142858,1.2571428571428551
2023-03-21,4.899999999999999,4.057142857142858,-2.8000000000000003,4.185714285714286,9.814285714285715,248.57142857142858,285.7142857142857,51.285714285714285,12.914285714285715,238.57142857142858,0.9571428571428553
2023-03-22,1.2714285714285691,4.857142857142857,-2.942857142857143,3.9285714285714293,8.985714285714284,255.71428571428572,261.42857142857144,16.857142857142858,12.271428571428572,265.7142857142857,1.2999999999999983
2023-03-23,0.47142857142856937,5.171428571428572,-3.257142857142857,3.4166666666666674,8.249999999999998,222.85714285714286,248.33333333333334,1.5714285714285714,11.333333333333334,251.66666666666666,1.2428571428571409
2023-03-24,1.1285714285714266,5.957142857142857,-2.0714285714285716,3.5333333333333337,8.25,194.28571428571428,225.0,0.42857142857142855,11.416666666666666,230.0,1.942857142857141
2023-03-25,0.7714285714285694,5.8,-2.3714285714285714,3.560000000000001,8.379999999999999,155.71428571428572,232.0,0.42857142857142855,11.64,238.0,2.014285714285713
2023-03-26,0.957142857142855,5.628571428571428,-2.6,3.660000000000001,8.84,122.85714285714286,204.0,1.5714285714285714,12.18,214.0,1.5571428571428554
2023-03-27,1.2428571428571407,6.728571428571429,-1.5,3.420000000000001,8.58,94.28571428571429,202.0,1.1428571428571428,12.0,206.0,2.442857142857141
2023-03-28,1.2428571428571407,7.042857142857144,-1.0142857142857145,2.960000000000001,7.88,65.71428571428571,164.0,1.1428571428571428,10.92,168.0,3.142857142857141
2023-03-29,1.2428571428571407,6.957142857142857,-1.1714285714285715,2.8800000000000003,7.8,40.0,196.0,1.1428571428571428,10.66,198.0,3.185714285714284
2023-03-30,1.3571428571428552,7.671428571428572,-1.3285714285714287,3.116666666666667,8.366666666666667,18.571428571428573,206.66666666666666,1.1428571428571428,11.35,206.66666666666666,3.47142857142857
2023-03-31,0.6285714285714266,6.885714285714286,-2.4285714285714284,3.766666666666667,9.333333333333334,4.285714285714286,226.66666666666666,1.1428571428571428,12.616666666666667,228.33333333333334,2.7571428571428553
2023-04-01,1.457142857142855,6.814285714285715,-3.142857142857143,3.6428571428571432,9.271428571428572,0.0,221.42857142857142,4.0,12.671428571428573,221.42857142857142,2.1714285714285695
2023-04-02,2.0714285714285694,9.042857142857143,-2.442857142857143,3.842857142857143,9.528571428571428,0.0,225.71428571428572,2.857142857142857,12.985714285714286,224.28571428571428,3.1999999999999984
2023-04-03,1.7857142857142836,8.571428571428571,-3.228571428571428,4.200000000000001,10.171428571428573,0.0,234.28571428571428,2.857142857142857,13.628571428571428,234.28571428571428,3.0142857142857125
2023-04-04,1.899999999999998,9.057142857142857,-3.542857142857143,4.657142857142858,11.385714285714284,0.0,260.0,2.857142857142857,15.357142857142858,261.42857142857144,2.7428571428571407
2023-04-05,1.899999999999998,9.542857142857143,-2.9285714285714284,4.500000000000001,11.128571428571428,0.0,258.57142857142856,2.857142857142857,14.714285714285714,261.42857142857144,3.128571428571427
2023-04-06,3.8142857142857123,9.385714285714286,-2.071428571428571,4.528571428571429,11.442857142857145,0.0,247.14285714285714,2.857142857142857,15.157142857142857,251.42857142857142,3.399999999999998
2023-04-07,3.8142857142857123,11.685714285714285,-0.028571428571428217,4.442857142857144,11.642857142857142,0.0,228.57142857142858,2.857142857142857,15.528571428571427,232.85714285714286,5.2571428571428545
2023-04-08,2.9428571428571404,12.071428571428571,0.9142857142857146,4.842857142857143,12.028571428571428,0.0,248.57142857142858,0.0,15.785714285714286,251.42857142857142,6.257142857142855
2023-04-09,2.142857142857141,10.242857142857144,0.3714285714285718,4.428571428571429,11.328571428571431,0.0,272.85714285714283,0.0,15.014285714285714,274.2857142857143,5.457142857142855
2023-04-10,2.142857142857141,11.428571428571429,0.3000000000000003,3.6714285714285717,10.171428571428573,0.0,277.14285714285717,0.0,13.485714285714286,232.85714285714286,5.642857142857141
2023-04-11,2.0285714285714262,12.299999999999999,0.6142857142857147,3.4571428571428577,9.214285714285714,0.0,275.7142857142857,0.0,12.2,232.85714285714286,6.385714285714284
2023-04-12,2.0285714285714262,13.8,1.8142857142857147,3.971428571428572,9.914285714285715,0.0,257.14285714285717,0.0,13.485714285714286,211.42857142857142,7.614285714285713
2023-04-13,0.0,14.914285714285713,2.685714285714286,3.900000000000001,9.599999999999998,0.0,278.57142857142856,0.0,13.042857142857144,231.42857142857142,9.07142857142857
2023-04-14,0.0,16.657142857142855,2.6142857142857143,3.4857142857142867,8.77142857142857,0.0,295.7142857142857,0.0,11.828571428571427,247.14285714285714,9.771428571428569
2023-04-15,0.0,19.042857142857144,4.271428571428571,3.1142857142857148,8.071428571428571,0.0,295.7142857142857,0.0,10.928571428571429,250.0,11.485714285714284
2023-04-16,0.0,22.214285714285715,5.757142857142857,3.157142857142858,8.071428571428571,0.0,271.42857142857144,0.0,10.871428571428572,227.14285714285714,13.828571428571426
2023-04-17,0.0,24.514285714285716,8.514285714285714,3.585714285714286,8.271428571428572,0.0,241.42857142857142,0.0,11.314285714285715,254.28571428571428,16.41428571428571
2023-04-18,2.2428571428571407,24.357142857142858,10.0,3.6142857142857148,8.642857142857142,0.0,262.85714285714283,0.0,11.514285714285716,272.85714285714283,17.585714285714282
2023-04-19,2.5285714285714262,22.771428571428572,9.200000000000001,3.3000000000000007,8.32857142857143,0.0,272.85714285714283,0.0,11.0,282.85714285714283,16.457142857142856
2023-04-20,2.5714285714285694,21.657142857142855,8.4,3.214285714285715,7.814285714285715,0.0,274.2857142857143,0.0,10.285714285714286,277.14285714285717,15.157142857142855
2023-04-21,2.5714285714285694,18.8,7.685714285714286,3.3142857142857154,7.814285714285714,0.0,277.14285714285717,0.0,10.285714285714286,274.2857142857143,13.44285714285714
2023-04-22,2.5714285714285694,18.88571428571429,6.6571428571428575,3.2571428571428576,8.12857142857143,0.0,258.57142857142856,0.0,10.671428571428573,245.71428571428572,12.414285714285711
2023-04-23,2.6142857142857125,17.385714285714286,6.9,3.842857142857144,8.5,0.0,251.42857142857142,0.0,11.057142857142855,234.28571428571428,11.928571428571429
2023-04-24,5.371428571428569,15.014285714285716,5.7857142857142865,3.771428571428572,8.87142857142857,0.0,250.0,0.0,11.314285714285715,221.42857142857142,10.285714285714283
2023-04-25,3.5999999999999983,13.900000000000002,5.471428571428571,3.514285714285715,8.114285714285714,0.0,250.0,0.0,10.542857142857143,220.0,9.099999999999998
2023-04-26,3.3142857142857127,14.3,5.314285714285715,3.3142857142857145,8.042857142857143,0.0,250.0,0.0,10.342857142857143,222.85714285714286,9.114285714285712
2023-04-27,3.385714285714284,15.171428571428569,5.1571428571428575,3.2142857142857153,8.22857142857143,0.0,247.14285714285714,0.0,10.72857142857143,231.42857142857142,9.399999999999997
2023-04-28,4.042857142857141,15.814285714285715,5.471428571428571,3.1142857142857148,8.285714285714286,0.0,244.28571428571428,0.0,10.671428571428573,230.0,9.985714285714282
2023-04-29,4.042857142857141,14.928571428571429,5.071428571428571,2.971428571428572,7.971428571428571,0.0,257.14285714285717,0.0,10.285714285714286,231.42857142857142,9.942857142857141
2023-04-30,4.142857142857141,14.457142857142857,4.914285714285714,2.6857142857142864,7.842857142857143,0.0,260.0,0.0,10.342857142857143,238.57142857142858,9.614285714285712
2023-05-01,1.899999999999998,14.928571428571429,5.071428571428571,2.971428571428572,8.22857142857143,0.0,258.57142857142856,0.0,11.171428571428573,238.57142857142858,9.814285714285713
2023-05-02,4.628571428571426,15.485714285714286,4.828571428571429,3.1857142857142864,9.114285714285716,0.0,230.0,0.0,12.328571428571431,210.0,10.314285714285713
2023-05-03,5.614285714285712,15.557142857142859,4.9,3.2428571428571433,9.5,0.0,220.0,0.0,12.842857142857142,195.71428571428572,10.414285714285713
2023-05-04,6.157142857142854,15.0,5.928571428571429,3.1000000000000005,9.385714285714286,0.0,195.71428571428572,0.0,12.528571428571427,168.57142857142858,10.657142857142855
2023-05-05,5.499999999999998,14.442857142857141,6.242857142857143,3.1142857142857148,9.257142857142856,0.0,198.57142857142858,0.0,12.342857142857143,177.14285714285714,10.599999999999998
2023-05-06,5.499999999999998,14.214285714285714,6.885714285714286,3.1857142857142864,9.328571428571427,0.0,205.71428571428572,0.0,12.400000000000002,205.71428571428572,10.57142857142857
2023-05-07,5.357142857142855,15.242857142857144,6.242857142857143,2.8571428571428577,9.271428571428572,0.0,231.42857142857142,0.0,12.142857142857142,228.57142857142858,10.685714285714283
2023-05-08,4.842857142857141,16.585714285714285,6.085714285714286,2.4285714285714293,8.442857142857143,0.0,252.85714285714286,0.0,10.985714285714286,248.57142857142858,11.285714285714283
2023-05-09,1.6428571428571408,17.142857142857142,6.4142857142857155,2.485714285714286,8.314285714285715,0.0,285.7142857142857,0.0,10.914285714285715,281.42857142857144,11.871428571428568
2023-05-10,0.657142857142855,17.628571428571426,6.1000000000000005,2.471428571428572,8.000000000000002,0.0,258.57142857142856,0.0,10.6,257.14285714285717,12.157142857142857
2023-05-11,0.0,19.214285714285715,5.228571428571429,2.5428571428571436,7.742857142857143,0.0,267.14285714285717,0.0,10.214285714285714,264.2857142857143,12.614285714285712
2023-05-12,0.0,21.357142857142858,5.471428571428572,2.6000000000000005,7.685714285714285,0.0,250.0,0.0,10.214285714285714,244.28571428571428,13.828571428571426
2023-05-13,0.042857142857140824,22.785714285714285,6.4142857142857155,2.7428571428571438,7.742857142857142,0.0,250.0,0.0,10.342857142857143,242.85714285714286,15.14285714285714
2023-05-14,0.042857142857140824,22.785714285714285,7.057142857142858,3.1000000000000005,8.057142857142857,0.0,251.42857142857142,0.0,10.728571428571428,245.71428571428572,15.785714285714283
2023-05-15,0.042857142857140824,21.842857142857145,6.8999999999999995,3.400000000000001,8.442857142857143,0.0,260.0,0.0,11.185714285714285,254.28571428571428,15.2
2023-05-16,0.042857142857140824,22.557142857142857,6.342857142857143,3.271428571428572,8.0,0.0,250.0,0.0,10.542857142857143,244.28571428571428,14.828571428571426
2023-05-17,0.08571428571428368,23.428571428571427,6.828571428571429,3.6285714285714294,8.7,0.0,294.2857142857143,0.0,11.185714285714285,290.0,15.742857142857138
2023-05-18,0.08571428571428368,21.37142857142857,6.6000000000000005,4.1571428571428575,9.328571428571427,0.0,312.85714285714283,0.0,12.085714285714285,310.0,14.814285714285713
2023-05-19,0.08571428571428368,20.1,5.1000000000000005,4.057142857142858,9.257142857142856,0.0,311.42857142857144,0.0,12.014285714285714,307.14285714285717,13.357142857142852
2023-05-20,0.042857142857140824,19.457142857142856,4.785714285714286,4.728571428571429,9.828571428571427,0.0,291.42857142857144,0.0,12.971428571428572,288.57142857142856,12.699999999999998
2023-05-21,1.2428571428571409,19.52857142857143,5.571428571428571,4.7857142857142865,9.642857142857142,0.0,270.0,0.0,12.714285714285714,265.7142857142857,12.785714285714283
2023-05-22,1.4285714285714268,20.242857142857144,6.128571428571428,4.428571428571429,9.9,0.0,270.0,0.0,12.842857142857143,267.14285714285717,13.414285714285711
2023-05-23,1.4285714285714268,19.6,6.757142857142858,4.542857142857144,9.971428571428572,0.0,275.7142857142857,0.0,13.042857142857143,274.2857142857143,13.485714285714284
2023-05-24,1.385714285714284,20.0,6.671428571428572,4.342857142857143,9.271428571428572,0.0,255.71428571428572,0.0,12.400000000000002,254.28571428571428,13.2
2023-05-25,2.2571428571428553,21.585714285714285,7.542857142857143,4.114285714285715,9.142857142857142,0.0,255.71428571428572,0.0,12.4,232.85714285714286,14.57142857142857
2023-05-26,2.2571428571428553,21.5,8.571428571428571,4.385714285714286,9.657142857142857,0.0,277.14285714285717,0.0,13.1,258.57142857142856,14.971428571428572
2023-05-27,2.2571428571428553,21.271428571428572,7.542857142857144,3.5714285714285725,9.028571428571428,0.0,300.0,0.0,12.214285714285714,281.42857142857144,14.542857142857141
2023-05-28,1.057142857142855,21.914285714285715,6.442857142857143,3.014285714285715,8.2,0.0,300.0,0.0,11.200000000000001,281.42857142857144,14.242857142857142
2023-05-29,0.8714285714285693,23.185714285714283,6.6000000000000005,3.071428571428572,7.557142857142858,0.0,298.57142857142856,0.0,10.485714285714284,281.42857142857144,14.985714285714284
2023-05-30,0.8714285714285693,24.300000000000004,7.314285714285715,2.9857142857142867,7.8,0.0,298.57142857142856,0.0,10.414285714285715,282.85714285714283,16.085714285714282
2023-05-31,0.8714285714285693,24.77142857142857,8.342857142857143,3.157142857142858,7.8,0.0,297.14285714285717,0.0,10.542857142857143,280.0,16.87142857142857
2023-06-01,0.0,26.442857142857143,9.928571428571429,3.028571428571429,7.485714285714286,0.0,277.14285714285717,0.0,10.085714285714287,280.0,18.057142857142853
2023-06-02,0.0,29.071428571428573,11.185714285714285,2.728571428571429,7.1,0.0,278.57142857142856,0.0,9.571428571428571,278.57142857142856,20.11428571428571
2023-06-03,0.0,30.657142857142862,12.771428571428572,2.942857142857143,7.4142857142857155,0.0,275.7142857142857,0.0,9.757142857142856,277.14285714285717,21.91428571428571
2023-06-04,0.0,29.542857142857144,13.328571428571431,3.4428571428571435,8.042857142857143,0.0,295.7142857142857,0.0,10.457142857142857,301.42857142857144,22.099999999999998
2023-06-05,0.0,27.714285714285715,12.928571428571429,3.628571428571429,8.357142857142858,0.0,300.0,0.0,10.785714285714286,301.42857142857144,21.014285714285712
2023-06-06,0.0,27.24285714285714,12.614285714285716,3.7,8.685714285714285,0.0,300.0,0.0,11.299999999999999,300.0,20.37142857142857
2023-06-07,0.7999999999999979,26.214285714285715,12.214285714285714,3.6000000000000005,9.0,0.0,321.42857142857144,0.0,11.557142857142859,280.0,19.74285714285714
2023-06-08,1.0857142857142836,23.91428571428571,11.257142857142856,3.657142857142858,9.257142857142856,0.0,341.42857142857144,0.0,11.557142857142859,302.85714285714283,18.114285714285714
2023-06-09,2.5428571428571405,21.214285714285715,10.714285714285714,3.7000000000000006,9.12857142857143,0.0,340.0,0.0,11.37142857142857,301.42857142857144,16.385714285714283
2023-06-10,2.5428571428571405,19.385714285714283,10.085714285714285,3.485714285714286,8.685714285714285,0.0,334.2857142857143,0.0,10.87142857142857,294.2857142857143,14.814285714285713
2023-06-11,2.5428571428571405,19.7,10.242857142857144,2.971428571428572,8.185714285714285,0.0,325.7142857142857,0.0,10.299999999999999,284.2857142857143,14.485714285714284
2023-06-12,2.5428571428571405,20.971428571428568,10.571428571428571,2.600000000000001,7.557142857142857,0.0,300.0,0.0,9.6,265.7142857142857,15.2
2023-06-13,2.5428571428571405,22.085714285714285,11.685714285714287,2.628571428571429,7.114285714285715,0.0,271.42857142857144,0.0,9.085714285714285,245.71428571428572,16.157142857142855
2023-06-14,4.8285714285714265,22.314285714285717,12.885714285714286,2.4571428571428577,6.8,0.0,244.28571428571428,0.0,8.7,260.0,16.828571428571426
2023-06-15,6.357142857142855,23.5,13.442857142857145,2.128571428571429,6.542857142857143,0.0,228.57142857142858,0.0,8.77142857142857,242.85714285714286,17.67142857142857
2023-06-16,4.899999999999998,25.0,14.157142857142857,2.057142857142858,7.314285714285714,0.0,227.14285714285714,0.0,9.6,241.42857142857142,18.642857142857142
2023-06-17,5.84285714285714,25.714285714285715,14.785714285714286,1.985714285714286,7.371428571428572,0.0,230.0,0.0,9.714285714285714,244.28571428571428,19.41428571428571
2023-06-18,7.0714285714285685,24.928571428571427,15.257142857142856,2.285714285714286,7.685714285714285,0.0,241.42857142857142,0.0,10.085714285714287,204.28571428571428,19.485714285714284
2023-06-19,7.071428571428569,23.41428571428571,15.485714285714286,2.6142857142857148,8.071428571428571,0.0,265.7142857142857,0.0,10.528571428571428,225.71428571428572,18.971428571428568
2023-06-20,7.071428571428569,22.37142857142857,14.457142857142856,2.342857142857144,7.685714285714285,0.0,298.57142857142856,0.0,10.157142857142858,247.14285714285714,18.014285714285712
2023-06-21,3.985714285714283,22.857142857142858,13.585714285714285,2.328571428571429,7.485714285714286,0.0,327.14285714285717,0.0,9.642857142857142,272.85714285714283,17.77142857142857
2023-06-22,2.1714285714285686,23.414285714285715,13.5,2.4142857142857146,7.042857142857143,0.0,315.7142857142857,0.0,8.871428571428572,291.42857142857144,18.171428571428567
2023-06-23,2.1714285714285686,23.657142857142855,13.328571428571427,2.4571428571428577,6.085714285714286,0.0,304.2857142857143,0.0,8.042857142857143,290.0,18.499999999999996
2023-06-24,1.228571428571426,24.457142857142856,13.242857142857144,2.528571428571429,5.8999999999999995,0.0,287.14285714285717,0.0,7.8,272.85714285714283,18.928571428571427
2023-06-25,2.7142857142857117,25.8,14.200000000000001,2.442857142857143,5.714285714285714,0.0,264.2857142857143,0.0,7.671428571428572,300.0,20.057142857142853
2023-06-26,2.971428571428569,27.385714285714283,15.4,2.228571428571429,5.457142857142857,0.0,218.57142857142858,0.0,7.285714285714286,298.57142857142856,21.24285714285714
2023-06-27,3.1857142857142833,28.25714285714286,16.657142857142855,2.414285714285715,6.085714285714286,0.0,188.57142857142858,0.0,8.242857142857144,277.14285714285717,22.24285714285714
2023-06-28,3.7285714285714255,28.25714285714286,17.685714285714287,2.4571428571428577,6.085714285714286,0.0,162.85714285714286,0.0,8.428571428571429,252.85714285714286,22.728571428571428
2023-06-29,4.642857142857141,27.942857142857143,18.24285714285714,2.714285714285715,6.714285714285714,0.0,168.57142857142858,0.0,9.257142857142858,230.0,22.828571428571426
2023-06-30,4.642857142857141,27.142857142857142,18.728571428571428,2.714285714285715,6.714285714285714,0.0,160.0,0.0,8.942857142857143,211.42857142857142,22.52857142857143
2023-07-01,4.642857142857141,27.057142857142857,18.97142857142857,2.6285714285714294,6.714285714285714,0.0,158.57142857142858,0.0,8.742857142857144,210.0,22.514285714285712
2023-07-02,2.071428571428569,27.614285714285717,18.571428571428573,2.7428571428571433,7.157142857142858,0.0,154.28571428571428,0.0,9.200000000000001,207.14285714285714,22.599999999999994
2023-07-03,2.071428571428569,26.82857142857143,18.32857142857143,2.9714285714285715,7.785714285714286,0.0,177.14285714285714,0.0,10.228571428571428,184.28571428571428,22.37142857142857
2023-07-04,1.8571428571428545,26.357142857142858,18.41428571428571,2.7571428571428576,6.957142857142857,0.0,202.85714285714286,0.0,9.014285714285714,205.71428571428572,22.257142857142856
2023-07-05,1.3142857142857118,27.142857142857142,18.485714285714288,2.6428571428571432,7.914285714285714,0.0,227.14285714285714,0.0,10.171428571428573,231.42857142857142,22.642857142857142
2023-07-06,0.3999999999999974,28.242857142857144,18.485714285714288,2.3142857142857145,7.4142857142857155,0.0,237.14285714285714,0.0,9.6,247.14285714285714,23.02857142857143
2023-07-07,0.3999999999999974,29.75714285714286,19.11428571428571,2.385714285714286,7.671428571428572,0.0,238.57142857142858,0.0,9.914285714285715,247.14285714285714,24.199999999999996
2023-07-08,0.5428571428571403,29.842857142857145,19.914285714285715,2.528571428571429,7.928571428571429,0.0,240.0,0.0,10.485714285714286,248.57142857142858,24.728571428571428
2023-07-09,0.3999999999999974,30.085714285714285,20.071428571428573,2.2000000000000006,7.357142857142857,0.0,267.14285714285717,0.0,9.657142857142858,274.2857142857143,24.71428571428571
2023-07-10,1.0142857142857118,31.11428571428571,19.82857142857143,1.971428571428572,8.0,0.0,258.57142857142856,0.0,10.157142857142857,267.14285714285717,25.2
2023-07-11,6.971428571428569,30.485714285714288,19.74285714285714,2.0857142857142863,8.32857142857143,0.0,212.85714285714286,0.0,10.599999999999998,220.0,24.957142857142856
2023-07-12,8.785714285714283,30.17142857142857,19.74285714285714,2.2000000000000006,7.442857142857143,0.0,192.85714285714286,0.0,9.771428571428572,218.57142857142858,24.642857142857142
2023-07-13,8.785714285714283,29.542857142857144,19.74285714285714,2.385714285714286,7.628571428571429,0.0,202.85714285714286,0.0,10.214285714285714,184.28571428571428,24.628571428571426
2023-07-14,8.97142857142857,29.3,19.114285714285717,2.571428571428572,8.385714285714286,0.0,201.42857142857142,0.0,11.557142857142859,181.42857142857142,23.885714285714283
2023-07-15,9.34285714285714,29.057142857142857,18.557142857142857,2.4857142857142867,8.314285714285713,0.0,214.28571428571428,0.0,11.428571428571427,191.42857142857142,23.38571428571428
2023-07-16,9.34285714285714,28.900000000000002,18.314285714285713,2.5857142857142863,8.5,0.0,195.71428571428572,0.0,12.128571428571428,185.71428571428572,23.299999999999994
2023-07-17,11.985714285714282,28.742857142857144,18.87142857142857,2.571428571428572,7.414285714285714,0.0,222.85714285714286,0.0,11.042857142857143,198.57142857142858,23.185714285714283
2023-07-18,6.028571428571426,30.014285714285712,19.114285714285717,2.6857142857142864,7.6,0.0,250.0,0.0,11.22857142857143,225.71428571428572,23.74285714285714
2023-07-19,4.5714285714285685,29.928571428571427,19.2,2.6000000000000005,7.842857142857143,0.0,261.42857142857144,0.0,11.357142857142858,217.14285714285714,23.87142857142857
2023-07-20,4.5714285714285685,29.771428571428572,19.042857142857144,2.514285714285715,7.8428571428571425,0.0,215.71428571428572,0.0,10.985714285714284,210.0,23.61428571428571
2023-07-21,4.3857142857142835,29.3,18.728571428571428,2.2428571428571433,6.828571428571428,0.0,215.71428571428572,0.0,9.585714285714285,215.71428571428572,23.52857142857143
2023-07-22,6.814285714285711,29.057142857142853,18.8,2.4571428571428577,7.271428571428572,0.0,220.0,0.0,10.228571428571428,205.71428571428572,23.457142857142856
2023-07-23,6.814285714285711,28.342857142857145,18.642857142857142,2.385714285714286,6.885714285714286,0.0,212.85714285714286,0.0,9.528571428571428,198.57142857142858,22.91428571428571
2023-07-24,3.299999999999997,28.41428571428571,17.771428571428572,2.285714285714286,6.757142857142858,0.0,194.28571428571428,0.0,9.157142857142857,194.28571428571428,22.514285714285712
2023-07-25,3.5571428571428543,28.24285714285714,17.142857142857142,2.1571428571428575,6.700000000000001,0.0,195.71428571428572,0.0,9.285714285714286,184.28571428571428,22.17142857142857
2023-07-26,3.199999999999997,28.17142857142857,16.985714285714288,2.1571428571428575,6.328571428571428,0.0,185.71428571428572,0.0,8.642857142857142,174.28571428571428,22.057142857142853
2023-07-27,3.199999999999997,28.571428571428573,17.385714285714283,2.4571428571428577,6.528571428571429,0.0,212.85714285714286,0.0,8.885714285714284,198.57142857142858,22.314285714285713
2023-07-28,5.84285714285714,28.25714285714286,18.014285714285712,2.571428571428572,6.914285714285714,0.0,234.28571428571428,0.0,9.12857142857143,195.71428571428572,22.599999999999998
2023-07-29,2.8999999999999972,29.057142857142857,18.099999999999998,2.4285714285714293,6.671428571428571,0.0,217.14285714285714,0.0,8.814285714285713,194.28571428571428,22.928571428571427
2023-07-30,4.499999999999997,28.814285714285713,17.7,2.6714285714285717,7.185714285714286,0.0,240.0,0.0,9.642857142857142,204.28571428571428,23.099999999999998
2023-07-31,4.499999999999997,28.185714285714287,17.54285714285714,2.9142857142857146,7.442857142857142,0.0,261.42857142857144,0.0,9.957142857142856,225.71428571428572,22.628571428571426
2023-08-01,4.428571428571425,27.314285714285713,17.142857142857142,2.900000000000001,7.57142857142857,0.0,280.0,0.0,9.9,208.57142857142858,22.17142857142857
2023-08-02,4.428571428571425,26.514285714285712,16.02857142857143,2.842857142857143,7.628571428571428,0.0,301.42857142857144,0.0,10.028571428571428,231.42857142857142,21.44285714285714
2023-08-03,4.428571428571425,25.8,14.685714285714285,2.4285714285714293,6.985714285714286,0.0,292.85714285714283,0.0,9.457142857142857,255.71428571428572,20.5
2023-08-04,2.9857142857142827,25.557142857142853,14.057142857142859,2.885714285714286,7.357142857142857,0.0,271.42857142857144,0.0,10.228571428571428,258.57142857142856,19.87142857142857
2023-08-05,4.328571428571426,23.97142857142857,13.814285714285715,2.985714285714286,7.671428571428572,0.0,270.0,0.0,10.485714285714286,257.14285714285717,19.128571428571426
2023-08-06,2.7285714285714255,24.285714285714285,13.814285714285713,2.714285714285715,7.414285714285714,0.0,222.85714285714286,0.0,9.914285714285715,255.71428571428572,18.91428571428571
2023-08-07,2.7285714285714255,24.685714285714287,13.72857142857143,2.514285714285715,7.228571428571428,0.0,222.85714285714286,0.0,9.657142857142857,254.28571428571428,19.228571428571428
2023-08-08,2.685714285714283,24.685714285714287,14.200000000000001,2.6714285714285717,7.342857142857143,0.0,195.71428571428572,0.0,9.842857142857143,271.42857142857144,19.357142857142854
2023-08-09,5.957142857142854,24.928571428571427,15.471428571428573,2.885714285714286,7.728571428571429,0.0,172.85714285714286,0.0,10.542857142857144,248.57142857142858,19.971428571428568
2023-08-10,5.957142857142854,25.314285714285717,16.657142857142855,3.0571428571428574,8.042857142857143,0.0,202.85714285714286,0.0,10.8,198.57142857142858,20.585714285714285
2023-08-11,6.971428571428569,25.785714285714285,16.728571428571428,2.7428571428571433,8.042857142857143,0.0,204.28571428571428,0.0,10.542857142857143,197.14285714285714,20.957142857142856
2023-08-12,5.6285714285714255,26.257142857142856,16.414285714285715,2.7428571428571433,7.914285714285714,0.0,224.28571428571428,0.0,10.471428571428572,215.71428571428572,20.985714285714284
2023-08-13,6.099999999999996,26.414285714285715,16.414285714285715,2.9571428571428577,8.114285714285716,0.0,250.0,0.0,10.714285714285714,194.28571428571428,20.957142857142856
2023-08-14,6.171428571428568,26.32857142857143,17.285714285714285,3.271428571428572,8.37142857142857,0.0,242.85714285714286,0.0,11.357142857142858,188.57142857142858,21.214285714285715
2023-08-15,6.028571428571425,26.728571428571428,17.371428571428574,3.1142857142857148,7.928571428571429,0.0,260.0,0.0,11.685714285714285,195.71428571428572,21.5
2023-08-16,3.5857142857142827,26.97142857142857,16.971428571428568,2.9285714285714297,7.228571428571429,0.0,261.42857142857144,0.0,10.8,175.71428571428572,21.32857142857143
2023-08-17,5.285714285714283,26.657142857142855,16.97142857142857,2.785714285714286,7.042857142857144,0.0,237.14285714285714,0.0,10.542857142857143,201.42857142857142,21.142857142857142
2023-08-18,3.2857142857142825,26.657142857142862,17.442857142857143,2.9428571428571435,6.671428571428572,0.0,227.14285714285714,0.0,10.228571428571428,201.42857142857142,21.257142857142856
2023-08-19,4.014285714285712,26.571428571428573,17.685714285714283,3.014285714285715,6.357142857142857,0.0,222.85714285714286,0.0,9.914285714285715,200.0,21.5
2023-08-20,5.0714285714285685,25.3,17.857142857142858,2.9285714285714293,6.228571428571428,0.0,224.28571428571428,0.0,9.72857142857143,202.85714285714286,21.085714285714282
2023-08-21,4.999999999999997,25.3,17.314285714285713,2.914285714285715,6.1571428571428575,0.0,211.42857142857142,0.0,9.6,187.14285714285714,20.74285714285714
2023-08-22,5.0714285714285685,24.900000000000002,16.914285714285715,2.971428571428572,6.357142857142857,0.0,224.28571428571428,0.0,9.014285714285714,212.85714285714286,20.628571428571426
2023-08-23,4.24285714285714,24.571428571428573,16.128571428571426,3.0428571428571436,6.871428571428571,0.0,244.28571428571428,0.0,9.514285714285714,254.28571428571428,20.257142857142856
2023-08-24,2.5428571428571396,24.571428571428573,15.099999999999998,3.0142857142857147,6.799999999999999,0.0,254.28571428571428,0.0,9.585714285714287,257.14285714285717,19.928571428571423
2023-08-25,3.857142857142854,24.41428571428571,14.07142857142857,2.8571428571428577,7.042857142857143,0.0,262.85714285714283,0.0,9.771428571428572,257.14285714285717,19.314285714285713
2023-08-26,4.728571428571425,24.25714285714286,13.985714285714286,2.6857142857142864,6.8428571428571425,0.0,270.0,0.0,9.328571428571427,264.2857142857143,18.928571428571423
2023-08-27,3.8857142857142826,25.3,14.214285714285714,2.7571428571428576,7.285714285714286,0.0,242.85714285714286,0.0,9.714285714285714,237.14285714285714,19.485714285714284
2023-08-28,3.885714285714282,24.58571428571429,14.12857142857143,2.5571428571428574,7.1000000000000005,0.0,264.2857142857143,0.0,9.071428571428571,261.42857142857144,19.3
2023-08-29,3.8142857142857105,25.142857142857142,13.885714285714286,2.585714285714286,7.3428571428571425,0.0,240.0,0.0,9.4,238.57142857142858,18.985714285714284
2023-08-30,3.8142857142857105,25.62857142857143,14.914285714285713,2.785714285714286,7.3428571428571425,0.0,220.0,0.0,9.471428571428572,220.0,19.52857142857143
2023-08-31,3.9999999999999964,25.785714285714285,15.471428571428572,3.1714285714285717,8.371428571428572,0.0,231.42857142857142,0.0,10.614285714285714,237.14285714285714,20.085714285714285
2023-09-01,2.471428571428568,24.842857142857145,15.4,3.142857142857143,8.185714285714285,0.0,252.85714285714286,0.0,10.428571428571429,257.14285714285717,19.842857142857138
2023-09-02,0.8714285714285683,25.0,14.528571428571427,2.942857142857143,7.871428571428572,0.0,241.42857142857142,0.0,10.1,228.57142857142858,19.52857142857143
2023-09-03,0.18571428571428267,25.071428571428573,13.742857142857144,3.071428571428572,7.685714285714285,0.0,265.7142857142857,0.0,10.1,255.71428571428572,19.17142857142857
2023-09-04,0.18571428571428267,26.02857142857143,14.457142857142856,3.128571428571429,7.614285714285714,0.0,244.28571428571428,0.0,10.1,231.42857142857142,19.885714285714283
2023-09-05,0.18571428571428267,26.74285714285714,15.099999999999998,2.9,6.857142857142857,0.0,264.2857142857143,0.0,9.071428571428573,228.57142857142858,20.599999999999998
2023-09-06,0.18571428571428267,27.37142857142857,15.342857142857143,2.485714285714286,6.271428571428571,0.0,278.57142857142856,0.0,8.242857142857144,241.42857142857142,21.128571428571426
2023-09-07,0.0,28.24285714285714,16.057142857142857,2.0428571428571436,5.185714285714285,0.0,235.71428571428572,0.0,6.971428571428572,197.14285714285714,21.62857142857143
2023-09-08,4.314285714285711,29.82857142857143,17.32857142857143,1.8857142857142861,5.628571428571428,0.0,228.57142857142858,0.0,7.485714285714287,188.57142857142858,22.714285714285715
2023-09-09,5.614285714285711,30.47142857142857,18.842857142857145,2.228571428571429,6.2,0.0,218.57142857142858,0.0,8.185714285714287,197.14285714285714,23.74285714285714
2023-09-10,5.614285714285711,30.157142857142855,19.62857142857143,2.057142857142858,5.814285714285714,0.0,241.42857142857142,0.0,7.542857142857144,171.42857142857142,24.085714285714285
2023-09-11,8.228571428571426,29.042857142857144,19.228571428571428,2.0142857142857147,5.757142857142857,0.0,262.85714285714283,0.0,7.614285714285715,181.42857142857142,23.442857142857143
2023-09-12,8.228571428571426,27.214285714285715,19.071428571428573,2.1857142857142864,6.071428571428571,0.0,265.7142857142857,0.0,7.871428571428572,205.71428571428572,22.514285714285712
2023-09-13,8.228571428571426,26.342857142857145,18.428571428571427,2.285714285714286,6.328571428571428,0.0,251.42857142857142,0.0,8.185714285714287,190.0,21.685714285714283
2023-09-14,9.285714285714283,24.685714285714287,17.542857142857144,2.3142857142857145,6.642857142857143,0.0,287.14285714285717,0.0,8.5,228.57142857142858,20.699999999999996
2023-09-15,4.971428571428568,23.17142857142857,16.27142857142857,2.385714285714286,6.271428571428571,0.0,292.85714285714283,0.0,7.985714285714286,235.71428571428572,19.54285714285714
2023-09-16,3.6714285714285686,21.985714285714284,14.842857142857143,2.228571428571429,6.271428571428571,0.0,311.42857142857144,0.0,7.857142857142857,254.28571428571428,18.4
2023-09-17,3.6714285714285686,21.82857142857143,14.12857142857143,2.4285714285714293,6.971428571428571,0.0,310.0,0.0,8.685714285714285,298.57142857142856,17.84285714285714
2023-09-18,1.057142857142854,22.142857142857142,13.099999999999998,2.328571428571429,6.8428571428571425,0.0,291.42857142857144,0.0,8.557142857142859,291.42857142857144,17.514285714285712
2023-09-19,1.4142857142857113,21.914285714285715,12.771428571428572,2.185714285714286,6.657142857142857,0.0,268.57142857142856,0.0,8.428571428571429,268.57142857142856,17.37142857142857
2023-09-20,2.3285714285714256,20.72857142857143,12.700000000000001,2.442857142857143,6.914285714285714,0.0,282.85714285714283,0.0,8.814285714285715,285.7142857142857,16.87142857142857
2023-09-21,1.2714285714285685,20.642857142857142,12.071428571428571,2.485714285714286,6.914285714285714,0.0,287.14285714285717,0.0,8.814285714285715,290.0,16.52857142857143
2023-09-22,1.2714285714285685,20.72857142857143,11.585714285714287,2.2571428571428576,6.3999999999999995,0.0,291.42857142857144,0.0,8.242857142857144,290.0,16.21428571428571
2023-09-23,1.2714285714285685,21.2,11.257142857142856,2.1142857142857148,5.957142857142856,0.0,275.7142857142857,0.0,8.057142857142857,274.2857142857143,16.142857142857142
2023-09-24,1.2714285714285685,21.042857142857144,11.099999999999998,1.671428571428572,5.057142857142857,0.0,241.42857142857142,0.0,7.1000000000000005,250.0,16.04285714285714
2023-09-25,1.2714285714285685,20.885714285714283,11.342857142857142,1.5714285714285718,4.928571428571429,0.0,231.42857142857142,0.0,6.771428571428571,240.0,15.957142857142856
2023-09-26,0.9142857142857113,21.514285714285716,10.62857142857143,1.585714285714286,5.057142857142858,0.0,250.0,0.0,6.8999999999999995,257.14285714285717,15.714285714285712
2023-09-27,0.0,21.74285714285714,9.671428571428573,1.4000000000000006,4.928571428571429,0.0,254.28571428571428,0.0,6.642857142857143,260.0,15.485714285714284
2023-09-28,0.0,21.67142857142857,9.271428571428572,1.3285714285714292,4.671428571428572,0.0,252.85714285714286,0.0,6.257142857142858,257.14285714285717,14.871428571428568
2023-09-29,0.0,21.9,9.200000000000001,1.271428571428572,4.4714285714285715,0.0,248.57142857142858,0.0,5.928571428571429,255.71428571428572,14.842857142857142
2023-09-30,0.0,21.185714285714287,9.528571428571428,1.3142857142857147,4.4,0.0,235.71428571428572,0.0,5.542857142857144,247.14285714285714,14.785714285714283
2023-10-01,0.0,21.342857142857138,9.614285714285714,1.4428571428571433,4.785714285714286,0.0,268.57142857142856,0.0,5.928571428571429,271.42857142857144,14.87142857142857
2023-10-02,0.0,21.82857142857143,9.457142857142857,1.5000000000000004,5.228571428571429,0.0,248.57142857142858,0.0,6.514285714285714,252.85714285714286,14.999999999999998
2023-10-03,0.0,22.071428571428573,9.457142857142856,1.3571428571428577,4.8999999999999995,0.0,244.28571428571428,0.0,6.128571428571429,255.71428571428572,15.328571428571426
2023-10-04,0.0,23.428571428571427,9.77142857142857,1.2428571428571435,4.8999999999999995,0.0,225.71428571428572,0.0,6.071428571428571,235.71428571428572,15.785714285714283
2023-10-05,0.0,24.77142857142857,10.728571428571428,1.3285714285714292,4.971428571428571,0.0,211.42857142857142,0.0,6.2,220.0,17.02857142857143
2023-10-06,0.0,25.485714285714288,12.0,1.942857142857143,5.928571428571429,0.0,191.42857142857142,0.0,7.485714285714286,202.85714285714286,18.27142857142857
2023-10-07,0.0,26.2,12.942857142857141,2.214285714285715,6.7,0.0,198.57142857142858,0.0,8.514285714285714,204.28571428571428,19.11428571428571
2023-10-08,10.157142857142853,25.95714285714286,12.614285714285716,2.400000000000001,6.9,0.0,202.85714285714286,0.0,8.7,200.0,19.357142857142858
2023-10-09,10.699999999999994,24.52857142857143,12.442857142857141,2.9571428571428577,7.471428571428571,0.0,230.0,0.0,9.657142857142857,227.14285714285714,18.52857142857143
2023-10-10,10.699999999999994,23.342857142857145,12.37142857142857,3.6857142857142864,8.428571428571429,0.0,217.14285714285714,0.0,10.87142857142857,210.0,17.699999999999996
2023-10-11,10.699999999999994,21.6,12.057142857142859,4.014285714285714,8.628571428571428,0.0,217.14285714285714,0.0,11.371428571428572,212.85714285714286,16.799999999999997
2023-10-12,10.771428571428567,19.3,11.414285714285713,4.114285714285715,8.885714285714286,0.0,214.28571428571428,0.0,11.757142857142858,212.85714285714286,15.44285714285714
2023-10-13,10.771428571428567,17.642857142857142,9.828571428571431,3.6857142857142864,8.828571428571427,0.0,234.28571428571428,0.0,11.5,230.0,13.799999999999999
2023-10-14,10.771428571428567,16.52857142857143,7.928571428571429,3.5142857142857147,8.442857142857143,0.0,258.57142857142856,0.0,10.985714285714286,251.42857142857142,12.342857142857142
2023-10-15,0.6142857142857102,15.657142857142857,7.700000000000001,3.2857142857142856,7.928571428571429,0.0,257.14285714285717,0.0,10.485714285714286,260.0,11.285714285714286
2023-10-16,0.32857142857142446,15.171428571428573,7.628571428571428,2.9857142857142867,7.428571428571429,0.0,280.0,0.0,9.714285714285714,280.0,11.199999999999998
2023-10-17,0.3999999999999959,15.085714285714285,7.785714285714286,2.628571428571429,7.114285714285714,0.0,254.28571428571428,0.0,9.328571428571427,252.85714285714286,11.171428571428569
2023-10-18,0.3999999999999959,14.6,7.785714285714286,2.271428571428572,6.471428571428571,0.0,274.2857142857143,0.0,8.314285714285715,272.85714285714283,11.099999999999998
2023-10-19,0.32857142857142446,14.842857142857142,7.714285714285714,2.2428571428571433,6.342857142857143,0.0,282.85714285714283,0.0,8.12857142857143,272.85714285714283,11.128571428571428
2023-10-20,0.32857142857142446,15.0,8.185714285714285,2.5000000000000004,6.271428571428571,0.0,264.2857142857143,0.0,8.185714285714285,254.28571428571428,11.34285714285714
2023-10-21,0.5857142857142816,15.4,9.528571428571428,2.8714285714285714,6.714285714285714,0.0,241.42857142857142,0.0,8.828571428571427,234.28571428571428,11.985714285714282
2023-10-22,9.04285714285714,15.314285714285715,9.757142857142858,2.971428571428572,7.1571428571428575,0.0,234.28571428571428,0.0,9.457142857142857,222.85714285714286,12.399999999999997
2023-10-23,9.299999999999997,14.914285714285713,9.357142857142858,3.014285714285715,7.285714285714286,0.0,224.28571428571428,0.0,9.9,215.71428571428572,12.185714285714283
2023-10-24,9.271428571428569,14.2,8.328571428571427,2.8714285714285714,6.971428571428572,0.0,265.7142857142857,0.0,9.4,261.42857142857144,11.7
2023-10-25,9.271428571428569,14.357142857142858,7.3,3.1714285714285717,7.285714285714286,0.0,242.85714285714286,0.0,10.1,238.57142857142858,11.128571428571425
2023-10-26,9.271428571428569,14.985714285714286,8.014285714285714,3.5428571428571436,7.6,0.0,238.57142857142858,0.0,10.671428571428569,240.0,11.699999999999998
2023-10-27,9.385714285714283,15.214285714285714,8.72857142857143,3.3000000000000003,7.285714285714286,0.0,238.57142857142858,0.0,10.171428571428573,242.85714285714286,12.414285714285711
2023-10-28,9.128571428571425,15.771428571428572,8.5,3.1000000000000005,6.8428571428571425,0.0,240.0,0.0,9.657142857142857,244.28571428571428,12.742857142857142
2023-10-29,0.9285714285714245,16.485714285714284,8.27142857142857,3.400000000000001,7.285714285714286,0.0,247.14285714285714,0.0,9.914285714285715,251.42857142857142,13.414285714285711
2023-10-30,0.41428571428571026,16.257142857142856,8.2,3.1428571428571432,6.771428571428571,0.0,208.57142857142858,0.0,8.957142857142857,211.42857142857142,13.114285714285714
2023-10-31,2.9142857142857106,15.700000000000001,8.200000000000001,3.2428571428571433,7.028571428571429,0.0,211.42857142857142,0.0,9.271428571428572,211.42857142857142,12.742857142857138
2023-11-01,2.9142857142857106,14.514285714285714,7.814285714285715,3.1142857142857148,7.1000000000000005,0.0,232.85714285714286,0.0,9.142857142857142,230.0,12.157142857142855
2023-11-02,3.028571428571425,12.128571428571428,5.685714285714285,2.8000000000000003,7.042857142857144,0.0,251.42857142857142,0.42857142857142855,8.7,251.42857142857142,9.957142857142856
2023-11-03,2.9142857142857106,10.385714285714286,3.471428571428571,3.0428571428571436,7.171428571428571,0.0,251.42857142857142,0.42857142857142855,9.142857142857142,251.42857142857142,7.728571428571427
2023-11-04,2.9142857142857106,8.957142857142857,2.6,3.5714285714285716,7.871428571428572,0.0,250.0,0.42857142857142855,10.1,251.42857142857142,6.328571428571427
2023-11-05,2.6571428571428535,7.771428571428571,2.2857142857142856,3.285714285714286,7.742857142857143,0.0,230.0,0.42857142857142855,10.171428571428573,231.42857142857142,5.142857142857141
2023-11-06,2.6571428571428535,8.0,1.957142857142857,3.357142857142857,8.185714285714285,0.0,277.14285714285717,0.42857142857142855,10.614285714285716,280.0,5.185714285714283
2023-11-07,0.11428571428571023,8.471428571428572,1.3285714285714285,3.471428571428572,8.814285714285713,0.0,257.14285714285717,0.42857142857142855,11.700000000000001,257.14285714285717,5.0142857142857125
2023-11-08,0.3999999999999959,9.342857142857143,1.7142857142857142,4.2,9.9,0.0,237.14285714285714,0.42857142857142855,13.1,235.71428571428572,5.985714285714285
2023-11-09,0.28571428571428165,9.428571428571429,1.7142857142857142,4.528571428571429,10.471428571428572,0.0,234.28571428571428,0.0,14.114285714285714,231.42857142857142,6.157142857142856
2023-11-10,1.2285714285714244,9.200000000000001,1.8714285714285714,4.414285714285715,10.471428571428572,7.142857142857143,250.0,7.285714285714286,13.914285714285715,247.14285714285714,5.999999999999998
2023-11-11,1.3714285714285672,8.557142857142857,1.4714285714285713,3.757142857142857,9.9,7.142857142857143,272.85714285714283,7.285714285714286,13.085714285714285,261.42857142857144,5.74285714285714
2023-11-12,1.3714285714285672,7.442857142857143,0.8285714285714284,4.085714285714286,9.9,7.142857142857143,292.85714285714283,7.285714285714286,12.957142857142857,282.85714285714283,4.685714285714283
2023-11-13,1.3714285714285672,6.414285714285714,0.057142857142857065,4.071428571428572,9.642857142857142,7.142857142857143,290.0,7.285714285714286,12.585714285714285,280.0,3.7571428571428553
2023-11-14,1.3714285714285672,5.471428571428572,-0.10000000000000009,3.9285714285714293,8.885714285714286,7.142857142857143,291.42857142857144,7.285714285714286,11.5,282.85714285714283,3.099999999999998
2023-11-15,1.2285714285714244,4.2,-0.18571428571428575,3.057142857142858,7.671428571428572,7.142857142857143,267.14285714285717,7.285714285714286,9.842857142857143,308.57142857142856,2.014285714285712
2023-11-16,1.2285714285714244,4.757142857142857,0.04285714285714278,3.100000000000001,7.728571428571428,7.142857142857143,248.57142857142858,7.285714285714286,9.785714285714286,290.0,2.371428571428569
2023-11-17,0.28571428571428165,5.857142857142857,0.19999999999999993,2.900000000000001,7.6000000000000005,0.0,231.42857142857142,0.0,9.785714285714286,270.0,3.3142857142857123
2023-11-18,1.0857142857142816,7.057142857142858,0.5999999999999999,3.471428571428572,8.171428571428573,0.0,210.0,0.0,10.742857142857144,252.85714285714286,4.071428571428569
2023-11-19,1.6285714285714243,7.542857142857143,0.21428571428571416,3.3000000000000007,7.857142857142857,0.0,210.0,0.0,10.485714285714286,255.71428571428572,4.399999999999998
2023-11-20,1.6285714285714243,8.257142857142858,0.4428571428571427,3.7285714285714286,8.5,0.0,211.42857142857142,0.42857142857142855,11.314285714285715,258.57142857142856,4.614285714285713
2023-11-21,1.6285714285714243,7.942857142857143,-0.1142857142857144,3.828571428571429,8.871428571428572,0.0,230.0,0.42857142857142855,11.62857142857143,277.14285714285717,4.599999999999999
2023-11-22,2.399999999999996,7.942857142857143,-1.3714285714285717,3.985714285714286,9.128571428571428,0.0,254.28571428571428,9.142857142857142,12.142857142857142,254.28571428571428,3.871428571428569
2023-11-23,2.757142857142853,7.542857142857144,-1.3,3.5000000000000004,8.242857142857142,11.428571428571429,251.42857142857142,9.142857142857142,10.985714285714286,254.28571428571428,3.628571428571427
2023-11-24,2.8285714285714247,6.671428571428572,-0.9857142857142858,3.657142857142858,8.371428571428572,11.428571428571429,265.7142857142857,9.142857142857142,10.985714285714286,271.42857142857144,3.0999999999999983
2023-11-25,1.957142857142853,5.314285714285715,-2.3999999999999995,3.4285714285714293,8.114285714285714,11.428571428571429,285.7142857142857,9.571428571428571,10.285714285714286,294.2857142857143,1.7285714285714266
2023-11-26,1.41428571428571,4.671428571428572,-3.2714285714285714,3.442857142857143,8.114285714285714,11.428571428571429,287.14285714285717,9.571428571428571,10.342857142857143,288.57142857142856,0.5571428571428552
2023-11-27,2.357142857142853,4.514285714285714,-3.5,3.271428571428572,7.985714285714287,11.428571428571429,267.14285714285717,10.285714285714286,10.342857142857143,268.57142857142856,0.4857142857142837
2023-11-28,6.0571428571428525,5.3,-2.471428571428571,3.2428571428571433,7.985714285714286,11.428571428571429,258.57142857142856,10.285714285714286,10.72857142857143,261.42857142857144,1.0285714285714267
2023-11-29,5.142857142857139,5.142857142857143,-1.9142857142857141,3.6714285714285717,8.357142857142858,11.428571428571429,277.14285714285717,1.5714285714285714,11.242857142857144,274.2857142857143,1.5571428571428552
2023-11-30,4.785714285714282,4.428571428571429,-2.7714285714285714,4.1000000000000005,8.671428571428573,0.0,280.0,1.5714285714285714,11.885714285714286,291.42857142857144,0.7999999999999979
2023-12-01,4.71428571428571,4.357142857142857,-3.3142857142857145,4.771428571428572,9.37142857142857,0.0,267.14285714285717,1.5714285714285714,12.842857142857143,275.7142857142857,0.39999999999999797
2023-12-02,5.628571428571425,4.6000000000000005,-2.0714285714285716,4.642857142857144,9.371428571428572,0.0,247.14285714285714,1.1428571428571428,13.1,254.28571428571428,1.157142857142855
2023-12-03,5.885714285714282,5.085714285714286,-0.7285714285714285,4.4,8.928571428571429,0.0,248.57142857142858,1.1428571428571428,12.342857142857142,260.0,2.2428571428571407
2023-12-04,6.542857142857138,4.685714285714286,-0.34285714285714286,4.042857142857143,8.157142857142857,0.0,265.7142857142857,0.0,11.257142857142856,275.7142857142857,2.2428571428571407
2023-12-05,4.042857142857139,4.5285714285714285,-0.7285714285714285,4.028571428571429,7.714285714285714,0.0,277.14285714285717,1.4285714285714286,10.428571428571429,284.2857142857143,2.114285714285712
2023-12-06,4.085714285714282,3.985714285714286,-0.7285714285714285,3.6142857142857148,7.142857142857143,4.285714285714286,281.42857142857144,2.142857142857143,9.471428571428572,294.2857142857143,1.6285714285714263
2023-12-07,4.085714285714282,3.5285714285714285,-0.9714285714285713,3.4285714285714293,6.957142857142857,4.285714285714286,301.42857142857144,2.142857142857143,8.957142857142857,300.0,1.3571428571428552
2023-12-08,4.085714285714282,2.271428571428572,-1.8428571428571427,2.6000000000000005,5.814285714285715,4.285714285714286,300.0,2.142857142857143,7.428571428571429,301.42857142857144,0.38571428571428357
2023-12-09,3.0999999999999965,1.4714285714285713,-2.8571428571428568,2.2000000000000006,5.057142857142857,4.285714285714286,290.0,2.142857142857143,6.214285714285714,292.85714285714283,-0.7428571428571449
2023-12-10,2.842857142857139,2.1857142857142855,-2.6999999999999997,2.6428571428571432,5.814285714285715,4.285714285714286,264.2857142857143,2.142857142857143,7.299999999999999,268.57142857142856,-0.5714285714285736
2023-12-11,4.542857142857139,3.457142857142857,-2.6285714285714286,3.171428571428572,6.771428571428571,4.285714285714286,245.71428571428572,2.142857142857143,8.9,250.0,0.6285714285714266
2023-12-12,5.414285714285711,3.142857142857143,-2.4714285714285715,3.085714285714286,7.342857142857143,11.428571428571429,238.57142857142858,7.571428571428571,9.728571428571428,245.71428571428572,0.5857142857142837
2023-12-13,5.41428571428571,5.757142857142857,-2.5428571428571423,3.471428571428572,8.114285714285714,14.285714285714286,215.71428571428572,6.857142857142857,10.87142857142857,222.85714285714286,0.9714285714285695
2023-12-14,5.528571428571425,6.771428571428571,-2.142857142857143,3.7428571428571433,8.614285714285714,21.428571428571427,211.42857142857142,8.285714285714286,11.700000000000001,214.28571428571428,1.8857142857142837
2023-12-15,5.528571428571425,7.1571428571428575,-2.3000000000000003,4.071428571428572,9.242857142857144,28.571428571428573,231.42857142857142,8.285714285714286,12.471428571428572,232.85714285714286,2.1857142857142837
2023-12-16,5.528571428571425,7.871428571428571,-1.9142857142857144,4.2857142857142865,9.557142857142859,35.714285714285715,240.0,8.285714285714286,13.042857142857143,241.42857142857142,2.742857142857141
2023-12-17,5.528571428571425,7.471428571428572,-2.6142857142857143,3.885714285714286,9.057142857142859,40.0,242.85714285714286,8.285714285714286,12.271428571428572,244.28571428571428,2.499999999999998
2023-12-18,3.1428571428571392,6.9142857142857155,-2.3000000000000003,3.6714285714285717,8.614285714285714,40.0,241.42857142857142,8.285714285714286,11.557142857142855,245.71428571428572,1.6285714285714263
2023-12-19,9.057142857142853,8.185714285714287,-1.1999999999999997,3.728571428571429,8.042857142857143,32.857142857142854,227.14285714285714,1.4285714285714286,10.914285714285715,241.42857142857142,2.5142857142857125
2023-12-20,9.01428571428571,6.757142857142858,-0.8857142857142856,3.714285714285715,8.042857142857143,25.714285714285715,245.71428571428572,1.4285714285714286,10.6,260.0,3.085714285714284
2023-12-21,8.899999999999995,6.514285714285714,-0.9571428571428572,3.2857142857142856,7.671428571428572,18.571428571428573,252.85714285714286,0.0,10.085714285714285,270.0,2.642857142857141
2023-12-22,8.899999999999995,6.357142857142857,-0.8,3.442857142857143,7.871428571428571,11.428571428571429,257.14285714285717,0.0,10.342857142857143,227.14285714285714,2.599999999999998
2023-12-23,8.899999999999995,4.7857142857142865,-2.2142857142857144,3.2,7.485714285714287,4.285714285714286,234.28571428571428,0.0,9.77142857142857,205.71428571428572,1.3714285714285697
2023-12-24,8.942857142857138,4.071428571428571,-3.0142857142857147,3.400000000000001,7.857142857142857,0.0,232.85714285714286,0.0,10.414285714285715,204.28571428571428,0.37142857142856955
2023-12-25,8.028571428571423,3.6,-3.1714285714285717,3.2000000000000006,7.6000000000000005,0.0,231.42857142857142,0.0,9.914285714285715,201.42857142857142,0.2142857142857124
2023-12-26,0.0428571428571388,2.957142857142857,-3.885714285714286,3.085714285714286,7.671428571428572,0.0,231.42857142857142,0.0,9.728571428571428,190.0,-0.3428571428571447
2023-12-27,0.5857142857142816,3.4285714285714284,-3.342857142857143,2.714285714285715,7.1,0.0,214.28571428571428,0.0,9.271428571428572,172.85714285714286,-0.04285714285714474
2023-12-28,0.9428571428571387,4.228571428571429,-1.9285714285714286,2.5857142857142863,6.714285714285714,0.0,194.28571428571428,0.0,8.82857142857143,150.0,1.1857142857142837
2023-12-29,1.41428571428571,5.171428571428572,-0.44285714285714317,2.214285714285715,5.885714285714286,0.0,190.0,0.0,7.671428571428571,192.85714285714286,2.3714285714285697
2023-12-30,2.242857142857139,6.428571428571428,1.3714285714285712,2.228571428571429,5.957142857142857,0.0,237.14285714285714,0.0,7.728571428571429,238.57142857142858,3.785714285714284
2023-12-31,2.457142857142853,6.5,2.1714285714285713,2.2428571428571433,5.714285714285714,0.0,260.0,0.0,7.3428571428571425,260.0,4.499999999999998
2024-01-01,2.457142857142853,5.485714285714286,1.3142857142857138,2.400000000000001,5.714285714285714,0.0,237.14285714285714,0.0,7.271428571428572,237.14285714285714,3.7428571428571407
2024-01-02,2.457142857142853,3.914285714285714,0.371428571428571,2.485714285714286,5.642857142857143,0.0,257.14285714285717,0.0,7.271428571428571,257.14285714285717,2.5714285714285694
2024-01-03,1.9142857142857104,2.8,-0.728571428571429,2.514285714285715,5.514285714285714,0.0,257.14285714285717,0.0,6.957142857142856,258.57142857142856,1.2571428571428551
2024-01-04,1.5571428571428532,2.242857142857143,-1.4428571428571433,2.7428571428571433,5.771428571428571,0.0,254.28571428571428,0.0,7.085714285714286,257.14285714285717,0.4142857142857123
2024-01-05,1.157142857142853,1.6857142857142857,-3.1714285714285717,3.1285714285714294,6.6571428571428575,0.0,254.28571428571428,0.42857142857142855,8.428571428571429,211.42857142857142,-0.3285714285714305
2024-01-06,0.32857142857142446,0.8142857142857143,-5.071428571428571,3.3714285714285714,6.971428571428571,0.0,244.28571428571428,0.42857142857142855,8.942857142857143,201.42857142857142,-1.9142857142857161
2024-01-07,0.28571428571428165,0.3428571428571429,-5.714285714285714,3.2857142857142856,7.028571428571428,0.0,244.28571428571428,3.2857142857142856,9.0,201.42857142857142,-2.771428571428573
2024-01-08,1.6714285714285673,0.34285714285714286,-6.028571428571429,3.028571428571429,7.228571428571429,25.714285714285715,292.85714285714283,26.571428571428573,9.314285714285715,248.57142857142858,-3.057142857142859
2024-01-09,1.7142857142857102,0.8142857142857143,-6.114285714285714,2.842857142857143,7.042857142857143,51.42857142857143,295.7142857142857,27.0,9.12857142857143,251.42857142857142,-2.9285714285714306
2024-01-10,2.7714285714285674,1.1285714285714286,-5.871428571428572,3.085714285714286,8.128571428571428,72.85714285714286,291.42857142857144,33.57142857142857,10.857142857142858,247.14285714285714,-2.8285714285714305
2024-01-11,4.699999999999996,1.7571428571428573,-5.557142857142857,3.414285714285715,10.171428571428573,91.42857142857143,285.7142857142857,33.57142857142857,14.185714285714287,241.42857142857142,-2.3428571428571447
2024-01-12,4.985714285714281,1.8428571428571432,-4.685714285714286,3.1142857142857143,9.985714285714286,102.85714285714286,281.42857142857144,38.57142857142857,14.185714285714285,282.85714285714283,-2.0285714285714307
2024-01-13,4.985714285714281,1.9285714285714288,-3.7285714285714286,2.9285714285714297,9.671428571428573,117.14285714285714,244.28571428571428,39.714285714285715,13.671428571428573,292.85714285714283,-1.4000000000000021
2024-01-14,6.371428571428567,2.9571428571428577,-2.9285714285714284,3.357142857142858,10.571428571428571,131.42857142857142,212.85714285714286,36.857142857142854,15.142857142857142,261.42857142857144,-0.5285714285714306
2024-01-15,4.98571428571428,3.5000000000000004,-2.6142857142857143,4.000000000000001,11.200000000000001,112.85714285714286,202.85714285714286,14.0,16.22857142857143,248.57142857142858,0.17142857142856932
2024-01-16,4.985714285714281,3.114285714285714,-2.842857142857143,4.442857142857144,11.828571428571427,94.28571428571429,180.0,14.0,16.985714285714288,227.14285714285714,-0.04285714285714486
2024-01-17,4.614285714285709,1.7857142857142858,-3.4,4.114285714285715,10.8,80.0,204.28571428571428,25.571428571428573,15.385714285714286,248.57142857142858,-0.6571428571428591
2024-01-18,2.685714285714281,-0.1857142857142858,-5.128571428571429,3.9571428571428577,8.942857142857143,80.0,211.42857142857142,25.571428571428573,12.571428571428571,255.71428571428572,-2.357142857142859
2024-01-19,2.4428571428571386,-1.1285714285714286,-6.0,4.1000000000000005,8.757142857142856,80.0,197.14285714285714,24.142857142857142,12.057142857142859,241.42857142857142,-3.5714285714285734
2024-01-20,2.4428571428571386,-1.9142857142857144,-7.585714285714286,4.4,9.142857142857142,77.14285714285714,241.42857142857142,23.0,12.442857142857145,191.42857142857142,-4.400000000000001
2024-01-21,0.9142857142857101,-4.357142857142857,-9.485714285714286,4.128571428571429,8.242857142857142,74.28571428571429,270.0,25.142857142857142,10.971428571428572,218.57142857142858,-6.585714285714288
2024-01-22,0.9142857142857101,-5.7,-11.157142857142858,3.785714285714286,7.857142857142857,78.57142857142857,277.14285714285717,24.714285714285715,10.085714285714285,228.57142857142858,-8.171428571428573
2024-01-23,0.8714285714285673,-5.314285714285715,-12.428571428571429,3.771428571428572,7.928571428571428,82.85714285714286,277.14285714285717,24.285714285714285,10.214285714285714,227.14285714285714,-8.742857142857144
2024-01-24,0.18571428571428167,-4.457142857142857,-12.114285714285716,3.942857142857143,7.928571428571429,87.14285714285714,275.7142857142857,6.142857142857143,10.271428571428572,222.85714285714286,-7.814285714285717
2024-01-25,1.599999999999996,-3.1142857142857143,-11.728571428571428,3.8142857142857145,8.114285714285714,87.14285714285714,274.2857142857143,12.285714285714286,10.4,221.42857142857142,-7.1714285714285735
2024-01-26,2.0999999999999956,-2.0142857142857142,-10.471428571428572,3.5,7.728571428571429,82.85714285714286,248.57142857142858,8.285714285714286,9.771428571428572,195.71428571428572,-5.900000000000001
2024-01-27,3.6999999999999957,-0.7571428571428572,-8.342857142857143,3.1857142857142864,7.528571428571429,78.57142857142857,250.0,8.285714285714286,9.585714285714287,218.57142857142858,-4.414285714285716
2024-01-28,3.628571428571424,0.9714285714285714,-6.300000000000002,2.8142857142857145,7.214285714285714,71.42857142857143,250.0,6.857142857142857,9.085714285714285,220.0,-2.414285714285716
2024-01-29,3.628571428571424,2.4714285714285715,-4.085714285714286,2.657142857142858,6.8428571428571425,64.28571428571429,252.85714285714286,7.285714285714286,8.771428571428572,222.85714285714286,-0.7857142857142877
2024-01-30,3.628571428571424,2.6285714285714286,-2.1000000000000005,2.7571428571428576,6.771428571428572,52.857142857142854,275.7142857142857,7.285714285714286,8.642857142857142,244.28571428571428,0.39999999999999797
2024-01-31,3.628571428571424,2.3999999999999995,-1.8571428571428579,2.528571428571429,6.457142857142857,41.42857142857143,275.7142857142857,7.285714285714286,8.142857142857142,231.42857142857142,-0.028571428571430628
2024-02-01,2.21428571428571,2.157142857142857,-1.3000000000000007,2.514285714285715,6.214285714285714,22.857142857142858,274.2857142857143,1.1428571428571428,7.628571428571429,230.0,0.299999999999998
2024-02-02,1.5999999999999959,2.0,-1.057142857142858,2.8571428571428577,6.471428571428572,15.714285714285714,298.57142857142856,1.1428571428571428,8.2,251.42857142857142,0.3428571428571408
2024-02-03,0.0428571428571388,1.7571428571428573,-1.514285714285715,3.2,6.799999999999999,8.571428571428571,300.0,1.5714285714285714,8.771428571428572,278.57142857142856,0.19999999999999796
2024-02-04,0.0428571428571388,1.1428571428571428,-2.457142857142858,3.485714285714286,6.928571428571429,4.285714285714286,301.42857142857144,0.8571428571428571,9.028571428571428,281.42857142857144,-0.4428571428571449
2024-02-05,0.0428571428571388,1.0571428571428572,-3.7142857142857153,3.4142857142857146,6.857142857142857,0.0,302.85714285714283,0.42857142857142855,8.77142857142857,282.85714285714283,-1.2000000000000017
2024-02-06,0.0428571428571388,0.9000000000000001,-4.3571428571428585,3.214285714285715,6.857142857142857,0.0,302.85714285714283,0.42857142857142855,8.714285714285714,234.28571428571428,-1.7428571428571449
2024-02-07,0.0428571428571388,1.1285714285714286,-5.000000000000001,3.3000000000000003,7.042857142857143,0.0,304.2857142857143,0.42857142857142855,9.1,250.0,-1.8714285714285734
2024-02-08,0.0428571428571388,1.2142857142857142,-5.7857142857142865,2.900000000000001,6.3999999999999995,0.0,324.2857142857143,0.42857142857142855,8.32857142857143,271.42857142857144,-2.271428571428573
2024-02-09,0.0428571428571388,2.242857142857143,-6.485714285714287,2.5000000000000004,6.014285714285713,0.0,327.14285714285717,0.42857142857142855,7.685714285714285,275.7142857142857,-2.3428571428571447
2024-02-10,0.0,3.6,-5.557142857142858,2.8142857142857145,6.257142857142858,0.0,304.2857142857143,0.0,8.514285714285714,251.42857142857142,-1.500000000000002
2024-02-11,0.07142857142856737,5.8,-3.8142857142857145,3.1428571428571432,6.957142857142857,0.0,282.85714285714283,0.0,9.528571428571428,228.57142857142858,0.41428571428571254
2024-02-12,0.07142857142856737,6.442857142857143,-2.2428571428571438,3.3714285714285723,7.285714285714286,0.0,278.57142857142856,0.0,10.157142857142857,218.57142857142858,1.7714285714285698
2024-02-13,0.07142857142856737,6.914285714285714,-1.2142857142857153,3.0142857142857147,6.657142857142857,0.0,230.0,0.0,9.385714285714286,220.0,2.6571428571428553
2024-02-14,0.07142857142856737,7.385714285714285,-0.10000000000000098,2.9857142857142867,6.857142857142857,0.0,228.57142857142858,0.0,9.5,221.42857142857142,3.342857142857141
2024-02-15,0.18571428571428167,7.071428571428571,-0.18571428571428683,3.9285714285714293,8.385714285714284,7.142857142857143,231.42857142857142,7.285714285714286,11.414285714285713,221.42857142857142,3.1285714285714263
2024-02-16,0.3999999999999959,5.5,-1.2285714285714298,3.9571428571428577,8.771428571428572,14.285714285714286,248.57142857142858,14.142857142857142,11.985714285714286,241.42857142857142,2.1428571428571415
2024-02-17,0.47142857142856737,3.685714285714286,-2.5571428571428583,3.6285714285714294,8.9,25.714285714285715,267.14285714285717,19.571428571428573,11.6,262.85714285714283,0.7428571428571412
2024-02-18,0.657142857142853,1.3285714285714287,-4.614285714285716,3.1714285714285717,8.571428571428571,40.0,288.57142857142856,24.285714285714285,10.957142857142856,284.2857142857143,-1.400000000000002
2024-02-19,0.699999999999996,0.14285714285714285,-6.742857142857145,3.5571428571428574,9.271428571428572,54.285714285714285,270.0,25.428571428571427,11.785714285714286,270.0,-3.0714285714285734
2024-02-20,0.9142857142857103,-0.5571428571428572,-8.8,4.014285714285715,10.285714285714286,68.57142857142857,312.85714285714283,30.142857142857142,13.071428571428571,314.2857142857143,-4.185714285714288
2024-02-21,0.9142857142857103,-1.4857142857142858,-10.871428571428572,3.900000000000001,9.828571428571427,80.0,312.85714285714283,30.142857142857142,12.5,312.85714285714283,-5.657142857142859
2024-02-22,0.799999999999996,-0.7714285714285715,-11.342857142857145,3.528571428571429,9.514285714285714,84.28571428571429,291.42857142857144,22.857142857142858,12.314285714285715,291.42857142857144,-5.585714285714288
2024-02-23,1.3857142857142815,-0.0714285714285715,-9.757142857142856,4.200000000000001,9.957142857142856,84.28571428571429,272.85714285714283,16.0,13.214285714285714,270.0,-4.585714285714288
2024-02-24,1.3857142857142815,1.2571428571428573,-9.12857142857143,4.2857142857142865,10.028571428571428,77.14285714285714,277.14285714285717,10.571428571428571,13.157142857142857,271.42857142857144,-3.528571428571431
2024-02-25,1.1285714285714243,1.4857142857142858,-9.600000000000003,4.671428571428572,10.157142857142857,62.857142857142854,280.0,5.857142857142857,13.414285714285715,274.2857142857143,-3.628571428571431
2024-02-26,1.0857142857142816,2.028571428571429,-9.514285714285716,4.528571428571429,9.771428571428572,48.57142857142857,280.0,4.714285714285714,13.042857142857144,275.7142857142857,-3.671428571428574
2024-02-27,0.8714285714285673,3.442857142857143,-7.842857142857144,4.585714285714286,9.271428571428572,34.285714285714285,261.42857142857144,0.0,12.971428571428572,254.28571428571428,-2.35714285714286
2024-02-28,0.8714285714285673,6.357142857142857,-5.928571428571429,5.1571428571428575,10.171428571428573,22.857142857142858,241.42857142857142,0.0,14.514285714285716,234.28571428571428,0.014285714285712205
2024-02-29,1.3857142857142815,7.785714285714286,-4.271428571428573,5.528571428571429,10.614285714285714,11.428571428571429,242.85714285714286,0.0,15.085714285714285,235.71428571428572,2.4857142857142835
2024-03-01,0.5857142857142816,7.1571428571428575,-5.614285714285716,5.7285714285714295,10.671428571428573,4.285714285714286,254.28571428571428,0.0,15.985714285714286,247.14285714285714,1.6999999999999977
2024-03-02,0.5142857142857102,6.685714285714285,-6.957142857142857,5.671428571428572,10.414285714285715,0.0,230.0,0.0,15.785714285714286,222.85714285714286,0.38571428571428357
2024-03-03,1.1285714285714246,7.942857142857143,-4.757142857142859,5.628571428571428,10.485714285714286,0.0,205.71428571428572,0.0,15.985714285714286,197.14285714285714,1.9285714285714266
2024-03-04,1.1285714285714243,8.971428571428572,-2.6285714285714303,5.185714285714286,9.785714285714286,0.0,224.28571428571428,0.0,14.9,217.14285714285714,3.67142857142857
2024-03-05,1.1285714285714243,10.085714285714285,-1.7000000000000013,4.885714285714286,9.657142857142858,0.0,222.85714285714286,0.0,14.457142857142856,217.14285714285714,4.371428571428569
2024-03-06,1.3857142857142815,9.214285714285714,-0.6000000000000012,4.742857142857143,9.657142857142857,0.0,222.85714285714286,0.0,14.328571428571427,218.57142857142858,4.599999999999999
2024-03-07,3.6999999999999957,8.257142857142856,-0.05714285714285846,4.271428571428572,8.514285714285714,0.0,241.42857142857142,0.0,12.857142857142856,218.57142857142858,3.799999999999998
2024-03-08,4.3142857142857105,9.514285714285714,1.0571428571428558,3.900000000000001,8.328571428571427,0.0,250.0,0.0,11.514285714285714,227.14285714285714,4.9571428571428555
2024-03-09,4.3142857142857105,10.228571428571428,2.1714285714285704,3.5142857142857147,7.628571428571429,0.0,268.57142857142856,0.0,10.557142857142859,248.57142857142858,6.04285714285714
2024-03-10,4.428571428571424,10.471428571428572,1.6999999999999988,3.528571428571429,7.757142857142858,0.0,268.57142857142856,0.0,11.057142857142859,248.57142857142858,6.0142857142857125
2024-03-11,6.571428571428568,9.685714285714285,0.914285714285713,3.6428571428571432,8.328571428571427,4.285714285714286,267.14285714285717,4.0,12.142857142857142,241.42857142857142,5.557142857142856
2024-03-12,7.114285714285709,8.014285714285714,-0.17142857142857273,4.142857142857144,9.157142857142858,8.571428571428571,287.14285714285717,9.857142857142858,13.157142857142857,260.0,4.242857142857141
2024-03-13,6.857142857142853,7.700000000000001,-1.2000000000000013,4.185714285714286,9.085714285714285,15.714285714285714,307.14285714285717,9.857142857142858,12.957142857142857,278.57142857142856,3.599999999999998
2024-03-14,4.028571428571424,8.414285714285715,-2.2142857142857157,3.842857142857143,8.82857142857143,15.714285714285714,288.57142857142856,9.857142857142858,12.585714285714285,280.0,3.0571428571428556
2024-03-15,4.499999999999996,9.285714285714286,-2.0714285714285725,3.3000000000000003,8.057142857142859,15.714285714285714,287.14285714285717,9.857142857142858,11.62857142857143,237.14285714285714,3.371428571428569
2024-03-16,5.728571428571423,9.285714285714286,-1.6142857142857154,3.414285714285715,8.242857142857144,15.714285714285714,292.85714285714283,9.857142857142858,11.957142857142857,238.57142857142858,3.9714285714285693
2024-03-17,5.114285714285709,9.528571428571428,-1.6142857142857154,2.9142857142857146,7.285714285714286,15.714285714285714,317.14285714285717,9.857142857142858,10.371428571428572,264.2857142857143,3.999999999999998
2024-03-18,3.1571428571428535,10.4,-0.82857142857143,3.071428571428572,7.285714285714286,11.428571428571429,307.14285714285717,5.857142857142857,10.685714285714287,262.85714285714283,4.6999999999999975
2024-03-19,2.757142857142853,10.642857142857142,-0.3714285714285726,2.785714285714286,6.514285714285714,7.142857142857143,302.85714285714283,0.0,9.799999999999999,262.85714285714283,5.342857142857141
2024-03-20,2.9428571428571386,9.685714285714285,-0.6000000000000012,2.6857142857142864,6.385714285714286,4.285714285714286,297.14285714285717,2.142857142857143,9.614285714285714,258.57142857142856,4.814285714285712
2024-03-21,3.9285714285714244,8.814285714285713,-0.44285714285714406,3.1142857142857148,7.085714285714286,4.285714285714286,314.2857142857143,12.0,10.628571428571428,260.0,4.571428571428569
2024-03-22,2.842857142857139,6.457142857142856,-1.4571428571428584,3.914285714285715,8.3,11.428571428571429,312.85714285714283,12.0,12.028571428571428,300.0,3.085714285714284
2024-03-23,1.6142857142857103,4.957142857142856,-2.6285714285714294,4.1000000000000005,9.0,15.714285714285714,307.14285714285717,12.0,12.914285714285715,298.57142857142856,1.399999999999998
2024-03-24,4.142857142857139,3.214285714285714,-3.4857142857142867,4.500000000000001,9.757142857142856,27.142857142857142,305.7142857142857,43.142857142857146,14.0,297.14285714285717,0.2142857142857122
2024-03-25,3.957142857142853,2.1,-5.385714285714287,4.242857142857144,9.442857142857141,55.714285714285715,320.0,43.142857142857146,13.171428571428573,305.7142857142857,-1.3428571428571447
2024-03-26,3.81428571428571,2.4857142857142853,-6.642857142857144,3.971428571428572,9.0,77.14285714285714,307.14285714285717,43.142857142857146,12.400000000000002,288.57142857142856,-1.9714285714285733
2024-03-27,3.628571428571425,3.8428571428571425,-6.571428571428572,3.7714285714285722,8.685714285714285,84.28571428571429,284.2857142857143,41.0,12.014285714285714,265.7142857142857,-1.2571428571428593
2024-03-28,2.757142857142853,4.242857142857143,-5.557142857142859,3.8857142857142866,8.742857142857144,84.28571428571429,267.14285714285717,31.142857142857142,12.214285714285717,262.85714285714283,-0.500000000000002
2024-03-29,2.757142857142853,5.814285714285715,-3.985714285714287,3.1571428571428575,7.785714285714286,77.14285714285714,271.42857142857144,31.142857142857142,11.071428571428571,268.57142857142856,1.0714285714285694
2024-03-30,2.757142857142853,7.228571428571429,-2.6571428571428584,3.442857142857143,7.9142857142857155,72.85714285714286,271.42857142857144,31.142857142857142,11.385714285714286,262.85714285714283,2.5142857142857125
2024-03-31,0.11428571428571023,8.642857142857142,-1.8000000000000012,3.6000000000000005,8.17142857142857,61.42857142857143,268.57142857142856,0.0,11.642857142857142,260.0,3.6142857142857117
2024-04-01,0.11428571428571023,9.914285714285715,-0.3714285714285728,3.6428571428571432,8.3,32.857142857142854,262.85714285714283,0.0,12.157142857142857,255.71428571428572,4.928571428571426
2024-04-02,0.11428571428571023,10.871428571428572,0.8142857142857131,3.8000000000000007,9.0,11.428571428571429,235.71428571428572,0.0,12.928571428571429,258.57142857142856,5.828571428571427
2024-04-03,0.11428571428571023,11.028571428571428,0.9714285714285703,3.828571428571429,9.071428571428571,0.0,237.14285714285714,0.0,13.114285714285712,260.0,5.77142857142857
2024-04-04,0.9857142857142817,10.785714285714286,0.5857142857142844,3.842857142857144,9.328571428571427,0.0,231.42857142857142,0.0,13.742857142857142,254.28571428571428,5.799999999999998
2024-04-05,3.7857142857142816,9.914285714285715,0.028571428571427297,4.2285714285714295,9.9,14.285714285714286,198.57142857142858,36.285714285714285,14.757142857142856,220.0,4.942857142857141
2024-04-06,3.8285714285714247,9.128571428571428,-0.04285714285714415,4.114285714285715,9.4,40.0,201.42857142857142,36.285714285714285,13.928571428571429,227.14285714285714,4.428571428571426
2024-04-07,3.8285714285714247,8.814285714285713,0.1999999999999987,4.085714285714286,9.085714285714285,47.142857142857146,202.85714285714286,36.285714285714285,13.471428571428572,228.57142857142858,4.257142857142855
2024-04-08,3.8285714285714247,8.9,0.19999999999999868,4.2285714285714295,9.271428571428572,47.142857142857146,205.71428571428572,36.285714285714285,13.271428571428572,230.0,4.157142857142856
2024-04-09,3.8285714285714247,9.37142857142857,0.12857142857142725,3.942857142857143,8.571428571428571,47.142857142857146,252.85714285714286,36.285714285714285,12.7,251.42857142857142,4.471428571428569
2024-04-10,3.8285714285714247,10.485714285714284,0.6714285714285702,3.714285714285715,8.057142857142857,47.142857142857146,278.57142857142856,36.285714285714285,11.87142857142857,270.0,5.299999999999997
2024-04-11,3.3571428571428528,11.6,1.6142857142857132,3.6142857142857143,7.742857142857142,47.142857142857146,282.85714285714283,36.285714285714285,11.171428571428573,271.42857142857144,5.942857142857141
2024-04-12,0.9142857142857098,13.257142857142856,2.7999999999999994,3.6857142857142864,7.5,32.857142857142854,282.85714285714283,0.0,10.728571428571428,275.7142857142857,7.314285714285711
2024-04-13,3.81428571428571,16.185714285714287,4.299999999999999,4.000000000000001,8.457142857142857,7.142857142857143,261.42857142857144,0.0,12.457142857142856,248.57142857142858,9.428571428571427
2024-04-14,4.028571428571424,16.985714285714284,4.614285714285713,4.042857142857144,8.642857142857142,0.0,240.0,0.0,13.028571428571427,230.0,10.414285714285711
2024-04-15,4.028571428571424,17.214285714285715,4.999999999999999,3.942857142857143,8.642857142857142,0.0,221.42857142857142,0.0,13.157142857142857,211.42857142857142,10.728571428571426
2024-04-16,4.071428571428568,16.657142857142855,5.7714285714285705,3.9857142857142867,8.771428571428572,0.0,220.0,0.0,13.028571428571428,204.28571428571428,10.84285714285714
2024-04-17,4.071428571428568,15.785714285714286,5.857142857142855,4.314285714285715,9.657142857142857,0.0,225.71428571428572,0.0,14.62857142857143,215.71428571428572,10.585714285714284
2024-04-18,3.557142857142853,15.071428571428571,4.757142857142855,4.028571428571429,9.214285714285714,0.0,245.71428571428572,0.0,13.799999999999999,240.0,9.84285714285714
2024-04-19,4.328571428571424,14.528571428571427,4.37142857142857,3.8714285714285714,9.214285714285714,0.0,248.57142857142858,0.0,13.671428571428573,240.0,9.414285714285711
2024-04-20,1.385714285714281,13.185714285714285,3.814285714285713,3.7571428571428576,8.62857142857143,0.0,250.0,0.0,12.657142857142858,242.85714285714286,8.485714285714284
2024-04-21,1.1714285714285668,13.571428571428571,3.8142857142857127,3.4571428571428577,8.7,0.0,261.42857142857144,0.0,12.728571428571428,255.71428571428572,8.64285714285714
2024-04-22,1.1714285714285668,13.014285714285714,3.7428571428571416,3.6428571428571432,9.214285714285714,0.0,282.85714285714283,0.0,13.37142857142857,277.14285714285717,8.557142857142855
2024-04-23,1.1285714285714241,12.385714285714284,3.1999999999999984,3.9857142857142867,9.842857142857142,0.0,284.2857142857143,0.0,14.385714285714286,284.2857142857143,8.07142857142857
2024-04-24,1.1285714285714241,13.171428571428573,2.885714285714285,4.457142857142857,10.1,0.0,261.42857142857144,0.0,14.77142857142857,261.42857142857144,8.257142857142854
2024-04-25,1.5571428571428527,13.485714285714286,2.7285714285714273,4.757142857142858,11.314285714285715,0.0,261.42857142857144,0.0,16.5,260.0,8.714285714285712
2024-04-26,0.428571428571424,13.314285714285715,1.5428571428571416,4.500000000000001,11.114285714285714,0.0,290.0,0.0,16.242857142857144,290.0,7.9571428571428555
2024-04-27,0.428571428571424,13.22857142857143,0.28571428571428437,3.828571428571429,10.414285714285715,0.0,302.85714285714283,0.0,15.085714285714285,308.57142857142856,7.428571428571426
2024-04-28,0.5714285714285668,14.114285714285716,-0.18571428571428703,4.000000000000001,10.214285714285714,0.0,291.42857142857144,0.0,14.771428571428572,292.85714285714283,7.399999999999998
2024-04-29,2.242857142857138,15.542857142857144,0.914285714285713,3.9285714285714293,9.700000000000001,0.0,242.85714285714286,0.0,14.328571428571427,272.85714285714283,8.485714285714284
2024-04-30,2.242857142857138,16.1,1.7857142857142845,3.900000000000001,9.642857142857142,0.0,245.71428571428572,0.0,14.142857142857142,222.85714285714286,9.328571428571426
2024-05-01,2.6428571428571384,15.471428571428573,2.6571428571428557,3.357142857142858,9.014285714285714,0.0,265.7142857142857,0.0,12.72857142857143,222.85714285714286,9.428571428571427
2024-05-02,2.2142857142857095,16.02857142857143,3.685714285714284,2.985714285714286,7.471428571428571,0.0,255.71428571428572,0.0,10.614285714285714,217.14285714285714,9.457142857142856
2024-05-03,2.5428571428571383,17.7,5.657142857142857,3.2285714285714286,7.671428571428572,0.0,258.57142857142856,0.0,10.87142857142857,192.85714285714286,11.285714285714283
2024-05-04,2.5428571428571383,18.814285714285713,7.399999999999999,3.2714285714285722,7.614285714285714,0.0,262.85714285714283,0.0,10.742857142857144,190.0,12.485714285714282
2024-05-05,2.3999999999999955,19.042857142857144,9.299999999999999,3.257142857142857,7.3,0.0,264.2857142857143,0.0,10.228571428571428,192.85714285714286,13.485714285714284
2024-05-06,2.5428571428571383,18.257142857142856,9.385714285714284,3.528571428571429,7.228571428571429,0.0,290.0,0.0,10.157142857142857,194.28571428571428,13.314285714285713
2024-05-07,2.657142857142852,19.685714285714287,10.099999999999998,3.4285714285714293,7.042857142857143,0.0,267.14285714285717,0.0,9.957142857142857,220.0,13.914285714285713
2024-05-08,2.2571428571428522,20.47142857142857,10.257142857142856,3.3000000000000003,6.914285714285714,0.0,270.0,0.0,10.085714285714285,194.28571428571428,14.685714285714283
2024-05-09,2.5428571428571383,20.785714285714285,10.64285714285714,3.471428571428572,7.685714285714285,0.0,260.0,0.0,11.371428571428572,182.85714285714286,15.057142857142855
2024-05-10,2.2142857142857095,20.157142857142855,10.328571428571427,3.4857142857142867,7.685714285714285,0.0,255.71428571428572,0.0,11.37142857142857,160.0,14.542857142857141
2024-05-11,2.3571428571428528,19.37142857142857,9.928571428571429,3.485714285714286,7.942857142857143,0.0,260.0,0.0,11.685714285714285,170.0,14.214285714285712
2024-05-12,2.5714285714285667,18.971428571428568,9.128571428571428,3.214285714285715,7.814285714285715,0.0,257.14285714285717,0.0,11.485714285714284,167.14285714285714,13.485714285714284
2024-05-13,0.7571428571428526,19.12857142857143,9.042857142857141,2.900000000000001,7.5,0.0,258.57142857142856,0.0,10.842857142857143,164.28571428571428,13.428571428571427
2024-05-14,0.7571428571428527,18.728571428571428,8.714285714285714,3.0857142857142863,7.5,0.0,257.14285714285717,0.0,11.22857142857143,164.28571428571428,13.285714285714283
2024-05-15,2.028571428571424,19.12857142857143,9.585714285714285,3.3000000000000007,7.942857142857143,0.0,231.42857142857142,0.0,11.742857142857144,188.57142857142858,13.5
2024-05-16,1.7428571428571384,19.37142857142857,10.299999999999999,3.2,7.628571428571429,0.0,232.85714285714286,0.0,11.028571428571428,187.14285714285714,14.185714285714283
2024-05-17,1.7428571428571384,20.314285714285717,11.171428571428569,2.900000000000001,7.114285714285715,0.0,235.71428571428572,0.0,10.514285714285716,230.0,15.14285714285714
2024-05-18,1.5999999999999956,21.814285714285713,11.799999999999999,3.0000000000000004,7.242857142857143,0.0,214.28571428571428,0.0,11.1,208.57142857142858,16.2
2024-05-19,1.4285714285714242,22.52857142857143,12.671428571428573,2.971428571428572,7.185714285714285,0.0,207.14285714285714,0.0,10.914285714285715,198.57142857142858,17.21428571428571
2024-05-20,1.4285714285714242,24.271428571428572,13.07142857142857,2.842857142857143,7.128571428571428,0.0,197.14285714285714,0.0,10.785714285714286,188.57142857142858,18.257142857142856
2024-05-21,1.3142857142857098,25.457142857142856,13.957142857142857,2.714285714285715,6.871428571428572,0.0,200.0,0.0,10.142857142857142,191.42857142857142,19.342857142857138
2024-05-22,1.3428571428571383,26.085714285714285,14.357142857142858,2.657142857142858,6.614285714285714,0.0,217.14285714285714,0.0,10.271428571428572,208.57142857142858,20.099999999999998
2024-05-23,1.3428571428571383,27.585714285714282,14.999999999999998,2.9571428571428577,6.614285714285714,0.0,215.71428571428572,0.0,10.471428571428572,210.0,21.0
2024-05-24,1.3857142857142812,28.228571428571428,15.157142857142857,3.228571428571429,7.0,0.0,210.0,0.0,10.914285714285713,211.42857142857142,21.91428571428571
2024-05-25,1.3857142857142812,27.91428571428571,14.928571428571429,3.585714285714286,7.5,0.0,230.0,0.0,11.299999999999999,230.0,21.97142857142857
2024-05-26,1.3428571428571383,27.842857142857145,13.985714285714284,3.4142857142857146,7.114285714285714,0.0,214.28571428571428,0.0,10.914285714285715,248.57142857142858,21.328571428571426
2024-05-27,1.3428571428571383,27.77142857142857,14.47142857142857,3.357142857142858,6.857142857142857,0.0,244.28571428571428,0.0,10.799999999999999,277.14285714285717,21.442857142857143
2024-05-28,4.31428571428571,27.38571428571429,14.785714285714286,3.828571428571429,7.942857142857142,0.0,232.85714285714286,0.0,12.142857142857142,265.7142857142857,21.4
2024-05-29,4.099999999999995,26.599999999999998,14.7,3.9142857142857146,8.12857142857143,0.0,234.28571428571428,0.0,11.957142857142857,261.42857142857144,20.87142857142857
2024-05-30,4.099999999999995,24.857142857142858,13.342857142857143,3.657142857142858,8.128571428571428,0.0,252.85714285714286,0.0,12.014285714285714,281.42857142857144,19.78571428571428
2024-05-31,4.0571428571428525,23.900000000000002,12.071428571428571,3.571428571428572,8.442857142857141,0.0,257.14285714285717,0.0,12.471428571428572,235.71428571428572,18.27142857142857
2024-06-01,4.0571428571428525,23.900000000000002,11.585714285714285,3.2571428571428576,8.185714285714287,0.0,255.71428571428572,0.0,12.214285714285714,237.14285714285714,17.699999999999996
2024-06-02,4.0571428571428525,24.52857142857143,11.742857142857142,3.342857142857144,8.442857142857143,0.0,255.71428571428572,0.0,12.657142857142857,202.85714285714286,18.157142857142855
2024-06-03,4.0571428571428525,25.0,11.185714285714285,3.2571428571428576,8.571428571428571,0.0,237.14285714285714,0.0,12.4,185.71428571428572,18.185714285714283
2024-06-04,1.0857142857142816,25.471428571428568,10.542857142857143,2.5857142857142863,7.414285714285714,0.0,265.7142857142857,0.0,10.814285714285713,215.71428571428572,18.342857142857145
2024-06-05,0.0,26.657142857142862,10.299999999999999,2.2714285714285722,7.1000000000000005,0.0,247.14285714285714,0.0,10.428571428571429,202.85714285714286,18.87142857142857
2024-06-06,0.47142857142856737,28.242857142857144,11.814285714285713,2.2571428571428576,7.028571428571429,0.0,228.57142857142858,0.0,10.299999999999999,181.42857142857142,20.04285714285714
2024-06-07,4.285714285714282,29.2,13.171428571428569,2.3142857142857145,7.028571428571429,0.0,222.85714285714286,0.0,10.228571428571428,218.57142857142858,21.557142857142853
2024-06-08,4.642857142857139,29.442857142857143,14.37142857142857,2.328571428571429,7.028571428571429,0.0,205.71428571428572,0.0,10.357142857142858,202.85714285714286,22.071428571428573
2024-06-09,4.785714285714282,28.571428571428573,15.242857142857142,2.5000000000000004,7.214285714285715,0.0,241.42857142857142,0.0,10.742857142857144,240.0,21.94285714285714
2024-06-10,6.199999999999996,27.22857142857143,15.557142857142855,2.771428571428572,7.471428571428572,0.0,251.42857142857142,0.0,11.62857142857143,252.85714285714286,21.41428571428571
2024-06-11,6.485714285714281,25.485714285714288,15.642857142857142,2.942857142857143,7.542857142857144,0.0,251.42857142857142,0.0,11.814285714285715,245.71428571428572,20.37142857142857
2024-06-12,6.485714285714281,23.82857142857143,15.414285714285713,3.0428571428571436,7.485714285714287,0.0,274.2857142857143,0.0,11.5,267.14285714285717,19.27142857142857
2024-06-13,6.014285714285711,22.714285714285715,14.14285714285714,2.8571428571428577,7.357142857142857,0.0,291.42857142857144,0.0,11.057142857142859,285.7142857142857,18.199999999999996
2024-06-14,2.199999999999996,22.785714285714285,13.585714285714285,2.942857142857143,7.414285714285714,0.0,278.57142857142856,0.0,11.12857142857143,275.7142857142857,17.571428571428566
2024-06-15,2.457142857142853,23.014285714285712,13.9,3.157142857142858,7.357142857142857,0.0,300.0,0.0,10.928571428571429,290.0,18.142857142857142
2024-06-16,2.31428571428571,22.78571428571429,13.185714285714285,3.328571428571429,7.742857142857143,0.0,310.0,0.0,11.185714285714287,301.42857142857144,18.2
2024-06-17,0.8999999999999959,23.17142857142857,12.314285714285715,3.157142857142858,7.542857142857144,0.0,308.57142857142856,0.0,10.557142857142859,297.14285714285717,18.057142857142853
2024-06-18,0.6142857142857102,24.82857142857143,12.87142857142857,3.3571428571428577,8.042857142857143,0.0,288.57142857142856,0.0,11.257142857142856,282.85714285714283,19.014285714285712
2024-06-19,0.6142857142857102,26.728571428571428,14.37142857142857,3.528571428571429,8.171428571428573,0.0,267.14285714285717,0.0,11.5,262.85714285714283,20.828571428571426
2024-06-20,0.8999999999999959,28.485714285714288,16.599999999999998,3.9285714285714293,8.500000000000002,0.0,252.85714285714286,0.0,12.071428571428571,242.85714285714286,22.62857142857143
2024-06-21,4.81428571428571,29.285714285714285,17.942857142857143,3.6428571428571432,9.528571428571428,0.0,271.42857142857144,0.0,13.157142857142858,262.85714285714283,23.642857142857142
2024-06-22,4.199999999999996,29.057142857142857,18.342857142857145,3.3571428571428577,9.014285714285714,0.0,267.14285714285717,0.0,12.271428571428572,265.7142857142857,23.557142857142853
2024-06-23,4.81428571428571,29.285714285714285,19.614285714285717,3.0142857142857147,8.500000000000002,0.0,235.71428571428572,0.0,11.385714285714284,232.85714285714286,23.971428571428568
2024-06-24,9.38571428571428,29.842857142857145,21.27142857142857,3.3142857142857145,9.200000000000001,0.0,224.28571428571428,0.0,12.585714285714285,224.28571428571428,24.928571428571423
2024-06-25,9.599999999999994,28.97142857142857,20.957142857142856,3.1428571428571432,9.200000000000001,0.0,248.57142857142858,0.0,12.900000000000002,248.57142857142858,24.714285714285715
2024-06-26,10.028571428571423,28.5,19.685714285714283,3.028571428571429,9.200000000000001,0.0,252.85714285714286,0.0,12.971428571428573,255.71428571428572,23.77142857142857
2024-06-27,10.285714285714281,27.785714285714285,18.41428571428571,2.942857142857143,9.071428571428571,0.0,268.57142857142856,0.0,12.785714285714286,268.57142857142856,22.928571428571427
2024-06-28,6.41428571428571,26.2,17.228571428571428,3.214285714285715,8.114285714285714,0.0,265.7142857142857,0.0,11.885714285714286,262.85714285714283,21.8
2024-06-29,6.41428571428571,25.87142857142857,15.628571428571428,3.128571428571429,7.928571428571429,0.0,228.57142857142858,0.0,11.814285714285715,222.85714285714286,20.928571428571423
2024-06-30,8.01428571428571,25.87142857142857,15.157142857142857,3.828571428571429,8.957142857142857,0.0,238.57142857142858,0.0,13.528571428571428,234.28571428571428,20.585714285714285
2024-07-01,3.442857142857139,26.428571428571427,15.157142857142857,3.942857142857143,9.285714285714286,0.0,257.14285714285717,0.0,13.785714285714286,250.0,20.9
2024-07-02,3.2285714285714247,26.67142857142857,15.071428571428571,4.114285714285715,9.228571428571428,0.0,254.28571428571428,0.0,13.214285714285714,245.71428571428572,20.985714285714284
2024-07-03,2.7999999999999963,26.5,14.842857142857142,3.900000000000001,8.771428571428572,0.0,268.57142857142856,0.0,12.642857142857142,251.42857142857142,20.885714285714283
2024-07-04,2.3285714285714243,26.32857142857143,14.6,4.142857142857143,9.4,0.0,250.0,0.0,13.657142857142857,241.42857142857142,20.757142857142856
2024-07-05,2.4285714285714244,27.67142857142857,15.557142857142855,4.057142857142858,9.328571428571431,0.0,231.42857142857142,0.0,13.728571428571428,222.85714285714286,21.7
2024-07-06,2.4285714285714244,28.785714285714285,17.314285714285713,4.1000000000000005,9.457142857142857,0.0,268.57142857142856,0.0,13.799999999999999,258.57142857142856,23.057142857142857
2024-07-07,3.442857142857139,30.057142857142857,18.185714285714287,3.414285714285715,8.685714285714287,0.0,282.85714285714283,0.0,12.842857142857143,272.85714285714283,24.157142857142855
2024-07-08,3.442857142857139,30.057142857142857,18.357142857142858,2.985714285714286,7.471428571428571,0.0,285.7142857142857,0.0,11.128571428571428,255.71428571428572,24.214285714285715
2024-07-09,3.442857142857139,31.08571428571429,18.985714285714288,2.485714285714286,6.771428571428571,0.0,261.42857142857144,0.0,10.3,250.0,24.857142857142858
2024-07-10,3.442857142857139,31.571428571428573,20.099999999999998,2.6142857142857148,7.1,0.0,245.71428571428572,0.0,10.671428571428569,237.14285714285714,25.599999999999998
2024-07-11,10.08571428571428,31.185714285714287,20.814285714285713,2.128571428571429,6.3999999999999995,0.0,267.14285714285717,0.0,9.4,210.0,25.814285714285713
2024-07-12,11.54285714285714,30.785714285714285,20.814285714285713,2.0000000000000004,6.085714285714286,0.0,287.14285714285717,0.0,8.5,230.0,25.27142857142857
2024-07-13,11.657142857142853,30.22857142857143,20.657142857142855,1.9000000000000006,5.957142857142857,0.0,288.57142857142856,0.0,8.299999999999999,234.28571428571428,24.9
2024-07-14,8.54285714285714,30.071428571428573,20.571428571428573,1.871428571428572,5.642857142857143,0.0,275.7142857142857,0.0,7.6,220.0,24.757142857142856
2024-07-15,8.54285714285714,30.0,20.328571428571426,1.8571428571428577,5.828571428571428,0.0,255.71428571428572,0.0,7.857142857142857,221.42857142857142,24.714285714285715
2024-07-16,10.499999999999996,30.08571428571429,20.5,2.071428571428572,6.528571428571429,0.0,281.42857142857144,0.0,8.814285714285713,210.0,24.8
2024-07-17,12.099999999999996,29.842857142857145,20.657142857142855,2.214285714285715,6.714285714285714,0.0,268.57142857142856,0.0,9.142857142857142,207.14285714285714,24.714285714285715
2024-07-18,5.385714285714281,30.157142857142862,20.585714285714285,2.285714285714286,7.028571428571429,0.0,267.14285714285717,0.0,9.585714285714285,252.85714285714286,24.67142857142857
2024-07-19,3.7857142857142816,29.842857142857145,20.185714285714283,2.514285714285715,7.3428571428571425,0.0,268.57142857142856,0.0,10.1,257.14285714285717,24.842857142857138
2024-07-20,3.671428571428567,29.77142857142857,19.385714285714283,2.471428571428572,7.271428571428571,0.0,264.2857142857143,0.0,10.171428571428573,242.85714285714286,24.457142857142856
2024-07-21,3.557142857142853,29.685714285714283,18.599999999999998,2.514285714285715,7.3999999999999995,0.0,264.2857142857143,0.0,10.428571428571429,242.85714285714286,24.071428571428573
2024-07-22,3.742857142857138,29.042857142857144,18.285714285714285,2.628571428571429,7.471428571428572,0.0,285.7142857142857,0.0,10.485714285714286,262.85714285714283,23.77142857142857
2024-07-23,1.7857142857142816,28.557142857142853,17.4,2.5428571428571436,7.028571428571429,0.0,262.85714285714283,0.0,9.842857142857143,258.57142857142856,23.14285714285714
2024-07-24,0.3714285714285674,28.0,17.157142857142855,2.400000000000001,6.771428571428572,0.0,262.85714285714283,0.0,9.328571428571427,281.42857142857144,22.8
2024-07-25,1.5714285714285674,28.157142857142862,16.985714285714284,2.5857142857142863,6.657142857142857,0.0,241.42857142857142,0.0,9.328571428571427,262.85714285714283,22.785714285714285
2024-07-26,1.7571428571428531,28.24285714285714,17.057142857142857,2.6571428571428575,6.6571428571428575,0.0,232.85714285714286,0.0,9.514285714285716,254.28571428571428,22.728571428571424
2024-07-27,1.7571428571428531,28.314285714285713,17.37142857142857,2.8714285714285714,6.914285714285714,0.0,235.71428571428572,0.0,9.828571428571427,270.0,22.814285714285713
2024-07-28,1.7571428571428531,28.400000000000002,17.37142857142857,2.757142857142857,6.6571428571428575,0.0,258.57142857142856,0.0,9.385714285714286,245.71428571428572,22.842857142857145
2024-07-29,1.5714285714285674,29.04285714285714,17.37142857142857,2.5857142857142863,6.328571428571428,0.0,235.71428571428572,0.0,8.942857142857143,230.0,22.928571428571423
2024-07-30,1.5714285714285674,29.12857142857143,18.085714285714285,2.6142857142857148,6.385714285714286,0.0,235.71428571428572,0.0,9.271428571428572,231.42857142857142,23.27142857142857
2024-07-31,2.142857142857139,29.842857142857138,18.328571428571426,2.857142857142857,6.957142857142857,0.0,251.42857142857142,0.0,10.299999999999999,217.14285714285714,23.585714285714285
2024-08-01,2.3285714285714243,29.842857142857138,18.885714285714283,2.8142857142857145,6.828571428571429,0.0,270.0,0.0,10.299999999999999,235.71428571428572,23.785714285714285
2024-08-02,2.1428571428571384,30.47142857142857,19.52857142857143,2.4142857142857146,6.328571428571428,0.0,262.85714285714283,0.0,9.471428571428572,232.85714285714286,24.21428571428571
2024-08-03,2.1857142857142815,31.114285714285717,20.17142857142857,2.328571428571429,6.271428571428572,0.0,240.0,0.0,9.285714285714286,205.71428571428572,24.928571428571427
2024-08-04,2.1857142857142815,31.428571428571427,21.199999999999996,2.3714285714285714,6.271428571428572,0.0,212.85714285714286,0.0,9.342857142857143,225.71428571428572,25.557142857142853
2024-08-05,4.399999999999996,31.428571428571427,21.82857142857143,2.5142857142857147,6.728571428571429,0.0,188.57142857142858,0.0,9.971428571428572,195.71428571428572,25.842857142857138
2024-08-06,4.471428571428567,30.557142857142857,21.514285714285712,2.4142857142857146,6.728571428571429,0.0,211.42857142857142,0.0,9.642857142857142,217.14285714285714,25.51428571428571
2024-08-07,3.7142857142857104,29.285714285714285,20.8,2.071428571428572,5.9,0.0,228.57142857142858,0.0,8.357142857142858,231.42857142857142,24.64285714285714
2024-08-08,2.3285714285714243,28.814285714285713,19.457142857142856,1.8857142857142861,5.7,0.0,230.0,0.0,7.914285714285714,230.0,23.928571428571427
2024-08-09,4.399999999999996,28.185714285714287,18.185714285714287,2.0000000000000004,5.885714285714286,0.0,224.28571428571428,0.0,8.299999999999999,221.42857142857142,23.085714285714282
2024-08-10,8.971428571428566,27.314285714285713,17.54285714285714,2.357142857142858,7.6,0.0,228.57142857142858,0.0,11.228571428571428,224.28571428571428,22.057142857142853
2024-08-11,8.971428571428566,26.75714285714286,16.67142857142857,2.514285714285715,7.857142857142857,0.0,247.14285714285714,0.0,11.614285714285714,238.57142857142858,21.64285714285714
2024-08-12,7.485714285714281,25.95714285714286,15.885714285714284,2.571428571428572,7.914285714285714,0.0,272.85714285714283,0.0,11.742857142857144,261.42857142857144,20.828571428571426
2024-08-13,7.41428571428571,25.8,15.571428571428571,2.6857142857142864,8.042857142857143,0.0,268.57142857142856,0.0,11.87142857142857,260.0,20.285714285714285
2024-08-14,7.41428571428571,26.442857142857143,15.242857142857142,2.7714285714285722,8.37142857142857,0.0,220.0,0.0,12.200000000000001,214.28571428571428,20.457142857142856
2024-08-15,7.5571428571428525,26.914285714285715,15.557142857142855,2.671428571428572,8.885714285714286,0.0,178.57142857142858,0.0,12.714285714285714,172.85714285714286,20.74285714285714
2024-08-16,5.485714285714281,27.142857142857142,16.02857142857143,2.557142857142858,8.7,0.0,202.85714285714286,0.0,12.328571428571427,191.42857142857142,21.014285714285712
2024-08-17,0.8714285714285673,27.614285714285717,16.185714285714287,2.1428571428571432,6.985714285714286,0.0,202.85714285714286,0.0,9.271428571428572,188.57142857142858,21.557142857142853
2024-08-18,0.9142857142857101,27.61428571428571,16.657142857142855,2.285714285714286,7.242857142857143,0.0,188.57142857142858,0.0,9.528571428571428,180.0,21.471428571428568
2024-08-19,0.18571428571428167,27.52857142857143,17.37142857142857,2.400000000000001,7.242857142857143,0.0,187.14285714285714,0.0,9.657142857142857,181.42857142857142,22.0
2024-08-20,2.8714285714285674,28.242857142857144,17.12857142857143,2.7428571428571433,8.071428571428571,0.0,190.0,0.0,10.685714285714285,182.85714285714286,22.428571428571427
2024-08-21,3.0142857142857102,26.657142857142855,16.814285714285713,2.900000000000001,8.442857142857143,0.0,238.57142857142858,0.0,11.314285714285713,230.0,21.52857142857143
2024-08-22,4.21428571428571,24.757142857142856,16.5,3.157142857142858,8.12857142857143,0.0,281.42857142857144,0.0,10.928571428571429,271.42857142857144,20.442857142857143
2024-08-23,5.157142857142853,23.328571428571426,16.02857142857143,3.128571428571429,7.8,0.0,281.42857142857144,0.0,10.542857142857143,261.42857142857144,19.514285714285712
2024-08-24,5.157142857142853,22.857142857142858,15.242857142857144,3.1428571428571432,7.8,0.0,282.85714285714283,0.0,10.671428571428573,265.7142857142857,18.885714285714283
2024-08-25,5.114285714285711,22.7,14.37142857142857,2.8714285714285714,7.285714285714286,0.0,280.0,0.0,10.157142857142857,271.42857142857144,18.41428571428571
2024-08-26,5.114285714285711,23.099999999999998,13.657142857142857,2.5285714285714294,6.8428571428571425,0.0,278.57142857142856,0.0,9.457142857142857,268.57142857142856,18.099999999999998
2024-08-27,2.4285714285714244,23.099999999999998,14.214285714285714,2.0285714285714294,5.757142857142857,0.0,232.85714285714286,0.0,8.114285714285714,222.85714285714286,18.228571428571424
2024-08-28,2.2857142857142816,24.914285714285715,14.7,2.071428571428572,5.642857142857143,0.0,210.0,0.0,8.057142857142857,201.42857142857142,19.37142857142857
2024-08-29,1.199999999999996,26.1,14.857142857142856,2.2571428571428576,6.271428571428571,0.0,210.0,0.0,9.014285714285714,202.85714285714286,20.41428571428571
2024-08-30,0.25714285714285307,26.657142857142855,14.385714285714284,2.2285714285714286,6.471428571428571,0.0,207.14285714285714,0.0,9.27142857142857,211.42857142857142,20.61428571428571
2024-08-31,0.25714285714285307,26.657142857142855,14.299999999999997,2.528571428571429,6.971428571428571,0.0,205.71428571428572,0.0,10.028571428571428,211.42857142857142,20.67142857142857
2024-09-01,0.7714285714285675,26.02857142857143,14.857142857142858,3.142857142857143,7.857142857142857,0.0,205.71428571428572,0.0,11.299999999999999,200.0,20.74285714285714
2024-09-02,1.2428571428571387,26.428571428571427,15.085714285714285,3.6428571428571432,9.128571428571428,0.0,227.14285714285714,0.0,12.957142857142857,222.85714285714286,21.02857142857143
2024-09-03,1.2428571428571387,25.314285714285713,13.9,3.885714285714286,9.457142857142856,0.0,271.42857142857144,0.0,13.471428571428573,264.2857142857143,20.257142857142856
2024-09-04,1.2428571428571387,24.442857142857143,12.7,3.657142857142858,9.071428571428571,0.0,292.85714285714283,0.0,12.828571428571431,284.2857142857143,19.17142857142857
2024-09-05,0.9857142857142817,24.599999999999998,12.07142857142857,3.3000000000000003,8.242857142857144,0.0,274.2857142857143,0.0,11.614285714285714,262.85714285714283,18.571428571428566
2024-09-06,0.9857142857142817,25.157142857142862,12.299999999999999,3.4571428571428577,8.5,0.0,252.85714285714286,0.0,11.928571428571429,242.85714285714286,18.985714285714284
2024-09-07,0.9857142857142817,25.071428571428573,12.785714285714283,3.528571428571429,8.314285714285713,0.0,250.0,0.0,11.8,241.42857142857142,19.128571428571426
2024-09-08,2.9714285714285675,25.22857142857143,12.228571428571428,3.1428571428571432,8.057142857142857,0.0,250.0,0.0,11.299999999999999,244.28571428571428,18.828571428571426
2024-09-09,2.685714285714282,23.242857142857144,11.2,3.028571428571429,7.671428571428572,0.0,242.85714285714286,0.0,11.042857142857143,238.57142857142858,17.471428571428568
2024-09-10,2.685714285714282,23.400000000000002,11.357142857142858,3.0000000000000004,7.542857142857143,0.0,222.85714285714286,0.0,10.914285714285713,220.0,17.185714285714283
2024-09-11,2.685714285714282,23.32857142857143,11.599999999999998,2.985714285714286,7.671428571428572,0.0,220.0,0.0,11.299999999999999,218.57142857142858,17.385714285714283
2024-09-12,2.685714285714282,23.171428571428574,11.357142857142858,2.971428571428572,7.671428571428571,0.0,220.0,0.0,11.3,221.42857142857142,17.11428571428571
2024-09-13,2.685714285714282,22.942857142857143,11.285714285714286,2.8000000000000007,7.542857142857143,0.0,221.42857142857142,0.0,11.171428571428574,225.71428571428572,16.799999999999997
2024-09-14,2.685714285714282,23.099999999999998,11.042857142857143,2.4142857142857146,7.028571428571429,0.0,197.14285714285714,0.0,10.414285714285715,242.85714285714286,16.785714285714285
2024-09-15,0.18571428571428167,23.814285714285717,11.2,2.1428571428571432,6.3999999999999995,0.0,172.85714285714286,0.0,9.457142857142857,260.0,17.085714285714282
2024-09-16,0.0,25.8,11.999999999999998,1.7428571428571433,5.385714285714285,0.0,164.28571428571428,0.0,7.8,247.14285714285714,18.28571428571428
2024-09-17,0.0,26.985714285714288,12.714285714285712,1.5571428571428574,5.257142857142857,0.0,165.71428571428572,0.0,7.485714285714286,250.0,19.3
2024-09-18,0.0,28.014285714285712,13.671428571428573,1.5428571428571434,4.871428571428572,0.0,165.71428571428572,0.0,6.8428571428571425,252.85714285714286,20.099999999999998
2024-09-19,0.0,28.642857142857142,14.628571428571428,1.4428571428571433,4.485714285714286,0.0,150.0,0.0,6.3999999999999995,235.71428571428572,20.857142857142854
2024-09-20,0.0,28.957142857142856,15.342857142857142,1.5714285714285718,4.357142857142857,0.0,170.0,0.0,6.285714285714286,254.28571428571428,21.385714285714283
2024-09-21,0.0,28.885714285714283,15.585714285714285,1.5714285714285718,4.428571428571429,0.0,220.0,0.0,6.214285714285714,260.0,21.428571428571427
2024-09-22,0.0,28.414285714285715,15.5,1.671428571428572,4.557142857142858,0.0,264.2857142857143,0.0,6.214285714285714,261.42857142857144,21.357142857142858
2024-09-23,0.0,27.457142857142856,15.257142857142854,1.8857142857142863,4.942857142857143,0.0,250.0,0.0,6.728571428571429,250.0,20.857142857142858
2024-09-24,0.0,26.02857142857143,15.099999999999998,2.1142857142857148,4.942857142857143,0.0,248.57142857142858,0.0,6.914285714285714,248.57142857142858,20.185714285714283
2024-09-25,0.0,24.842857142857138,14.542857142857143,2.4285714285714293,5.457142857142857,0.0,222.85714285714286,0.0,7.485714285714287,218.57142857142858,19.457142857142856
2024-09-26,3.3428571428571385,23.028571428571432,14.057142857142853,2.7571428571428576,5.8428571428571425,0.0,234.28571428571428,0.0,8.057142857142859,232.85714285714286,18.5
2024-09-27,6.571428571428568,21.75714285714286,13.657142857142857,2.900000000000001,6.028571428571429,0.0,214.28571428571428,0.0,8.428571428571429,207.14285714285714,17.642857142857142
2024-09-28,6.571428571428568,21.2,13.257142857142854,2.971428571428572,6.1571428571428575,0.0,214.28571428571428,0.0,8.757142857142858,208.57142857142858,17.257142857142856
2024-09-29,6.571428571428568,20.87142857142857,12.785714285714286,2.885714285714286,5.9,0.0,210.0,0.0,8.685714285714285,174.28571428571428,16.685714285714283
2024-09-30,6.571428571428568,21.11428571428571,12.47142857142857,2.6714285714285717,5.771428571428571,0.0,242.85714285714286,0.0,8.557142857142857,158.57142857142858,16.557142857142853
2024-10-01,6.571428571428568,21.599999999999998,12.157142857142855,2.3714285714285723,5.442857142857143,0.0,264.2857142857143,0.0,8.042857142857143,180.0,16.442857142857143
2024-10-02,6.571428571428568,21.914285714285715,12.385714285714284,2.2428571428571433,5.442857142857143,0.0,272.85714285714283,0.0,8.114285714285716,187.14285714285714,16.64285714285714
2024-10-03,3.271428571428568,22.542857142857144,12.385714285714284,2.2714285714285722,5.885714285714286,0.0,275.7142857142857,0.0,8.628571428571428,190.0,16.842857142857138
2024-10-04,0.0428571428571388,22.942857142857143,11.985714285714284,2.0285714285714294,5.757142857142857,0.0,275.7142857142857,0.0,8.128571428571428,192.85714285714286,17.014285714285712
2024-10-05,1.4285714285714246,23.099999999999998,11.671428571428569,2.0000000000000004,6.142857142857143,0.0,274.2857142857143,0.0,8.628571428571428,192.85714285714286,16.728571428571424
2024-10-06,1.4714285714285675,22.62857142857143,11.2,2.0285714285714294,6.6571428571428575,0.0,281.42857142857144,0.0,9.142857142857142,184.28571428571428,16.642857142857142
2024-10-07,2.0142857142857102,22.0,10.242857142857142,2.228571428571429,6.914285714285714,0.0,258.57142857142856,0.0,9.657142857142857,210.0,15.857142857142856
2024-10-08,2.4857142857142813,21.357142857142858,10.085714285714285,2.5000000000000004,7.371428571428572,0.0,261.42857142857144,0.0,10.3,211.42857142857142,15.714285714285714
2024-10-09,2.5999999999999956,20.328571428571426,8.814285714285713,2.3142857142857154,6.985714285714286,0.0,261.42857142857144,0.0,9.857142857142858,212.85714285714286,14.714285714285714
2024-10-10,2.9857142857142813,19.37142857142857,8.099999999999998,2.1857142857142864,6.614285714285714,0.0,274.2857142857143,0.0,9.528571428571428,224.28571428571428,13.842857142857142
2024-10-11,2.9857142857142813,17.857142857142858,7.699999999999998,2.5857142857142863,6.942857142857143,0.0,287.14285714285717,0.0,10.157142857142858,242.85714285714286,12.742857142857142
2024-10-12,1.6428571428571388,16.900000000000002,7.614285714285714,2.8571428571428577,6.871428571428572,0.0,262.85714285714283,0.0,10.1,218.57142857142858,12.228571428571428
2024-10-13,1.5999999999999959,16.585714285714285,7.128571428571428,3.400000000000001,8.142857142857142,0.0,260.0,0.0,12.014285714285714,261.42857142857144,11.957142857142856
2024-10-14,1.41428571428571,15.314285714285713,7.042857142857143,3.2000000000000006,7.757142857142858,0.0,258.57142857142856,0.0,11.314285714285715,258.57142857142856,11.27142857142857
2024-10-15,2.799999999999996,13.728571428571428,6.157142857142857,3.228571428571429,7.757142857142858,0.0,258.57142857142856,0.0,11.314285714285715,260.0,10.028571428571427
2024-10-16,3.01428571428571,12.77142857142857,6.242857142857142,3.6000000000000005,8.585714285714285,0.0,275.7142857142857,0.0,12.528571428571428,275.7142857142857,9.457142857142856
2024-10-17,2.6999999999999957,12.142857142857142,5.371428571428571,3.7571428571428576,9.157142857142858,0.0,284.2857142857143,0.0,13.114285714285714,278.57142857142856,9.028571428571427
2024-10-18,2.6999999999999957,12.7,4.114285714285713,3.2571428571428576,8.571428571428571,0.0,294.2857142857143,0.0,12.414285714285713,235.71428571428572,8.57142857142857
2024-10-19,2.6571428571428526,13.014285714285714,2.842857142857142,2.8571428571428577,7.928571428571429,0.0,312.85714285714283,0.0,11.514285714285716,252.85714285714286,7.999999999999998
2024-10-20,2.6571428571428526,13.328571428571427,2.457142857142856,2.2000000000000006,6.142857142857143,0.0,294.2857142857143,0.0,8.9,232.85714285714286,7.357142857142855
2024-10-21,2.2999999999999963,14.599999999999998,2.142857142857142,2.4285714285714293,6.457142857142857,0.0,294.2857142857143,0.0,9.400000000000002,235.71428571428572,7.7714285714285705
2024-10-22,0.4428571428571385,17.142857142857142,3.257142857142856,2.4142857142857146,6.385714285714285,0.0,270.0,0.0,9.328571428571427,212.85714285714286,9.485714285714284
2024-10-23,0.11428571428570998,19.37142857142857,3.885714285714285,2.128571428571429,6.0,0.0,251.42857142857142,0.0,8.942857142857141,201.42857142857142,10.928571428571429
2024-10-24,0.39999999999999564,21.6,5.557142857142856,2.3142857142857145,6.185714285714285,0.0,230.0,0.0,9.385714285714286,185.71428571428572,12.857142857142856
2024-10-25,0.39999999999999564,21.685714285714287,6.185714285714284,2.6714285714285717,6.771428571428571,0.0,227.14285714285714,0.0,10.028571428571428,231.42857142857142,13.77142857142857
2024-10-26,0.39999999999999564,20.657142857142855,6.185714285714284,2.6142857142857148,6.714285714285714,0.0,195.71428571428572,0.0,10.028571428571428,191.42857142857142,13.557142857142855
2024-10-27,0.5857142857142813,19.542857142857144,6.742857142857142,3.2142857142857153,7.671428571428572,0.0,215.71428571428572,0.0,11.37142857142857,212.85714285714286,13.685714285714285
2024-10-28,0.8714285714285671,18.185714285714287,6.428571428571428,3.4285714285714293,8.371428571428572,0.0,238.57142857142858,0.0,12.328571428571427,232.85714285714286,13.1
2024-10-29,0.8714285714285671,15.72857142857143,4.542857142857143,3.1857142857142864,7.928571428571429,0.0,231.42857142857142,0.0,11.62857142857143,222.85714285714286,10.842857142857142
2024-10-30,2.799999999999996,13.971428571428572,3.3571428571428554,3.5857142857142863,8.185714285714285,0.0,231.42857142857142,0.0,11.942857142857145,220.0,9.299999999999997
2024-10-31,2.4428571428571386,13.328571428571431,3.114285714285713,3.714285714285715,7.871428571428573,0.0,232.85714285714286,0.0,11.62857142857143,221.42857142857142,8.528571428571427
2024-11-01,2.4428571428571386,14.671428571428569,5.099999999999999,4.057142857142858,8.057142857142859,0.0,212.85714285714286,0.0,12.071428571428571,200.0,9.77142857142857
2024-11-02,2.6999999999999957,16.02857142857143,5.899999999999999,4.671428571428572,9.200000000000001,0.0,237.14285714285714,0.0,13.799999999999999,234.28571428571428,11.47142857142857
2024-11-03,2.51428571428571,15.242857142857144,5.571428571428569,4.371428571428572,8.814285714285715,0.0,235.71428571428572,0.0,13.285714285714286,232.85714285714286,10.799999999999999
2024-11-04,2.228571428571424,14.685714285714285,5.342857142857142,3.9285714285714293,7.8,0.0,238.57142857142858,0.0,11.828571428571427,231.42857142857142,10.357142857142856
2024-11-05,2.371428571428567,15.157142857142857,5.185714285714284,4.371428571428572,9.071428571428571,0.0,244.28571428571428,0.0,13.814285714285715,241.42857142857142,10.499999999999998
2024-11-06,0.5571428571428528,16.02857142857143,6.4571428571428555,4.671428571428572,9.385714285714286,0.0,245.71428571428572,0.0,14.2,240.0,11.485714285714284
2024-11-07,0.51428571428571,16.02857142857143,7.014285714285713,4.514285714285714,9.514285714285714,0.0,244.28571428571428,0.0,14.257142857142856,240.0,12.085714285714284
2024-11-08,0.51428571428571,14.685714285714285,5.099999999999999,4.185714285714286,9.257142857142856,0.0,264.2857142857143,0.0,13.685714285714285,264.2857142857143,10.885714285714284
2024-11-09,0.2999999999999957,13.414285714285715,4.942857142857142,4.457142857142858,9.642857142857142,0.0,274.2857142857143,0.0,13.87142857142857,271.42857142857144,9.414285714285711
2024-11-10,0.2999999999999957,13.571428571428571,4.328571428571427,4.714285714285715,10.342857142857143,0.0,275.7142857142857,0.0,14.642857142857142,272.85714285714283,9.428571428571427
2024-11-11,0.34285714285713853,14.214285714285714,4.257142857142855,5.1571428571428575,11.299999999999999,0.0,250.0,0.0,16.22857142857143,254.28571428571428,9.542857142857141
2024-11-12,0.45714285714285285,14.614285714285714,5.742857142857141,5.257142857142858,11.114285714285714,0.0,252.85714285714286,0.0,15.842857142857142,254.28571428571428,10.485714285714284
2024-11-13,0.45714285714285285,13.428571428571429,4.314285714285712,5.271428571428572,11.442857142857145,0.0,271.42857142857144,0.0,15.900000000000002,275.7142857142857,9.585714285714284
2024-11-14,0.45714285714285285,11.042857142857143,1.7857142857142843,4.957142857142857,11.0,0.0,291.42857142857144,0.0,15.071428571428571,294.2857142857143,7.028571428571426
2024-11-15,0.45714285714285285,9.928571428571429,0.5428571428571415,4.585714285714286,10.357142857142858,0.0,291.42857142857144,0.0,14.3,294.2857142857143,5.285714285714284
2024-11-16,0.41428571428571004,9.285714285714286,-0.8714285714285728,3.8000000000000003,9.214285714285714,0.0,295.7142857142857,0.0,12.714285714285717,252.85714285714286,4.199999999999998
2024-11-17,0.41428571428571004,10.0,-1.1142857142857157,3.2571428571428576,8.385714285714286,0.0,250.0,0.0,11.62857142857143,207.14285714285714,3.842857142857141
2024-11-18,0.37142857142856717,9.914285714285713,-1.2000000000000013,2.7,7.3,0.0,241.42857142857142,0.0,9.714285714285714,198.57142857142858,3.7428571428571407
2024-11-19,0.15714285714285284,9.828571428571427,-1.914285714285716,2.3142857142857145,6.857142857142857,0.0,261.42857142857144,0.0,9.014285714285716,220.0,3.285714285714284
2024-11-20,0.04285714285713854,9.671428571428573,-1.8285714285714303,1.6428571428571435,5.8999999999999995,0.0,261.42857142857144,0.0,7.671428571428572,220.0,3.3571428571428554
2024-11-21,0.04285714285713854,10.157142857142857,-1.5857142857142874,1.3571428571428577,5.442857142857143,0.0,258.57142857142856,0.0,7.1571428571428575,221.42857142857142,3.5714285714285694
2024-11-22,1.1285714285714241,10.157142857142857,-1.0428571428571445,1.4142857142857146,5.571428571428571,0.0,260.0,0.0,7.1571428571428575,221.42857142857142,4.157142857142856
2024-11-23,1.171428571428567,10.557142857142859,-0.18571428571428733,1.7000000000000006,6.271428571428572,0.0,225.71428571428572,0.0,8.371428571428572,231.42857142857142,5.128571428571426
2024-11-24,1.7571428571428527,9.685714285714285,0.5142857142857127,2.3000000000000007,6.6571428571428575,0.0,272.85714285714283,0.0,9.071428571428571,278.57142857142856,5.342857142857142
2024-11-25,1.7571428571428527,9.057142857142857,1.0571428571428556,3.1714285714285717,7.742857142857142,0.0,297.14285714285717,0.0,10.857142857142858,301.42857142857144,5.614285714285712
2024-11-26,1.7142857142857097,8.114285714285716,0.3571428571428556,3.0857142857142863,7.671428571428571,0.0,292.85714285714283,0.0,10.914285714285713,292.85714285714283,4.928571428571426
2024-11-27,2.942857142857138,7.714285714285714,-0.028571428571430118,3.2,7.8,0.0,272.85714285714283,0.0,11.5,271.42857142857144,4.1999999999999975
2024-11-28,2.942857142857138,7.714285714285714,0.5142857142857127,3.6000000000000005,8.5,0.0,270.0,0.0,12.714285714285714,265.7142857142857,4.585714285714284
2024-11-29,3.857142857142853,7.228571428571429,0.7428571428571412,3.8714285714285714,9.085714285714285,0.0,267.14285714285717,0.0,13.671428571428573,242.85714285714286,4.385714285714284
2024-11-30,3.8571428571428528,6.114285714285714,0.428571428571427,3.7571428571428576,8.514285714285714,0.0,282.85714285714283,0.42857142857142855,12.700000000000001,262.85714285714283,3.5285714285714262
2024-12-01,3.2714285714285674,5.314285714285715,0.11428571428571267,3.7857142857142856,8.442857142857141,0.0,261.42857142857144,0.42857142857142855,12.5,241.42857142857142,2.957142857142855
2024-12-02,3.2714285714285674,4.357142857142857,-0.34285714285714447,3.6285714285714294,8.114285714285716,0.0,245.71428571428572,0.42857142857142855,12.0,227.14285714285714,2.142857142857141
2024-12-03,3.31428571428571,3.5571428571428574,-0.4142857142857159,3.8142857142857145,7.928571428571429,0.0,247.14285714285714,0.8571428571428571,11.614285714285716,232.85714285714286,1.6428571428571408
2024-12-04,2.0857142857142814,2.6142857142857143,-0.5000000000000017,3.6571428571428575,7.542857142857143,0.0,261.42857142857144,1.2857142857142858,10.785714285714286,251.42857142857142,1.2571428571428551
2024-12-05,2.0857142857142814,1.6571428571428573,-1.8428571428571445,3.900000000000001,7.742857142857143,0.0,248.57142857142858,2.4285714285714284,11.042857142857144,240.0,0.099999999999998
2024-12-06,0.12857142857142426,1.7428571428571427,-2.1428571428571446,4.257142857142858,8.114285714285714,0.0,245.71428571428572,2.857142857142857,11.685714285714287,255.71428571428572,-0.14285714285714488
2024-12-07,0.08571428571428139,1.1285714285714286,-2.8571428571428585,4.771428571428572,9.071428571428571,0.0,260.0,2.4285714285714284,13.357142857142858,267.14285714285717,-0.7857142857142877
2024-12-08,0.5142857142857099,0.9000000000000001,-3.6428571428571446,4.2857142857142865,8.885714285714284,14.285714285714286,258.57142857142856,20.571428571428573,13.485714285714286,265.7142857142857,-1.542857142857145
2024-12-09,0.6999999999999956,1.7714285714285716,-3.642857142857145,4.3571428571428585,9.271428571428572,32.857142857142854,260.0,24.857142857142858,14.114285714285716,267.14285714285717,-1.4000000000000021
2024-12-10,1.1999999999999957,1.8571428571428572,-3.8000000000000016,4.200000000000001,9.200000000000001,44.285714285714285,241.42857142857142,29.857142857142858,14.0,245.71428571428572,-1.4285714285714304
2024-12-11,1.2428571428571384,2.4857142857142853,-3.1714285714285735,4.457142857142858,9.457142857142857,55.714285714285715,225.71428571428572,29.428571428571427,14.442857142857145,225.71428571428572,-1.0714285714285734
2024-12-12,7.5571428571428525,3.2857142857142856,-1.7571428571428587,4.142857142857143,9.071428571428571,55.714285714285715,244.28571428571428,28.285714285714285,13.671428571428569,241.42857142857142,0.04285714285714093
2024-12-13,7.699999999999996,3.1999999999999997,-2.071428571428573,4.114285714285715,9.328571428571427,55.714285714285715,238.57142857142858,27.857142857142858,14.185714285714285,237.14285714285714,0.1714285714285695
2024-12-14,7.699999999999996,3.114285714285714,-2.2285714285714304,3.828571428571429,8.628571428571428,55.714285714285715,231.42857142857142,27.857142857142858,13.228571428571428,230.0,0.07142857142856947
2024-12-15,7.271428571428567,2.8857142857142857,-2.771428571428573,3.885714285714286,8.371428571428572,41.42857142857143,245.71428571428572,9.714285714285714,12.714285714285712,247.14285714285714,0.2142857142857122
2024-12-16,7.085714285714281,2.1714285714285717,-3.971428571428573,3.4857142857142867,7.8,22.857142857142858,244.28571428571428,5.428571428571429,12.014285714285714,245.71428571428572,-0.7142857142857163
2024-12-17,6.542857142857138,2.7285714285714286,-3.514285714285716,3.9285714285714293,8.371428571428572,11.428571428571429,244.28571428571428,0.0,13.1,247.14285714285714,-0.22857142857143062
2024-12-18,6.714285714285709,3.685714285714286,-3.0428571428571445,4.085714285714286,9.0,0.0,247.14285714285714,0.0,14.314285714285713,250.0,0.5428571428571408
2024-12-19,0.8714285714285663,3.685714285714286,-3.200000000000002,4.014285714285715,8.814285714285713,0.0,228.57142857142858,0.0,14.12857142857143,228.57142857142858,0.5714285714285694
2024-12-20,0.757142857142852,3.457142857142857,-3.5285714285714307,3.828571428571429,8.5,0.0,240.0,0.7142857142857143,13.228571428571428,241.42857142857142,0.38571428571428373
2024-12-21,1.157142857142852,3.142857142857143,-3.52857142857143,3.6285714285714294,8.171428571428573,0.0,250.0,9.857142857142858,12.328571428571427,204.28571428571428,0.17142857142856954
2024-12-22,1.299999999999995,2.5857142857142854,-4.171428571428573,4.1571428571428575,8.742857142857144,11.428571428571429,258.57142857142856,23.714285714285715,12.971428571428573,207.14285714285714,-0.40000000000000185
2024-12-23,1.3428571428571379,0.7000000000000003,-5.428571428571431,4.242857142857144,9.0,25.714285714285715,280.0,24.428571428571427,13.042857142857144,228.57142857142858,-1.4428571428571448
2024-12-24,1.4142857142857093,-1.0428571428571427,-8.271428571428572,4.128571428571429,9.257142857142856,37.142857142857146,280.0,24.428571428571427,13.357142857142858,227.14285714285714,-3.8428571428571447
2024-12-25,1.6714285714285662,-3.1,-10.314285714285717,3.985714285714286,9.200000000000001,48.57142857142857,280.0,29.857142857142858,13.028571428571428,225.71428571428572,-5.671428571428573
2024-12-26,1.1999999999999946,-4.757142857142857,-12.671428571428574,3.842857142857143,8.942857142857143,60.0,298.57142857142856,29.857142857142858,12.514285714285714,202.85714285714286,-7.500000000000002
2024-12-27,1.1285714285714235,-5.942857142857142,-14.171428571428574,3.400000000000001,8.114285714285714,67.14285714285714,262.85714285714283,29.142857142857142,11.499999999999998,167.14285714285714,-9.257142857142858
2024-12-28,0.7285714285714234,-5.942857142857143,-15.200000000000001,3.2428571428571433,7.8,74.28571428571429,227.14285714285714,20.0,11.185714285714285,178.57142857142858,-9.85714285714286
2024-12-29,0.657142857142852,-4.057142857142857,-14.557142857142859,2.785714285714286,7.871428571428571,70.0,207.14285714285714,6.142857142857143,11.314285714285715,160.0,-9.071428571428573
2024-12-30,0.9428571428571377,-0.028571428571427963,-11.242857142857146,2.857142857142857,7.685714285714285,60.0,185.71428571428572,5.428571428571429,11.571428571428571,135.71428571428572,-6.257142857142859
2024-12-31,1.299999999999995,3.1428571428571432,-7.600000000000002,2.9571428571428577,7.185714285714286,48.57142857142857,191.42857142857142,5.428571428571429,10.928571428571429,141.42857142857142,-2.414285714285717
