usgs_report_date,usgs_water_temp_max,usgs_water_temp_min,usgs_water_temp_mean,usgs_conductivity_max,usgs_conductivity_min,usgs_conductivity_mean
2014-09-30,,,,,,
2014-10-01,18.7,17.2,17.9,,,
2014-10-02,17.95,16.5,17.2,179.0,170.0,173.0
2014-10-03,17.633333333333333,16.266666666666666,16.933333333333334,178.0,170.0,173.5
2014-10-04,17.55,16.325,16.924999999999997,178.33333333333334,171.0,174.0
2014-10-05,17.46,16.34,16.9,181.5,168.5,174.5
2014-10-06,17.349999999999998,16.316666666666666,16.816666666666666,182.0,169.4,175.2
2014-10-07,17.185714285714287,16.214285714285715,16.67142857142857,182.33333333333334,170.0,175.83333333333334
2014-10-08,16.8,15.957142857142856,16.357142857142854,182.85714285714286,170.57142857142858,176.14285714285714
2014-10-09,16.62857142857143,15.87142857142857,16.25714285714286,184.85714285714286,171.28571428571428,177.0
2014-10-10,16.371428571428574,15.700000000000001,16.02857142857143,186.14285714285714,171.28571428571428,177.14285714285714
2014-10-11,16.071428571428573,15.37142857142857,15.714285714285714,185.42857142857142,170.85714285714286,176.71428571428572
2014-10-12,15.785714285714286,15.114285714285714,15.428571428571429,183.14285714285714,172.14285714285714,176.14285714285714
2014-10-13,15.542857142857141,14.885714285714284,15.200000000000001,182.57142857142858,172.14285714285714,175.71428571428572
2014-10-14,15.328571428571427,14.7,15.014285714285714,182.28571428571428,172.28571428571428,175.28571428571428
2014-10-15,15.285714285714286,14.542857142857144,14.900000000000002,181.85714285714286,172.28571428571428,175.42857142857142
2014-10-16,15.257142857142856,14.557142857142859,14.857142857142858,180.0,171.71428571428572,174.85714285714286
2014-10-17,15.385714285714286,14.657142857142857,14.957142857142857,179.28571428571428,171.57142857142858,174.42857142857142
2014-10-18,15.471428571428572,14.828571428571431,15.085714285714285,180.28571428571428,171.71428571428572,174.85714285714286
2014-10-19,15.514285714285716,14.842857142857143,15.142857142857142,182.0,171.85714285714286,175.85714285714286
2014-10-20,15.457142857142856,14.62857142857143,15.014285714285714,183.0,172.14285714285714,176.71428571428572
2014-10-21,15.3,14.457142857142857,14.842857142857143,182.0,171.42857142857142,176.14285714285714
2014-10-22,15.0,14.314285714285713,14.642857142857142,182.28571428571428,170.85714285714286,175.57142857142858
2014-10-23,14.642857142857142,13.985714285714286,14.314285714285713,182.85714285714286,171.85714285714286,176.42857142857142
2014-10-24,14.2,13.385714285714286,13.828571428571427,185.85714285714286,171.85714285714286,177.28571428571428
2014-10-25,13.557142857142859,12.757142857142856,13.200000000000001,185.28571428571428,171.71428571428572,176.85714285714286
2014-10-26,13.142857142857142,12.257142857142856,12.742857142857142,184.14285714285714,171.57142857142858,176.14285714285714
2014-10-27,12.814285714285715,12.071428571428571,12.5,183.0,171.14285714285714,175.28571428571428
2014-10-28,12.614285714285714,11.871428571428572,12.299999999999999,183.14285714285714,171.14285714285714,175.28571428571428
2014-10-29,12.428571428571429,11.671428571428573,12.099999999999998,182.0,171.0,174.85714285714286
2014-10-30,12.3,11.542857142857143,11.971428571428573,181.71428571428572,169.85714285714286,174.0
2014-10-31,12.200000000000001,11.657142857142857,11.957142857142856,180.14285714285714,170.28571428571428,173.71428571428572
2014-11-01,12.328571428571427,11.742857142857144,12.057142857142859,180.42857142857142,170.57142857142858,174.28571428571428
2014-11-02,12.214285714285714,11.7,11.971428571428573,181.14285714285714,170.85714285714286,174.71428571428572
2014-11-03,12.014285714285716,11.271428571428572,11.671428571428573,181.42857142857142,170.85714285714286,174.85714285714286
2014-11-04,11.585714285714285,10.77142857142857,11.214285714285714,182.0,170.85714285714286,175.14285714285714
2014-11-05,11.285714285714286,10.371428571428572,10.871428571428572,182.71428571428572,170.85714285714286,175.42857142857142
2014-11-06,11.042857142857143,10.085714285714285,10.6,183.0,171.14285714285714,175.71428571428572
2014-11-07,10.814285714285715,9.87142857142857,10.385714285714286,181.71428571428572,171.0,175.28571428571428
2014-11-08,10.557142857142855,9.542857142857143,10.1,182.42857142857142,171.42857142857142,176.0
2014-11-09,10.299999999999999,9.285714285714286,9.828571428571427,181.85714285714286,171.14285714285714,175.42857142857142
2014-11-10,10.1,9.328571428571427,9.714285714285714,181.57142857142858,171.14285714285714,175.14285714285714
2014-11-11,10.171428571428569,9.428571428571429,9.799999999999999,181.42857142857142,171.71428571428572,175.42857142857142
2014-11-12,10.171428571428573,9.471428571428572,9.814285714285715,181.42857142857142,172.14285714285714,175.85714285714286
2014-11-13,10.114285714285714,9.385714285714286,9.771428571428572,182.0,172.71428571428572,176.14285714285714
2014-11-14,9.942857142857141,9.214285714285714,9.614285714285714,181.14285714285714,172.71428571428572,176.14285714285714
2014-11-15,9.799999999999999,9.071428571428571,9.471428571428572,179.71428571428572,172.14285714285714,175.0
2014-11-16,9.614285714285714,8.942857142857143,9.314285714285715,179.14285714285714,172.28571428571428,174.85714285714286
2014-11-17,9.471428571428572,8.742857142857144,9.12857142857143,179.57142857142858,172.14285714285714,175.14285714285714
2014-11-18,9.328571428571427,8.571428571428571,9.0,181.42857142857142,171.85714285714286,175.28571428571428
2014-11-19,9.114285714285714,8.27142857142857,8.72857142857143,180.71428571428572,171.85714285714286,174.85714285714286
2014-11-20,8.728571428571428,7.8999999999999995,8.32857142857143,179.14285714285714,171.14285714285714,174.14285714285714
2014-11-21,8.442857142857141,7.542857142857144,8.0,180.57142857142858,171.28571428571428,174.42857142857142
2014-11-22,8.114285714285714,7.242857142857142,7.685714285714285,181.42857142857142,171.0,174.42857142857142
2014-11-23,7.828571428571428,6.928571428571429,7.371428571428572,182.42857142857142,171.0,174.85714285714286
2014-11-24,7.785714285714286,6.714285714285714,7.3,182.14285714285714,171.0,174.57142857142858
2014-11-25,7.928571428571429,6.785714285714286,7.3428571428571425,182.42857142857142,171.0,174.71428571428572
2014-11-26,8.057142857142857,6.985714285714286,7.528571428571429,183.42857142857142,171.28571428571428,175.57142857142858
2014-11-27,8.214285714285714,7.057142857142857,7.628571428571427,184.14285714285714,171.85714285714286,176.0
2014-11-28,8.22857142857143,7.128571428571428,7.671428571428572,183.42857142857142,171.85714285714286,176.0
2014-11-29,8.27142857142857,7.185714285714286,7.714285714285714,184.14285714285714,172.28571428571428,176.85714285714286
2014-11-30,8.342857142857143,7.214285714285714,7.799999999999999,185.28571428571428,172.42857142857142,177.28571428571428
2014-12-01,8.085714285714285,7.142857142857143,7.5857142857142845,191.57142857142858,175.14285714285714,181.0
2014-12-02,7.742857142857142,6.8999999999999995,7.3428571428571425,191.85714285714286,175.42857142857142,181.42857142857142
2014-12-03,7.328571428571428,6.514285714285714,6.957142857142857,191.14285714285714,175.0,180.57142857142858
2014-12-04,7.0,6.342857142857143,6.714285714285714,200.14285714285714,174.57142857142858,181.42857142857142
2014-12-05,6.8,6.085714285714286,6.471428571428571,200.14285714285714,174.57142857142858,181.71428571428572
2014-12-06,6.557142857142858,5.8999999999999995,6.257142857142857,199.71428571428572,174.42857142857142,181.0
2014-12-07,6.442857142857143,5.814285714285715,6.128571428571428,200.0,174.42857142857142,180.85714285714286
2014-12-08,6.385714285714286,5.671428571428572,6.042857142857144,193.85714285714286,172.14285714285714,178.0
2014-12-09,6.085714285714286,5.357142857142857,5.728571428571429,192.0,172.14285714285714,177.42857142857142
2014-12-10,5.8999999999999995,5.057142857142857,5.485714285714286,199.57142857142858,172.28571428571428,178.85714285714286
2014-12-11,5.671428571428572,4.728571428571429,5.2,195.0,175.85714285714286,182.0
2014-12-12,5.457142857142857,4.514285714285714,5.0,197.85714285714286,176.14285714285714,182.57142857142858
2014-12-13,5.357142857142857,4.385714285714286,4.885714285714286,197.71428571428572,176.42857142857142,183.0
2014-12-14,5.2,4.257142857142857,4.742857142857143,195.71428571428572,176.57142857142858,182.85714285714286
2014-12-15,5.114285714285715,4.328571428571428,4.728571428571429,195.14285714285714,176.14285714285714,182.0
2014-12-16,5.114285714285714,4.428571428571429,4.771428571428571,194.42857142857142,176.28571428571428,182.0
2014-12-17,5.085714285714286,4.557142857142858,4.814285714285714,188.71428571428572,176.57142857142858,181.71428571428572
2014-12-18,5.214285714285714,4.728571428571429,4.985714285714286,184.28571428571428,173.14285714285714,177.42857142857142
2014-12-19,5.357142857142857,4.871428571428572,5.142857142857143,183.0,173.0,177.57142857142858
2014-12-20,5.3428571428571425,4.828571428571429,5.128571428571428,184.28571428571428,174.0,178.85714285714286
2014-12-21,5.214285714285714,4.685714285714285,5.0,184.57142857142858,174.28571428571428,179.28571428571428
2014-12-22,5.042857142857144,4.485714285714286,4.828571428571428,184.57142857142858,174.57142857142858,179.57142857142858
2014-12-23,4.928571428571429,4.357142857142857,4.7,184.42857142857142,174.42857142857142,179.28571428571428
2014-12-24,4.814285714285715,4.257142857142857,4.585714285714286,182.42857142857142,174.14285714285714,178.28571428571428
2014-12-25,4.671428571428572,4.1571428571428575,4.457142857142857,185.14285714285714,174.71428571428572,179.85714285714286
2014-12-26,4.6571428571428575,4.128571428571428,4.428571428571429,187.71428571428572,176.14285714285714,181.71428571428572
2014-12-27,4.728571428571429,4.285714285714286,4.5285714285714285,187.0,176.0,181.28571428571428
2014-12-28,4.857142857142857,4.485714285714286,4.7,188.42857142857142,176.42857142857142,182.0
2014-12-29,5.042857142857144,4.685714285714285,4.885714285714286,191.85714285714286,177.28571428571428,183.42857142857142
2014-12-30,5.1571428571428575,4.728571428571429,4.985714285714286,192.42857142857142,177.71428571428572,184.0
2014-12-31,5.1571428571428575,4.6571428571428575,4.928571428571429,192.71428571428572,178.14285714285714,184.42857142857142
2015-01-01,5.014285714285714,4.414285714285714,4.757142857142857,191.14285714285714,176.85714285714286,182.71428571428572
2015-01-02,4.642857142857143,4.1,4.4,188.57142857142858,175.71428571428572,180.85714285714286
2015-01-03,4.271428571428571,3.7142857142857144,4.0285714285714285,189.14285714285714,176.0,180.85714285714286
2015-01-04,4.0,3.357142857142857,3.7285714285714286,187.85714285714286,175.14285714285714,179.71428571428572
2015-01-05,3.685714285714286,3.0142857142857147,3.385714285714286,203.85714285714286,174.57142857142858,183.57142857142858
2015-01-06,3.4285714285714284,2.6428571428571432,3.0714285714285716,206.0,174.57142857142858,184.0
2015-01-07,3.1142857142857143,2.3285714285714287,2.771428571428572,206.57142857142858,174.28571428571428,183.85714285714286
2015-01-08,2.8285714285714287,1.957142857142857,2.442857142857143,206.57142857142858,175.42857142857142,184.85714285714286
2015-01-09,2.7142857142857144,1.5999999999999999,2.2,205.28571428571428,175.0,184.14285714285714
2015-01-10,2.457142857142857,1.2714285714285711,1.8857142857142857,205.28571428571428,174.57142857142858,184.0
2015-01-11,2.1,0.9142857142857143,1.4857142857142858,205.42857142857142,175.57142857142858,184.71428571428572
2015-01-12,1.742857142857143,0.5428571428571428,1.1,187.42857142857142,176.14285714285714,180.28571428571428
2015-01-13,1.3714285714285717,0.34285714285714286,0.7999999999999999,186.71428571428572,176.71428571428572,180.42857142857142
2015-01-14,1.4714285714285715,0.2285714285714286,0.8428571428571429,188.14285714285714,177.0,180.71428571428572
2015-01-15,1.6571428571428573,0.39999999999999997,1.0285714285714287,187.28571428571428,176.85714285714286,180.28571428571428
2015-01-16,1.5714285714285714,0.5714285714285714,1.0857142857142856,186.85714285714286,177.28571428571428,180.28571428571428
2015-01-17,1.6142857142857143,0.5571428571428572,1.0857142857142856,186.71428571428572,177.42857142857142,180.28571428571428
2015-01-18,1.757142857142857,0.5428571428571429,1.2142857142857142,188.28571428571428,176.71428571428572,179.85714285714286
2015-01-19,1.8285714285714287,0.5714285714285714,1.2857142857142858,187.71428571428572,176.14285714285714,179.57142857142858
2015-01-20,1.9857142857142858,0.6857142857142857,1.4285714285714286,189.57142857142858,175.71428571428572,180.0
2015-01-21,1.8142857142857143,0.6857142857142857,1.2857142857142858,191.85714285714286,175.85714285714286,182.42857142857142
2015-01-22,1.6285714285714283,0.6714285714285714,1.1428571428571428,191.0,175.85714285714286,182.14285714285714
2015-01-23,1.6428571428571428,0.7000000000000001,1.157142857142857,190.85714285714286,176.0,182.14285714285714
2015-01-24,1.6714285714285713,0.8,1.257142857142857,189.71428571428572,175.57142857142858,181.42857142857142
2015-01-25,1.5857142857142856,0.8571428571428571,1.1857142857142857,188.0,175.85714285714286,181.71428571428572
2015-01-26,1.5714285714285714,0.8428571428571429,1.1857142857142855,188.28571428571428,176.14285714285714,181.71428571428572
2015-01-27,1.557142857142857,0.8428571428571427,1.1714285714285713,184.71428571428572,175.57142857142858,180.28571428571428
2015-01-28,1.5,0.8285714285714285,1.1285714285714286,182.14285714285714,175.57142857142858,178.57142857142858
2015-01-29,1.4285714285714286,0.7142857142857143,1.0714285714285714,183.57142857142858,175.57142857142858,179.0
2015-01-30,1.3714285714285714,0.5714285714285714,1.0,183.85714285714286,175.57142857142858,179.28571428571428
2015-01-31,1.2142857142857142,0.4571428571428572,0.8428571428571427,187.28571428571428,176.0,180.28571428571428
2015-02-01,1.1714285714285715,0.39999999999999997,0.8142857142857142,193.71428571428572,176.71428571428572,181.28571428571428
2015-02-02,1.1285714285714286,0.4571428571428572,0.8142857142857143,193.42857142857142,176.57142857142858,181.14285714285714
2015-02-03,1.0,0.39999999999999997,0.7142857142857143,193.42857142857142,177.0,181.28571428571428
2015-02-04,0.942857142857143,0.4428571428571428,0.7285714285714285,191.57142857142858,177.0,180.28571428571428
2015-02-05,0.9,0.4428571428571429,0.6571428571428571,190.71428571428572,177.28571428571428,180.14285714285714
2015-02-06,0.7714285714285715,0.42857142857142855,0.5571428571428572,190.14285714285714,177.28571428571428,179.71428571428572
2015-02-07,0.7571428571428571,0.4428571428571429,0.5714285714285714,186.57142857142858,176.85714285714286,178.71428571428572
2015-02-08,0.6571428571428573,0.4571428571428572,0.5142857142857143,179.71428571428572,176.14285714285714,177.28571428571428
2015-02-09,0.5285714285714286,0.37142857142857144,0.4142857142857143,178.85714285714286,176.14285714285714,177.0
2015-02-10,0.4142857142857143,0.27142857142857146,0.3142857142857142,179.28571428571428,176.28571428571428,177.0
2015-02-11,0.29999999999999993,0.17142857142857143,0.19999999999999998,179.14285714285714,176.42857142857142,177.0
2015-02-12,0.1857142857142857,0.1285714285714286,0.14285714285714285,178.57142857142858,176.42857142857142,176.85714285714286
2015-02-13,0.15714285714285717,0.1,0.1142857142857143,178.85714285714286,176.57142857142858,177.14285714285714
2015-02-14,0.14285714285714285,0.1142857142857143,0.1142857142857143,178.85714285714286,176.85714285714286,177.42857142857142
2015-02-15,0.14285714285714285,0.1285714285714286,0.1285714285714286,178.85714285714286,177.0,177.57142857142858
2015-02-16,0.17142857142857146,0.14285714285714285,0.14285714285714285,179.28571428571428,177.42857142857142,177.85714285714286
2015-02-17,0.19999999999999998,0.17142857142857143,0.17142857142857143,179.14285714285714,177.71428571428572,178.28571428571428
2015-02-18,0.24285714285714288,0.2,0.2,179.57142857142858,177.71428571428572,178.57142857142858
2015-02-19,0.2857142857142857,0.24285714285714285,0.24285714285714288,180.0,178.0,179.0
2015-02-20,0.32857142857142857,0.2857142857142857,0.3,180.71428571428572,178.28571428571428,179.28571428571428
2015-02-21,0.3714285714285714,0.31428571428571433,0.34285714285714286,180.85714285714286,178.42857142857142,179.42857142857142
2015-02-22,0.4,0.32857142857142857,0.3714285714285714,181.71428571428572,178.85714285714286,180.14285714285714
2015-02-23,0.41428571428571426,0.34285714285714286,0.4,182.57142857142858,179.14285714285714,180.71428571428572
2015-02-24,0.42857142857142855,0.35714285714285715,0.41428571428571426,182.85714285714286,179.28571428571428,181.0
2015-02-25,0.42857142857142855,0.37142857142857144,0.42857142857142855,182.85714285714286,179.71428571428572,181.14285714285714
2015-02-26,0.45714285714285713,0.37142857142857144,0.4428571428571429,184.14285714285714,179.71428571428572,181.28571428571428
2015-02-27,0.4714285714285714,0.38571428571428573,0.4571428571428572,183.71428571428572,179.57142857142858,181.14285714285714
2015-02-28,0.5,0.41428571428571426,0.4714285714285715,183.57142857142858,179.28571428571428,180.85714285714286
2015-03-01,0.5428571428571428,0.4571428571428572,0.5142857142857143,182.71428571428572,179.0,180.14285714285714
2015-03-02,0.5857142857142856,0.5,0.5571428571428572,181.71428571428572,178.57142857142858,179.57142857142858
2015-03-03,0.6285714285714287,0.5285714285714286,0.5857142857142856,181.14285714285714,178.28571428571428,179.0
2015-03-04,0.6571428571428571,0.5571428571428572,0.6142857142857142,180.85714285714286,178.0,178.71428571428572
2015-03-05,0.6571428571428571,0.5857142857142856,0.6285714285714287,179.28571428571428,177.85714285714286,178.42857142857142
2015-03-06,0.6714285714285714,0.6,0.6285714285714284,179.0,177.85714285714286,178.28571428571428
2015-03-07,0.6857142857142857,0.6,0.6428571428571429,179.0,178.0,178.28571428571428
2015-03-08,0.7,0.6142857142857142,0.6571428571428571,179.0,178.0,178.42857142857142
2015-03-09,0.7285714285714286,0.6428571428571429,0.6714285714285715,179.0,177.71428571428572,178.28571428571428
2015-03-10,0.7428571428571429,0.6714285714285715,0.7000000000000001,179.0,177.42857142857142,178.28571428571428
2015-03-11,0.7999999999999999,0.7000000000000001,0.7285714285714285,179.14285714285714,177.42857142857142,178.42857142857142
2015-03-12,0.8857142857142856,0.7285714285714285,0.7857142857142857,179.57142857142858,177.57142857142858,178.57142857142858
2015-03-13,0.9714285714285714,0.7857142857142857,0.8571428571428571,180.0,177.57142857142858,178.85714285714286
2015-03-14,1.042857142857143,0.8571428571428573,0.9285714285714286,180.57142857142858,177.71428571428572,179.14285714285714
2015-03-15,1.1,0.9142857142857144,0.9857142857142858,180.85714285714286,177.57142857142858,179.0
2015-03-16,1.1428571428571428,0.9571428571428572,1.0285714285714285,180.71428571428572,177.57142857142858,178.71428571428572
2015-03-17,1.2142857142857142,1.0,1.0857142857142856,180.57142857142858,177.57142857142858,178.57142857142858
2015-03-18,1.2571428571428573,1.0571428571428572,1.1428571428571428,180.28571428571428,177.28571428571428,178.28571428571428
2015-03-19,1.3,1.1142857142857143,1.1857142857142857,179.57142857142858,176.71428571428572,177.71428571428572
2015-03-20,1.342857142857143,1.1571428571428573,1.2285714285714284,179.28571428571428,176.28571428571428,177.28571428571428
2015-03-21,1.4,1.2,1.2714285714285716,178.42857142857142,175.71428571428572,176.71428571428572
2015-03-22,1.4714285714285715,1.2714285714285716,1.3285714285714287,178.0,175.57142857142858,176.57142857142858
2015-03-23,1.5714285714285714,1.342857142857143,1.4142857142857144,178.14285714285714,175.57142857142858,176.85714285714286
2015-03-24,1.6857142857142857,1.4285714285714286,1.5142857142857142,178.71428571428572,175.57142857142858,176.85714285714286
2015-03-25,1.8,1.5142857142857145,1.6142857142857143,179.28571428571428,175.57142857142858,177.0
2015-03-26,1.8714285714285714,1.5857142857142856,1.6857142857142855,181.85714285714286,176.0,177.57142857142858
2015-03-27,1.9,1.6428571428571428,1.742857142857143,184.0,176.28571428571428,178.14285714285714
2015-03-28,1.9142857142857144,1.6857142857142857,1.7714285714285716,186.0,176.42857142857142,178.42857142857142
2015-03-29,1.9714285714285713,1.6999999999999997,1.8142857142857143,186.0,176.28571428571428,178.42857142857142
2015-03-30,2.042857142857143,1.7428571428571427,1.8714285714285714,185.85714285714286,176.0,178.28571428571428
2015-03-31,2.0714285714285716,1.7571428571428573,1.8857142857142857,187.0,176.28571428571428,179.0
2015-04-01,2.1,1.7428571428571427,1.885714285714286,186.57142857142858,176.14285714285714,178.85714285714286
2015-04-02,2.157142857142857,1.7571428571428573,1.9142857142857144,184.28571428571428,175.28571428571428,178.14285714285714
2015-04-03,2.2142857142857144,1.7714285714285716,1.9428571428571428,182.57142857142858,175.0,177.57142857142858
2015-04-04,2.3428571428571425,1.8,2.0285714285714285,182.28571428571428,174.85714285714286,178.0
2015-04-05,2.442857142857143,1.8857142857142857,2.1142857142857143,184.0,175.0,178.57142857142858
2015-04-06,2.542857142857143,1.9714285714285715,2.2,184.0,174.28571428571428,178.28571428571428
2015-04-07,2.614285714285714,2.0142857142857142,2.257142857142857,183.14285714285714,173.57142857142858,178.0
2015-04-08,2.642857142857143,2.042857142857143,2.3000000000000003,183.0,173.42857142857142,177.85714285714286
2015-04-09,2.642857142857143,2.085714285714286,2.3285714285714287,182.42857142857142,173.57142857142858,177.71428571428572
2015-04-10,2.657142857142857,2.0285714285714285,2.3285714285714287,181.85714285714286,173.14285714285714,177.28571428571428
2015-04-11,2.5,1.9142857142857144,2.2142857142857144,180.71428571428572,172.57142857142858,176.71428571428572
2015-04-12,2.2857142857142856,1.6857142857142857,2.0,179.14285714285714,171.57142857142858,175.57142857142858
2015-04-13,2.1714285714285713,1.4571428571428573,1.8285714285714287,179.0,171.14285714285714,175.28571428571428
2015-04-14,2.1,1.3428571428571427,1.7571428571428573,180.28571428571428,170.42857142857142,174.85714285714286
2015-04-15,2.1999999999999997,1.3857142857142857,1.8285714285714287,182.57142857142858,170.57142857142858,175.42857142857142
2015-04-16,2.414285714285714,1.4571428571428573,1.9714285714285715,183.28571428571428,170.85714285714286,175.85714285714286
2015-04-17,2.6714285714285713,1.6285714285714286,2.1714285714285717,184.0,171.28571428571428,176.28571428571428
2015-04-18,3.0428571428571423,1.942857142857143,2.514285714285714,184.42857142857142,171.85714285714286,176.57142857142858
2015-04-19,3.528571428571428,2.3857142857142857,2.971428571428571,184.71428571428572,172.71428571428572,177.28571428571428
2015-04-20,3.957142857142857,2.885714285714286,3.4285714285714284,186.14285714285714,174.42857142857142,178.42857142857142
2015-04-21,4.3,3.314285714285714,3.8000000000000003,186.57142857142858,176.14285714285714,179.85714285714286
2015-04-22,4.514285714285714,3.5571428571428574,4.028571428571429,185.28571428571428,176.42857142857142,180.0
2015-04-23,4.542857142857143,3.6714285714285713,4.114285714285714,186.28571428571428,176.71428571428572,180.57142857142858
2015-04-24,4.542857142857143,3.7,4.114285714285715,186.57142857142858,176.85714285714286,180.71428571428572
2015-04-25,4.514285714285714,3.742857142857143,4.1,186.0,177.28571428571428,180.85714285714286
2015-04-26,4.442857142857142,3.6999999999999997,4.057142857142858,185.85714285714286,177.14285714285714,180.85714285714286
2015-04-27,4.357142857142857,3.628571428571429,3.9857142857142853,184.0,175.28571428571428,178.85714285714286
2015-04-28,4.357142857142857,3.6142857142857143,3.9857142857142853,180.57142857142858,173.0,176.0
2015-04-29,4.414285714285714,3.6714285714285713,4.028571428571429,179.42857142857142,172.0,174.71428571428572
2015-04-30,4.6571428571428575,3.814285714285714,4.171428571428572,178.42857142857142,171.0,173.57142857142858
2015-05-01,4.814285714285715,4.0285714285714285,4.371428571428571,180.28571428571428,170.42857142857142,174.42857142857142
2015-05-02,5.1000000000000005,4.214285714285714,4.6000000000000005,182.14285714285714,169.28571428571428,174.0
2015-05-03,5.357142857142857,4.371428571428572,4.814285714285715,184.71428571428572,169.28571428571428,175.14285714285714
2015-05-04,5.885714285714285,4.571428571428571,5.185714285714285,189.0,170.57142857142858,178.28571428571428
2015-05-05,6.671428571428572,4.928571428571429,5.828571428571428,193.42857142857142,172.85714285714286,181.57142857142858
2015-05-06,7.257142857142857,5.128571428571428,6.285714285714286,195.14285714285714,173.28571428571428,182.85714285714286
2015-05-07,7.742857142857143,5.271428571428571,6.628571428571429,199.14285714285714,174.42857142857142,184.42857142857142
2015-05-08,8.742857142857142,5.671428571428571,7.257142857142858,201.0,175.42857142857142,185.57142857142858
2015-05-09,9.557142857142855,6.1,7.771428571428571,201.28571428571428,176.85714285714286,186.57142857142858
2015-05-10,10.37142857142857,6.657142857142857,8.357142857142858,201.28571428571428,177.42857142857142,187.14285714285714
2015-05-11,10.442857142857141,6.857142857142857,8.485714285714286,203.57142857142858,177.57142857142858,186.85714285714286
2015-05-12,9.942857142857141,6.799999999999999,8.12857142857143,201.85714285714286,177.0,185.28571428571428
2015-05-13,9.928571428571429,6.9,8.142857142857142,207.42857142857142,178.14285714285714,187.28571428571428
2015-05-14,9.87142857142857,7.085714285714286,8.214285714285714,207.42857142857142,177.85714285714286,187.71428571428572
2015-05-15,9.385714285714286,6.985714285714287,7.8999999999999995,206.85714285714286,177.42857142857142,187.71428571428572
2015-05-16,9.228571428571428,7.014285714285715,7.957142857142857,209.14285714285714,177.14285714285714,188.14285714285714
2015-05-17,9.085714285714285,7.171428571428572,8.042857142857143,208.28571428571428,177.28571428571428,187.14285714285714
2015-05-18,9.271428571428572,7.542857142857144,8.342857142857143,204.0,178.14285714285714,186.71428571428572
2015-05-19,10.200000000000001,7.942857142857142,9.057142857142857,206.14285714285714,178.57142857142858,188.28571428571428
2015-05-20,10.942857142857141,8.72857142857143,9.742857142857144,202.0,178.42857142857142,187.14285714285714
2015-05-21,11.528571428571428,9.214285714285714,10.299999999999999,200.71428571428572,179.14285714285714,186.85714285714286
2015-05-22,12.014285714285716,9.771428571428572,10.914285714285713,202.0,180.28571428571428,188.0
2015-05-23,12.2,9.928571428571429,11.171428571428573,205.57142857142858,180.42857142857142,191.42857142857142
2015-05-24,12.214285714285714,9.642857142857142,10.985714285714284,210.85714285714286,180.85714285714286,195.14285714285714
2015-05-25,12.514285714285716,9.799999999999999,11.185714285714285,217.57142857142858,181.14285714285714,197.85714285714286
2015-05-26,12.371428571428572,10.042857142857144,11.200000000000001,219.0,181.71428571428572,198.85714285714286
2015-05-27,12.157142857142858,9.885714285714286,11.042857142857143,223.28571428571428,181.85714285714286,200.71428571428572
2015-05-28,12.242857142857144,10.057142857142859,11.185714285714285,224.85714285714286,181.85714285714286,202.0
2015-05-29,12.485714285714286,10.342857142857143,11.414285714285715,224.42857142857142,181.28571428571428,200.14285714285714
2015-05-30,13.014285714285716,10.742857142857144,11.642857142857142,221.42857142857142,181.42857142857142,197.42857142857142
2015-05-31,13.557142857142855,11.557142857142859,12.371428571428572,220.0,180.85714285714286,194.57142857142858
2015-06-01,13.742857142857144,11.514285714285714,12.485714285714286,215.57142857142858,180.42857142857142,192.14285714285714
2015-06-02,13.542857142857143,11.385714285714286,12.328571428571431,212.85714285714286,180.0,190.28571428571428
2015-06-03,13.514285714285714,11.242857142857144,12.285714285714286,209.85714285714286,179.71428571428572,188.42857142857142
2015-06-04,13.185714285714285,10.6,11.771428571428572,209.85714285714286,179.71428571428572,188.57142857142858
2015-06-05,13.171428571428573,10.328571428571427,11.671428571428573,210.57142857142858,178.28571428571428,189.42857142857142
2015-06-06,12.985714285714286,10.485714285714284,11.799999999999999,209.42857142857142,176.42857142857142,188.28571428571428
2015-06-07,12.900000000000002,10.142857142857142,11.614285714285714,210.57142857142858,176.28571428571428,189.28571428571428
2015-06-08,12.985714285714284,10.285714285714286,11.757142857142856,213.14285714285714,176.28571428571428,191.28571428571428
2015-06-09,13.4,10.714285714285714,12.171428571428569,214.57142857142858,174.85714285714286,191.0
2015-06-10,13.614285714285714,11.114285714285714,12.414285714285715,213.28571428571428,173.71428571428572,190.0
2015-06-11,14.271428571428572,11.885714285714286,13.114285714285714,213.42857142857142,172.42857142857142,189.14285714285714
2015-06-12,14.471428571428572,12.342857142857143,13.442857142857141,210.85714285714286,173.42857142857142,188.14285714285714
2015-06-13,14.614285714285716,12.314285714285715,13.514285714285716,210.42857142857142,174.57142857142858,188.14285714285714
2015-06-14,15.028571428571428,12.5,13.685714285714285,209.71428571428572,174.71428571428572,188.42857142857142
2015-06-15,15.257142857142856,12.771428571428572,13.857142857142858,206.57142857142858,174.57142857142858,186.71428571428572
2015-06-16,15.742857142857144,12.714285714285714,14.242857142857142,205.71428571428572,175.85714285714286,187.71428571428572
2015-06-17,16.12857142857143,13.257142857142858,14.757142857142856,205.0,176.0,188.0
2015-06-18,16.3,13.728571428571428,15.1,205.28571428571428,175.85714285714286,188.0
2015-06-19,16.7,14.071428571428571,15.457142857142857,205.0,175.0,187.57142857142858
2015-06-20,16.97142857142857,14.214285714285714,15.685714285714287,203.71428571428572,174.42857142857142,186.57142857142858
2015-06-21,17.04285714285714,14.514285714285714,16.02857142857143,199.57142857142858,174.14285714285714,184.28571428571428
2015-06-22,17.22857142857143,14.957142857142857,16.385714285714286,198.28571428571428,173.14285714285714,183.28571428571428
2015-06-23,17.32857142857143,15.428571428571429,16.442857142857143,199.14285714285714,173.0,183.14285714285714
2015-06-24,17.5,15.357142857142858,16.52857142857143,203.28571428571428,173.57142857142858,183.57142857142858
2015-06-25,17.514285714285712,15.328571428571427,16.52857142857143,201.28571428571428,174.14285714285714,183.14285714285714
2015-06-26,17.285714285714285,15.214285714285717,16.32857142857143,203.0,174.71428571428572,183.57142857142858
2015-06-27,17.357142857142858,15.371428571428572,16.385714285714286,203.0,175.42857142857142,184.57142857142858
2015-06-28,17.485714285714288,15.457142857142859,16.45714285714286,203.42857142857142,175.71428571428572,185.14285714285714
2015-06-29,17.62857142857143,15.528571428571428,16.614285714285714,204.42857142857142,176.0,185.28571428571428
2015-06-30,17.67142857142857,15.8,16.8,202.42857142857142,176.14285714285714,184.57142857142858
2015-07-01,18.314285714285713,16.057142857142857,16.957142857142856,197.71428571428572,176.42857142857142,184.14285714285714
2015-07-02,18.571428571428573,16.5,17.3,197.57142857142858,175.71428571428572,183.0
2015-07-03,19.0,16.97142857142857,17.771428571428572,196.28571428571428,175.71428571428572,183.0
2015-07-04,19.400000000000002,17.442857142857143,18.185714285714287,197.14285714285714,175.0,182.42857142857142
2015-07-05,19.685714285714287,18.02857142857143,18.62857142857143,198.85714285714286,174.42857142857142,182.57142857142858
2015-07-06,20.085714285714285,18.485714285714288,18.97142857142857,198.28571428571428,174.57142857142858,182.57142857142858
2015-07-07,20.657142857142855,18.74285714285714,19.342857142857145,198.71428571428572,173.71428571428572,182.42857142857142
2015-07-08,20.614285714285717,19.25714285714286,19.857142857142858,198.42857142857142,173.14285714285714,182.14285714285714
2015-07-09,21.02857142857143,19.37142857142857,20.157142857142855,200.14285714285714,173.71428571428572,182.85714285714286
2015-07-10,21.271428571428572,19.5,20.37142857142857,199.42857142857142,173.85714285714286,182.42857142857142
2015-07-11,21.314285714285713,19.74285714285714,20.542857142857144,197.71428571428572,174.14285714285714,182.28571428571428
2015-07-12,21.657142857142855,19.857142857142858,20.714285714285715,197.71428571428572,173.57142857142858,181.0
2015-07-13,21.985714285714288,20.128571428571426,21.042857142857144,196.71428571428572,173.42857142857142,180.57142857142858
2015-07-14,22.37142857142857,20.514285714285712,21.471428571428568,196.42857142857142,173.71428571428572,180.71428571428572
2015-07-15,22.728571428571428,20.842857142857145,21.785714285714285,196.28571428571428,173.57142857142858,180.42857142857142
2015-07-16,23.014285714285712,20.47142857142857,21.685714285714287,198.57142857142858,173.42857142857142,180.14285714285714
2015-07-17,22.87142857142857,20.12857142857143,21.414285714285715,196.85714285714286,173.0,179.42857142857142
2015-07-18,22.914285714285715,19.885714285714283,21.457142857142856,195.57142857142858,173.14285714285714,179.0
2015-07-19,22.728571428571428,20.028571428571432,21.457142857142856,193.0,173.28571428571428,179.28571428571428
2015-07-20,22.6,19.87142857142857,21.285714285714285,191.57142857142858,172.71428571428572,178.57142857142858
2015-07-21,22.457142857142856,19.7,21.085714285714285,191.14285714285714,172.14285714285714,177.85714285714286
2015-07-22,22.242857142857144,19.342857142857145,20.82857142857143,191.71428571428572,172.14285714285714,177.71428571428572
2015-07-23,22.085714285714285,19.957142857142856,21.085714285714285,185.71428571428572,172.0,177.14285714285714
2015-07-24,22.428571428571427,20.585714285714285,21.62857142857143,185.71428571428572,171.85714285714286,177.14285714285714
2015-07-25,22.614285714285717,21.057142857142857,21.82857142857143,186.14285714285714,171.57142857142858,177.28571428571428
2015-07-26,22.814285714285713,21.12857142857143,21.97142857142857,184.28571428571428,171.71428571428572,176.42857142857142
2015-07-27,22.942857142857143,21.385714285714283,22.185714285714283,184.28571428571428,172.0,176.57142857142858
2015-07-28,23.0,21.657142857142855,22.385714285714283,184.0,172.14285714285714,176.42857142857142
2015-07-29,23.199999999999996,21.97142857142857,22.614285714285717,185.42857142857142,172.28571428571428,178.14285714285714
2015-07-30,23.657142857142855,22.314285714285713,23.02857142857143,186.14285714285714,172.57142857142858,178.57142857142858
2015-07-31,24.042857142857144,22.714285714285715,23.4,185.85714285714286,173.28571428571428,178.85714285714286
2015-08-01,24.414285714285715,23.142857142857142,23.785714285714285,185.85714285714286,173.71428571428572,179.14285714285714
2015-08-02,24.7,23.557142857142853,24.142857142857142,188.57142857142858,174.14285714285714,179.85714285714286
2015-08-03,24.885714285714283,23.75714285714286,24.32857142857143,188.85714285714286,174.28571428571428,180.14285714285714
2015-08-04,24.88571428571429,23.857142857142858,24.400000000000002,188.14285714285714,174.85714285714286,180.71428571428572
2015-08-05,24.800000000000004,23.9,24.385714285714283,186.57142857142858,175.28571428571428,179.85714285714286
2015-08-06,24.5,23.900000000000002,24.214285714285715,186.42857142857142,175.85714285714286,180.14285714285714
2015-08-07,24.228571428571428,23.685714285714283,23.942857142857147,187.0,176.14285714285714,180.42857142857142
2015-08-08,23.957142857142856,23.37142857142857,23.657142857142855,187.71428571428572,176.42857142857142,180.71428571428572
2015-08-09,23.657142857142862,22.842857142857145,23.3,186.28571428571428,176.42857142857142,180.85714285714286
2015-08-10,23.371428571428574,22.47142857142857,22.97142857142857,187.42857142857142,176.71428571428572,181.42857142857142
2015-08-11,23.185714285714283,22.12857142857143,22.728571428571428,189.28571428571428,177.0,181.71428571428572
2015-08-12,22.985714285714284,21.914285714285715,22.514285714285716,188.85714285714286,176.57142857142858,181.28571428571428
2015-08-13,22.785714285714285,21.74285714285714,22.314285714285713,188.28571428571428,176.14285714285714,181.0
2015-08-14,22.614285714285717,21.557142857142857,22.128571428571426,188.85714285714286,175.57142857142858,180.85714285714286
2015-08-15,22.485714285714288,21.457142857142856,22.02857142857143,189.14285714285714,175.71428571428572,181.0
2015-08-16,22.485714285714284,21.685714285714287,22.071428571428573,189.14285714285714,176.14285714285714,181.14285714285714
2015-08-17,22.585714285714285,21.842857142857145,22.199999999999996,190.28571428571428,176.71428571428572,181.57142857142858
2015-08-18,22.814285714285717,22.071428571428573,22.37142857142857,188.0,175.85714285714286,180.57142857142858
2015-08-19,23.185714285714287,22.357142857142858,22.671428571428574,187.28571428571428,175.42857142857142,180.14285714285714
2015-08-20,23.642857142857142,22.7,23.071428571428573,188.14285714285714,175.28571428571428,180.14285714285714
2015-08-21,24.014285714285712,23.08571428571429,23.457142857142856,187.71428571428572,175.14285714285714,180.28571428571428
2015-08-22,24.357142857142858,23.400000000000002,23.771428571428572,187.57142857142858,175.0,180.14285714285714
2015-08-23,24.58571428571429,23.485714285714288,23.971428571428568,188.71428571428572,174.85714285714286,180.57142857142858
2015-08-24,24.642857142857142,23.485714285714288,24.0,187.42857142857142,174.42857142857142,180.14285714285714
2015-08-25,24.585714285714285,23.428571428571427,23.985714285714288,188.28571428571428,175.14285714285714,180.85714285714286
2015-08-26,24.38571428571429,23.3,23.87142857142857,188.57142857142858,175.71428571428572,181.14285714285714
2015-08-27,24.042857142857144,23.028571428571432,23.557142857142853,188.42857142857142,176.42857142857142,181.71428571428572
2015-08-28,23.771428571428572,22.800000000000004,23.314285714285717,188.42857142857142,177.0,181.71428571428572
2015-08-29,23.599999999999998,22.557142857142857,23.099999999999998,188.14285714285714,177.14285714285714,181.85714285714286
2015-08-30,23.442857142857143,22.557142857142853,22.985714285714288,187.42857142857142,177.0,181.71428571428572
2015-08-31,23.557142857142853,22.642857142857142,23.057142857142857,187.28571428571428,177.0,181.42857142857142
2015-09-01,23.67142857142857,22.814285714285713,23.157142857142855,187.28571428571428,176.71428571428572,181.0
2015-09-02,23.714285714285715,22.785714285714285,23.142857142857142,188.85714285714286,176.14285714285714,181.42857142857142
2015-09-03,23.928571428571427,22.885714285714283,23.314285714285713,190.14285714285714,176.14285714285714,181.71428571428572
2015-09-04,24.157142857142855,23.0,23.514285714285712,192.14285714285714,176.0,182.0
2015-09-05,24.142857142857142,23.057142857142857,23.557142857142857,193.57142857142858,175.57142857142858,182.0
2015-09-06,24.285714285714285,23.042857142857144,23.614285714285717,193.42857142857142,175.71428571428572,181.85714285714286
2015-09-07,24.25714285714286,23.12857142857143,23.685714285714283,193.0,175.85714285714286,182.0
2015-09-08,24.228571428571428,23.142857142857142,23.714285714285715,193.0,176.14285714285714,182.28571428571428
2015-09-09,24.300000000000004,23.300000000000004,23.828571428571426,193.85714285714286,176.71428571428572,182.42857142857142
2015-09-10,24.257142857142856,23.385714285714283,23.842857142857145,194.42857142857142,176.28571428571428,182.42857142857142
2015-09-11,24.214285714285715,23.442857142857143,23.814285714285713,191.71428571428572,176.14285714285714,181.71428571428572
2015-09-12,24.3,23.557142857142857,23.900000000000002,191.42857142857142,176.57142857142858,182.0
2015-09-13,24.214285714285715,23.62857142857143,23.9,191.57142857142858,177.0,182.14285714285714
2015-09-14,24.057142857142857,23.442857142857143,23.742857142857144,191.71428571428572,173.14285714285714,182.0
2015-09-15,23.75714285714286,23.17142857142857,23.457142857142856,193.42857142857142,173.14285714285714,182.57142857142858
2015-09-16,23.52857142857143,22.785714285714285,23.157142857142862,190.71428571428572,173.28571428571428,181.85714285714286
2015-09-17,23.38571428571429,22.6,23.0,188.28571428571428,173.14285714285714,180.85714285714286
2015-09-18,23.328571428571426,22.47142857142857,22.900000000000002,189.0,173.28571428571428,181.14285714285714
2015-09-19,23.314285714285717,22.41428571428571,22.87142857142857,189.28571428571428,173.28571428571428,181.0
2015-09-20,23.27142857142857,22.357142857142858,22.814285714285713,189.14285714285714,172.57142857142858,180.57142857142858
2015-09-21,23.214285714285715,22.285714285714285,22.714285714285715,191.85714285714286,176.28571428571428,181.0
2015-09-22,23.085714285714285,22.185714285714287,22.599999999999998,191.28571428571428,176.57142857142858,181.0
2015-09-23,22.857142857142858,22.128571428571426,22.457142857142856,193.0,176.85714285714286,181.71428571428572
2015-09-24,22.62857142857143,21.842857142857145,22.185714285714283,198.0,177.28571428571428,182.85714285714286
2015-09-25,22.32857142857143,21.571428571428573,21.914285714285715,199.71428571428572,177.14285714285714,182.57142857142858
2015-09-26,21.914285714285715,21.157142857142855,21.514285714285712,198.85714285714286,177.14285714285714,182.42857142857142
2015-09-27,21.485714285714288,20.714285714285715,21.099999999999998,202.0,177.71428571428572,183.57142857142858
2015-09-28,21.114285714285717,20.38571428571429,20.75714285714286,202.42857142857142,177.85714285714286,184.0
2015-09-29,20.82857142857143,20.114285714285717,20.47142857142857,203.85714285714286,177.57142857142858,183.71428571428572
2015-09-30,20.614285714285717,19.82857142857143,20.24285714285714,206.28571428571428,172.14285714285714,184.14285714285714
2015-10-01,20.285714285714285,19.485714285714288,19.914285714285715,202.85714285714286,169.42857142857142,182.85714285714286
2015-10-02,19.8,18.842857142857145,19.342857142857145,206.28571428571428,169.28571428571428,184.28571428571428
2015-10-03,19.157142857142855,18.2,18.67142857142857,208.14285714285714,168.85714285714286,184.85714285714286
2015-10-04,18.52857142857143,17.557142857142857,18.02857142857143,207.0,168.42857142857142,184.0
2015-10-05,17.97142857142857,16.942857142857143,17.442857142857143,207.28571428571428,168.28571428571428,183.28571428571428
2015-10-06,17.5,16.414285714285715,16.95714285714286,205.42857142857142,167.85714285714286,182.85714285714286
2015-10-07,17.0,15.985714285714286,16.47142857142857,203.0,173.14285714285714,182.28571428571428
2015-10-08,16.6,15.671428571428573,16.1,202.42857142857142,175.85714285714286,182.85714285714286
2015-10-09,16.32857142857143,15.585714285714287,15.914285714285715,199.57142857142858,176.57142857142858,182.42857142857142
2015-10-10,16.25714285714286,15.485714285714286,15.857142857142858,222.14285714285714,176.57142857142858,182.85714285714286
2015-10-11,16.228571428571428,15.428571428571429,15.814285714285713,220.0,176.42857142857142,182.85714285714286
2015-10-12,16.1,15.385714285714284,15.728571428571428,217.85714285714286,176.42857142857142,182.85714285714286
2015-10-13,15.985714285714286,15.314285714285713,15.62857142857143,220.14285714285714,176.71428571428572,183.28571428571428
2015-10-14,15.842857142857143,15.185714285714285,15.485714285714286,221.42857142857142,176.71428571428572,183.28571428571428
2015-10-15,15.628571428571428,14.985714285714284,15.314285714285713,222.0,176.57142857142858,183.14285714285714
2015-10-16,15.414285714285715,14.757142857142856,15.099999999999998,220.14285714285714,176.28571428571428,182.71428571428572
2015-10-17,15.2,14.642857142857142,14.914285714285713,199.85714285714286,176.28571428571428,181.85714285714286
2015-10-18,14.971428571428573,14.428571428571429,14.7,200.71428571428572,176.28571428571428,181.28571428571428
2015-10-19,14.685714285714285,14.114285714285712,14.428571428571429,198.42857142857142,175.85714285714286,180.57142857142858
2015-10-20,14.271428571428572,13.714285714285712,14.028571428571427,194.85714285714286,175.42857142857142,179.85714285714286
2015-10-21,13.9,13.257142857142856,13.614285714285716,196.42857142857142,175.14285714285714,180.14285714285714
2015-10-22,13.557142857142859,12.971428571428572,13.285714285714286,194.71428571428572,174.85714285714286,179.85714285714286
2015-10-23,13.285714285714286,12.714285714285714,13.014285714285716,197.0,174.85714285714286,180.28571428571428
2015-10-24,13.028571428571428,12.371428571428572,12.685714285714285,191.57142857142858,174.85714285714286,179.85714285714286
2015-10-25,12.685714285714285,12.042857142857143,12.342857142857143,190.57142857142858,174.85714285714286,180.0
2015-10-26,12.414285714285715,11.785714285714286,12.057142857142859,195.0,175.14285714285714,181.14285714285714
2015-10-27,12.257142857142856,11.6,11.871428571428572,195.14285714285714,175.57142857142858,181.28571428571428
2015-10-28,12.1,11.428571428571429,11.714285714285714,190.28571428571428,175.28571428571428,180.14285714285714
2015-10-29,11.885714285714286,11.157142857142858,11.471428571428573,192.42857142857142,175.28571428571428,180.71428571428572
2015-10-30,11.685714285714285,10.914285714285713,11.257142857142856,190.14285714285714,170.0,179.28571428571428
2015-10-31,11.442857142857141,10.714285714285714,11.057142857142859,191.28571428571428,170.0,179.42857142857142
2015-11-01,11.299999999999999,10.6,10.928571428571429,191.14285714285714,170.0,179.28571428571428
2015-11-02,11.157142857142857,10.514285714285714,10.814285714285715,188.42857142857142,170.14285714285714,179.28571428571428
2015-11-03,11.028571428571428,10.428571428571429,10.714285714285714,187.85714285714286,170.14285714285714,179.28571428571428
2015-11-04,10.9,10.37142857142857,10.62857142857143,189.85714285714286,170.85714285714286,180.42857142857142
2015-11-05,10.885714285714286,10.314285714285715,10.585714285714285,190.14285714285714,171.28571428571428,180.85714285714286
2015-11-06,10.885714285714286,10.342857142857143,10.6,190.14285714285714,176.71428571428572,182.14285714285714
2015-11-07,11.057142857142859,10.485714285714286,10.77142857142857,190.42857142857142,177.42857142857142,182.85714285714286
2015-11-08,11.22857142857143,10.6,10.914285714285715,191.42857142857142,177.71428571428572,183.42857142857142
2015-11-09,11.299999999999999,10.657142857142857,10.985714285714284,190.57142857142858,178.0,183.0
2015-11-10,11.299999999999999,10.657142857142858,10.985714285714284,192.42857142857142,178.0,183.57142857142858
2015-11-11,11.342857142857142,10.657142857142858,10.985714285714286,191.14285714285714,177.71428571428572,182.71428571428572
2015-11-12,11.314285714285713,10.714285714285717,11.0,188.57142857142858,177.42857142857142,181.57142857142858
2015-11-13,11.214285714285714,10.685714285714285,10.928571428571429,190.28571428571428,177.0,181.85714285714286
2015-11-14,11.014285714285714,10.514285714285714,10.742857142857144,191.28571428571428,177.28571428571428,182.0
2015-11-15,10.757142857142856,10.257142857142856,10.471428571428572,189.85714285714286,177.28571428571428,181.57142857142858
2015-11-16,10.585714285714285,10.028571428571428,10.271428571428572,189.28571428571428,176.85714285714286,181.28571428571428
2015-11-17,10.471428571428572,9.9,10.157142857142858,187.57142857142858,176.71428571428572,180.71428571428572
2015-11-18,10.27142857142857,9.7,9.985714285714286,187.0,176.42857142857142,180.57142857142858
2015-11-19,10.042857142857143,9.442857142857141,9.742857142857144,188.28571428571428,176.14285714285714,181.0
2015-11-20,9.916666666666666,9.233333333333333,9.583333333333334,185.83333333333334,176.16666666666666,180.0
2015-11-21,9.76,9.059999999999999,9.420000000000002,182.83333333333334,175.33333333333334,178.66666666666666
2015-11-22,9.66,9.06,9.38,184.33333333333334,174.66666666666666,178.16666666666666
2015-11-23,9.559999999999999,9.02,9.3,186.16666666666666,173.5,178.66666666666666
2015-11-24,9.34,8.700000000000001,9.0,186.66666666666666,173.66666666666666,179.16666666666666
2015-11-25,9.08,8.540000000000001,8.76,186.33333333333334,173.83333333333334,179.0
2015-11-26,8.940000000000001,8.4,8.620000000000001,185.16666666666666,173.83333333333334,178.33333333333334
2015-11-27,8.816666666666666,8.283333333333333,8.5,185.57142857142858,174.71428571428572,179.0
2015-11-28,8.885714285714286,8.22857142857143,8.485714285714286,188.28571428571428,174.57142857142858,179.57142857142858
2015-11-29,8.814285714285713,8.114285714285714,8.385714285714284,187.28571428571428,175.14285714285714,180.28571428571428
2015-11-30,8.685714285714287,7.985714285714287,8.257142857142856,185.85714285714286,176.14285714285714,179.57142857142858
2015-12-01,8.614285714285714,7.985714285714286,8.22857142857143,185.0,175.85714285714286,178.85714285714286
2015-12-02,8.528571428571428,7.871428571428571,8.128571428571428,189.57142857142858,176.0,179.71428571428572
2015-12-03,8.485714285714286,7.742857142857143,8.042857142857143,189.57142857142858,174.14285714285714,179.42857142857142
2015-12-04,8.514285714285714,7.742857142857143,8.071428571428571,188.42857142857142,173.0,178.71428571428572
2015-12-05,8.3,7.7,7.971428571428571,185.71428571428572,172.85714285714286,177.85714285714286
2015-12-06,8.200000000000001,7.6,7.885714285714286,185.28571428571428,172.28571428571428,177.14285714285714
2015-12-07,8.157142857142857,7.528571428571428,7.828571428571428,185.71428571428572,172.28571428571428,177.57142857142858
2015-12-08,8.142857142857142,7.485714285714286,7.8,186.0,172.14285714285714,177.57142857142858
2015-12-09,8.142857142857142,7.5,7.814285714285714,181.28571428571428,171.85714285714286,176.71428571428572
2015-12-10,8.042857142857143,7.5,7.757142857142858,181.85714285714286,173.71428571428572,177.28571428571428
2015-12-11,7.985714285714287,7.442857142857142,7.7,186.14285714285714,174.57142857142858,178.57142857142858
2015-12-12,8.071428571428571,7.5,7.771428571428571,187.71428571428572,175.42857142857142,179.85714285714286
2015-12-13,8.085714285714285,7.6000000000000005,7.828571428571428,188.85714285714286,176.28571428571428,180.71428571428572
2015-12-14,8.128571428571428,7.685714285714286,7.885714285714286,189.28571428571428,176.85714285714286,181.14285714285714
2015-12-15,8.12857142857143,7.742857142857143,7.914285714285714,191.0,178.14285714285714,182.42857142857142
2015-12-16,8.2,7.8428571428571425,8.014285714285714,194.71428571428572,178.85714285714286,183.57142857142858
2015-12-17,8.257142857142858,7.8999999999999995,8.085714285714285,194.42857142857142,179.42857142857142,184.14285714285714
2015-12-18,8.27142857142857,7.942857142857143,8.085714285714285,193.14285714285714,178.0,183.71428571428572
2015-12-19,8.214285714285714,7.857142857142857,8.028571428571428,191.71428571428572,177.14285714285714,182.71428571428572
2015-12-20,8.057142857142857,7.585714285714286,7.828571428571428,190.42857142857142,176.71428571428572,182.14285714285714
2015-12-21,7.785714285714286,7.314285714285714,7.571428571428571,189.71428571428572,176.14285714285714,181.57142857142858
2015-12-22,7.528571428571429,7.0,7.285714285714286,189.85714285714286,175.71428571428572,181.42857142857142
2015-12-23,7.4,6.742857142857142,7.085714285714286,194.85714285714286,175.14285714285714,181.28571428571428
2015-12-24,7.357142857142857,6.700000000000001,7.042857142857144,194.85714285714286,174.71428571428572,180.85714285714286
2015-12-25,7.428571428571429,6.728571428571429,7.114285714285714,194.28571428571428,176.71428571428572,181.28571428571428
2015-12-26,7.471428571428571,6.8,7.142857142857143,194.85714285714286,176.85714285714286,181.42857142857142
2015-12-27,7.542857142857144,6.971428571428571,7.242857142857143,197.0,177.28571428571428,182.0
2015-12-28,7.714285714285714,7.085714285714286,7.3999999999999995,197.57142857142858,177.85714285714286,182.42857142857142
2015-12-29,7.785714285714286,7.171428571428572,7.471428571428571,196.85714285714286,177.42857142857142,182.0
2015-12-30,7.642857142857143,7.1000000000000005,7.357142857142857,188.42857142857142,177.14285714285714,180.85714285714286
2015-12-31,7.442857142857143,6.885714285714285,7.1571428571428575,190.57142857142858,176.85714285714286,180.71428571428572
2016-01-01,7.128571428571429,6.642857142857143,6.885714285714286,190.42857142857142,175.85714285714286,180.14285714285714
2016-01-02,6.828571428571429,6.314285714285715,6.6000000000000005,189.57142857142858,175.71428571428572,179.71428571428572
2016-01-03,6.514285714285714,6.0,6.3,187.71428571428572,175.0,179.0
2016-01-04,6.242857142857142,5.771428571428571,6.042857142857144,188.14285714285714,174.71428571428572,179.14285714285714
2016-01-05,6.057142857142857,5.471428571428571,5.8,187.71428571428572,175.28571428571428,179.28571428571428
2016-01-06,5.785714285714286,5.185714285714285,5.528571428571429,189.85714285714286,175.85714285714286,180.42857142857142
2016-01-07,5.457142857142857,4.742857142857143,5.128571428571428,189.71428571428572,177.57142857142858,182.0
2016-01-08,5.271428571428571,4.371428571428572,4.871428571428572,188.14285714285714,177.71428571428572,181.57142857142858
2016-01-09,5.142857142857143,4.257142857142857,4.728571428571429,188.42857142857142,177.71428571428572,181.71428571428572
2016-01-10,5.071428571428571,4.185714285714286,4.657142857142857,196.71428571428572,178.85714285714286,185.28571428571428
2016-01-11,5.114285714285714,4.171428571428572,4.671428571428572,202.28571428571428,179.0,186.42857142857142
2016-01-12,5.142857142857143,4.185714285714286,4.7,203.57142857142858,178.71428571428572,186.71428571428572
2016-01-13,5.114285714285714,4.128571428571428,4.642857142857143,204.42857142857142,179.0,187.57142857142858
2016-01-14,5.1571428571428575,4.214285714285714,4.7,203.28571428571428,178.0,186.28571428571428
2016-01-15,4.957142857142857,4.142857142857143,4.528571428571428,205.71428571428572,178.14285714285714,186.85714285714286
2016-01-16,4.828571428571428,3.985714285714286,4.385714285714285,206.0,178.42857142857142,187.14285714285714
2016-01-17,4.642857142857143,3.814285714285714,4.214285714285714,199.0,178.0,184.28571428571428
2016-01-18,4.342857142857143,3.5714285714285716,3.9285714285714284,194.0,178.14285714285714,183.28571428571428
2016-01-19,4.071428571428571,3.3428571428571425,3.6999999999999997,192.28571428571428,177.85714285714286,182.57142857142858
2016-01-20,3.8428571428571425,3.042857142857143,3.414285714285714,189.42857142857142,177.71428571428572,181.14285714285714
2016-01-21,3.5714285714285716,2.7142857142857144,3.1,188.42857142857142,177.0,180.71428571428572
2016-01-22,3.4285714285714284,2.6,2.957142857142857,186.0,176.42857142857142,179.85714285714286
2016-01-23,3.2285714285714286,2.3428571428571425,2.7428571428571433,187.14285714285714,176.0,179.85714285714286
2016-01-24,3.128571428571429,2.2142857142857144,2.6142857142857143,185.85714285714286,175.14285714285714,179.14285714285714
2016-01-25,3.1,2.1714285714285717,2.585714285714286,183.71428571428572,174.57142857142858,178.14285714285714
2016-01-26,3.0571428571428574,2.0428571428571427,2.4714285714285715,186.0,174.57142857142858,178.57142857142858
2016-01-27,2.985714285714286,2.0571428571428574,2.457142857142857,196.14285714285714,177.14285714285714,183.42857142857142
2016-01-28,3.028571428571429,2.2142857142857144,2.585714285714286,201.28571428571428,178.42857142857142,185.42857142857142
2016-01-29,3.0285714285714285,2.2142857142857144,2.614285714285714,203.57142857142858,179.42857142857142,187.0
2016-01-30,2.9285714285714284,2.242857142857143,2.5714285714285716,204.57142857142858,181.0,188.42857142857142
2016-01-31,2.8285714285714287,2.1285714285714286,2.457142857142857,207.42857142857142,182.85714285714286,190.71428571428572
2016-02-01,2.7142857142857144,1.957142857142857,2.2857142857142856,211.42857142857142,183.85714285714286,193.14285714285714
2016-02-02,2.7142857142857144,2.085714285714286,2.3714285714285714,213.14285714285714,184.71428571428572,194.28571428571428
2016-02-03,2.914285714285714,2.357142857142857,2.6142857142857143,203.71428571428572,182.71428571428572,190.14285714285714
2016-02-04,3.0285714285714285,2.5142857142857147,2.742857142857143,216.42857142857142,182.57142857142858,192.28571428571428
2016-02-05,3.185714285714286,2.685714285714286,2.9,218.28571428571428,182.71428571428572,192.0
2016-02-06,3.371428571428571,2.8285714285714283,3.0714285714285716,216.85714285714286,182.42857142857142,191.42857142857142
2016-02-07,3.4857142857142853,2.9428571428571426,3.1857142857142855,217.14285714285714,182.14285714285714,191.0
2016-02-08,3.4857142857142853,3.0,3.2428571428571433,216.28571428571428,182.28571428571428,190.0
2016-02-09,3.3999999999999995,2.9857142857142853,3.1857142857142855,213.42857142857142,182.14285714285714,189.14285714285714
2016-02-10,3.357142857142857,2.9428571428571426,3.1571428571428575,213.14285714285714,181.71428571428572,188.57142857142858
2016-02-11,3.3000000000000003,2.857142857142857,3.085714285714286,196.57142857142858,181.42857142857142,185.28571428571428
2016-02-12,3.157142857142857,2.6,2.914285714285714,194.14285714285714,181.42857142857142,185.57142857142858
2016-02-13,2.8857142857142857,2.314285714285714,2.642857142857143,194.71428571428572,180.85714285714286,185.71428571428572
2016-02-14,2.6142857142857143,1.9285714285714286,2.3000000000000003,194.14285714285714,180.42857142857142,185.28571428571428
2016-02-15,2.5,1.6,2.085714285714286,192.42857142857142,179.28571428571428,184.28571428571428
2016-02-16,2.3285714285714287,1.2714285714285716,1.8571428571428572,191.71428571428572,179.0,183.85714285714286
2016-02-17,1.9714285714285713,0.8857142857142859,1.4857142857142858,200.28571428571428,179.14285714285714,185.14285714285714
2016-02-18,1.6857142857142857,0.5428571428571429,1.1857142857142855,200.14285714285714,179.14285714285714,185.14285714285714
2016-02-19,1.5,0.35714285714285715,0.9857142857142858,200.28571428571428,179.28571428571428,185.0
2016-02-20,1.5,0.2857142857142857,0.9714285714285714,200.0,179.42857142857142,184.57142857142858
2016-02-21,1.5428571428571427,0.32857142857142857,1.0,201.14285714285714,180.0,185.71428571428572
2016-02-22,1.5,0.5142857142857142,1.0714285714285714,201.14285714285714,181.0,186.57142857142858
2016-02-23,1.557142857142857,0.7142857142857143,1.1714285714285713,203.71428571428572,181.57142857142858,188.14285714285714
2016-02-24,1.7571428571428573,0.8714285714285713,1.3714285714285714,197.28571428571428,181.42857142857142,188.14285714285714
2016-02-25,1.7857142857142858,0.9857142857142858,1.4285714285714286,198.42857142857142,181.71428571428572,188.71428571428572
2016-02-26,1.8142857142857143,1.114285714285714,1.4857142857142855,199.28571428571428,182.14285714285714,189.57142857142858
2016-02-27,1.7857142857142858,1.1857142857142857,1.4714285714285715,200.71428571428572,183.57142857142858,191.14285714285714
2016-02-28,1.7714285714285716,1.2857142857142858,1.5571428571428572,201.57142857142858,183.28571428571428,190.85714285714286
2016-02-29,1.742857142857143,1.2714285714285716,1.5285714285714285,204.14285714285714,182.57142857142858,190.85714285714286
2016-03-01,1.7142857142857142,1.2285714285714284,1.5,203.14285714285714,181.57142857142858,189.71428571428572
2016-03-02,1.657142857142857,1.2142857142857142,1.4428571428571428,201.28571428571428,181.14285714285714,188.28571428571428
2016-03-03,1.7,1.2285714285714284,1.4857142857142855,203.42857142857142,180.42857142857142,188.85714285714286
2016-03-04,1.7142857142857142,1.2142857142857142,1.5,201.14285714285714,178.57142857142858,186.28571428571428
2016-03-05,1.8142857142857145,1.3142857142857143,1.5857142857142856,197.42857142857142,176.14285714285714,183.28571428571428
2016-03-06,1.9000000000000001,1.4000000000000001,1.657142857142857,192.0,174.85714285714286,180.71428571428572
2016-03-07,1.9714285714285715,1.4285714285714286,1.7142857142857142,187.85714285714286,174.14285714285714,179.14285714285714
2016-03-08,1.9714285714285715,1.3857142857142857,1.657142857142857,188.14285714285714,174.0,179.0
2016-03-09,1.9857142857142858,1.3714285714285717,1.6428571428571428,187.71428571428572,174.42857142857142,179.28571428571428
2016-03-10,2.1142857142857143,1.4428571428571428,1.742857142857143,184.42857142857142,174.85714285714286,178.14285714285714
2016-03-11,2.2142857142857144,1.6142857142857143,1.8714285714285717,183.71428571428572,175.57142857142858,178.57142857142858
2016-03-12,2.314285714285714,1.6999999999999997,1.9714285714285715,184.85714285714286,176.42857142857142,179.57142857142858
2016-03-13,2.4714285714285715,1.7285714285714284,2.0714285714285716,186.28571428571428,176.71428571428572,180.42857142857142
2016-03-14,2.6285714285714286,1.8571428571428572,2.1999999999999997,186.71428571428572,177.42857142857142,181.14285714285714
2016-03-15,2.7857142857142856,2.0571428571428574,2.4,185.28571428571428,177.42857142857142,180.85714285714286
2016-03-16,3.057142857142857,2.2857142857142856,2.642857142857143,186.42857142857142,177.71428571428572,181.28571428571428
2016-03-17,3.1999999999999997,2.4285714285714284,2.771428571428572,185.14285714285714,177.28571428571428,180.42857142857142
2016-03-18,3.314285714285714,2.5,2.8857142857142857,186.0,177.28571428571428,180.71428571428572
2016-03-19,3.3857142857142857,2.5714285714285716,2.9714285714285715,185.57142857142858,177.0,180.42857142857142
2016-03-20,3.4,2.6714285714285717,3.0285714285714285,185.0,177.28571428571428,180.14285714285714
2016-03-21,3.4,2.6999999999999997,3.042857142857143,185.0,176.85714285714286,179.71428571428572
2016-03-22,3.4285714285714284,2.7285714285714286,3.085714285714286,185.14285714285714,176.71428571428572,180.14285714285714
2016-03-23,3.357142857142857,2.728571428571428,3.0571428571428574,187.85714285714286,176.42857142857142,180.28571428571428
2016-03-24,3.314285714285714,2.757142857142857,3.057142857142857,188.28571428571428,175.71428571428572,179.71428571428572
2016-03-25,3.2571428571428567,2.7142857142857144,2.9714285714285715,186.28571428571428,175.0,178.57142857142858
2016-03-26,3.1999999999999997,2.6714285714285713,2.9142857142857146,191.0,174.57142857142858,179.42857142857142
2016-03-27,3.228571428571428,2.6857142857142855,2.9142857142857146,194.85714285714286,174.57142857142858,182.71428571428572
2016-03-28,3.3428571428571425,2.642857142857143,2.971428571428571,195.28571428571428,174.14285714285714,182.85714285714286
2016-03-29,3.4571428571428564,2.742857142857143,3.1,195.71428571428572,174.85714285714286,183.14285714285714
2016-03-30,3.5,2.8,3.157142857142857,192.0,174.57142857142858,182.42857142857142
2016-03-31,3.585714285714286,2.7857142857142856,3.2,192.42857142857142,175.0,183.14285714285714
2016-04-01,3.8000000000000003,2.9857142857142853,3.414285714285714,196.14285714285714,177.14285714285714,186.14285714285714
2016-04-02,4.071428571428571,3.242857142857143,3.6857142857142855,193.85714285714286,178.0,186.71428571428572
2016-04-03,4.2,3.4285714285714284,3.857142857142857,190.0,177.71428571428572,183.42857142857142
2016-04-04,4.214285714285714,3.557142857142857,3.9142857142857146,190.0,178.71428571428572,184.0
2016-04-05,4.114285714285714,3.5142857142857147,3.8285714285714283,188.42857142857142,178.42857142857142,183.0
2016-04-06,4.128571428571429,3.4714285714285715,3.814285714285714,187.71428571428572,178.0,182.28571428571428
2016-04-07,4.166666666666667,3.5833333333333335,3.883333333333333,187.16666666666666,178.66666666666666,182.83333333333334
2016-04-08,4.12,3.5200000000000005,3.84,184.4,177.0,180.6
2016-04-09,3.9250000000000003,3.3,3.625,181.25,176.25,178.5
2016-04-10,3.7,2.975,3.35,183.75,176.25,178.25
2016-04-11,3.65,2.9,3.3,186.25,175.75,179.5
2016-04-12,3.75,3.025,3.4,191.5,175.5,181.25
2016-04-13,3.825,3.175,3.5250000000000004,195.0,176.75,183.25
2016-04-14,3.9799999999999995,3.2600000000000002,3.62,192.0,177.2,182.4
2016-04-15,4.116666666666666,3.3499999999999996,3.75,190.16666666666666,177.16666666666666,182.0
2016-04-16,4.314285714285714,3.5,3.9142857142857146,189.0,177.0,181.71428571428572
2016-04-17,4.557142857142857,3.7714285714285714,4.171428571428572,187.28571428571428,176.71428571428572,181.42857142857142
2016-04-18,4.728571428571429,4.0,4.342857142857143,184.85714285714286,176.14285714285714,179.71428571428572
2016-04-19,4.985714285714286,4.171428571428572,4.542857142857143,181.57142857142858,175.85714285714286,178.28571428571428
2016-04-20,5.228571428571429,4.371428571428572,4.757142857142857,180.14285714285714,175.85714285714286,177.85714285714286
2016-04-21,5.371428571428571,4.5285714285714285,4.928571428571429,180.28571428571428,174.85714285714286,177.42857142857142
2016-04-22,5.466666666666666,4.65,5.016666666666667,180.16666666666666,174.5,177.0
2016-04-23,5.459999999999999,4.7,5.04,179.8,174.2,176.4
2016-04-24,5.64,4.819999999999999,5.22,180.6,174.4,177.4
2016-04-25,5.74,4.9,5.319999999999999,181.0,175.0,178.0
2016-04-26,5.7,4.86,5.3,181.0,175.2,178.2
2016-04-27,5.6,4.84,5.24,181.4,174.4,178.0
2016-04-28,5.6,4.86,5.220000000000001,182.2,175.0,179.0
2016-04-29,5.583333333333333,4.833333333333333,5.2,182.0,175.16666666666666,179.0
2016-04-30,5.6000000000000005,4.8428571428571425,5.214285714285714,181.85714285714286,175.57142857142858,179.0
2016-05-01,5.542857142857143,4.814285714285715,5.1571428571428575,181.42857142857142,175.71428571428572,178.57142857142858
2016-05-02,5.685714285714286,4.814285714285715,5.214285714285714,182.42857142857142,175.85714285714286,179.0
2016-05-03,5.885714285714286,5.1000000000000005,5.457142857142857,183.57142857142858,176.71428571428572,179.85714285714286
2016-05-04,6.128571428571428,5.271428571428571,5.685714285714285,185.85714285714286,177.71428571428572,181.14285714285714
2016-05-05,6.216666666666666,5.3500000000000005,5.783333333333332,186.0,178.16666666666666,181.16666666666666
2016-05-06,6.5,5.516666666666667,6.05,187.33333333333334,178.5,182.16666666666666
2016-05-07,6.583333333333333,5.566666666666667,6.116666666666667,187.83333333333334,178.16666666666666,182.33333333333334
2016-05-08,7.133333333333333,5.6000000000000005,6.3999999999999995,189.33333333333334,178.16666666666666,183.0
2016-05-09,7.483333333333333,6.033333333333334,6.866666666666667,190.66666666666666,178.83333333333334,184.5
2016-05-10,7.6000000000000005,6.033333333333332,6.933333333333333,190.66666666666666,178.33333333333334,184.16666666666666
2016-05-11,7.833333333333333,6.066666666666666,7.016666666666667,188.16666666666666,177.5,182.83333333333334
2016-05-12,7.771428571428572,6.128571428571428,7.0,187.57142857142858,177.57142857142858,182.57142857142858
2016-05-13,8.0,6.228571428571429,7.042857142857143,188.14285714285714,177.71428571428572,182.14285714285714
2016-05-14,8.485714285714286,6.585714285714286,7.514285714285713,189.71428571428572,178.57142857142858,183.28571428571428
2016-05-15,8.742857142857144,7.142857142857143,7.9,190.57142857142858,179.28571428571428,184.14285714285714
2016-05-16,8.971428571428572,7.442857142857142,8.142857142857142,191.14285714285714,180.14285714285714,184.57142857142858
2016-05-17,9.271428571428572,7.728571428571429,8.414285714285715,192.57142857142858,180.71428571428572,185.28571428571428
2016-05-18,9.5,8.042857142857143,8.685714285714285,193.28571428571428,181.0,185.71428571428572
2016-05-19,9.828571428571427,8.285714285714286,8.971428571428572,193.14285714285714,180.85714285714286,185.57142857142858
2016-05-20,10.014285714285714,8.614285714285714,9.314285714285715,192.14285714285714,180.71428571428572,185.57142857142858
2016-05-21,10.442857142857141,8.814285714285713,9.528571428571428,191.42857142857142,180.42857142857142,185.28571428571428
2016-05-22,10.87142857142857,8.985714285714284,9.857142857142858,192.0,180.42857142857142,185.28571428571428
2016-05-23,11.22857142857143,9.242857142857144,10.171428571428573,191.0,179.85714285714286,184.0
2016-05-24,11.757142857142856,9.642857142857142,10.671428571428573,190.28571428571428,179.85714285714286,183.71428571428572
2016-05-25,12.614285714285716,10.157142857142857,11.285714285714286,190.0,180.14285714285714,183.85714285714286
2016-05-26,13.342857142857143,10.885714285714286,12.028571428571428,190.71428571428572,180.71428571428572,184.42857142857142
2016-05-27,13.942857142857145,11.485714285714284,12.6,191.28571428571428,181.28571428571428,185.0
2016-05-28,14.685714285714285,12.042857142857143,13.27142857142857,191.71428571428572,182.14285714285714,185.14285714285714
2016-05-29,15.22857142857143,12.8,13.914285714285715,191.28571428571428,183.0,185.85714285714286
2016-05-30,15.957142857142856,13.285714285714286,14.528571428571428,195.85714285714286,184.14285714285714,188.28571428571428
2016-05-31,16.742857142857144,14.142857142857142,15.314285714285715,199.0,186.28571428571428,191.28571428571428
2016-06-01,17.242857142857144,14.785714285714286,15.985714285714286,201.57142857142858,187.42857142857142,193.57142857142858
2016-06-02,17.54285714285714,14.87142857142857,16.214285714285715,204.71428571428572,188.71428571428572,195.42857142857142
2016-06-03,18.04285714285714,15.271428571428572,16.67142857142857,206.71428571428572,189.57142857142858,196.57142857142858
2016-06-04,18.014285714285712,15.714285714285714,16.885714285714286,207.14285714285714,189.57142857142858,197.14285714285714
2016-06-05,18.057142857142857,15.814285714285715,16.928571428571427,207.85714285714286,189.14285714285714,196.71428571428572
2016-06-06,17.985714285714284,16.014285714285712,16.985714285714288,204.57142857142858,188.28571428571428,195.0
2016-06-07,17.957142857142856,15.985714285714284,16.942857142857143,204.57142857142858,186.42857142857142,194.71428571428572
2016-06-08,17.785714285714285,16.071428571428573,16.857142857142858,204.85714285714286,186.0,193.57142857142858
2016-06-09,17.97142857142857,16.5,17.114285714285714,204.57142857142858,186.42857142857142,193.85714285714286
2016-06-10,17.842857142857145,16.442857142857143,17.057142857142857,207.42857142857142,187.14285714285714,195.0
2016-06-11,17.514285714285716,15.871428571428572,16.657142857142855,208.71428571428572,187.42857142857142,195.57142857142858
2016-06-12,17.099999999999998,15.27142857142857,16.3,209.42857142857142,187.42857142857142,195.85714285714286
2016-06-13,16.67142857142857,14.942857142857141,15.899999999999997,212.42857142857142,187.71428571428572,196.71428571428572
2016-06-14,16.04285714285714,14.442857142857145,15.357142857142858,214.28571428571428,187.14285714285714,196.14285714285714
2016-06-15,15.785714285714286,13.957142857142856,14.914285714285713,213.14285714285714,186.0,195.0
2016-06-16,15.728571428571428,13.585714285714287,14.671428571428573,212.14285714285714,184.71428571428572,193.42857142857142
2016-06-17,15.857142857142858,13.457142857142857,14.671428571428569,207.71428571428572,183.0,191.0
2016-06-18,16.314285714285713,13.757142857142856,14.971428571428573,206.42857142857142,182.0,189.71428571428572
2016-06-19,16.9,14.257142857142856,15.4,204.57142857142858,182.14285714285714,189.28571428571428
2016-06-20,17.714285714285715,14.799999999999999,16.142857142857142,203.42857142857142,183.0,190.0
2016-06-21,18.6,15.557142857142855,16.95714285714286,200.71428571428572,184.0,189.57142857142858
2016-06-22,19.157142857142855,16.400000000000002,17.742857142857144,202.71428571428572,185.28571428571428,191.0
2016-06-23,19.457142857142856,17.02857142857143,18.257142857142856,203.71428571428572,184.85714285714286,191.28571428571428
2016-06-24,19.785714285714285,17.7,18.74285714285714,204.28571428571428,185.71428571428572,192.0
2016-06-25,20.057142857142853,18.32857142857143,19.228571428571428,206.57142857142858,186.57142857142858,193.57142857142858
2016-06-26,20.3,18.771428571428572,19.557142857142857,210.28571428571428,187.71428571428572,195.42857142857142
2016-06-27,20.514285714285712,18.97142857142857,19.685714285714283,209.28571428571428,187.71428571428572,195.42857142857142
2016-06-28,20.557142857142857,19.17142857142857,19.82857142857143,213.28571428571428,187.71428571428572,196.42857142857142
2016-06-29,20.599999999999998,19.1,19.857142857142858,216.57142857142858,187.85714285714286,196.85714285714286
2016-06-30,20.514285714285712,19.071428571428573,19.785714285714285,214.71428571428572,188.42857142857142,196.71428571428572
2016-07-01,20.62857142857143,19.0,19.75714285714286,219.57142857142858,188.85714285714286,198.28571428571428
2016-07-02,20.67142857142857,19.071428571428573,19.828571428571426,220.14285714285714,189.0,198.0
2016-07-03,20.62857142857143,19.271428571428572,19.914285714285715,218.57142857142858,188.42857142857142,197.0
2016-07-04,20.571428571428573,19.38571428571429,19.928571428571427,218.42857142857142,188.28571428571428,196.42857142857142
2016-07-05,20.714285714285715,19.428571428571427,20.0,215.28571428571428,188.57142857142858,195.71428571428572
2016-07-06,20.928571428571427,19.714285714285715,20.214285714285715,210.85714285714286,188.14285714285714,195.14285714285714
2016-07-07,21.428571428571427,20.114285714285717,20.685714285714283,215.0,188.71428571428572,196.28571428571428
2016-07-08,21.785714285714285,20.585714285714285,21.17142857142857,215.0,189.85714285714286,197.42857142857142
2016-07-09,22.142857142857142,20.871428571428574,21.400000000000002,242.0,191.71428571428572,202.0
2016-07-10,22.25714285714286,20.97142857142857,21.514285714285712,243.0,191.57142857142858,202.28571428571428
2016-07-11,22.25714285714286,20.971428571428568,21.571428571428573,245.42857142857142,186.57142857142858,202.57142857142858
2016-07-12,22.314285714285713,20.785714285714285,21.485714285714284,251.0,186.42857142857142,202.57142857142858
2016-07-13,22.3,20.714285714285715,21.471428571428568,253.42857142857142,186.71428571428572,203.42857142857142
2016-07-14,22.285714285714285,20.728571428571428,21.428571428571427,251.0,186.14285714285714,203.0
2016-07-15,22.22857142857143,20.714285714285715,21.37142857142857,249.28571428571428,181.42857142857142,202.0
2016-07-16,22.24285714285714,20.8,21.485714285714288,221.14285714285714,179.28571428571428,198.0
2016-07-17,22.485714285714284,20.942857142857143,21.714285714285715,221.14285714285714,180.14285714285714,198.85714285714286
2016-07-18,22.785714285714285,21.12857142857143,21.885714285714283,219.42857142857142,185.14285714285714,199.14285714285714
2016-07-19,22.857142857142858,21.5,22.128571428571426,214.14285714285714,186.28571428571428,199.85714285714286
2016-07-20,22.871428571428574,21.514285714285712,22.11428571428571,215.0,186.28571428571428,200.28571428571428
2016-07-21,22.828571428571426,21.357142857142858,21.985714285714288,215.0,187.42857142857142,201.0
2016-07-22,22.8,21.271428571428572,21.942857142857143,215.28571428571428,191.42857142857142,201.42857142857142
2016-07-23,22.771428571428572,21.3,21.957142857142856,218.14285714285714,193.28571428571428,202.42857142857142
2016-07-24,22.771428571428576,21.328571428571426,21.928571428571427,218.57142857142858,190.14285714285714,200.85714285714286
2016-07-25,22.657142857142862,21.385714285714283,21.942857142857143,216.71428571428572,188.57142857142858,199.57142857142858
2016-07-26,22.62857142857143,21.32857142857143,21.9,214.28571428571428,187.28571428571428,198.28571428571428
2016-07-27,22.74285714285714,21.557142857142857,22.071428571428573,211.57142857142858,187.42857142857142,197.85714285714286
2016-07-28,22.942857142857147,21.842857142857145,22.357142857142858,212.42857142857142,187.57142857142858,198.0
2016-07-29,23.157142857142855,22.128571428571426,22.614285714285717,211.14285714285714,187.14285714285714,196.85714285714286
2016-07-30,23.2,22.157142857142862,22.7,209.14285714285714,185.42857142857142,195.71428571428572
2016-07-31,23.185714285714287,22.1,22.657142857142855,209.85714285714286,187.57142857142858,196.42857142857142
2016-08-01,23.342857142857145,21.98571428571429,22.62857142857143,212.85714285714286,188.28571428571428,196.57142857142858
2016-08-02,23.514285714285716,22.214285714285715,22.857142857142858,213.14285714285714,188.14285714285714,196.14285714285714
2016-08-03,23.714285714285715,22.285714285714285,22.97142857142857,212.57142857142858,188.14285714285714,195.85714285714286
2016-08-04,23.857142857142858,22.414285714285715,23.085714285714285,212.57142857142858,187.71428571428572,195.42857142857142
2016-08-05,23.928571428571427,22.514285714285716,23.142857142857142,211.28571428571428,187.71428571428572,195.28571428571428
2016-08-06,24.12857142857143,22.785714285714285,23.342857142857145,210.57142857142858,188.71428571428572,195.42857142857142
2016-08-07,24.414285714285715,23.17142857142857,23.685714285714287,209.28571428571428,189.14285714285714,195.28571428571428
2016-08-08,24.557142857142857,23.61428571428571,24.0,206.85714285714286,190.0,195.71428571428572
2016-08-09,24.657142857142862,23.62857142857143,24.042857142857144,207.14285714285714,190.71428571428572,196.28571428571428
2016-08-10,24.714285714285715,23.771428571428572,24.17142857142857,206.57142857142858,190.57142857142858,195.85714285714286
2016-08-11,24.728571428571428,23.885714285714283,24.25714285714286,204.85714285714286,190.57142857142858,195.42857142857142
2016-08-12,24.771428571428572,23.928571428571427,24.3,204.85714285714286,190.0,195.0
2016-08-13,24.75714285714286,23.985714285714284,24.328571428571426,204.14285714285714,189.14285714285714,194.57142857142858
2016-08-14,24.7,23.88571428571429,24.214285714285715,205.42857142857142,186.71428571428572,194.28571428571428
2016-08-15,24.671428571428574,23.82857142857143,24.185714285714287,205.42857142857142,186.71428571428572,194.28571428571428
2016-08-16,24.67142857142857,23.885714285714283,24.199999999999996,206.42857142857142,186.57142857142858,194.71428571428572
2016-08-17,24.542857142857144,23.771428571428572,24.085714285714285,208.57142857142858,182.28571428571428,194.71428571428572
2016-08-18,24.385714285714283,23.642857142857142,23.942857142857143,210.57142857142858,177.42857142857142,194.42857142857142
2016-08-19,24.242857142857144,23.514285714285712,23.8,210.28571428571428,178.0,194.85714285714286
2016-08-20,24.185714285714283,23.414285714285715,23.714285714285715,212.42857142857142,178.85714285714286,195.85714285714286
2016-08-21,24.12857142857143,23.37142857142857,23.714285714285715,210.85714285714286,181.0,196.57142857142858
2016-08-22,24.057142857142853,23.385714285714283,23.685714285714283,213.28571428571428,180.42857142857142,196.71428571428572
2016-08-23,23.97142857142857,23.2,23.557142857142853,213.57142857142858,180.85714285714286,197.14285714285714
2016-08-24,23.842857142857145,23.057142857142857,23.428571428571427,211.0,186.0,197.28571428571428
2016-08-25,23.814285714285717,22.942857142857147,23.357142857142858,208.42857142857142,190.71428571428572,197.28571428571428
2016-08-26,23.699999999999996,22.885714285714283,23.271428571428572,208.0,190.42857142857142,196.85714285714286
2016-08-27,23.671428571428574,22.771428571428572,23.171428571428574,205.85714285714286,189.57142857142858,195.42857142857142
2016-08-28,23.599999999999998,22.714285714285715,23.099999999999998,206.0,189.14285714285714,195.71428571428572
2016-08-29,23.5,22.542857142857144,22.97142857142857,202.85714285714286,189.0,195.14285714285714
2016-08-30,23.442857142857143,22.52857142857143,22.97142857142857,200.85714285714286,188.0,193.85714285714286
2016-08-31,23.457142857142856,22.54285714285714,22.97142857142857,200.14285714285714,187.14285714285714,193.28571428571428
2016-09-01,23.357142857142858,22.571428571428573,22.957142857142856,213.42857142857142,186.71428571428572,193.42857142857142
2016-09-02,23.328571428571426,22.514285714285712,22.914285714285715,214.28571428571428,185.71428571428572,192.85714285714286
2016-09-03,23.11428571428571,22.385714285714283,22.77142857142857,213.14285714285714,185.57142857142858,192.42857142857142
2016-09-04,22.928571428571427,22.2,22.58571428571429,212.85714285714286,186.14285714285714,191.28571428571428
2016-09-05,22.842857142857145,22.099999999999998,22.485714285714288,215.14285714285714,186.57142857142858,191.85714285714286
2016-09-06,22.82857142857143,22.071428571428573,22.442857142857143,215.71428571428572,186.85714285714286,191.85714285714286
2016-09-07,22.82857142857143,22.071428571428573,22.457142857142856,216.14285714285714,187.28571428571428,192.0
2016-09-08,22.97142857142857,22.057142857142857,22.485714285714284,204.57142857142858,187.14285714285714,191.71428571428572
2016-09-09,23.057142857142857,22.185714285714287,22.614285714285717,206.28571428571428,187.85714285714286,192.28571428571428
2016-09-10,23.25714285714286,22.371428571428574,22.8,206.57142857142858,187.42857142857142,192.14285714285714
2016-09-11,23.428571428571427,22.557142857142853,22.98571428571429,204.14285714285714,186.57142857142858,191.42857142857142
2016-09-12,23.542857142857144,22.685714285714287,23.12857142857143,202.42857142857142,182.71428571428572,190.85714285714286
2016-09-13,23.52857142857143,22.685714285714287,23.114285714285717,201.42857142857142,182.0,190.71428571428572
2016-09-14,23.5,22.685714285714283,23.1,201.71428571428572,181.42857142857142,190.42857142857142
2016-09-15,23.300000000000004,22.58571428571429,22.985714285714288,200.57142857142858,181.42857142857142,190.42857142857142
2016-09-16,23.042857142857144,22.271428571428572,22.685714285714283,197.71428571428572,181.57142857142858,190.0
2016-09-17,22.74285714285714,21.91428571428571,22.357142857142858,197.28571428571428,181.71428571428572,190.0
2016-09-18,22.428571428571427,21.614285714285717,22.04285714285714,197.14285714285714,182.0,190.0
2016-09-19,22.142857142857142,21.357142857142858,21.75714285714286,199.14285714285714,185.42857142857142,190.28571428571428
2016-09-20,21.957142857142856,21.228571428571428,21.585714285714285,199.0,186.0,190.14285714285714
2016-09-21,21.87142857142857,21.12857142857143,21.47142857142857,198.57142857142858,185.85714285714286,190.14285714285714
2016-09-22,21.814285714285713,21.071428571428573,21.400000000000002,198.71428571428572,186.0,190.14285714285714
2016-09-23,21.842857142857145,21.114285714285717,21.442857142857147,199.71428571428572,186.14285714285714,190.42857142857142
2016-09-24,21.82857142857143,21.071428571428573,21.428571428571427,206.28571428571428,184.28571428571428,190.57142857142858
2016-09-25,21.714285714285715,20.928571428571427,21.3,208.57142857142858,184.57142857142858,191.42857142857142
2016-09-26,21.485714285714288,20.685714285714283,21.071428571428573,206.85714285714286,185.14285714285714,191.71428571428572
2016-09-27,21.1,20.3,20.685714285714283,209.28571428571428,184.85714285714286,192.14285714285714
2016-09-28,20.685714285714287,19.87142857142857,20.271428571428572,210.28571428571428,185.0,192.28571428571428
2016-09-29,20.342857142857145,19.514285714285712,19.914285714285715,210.0,184.71428571428572,192.0
2016-09-30,19.97142857142857,19.142857142857142,19.557142857142857,210.0,184.42857142857142,191.57142857142858
2016-10-01,19.599999999999998,18.885714285714283,19.228571428571428,203.28571428571428,186.71428571428572,191.57142857142858
2016-10-02,19.32857142857143,18.67142857142857,18.985714285714288,201.71428571428572,186.57142857142858,191.0
2016-10-03,19.11428571428571,18.485714285714288,18.785714285714285,201.85714285714286,186.28571428571428,190.71428571428572
2016-10-04,18.97142857142857,18.385714285714283,18.685714285714287,199.85714285714286,186.42857142857142,190.14285714285714
2016-10-05,18.900000000000002,18.3,18.599999999999998,198.85714285714286,186.42857142857142,190.0
2016-10-06,18.785714285714285,18.2,18.5,198.14285714285714,186.71428571428572,190.28571428571428
2016-10-07,18.714285714285715,18.114285714285717,18.414285714285715,198.0,186.71428571428572,190.57142857142858
2016-10-08,18.7,18.057142857142857,18.385714285714283,198.71428571428572,186.57142857142858,190.57142857142858
2016-10-09,18.7,17.97142857142857,18.32857142857143,197.57142857142858,186.28571428571428,190.42857142857142
2016-10-10,18.62857142857143,17.871428571428574,18.24285714285714,196.85714285714286,185.71428571428572,189.71428571428572
2016-10-11,18.485714285714288,17.642857142857146,18.04285714285714,196.28571428571428,185.71428571428572,189.85714285714286
2016-10-12,18.185714285714287,17.342857142857145,17.757142857142856,197.0,185.28571428571428,189.71428571428572
2016-10-13,17.82857142857143,17.042857142857144,17.428571428571427,196.42857142857142,184.71428571428572,188.85714285714286
2016-10-14,17.414285714285715,16.614285714285714,16.985714285714288,198.85714285714286,184.42857142857142,188.42857142857142
2016-10-15,16.942857142857143,16.128571428571426,16.514285714285712,197.28571428571428,183.71428571428572,187.71428571428572
2016-10-16,16.45714285714286,15.685714285714285,16.071428571428573,197.14285714285714,183.0,187.28571428571428
2016-10-17,16.233333333333334,15.450000000000001,15.833333333333334,197.16666666666666,182.83333333333334,187.16666666666666
2016-10-18,16.06,15.3,15.679999999999998,198.0,182.2,186.6
2016-10-19,15.940000000000001,15.12,15.5,197.2,182.0,186.6
2016-10-20,15.8,14.9,15.3,197.8,181.8,186.8
2016-10-21,15.559999999999999,14.760000000000002,15.12,193.6,181.4,186.8
2016-10-22,15.36,14.66,14.959999999999999,196.6,182.4,188.2
2016-10-23,15.180000000000001,14.220000000000002,14.7,199.6,182.2,190.2
2016-10-24,14.716666666666669,13.783333333333333,14.216666666666667,198.16666666666666,182.83333333333334,189.83333333333334
2016-10-25,14.271428571428572,13.414285714285715,13.814285714285715,196.71428571428572,182.85714285714286,189.0
2016-10-26,13.571428571428571,12.842857142857142,13.200000000000001,194.85714285714286,183.0,188.28571428571428
2016-10-27,12.957142857142857,12.242857142857144,12.6,193.57142857142858,183.0,187.85714285714286
2016-10-28,12.471428571428572,11.728571428571428,12.114285714285714,193.57142857142858,182.85714285714286,187.42857142857142
2016-10-29,12.028571428571428,11.285714285714286,11.671428571428573,192.71428571428572,182.14285714285714,186.57142857142858
2016-10-30,11.6,11.028571428571427,11.299999999999999,191.57142857142858,181.85714285714286,185.85714285714286
2016-10-31,11.471428571428572,10.928571428571429,11.22857142857143,192.0,182.0,186.14285714285714
2016-11-01,11.37142857142857,10.857142857142858,11.142857142857142,192.28571428571428,182.14285714285714,186.71428571428572
2016-11-02,11.328571428571427,10.785714285714286,11.085714285714285,193.85714285714286,182.14285714285714,187.28571428571428
2016-11-03,11.342857142857143,10.728571428571428,11.071428571428571,195.42857142857142,182.42857142857142,188.28571428571428
2016-11-04,11.342857142857143,10.785714285714286,11.1,194.28571428571428,181.71428571428572,188.42857142857142
2016-11-05,11.3,10.700000000000001,11.042857142857143,194.85714285714286,182.42857142857142,189.57142857142858
2016-11-06,11.2,10.685714285714287,10.971428571428573,195.57142857142858,183.71428571428572,189.71428571428572
2016-11-07,11.085714285714285,10.585714285714285,10.842857142857142,195.14285714285714,183.42857142857142,189.42857142857142
2016-11-08,11.071428571428571,10.457142857142857,10.771428571428572,195.28571428571428,183.0,189.14285714285714
2016-11-09,11.042857142857143,10.428571428571429,10.742857142857144,195.57142857142858,183.28571428571428,189.0
2016-11-10,10.914285714285715,10.37142857142857,10.671428571428573,195.57142857142858,183.42857142857142,189.14285714285714
2016-11-11,10.700000000000001,10.071428571428571,10.414285714285715,196.42857142857142,185.0,190.0
2016-11-12,10.442857142857141,9.814285714285715,10.157142857142858,195.42857142857142,184.42857142857142,189.14285714285714
2016-11-13,10.299999999999999,9.557142857142855,9.957142857142857,193.0,183.57142857142858,187.85714285714286
2016-11-14,10.185714285714285,9.37142857142857,9.814285714285715,193.14285714285714,183.0,187.42857142857142
2016-11-15,10.071428571428571,9.3,9.728571428571428,193.57142857142858,183.28571428571428,187.57142857142858
2016-11-16,9.985714285714286,9.22857142857143,9.657142857142857,192.71428571428572,182.71428571428572,187.42857142857142
2016-11-17,9.885714285714286,9.214285714285714,9.585714285714285,192.28571428571428,182.42857142857142,187.0
2016-11-18,9.87142857142857,9.257142857142856,9.585714285714285,192.85714285714286,183.14285714285714,187.57142857142858
2016-11-19,9.928571428571429,9.328571428571427,9.642857142857142,193.14285714285714,183.28571428571428,187.85714285714286
2016-11-20,9.957142857142857,9.428571428571429,9.714285714285714,197.28571428571428,184.42857142857142,189.28571428571428
2016-11-21,9.928571428571429,9.37142857142857,9.700000000000001,197.85714285714286,185.0,190.0
2016-11-22,9.728571428571428,9.114285714285716,9.442857142857141,196.85714285714286,185.0,189.71428571428572
2016-11-23,9.37142857142857,8.771428571428572,9.085714285714285,195.85714285714286,185.28571428571428,189.42857142857142
2016-11-24,9.142857142857142,8.4,8.77142857142857,194.57142857142858,184.85714285714286,188.57142857142858
2016-11-25,8.885714285714284,8.1,8.485714285714286,195.85714285714286,183.28571428571428,187.42857142857142
2016-11-26,8.642857142857142,7.871428571428572,8.271428571428572,195.28571428571428,182.85714285714286,186.42857142857142
2016-11-27,8.442857142857143,7.714285714285714,8.085714285714285,191.71428571428572,182.0,185.14285714285714
2016-11-28,8.242857142857144,7.6000000000000005,7.9142857142857155,191.57142857142858,182.14285714285714,185.0
2016-11-29,8.185714285714287,7.614285714285714,7.914285714285714,192.14285714285714,181.85714285714286,184.85714285714286
2016-11-30,8.22857142857143,7.685714285714285,7.971428571428571,195.85714285714286,181.85714285714286,186.0
2016-12-01,8.242857142857142,7.785714285714286,8.042857142857143,196.85714285714286,182.14285714285714,186.57142857142858
2016-12-02,8.314285714285715,7.885714285714286,8.142857142857142,201.0,181.28571428571428,187.0
2016-12-03,8.314285714285715,7.8999999999999995,8.142857142857142,201.28571428571428,181.85714285714286,187.85714285714286
2016-12-04,8.22857142857143,7.742857142857143,8.014285714285714,201.14285714285714,182.28571428571428,188.14285714285714
2016-12-05,8.085714285714285,7.628571428571428,7.871428571428572,200.42857142857142,181.14285714285714,187.42857142857142
2016-12-06,7.942857142857143,7.528571428571429,7.757142857142857,204.85714285714286,180.71428571428572,188.28571428571428
2016-12-07,7.871428571428572,7.3999999999999995,7.671428571428571,203.71428571428572,180.14285714285714,187.14285714285714
2016-12-08,7.714285714285714,7.257142857142858,7.514285714285714,214.42857142857142,179.71428571428572,189.14285714285714
2016-12-09,7.528571428571429,7.071428571428571,7.3428571428571425,209.42857142857142,180.42857142857142,188.42857142857142
2016-12-10,7.328571428571429,6.7,7.042857142857143,208.42857142857142,180.0,187.71428571428572
2016-12-11,6.971428571428571,6.371428571428572,6.714285714285714,208.14285714285714,179.28571428571428,187.28571428571428
2016-12-12,6.814285714285715,6.142857142857143,6.542857142857143,207.28571428571428,179.28571428571428,186.85714285714286
2016-12-13,6.6571428571428575,5.914285714285714,6.357142857142857,205.85714285714286,179.71428571428572,187.0
2016-12-14,6.442857142857143,5.714285714285714,6.142857142857143,215.14285714285714,180.28571428571428,189.71428571428572
2016-12-15,6.228571428571429,5.428571428571429,5.9,210.28571428571428,181.14285714285714,189.71428571428572
2016-12-16,5.985714285714286,4.971428571428571,5.542857142857143,209.0,181.42857142857142,189.71428571428572
2016-12-17,5.528571428571429,4.6000000000000005,5.128571428571429,209.57142857142858,181.28571428571428,189.71428571428572
2016-12-18,5.271428571428571,4.3,4.842857142857143,210.42857142857142,181.71428571428572,190.0
2016-12-19,5.114285714285714,4.014285714285714,4.585714285714286,270.7142857142857,182.0,194.42857142857142
2016-12-20,4.828571428571428,3.742857142857143,4.3,269.85714285714283,182.28571428571428,194.57142857142858
2016-12-21,4.514285714285714,3.342857142857143,3.914285714285714,260.42857142857144,182.71428571428572,193.71428571428572
2016-12-22,4.285714285714286,3.0285714285714285,3.6142857142857143,255.28571428571428,182.71428571428572,192.14285714285714
2016-12-23,4.242857142857143,3.0714285714285716,3.5714285714285716,257.2857142857143,182.28571428571428,192.71428571428572
2016-12-24,4.4714285714285715,3.414285714285714,3.857142857142857,261.42857142857144,183.0,194.71428571428572
2016-12-25,4.728571428571429,3.6999999999999997,4.114285714285715,267.0,183.14285714285714,197.42857142857142
2016-12-26,4.771428571428571,3.8857142857142857,4.242857142857143,207.71428571428572,183.57142857142858,194.0
2016-12-27,4.857142857142857,3.957142857142857,4.314285714285715,226.14285714285714,183.42857142857142,194.14285714285714
2016-12-28,4.957142857142857,4.142857142857143,4.485714285714286,246.0,183.14285714285714,195.28571428571428
2016-12-29,4.971428571428571,4.3428571428571425,4.614285714285714,244.85714285714286,182.71428571428572,194.57142857142858
2016-12-30,4.814285714285715,4.3428571428571425,4.571428571428571,243.14285714285714,183.0,193.57142857142858
2016-12-31,4.6571428571428575,4.1,4.385714285714285,239.57142857142858,182.42857142857142,192.28571428571428
2017-01-01,4.385714285714286,3.8428571428571425,4.142857142857143,240.57142857142858,182.42857142857142,191.0
2017-01-02,4.128571428571429,3.6,3.8999999999999995,244.42857142857142,182.28571428571428,192.0
2017-01-03,4.0,3.5142857142857147,3.8000000000000003,223.0,182.0,190.57142857142858
2017-01-04,4.0,3.4571428571428577,3.728571428571428,201.14285714285714,181.71428571428572,187.71428571428572
2017-01-05,4.057142857142858,3.4714285714285715,3.7714285714285714,204.0,181.42857142857142,188.71428571428572
2017-01-06,4.057142857142857,3.3714285714285714,3.6999999999999997,203.57142857142858,181.42857142857142,189.14285714285714
2017-01-07,3.942857142857143,3.271428571428572,3.585714285714286,202.28571428571428,181.14285714285714,188.14285714285714
2017-01-08,3.9285714285714284,3.2142857142857144,3.5428571428571423,194.85714285714286,180.42857142857142,186.14285714285714
2017-01-09,3.9285714285714284,3.185714285714286,3.542857142857143,190.57142857142858,179.14285714285714,183.71428571428572
2017-01-10,3.842857142857143,2.971428571428571,3.3857142857142857,190.57142857142858,178.71428571428572,183.42857142857142
2017-01-11,3.5,2.657142857142857,3.0714285714285716,190.14285714285714,178.14285714285714,182.85714285714286
2017-01-12,3.2,2.2857142857142856,2.7428571428571433,214.28571428571428,178.28571428571428,190.28571428571428
2017-01-13,3.185714285714286,2.1714285714285717,2.685714285714286,224.42857142857142,180.42857142857142,195.28571428571428
2017-01-14,3.2857142857142856,2.2142857142857144,2.757142857142857,226.0,180.85714285714286,195.85714285714286
2017-01-15,3.2714285714285714,2.242857142857143,2.757142857142857,226.0,181.0,196.28571428571428
2017-01-16,3.1714285714285713,2.185714285714286,2.642857142857143,225.57142857142858,182.14285714285714,197.14285714285714
2017-01-17,3.1571428571428575,2.2714285714285714,2.685714285714286,227.71428571428572,182.0,197.71428571428572
2017-01-18,3.242857142857143,2.3428571428571425,2.8,228.0,182.28571428571428,197.85714285714286
2017-01-19,3.2142857142857144,2.4285714285714284,2.814285714285714,202.14285714285714,182.0,189.28571428571428
2017-01-20,2.9714285714285715,2.3999999999999995,2.6999999999999997,192.42857142857142,180.57142857142858,184.71428571428572
2017-01-21,2.8,2.314285714285714,2.5857142857142854,192.71428571428572,180.57142857142858,185.0
2017-01-22,2.728571428571428,2.3000000000000003,2.557142857142857,193.42857142857142,181.14285714285714,185.42857142857142
2017-01-23,2.7142857142857144,2.371428571428571,2.6,193.57142857142858,181.14285714285714,185.42857142857142
2017-01-24,2.742857142857143,2.4285714285714284,2.6285714285714286,191.71428571428572,181.42857142857142,185.28571428571428
2017-01-25,2.8571428571428568,2.5285714285714285,2.6999999999999997,203.14285714285714,181.42857142857142,187.71428571428572
2017-01-26,2.9,2.5285714285714285,2.728571428571428,204.14285714285714,183.0,189.28571428571428
2017-01-27,2.957142857142857,2.5714285714285716,2.7714285714285714,205.57142857142858,183.71428571428572,190.71428571428572
2017-01-28,2.9428571428571426,2.6,2.7571428571428567,205.71428571428572,184.0,191.28571428571428
2017-01-29,2.928571428571428,2.557142857142857,2.7285714285714286,205.14285714285714,183.42857142857142,190.71428571428572
2017-01-30,2.9142857142857146,2.4857142857142853,2.685714285714286,206.57142857142858,183.57142857142858,191.14285714285714
2017-01-31,2.7857142857142856,2.357142857142857,2.585714285714286,206.85714285714286,184.14285714285714,191.14285714285714
2017-02-01,2.628571428571429,2.257142857142857,2.4857142857142853,195.57142857142858,184.0,188.85714285714286
2017-02-02,2.5714285714285716,2.2285714285714286,2.442857142857143,192.85714285714286,182.57142857142858,187.0
2017-02-03,2.5,2.0714285714285716,2.3285714285714287,190.28571428571428,180.85714285714286,184.85714285714286
2017-02-04,2.3428571428571425,1.8285714285714287,2.142857142857143,188.42857142857142,180.14285714285714,183.85714285714286
2017-02-05,2.1285714285714286,1.5714285714285714,1.9000000000000001,189.0,180.14285714285714,184.0
2017-02-06,1.9000000000000001,1.3285714285714285,1.657142857142857,189.0,180.0,184.14285714285714
2017-02-07,1.8142857142857143,1.1142857142857143,1.4857142857142858,189.85714285714286,179.28571428571428,183.85714285714286
2017-02-08,1.7857142857142858,1.1142857142857143,1.4714285714285715,189.57142857142858,178.71428571428572,183.14285714285714
2017-02-09,1.7571428571428573,1.0571428571428572,1.4142857142857144,199.85714285714286,178.85714285714286,186.28571428571428
2017-02-10,1.6999999999999997,0.9428571428571428,1.3285714285714287,201.71428571428572,180.28571428571428,187.85714285714286
2017-02-11,1.7,0.8571428571428571,1.242857142857143,203.42857142857142,179.57142857142858,188.57142857142858
2017-02-12,1.8000000000000003,0.8714285714285713,1.3142857142857143,201.85714285714286,179.0,187.57142857142858
2017-02-13,1.8,0.8857142857142858,1.3142857142857145,199.85714285714286,178.85714285714286,186.57142857142858
2017-02-14,1.6571428571428573,0.8714285714285713,1.2285714285714284,199.0,179.28571428571428,186.71428571428572
2017-02-15,1.4857142857142855,0.6714285714285715,1.042857142857143,199.14285714285714,180.0,187.42857142857142
2017-02-16,1.3285714285714285,0.5,0.8857142857142856,189.28571428571428,180.14285714285714,184.71428571428572
2017-02-17,1.2285714285714284,0.48571428571428565,0.8285714285714285,191.71428571428572,179.0,184.42857142857142
2017-02-18,1.2142857142857142,0.4857142857142857,0.8714285714285713,194.42857142857142,180.28571428571428,185.71428571428572
2017-02-19,1.1857142857142857,0.5,0.8428571428571427,204.85714285714286,181.28571428571428,189.71428571428572
2017-02-20,1.2714285714285716,0.5714285714285714,0.9428571428571428,211.57142857142858,181.57142857142858,191.14285714285714
2017-02-21,1.4714285714285715,0.7285714285714285,1.1285714285714286,213.85714285714286,182.57142857142858,193.42857142857142
2017-02-22,1.6142857142857143,0.9,1.2857142857142858,216.28571428571428,182.71428571428572,194.28571428571428
2017-02-23,1.7857142857142858,1.0285714285714287,1.4285714285714286,218.85714285714286,183.14285714285714,195.28571428571428
2017-02-24,2.0142857142857142,1.1857142857142857,1.5999999999999999,219.28571428571428,183.57142857142858,195.42857142857142
2017-02-25,2.1285714285714286,1.442857142857143,1.7714285714285716,215.0,183.57142857142858,193.42857142857142
2017-02-26,2.442857142857143,1.6714285714285713,2.0142857142857142,227.85714285714286,183.85714285714286,192.14285714285714
2017-02-27,2.6714285714285713,1.8285714285714287,2.1857142857142855,223.71428571428572,183.28571428571428,191.42857142857142
2017-02-28,2.685714285714286,1.885714285714286,2.2142857142857144,223.0,182.0,189.85714285714286
2017-03-01,2.771428571428572,1.9571428571428573,2.2857142857142856,221.28571428571428,181.57142857142858,189.0
2017-03-02,2.9999999999999996,2.1142857142857143,2.4857142857142853,221.28571428571428,180.71428571428572,188.85714285714286
2017-03-03,3.085714285714286,2.1571428571428575,2.5714285714285716,216.57142857142858,179.85714285714286,187.14285714285714
2017-03-04,3.0428571428571423,2.057142857142857,2.5,216.28571428571428,178.85714285714286,186.28571428571428
2017-03-05,2.685714285714286,1.7857142857142858,2.2,193.71428571428572,177.14285714285714,183.57142857142858
2017-03-06,2.4428571428571426,1.5,1.9571428571428573,189.71428571428572,175.57142857142858,181.28571428571428
2017-03-07,2.3714285714285714,1.4285714285714286,1.9142857142857144,185.85714285714286,174.57142857142858,179.0
2017-03-08,2.257142857142857,1.2857142857142858,1.7714285714285716,186.57142857142858,173.42857142857142,179.28571428571428
2017-03-09,2.085714285714286,1.1857142857142855,1.6285714285714286,184.85714285714286,173.28571428571428,178.42857142857142
2017-03-10,1.9285714285714286,1.1428571428571428,1.5,184.42857142857142,173.0,178.0
2017-03-11,1.9,1.1142857142857143,1.4857142857142858,184.42857142857142,172.85714285714286,177.85714285714286
2017-03-12,1.8714285714285714,1.0285714285714287,1.4285714285714286,186.71428571428572,173.85714285714286,178.57142857142858
2017-03-13,1.757142857142857,0.9714285714285714,1.3,188.14285714285714,174.57142857142858,179.42857142857142
2017-03-14,1.7,0.8714285714285716,1.1857142857142857,188.57142857142858,174.71428571428572,179.71428571428572
2017-03-15,1.657142857142857,0.7714285714285714,1.157142857142857,187.57142857142858,175.28571428571428,178.57142857142858
2017-03-16,1.342857142857143,0.557142857142857,0.8857142857142858,185.85714285714286,174.85714285714286,177.42857142857142
2017-03-17,1.0999999999999999,0.32857142857142857,0.6571428571428573,184.57142857142858,174.57142857142858,176.85714285714286
2017-03-18,0.9999999999999999,0.19999999999999998,0.5142857142857143,183.71428571428572,174.14285714285714,176.71428571428572
2017-03-19,1.0571428571428572,0.32857142857142857,0.6142857142857144,180.57142857142858,173.14285714285714,175.85714285714286
2017-03-20,1.0999999999999999,0.42857142857142855,0.7285714285714285,180.0,173.57142857142858,176.0
2017-03-21,1.1142857142857143,0.4571428571428572,0.7571428571428572,180.71428571428572,173.57142857142858,176.28571428571428
2017-03-22,1.1142857142857143,0.5428571428571429,0.7714285714285715,179.57142857142858,173.42857142857142,176.14285714285714
2017-03-23,1.2,0.5714285714285714,0.8428571428571429,181.57142857142858,173.28571428571428,177.71428571428572
2017-03-24,1.2857142857142858,0.6428571428571429,0.942857142857143,183.85714285714286,173.57142857142858,178.28571428571428
2017-03-25,1.2714285714285716,0.6571428571428571,0.9285714285714286,186.0,174.28571428571428,179.14285714285714
2017-03-26,1.1714285714285713,0.6,0.8714285714285716,187.0,175.0,179.85714285714286
2017-03-27,1.2142857142857142,0.6285714285714287,0.9,189.57142857142858,175.42857142857142,180.71428571428572
2017-03-28,1.2,0.6571428571428571,0.9142857142857143,195.28571428571428,177.28571428571428,183.42857142857142
2017-03-29,1.2142857142857142,0.6714285714285715,0.9285714285714286,196.71428571428572,178.14285714285714,184.42857142857142
2017-03-30,1.3142857142857143,0.8142857142857144,1.042857142857143,194.85714285714286,178.71428571428572,183.42857142857142
2017-03-31,1.5142857142857145,0.9285714285714286,1.1714285714285713,194.85714285714286,179.0,183.71428571428572
2017-04-01,1.614285714285714,1.0714285714285714,1.3142857142857143,192.85714285714286,178.57142857142858,182.85714285714286
2017-04-02,1.7142857142857142,1.2285714285714284,1.4285714285714286,192.0,178.0,182.14285714285714
2017-04-03,1.8714285714285717,1.342857142857143,1.5428571428571427,189.71428571428572,177.57142857142858,181.28571428571428
2017-04-04,2.0714285714285716,1.4714285714285715,1.7,184.0,176.28571428571428,178.85714285714286
2017-04-05,2.2285714285714286,1.614285714285714,1.8571428571428572,183.14285714285714,175.85714285714286,178.28571428571428
2017-04-06,2.3285714285714287,1.6714285714285715,1.9285714285714286,184.71428571428572,175.71428571428572,178.42857142857142
2017-04-07,2.2857142857142856,1.7714285714285716,1.9714285714285715,183.0,175.71428571428572,178.14285714285714
2017-04-08,2.3428571428571425,1.842857142857143,2.0285714285714285,183.0,175.71428571428572,178.14285714285714
2017-04-09,2.442857142857143,1.9142857142857144,2.1142857142857143,183.71428571428572,176.71428571428572,179.14285714285714
2017-04-10,2.4714285714285715,1.9428571428571428,2.1714285714285713,183.71428571428572,175.14285714285714,177.85714285714286
2017-04-11,2.6571428571428575,2.0142857142857142,2.2857142857142856,184.57142857142858,173.42857142857142,177.71428571428572
2017-04-12,2.742857142857143,2.0285714285714285,2.3285714285714287,183.28571428571428,172.85714285714286,176.85714285714286
2017-04-13,2.857142857142857,2.157142857142857,2.4714285714285715,180.71428571428572,172.0,175.71428571428572
2017-04-14,3.0857142857142854,2.2857142857142856,2.6571428571428575,179.85714285714286,171.28571428571428,174.85714285714286
2017-04-15,3.314285714285714,2.414285714285714,2.857142857142857,179.28571428571428,170.14285714285714,173.71428571428572
2017-04-16,3.642857142857143,2.5714285714285716,3.0857142857142854,178.28571428571428,168.42857142857142,172.0
2017-04-17,3.914285714285714,2.814285714285714,3.3428571428571425,179.0,169.85714285714286,173.42857142857142
2017-04-18,3.9428571428571426,2.9714285714285715,3.471428571428571,177.42857142857142,171.28571428571428,173.14285714285714
2017-04-19,4.142857142857142,3.1714285714285717,3.6999999999999997,177.42857142857142,171.42857142857142,173.42857142857142
2017-04-20,4.3999999999999995,3.414285714285714,3.914285714285714,180.0,171.85714285714286,174.57142857142858
2017-04-21,4.4714285714285715,3.471428571428571,4.0,184.0,172.28571428571428,176.0
2017-04-22,4.5285714285714285,3.5571428571428574,4.057142857142857,184.85714285714286,173.28571428571428,177.42857142857142
2017-04-23,4.4714285714285715,3.6,4.057142857142857,185.85714285714286,174.0,178.28571428571428
2017-04-24,4.485714285714286,3.6142857142857143,4.042857142857143,184.71428571428572,173.71428571428572,177.85714285714286
2017-04-25,4.628571428571428,3.7285714285714286,4.142857142857143,185.57142857142858,173.71428571428572,178.28571428571428
2017-04-26,4.642857142857143,3.8428571428571425,4.185714285714286,186.14285714285714,173.85714285714286,178.57142857142858
2017-04-27,4.685714285714286,3.8428571428571425,4.228571428571429,184.71428571428572,173.85714285714286,178.0
2017-04-28,4.985714285714286,3.985714285714286,4.428571428571429,182.71428571428572,173.57142857142858,177.42857142857142
2017-04-29,5.271428571428571,4.257142857142857,4.714285714285714,185.57142857142858,174.42857142857142,178.57142857142858
2017-04-30,5.8999999999999995,4.585714285714286,5.171428571428572,187.71428571428572,175.42857142857142,179.85714285714286
2017-05-01,6.128571428571428,4.8,5.371428571428572,188.71428571428572,175.85714285714286,180.42857142857142
2017-05-02,6.2,4.9,5.485714285714286,190.14285714285714,176.28571428571428,181.14285714285714
2017-05-03,6.3999999999999995,5.042857142857143,5.657142857142857,191.14285714285714,177.0,181.85714285714286
2017-05-04,6.628571428571428,5.271428571428572,5.8999999999999995,192.14285714285714,178.0,183.28571428571428
2017-05-05,6.828571428571428,5.442857142857142,6.014285714285714,192.42857142857142,178.14285714285714,183.42857142857142
2017-05-06,7.0,5.528571428571429,6.1,190.0,178.0,182.85714285714286
2017-05-07,6.8,5.557142857142857,6.014285714285714,189.28571428571428,177.85714285714286,182.57142857142858
2017-05-08,6.857142857142857,5.628571428571429,6.128571428571428,191.28571428571428,178.28571428571428,183.42857142857142
2017-05-09,6.942857142857143,5.757142857142858,6.214285714285714,190.28571428571428,178.42857142857142,183.0
2017-05-10,6.971428571428571,5.742857142857143,6.228571428571429,189.85714285714286,177.85714285714286,182.57142857142858
2017-05-11,6.828571428571428,5.628571428571429,6.114285714285715,190.71428571428572,177.14285714285714,181.28571428571428
2017-05-12,6.514285714285714,5.485714285714287,5.971428571428571,189.71428571428572,175.28571428571428,180.28571428571428
2017-05-13,6.4,5.328571428571428,5.842857142857143,189.42857142857142,172.14285714285714,178.42857142857142
2017-05-14,6.542857142857143,5.428571428571429,6.0,188.0,172.14285714285714,178.14285714285714
2017-05-15,6.8428571428571425,5.8,6.328571428571429,189.0,172.42857142857142,178.14285714285714
2017-05-16,7.128571428571428,5.7142857142857135,6.385714285714286,190.14285714285714,171.71428571428572,177.71428571428572
2017-05-17,7.471428571428571,5.685714285714285,6.385714285714286,191.42857142857142,171.42857142857142,178.14285714285714
2017-05-18,8.142857142857142,6.042857142857143,6.885714285714286,192.85714285714286,171.85714285714286,179.57142857142858
2017-05-19,8.857142857142858,6.671428571428572,7.542857142857143,195.42857142857142,174.42857142857142,181.57142857142858
2017-05-20,9.37142857142857,7.142857142857143,8.071428571428571,197.14285714285714,177.14285714285714,183.42857142857142
2017-05-21,9.4,7.07142857142857,8.071428571428571,198.71428571428572,176.42857142857142,183.85714285714286
2017-05-22,9.657142857142857,6.785714285714286,8.071428571428571,197.0,175.57142857142858,183.14285714285714
2017-05-23,9.914285714285713,7.328571428571428,8.528571428571428,197.28571428571428,176.14285714285714,184.0
2017-05-24,10.142857142857142,7.785714285714286,9.0,197.14285714285714,176.28571428571428,183.57142857142858
2017-05-25,10.12857142857143,7.985714285714286,9.057142857142855,195.0,175.57142857142858,182.57142857142858
2017-05-26,10.171428571428573,7.971428571428571,9.071428571428571,194.0,174.71428571428572,181.71428571428572
2017-05-27,10.257142857142856,8.085714285714285,9.2,194.42857142857142,174.42857142857142,181.28571428571428
2017-05-28,10.714285714285714,8.385714285714286,9.5,194.57142857142858,174.28571428571428,180.14285714285714
2017-05-29,11.242857142857144,8.857142857142858,9.87142857142857,194.71428571428572,174.71428571428572,180.28571428571428
2017-05-30,11.614285714285714,9.3,10.285714285714286,195.42857142857142,174.71428571428572,180.57142857142858
2017-05-31,11.914285714285715,9.828571428571427,10.714285714285714,198.28571428571428,174.57142857142858,182.0
2017-06-01,12.22857142857143,10.228571428571428,11.085714285714285,199.85714285714286,175.0,182.71428571428572
2017-06-02,12.657142857142858,10.671428571428573,11.514285714285714,201.85714285714286,175.28571428571428,184.0
2017-06-03,13.042857142857144,11.2,11.928571428571429,203.85714285714286,175.57142857142858,185.28571428571428
2017-06-04,13.185714285714285,11.485714285714286,12.200000000000001,207.0,176.0,186.57142857142858
2017-06-05,13.028571428571428,11.6,12.328571428571427,209.85714285714286,176.0,187.14285714285714
2017-06-06,13.042857142857143,11.657142857142857,12.342857142857143,210.28571428571428,175.28571428571428,186.57142857142858
2017-06-07,13.085714285714285,11.542857142857143,12.328571428571427,211.28571428571428,176.0,186.71428571428572
2017-06-08,13.042857142857143,11.385714285714284,12.242857142857142,215.85714285714286,176.14285714285714,187.42857142857142
2017-06-09,13.214285714285714,11.299999999999999,12.328571428571427,214.71428571428572,176.85714285714286,187.0
2017-06-10,13.557142857142855,11.4,12.542857142857143,213.28571428571428,177.42857142857142,186.71428571428572
2017-06-11,14.228571428571428,11.87142857142857,13.071428571428571,214.14285714285714,178.57142857142858,189.14285714285714
2017-06-12,14.857142857142858,12.757142857142858,13.757142857142856,212.57142857142858,179.28571428571428,189.85714285714286
2017-06-13,15.685714285714287,13.214285714285717,14.4,213.42857142857142,180.28571428571428,191.42857142857142
2017-06-14,16.5,13.842857142857143,15.071428571428571,211.28571428571428,180.57142857142858,191.42857142857142
2017-06-15,16.95714285714286,13.628571428571428,15.285714285714286,209.42857142857142,180.85714285714286,192.0
2017-06-16,17.128571428571426,13.328571428571431,15.314285714285715,211.85714285714286,180.57142857142858,192.85714285714286
2017-06-17,17.2,13.342857142857143,15.314285714285715,216.0,180.0,192.85714285714286
2017-06-18,17.057142857142857,13.457142857142859,15.314285714285713,212.28571428571428,178.71428571428572,190.28571428571428
2017-06-19,17.04285714285714,13.328571428571431,15.257142857142856,212.0,177.71428571428572,190.14285714285714
2017-06-20,16.814285714285713,13.414285714285715,15.2,209.85714285714286,177.14285714285714,188.85714285714286
2017-06-21,16.771428571428572,13.557142857142859,15.257142857142856,211.42857142857142,177.28571428571428,189.57142857142858
2017-06-22,17.071428571428573,14.442857142857145,15.799999999999999,210.42857142857142,177.14285714285714,189.71428571428572
2017-06-23,17.32857142857143,15.328571428571427,16.257142857142856,211.85714285714286,177.71428571428572,190.0
2017-06-24,17.65714285714286,15.857142857142858,16.728571428571428,208.14285714285714,178.57142857142858,191.0
2017-06-25,18.071428571428573,16.34285714285714,17.17142857142857,208.71428571428572,179.85714285714286,192.14285714285714
2017-06-26,18.385714285714283,16.657142857142855,17.485714285714288,208.42857142857142,180.57142857142858,192.0
2017-06-27,18.785714285714285,16.84285714285714,17.714285714285715,208.14285714285714,181.0,192.0
2017-06-28,19.02857142857143,17.114285714285714,18.014285714285712,204.71428571428572,181.14285714285714,190.71428571428572
2017-06-29,19.24285714285714,17.52857142857143,18.285714285714285,201.57142857142858,181.42857142857142,189.28571428571428
2017-06-30,19.342857142857145,17.95714285714286,18.557142857142857,197.71428571428572,180.28571428571428,188.0
2017-07-01,19.385714285714283,18.142857142857142,18.685714285714287,196.14285714285714,179.42857142857142,186.85714285714286
2017-07-02,19.385714285714283,18.271428571428572,18.785714285714285,195.14285714285714,179.85714285714286,186.42857142857142
2017-07-03,19.342857142857145,18.385714285714283,18.842857142857145,195.71428571428572,180.14285714285714,186.71428571428572
2017-07-04,19.32857142857143,18.52857142857143,19.0,197.28571428571428,180.71428571428572,187.42857142857142
2017-07-05,19.314285714285713,18.542857142857144,18.97142857142857,198.42857142857142,180.57142857142858,187.71428571428572
2017-07-06,19.67142857142857,18.542857142857144,19.128571428571426,198.42857142857142,180.28571428571428,187.57142857142858
2017-07-07,20.099999999999998,18.885714285714283,19.5,197.0,181.28571428571428,187.57142857142858
2017-07-08,20.471428571428568,19.24285714285714,19.857142857142858,197.85714285714286,181.85714285714286,188.28571428571428
2017-07-09,20.714285714285715,19.485714285714288,20.099999999999998,197.57142857142858,180.57142857142858,187.14285714285714
2017-07-10,20.985714285714288,19.75714285714286,20.37142857142857,197.14285714285714,179.85714285714286,187.14285714285714
2017-07-11,21.17142857142857,20.02857142857143,20.557142857142857,195.14285714285714,179.0,186.28571428571428
2017-07-12,21.47142857142857,20.32857142857143,20.842857142857145,193.71428571428572,178.57142857142858,185.42857142857142
2017-07-13,21.457142857142856,20.314285714285713,20.957142857142856,194.85714285714286,178.14285714285714,185.14285714285714
2017-07-14,21.185714285714287,19.771428571428572,20.599999999999998,195.42857142857142,177.28571428571428,184.71428571428572
2017-07-15,20.914285714285715,19.414285714285715,20.314285714285713,194.71428571428572,176.85714285714286,183.85714285714286
2017-07-16,20.842857142857145,19.314285714285717,20.214285714285715,193.85714285714286,176.57142857142858,183.71428571428572
2017-07-17,20.842857142857145,19.25714285714286,20.2,192.0,176.42857142857142,182.42857142857142
2017-07-18,20.785714285714285,19.12857142857143,20.11428571428571,191.28571428571428,175.57142857142858,181.57142857142858
2017-07-19,20.685714285714287,19.071428571428573,20.057142857142857,190.57142857142858,175.0,181.14285714285714
2017-07-20,20.785714285714285,19.400000000000002,20.142857142857142,189.28571428571428,174.42857142857142,180.71428571428572
2017-07-21,21.300000000000004,20.0,20.614285714285717,189.71428571428572,175.28571428571428,181.42857142857142
2017-07-22,21.928571428571427,20.47142857142857,21.157142857142855,189.0,175.71428571428572,181.42857142857142
2017-07-23,22.45714285714286,20.557142857142857,21.571428571428573,193.0,175.57142857142858,183.85714285714286
2017-07-24,22.585714285714285,20.457142857142856,21.6,195.57142857142858,175.57142857142858,185.0
2017-07-25,22.72857142857143,20.400000000000002,21.714285714285715,196.85714285714286,176.14285714285714,186.0
2017-07-26,22.77142857142857,20.457142857142856,21.74285714285714,199.85714285714286,176.14285714285714,186.57142857142858
2017-07-27,22.642857142857142,20.414285714285715,21.67142857142857,202.42857142857142,178.28571428571428,189.0
2017-07-28,22.328571428571426,20.385714285714283,21.52857142857143,202.0,177.85714285714286,188.57142857142858
2017-07-29,21.971428571428568,20.24285714285714,21.285714285714285,201.0,177.28571428571428,187.71428571428572
2017-07-30,21.542857142857144,20.25714285714286,20.971428571428568,197.57142857142858,177.42857142857142,185.57142857142858
2017-07-31,21.371428571428574,20.357142857142858,20.9,195.14285714285714,177.42857142857142,184.28571428571428
2017-08-01,21.485714285714284,20.542857142857144,20.942857142857143,195.28571428571428,177.28571428571428,184.0
2017-08-02,21.714285714285715,20.771428571428572,21.185714285714287,194.28571428571428,176.71428571428572,183.85714285714286
2017-08-03,22.1,20.985714285714288,21.47142857142857,193.0,176.0,182.85714285714286
2017-08-04,22.457142857142856,21.300000000000004,21.82857142857143,192.0,175.57142857142858,182.42857142857142
2017-08-05,22.814285714285717,21.685714285714287,22.171428571428574,196.28571428571428,176.71428571428572,184.57142857142858
2017-08-06,23.214285714285715,22.114285714285717,22.614285714285717,196.14285714285714,177.0,184.57142857142858
2017-08-07,23.542857142857144,22.442857142857147,22.942857142857147,196.42857142857142,177.57142857142858,184.85714285714286
2017-08-08,23.571428571428573,22.699999999999996,23.12857142857143,196.14285714285714,178.42857142857142,184.85714285714286
2017-08-09,23.528571428571432,22.7,23.1,194.71428571428572,179.71428571428572,185.0
2017-08-10,23.3,22.714285714285715,23.014285714285712,194.42857142857142,179.71428571428572,184.85714285714286
2017-08-11,23.185714285714283,22.54285714285714,22.842857142857145,197.42857142857142,180.57142857142858,186.0
2017-08-12,23.085714285714285,22.442857142857143,22.74285714285714,201.42857142857142,180.28571428571428,186.71428571428572
2017-08-13,23.0,22.342857142857145,22.62857142857143,201.0,180.42857142857142,187.0
2017-08-14,22.97142857142857,22.37142857142857,22.642857142857142,200.28571428571428,180.14285714285714,187.0
2017-08-15,23.014285714285716,22.357142857142858,22.642857142857142,202.42857142857142,180.14285714285714,187.71428571428572
2017-08-16,23.057142857142857,22.37142857142857,22.685714285714283,203.57142857142858,180.57142857142858,188.14285714285714
2017-08-17,23.099999999999998,22.357142857142858,22.728571428571428,203.85714285714286,179.42857142857142,186.85714285714286
2017-08-18,23.014285714285712,22.25714285714286,22.642857142857142,200.85714285714286,178.57142857142858,185.57142857142858
2017-08-19,22.914285714285715,22.171428571428574,22.557142857142857,194.71428571428572,177.71428571428572,183.28571428571428
2017-08-20,22.857142857142858,22.142857142857142,22.514285714285712,194.57142857142858,177.42857142857142,182.71428571428572
2017-08-21,22.842857142857138,22.12857142857143,22.485714285714284,195.57142857142858,177.42857142857142,183.14285714285714
2017-08-22,22.885714285714283,22.171428571428574,22.514285714285712,192.57142857142858,176.71428571428572,182.28571428571428
2017-08-23,22.971428571428568,22.242857142857144,22.571428571428573,192.0,175.85714285714286,181.57142857142858
2017-08-24,23.042857142857144,22.357142857142858,22.642857142857142,192.0,176.57142857142858,182.14285714285714
2017-08-25,23.08571428571429,22.5,22.74285714285714,191.85714285714286,177.14285714285714,182.28571428571428
2017-08-26,23.04285714285714,22.457142857142856,22.714285714285715,189.42857142857142,177.0,181.71428571428572
2017-08-27,22.928571428571427,22.328571428571426,22.599999999999998,191.85714285714286,177.0,182.28571428571428
2017-08-28,22.8,22.157142857142855,22.45714285714286,192.85714285714286,177.28571428571428,182.14285714285714
2017-08-29,22.671428571428574,21.957142857142856,22.3,194.71428571428572,178.14285714285714,183.14285714285714
2017-08-30,22.485714285714288,21.814285714285713,22.157142857142855,193.42857142857142,178.42857142857142,183.14285714285714
2017-08-31,22.342857142857145,21.67142857142857,22.0,192.0,178.14285714285714,182.71428571428572
2017-09-01,22.199999999999996,21.428571428571427,21.82857142857143,192.71428571428572,178.0,183.28571428571428
2017-09-02,21.95714285714286,21.071428571428573,21.5,194.14285714285714,177.71428571428572,184.0
2017-09-03,21.699999999999996,20.7,21.185714285714287,192.85714285714286,177.14285714285714,183.14285714285714
2017-09-04,21.428571428571427,20.414285714285715,20.9,191.0,176.0,182.0
2017-09-05,21.071428571428573,20.114285714285717,20.571428571428573,190.0,175.28571428571428,181.28571428571428
2017-09-06,20.714285714285715,19.74285714285714,20.199999999999996,193.85714285714286,169.28571428571428,181.0
2017-09-07,20.285714285714285,19.38571428571429,19.814285714285713,193.42857142857142,169.14285714285714,180.71428571428572
2017-09-08,19.942857142857143,19.12857142857143,19.5,194.14285714285714,168.85714285714286,180.57142857142858
2017-09-09,19.728571428571428,19.04285714285714,19.357142857142858,194.28571428571428,168.85714285714286,180.14285714285714
2017-09-10,19.514285714285712,18.985714285714288,19.214285714285715,193.14285714285714,169.28571428571428,180.57142857142858
2017-09-11,19.328571428571426,18.82857142857143,19.057142857142857,193.0,169.85714285714286,181.0
2017-09-12,19.285714285714285,18.714285714285715,18.97142857142857,193.14285714285714,170.28571428571428,181.14285714285714
2017-09-13,19.285714285714285,18.7,18.97142857142857,190.71428571428572,175.71428571428572,181.85714285714286
2017-09-14,19.400000000000002,18.714285714285715,19.02857142857143,191.0,175.42857142857142,182.14285714285714
2017-09-15,19.542857142857144,18.8,19.12857142857143,188.42857142857142,174.71428571428572,180.71428571428572
2017-09-16,19.714285714285715,18.928571428571427,19.3,187.85714285714286,175.14285714285714,180.71428571428572
2017-09-17,20.057142857142857,19.057142857142857,19.528571428571432,189.0,175.28571428571428,181.0
2017-09-18,20.414285714285715,19.32857142857143,19.82857142857143,190.14285714285714,175.14285714285714,181.28571428571428
2017-09-19,20.785714285714285,19.67142857142857,20.2,190.0,175.28571428571428,181.57142857142858
2017-09-20,21.17142857142857,20.057142857142857,20.585714285714285,189.57142857142858,175.85714285714286,181.28571428571428
2017-09-21,21.471428571428568,20.12857142857143,20.885714285714283,189.14285714285714,176.14285714285714,181.0
2017-09-22,21.471428571428568,20.071428571428573,20.914285714285715,191.0,176.28571428571428,181.71428571428572
2017-09-23,21.51428571428571,19.957142857142856,20.857142857142858,193.0,175.85714285714286,181.28571428571428
2017-09-24,21.54285714285714,19.87142857142857,20.857142857142858,192.85714285714286,175.42857142857142,180.85714285714286
2017-09-25,21.61428571428571,19.985714285714288,20.942857142857143,192.0,175.85714285714286,180.85714285714286
2017-09-26,21.657142857142855,20.057142857142857,21.0,192.28571428571428,176.0,181.0
2017-09-27,21.785714285714285,20.02857142857143,21.042857142857144,193.28571428571428,176.14285714285714,181.42857142857142
2017-09-28,22.014285714285712,20.47142857142857,21.285714285714285,193.14285714285714,176.0,181.57142857142858
2017-09-29,22.400000000000002,20.771428571428572,21.6,194.0,176.42857142857142,181.85714285714286
2017-09-30,22.47142857142857,20.842857142857138,21.699999999999996,192.0,176.42857142857142,182.28571428571428
2017-10-01,22.171428571428574,20.7,21.457142857142856,190.0,176.28571428571428,181.57142857142858
2017-10-02,21.771428571428572,20.2,21.014285714285712,189.0,175.42857142857142,180.85714285714286
2017-10-03,21.314285714285713,19.785714285714285,20.585714285714285,189.42857142857142,174.57142857142858,179.71428571428572
2017-10-04,20.67142857142857,19.3,20.02857142857143,187.42857142857142,174.28571428571428,179.0
2017-10-05,19.928571428571427,18.599999999999998,19.3,187.57142857142858,174.0,178.57142857142858
2017-10-06,19.357142857142858,18.2,18.785714285714285,187.0,173.85714285714286,178.42857142857142
2017-10-07,19.0,18.057142857142857,18.514285714285712,186.85714285714286,174.14285714285714,178.14285714285714
2017-10-08,18.857142857142858,18.114285714285714,18.485714285714288,188.0,174.42857142857142,178.71428571428572
2017-10-09,18.814285714285713,18.228571428571428,18.514285714285712,188.85714285714286,174.28571428571428,179.42857142857142
2017-10-10,18.685714285714287,18.214285714285715,18.442857142857143,188.14285714285714,169.42857142857142,179.0
2017-10-11,18.714285714285715,18.185714285714287,18.428571428571427,188.14285714285714,169.0,178.71428571428572
2017-10-12,18.75714285714286,18.099999999999998,18.414285714285715,188.85714285714286,168.42857142857142,179.0
2017-10-13,18.5,17.857142857142858,18.185714285714287,187.28571428571428,168.14285714285714,178.42857142857142
2017-10-14,18.242857142857144,17.585714285714285,17.914285714285715,186.28571428571428,167.85714285714286,177.85714285714286
2017-10-15,18.02857142857143,17.314285714285713,17.67142857142857,187.0,167.71428571428572,178.14285714285714
2017-10-16,17.814285714285713,17.085714285714285,17.45714285714286,189.42857142857142,168.42857142857142,178.28571428571428
2017-10-17,17.642857142857142,16.657142857142855,17.15714285714286,189.28571428571428,173.28571428571428,178.85714285714286
2017-10-18,17.099999999999998,16.15714285714286,16.657142857142855,188.28571428571428,172.71428571428572,178.14285714285714
2017-10-19,16.642857142857142,15.72857142857143,16.2,186.28571428571428,172.85714285714286,177.28571428571428
2017-10-20,16.385714285714283,15.485714285714286,15.942857142857141,186.28571428571428,172.85714285714286,177.28571428571428
2017-10-21,16.17142857142857,15.257142857142856,15.742857142857144,185.85714285714286,172.85714285714286,177.28571428571428
2017-10-22,15.971428571428573,15.042857142857143,15.542857142857143,186.0,172.57142857142858,177.0
2017-10-23,15.728571428571428,14.814285714285713,15.314285714285715,186.28571428571428,172.14285714285714,177.14285714285714
2017-10-24,15.457142857142857,14.757142857142858,15.157142857142857,185.57142857142858,172.42857142857142,177.42857142857142
2017-10-25,15.485714285714286,14.842857142857142,15.214285714285714,187.57142857142858,173.57142857142858,178.85714285714286
2017-10-26,15.471428571428573,14.985714285714286,15.285714285714286,189.57142857142858,174.14285714285714,180.0
2017-10-27,15.457142857142857,14.814285714285715,15.214285714285714,191.57142857142858,170.85714285714286,180.14285714285714
2017-10-28,15.314285714285715,14.657142857142858,15.057142857142859,192.28571428571428,170.42857142857142,180.14285714285714
2017-10-29,15.12857142857143,14.485714285714286,14.87142857142857,191.57142857142858,170.57142857142858,180.14285714285714
2017-10-30,14.928571428571429,14.357142857142858,14.700000000000001,189.42857142857142,170.85714285714286,180.0
2017-10-31,14.771428571428572,14.099999999999998,14.514285714285716,190.71428571428572,171.0,180.42857142857142
2017-11-01,14.414285714285715,13.657142857142858,14.1,191.0,170.14285714285714,180.28571428571428
2017-11-02,13.971428571428573,13.214285714285714,13.657142857142857,188.71428571428572,169.42857142857142,179.0
2017-11-03,13.571428571428571,12.985714285714284,13.314285714285715,186.71428571428572,172.57142857142858,179.0
2017-11-04,13.385714285714284,12.785714285714286,13.128571428571428,187.42857142857142,173.14285714285714,179.57142857142858
2017-11-05,13.142857142857142,12.571428571428571,12.885714285714286,186.57142857142858,172.71428571428572,179.0
2017-11-06,12.842857142857142,12.214285714285714,12.557142857142855,188.14285714285714,172.28571428571428,178.71428571428572
2017-11-07,12.571428571428571,12.028571428571428,12.299999999999999,186.85714285714286,171.85714285714286,178.14285714285714
2017-11-08,12.414285714285713,11.9,12.157142857142857,184.57142857142858,171.57142857142858,176.85714285714286
2017-11-09,12.299999999999999,11.7,12.0,184.28571428571428,171.42857142857142,176.57142857142858
2017-11-10,12.1,11.414285714285715,11.757142857142856,184.42857142857142,171.28571428571428,176.28571428571428
2017-11-11,11.700000000000001,10.914285714285713,11.285714285714286,183.85714285714286,170.71428571428572,175.42857142857142
2017-11-12,11.342857142857143,10.414285714285713,10.885714285714286,182.0,170.14285714285714,174.14285714285714
2017-11-13,11.0,10.1,10.571428571428571,178.71428571428572,169.28571428571428,172.85714285714286
2017-11-14,10.585714285714285,9.757142857142856,10.200000000000001,177.71428571428572,168.28571428571428,171.71428571428572
2017-11-15,10.257142857142856,9.471428571428572,9.914285714285715,177.28571428571428,167.85714285714286,171.14285714285714
2017-11-16,9.985714285714286,9.271428571428572,9.671428571428573,178.42857142857142,167.85714285714286,171.57142857142858
2017-11-17,9.728571428571428,9.085714285714285,9.442857142857141,178.57142857142858,167.85714285714286,171.85714285714286
2017-11-18,9.571428571428571,9.014285714285714,9.314285714285715,177.0,167.71428571428572,171.57142857142858
2017-11-19,9.385714285714286,8.957142857142857,9.171428571428573,178.71428571428572,168.0,172.28571428571428
2017-11-20,9.242857142857144,8.757142857142856,8.985714285714286,180.14285714285714,168.42857142857142,172.85714285714286
2017-11-21,9.071428571428571,8.514285714285714,8.77142857142857,178.85714285714286,168.42857142857142,172.42857142857142
2017-11-22,8.857142857142858,8.285714285714286,8.528571428571428,179.28571428571428,168.42857142857142,172.85714285714286
2017-11-23,8.642857142857142,8.042857142857143,8.3,180.0,168.71428571428572,173.28571428571428
2017-11-24,8.457142857142857,7.828571428571429,8.1,179.0,168.0,172.14285714285714
2017-11-25,8.257142857142856,7.685714285714285,7.957142857142857,179.42857142857142,168.14285714285714,172.42857142857142
2017-11-26,8.185714285714285,7.5,7.814285714285714,179.57142857142858,168.28571428571428,172.85714285714286
2017-11-27,8.1,7.414285714285714,7.728571428571429,177.42857142857142,168.28571428571428,172.28571428571428
2017-11-28,8.0,7.285714285714286,7.628571428571429,178.0,168.57142857142858,172.71428571428572
2017-11-29,7.857142857142857,7.1000000000000005,7.471428571428571,177.71428571428572,168.85714285714286,172.57142857142858
2017-11-30,7.785714285714286,6.8999999999999995,7.328571428571428,176.71428571428572,168.71428571428572,172.28571428571428
2017-12-01,7.657142857142857,6.757142857142857,7.214285714285714,176.57142857142858,169.28571428571428,172.71428571428572
2017-12-02,7.6000000000000005,6.628571428571429,7.142857142857143,177.28571428571428,169.14285714285714,172.71428571428572
2017-12-03,7.485714285714286,6.657142857142857,7.114285714285715,176.0,169.14285714285714,172.14285714285714
2017-12-04,7.371428571428571,6.6,7.028571428571429,176.42857142857142,169.14285714285714,172.28571428571428
2017-12-05,7.357142857142857,6.628571428571429,7.028571428571428,176.85714285714286,169.14285714285714,172.14285714285714
2017-12-06,7.4,6.742857142857142,7.1000000000000005,178.28571428571428,169.71428571428572,173.14285714285714
2017-12-07,7.385714285714286,6.814285714285715,7.142857142857143,179.14285714285714,170.14285714285714,173.14285714285714
2017-12-08,7.357142857142857,6.842857142857143,7.142857142857143,179.28571428571428,170.14285714285714,173.0
2017-12-09,7.257142857142857,6.814285714285714,7.057142857142857,178.42857142857142,170.42857142857142,172.85714285714286
2017-12-10,7.171428571428572,6.685714285714286,6.942857142857143,178.85714285714286,170.42857142857142,173.0
2017-12-11,7.071428571428572,6.514285714285714,6.828571428571428,179.14285714285714,170.57142857142858,173.14285714285714
2017-12-12,6.8999999999999995,6.328571428571428,6.642857142857143,179.0,170.71428571428572,173.42857142857142
2017-12-13,6.7,6.128571428571429,6.457142857142857,177.42857142857142,170.0,172.28571428571428
2017-12-14,6.414285714285714,5.728571428571428,6.114285714285715,176.42857142857142,170.0,172.42857142857142
2017-12-15,6.0857142857142845,5.314285714285715,5.728571428571429,176.28571428571428,169.85714285714286,172.42857142857142
2017-12-16,5.671428571428572,4.885714285714286,5.314285714285715,178.71428571428572,169.85714285714286,173.28571428571428
2017-12-17,5.271428571428571,4.457142857142857,4.885714285714286,179.71428571428572,170.57142857142858,174.14285714285714
2017-12-18,4.8999999999999995,4.142857142857143,4.514285714285714,179.85714285714286,170.85714285714286,174.42857142857142
2017-12-19,4.571428571428571,3.8285714285714287,4.2,180.85714285714286,171.14285714285714,174.85714285714286
2017-12-20,4.428571428571429,3.5,3.985714285714286,186.14285714285714,171.28571428571428,176.85714285714286
2017-12-21,4.314285714285714,3.5,3.914285714285714,187.71428571428572,171.57142857142858,177.85714285714286
2017-12-22,4.214285714285714,3.457142857142857,3.8428571428571425,188.14285714285714,172.57142857142858,178.57142857142858
2017-12-23,4.228571428571429,3.542857142857143,3.8714285714285714,186.14285714285714,172.71428571428572,178.0
2017-12-24,4.257142857142857,3.5714285714285716,3.914285714285714,189.28571428571428,172.42857142857142,177.85714285714286
2017-12-25,4.2,3.5,3.857142857142857,191.71428571428572,174.0,179.85714285714286
2017-12-26,4.1571428571428575,3.457142857142857,3.8142857142857145,198.71428571428572,174.85714285714286,181.71428571428572
2017-12-27,3.9142857142857146,3.2857142857142856,3.5714285714285716,199.42857142857142,175.28571428571428,181.57142857142858
2017-12-28,3.685714285714286,2.957142857142857,3.3142857142857145,197.85714285714286,174.85714285714286,180.57142857142858
2017-12-29,3.5,2.542857142857143,2.9857142857142853,198.14285714285714,174.14285714285714,180.57142857142858
2017-12-30,3.3285714285714287,2.2142857142857144,2.771428571428572,197.42857142857142,174.0,180.28571428571428
2017-12-31,3.042857142857143,1.9142857142857144,2.5,193.14285714285714,173.85714285714286,179.71428571428572
2018-01-01,2.8,1.6142857142857143,2.242857142857143,191.0,172.28571428571428,177.85714285714286
2018-01-02,2.7,1.4142857142857141,2.1,183.71428571428572,171.28571428571428,175.71428571428572
2018-01-03,2.6714285714285713,1.2857142857142858,2.057142857142857,177.71428571428572,171.0,174.14285714285714
2018-01-04,2.3857142857142857,1.0857142857142856,1.8,178.0,171.42857142857142,174.28571428571428
2018-01-05,2.2142857142857144,1.0571428571428572,1.757142857142857,178.28571428571428,171.57142857142858,174.28571428571428
2018-01-06,1.9285714285714286,0.8285714285714285,1.4714285714285715,179.28571428571428,172.14285714285714,175.0
2018-01-07,1.6428571428571428,0.6285714285714287,1.2142857142857142,179.71428571428572,172.85714285714286,175.57142857142858
2018-01-08,1.4285714285714286,0.4857142857142857,1.0285714285714285,179.28571428571428,173.14285714285714,175.57142857142858
2018-01-09,1.1,0.2571428571428572,0.7285714285714285,179.14285714285714,173.85714285714286,176.14285714285714
2018-01-10,0.6857142857142857,0.08571428571428572,0.4,179.85714285714286,174.57142857142858,176.71428571428572
2018-01-11,0.6714285714285715,0.05714285714285715,0.35714285714285715,180.42857142857142,174.71428571428572,177.14285714285714
2018-01-12,0.6,0.05714285714285714,0.2857142857142857,185.14285714285714,175.57142857142858,179.14285714285714
2018-01-13,0.8285714285714285,0.18571428571428572,0.4428571428571428,226.28571428571428,181.42857142857142,190.28571428571428
2018-01-14,1.0857142857142856,0.29999999999999993,0.6142857142857142,235.42857142857142,183.85714285714286,196.85714285714286
2018-01-15,1.3142857142857143,0.4571428571428572,0.8428571428571427,239.0,183.71428571428572,197.42857142857142
2018-01-16,1.5142857142857142,0.7142857142857143,1.0714285714285714,238.71428571428572,183.0,196.85714285714286
2018-01-17,1.757142857142857,0.7999999999999999,1.2571428571428573,238.71428571428572,182.42857142857142,196.57142857142858
2018-01-18,1.7428571428571427,0.8857142857142856,1.3,238.42857142857142,182.85714285714286,196.85714285714286
2018-01-19,1.7571428571428573,0.9285714285714286,1.3285714285714287,235.0,183.0,195.57142857142858
2018-01-20,1.5428571428571427,0.8714285714285713,1.2142857142857142,194.71428571428572,177.42857142857142,185.0
2018-01-21,1.3714285714285717,0.8142857142857142,1.1142857142857143,186.85714285714286,175.57142857142858,179.57142857142858
2018-01-22,1.2857142857142858,0.7571428571428571,1.0,184.42857142857142,176.28571428571428,179.85714285714286
2018-01-23,1.2,0.6428571428571429,0.9,186.85714285714286,176.71428571428572,180.42857142857142
2018-01-24,1.1285714285714286,0.7142857142857143,0.8857142857142858,195.0,177.0,181.85714285714286
2018-01-25,1.1714285714285713,0.6714285714285715,0.9000000000000001,196.85714285714286,177.14285714285714,182.85714285714286
2018-01-26,1.1857142857142855,0.6428571428571429,0.9,196.14285714285714,176.28571428571428,182.42857142857142
2018-01-27,1.2571428571428573,0.6714285714285715,0.9714285714285715,195.42857142857142,175.42857142857142,181.57142857142858
2018-01-28,1.2714285714285716,0.6428571428571429,0.9571428571428572,195.71428571428572,174.42857142857142,181.71428571428572
2018-01-29,1.2285714285714284,0.6428571428571429,0.942857142857143,195.85714285714286,174.0,181.71428571428572
2018-01-30,1.2,0.6,0.9142857142857144,194.28571428571428,174.42857142857142,182.0
2018-01-31,1.1714285714285713,0.5428571428571428,0.8857142857142858,186.71428571428572,174.57142857142858,181.14285714285714
2018-02-01,1.1285714285714286,0.5428571428571429,0.8714285714285713,186.0,173.71428571428572,179.71428571428572
2018-02-02,1.0571428571428572,0.5142857142857143,0.8142857142857143,186.28571428571428,175.0,180.57142857142858
2018-02-03,0.9714285714285714,0.4428571428571429,0.7,187.28571428571428,176.0,181.71428571428572
2018-02-04,0.942857142857143,0.4428571428571429,0.7000000000000001,185.71428571428572,176.0,180.28571428571428
2018-02-05,0.8142857142857142,0.3285714285714286,0.5714285714285714,187.28571428571428,176.28571428571428,180.28571428571428
2018-02-06,0.6857142857142858,0.2285714285714286,0.4428571428571429,189.42857142857142,176.57142857142858,180.85714285714286
2018-02-07,0.5571428571428572,0.1285714285714286,0.3142857142857142,189.14285714285714,177.0,181.0
2018-02-08,0.4285714285714285,0.08571428571428573,0.21428571428571427,187.71428571428572,177.57142857142858,181.0
2018-02-09,0.37142857142857144,0.07142857142857142,0.18571428571428575,186.14285714285714,176.71428571428572,179.85714285714286
2018-02-10,0.32857142857142857,0.1,0.2,185.0,176.42857142857142,179.14285714285714
2018-02-11,0.31428571428571433,0.14285714285714285,0.19999999999999998,184.85714285714286,176.0,179.14285714285714
2018-02-12,0.3428571428571429,0.21428571428571427,0.2571428571428572,181.71428571428572,175.28571428571428,178.14285714285714
2018-02-13,0.37142857142857144,0.2571428571428572,0.3,178.57142857142858,174.71428571428572,176.85714285714286
2018-02-14,0.4,0.3,0.34285714285714286,178.14285714285714,174.57142857142858,176.57142857142858
2018-02-15,0.4571428571428572,0.34285714285714286,0.39999999999999997,178.0,174.57142857142858,176.57142857142858
2018-02-16,0.5,0.38571428571428573,0.4428571428571429,178.14285714285714,174.28571428571428,176.57142857142858
2018-02-17,0.5,0.38571428571428573,0.44285714285714295,177.85714285714286,174.28571428571428,176.42857142857142
2018-02-18,0.5142857142857143,0.38571428571428573,0.4571428571428572,178.71428571428572,175.0,176.57142857142858
2018-02-19,0.5142857142857142,0.3714285714285714,0.4571428571428572,178.85714285714286,175.28571428571428,176.57142857142858
2018-02-20,0.5142857142857142,0.35714285714285715,0.4571428571428572,180.0,175.14285714285714,176.85714285714286
2018-02-21,0.5285714285714286,0.37142857142857144,0.4571428571428572,180.71428571428572,175.28571428571428,177.28571428571428
2018-02-22,0.5999999999999999,0.37142857142857144,0.48571428571428577,185.14285714285714,175.28571428571428,179.0
2018-02-23,0.6428571428571429,0.42857142857142855,0.5428571428571429,186.85714285714286,176.42857142857142,180.0
2018-02-24,0.7,0.42857142857142855,0.5857142857142857,189.57142857142858,176.57142857142858,180.71428571428572
2018-02-25,0.7285714285714286,0.41428571428571426,0.6,191.42857142857142,178.14285714285714,182.42857142857142
2018-02-26,0.7857142857142857,0.42857142857142855,0.6285714285714284,205.71428571428572,179.42857142857142,185.85714285714286
2018-02-27,0.8285714285714285,0.4571428571428572,0.6571428571428571,206.85714285714286,181.0,187.42857142857142
2018-02-28,0.9428571428571428,0.4571428571428572,0.7142857142857143,208.0,181.0,188.0
2018-03-01,1.0142857142857145,0.5285714285714286,0.7857142857142857,204.71428571428572,181.0,186.57142857142858
2018-03-02,1.1285714285714286,0.5857142857142856,0.8571428571428571,202.85714285714286,180.14285714285714,185.57142857142858
2018-03-03,1.2285714285714284,0.7000000000000001,0.9428571428571428,201.28571428571428,180.28571428571428,185.71428571428572
2018-03-04,1.2857142857142858,0.7857142857142857,1.0142857142857145,199.71428571428572,179.85714285714286,185.0
2018-03-05,1.3571428571428572,0.8857142857142856,1.0999999999999999,186.42857142857142,179.57142857142858,182.71428571428572
2018-03-06,1.4428571428571428,0.9714285714285714,1.1857142857142857,185.14285714285714,178.85714285714286,181.85714285714286
2018-03-07,1.5,1.0571428571428572,1.257142857142857,183.85714285714286,178.42857142857142,180.71428571428572
2018-03-08,1.4714285714285715,1.1,1.2714285714285716,182.0,177.57142857142858,179.57142857142858
2018-03-09,1.4000000000000001,1.0571428571428572,1.2285714285714284,182.57142857142858,177.0,179.28571428571428
2018-03-10,1.385714285714286,1.0285714285714287,1.2,182.57142857142858,176.71428571428572,178.85714285714286
2018-03-11,1.3857142857142857,1.0285714285714287,1.2,182.71428571428572,175.57142857142858,178.42857142857142
2018-03-12,1.4000000000000001,1.0142857142857142,1.2,184.57142857142858,175.28571428571428,178.71428571428572
2018-03-13,1.4285714285714286,1.0142857142857142,1.2285714285714284,183.85714285714286,174.0,177.71428571428572
2018-03-14,1.3857142857142857,1.0142857142857145,1.2142857142857142,183.14285714285714,173.85714285714286,177.57142857142858
2018-03-15,1.342857142857143,0.942857142857143,1.157142857142857,184.42857142857142,174.71428571428572,178.71428571428572
2018-03-16,1.3571428571428572,0.9142857142857144,1.1428571428571428,186.0,176.14285714285714,180.42857142857142
2018-03-17,1.3142857142857143,0.9,1.1142857142857143,186.57142857142858,177.0,181.14285714285714
2018-03-18,1.2714285714285716,0.8142857142857143,1.0428571428571427,186.57142857142858,176.85714285714286,181.28571428571428
2018-03-19,1.2571428571428573,0.7714285714285715,1.0142857142857142,184.14285714285714,176.28571428571428,180.28571428571428
2018-03-20,1.2285714285714284,0.7285714285714286,0.9857142857142857,183.85714285714286,176.57142857142858,180.42857142857142
2018-03-21,1.2571428571428573,0.7000000000000001,0.9714285714285714,183.71428571428572,176.57142857142858,180.28571428571428
2018-03-22,1.2857142857142858,0.7285714285714285,1.0,183.71428571428572,176.0,179.71428571428572
2018-03-23,1.3571428571428572,0.7714285714285715,1.042857142857143,184.28571428571428,175.14285714285714,178.42857142857142
2018-03-24,1.4285714285714286,0.7857142857142857,1.1,182.57142857142858,173.85714285714286,177.0
2018-03-25,1.5714285714285714,0.9000000000000001,1.2142857142857142,181.71428571428572,173.85714285714286,176.28571428571428
2018-03-26,1.6857142857142855,0.9714285714285714,1.3,182.14285714285714,173.85714285714286,176.28571428571428
2018-03-27,1.8285714285714287,1.042857142857143,1.385714285714286,182.71428571428572,174.14285714285714,176.28571428571428
2018-03-28,1.9142857142857141,1.1,1.457142857142857,184.71428571428572,174.28571428571428,177.14285714285714
2018-03-29,2.0285714285714285,1.2142857142857142,1.5714285714285714,186.0,175.0,178.28571428571428
2018-03-30,2.1,1.3142857142857145,1.6714285714285713,183.57142857142858,175.0,178.14285714285714
2018-03-31,2.257142857142857,1.5,1.8285714285714287,184.42857142857142,175.42857142857142,178.71428571428572
2018-04-01,2.3857142857142857,1.6,1.957142857142857,184.85714285714286,175.42857142857142,178.85714285714286
2018-04-02,2.4857142857142853,1.757142857142857,2.1,187.14285714285714,176.0,180.0
2018-04-03,2.5285714285714285,1.8142857142857143,2.1714285714285713,187.0,176.0,180.14285714285714
2018-04-04,2.542857142857143,1.8857142857142857,2.2285714285714286,186.57142857142858,176.42857142857142,180.14285714285714
2018-04-05,2.6,1.9000000000000001,2.2714285714285714,186.85714285714286,175.0,179.71428571428572
2018-04-06,2.5714285714285716,1.8285714285714285,2.2285714285714286,187.85714285714286,172.71428571428572,179.71428571428572
2018-04-07,2.4285714285714284,1.7,2.1142857142857143,189.14285714285714,170.28571428571428,179.57142857142858
2018-04-08,2.3428571428571425,1.6285714285714283,2.042857142857143,190.57142857142858,169.0,179.57142857142858
2018-04-09,2.257142857142857,1.5571428571428572,1.9571428571428573,189.57142857142858,167.42857142857142,178.14285714285714
2018-04-10,2.2142857142857144,1.5,1.9000000000000001,189.85714285714286,166.0,178.42857142857142
2018-04-11,2.2285714285714286,1.5142857142857142,1.9142857142857144,188.71428571428572,165.28571428571428,177.71428571428572
2018-04-12,2.2857142857142856,1.5,1.9285714285714286,186.85714285714286,165.85714285714286,177.0
2018-04-13,2.4,1.6142857142857143,2.0285714285714285,186.0,167.71428571428572,176.85714285714286
2018-04-14,2.5714285714285716,1.7857142857142858,2.2,184.28571428571428,170.0,176.71428571428572
2018-04-15,2.6571428571428575,1.9285714285714286,2.314285714285714,182.57142857142858,171.42857142857142,176.85714285714286
2018-04-16,2.6714285714285713,1.957142857142857,2.3285714285714287,183.0,173.0,178.42857142857142
2018-04-17,2.642857142857143,2.0428571428571427,2.357142857142857,188.0,174.57142857142858,179.14285714285714
2018-04-18,2.6714285714285713,2.085714285714286,2.3857142857142857,189.57142857142858,175.85714285714286,180.42857142857142
2018-04-19,2.6571428571428575,2.1714285714285713,2.414285714285714,189.85714285714286,176.28571428571428,180.71428571428572
2018-04-20,2.657142857142857,2.228571428571428,2.457142857142857,190.57142857142858,176.71428571428572,181.28571428571428
2018-04-21,2.642857142857143,2.242857142857143,2.442857142857143,191.0,177.28571428571428,181.85714285714286
2018-04-22,2.757142857142857,2.242857142857143,2.5,192.0,176.42857142857142,181.0
2018-04-23,2.9857142857142853,2.3428571428571425,2.6714285714285713,189.42857142857142,175.14285714285714,178.85714285714286
2018-04-24,3.2285714285714286,2.4857142857142853,2.857142857142857,184.28571428571428,174.57142857142858,177.42857142857142
2018-04-25,3.5714285714285716,2.685714285714286,3.1285714285714286,184.0,173.42857142857142,176.85714285714286
2018-04-26,3.857142857142857,2.8285714285714287,3.357142857142857,185.42857142857142,173.71428571428572,177.42857142857142
2018-04-27,4.0,2.9285714285714284,3.4714285714285715,185.57142857142858,173.42857142857142,177.0
2018-04-28,4.214285714285714,3.057142857142857,3.657142857142857,187.14285714285714,173.28571428571428,177.42857142857142
2018-04-29,4.371428571428571,3.314285714285714,3.857142857142857,188.0,175.28571428571428,179.57142857142858
2018-04-30,4.485714285714286,3.5428571428571423,4.028571428571429,189.85714285714286,177.14285714285714,181.28571428571428
2018-05-01,4.571428571428571,3.7142857142857144,4.157142857142857,191.0,178.14285714285714,182.42857142857142
2018-05-02,4.585714285714286,3.7857142857142856,4.2,192.71428571428572,179.0,183.42857142857142
2018-05-03,4.771428571428571,4.028571428571428,4.371428571428572,194.14285714285714,179.85714285714286,184.57142857142858
2018-05-04,4.942857142857143,4.214285714285714,4.542857142857143,195.71428571428572,180.71428571428572,186.0
2018-05-05,5.2,4.328571428571428,4.642857142857143,195.85714285714286,180.85714285714286,186.14285714285714
2018-05-06,5.414285714285714,4.485714285714286,4.814285714285715,197.85714285714286,180.57142857142858,186.0
2018-05-07,5.614285714285714,4.528571428571429,4.914285714285714,198.14285714285714,180.14285714285714,185.71428571428572
2018-05-08,5.771428571428571,4.571428571428571,5.0,198.14285714285714,180.0,185.85714285714286
2018-05-09,5.8,4.6571428571428575,5.042857142857143,196.28571428571428,180.0,185.14285714285714
2018-05-10,6.314285714285715,4.714285714285714,5.271428571428572,195.42857142857142,179.71428571428572,184.57142857142858
2018-05-11,6.857142857142857,5.085714285714286,5.8,197.85714285714286,180.57142857142858,186.14285714285714
2018-05-12,7.057142857142857,5.171428571428572,6.000000000000001,198.71428571428572,180.71428571428572,186.42857142857142
2018-05-13,7.128571428571428,5.114285714285714,5.971428571428572,198.71428571428572,180.71428571428572,186.71428571428572
2018-05-14,7.6000000000000005,5.314285714285715,6.257142857142858,201.71428571428572,181.57142857142858,188.57142857142858
2018-05-15,8.114285714285714,5.757142857142857,6.728571428571429,204.0,182.71428571428572,190.28571428571428
2018-05-16,8.5,6.071428571428571,7.114285714285715,206.85714285714286,183.57142857142858,192.0
2018-05-17,8.457142857142857,6.285714285714286,7.242857142857142,210.14285714285714,184.42857142857142,193.85714285714286
2018-05-18,8.4,6.357142857142857,7.171428571428571,207.85714285714286,183.57142857142858,192.57142857142858
2018-05-19,8.442857142857141,6.685714285714286,7.357142857142857,207.57142857142858,183.57142857142858,192.42857142857142
2018-05-20,8.685714285714285,6.957142857142856,7.685714285714285,207.28571428571428,183.42857142857142,192.42857142857142
2018-05-21,8.528571428571428,7.2285714285714295,7.814285714285714,206.57142857142858,183.0,191.42857142857142
2018-05-22,8.714285714285714,7.2285714285714295,7.857142857142857,206.14285714285714,182.42857142857142,191.0
2018-05-23,9.071428571428571,7.3428571428571425,8.1,206.42857142857142,182.14285714285714,191.0
2018-05-24,9.171428571428573,7.585714285714286,8.285714285714286,203.14285714285714,181.57142857142858,189.14285714285714
2018-05-25,9.257142857142856,7.700000000000001,8.4,204.0,182.28571428571428,189.42857142857142
2018-05-26,9.814285714285715,7.8428571428571425,8.9,204.57142857142858,182.85714285714286,190.28571428571428
2018-05-27,10.228571428571428,8.257142857142858,9.314285714285715,205.42857142857142,183.71428571428572,190.57142857142858
2018-05-28,10.657142857142857,8.485714285714286,9.657142857142857,205.71428571428572,184.0,191.14285714285714
2018-05-29,10.87142857142857,8.942857142857143,10.042857142857143,208.0,184.71428571428572,192.57142857142858
2018-05-30,10.957142857142857,9.257142857142856,10.200000000000001,207.0,184.28571428571428,191.57142857142858
2018-05-31,11.4,9.414285714285715,10.5,206.28571428571428,183.71428571428572,191.42857142857142
2018-06-01,12.1,10.014285714285714,11.128571428571428,206.71428571428572,183.71428571428572,191.42857142857142
2018-06-02,12.585714285714285,10.700000000000001,11.528571428571428,207.85714285714286,183.85714285714286,191.42857142857142
2018-06-03,12.971428571428572,10.642857142857142,11.599999999999998,207.14285714285714,183.14285714285714,191.71428571428572
2018-06-04,13.357142857142858,10.6,11.785714285714286,205.85714285714286,182.57142857142858,190.71428571428572
2018-06-05,13.642857142857142,10.885714285714286,12.071428571428571,203.42857142857142,182.0,188.71428571428572
2018-06-06,13.914285714285715,11.2,12.385714285714286,202.14285714285714,182.28571428571428,188.57142857142858
2018-06-07,13.914285714285713,11.37142857142857,12.514285714285714,203.42857142857142,182.57142857142858,189.0
2018-06-08,14.014285714285714,11.185714285714283,12.514285714285716,203.71428571428572,182.28571428571428,189.28571428571428
2018-06-09,13.842857142857143,10.942857142857141,12.414285714285715,203.28571428571428,181.85714285714286,189.0
2018-06-10,13.957142857142857,11.228571428571428,12.685714285714287,204.71428571428572,182.85714285714286,190.42857142857142
2018-06-11,13.957142857142857,11.471428571428572,12.785714285714286,205.71428571428572,183.0,191.28571428571428
2018-06-12,13.928571428571429,11.171428571428569,12.62857142857143,206.28571428571428,182.85714285714286,191.57142857142858
2018-06-13,14.328571428571427,11.085714285714285,12.842857142857142,207.42857142857142,182.71428571428572,192.0
2018-06-14,14.757142857142858,11.685714285714285,13.342857142857143,206.28571428571428,182.14285714285714,191.57142857142858
2018-06-15,14.942857142857141,12.285714285714286,13.728571428571428,204.42857142857142,180.71428571428572,190.28571428571428
2018-06-16,15.328571428571427,12.714285714285714,14.042857142857143,200.71428571428572,179.14285714285714,188.28571428571428
2018-06-17,15.714285714285714,13.271428571428572,14.542857142857143,198.0,177.57142857142858,185.71428571428572
2018-06-18,16.442857142857143,14.0,15.27142857142857,197.0,176.42857142857142,184.85714285714286
2018-06-19,17.114285714285717,15.057142857142859,16.157142857142855,195.85714285714286,175.85714285714286,183.85714285714286
2018-06-20,17.442857142857143,15.357142857142858,16.45714285714286,196.42857142857142,175.0,183.0
2018-06-21,17.75714285714286,15.471428571428572,16.657142857142855,196.14285714285714,174.85714285714286,182.57142857142858
2018-06-22,17.857142857142858,15.085714285714287,16.6,198.0,175.57142857142858,183.42857142857142
2018-06-23,17.985714285714288,15.0,16.74285714285714,201.14285714285714,177.0,185.71428571428572
2018-06-24,18.014285714285712,15.1,16.814285714285713,204.71428571428572,177.0,186.85714285714286
2018-06-25,17.8,15.285714285714286,16.785714285714285,203.71428571428572,177.42857142857142,186.57142857142858
2018-06-26,17.642857142857142,14.971428571428572,16.52857142857143,203.71428571428572,176.71428571428572,186.14285714285714
2018-06-27,17.7,15.271428571428572,16.62857142857143,203.0,176.85714285714286,185.85714285714286
2018-06-28,17.685714285714287,15.314285714285715,16.728571428571428,202.57142857142858,176.85714285714286,185.71428571428572
2018-06-29,17.9,16.0,17.085714285714285,199.85714285714286,176.0,184.14285714285714
2018-06-30,18.22857142857143,16.514285714285716,17.414285714285715,197.14285714285714,174.71428571428572,182.28571428571428
2018-07-01,18.685714285714287,16.914285714285715,17.814285714285713,192.57142857142858,174.71428571428572,181.0
2018-07-02,19.285714285714285,17.271428571428572,18.257142857142856,193.57142857142858,175.0,181.57142857142858
2018-07-03,20.285714285714285,17.914285714285715,19.185714285714287,193.71428571428572,175.71428571428572,182.57142857142858
2018-07-04,20.942857142857143,18.7,19.942857142857143,193.28571428571428,176.0,183.14285714285714
2018-07-05,21.714285714285715,19.342857142857145,20.557142857142857,195.28571428571428,176.28571428571428,183.71428571428572
2018-07-06,22.785714285714285,19.97142857142857,21.47142857142857,198.57142857142858,177.42857142857142,185.0
2018-07-07,23.485714285714284,20.557142857142857,22.2,199.57142857142858,178.85714285714286,185.85714285714286
2018-07-08,23.82857142857143,20.62857142857143,22.45714285714286,200.42857142857142,179.14285714285714,186.14285714285714
2018-07-09,24.057142857142853,20.428571428571427,22.599999999999998,200.28571428571428,179.14285714285714,186.0
2018-07-10,23.942857142857143,20.642857142857142,22.557142857142853,200.85714285714286,179.28571428571428,186.28571428571428
2018-07-11,23.97142857142857,20.67142857142857,22.642857142857142,202.28571428571428,179.42857142857142,186.71428571428572
2018-07-12,23.657142857142862,20.37142857142857,22.414285714285715,202.42857142857142,179.57142857142858,187.0
2018-07-13,23.185714285714283,19.900000000000002,21.942857142857147,199.28571428571428,179.85714285714286,186.57142857142858
2018-07-14,22.914285714285715,19.771428571428572,21.642857142857142,199.0,179.85714285714286,186.71428571428572
2018-07-15,22.842857142857138,20.12857142857143,21.75714285714286,198.28571428571428,180.28571428571428,186.85714285714286
2018-07-16,22.771428571428572,20.642857142857142,21.900000000000002,197.14285714285714,181.0,186.85714285714286
2018-07-17,22.814285714285713,20.67142857142857,21.900000000000002,195.57142857142858,181.28571428571428,186.42857142857142
2018-07-18,22.900000000000002,20.842857142857145,21.985714285714288,193.0,181.28571428571428,185.71428571428572
2018-07-19,23.22857142857143,21.2,22.342857142857138,192.28571428571428,181.57142857142858,185.42857142857142
2018-07-20,23.38571428571429,21.58571428571429,22.514285714285712,192.28571428571428,180.28571428571428,185.14285714285714
2018-07-21,23.571428571428573,21.814285714285717,22.757142857142856,192.14285714285714,179.42857142857142,184.57142857142858
2018-07-22,23.77142857142857,22.071428571428573,22.94285714285714,191.0,177.85714285714286,183.57142857142858
2018-07-23,23.88571428571429,22.242857142857144,23.057142857142853,190.42857142857142,176.14285714285714,182.28571428571428
2018-07-24,23.842857142857145,22.414285714285715,23.157142857142855,189.57142857142858,175.0,181.57142857142858
2018-07-25,23.87142857142857,22.5,23.185714285714283,190.0,174.85714285714286,181.85714285714286
2018-07-26,23.857142857142858,22.814285714285713,23.285714285714285,190.28571428571428,170.85714285714286,181.85714285714286
2018-07-27,23.91428571428571,23.099999999999998,23.471428571428568,190.57142857142858,168.42857142857142,181.28571428571428
2018-07-28,23.971428571428568,23.285714285714285,23.557142857142857,191.57142857142858,170.0,182.57142857142858
2018-07-29,23.95714285714286,23.32857142857143,23.599999999999998,193.85714285714286,172.42857142857142,184.42857142857142
2018-07-30,24.04285714285714,23.37142857142857,23.685714285714287,196.42857142857142,174.42857142857142,186.71428571428572
2018-07-31,24.17142857142857,23.400000000000002,23.75714285714286,199.85714285714286,176.42857142857142,189.14285714285714
2018-08-01,24.25714285714286,23.457142857142856,23.82857142857143,201.42857142857142,176.57142857142858,189.57142857142858
2018-08-02,24.41428571428571,23.571428571428573,23.942857142857147,201.0,181.28571428571428,190.71428571428572
2018-08-03,24.47142857142857,23.657142857142855,24.014285714285716,202.14285714285714,185.57142857142858,192.42857142857142
2018-08-04,24.428571428571427,23.74285714285714,24.057142857142857,201.42857142857142,185.28571428571428,192.14285714285714
2018-08-05,24.457142857142856,23.74285714285714,24.071428571428573,202.28571428571428,185.57142857142858,192.57142857142858
2018-08-06,24.58571428571429,23.785714285714285,24.142857142857142,202.42857142857142,185.0,192.42857142857142
2018-08-07,24.75714285714286,23.928571428571427,24.285714285714285,201.28571428571428,184.42857142857142,191.42857142857142
2018-08-08,24.82857142857143,24.114285714285717,24.442857142857143,201.42857142857142,185.28571428571428,192.28571428571428
2018-08-09,24.91428571428571,24.2,24.52857142857143,203.85714285714286,186.14285714285714,193.57142857142858
2018-08-10,25.016666666666666,24.25,24.616666666666664,203.85714285714286,186.0,193.71428571428572
2018-08-11,25.25,24.266666666666666,24.75,207.71428571428572,187.0,195.57142857142858
2018-08-12,25.349999999999998,24.25,24.766666666666666,207.28571428571428,186.85714285714286,195.42857142857142
2018-08-13,25.349999999999998,24.366666666666664,24.833333333333332,206.28571428571428,186.71428571428572,195.0
2018-08-14,25.349999999999998,24.38333333333333,24.849999999999998,206.85714285714286,187.28571428571428,195.71428571428572
2018-08-15,25.46666666666667,24.433333333333334,24.900000000000002,209.71428571428572,187.57142857142858,197.57142857142858
2018-08-16,25.583333333333332,24.55,25.03333333333333,208.42857142857142,185.14285714285714,195.85714285714286
2018-08-17,25.61428571428571,24.585714285714285,25.085714285714285,209.42857142857142,183.85714285714286,196.42857142857142
2018-08-18,25.5,24.585714285714285,25.014285714285712,207.85714285714286,174.71428571428572,194.85714285714286
2018-08-19,25.442857142857143,24.642857142857142,25.02857142857143,208.85714285714286,172.14285714285714,194.14285714285714
2018-08-20,25.342857142857145,24.514285714285716,24.91428571428571,211.14285714285714,172.57142857142858,194.85714285714286
2018-08-21,25.199999999999996,24.371428571428574,24.785714285714285,212.28571428571428,172.28571428571428,194.71428571428572
2018-08-22,24.985714285714284,24.185714285714283,24.599999999999998,208.85714285714286,172.14285714285714,192.42857142857142
2018-08-23,24.67142857142857,23.857142857142858,24.285714285714285,209.28571428571428,173.71428571428572,193.42857142857142
2018-08-24,24.300000000000004,23.528571428571432,23.928571428571427,209.28571428571428,175.42857142857142,193.42857142857142
2018-08-25,24.099999999999998,23.22857142857143,23.685714285714283,211.42857142857142,183.71428571428572,194.14285714285714
2018-08-26,24.0,23.08571428571429,23.542857142857144,209.14285714285714,185.57142857142858,194.0
2018-08-27,23.82857142857143,22.971428571428568,23.400000000000002,206.28571428571428,186.0,193.71428571428572
2018-08-28,23.657142857142862,22.87142857142857,23.24285714285714,204.42857142857142,185.85714285714286,193.14285714285714
2018-08-29,23.58571428571429,22.771428571428572,23.157142857142855,210.71428571428572,185.71428571428572,194.57142857142858
2018-08-30,23.642857142857142,22.8,23.171428571428574,210.28571428571428,185.57142857142858,194.14285714285714
2018-08-31,23.72857142857143,22.714285714285715,23.2,212.42857142857142,184.85714285714286,193.57142857142858
2018-09-01,23.671428571428574,22.628571428571426,23.114285714285717,208.14285714285714,184.14285714285714,192.42857142857142
2018-09-02,23.571428571428573,22.557142857142853,23.042857142857144,208.0,183.71428571428572,192.0
2018-09-03,23.52857142857143,22.514285714285712,23.0,207.71428571428572,183.28571428571428,191.28571428571428
2018-09-04,23.571428571428573,22.485714285714288,23.014285714285712,211.85714285714286,183.42857142857142,191.71428571428572
2018-09-05,23.485714285714284,22.357142857142858,22.942857142857147,211.0,183.14285714285714,190.28571428571428
2018-09-06,23.428571428571427,22.17142857142857,22.814285714285713,210.85714285714286,182.85714285714286,189.71428571428572
2018-09-07,23.41428571428571,22.3,22.87142857142857,207.57142857142858,181.42857142857142,188.85714285714286
2018-09-08,23.428571428571427,22.428571428571427,22.95714285714286,210.0,181.71428571428572,189.14285714285714
2018-09-09,23.385714285714283,21.97142857142857,22.714285714285715,209.85714285714286,181.57142857142858,189.0
2018-09-10,23.02857142857143,21.442857142857147,22.285714285714285,209.14285714285714,181.0,188.57142857142858
2018-09-11,22.5,21.028571428571432,21.82857142857143,205.71428571428572,180.42857142857142,187.42857142857142
2018-09-12,22.142857142857142,20.52857142857143,21.4,198.85714285714286,175.14285714285714,185.57142857142858
2018-09-13,21.771428571428572,20.342857142857145,21.142857142857142,196.85714285714286,175.0,184.85714285714286
2018-09-14,21.514285714285712,20.071428571428573,20.82857142857143,196.57142857142858,176.14285714285714,185.42857142857142
2018-09-15,21.457142857142856,19.900000000000002,20.685714285714287,194.57142857142858,176.0,185.28571428571428
2018-09-16,21.457142857142856,20.285714285714285,20.87142857142857,194.14285714285714,176.42857142857142,185.42857142857142
2018-09-17,21.900000000000002,20.814285714285713,21.32857142857143,194.71428571428572,176.71428571428572,185.71428571428572
2018-09-18,22.385714285714283,21.25714285714286,21.785714285714285,194.28571428571428,176.85714285714286,186.28571428571428
2018-09-19,22.728571428571428,21.8,22.2,195.42857142857142,181.85714285714286,187.42857142857142
2018-09-20,22.914285714285715,21.87142857142857,22.314285714285717,195.85714285714286,181.42857142857142,187.28571428571428
2018-09-21,22.814285714285717,21.842857142857145,22.257142857142856,195.42857142857142,181.57142857142858,186.71428571428572
2018-09-22,22.557142857142853,21.642857142857142,22.057142857142857,203.0,177.14285714285714,185.71428571428572
2018-09-23,22.185714285714287,21.25714285714286,21.685714285714287,203.14285714285714,176.85714285714286,185.71428571428572
2018-09-24,21.585714285714285,20.714285714285715,21.142857142857142,204.85714285714286,176.85714285714286,185.85714285714286
2018-09-25,20.914285714285715,19.928571428571427,20.400000000000002,203.28571428571428,176.28571428571428,185.0
2018-09-26,20.157142857142855,19.114285714285717,19.599999999999998,210.14285714285714,174.14285714285714,185.14285714285714
2018-09-27,19.585714285714285,18.52857142857143,18.985714285714288,211.0,172.0,185.85714285714286
2018-09-28,19.142857142857142,18.085714285714285,18.542857142857144,210.0,171.85714285714286,185.57142857142858
2018-09-29,18.75714285714286,17.742857142857144,18.2,206.0,176.14285714285714,186.0
2018-09-30,18.457142857142856,17.485714285714288,17.9,208.42857142857142,176.42857142857142,186.42857142857142
2018-10-01,18.2,17.25714285714286,17.628571428571426,207.42857142857142,176.85714285714286,186.85714285714286
2018-10-02,17.95714285714286,17.142857142857142,17.45714285714286,214.42857142857142,177.71428571428572,188.0
2018-10-03,17.742857142857144,16.928571428571427,17.27142857142857,207.57142857142858,174.14285714285714,187.28571428571428
2018-10-04,17.385714285714286,16.75714285714286,17.057142857142857,208.14285714285714,176.57142857142858,187.0
2018-10-05,17.085714285714285,16.485714285714288,16.771428571428572,210.0,176.71428571428572,187.85714285714286
2018-10-06,16.75714285714286,16.214285714285715,16.442857142857143,209.28571428571428,177.0,188.71428571428572
2018-10-07,16.4,15.885714285714286,16.114285714285717,209.14285714285714,177.28571428571428,189.0
2018-10-08,16.1,15.585714285714285,15.842857142857143,210.42857142857142,177.0,188.85714285714286
2018-10-09,15.799999999999999,15.342857142857142,15.585714285714285,204.71428571428572,176.42857142857142,188.28571428571428
2018-10-10,15.742857142857144,15.242857142857144,15.471428571428573,205.28571428571428,182.42857142857142,189.14285714285714
2018-10-11,15.828571428571431,15.214285714285714,15.5,204.14285714285714,182.28571428571428,189.0
2018-10-12,15.957142857142857,15.271428571428572,15.557142857142855,203.14285714285714,180.0,188.0
2018-10-13,16.0,15.22857142857143,15.571428571428571,201.28571428571428,180.14285714285714,188.0
2018-10-14,15.928571428571429,15.1,15.471428571428572,199.42857142857142,179.57142857142858,187.14285714285714
2018-10-15,15.87142857142857,14.971428571428573,15.37142857142857,196.57142857142858,179.0,186.0
2018-10-16,15.842857142857143,14.885714285714286,15.314285714285715,196.57142857142858,179.0,185.85714285714286
2018-10-17,15.571428571428571,14.685714285714287,15.085714285714285,194.28571428571428,178.42857142857142,185.0
2018-10-18,15.12857142857143,14.214285714285714,14.642857142857142,202.14285714285714,178.14285714285714,184.57142857142858
2018-10-19,14.485714285714286,13.585714285714287,14.057142857142859,200.14285714285714,179.57142857142858,183.85714285714286
2018-10-20,13.971428571428572,13.114285714285714,13.557142857142855,197.57142857142858,178.42857142857142,182.28571428571428
2018-10-21,13.657142857142857,12.842857142857143,13.257142857142856,197.0,178.28571428571428,182.14285714285714
2018-10-22,13.285714285714286,12.400000000000002,12.828571428571427,196.85714285714286,178.14285714285714,182.28571428571428
2018-10-23,12.842857142857142,11.942857142857145,12.4,194.0,177.57142857142858,180.85714285714286
2018-10-24,12.514285714285714,11.671428571428573,12.099999999999998,197.0,177.14285714285714,180.71428571428572
2018-10-25,12.242857142857144,11.471428571428572,11.828571428571427,187.71428571428572,176.85714285714286,180.42857142857142
2018-10-26,12.071428571428571,11.257142857142856,11.614285714285714,187.57142857142858,176.85714285714286,180.42857142857142
2018-10-27,11.799999999999999,10.957142857142857,11.328571428571427,186.71428571428572,176.57142857142858,180.0
2018-10-28,11.414285714285713,10.5,10.957142857142856,192.28571428571428,173.42857142857142,179.28571428571428
2018-10-29,11.12857142857143,10.328571428571427,10.757142857142856,192.14285714285714,172.85714285714286,178.71428571428572
2018-10-30,11.028571428571428,10.214285714285714,10.62857142857143,193.42857142857142,173.0,179.28571428571428
2018-10-31,10.842857142857142,9.985714285714284,10.4,189.85714285714286,173.14285714285714,179.14285714285714
2018-11-01,10.585714285714285,9.785714285714286,10.185714285714285,190.42857142857142,173.28571428571428,179.28571428571428
2018-11-02,10.471428571428572,9.742857142857144,10.12857142857143,191.28571428571428,169.42857142857142,179.28571428571428
2018-11-03,10.4,9.771428571428572,10.114285714285714,191.85714285714286,165.57142857142858,179.0
2018-11-04,10.385714285714286,9.8,10.085714285714285,185.57142857142858,164.28571428571428,178.85714285714286
2018-11-05,10.285714285714286,9.728571428571428,9.985714285714286,185.28571428571428,164.28571428571428,178.85714285714286
2018-11-06,10.1,9.614285714285716,9.842857142857143,185.14285714285714,163.85714285714286,178.71428571428572
2018-11-07,10.014285714285716,9.585714285714285,9.828571428571427,186.14285714285714,163.85714285714286,178.71428571428572
2018-11-08,10.042857142857143,9.6,9.857142857142858,186.0,164.28571428571428,179.0
2018-11-09,9.942857142857141,9.528571428571428,9.771428571428572,186.57142857142858,168.42857142857142,179.42857142857142
2018-11-10,9.842857142857142,9.428571428571429,9.657142857142857,187.57142857142858,172.57142857142858,180.14285714285714
2018-11-11,9.742857142857144,9.328571428571427,9.557142857142859,187.85714285714286,176.57142857142858,180.57142857142858
2018-11-12,9.614285714285714,9.171428571428569,9.414285714285715,187.71428571428572,176.71428571428572,180.42857142857142
2018-11-13,9.471428571428572,9.014285714285714,9.257142857142856,187.14285714285714,176.71428571428572,180.0
2018-11-14,9.299999999999999,8.785714285714286,9.071428571428571,186.57142857142858,176.28571428571428,179.71428571428572
2018-11-15,9.0,8.442857142857143,8.742857142857142,185.71428571428572,175.57142857142858,178.85714285714286
2018-11-16,8.714285714285714,8.142857142857142,8.428571428571429,184.28571428571428,175.14285714285714,178.14285714285714
2018-11-17,8.471428571428572,7.8,8.142857142857142,182.71428571428572,174.85714285714286,177.57142857142858
2018-11-18,8.257142857142856,7.614285714285715,7.942857142857143,185.57142857142858,174.42857142857142,178.0
2018-11-19,8.071428571428571,7.457142857142857,7.771428571428571,187.0,174.57142857142858,178.85714285714286
2018-11-20,7.985714285714286,7.314285714285715,7.6571428571428575,189.0,174.85714285714286,179.57142857142858
2018-11-21,7.857142857142857,7.185714285714286,7.514285714285714,188.57142857142858,175.14285714285714,179.57142857142858
2018-11-22,7.742857142857143,6.985714285714286,7.3999999999999995,199.14285714285714,175.57142857142858,181.14285714285714
2018-11-23,7.5,6.585714285714286,7.085714285714286,199.71428571428572,176.0,181.85714285714286
2018-11-24,7.2,6.271428571428571,6.799999999999999,201.28571428571428,176.28571428571428,182.57142857142858
2018-11-25,7.0,5.871428571428571,6.414285714285714,205.28571428571428,176.85714285714286,184.0
2018-11-26,6.942857142857143,5.757142857142857,6.371428571428571,203.57142857142858,176.85714285714286,183.14285714285714
2018-11-27,6.828571428571428,5.728571428571429,6.3,201.28571428571428,177.0,182.57142857142858
2018-11-28,6.714285714285714,5.628571428571428,6.185714285714285,202.85714285714286,177.28571428571428,183.28571428571428
2018-11-29,6.6,5.671428571428572,6.114285714285715,195.57142857142858,178.85714285714286,183.85714285714286
2018-11-30,6.628571428571428,5.8999999999999995,6.242857142857143,196.57142857142858,179.42857142857142,184.85714285714286
2018-12-01,6.714285714285714,6.114285714285714,6.371428571428572,195.85714285714286,179.85714285714286,185.0
2018-12-02,6.685714285714286,6.314285714285715,6.528571428571429,188.42857142857142,180.0,183.0
2018-12-03,6.528571428571428,6.242857142857142,6.371428571428572,191.71428571428572,180.42857142857142,184.71428571428572
2018-12-04,6.414285714285714,6.0857142857142845,6.242857142857143,193.42857142857142,181.28571428571428,186.0
2018-12-05,6.285714285714286,5.928571428571429,6.071428571428571,193.42857142857142,182.0,187.0
2018-12-06,6.142857142857143,5.785714285714285,5.928571428571429,190.71428571428572,180.85714285714286,185.57142857142858
2018-12-07,6.014285714285714,5.6000000000000005,5.771428571428572,191.28571428571428,180.57142857142858,185.28571428571428
2018-12-08,5.871428571428572,5.3428571428571425,5.585714285714286,191.57142857142858,180.85714285714286,185.57142857142858
2018-12-09,5.685714285714285,5.071428571428571,5.357142857142857,192.0,180.42857142857142,185.57142857142858
2018-12-10,5.471428571428572,4.785714285714286,5.1000000000000005,192.0,180.28571428571428,185.42857142857142
2018-12-11,5.2,4.471428571428571,4.814285714285715,191.0,180.14285714285714,185.14285714285714
2018-12-12,4.8999999999999995,4.2,4.557142857142857,190.85714285714286,179.85714285714286,184.57142857142858
2018-12-13,4.7,3.9428571428571426,4.3428571428571425,191.28571428571428,180.28571428571428,185.0
2018-12-14,4.5,3.7428571428571424,4.1571428571428575,192.57142857142858,180.71428571428572,185.71428571428572
2018-12-15,4.3428571428571425,3.557142857142857,3.9428571428571426,197.71428571428572,182.57142857142858,188.57142857142858
2018-12-16,4.371428571428571,3.557142857142857,4.0,199.71428571428572,183.0,189.14285714285714
2018-12-17,4.457142857142857,3.7,4.128571428571428,196.85714285714286,180.42857142857142,186.42857142857142
2018-12-18,4.542857142857143,3.814285714285714,4.228571428571429,195.0,177.28571428571428,183.28571428571428
2018-12-19,4.614285714285715,3.8,4.242857142857143,194.71428571428572,175.28571428571428,182.85714285714286
2018-12-20,4.528571428571429,3.742857142857143,4.171428571428572,195.85714285714286,175.42857142857142,183.14285714285714
2018-12-21,4.5285714285714285,3.685714285714286,4.128571428571428,194.0,175.28571428571428,182.42857142857142
2018-12-22,4.6571428571428575,3.771428571428572,4.257142857142857,189.42857142857142,173.71428571428572,180.0
2018-12-23,4.7,3.8000000000000003,4.271428571428571,188.28571428571428,174.0,180.28571428571428
2018-12-24,4.571428571428571,3.657142857142857,4.114285714285714,189.14285714285714,177.0,182.42857142857142
2018-12-25,4.385714285714285,3.5,3.914285714285714,190.28571428571428,179.57142857142858,184.85714285714286
2018-12-26,4.271428571428571,3.5285714285714285,3.8857142857142857,188.57142857142858,180.57142857142858,183.71428571428572
2018-12-27,4.3428571428571425,3.5142857142857147,3.9285714285714284,186.14285714285714,179.14285714285714,182.0
2018-12-28,4.271428571428571,3.5,3.8857142857142857,184.71428571428572,178.57142857142858,181.14285714285714
2018-12-29,4.028571428571428,3.3999999999999995,3.7285714285714286,211.71428571428572,177.71428571428572,186.42857142857142
2018-12-30,3.7428571428571424,3.2142857142857144,3.4857142857142853,213.0,178.57142857142858,187.14285714285714
2018-12-31,3.6,3.1,3.3714285714285714,213.42857142857142,178.85714285714286,187.42857142857142
2019-01-01,3.4857142857142853,3.0,3.2857142857142856,216.85714285714286,179.85714285714286,189.0
2019-01-02,3.4,2.9,3.1999999999999997,222.42857142857142,182.42857142857142,192.42857142857142
2019-01-03,3.3428571428571425,2.8857142857142857,3.157142857142857,224.28571428571428,183.57142857142858,193.85714285714286
2019-01-04,3.357142857142857,2.8857142857142857,3.1571428571428575,225.14285714285714,184.28571428571428,194.57142857142858
2019-01-05,3.3142857142857145,2.857142857142857,3.1285714285714286,202.0,185.0,190.0
2019-01-06,3.2428571428571433,2.8285714285714287,3.0714285714285716,200.42857142857142,184.85714285714286,189.57142857142858
2019-01-07,3.2,2.742857142857143,3.0285714285714285,202.14285714285714,185.57142857142858,190.85714285714286
2019-01-08,3.185714285714286,2.6571428571428575,2.9714285714285715,201.71428571428572,184.71428571428572,190.42857142857142
2019-01-09,3.142857142857143,2.557142857142857,2.8714285714285714,201.28571428571428,183.14285714285714,190.42857142857142
2019-01-10,3.042857142857143,2.5,2.771428571428572,203.85714285714286,183.42857142857142,191.28571428571428
2019-01-11,2.914285714285714,2.3428571428571425,2.657142857142857,207.42857142857142,184.71428571428572,193.85714285714286
2019-01-12,2.728571428571428,2.0714285714285716,2.414285714285714,203.85714285714286,185.0,193.42857142857142
2019-01-13,2.6285714285714286,1.7285714285714284,2.2,203.42857142857142,183.71428571428572,192.42857142857142
2019-01-14,2.5857142857142854,1.7142857142857142,2.1714285714285713,200.14285714285714,182.14285714285714,189.85714285714286
2019-01-15,2.5428571428571423,1.657142857142857,2.1285714285714286,196.71428571428572,181.71428571428572,188.28571428571428
2019-01-16,2.3857142857142857,1.4857142857142858,1.9714285714285715,192.42857142857142,181.28571428571428,185.71428571428572
2019-01-17,2.1142857142857143,1.1714285714285715,1.6857142857142857,190.85714285714286,181.0,185.28571428571428
2019-01-18,1.9857142857142858,0.9571428571428571,1.542857142857143,189.14285714285714,179.57142857142858,182.71428571428572
2019-01-19,1.957142857142857,0.9571428571428572,1.5285714285714287,190.0,179.28571428571428,182.71428571428572
2019-01-20,1.885714285714286,1.0285714285714285,1.5,191.0,179.85714285714286,183.57142857142858
2019-01-21,1.7857142857142858,0.8571428571428573,1.3714285714285714,192.42857142857142,180.14285714285714,184.42857142857142
2019-01-22,1.6142857142857143,0.6,1.1,194.28571428571428,181.0,185.57142857142858
2019-01-23,1.4285714285714286,0.4714285714285714,0.9714285714285715,194.71428571428572,181.0,185.71428571428572
2019-01-24,1.3714285714285717,0.44285714285714295,0.9,193.28571428571428,180.71428571428572,185.14285714285714
2019-01-25,1.257142857142857,0.41428571428571426,0.7857142857142857,202.0,181.42857142857142,188.0
2019-01-26,1.2,0.35714285714285715,0.7428571428571428,203.85714285714286,182.0,189.0
2019-01-27,1.0857142857142856,0.2857142857142857,0.6857142857142857,205.14285714285714,182.71428571428572,189.71428571428572
2019-01-28,0.9428571428571428,0.19999999999999998,0.5571428571428572,205.14285714285714,183.85714285714286,190.42857142857142
2019-01-29,0.8428571428571429,0.2285714285714286,0.5571428571428572,204.71428571428572,184.57142857142858,190.85714285714286
2019-01-30,0.9,0.2571428571428572,0.5857142857142856,205.85714285714286,185.42857142857142,191.85714285714286
2019-01-31,0.9142857142857144,0.2571428571428572,0.6285714285714287,207.42857142857142,186.14285714285714,192.71428571428572
2019-02-01,0.7999999999999999,0.24285714285714285,0.5571428571428572,198.57142857142858,186.28571428571428,190.71428571428572
2019-02-02,0.6571428571428573,0.18571428571428572,0.4428571428571429,195.42857142857142,186.42857142857142,189.57142857142858
2019-02-03,0.5571428571428572,0.14285714285714285,0.35714285714285715,193.71428571428572,186.57142857142858,189.0
2019-02-04,0.4428571428571429,0.07142857142857142,0.2571428571428572,193.42857142857142,186.42857142857142,188.85714285714286
2019-02-05,0.34285714285714286,0.042857142857142864,0.21428571428571427,195.85714285714286,186.28571428571428,189.28571428571428
2019-02-06,0.2571428571428571,0.028571428571428574,0.15714285714285717,195.28571428571428,186.57142857142858,189.14285714285714
2019-02-07,0.21428571428571427,0.05714285714285715,0.14285714285714285,198.14285714285714,187.0,190.14285714285714
2019-02-08,0.24285714285714283,0.08571428571428573,0.18571428571428572,197.71428571428572,187.71428571428572,190.71428571428572
2019-02-09,0.2857142857142857,0.1142857142857143,0.22857142857142856,201.28571428571428,187.85714285714286,191.85714285714286
2019-02-10,0.2857142857142857,0.1,0.21428571428571427,204.0,188.71428571428572,193.57142857142858
2019-02-11,0.2857142857142857,0.1,0.21428571428571427,204.71428571428572,189.14285714285714,194.14285714285714
2019-02-12,0.32857142857142857,0.1142857142857143,0.2285714285714286,202.71428571428572,189.42857142857142,194.14285714285714
2019-02-13,0.32857142857142857,0.14285714285714285,0.24285714285714288,202.28571428571428,189.14285714285714,194.0
2019-02-14,0.32857142857142857,0.14285714285714285,0.24285714285714285,197.42857142857142,188.57142857142858,192.28571428571428
2019-02-15,0.3285714285714286,0.14285714285714285,0.24285714285714285,196.0,187.42857142857142,190.85714285714286
2019-02-16,0.3,0.14285714285714285,0.2285714285714286,191.85714285714286,187.0,189.42857142857142
2019-02-17,0.3,0.17142857142857146,0.2571428571428571,188.42857142857142,185.85714285714286,187.28571428571428
2019-02-18,0.32857142857142857,0.21428571428571427,0.2857142857142857,187.57142857142858,185.42857142857142,186.71428571428572
2019-02-19,0.32857142857142857,0.24285714285714285,0.3142857142857142,186.71428571428572,185.0,185.85714285714286
2019-02-20,0.34285714285714286,0.24285714285714285,0.3285714285714286,186.57142857142858,185.0,185.57142857142858
2019-02-21,0.35714285714285715,0.2571428571428571,0.34285714285714286,186.28571428571428,184.85714285714286,185.28571428571428
2019-02-22,0.37142857142857144,0.2714285714285714,0.35714285714285715,186.14285714285714,184.57142857142858,185.14285714285714
2019-02-23,0.38571428571428573,0.3,0.37142857142857144,186.0,184.28571428571428,184.85714285714286
2019-02-24,0.4,0.32857142857142857,0.38571428571428573,185.85714285714286,184.28571428571428,184.85714285714286
2019-02-25,0.4,0.32857142857142857,0.4,185.57142857142858,184.0,184.71428571428572
2019-02-26,0.4,0.32857142857142857,0.4,185.85714285714286,183.57142857142858,184.57142857142858
2019-02-27,0.42857142857142855,0.34285714285714286,0.41428571428571426,185.28571428571428,183.14285714285714,184.14285714285714
2019-02-28,0.4571428571428572,0.38571428571428573,0.4428571428571429,185.14285714285714,182.71428571428572,183.85714285714286
2019-03-01,0.4857142857142857,0.41428571428571426,0.4571428571428572,185.14285714285714,182.71428571428572,183.85714285714286
2019-03-02,0.5,0.42857142857142855,0.4714285714285715,185.0,182.42857142857142,183.57142857142858
2019-03-03,0.5142857142857143,0.4428571428571429,0.4857142857142857,184.85714285714286,181.85714285714286,183.14285714285714
2019-03-04,0.5428571428571429,0.4714285714285714,0.5,184.28571428571428,181.42857142857142,182.57142857142858
2019-03-05,0.5714285714285714,0.5,0.5142857142857143,183.57142857142858,181.28571428571428,182.28571428571428
2019-03-06,0.5714285714285714,0.5142857142857143,0.5142857142857143,183.57142857142858,181.28571428571428,182.28571428571428
2019-03-07,0.5714285714285714,0.5,0.5,184.42857142857142,181.42857142857142,182.57142857142858
2019-03-08,0.5714285714285714,0.5,0.5,184.42857142857142,181.42857142857142,182.57142857142858
2019-03-09,0.5857142857142856,0.5,0.5,184.57142857142858,181.71428571428572,182.85714285714286
2019-03-10,0.6,0.5,0.5142857142857142,184.85714285714286,182.14285714285714,183.14285714285714
2019-03-11,0.6,0.5,0.5285714285714286,185.42857142857142,182.42857142857142,183.42857142857142
2019-03-12,0.6,0.5,0.5285714285714286,195.0,182.57142857142858,185.14285714285714
2019-03-13,0.6142857142857142,0.5142857142857143,0.5428571428571428,196.85714285714286,182.85714285714286,185.71428571428572
2019-03-14,0.6285714285714284,0.5285714285714286,0.5714285714285714,196.42857142857142,183.28571428571428,186.0
2019-03-15,0.6428571428571429,0.5428571428571428,0.5857142857142856,205.57142857142858,183.42857142857142,188.0
2019-03-16,0.6857142857142857,0.5571428571428572,0.6285714285714284,208.85714285714286,184.42857142857142,189.71428571428572
2019-03-17,0.7428571428571428,0.6,0.6714285714285715,209.71428571428572,184.57142857142858,190.28571428571428
2019-03-18,0.7999999999999999,0.6428571428571429,0.7142857142857143,209.71428571428572,184.57142857142858,190.42857142857142
2019-03-19,0.8857142857142858,0.7000000000000001,0.7857142857142857,201.14285714285714,184.71428571428572,189.14285714285714
2019-03-20,0.9714285714285714,0.7571428571428572,0.8571428571428571,199.42857142857142,184.42857142857142,188.71428571428572
2019-03-21,1.0857142857142856,0.8285714285714285,0.9285714285714286,200.57142857142858,183.85714285714286,188.42857142857142
2019-03-22,1.1714285714285713,0.9142857142857144,1.0142857142857142,194.14285714285714,184.42857142857142,188.14285714285714
2019-03-23,1.2428571428571427,1.0,1.0857142857142859,194.0,183.42857142857142,187.42857142857142
2019-03-24,1.2857142857142858,1.042857142857143,1.1285714285714286,195.0,183.28571428571428,187.57142857142858
2019-03-25,1.3571428571428572,1.1,1.1857142857142855,195.14285714285714,183.28571428571428,187.57142857142858
2019-03-26,1.4000000000000001,1.1428571428571428,1.2285714285714284,198.0,183.28571428571428,188.0
2019-03-27,1.4285714285714286,1.1857142857142855,1.2714285714285716,198.85714285714286,183.0,188.14285714285714
2019-03-28,1.4285714285714286,1.2142857142857142,1.3,198.0,182.71428571428572,187.71428571428572
2019-03-29,1.4428571428571428,1.2142857142857142,1.3142857142857145,198.71428571428572,181.85714285714286,187.42857142857142
2019-03-30,1.4428571428571428,1.2142857142857142,1.3,196.57142857142858,181.85714285714286,186.71428571428572
2019-03-31,1.457142857142857,1.2285714285714284,1.3142857142857145,195.28571428571428,180.85714285714286,186.0
2019-04-01,1.4428571428571428,1.2142857142857142,1.3,195.71428571428572,180.57142857142858,185.71428571428572
2019-04-02,1.4714285714285715,1.1857142857142857,1.3,192.71428571428572,180.42857142857142,185.28571428571428
2019-04-03,1.5285714285714285,1.1857142857142857,1.3285714285714285,193.28571428571428,181.0,185.57142857142858
2019-04-04,1.5571428571428572,1.042857142857143,1.3142857142857143,192.85714285714286,181.14285714285714,185.85714285714286
2019-04-05,1.5285714285714285,0.9142857142857143,1.2285714285714284,190.28571428571428,180.85714285714286,184.28571428571428
2019-04-06,1.5428571428571427,0.8714285714285713,1.2285714285714284,190.28571428571428,180.28571428571428,183.71428571428572
2019-04-07,1.5285714285714287,0.8142857142857143,1.2,190.42857142857142,180.42857142857142,183.28571428571428
2019-04-08,1.5714285714285714,0.8428571428571429,1.2428571428571427,190.28571428571428,180.42857142857142,183.28571428571428
2019-04-09,1.5571428571428572,0.8571428571428571,1.2571428571428573,190.42857142857142,180.28571428571428,183.0
2019-04-10,1.5142857142857145,0.8714285714285713,1.2428571428571427,191.0,180.57142857142858,183.71428571428572
2019-04-11,1.5428571428571427,1.0285714285714287,1.2857142857142858,192.42857142857142,181.28571428571428,184.57142857142858
2019-04-12,1.7428571428571427,1.2,1.4714285714285715,193.0,181.57142857142858,184.71428571428572
2019-04-13,2.0,1.3285714285714287,1.6285714285714283,194.85714285714286,181.85714285714286,185.71428571428572
2019-04-14,2.2857142857142856,1.5857142857142856,1.9000000000000001,195.85714285714286,182.71428571428572,187.0
2019-04-15,2.5,1.7857142857142858,2.1142857142857143,196.42857142857142,183.14285714285714,187.42857142857142
2019-04-16,2.6999999999999997,1.9714285714285713,2.2857142857142856,197.85714285714286,183.28571428571428,188.0
2019-04-17,2.871428571428571,2.085714285714286,2.4285714285714284,196.28571428571428,183.0,187.14285714285714
2019-04-18,3.1,2.2285714285714286,2.6142857142857143,194.85714285714286,181.0,185.14285714285714
2019-04-19,3.2714285714285714,2.3714285714285714,2.7714285714285714,195.28571428571428,179.85714285714286,185.0
2019-04-20,3.4,2.6,3.0,193.57142857142858,180.42857142857142,184.85714285714286
2019-04-21,3.528571428571429,2.6714285714285713,3.0857142857142854,193.14285714285714,180.0,184.0
2019-04-22,3.6857142857142855,2.7285714285714286,3.185714285714286,193.14285714285714,179.57142857142858,183.57142857142858
2019-04-23,4.0,2.9857142857142853,3.4714285714285715,192.0,180.0,183.42857142857142
2019-04-24,4.271428571428571,3.2571428571428567,3.757142857142857,191.71428571428572,179.71428571428572,183.14285714285714
2019-04-25,4.514285714285714,3.542857142857143,4.042857142857143,193.71428571428572,181.28571428571428,185.0
2019-04-26,4.714285714285714,3.7857142857142856,4.257142857142857,194.14285714285714,182.42857142857142,185.85714285714286
2019-04-27,4.814285714285715,3.8999999999999995,4.3428571428571425,195.42857142857142,182.0,185.57142857142858
2019-04-28,4.928571428571429,4.042857142857143,4.485714285714286,196.42857142857142,182.71428571428572,186.57142857142858
2019-04-29,4.957142857142857,4.2,4.5857142857142845,197.0,183.0,187.0
2019-04-30,4.885714285714286,4.214285714285714,4.557142857142857,197.42857142857142,183.0,187.0
2019-05-01,4.8999999999999995,4.242857142857143,4.557142857142857,197.57142857142858,183.14285714285714,187.14285714285714
2019-05-02,4.8,4.228571428571429,4.485714285714286,195.42857142857142,183.0,186.42857142857142
2019-05-03,4.7,4.242857142857143,4.457142857142857,193.71428571428572,182.71428571428572,185.42857142857142
2019-05-04,4.642857142857143,4.242857142857143,4.442857142857143,193.0,182.42857142857142,185.0
2019-05-05,4.6571428571428575,4.285714285714286,4.457142857142857,192.0,181.85714285714286,184.85714285714286
2019-05-06,4.8999999999999995,4.328571428571428,4.528571428571429,192.0,181.14285714285714,184.42857142857142
2019-05-07,5.3428571428571425,4.4714285714285715,4.728571428571429,193.85714285714286,180.71428571428572,185.42857142857142
2019-05-08,5.728571428571429,4.671428571428572,5.0,200.28571428571428,181.28571428571428,187.28571428571428
2019-05-09,5.971428571428572,4.771428571428572,5.171428571428572,207.0,182.0,191.28571428571428
2019-05-10,6.228571428571429,4.814285714285715,5.271428571428572,210.14285714285714,182.57142857142858,192.71428571428572
2019-05-11,6.5,5.028571428571428,5.514285714285713,212.42857142857142,183.85714285714286,194.42857142857142
2019-05-12,6.6571428571428575,5.114285714285714,5.628571428571428,215.57142857142858,184.14285714285714,195.0
2019-05-13,6.514285714285714,5.128571428571428,5.628571428571429,216.71428571428572,184.42857142857142,196.85714285714286
2019-05-14,6.328571428571429,5.057142857142857,5.657142857142857,216.14285714285714,184.14285714285714,196.42857142857142
2019-05-15,6.242857142857143,5.142857142857143,5.671428571428572,214.85714285714286,184.14285714285714,197.0
2019-05-16,6.3,5.2,5.742857142857142,213.0,184.28571428571428,195.14285714285714
2019-05-17,6.5,5.299999999999999,5.914285714285714,213.71428571428572,184.71428571428572,196.71428571428572
2019-05-18,6.842857142857143,5.314285714285714,6.128571428571428,216.42857142857142,184.42857142857142,198.28571428571428
2019-05-19,7.2,5.485714285714286,6.3,213.71428571428572,184.14285714285714,197.42857142857142
2019-05-20,7.685714285714285,5.685714285714285,6.585714285714286,219.57142857142858,185.0,199.71428571428572
2019-05-21,8.17142857142857,6.185714285714285,7.014285714285713,222.42857142857142,187.14285714285714,202.42857142857142
2019-05-22,8.6,6.4,7.385714285714285,221.28571428571428,186.57142857142858,201.57142857142858
2019-05-23,8.77142857142857,6.528571428571428,7.5,218.0,185.0,199.57142857142858
2019-05-24,9.1,6.671428571428572,7.785714285714286,217.71428571428572,184.0,198.0
2019-05-25,9.271428571428572,7.042857142857144,8.014285714285714,215.14285714285714,183.71428571428572,196.71428571428572
2019-05-26,9.471428571428572,7.371428571428572,8.385714285714286,218.42857142857142,184.71428571428572,198.42857142857142
2019-05-27,9.742857142857144,7.871428571428572,8.8,213.0,184.85714285714286,196.14285714285714
2019-05-28,9.742857142857144,7.928571428571429,8.842857142857143,209.85714285714286,183.14285714285714,193.42857142857142
2019-05-29,9.742857142857144,8.014285714285714,8.871428571428572,209.85714285714286,184.14285714285714,194.14285714285714
2019-05-30,10.214285714285714,8.514285714285714,9.342857142857143,213.28571428571428,186.28571428571428,196.71428571428572
2019-05-31,10.6,9.085714285714285,9.785714285714286,215.85714285714286,187.42857142857142,197.85714285714286
2019-06-01,10.885714285714286,9.4,10.085714285714287,212.85714285714286,186.42857142857142,196.0
2019-06-02,11.114285714285716,9.685714285714285,10.328571428571427,211.71428571428572,184.85714285714286,194.28571428571428
2019-06-03,11.385714285714286,9.828571428571427,10.6,213.0,184.14285714285714,193.57142857142858
2019-06-04,11.828571428571427,10.299999999999999,11.028571428571428,214.57142857142858,184.57142857142858,193.42857142857142
2019-06-05,12.414285714285713,10.728571428571428,11.442857142857141,217.14285714285714,183.42857142857142,193.57142857142858
2019-06-06,12.571428571428571,11.0,11.700000000000001,214.71428571428572,182.14285714285714,192.42857142857142
2019-06-07,12.542857142857143,11.157142857142858,11.771428571428572,211.85714285714286,181.0,191.28571428571428
2019-06-08,12.628571428571428,11.214285714285714,11.828571428571427,214.14285714285714,181.28571428571428,192.42857142857142
2019-06-09,12.885714285714284,11.214285714285714,11.928571428571429,215.85714285714286,181.85714285714286,193.28571428571428
2019-06-10,13.528571428571428,11.2,12.285714285714286,215.0,182.42857142857142,193.85714285714286
2019-06-11,14.1,11.799999999999999,12.914285714285715,221.28571428571428,183.57142857142858,198.14285714285714
2019-06-12,14.528571428571428,12.5,13.542857142857143,224.0,184.0,200.14285714285714
2019-06-13,15.37142857142857,13.042857142857143,14.257142857142856,229.42857142857142,183.85714285714286,201.71428571428572
2019-06-14,16.1,13.628571428571428,14.985714285714284,234.57142857142858,184.14285714285714,202.85714285714286
2019-06-15,16.571428571428573,14.214285714285714,15.542857142857143,235.28571428571428,184.28571428571428,202.85714285714286
2019-06-16,16.95714285714286,14.928571428571429,16.142857142857142,234.42857142857142,186.28571428571428,204.14285714285714
2019-06-17,16.8,15.342857142857143,16.17142857142857,237.85714285714286,186.85714285714286,205.85714285714286
2019-06-18,16.357142857142858,14.857142857142858,15.671428571428569,233.85714285714286,185.57142857142858,203.28571428571428
2019-06-19,16.185714285714287,14.342857142857143,15.257142857142856,234.28571428571428,186.71428571428572,202.85714285714286
2019-06-20,16.314285714285713,14.085714285714287,15.299999999999999,235.0,188.71428571428572,203.71428571428572
2019-06-21,16.442857142857143,13.642857142857142,15.299999999999999,234.14285714285714,189.28571428571428,203.57142857142858
2019-06-22,16.071428571428573,13.071428571428571,14.771428571428572,234.14285714285714,189.57142857142858,203.71428571428572
2019-06-23,15.957142857142857,12.485714285714284,14.442857142857141,232.14285714285714,187.28571428571428,201.85714285714286
2019-06-24,16.185714285714287,12.342857142857143,14.514285714285714,228.0,185.71428571428572,199.28571428571428
2019-06-25,16.814285714285713,12.557142857142859,14.942857142857145,228.0,184.85714285714286,198.28571428571428
2019-06-26,17.214285714285715,13.0,15.5,222.85714285714286,183.0,195.42857142857142
2019-06-27,17.47142857142857,13.5,15.728571428571428,217.28571428571428,180.57142857142858,192.42857142857142
2019-06-28,17.871428571428574,14.357142857142858,16.071428571428573,211.57142857142858,178.85714285714286,190.0
2019-06-29,19.028571428571432,15.357142857142858,17.17142857142857,211.42857142857142,177.57142857142858,189.28571428571428
2019-06-30,19.928571428571427,16.514285714285716,18.228571428571428,215.14285714285714,177.14285714285714,190.85714285714286
2019-07-01,20.52857142857143,17.142857142857142,18.928571428571427,214.28571428571428,176.71428571428572,190.42857142857142
2019-07-02,20.885714285714283,17.3,19.32857142857143,213.14285714285714,176.28571428571428,189.57142857142858
2019-07-03,21.428571428571427,17.642857142857142,19.814285714285717,213.0,175.71428571428572,188.85714285714286
2019-07-04,21.8,18.157142857142855,20.2,211.42857142857142,175.14285714285714,187.71428571428572
2019-07-05,22.1,18.62857142857143,20.657142857142855,213.28571428571428,175.71428571428572,188.85714285714286
2019-07-06,22.571428571428573,19.285714285714285,21.32857142857143,212.71428571428572,176.14285714285714,188.57142857142858
2019-07-07,22.985714285714288,19.657142857142855,21.785714285714285,207.42857142857142,176.42857142857142,186.0
2019-07-08,23.057142857142853,19.58571428571429,21.628571428571426,206.42857142857142,176.28571428571428,185.14285714285714
2019-07-09,23.25714285714286,19.7,21.842857142857138,202.57142857142858,176.28571428571428,184.28571428571428
2019-07-10,23.457142857142856,20.014285714285712,22.04285714285714,199.71428571428572,175.71428571428572,183.14285714285714
2019-07-11,23.62857142857143,20.214285714285715,22.285714285714285,198.0,175.71428571428572,182.71428571428572
2019-07-12,23.757142857142856,20.385714285714283,22.47142857142857,195.42857142857142,175.28571428571428,181.71428571428572
2019-07-13,23.614285714285717,20.4,22.357142857142858,195.0,175.0,181.57142857142858
2019-07-14,23.7,20.5,22.285714285714285,195.71428571428572,175.0,182.42857142857142
2019-07-15,24.014285714285716,21.32857142857143,22.985714285714288,196.14285714285714,175.42857142857142,183.0
2019-07-16,24.142857142857142,22.08571428571429,23.257142857142856,199.28571428571428,175.71428571428572,184.28571428571428
2019-07-17,24.099999999999998,22.285714285714285,23.285714285714285,197.57142857142858,176.71428571428572,184.57142857142858
2019-07-18,23.971428571428568,22.414285714285715,23.285714285714285,198.0,177.14285714285714,185.14285714285714
2019-07-19,23.900000000000002,22.242857142857144,23.142857142857142,198.57142857142858,178.14285714285714,186.28571428571428
2019-07-20,23.885714285714283,22.214285714285715,23.071428571428573,197.71428571428572,178.85714285714286,186.71428571428572
2019-07-21,23.942857142857147,22.228571428571428,23.12857142857143,196.85714285714286,179.0,186.14285714285714
2019-07-22,24.085714285714285,22.542857142857144,23.300000000000004,197.28571428571428,179.14285714285714,186.28571428571428
2019-07-23,24.24285714285714,22.671428571428574,23.428571428571427,193.85714285714286,179.14285714285714,185.42857142857142
2019-07-24,24.414285714285715,22.87142857142857,23.58571428571429,196.14285714285714,179.14285714285714,186.42857142857142
2019-07-25,24.5,22.75714285714286,23.585714285714285,197.57142857142858,179.42857142857142,187.0
2019-07-26,24.614285714285717,22.74285714285714,23.657142857142855,197.0,178.85714285714286,185.85714285714286
2019-07-27,24.842857142857145,22.928571428571427,23.87142857142857,196.14285714285714,179.14285714285714,185.42857142857142
2019-07-28,24.857142857142858,23.099999999999998,23.97142857142857,196.42857142857142,179.42857142857142,186.0
2019-07-29,24.842857142857145,23.157142857142855,23.971428571428568,196.85714285714286,180.0,186.42857142857142
2019-07-30,25.085714285714285,23.428571428571427,24.2,197.85714285714286,181.28571428571428,187.28571428571428
2019-07-31,25.328571428571426,23.714285714285715,24.5,197.57142857142858,181.57142857142858,187.42857142857142
2019-08-01,25.528571428571432,24.099999999999998,24.785714285714285,202.28571428571428,182.0,188.71428571428572
2019-08-02,25.585714285714285,24.5,24.985714285714288,203.0,182.28571428571428,189.28571428571428
2019-08-03,25.599999999999998,24.485714285714288,24.97142857142857,204.42857142857142,182.71428571428572,190.14285714285714
2019-08-04,25.6,24.571428571428573,25.014285714285712,204.57142857142858,183.42857142857142,190.28571428571428
2019-08-05,25.628571428571426,24.171428571428574,24.814285714285713,207.14285714285714,183.0,191.0
2019-08-06,25.41428571428571,23.914285714285715,24.599999999999998,205.42857142857142,181.28571428571428,189.57142857142858
2019-08-07,25.12857142857143,23.714285714285715,24.357142857142858,204.42857142857142,180.85714285714286,188.71428571428572
2019-08-08,24.942857142857143,23.571428571428573,24.2,199.0,180.85714285714286,187.42857142857142
2019-08-09,24.91428571428571,23.485714285714288,24.11428571428571,198.42857142857142,180.71428571428572,187.14285714285714
2019-08-10,24.82857142857143,23.485714285714288,24.085714285714285,197.0,179.71428571428572,186.14285714285714
2019-08-11,24.61428571428571,23.242857142857144,23.885714285714283,197.42857142857142,178.85714285714286,186.14285714285714
2019-08-12,24.371428571428567,23.342857142857145,23.842857142857145,192.85714285714286,178.42857142857142,184.42857142857142
2019-08-13,24.271428571428572,23.385714285714283,23.82857142857143,193.57142857142858,178.85714285714286,184.71428571428572
2019-08-14,24.157142857142855,23.300000000000004,23.728571428571428,193.0,179.14285714285714,184.71428571428572
2019-08-15,23.985714285714284,23.08571428571429,23.54285714285714,192.71428571428572,178.57142857142858,184.14285714285714
2019-08-16,23.714285714285715,22.842857142857145,23.3,191.71428571428572,178.57142857142858,184.0
2019-08-17,23.514285714285712,22.642857142857142,23.085714285714285,191.28571428571428,178.85714285714286,184.14285714285714
2019-08-18,23.457142857142856,22.642857142857142,23.02857142857143,190.14285714285714,178.57142857142858,183.28571428571428
2019-08-19,23.514285714285716,22.74285714285714,23.1,189.85714285714286,178.71428571428572,183.42857142857142
2019-08-20,23.542857142857144,22.82857142857143,23.142857142857142,189.14285714285714,178.42857142857142,183.42857142857142
2019-08-21,23.67142857142857,22.842857142857138,23.199999999999996,190.28571428571428,178.57142857142858,183.71428571428572
2019-08-22,23.800000000000004,22.957142857142856,23.314285714285717,190.71428571428572,173.42857142857142,183.28571428571428
2019-08-23,23.928571428571427,23.11428571428571,23.45714285714286,190.85714285714286,173.14285714285714,183.0
2019-08-24,23.942857142857143,23.157142857142855,23.5,192.0,173.14285714285714,183.14285714285714
2019-08-25,23.800000000000004,23.014285714285712,23.357142857142858,193.0,173.28571428571428,183.71428571428572
2019-08-26,23.599999999999998,22.785714285714285,23.142857142857142,194.85714285714286,173.71428571428572,184.57142857142858
2019-08-27,23.428571428571427,22.557142857142857,22.942857142857143,197.57142857142858,174.71428571428572,185.85714285714286
2019-08-28,23.157142857142862,22.371428571428574,22.72857142857143,197.71428571428572,175.14285714285714,186.28571428571428
2019-08-29,22.885714285714283,22.157142857142855,22.47142857142857,200.0,180.71428571428572,187.28571428571428
2019-08-30,22.7,21.928571428571427,22.25714285714286,200.0,181.42857142857142,187.85714285714286
2019-08-31,22.52857142857143,21.75714285714286,22.085714285714285,199.14285714285714,181.14285714285714,187.71428571428572
2019-09-01,22.385714285714283,21.642857142857142,21.97142857142857,200.57142857142858,181.28571428571428,188.0
2019-09-02,22.271428571428572,21.557142857142857,21.87142857142857,201.14285714285714,181.42857142857142,188.0
2019-09-03,22.099999999999998,21.314285714285713,21.67142857142857,200.85714285714286,176.28571428571428,185.85714285714286
2019-09-04,21.9,21.085714285714285,21.442857142857143,203.0,175.42857142857142,185.71428571428572
2019-09-05,21.7,20.814285714285713,21.228571428571428,208.71428571428572,173.42857142857142,185.42857142857142
2019-09-06,21.428571428571427,20.571428571428573,20.97142857142857,210.0,173.14285714285714,186.28571428571428
2019-09-07,21.157142857142855,20.3,20.714285714285715,210.71428571428572,173.28571428571428,186.57142857142858
2019-09-08,20.928571428571427,20.014285714285712,20.5,210.14285714285714,171.85714285714286,186.14285714285714
2019-09-09,20.67142857142857,19.785714285714285,20.257142857142856,209.85714285714286,171.85714285714286,186.28571428571428
2019-09-10,20.414285714285715,19.657142857142855,20.057142857142857,208.14285714285714,176.28571428571428,187.57142857142858
2019-09-11,20.2,19.442857142857143,19.857142857142858,206.0,176.85714285714286,187.42857142857142
2019-09-12,20.099999999999998,19.400000000000002,19.771428571428572,199.85714285714286,179.14285714285714,188.28571428571428
2019-09-13,19.97142857142857,19.157142857142855,19.585714285714285,198.0,178.42857142857142,186.57142857142858
2019-09-14,19.757142857142856,18.885714285714283,19.32857142857143,196.14285714285714,178.0,185.42857142857142
2019-09-15,19.528571428571432,18.657142857142855,19.057142857142857,194.14285714285714,179.0,184.71428571428572
2019-09-16,19.342857142857145,18.5,18.885714285714283,193.28571428571428,178.28571428571428,184.0
2019-09-17,19.171428571428574,18.114285714285717,18.7,193.57142857142858,177.71428571428572,183.28571428571428
2019-09-18,18.857142857142858,17.54285714285714,18.328571428571426,191.42857142857142,176.57142857142858,182.0
2019-09-19,18.442857142857143,16.8,17.785714285714285,187.57142857142858,175.0,179.71428571428572
2019-09-20,18.057142857142857,16.428571428571427,17.428571428571427,187.28571428571428,175.14285714285714,179.71428571428572
2019-09-21,17.857142857142858,16.271428571428572,17.257142857142856,190.28571428571428,175.42857142857142,180.71428571428572
2019-09-22,17.785714285714285,16.214285714285715,17.185714285714287,195.42857142857142,176.14285714285714,182.0
2019-09-23,17.74285714285714,16.157142857142855,17.12857142857143,194.85714285714286,176.71428571428572,182.14285714285714
2019-09-24,17.714285714285715,16.357142857142854,17.12857142857143,194.57142857142858,177.57142857142858,182.57142857142858
2019-09-25,17.785714285714285,16.685714285714287,17.271428571428572,196.42857142857142,178.71428571428572,184.0
2019-09-26,17.942857142857143,17.04285714285714,17.485714285714288,198.14285714285714,179.42857142857142,185.0
2019-09-27,18.1,17.285714285714285,17.67142857142857,205.14285714285714,175.85714285714286,185.85714285714286
2019-09-28,18.2,17.32857142857143,17.742857142857144,204.0,176.57142857142858,186.0
2019-09-29,18.142857142857142,17.342857142857145,17.714285714285715,200.71428571428572,176.85714285714286,186.14285714285714
2019-09-30,17.985714285714288,17.128571428571426,17.557142857142857,201.85714285714286,176.42857142857142,186.42857142857142
2019-10-01,17.728571428571428,16.857142857142858,17.285714285714285,202.28571428571428,176.57142857142858,186.71428571428572
2019-10-02,17.514285714285712,16.7,17.071428571428573,203.42857142857142,176.71428571428572,187.57142857142858
2019-10-03,17.257142857142856,16.54285714285714,16.900000000000002,204.28571428571428,177.28571428571428,188.14285714285714
2019-10-04,16.928571428571427,16.214285714285715,16.571428571428573,200.57142857142858,181.71428571428572,188.42857142857142
2019-10-05,16.485714285714284,15.842857142857143,16.17142857142857,201.14285714285714,181.14285714285714,188.57142857142858
2019-10-06,16.071428571428573,15.357142857142858,15.728571428571428,199.85714285714286,180.28571428571428,187.28571428571428
2019-10-07,15.642857142857142,14.985714285714286,15.299999999999999,198.28571428571428,180.28571428571428,186.71428571428572
2019-10-08,15.342857142857143,14.700000000000001,15.028571428571428,198.28571428571428,180.28571428571428,186.71428571428572
2019-10-09,15.085714285714285,14.42857142857143,14.771428571428572,199.42857142857142,180.42857142857142,187.0
2019-10-10,14.799999999999999,14.171428571428573,14.471428571428572,200.42857142857142,180.28571428571428,187.14285714285714
2019-10-11,14.62857142857143,14.042857142857143,14.314285714285715,200.0,180.28571428571428,186.85714285714286
2019-10-12,14.557142857142859,14.0,14.242857142857144,199.0,180.42857142857142,186.85714285714286
2019-10-13,14.557142857142855,14.014285714285714,14.257142857142856,200.57142857142858,180.71428571428572,187.71428571428572
2019-10-14,14.62857142857143,14.085714285714285,14.342857142857143,203.42857142857142,182.28571428571428,189.57142857142858
2019-10-15,14.642857142857142,14.071428571428571,14.328571428571431,207.28571428571428,182.71428571428572,190.0
2019-10-16,14.585714285714287,13.971428571428572,14.257142857142856,204.85714285714286,182.28571428571428,188.85714285714286
2019-10-17,14.514285714285714,13.914285714285713,14.2,204.14285714285714,182.42857142857142,188.71428571428572
2019-10-18,14.385714285714286,13.685714285714285,14.014285714285714,203.57142857142858,177.57142857142858,188.42857142857142
2019-10-19,14.12857142857143,13.357142857142858,13.742857142857144,202.14285714285714,177.42857142857142,187.57142857142858
2019-10-20,13.728571428571428,13.0,13.357142857142858,199.28571428571428,176.85714285714286,186.28571428571428
2019-10-21,13.314285714285713,12.6,12.957142857142857,197.28571428571428,175.57142857142858,184.71428571428572
2019-10-22,13.057142857142855,12.299999999999999,12.671428571428569,193.71428571428572,174.71428571428572,184.0
2019-10-23,12.771428571428572,12.1,12.428571428571429,196.85714285714286,175.0,185.14285714285714
2019-10-24,12.6,11.9,12.22857142857143,197.0,175.42857142857142,186.0
2019-10-25,12.414285714285713,11.814285714285715,12.114285714285716,196.71428571428572,180.71428571428572,187.0
2019-10-26,12.299999999999999,11.814285714285715,12.042857142857143,198.57142857142858,181.28571428571428,187.71428571428572
2019-10-27,12.328571428571427,11.828571428571427,12.057142857142859,203.14285714285714,182.14285714285714,190.14285714285714
2019-10-28,12.285714285714286,11.785714285714286,12.014285714285714,206.28571428571428,182.71428571428572,191.28571428571428
2019-10-29,12.185714285714287,11.714285714285714,11.928571428571429,209.14285714285714,183.28571428571428,192.57142857142858
2019-10-30,12.171428571428569,11.685714285714285,11.9,207.14285714285714,183.57142857142858,192.0
2019-10-31,12.099999999999998,11.642857142857142,11.857142857142858,205.71428571428572,183.28571428571428,191.0
2019-11-01,12.157142857142858,11.671428571428573,11.885714285714286,205.14285714285714,182.57142857142858,190.28571428571428
2019-11-02,12.357142857142858,11.585714285714285,11.914285714285713,204.85714285714286,180.57142857142858,190.14285714285714
2019-11-03,12.257142857142856,11.5,11.828571428571427,200.42857142857142,179.85714285714286,187.85714285714286
2019-11-04,12.185714285714285,11.428571428571429,11.757142857142856,196.85714285714286,178.85714285714286,186.14285714285714
2019-11-05,12.014285714285716,11.299999999999999,11.614285714285716,192.28571428571428,178.14285714285714,184.42857142857142
2019-11-06,11.785714285714286,11.071428571428571,11.385714285714286,190.28571428571428,177.14285714285714,183.28571428571428
2019-11-07,11.528571428571427,10.8,11.114285714285714,189.42857142857142,176.28571428571428,182.28571428571428
2019-11-08,11.142857142857142,10.442857142857141,10.771428571428572,187.57142857142858,175.71428571428572,181.14285714285714
2019-11-09,10.614285714285714,10.1,10.357142857142858,185.28571428571428,176.57142857142858,179.85714285714286
2019-11-10,10.242857142857144,9.742857142857144,10.0,185.14285714285714,175.85714285714286,179.57142857142858
2019-11-11,9.914285714285713,9.385714285714286,9.62857142857143,184.71428571428572,175.71428571428572,179.85714285714286
2019-11-12,9.62857142857143,9.057142857142857,9.328571428571427,184.42857142857142,175.57142857142858,179.42857142857142
2019-11-13,9.271428571428572,8.614285714285714,8.942857142857143,184.28571428571428,175.57142857142858,179.14285714285714
2019-11-14,8.942857142857141,8.17142857142857,8.557142857142857,184.28571428571428,175.14285714285714,179.14285714285714
2019-11-15,8.6,7.785714285714286,8.17142857142857,187.42857142857142,174.85714285714286,180.71428571428572
2019-11-16,8.385714285714286,7.528571428571428,7.928571428571429,190.57142857142858,175.14285714285714,182.28571428571428
2019-11-17,8.2,7.271428571428571,7.714285714285714,191.85714285714286,175.28571428571428,182.85714285714286
2019-11-18,8.0,7.114285714285715,7.557142857142858,193.42857142857142,175.0,182.71428571428572
2019-11-19,7.8428571428571425,6.942857142857143,7.385714285714286,194.71428571428572,174.85714285714286,183.28571428571428
2019-11-20,7.757142857142857,6.914285714285714,7.314285714285715,197.57142857142858,175.0,184.14285714285714
2019-11-21,7.6,6.914285714285714,7.242857142857143,198.14285714285714,175.57142857142858,184.14285714285714
2019-11-22,7.571428571428571,6.9142857142857155,7.214285714285714,200.71428571428572,176.0,183.28571428571428
2019-11-23,7.471428571428571,6.871428571428572,7.171428571428571,205.0,176.42857142857142,184.71428571428572
2019-11-24,7.3999999999999995,6.814285714285715,7.1000000000000005,204.28571428571428,176.42857142857142,184.28571428571428
2019-11-25,7.357142857142857,6.757142857142857,7.042857142857144,203.57142857142858,176.57142857142858,184.0
2019-11-26,7.285714285714286,6.742857142857143,7.0,203.0,176.57142857142858,183.57142857142858
2019-11-27,7.285714285714286,6.728571428571429,7.0,201.42857142857142,176.57142857142858,183.0
2019-11-28,7.3428571428571425,6.785714285714286,7.057142857142857,201.14285714285714,176.28571428571428,183.0
2019-11-29,7.3428571428571425,6.742857142857142,7.042857142857144,196.14285714285714,176.28571428571428,183.14285714285714
2019-11-30,7.228571428571429,6.671428571428572,6.942857142857143,189.85714285714286,176.28571428571428,180.71428571428572
2019-12-01,7.085714285714286,6.5857142857142845,6.828571428571428,190.85714285714286,176.85714285714286,181.28571428571428
2019-12-02,6.8999999999999995,6.428571428571429,6.671428571428572,188.85714285714286,177.0,180.85714285714286
2019-12-03,6.671428571428572,6.2,6.457142857142857,188.28571428571428,177.28571428571428,181.0
2019-12-04,6.357142857142857,5.8999999999999995,6.157142857142857,187.0,177.28571428571428,181.14285714285714
2019-12-05,6.057142857142858,5.571428571428571,5.857142857142857,186.85714285714286,177.57142857142858,181.57142857142858
2019-12-06,5.8,5.328571428571428,5.614285714285714,186.57142857142858,177.71428571428572,181.28571428571428
2019-12-07,5.6000000000000005,5.128571428571428,5.414285714285714,186.57142857142858,177.28571428571428,181.28571428571428
2019-12-08,5.442857142857143,4.985714285714286,5.271428571428571,184.57142857142858,177.42857142857142,180.85714285714286
2019-12-09,5.285714285714286,4.728571428571429,5.057142857142857,190.71428571428572,177.85714285714286,183.0
2019-12-10,5.271428571428571,4.514285714285714,4.885714285714286,201.0,179.57142857142858,186.42857142857142
2019-12-11,5.357142857142857,4.6000000000000005,4.971428571428571,204.71428571428572,180.28571428571428,188.0
2019-12-12,5.371428571428571,4.542857142857143,4.957142857142857,206.0,181.0,188.71428571428572
2019-12-13,5.228571428571429,4.442857142857143,4.828571428571429,206.28571428571428,181.42857142857142,188.85714285714286
2019-12-14,5.114285714285714,4.285714285714286,4.7,208.57142857142858,182.85714285714286,190.71428571428572
2019-12-15,5.2,4.242857142857143,4.742857142857143,211.57142857142858,182.57142857142858,191.0
2019-12-16,5.3,4.3428571428571425,4.871428571428572,206.85714285714286,183.28571428571428,190.14285714285714
2019-12-17,5.1571428571428575,4.371428571428572,4.8428571428571425,196.57142857142858,182.14285714285714,187.14285714285714
2019-12-18,4.885714285714286,4.128571428571428,4.585714285714286,192.14285714285714,181.71428571428572,185.14285714285714
2019-12-19,4.642857142857143,3.9285714285714284,4.357142857142857,192.71428571428572,181.42857142857142,185.14285714285714
2019-12-20,4.428571428571429,3.614285714285714,4.071428571428571,193.71428571428572,181.57142857142858,185.71428571428572
2019-12-21,4.271428571428571,3.3857142857142857,3.8857142857142857,191.0,179.28571428571428,183.14285714285714
2019-12-22,3.957142857142857,3.1285714285714286,3.6142857142857143,188.28571428571428,178.85714285714286,182.14285714285714
2019-12-23,3.557142857142857,2.8,3.1999999999999997,189.0,178.28571428571428,182.28571428571428
2019-12-24,3.3285714285714287,2.585714285714286,3.0,191.57142857142858,178.57142857142858,183.14285714285714
2019-12-25,3.2142857142857144,2.4285714285714284,2.8428571428571425,193.57142857142858,180.28571428571428,185.0
2019-12-26,3.1999999999999997,2.4285714285714284,2.814285714285714,192.85714285714286,180.0,184.85714285714286
2019-12-27,3.257142857142857,2.6,2.942857142857143,193.14285714285714,179.57142857142858,184.0
2019-12-28,3.3000000000000003,2.7857142857142856,3.0285714285714285,206.85714285714286,181.42857142857142,189.14285714285714
2019-12-29,3.357142857142857,2.914285714285714,3.0714285714285716,207.42857142857142,182.85714285714286,190.57142857142858
2019-12-30,3.5,3.1,3.257142857142857,206.14285714285714,183.42857142857142,190.14285714285714
2019-12-31,3.6142857142857143,3.257142857142857,3.371428571428571,205.57142857142858,183.28571428571428,189.57142857142858
2020-01-01,3.6571428571428575,3.357142857142857,3.4571428571428577,204.85714285714286,182.57142857142858,188.85714285714286
2020-01-02,3.6142857142857143,3.3285714285714287,3.4285714285714284,206.71428571428572,184.14285714285714,190.57142857142858
2020-01-03,3.557142857142857,3.3000000000000003,3.4,209.42857142857142,185.85714285714286,193.0
2020-01-04,3.514285714285714,3.2857142857142856,3.3714285714285714,197.85714285714286,187.0,190.71428571428572
2020-01-05,3.4571428571428577,3.242857142857143,3.3285714285714283,198.57142857142858,187.85714285714286,191.42857142857142
2020-01-06,3.3857142857142857,3.1714285714285713,3.271428571428572,202.28571428571428,189.14285714285714,193.85714285714286
2020-01-07,3.3285714285714283,3.0714285714285716,3.2285714285714286,204.85714285714286,190.57142857142858,196.14285714285714
2020-01-08,3.3,3.014285714285714,3.1714285714285717,207.28571428571428,190.71428571428572,197.0
2020-01-09,3.257142857142857,2.9,3.1,207.0,191.14285714285714,197.0
2020-01-10,3.2,2.757142857142857,3.0142857142857147,204.57142857142858,190.28571428571428,195.85714285714286
2020-01-11,3.085714285714286,2.542857142857143,2.8285714285714283,208.28571428571428,190.71428571428572,197.85714285714286
2020-01-12,3.2,2.3714285714285714,2.7857142857142856,214.85714285714286,190.71428571428572,201.14285714285714
2020-01-13,3.2857142857142856,2.4,2.8285714285714283,213.28571428571428,190.85714285714286,200.71428571428572
2020-01-14,3.2857142857142856,2.4285714285714284,2.8285714285714287,211.0,187.57142857142858,199.0
2020-01-15,3.271428571428572,2.442857142857143,2.8428571428571425,208.0,187.0,197.71428571428572
2020-01-16,3.2857142857142856,2.557142857142857,2.9,206.0,185.71428571428572,196.14285714285714
2020-01-17,3.3428571428571425,2.6142857142857143,2.942857142857143,208.0,185.42857142857142,196.28571428571428
2020-01-18,3.3285714285714287,2.628571428571429,2.9714285714285715,206.14285714285714,183.14285714285714,194.0
2020-01-19,3.1142857142857143,2.642857142857143,2.8999999999999995,198.0,181.28571428571428,189.0
2020-01-20,2.8714285714285714,2.3714285714285714,2.6285714285714286,198.0,179.28571428571428,187.71428571428572
2020-01-21,2.7428571428571433,2.157142857142857,2.457142857142857,197.28571428571428,181.0,187.14285714285714
2020-01-22,2.6,1.957142857142857,2.3000000000000003,197.28571428571428,180.28571428571428,186.71428571428572
2020-01-23,2.3714285714285714,1.6857142857142857,2.042857142857143,200.57142857142858,180.42857142857142,187.71428571428572
2020-01-24,2.1,1.457142857142857,1.7857142857142858,199.28571428571428,181.57142857142858,188.57142857142858
2020-01-25,1.9571428571428573,1.3285714285714287,1.657142857142857,196.71428571428572,183.0,188.42857142857142
2020-01-26,1.7571428571428573,1.1857142857142857,1.4714285714285713,198.14285714285714,184.57142857142858,190.0
2020-01-27,1.657142857142857,1.1714285714285715,1.4285714285714286,197.0,185.57142857142858,190.0
2020-01-28,1.542857142857143,1.157142857142857,1.3571428571428572,197.14285714285714,187.14285714285714,191.28571428571428
2020-01-29,1.4857142857142858,1.1428571428571428,1.3,199.85714285714286,189.28571428571428,193.57142857142858
2020-01-30,1.5714285714285714,1.2285714285714284,1.4142857142857144,198.71428571428572,189.85714285714286,194.0
2020-01-31,1.7285714285714284,1.4142857142857141,1.5857142857142859,196.85714285714286,188.57142857142858,192.42857142857142
2020-02-01,1.8571428571428572,1.5142857142857142,1.6857142857142857,196.0,187.57142857142858,191.28571428571428
2020-02-02,1.9,1.557142857142857,1.7285714285714284,195.85714285714286,187.28571428571428,191.0
2020-02-03,1.9714285714285715,1.5999999999999999,1.785714285714286,195.42857142857142,187.0,190.71428571428572
2020-02-04,1.9999999999999998,1.6285714285714286,1.8142857142857143,194.42857142857142,186.0,189.71428571428572
2020-02-05,2.0,1.6142857142857143,1.8142857142857143,191.85714285714286,184.85714285714286,188.0
2020-02-06,1.942857142857143,1.5571428571428572,1.7428571428571427,190.57142857142858,184.71428571428572,187.42857142857142
2020-02-07,1.8714285714285714,1.5,1.6857142857142857,191.28571428571428,186.0,188.42857142857142
2020-02-08,1.8428571428571427,1.3714285714285714,1.6285714285714286,194.42857142857142,186.28571428571428,189.71428571428572
2020-02-09,1.8285714285714287,1.214285714285714,1.542857142857143,196.57142857142858,185.57142857142858,190.71428571428572
2020-02-10,1.8285714285714285,1.1714285714285713,1.5285714285714285,195.71428571428572,184.71428571428572,189.85714285714286
2020-02-11,1.742857142857143,1.0,1.4000000000000001,200.71428571428572,184.57142857142858,191.14285714285714
2020-02-12,1.657142857142857,0.9428571428571428,1.3285714285714287,202.28571428571428,185.14285714285714,192.14285714285714
2020-02-13,1.5999999999999999,0.8714285714285716,1.2714285714285716,205.71428571428572,185.28571428571428,193.57142857142858
2020-02-14,1.5285714285714285,0.7999999999999999,1.2,208.85714285714286,185.42857142857142,195.0
2020-02-15,1.4142857142857141,0.8428571428571429,1.1571428571428573,207.85714285714286,186.85714285714286,195.57142857142858
2020-02-16,1.4,0.8428571428571429,1.1714285714285713,206.85714285714286,187.28571428571428,195.14285714285714
2020-02-17,1.2857142857142858,0.6857142857142857,1.0000000000000002,209.28571428571428,189.14285714285714,197.28571428571428
2020-02-18,1.3,0.6857142857142858,1.0142857142857142,205.71428571428572,189.57142857142858,196.71428571428572
2020-02-19,1.3142857142857143,0.6285714285714287,1.0,213.57142857142858,188.71428571428572,197.14285714285714
2020-02-20,1.2285714285714284,0.5857142857142857,0.9285714285714286,216.71428571428572,189.0,196.71428571428572
2020-02-21,1.2142857142857142,0.5,0.9000000000000001,213.28571428571428,187.57142857142858,194.28571428571428
2020-02-22,1.2285714285714284,0.42857142857142855,0.8857142857142858,211.14285714285714,185.57142857142858,192.14285714285714
2020-02-23,1.1285714285714286,0.42857142857142855,0.8142857142857143,210.14285714285714,186.28571428571428,191.85714285714286
2020-02-24,1.1285714285714286,0.5,0.8714285714285713,208.85714285714286,185.0,190.57142857142858
2020-02-25,1.1428571428571428,0.557142857142857,0.8857142857142858,209.28571428571428,184.57142857142858,190.28571428571428
2020-02-26,1.1285714285714286,0.6142857142857142,0.9000000000000001,200.85714285714286,184.71428571428572,188.85714285714286
2020-02-27,1.1857142857142857,0.7000000000000001,0.9571428571428572,193.57142857142858,184.0,187.57142857142858
2020-02-28,1.1714285714285713,0.7285714285714286,0.9571428571428572,197.42857142857142,184.71428571428572,189.0
2020-02-29,1.0857142857142856,0.7142857142857143,0.8857142857142858,202.0,188.42857142857142,193.0
2020-03-01,1.1142857142857143,0.7571428571428571,0.9285714285714286,204.85714285714286,188.85714285714286,194.42857142857142
2020-03-02,1.0714285714285714,0.7000000000000001,0.8857142857142858,205.42857142857142,189.57142857142858,194.85714285714286
2020-03-03,0.9857142857142857,0.6285714285714287,0.8285714285714286,205.28571428571428,190.14285714285714,195.28571428571428
2020-03-04,1.0285714285714287,0.5857142857142857,0.8285714285714285,205.71428571428572,191.0,196.42857142857142
2020-03-05,1.0857142857142856,0.5857142857142856,0.8714285714285716,206.14285714285714,191.14285714285714,196.57142857142858
2020-03-06,1.2,0.6428571428571429,0.9428571428571428,202.14285714285714,191.0,195.42857142857142
2020-03-07,1.3714285714285714,0.8285714285714285,1.1142857142857143,198.57142857142858,188.42857142857142,192.57142857142858
2020-03-08,1.4857142857142858,0.8857142857142858,1.2,196.14285714285714,187.57142857142858,191.28571428571428
2020-03-09,1.6285714285714286,1.0,1.3285714285714287,194.71428571428572,186.71428571428572,190.28571428571428
2020-03-10,1.842857142857143,1.157142857142857,1.5,193.42857142857142,186.14285714285714,189.42857142857142
2020-03-11,1.9714285714285715,1.3142857142857143,1.6285714285714283,193.85714285714286,184.85714285714286,188.42857142857142
2020-03-12,2.0714285714285716,1.4285714285714286,1.7285714285714289,193.42857142857142,185.0,188.28571428571428
2020-03-13,2.1142857142857143,1.5142857142857145,1.7857142857142858,195.42857142857142,184.42857142857142,187.71428571428572
2020-03-14,2.185714285714286,1.5714285714285714,1.8571428571428572,197.0,183.57142857142858,187.57142857142858
2020-03-15,2.2857142857142856,1.6714285714285713,1.9428571428571428,196.85714285714286,183.28571428571428,186.85714285714286
2020-03-16,2.3285714285714287,1.7571428571428573,2.0142857142857142,196.57142857142858,183.0,186.71428571428572
2020-03-17,2.314285714285714,1.8,2.028571428571429,196.28571428571428,182.28571428571428,186.0
2020-03-18,2.3000000000000003,1.8000000000000003,2.033333333333333,195.5,182.33333333333334,185.66666666666666
2020-03-19,2.3,1.7833333333333334,2.02,196.4,181.4,184.8
2020-03-20,2.38,1.78,2.025,193.75,181.25,185.0
2020-03-21,2.5799999999999996,1.8800000000000001,2.2,196.0,182.5,186.5
2020-03-22,2.74,2.02,2.425,195.25,183.0,187.25
2020-03-23,2.8600000000000003,2.1,2.55,196.0,183.75,188.0
2020-03-24,2.9,2.12,2.5999999999999996,197.25,184.5,189.25
2020-03-25,2.8166666666666664,2.12,2.5,195.4,184.8,188.8
2020-03-26,2.7714285714285714,2.1333333333333333,2.4666666666666663,194.83333333333334,184.66666666666666,188.66666666666666
2020-03-27,2.8142857142857145,2.1,2.4714285714285715,194.57142857142858,184.28571428571428,188.28571428571428
2020-03-28,2.8000000000000003,2.0714285714285716,2.457142857142857,190.28571428571428,183.42857142857142,186.42857142857142
2020-03-29,2.814285714285714,2.1,2.442857142857143,189.57142857142858,182.57142857142858,185.57142857142858
2020-03-30,2.8857142857142857,2.2142857142857144,2.5285714285714285,191.42857142857142,182.14285714285714,185.57142857142858
2020-03-31,2.9857142857142853,2.314285714285714,2.657142857142857,192.0,182.14285714285714,186.14285714285714
2020-04-01,3.128571428571429,2.3999999999999995,2.771428571428572,191.71428571428572,181.28571428571428,185.57142857142858
2020-04-02,3.2857142857142856,2.4714285714285715,2.9,191.0,181.0,185.0
2020-04-03,3.371428571428571,2.6714285714285713,3.042857142857143,190.57142857142858,181.42857142857142,185.14285714285714
2020-04-04,3.4285714285714284,2.8285714285714287,3.142857142857143,191.14285714285714,181.85714285714286,185.85714285714286
2020-04-05,3.5285714285714285,2.9428571428571426,3.271428571428572,190.85714285714286,181.57142857142858,185.42857142857142
2020-04-06,3.6142857142857143,3.014285714285714,3.342857142857143,187.85714285714286,180.85714285714286,184.28571428571428
2020-04-07,3.8142857142857145,3.114285714285714,3.4571428571428577,185.14285714285714,179.85714285714286,182.28571428571428
2020-04-08,3.9857142857142853,3.3000000000000003,3.642857142857143,184.42857142857142,179.0,181.57142857142858
2020-04-09,4.157142857142857,3.5142857142857147,3.814285714285714,183.85714285714286,178.14285714285714,180.85714285714286
2020-04-10,4.3,3.6142857142857143,3.942857142857143,183.14285714285714,177.42857142857142,180.28571428571428
2020-04-11,4.3428571428571425,3.6571428571428575,3.9857142857142853,182.42857142857142,176.71428571428572,179.42857142857142
2020-04-12,4.3428571428571425,3.6714285714285717,3.9857142857142853,182.28571428571428,176.14285714285714,179.42857142857142
2020-04-13,4.442857142857142,3.7142857142857144,4.071428571428571,183.14285714285714,176.0,179.71428571428572
2020-04-14,4.557142857142857,3.842857142857143,4.2,185.71428571428572,176.42857142857142,181.0
2020-04-15,4.585714285714286,3.8857142857142857,4.257142857142857,187.0,177.57142857142858,181.85714285714286
2020-04-16,4.628571428571428,3.8857142857142857,4.3,187.0,177.71428571428572,181.85714285714286
2020-04-17,4.671428571428572,3.914285714285714,4.314285714285714,186.28571428571428,177.28571428571428,181.28571428571428
2020-04-18,4.7,3.914285714285714,4.328571428571428,186.14285714285714,176.57142857142858,180.85714285714286
2020-04-19,4.8428571428571425,3.957142857142857,4.414285714285715,186.28571428571428,177.42857142857142,181.28571428571428
2020-04-20,4.957142857142856,4.085714285714286,4.5285714285714285,187.71428571428572,178.42857142857142,182.28571428571428
2020-04-21,5.028571428571429,4.142857142857143,4.585714285714286,186.14285714285714,178.85714285714286,182.14285714285714
2020-04-22,5.057142857142857,4.185714285714286,4.614285714285714,186.57142857142858,178.71428571428572,182.28571428571428
2020-04-23,4.942857142857143,4.142857142857143,4.5285714285714285,186.57142857142858,179.14285714285714,182.57142857142858
2020-04-24,4.914285714285714,4.057142857142857,4.485714285714286,186.71428571428572,178.71428571428572,182.28571428571428
2020-04-25,5.042857142857143,4.128571428571428,4.6000000000000005,186.28571428571428,178.71428571428572,182.0
2020-04-26,5.1000000000000005,4.242857142857143,4.685714285714285,186.0,177.85714285714286,181.14285714285714
2020-04-27,5.057142857142857,4.214285714285714,4.642857142857143,183.57142857142858,176.85714285714286,179.71428571428572
2020-04-28,4.9142857142857155,4.214285714285714,4.571428571428571,183.28571428571428,176.0,179.14285714285714
2020-04-29,4.971428571428572,4.242857142857143,4.585714285714286,182.85714285714286,175.71428571428572,178.71428571428572
2020-04-30,5.128571428571429,4.357142857142857,4.714285714285714,185.0,175.28571428571428,178.85714285714286
2020-05-01,5.257142857142857,4.614285714285714,4.8999999999999995,188.42857142857142,176.42857142857142,180.42857142857142
2020-05-02,5.428571428571429,4.8,5.042857142857143,190.85714285714286,177.71428571428572,182.0
2020-05-03,5.571428571428571,4.857142857142857,5.128571428571428,192.14285714285714,178.14285714285714,182.71428571428572
2020-05-04,6.028571428571429,5.128571428571428,5.542857142857143,197.42857142857142,179.42857142857142,184.85714285714286
2020-05-05,6.5,5.457142857142857,5.942857142857143,199.14285714285714,180.28571428571428,185.71428571428572
2020-05-06,6.7,5.542857142857143,6.085714285714286,199.0,180.14285714285714,186.0
2020-05-07,6.771428571428571,5.5857142857142845,6.128571428571428,197.14285714285714,180.42857142857142,185.85714285714286
2020-05-08,7.185714285714285,5.5857142857142845,6.285714285714286,194.71428571428572,180.0,185.14285714285714
2020-05-09,7.3999999999999995,5.757142857142858,6.514285714285714,193.57142857142858,179.71428571428572,184.42857142857142
2020-05-10,7.471428571428571,5.857142857142857,6.628571428571429,193.57142857142858,180.14285714285714,184.85714285714286
2020-05-11,7.214285714285714,5.742857142857143,6.371428571428572,190.14285714285714,179.42857142857142,183.57142857142858
2020-05-12,7.014285714285714,5.642857142857143,6.242857142857142,188.85714285714286,179.57142857142858,183.14285714285714
2020-05-13,7.014285714285714,5.742857142857143,6.285714285714286,189.28571428571428,179.71428571428572,183.42857142857142
2020-05-14,7.128571428571428,5.814285714285715,6.4,189.71428571428572,179.14285714285714,183.71428571428572
2020-05-15,7.042857142857144,5.757142857142857,6.357142857142857,190.71428571428572,178.57142857142858,183.57142857142858
2020-05-16,7.385714285714286,5.828571428571428,6.5,194.14285714285714,178.85714285714286,184.28571428571428
2020-05-17,7.5857142857142845,5.799999999999999,6.528571428571428,194.14285714285714,178.42857142857142,183.71428571428572
2020-05-18,7.828571428571428,5.771428571428571,6.671428571428572,196.57142857142858,178.42857142857142,184.85714285714286
2020-05-19,8.085714285714285,5.814285714285714,6.8,199.28571428571428,177.85714285714286,185.57142857142858
2020-05-20,8.285714285714286,5.871428571428572,6.885714285714286,199.57142857142858,177.71428571428572,185.42857142857142
2020-05-21,8.914285714285715,6.257142857142857,7.3999999999999995,204.71428571428572,179.28571428571428,186.85714285714286
2020-05-22,9.471428571428572,6.928571428571429,8.042857142857143,208.14285714285714,181.14285714285714,188.71428571428572
2020-05-23,9.657142857142857,7.257142857142857,8.357142857142858,207.85714285714286,181.0,189.14285714285714
2020-05-24,10.085714285714287,7.742857142857143,8.885714285714286,212.28571428571428,181.14285714285714,190.42857142857142
2020-05-25,10.62857142857143,8.27142857142857,9.428571428571429,210.28571428571428,181.42857142857142,189.85714285714286
2020-05-26,11.114285714285714,8.914285714285715,10.014285714285714,209.14285714285714,181.71428571428572,189.57142857142858
2020-05-27,11.799999999999999,9.628571428571428,10.785714285714286,211.85714285714286,182.14285714285714,189.85714285714286
2020-05-28,12.428571428571429,10.185714285714285,11.357142857142858,210.28571428571428,181.85714285714286,189.71428571428572
2020-05-29,12.971428571428572,10.785714285714286,11.914285714285715,207.28571428571428,181.57142857142858,189.0
2020-05-30,13.728571428571428,11.528571428571428,12.599999999999998,204.71428571428572,182.0,189.0
2020-05-31,14.5,12.242857142857144,13.357142857142858,204.42857142857142,183.42857142857142,190.57142857142858
2020-06-01,15.157142857142857,12.557142857142859,13.771428571428572,206.57142857142858,183.85714285714286,191.57142857142858
2020-06-02,15.385714285714286,12.671428571428573,13.928571428571429,207.42857142857142,184.14285714285714,192.28571428571428
2020-06-03,15.5,12.814285714285715,14.028571428571428,205.57142857142858,185.0,193.0
2020-06-04,15.22857142857143,12.757142857142856,13.87142857142857,205.42857142857142,185.85714285714286,193.71428571428572
2020-06-05,15.142857142857142,12.385714285714286,13.628571428571428,206.71428571428572,185.71428571428572,194.14285714285714
2020-06-06,15.171428571428573,12.142857142857142,13.571428571428571,209.57142857142858,186.14285714285714,194.71428571428572
2020-06-07,15.1,11.971428571428572,13.457142857142857,212.71428571428572,185.14285714285714,194.57142857142858
2020-06-08,14.6,11.942857142857141,13.214285714285714,211.14285714285714,184.85714285714286,193.57142857142858
2020-06-09,14.728571428571428,11.799999999999999,13.214285714285714,209.28571428571428,184.57142857142858,192.57142857142858
2020-06-10,15.042857142857144,11.514285714285714,13.37142857142857,208.14285714285714,183.71428571428572,191.42857142857142
2020-06-11,15.385714285714284,11.785714285714286,13.742857142857144,207.85714285714286,182.57142857142858,190.28571428571428
2020-06-12,15.728571428571428,12.342857142857142,14.185714285714287,209.14285714285714,182.14285714285714,190.14285714285714
2020-06-13,15.785714285714286,12.671428571428573,14.385714285714286,206.85714285714286,181.42857142857142,189.28571428571428
2020-06-14,15.799999999999999,12.985714285714284,14.5,200.85714285714286,182.42857142857142,188.42857142857142
2020-06-15,16.157142857142855,13.557142857142859,14.985714285714284,201.85714285714286,183.14285714285714,189.28571428571428
2020-06-16,16.45714285714286,14.200000000000001,15.428571428571429,203.42857142857142,183.71428571428572,189.71428571428572
2020-06-17,16.642857142857142,14.9,15.742857142857144,206.57142857142858,184.28571428571428,191.14285714285714
2020-06-18,17.02857142857143,15.242857142857144,16.085714285714285,205.14285714285714,184.42857142857142,191.28571428571428
2020-06-19,17.47142857142857,15.5,16.428571428571427,201.85714285714286,184.57142857142858,190.42857142857142
2020-06-20,18.114285714285714,16.071428571428573,17.02857142857143,202.14285714285714,185.0,190.85714285714286
2020-06-21,19.17142857142857,16.985714285714288,18.0,202.14285714285714,184.85714285714286,190.71428571428572
2020-06-22,20.47142857142857,18.04285714285714,19.22857142857143,203.14285714285714,185.0,190.85714285714286
2020-06-23,21.842857142857145,19.214285714285715,20.528571428571432,205.0,185.71428571428572,192.28571428571428
2020-06-24,23.157142857142855,20.557142857142857,21.885714285714283,204.28571428571428,185.42857142857142,192.28571428571428
2020-06-25,24.12857142857143,21.585714285714285,22.88571428571429,209.0,186.57142857142858,194.0
2020-06-26,24.7,21.928571428571427,23.571428571428573,210.14285714285714,187.42857142857142,195.28571428571428
2020-06-27,24.814285714285717,21.885714285714283,23.685714285714283,214.42857142857142,187.71428571428572,195.71428571428572
2020-06-28,24.485714285714284,21.742857142857144,23.5,214.28571428571428,187.85714285714286,195.57142857142858
2020-06-29,24.0,21.442857142857143,23.08571428571429,214.0,188.0,196.0
2020-06-30,23.157142857142855,20.61428571428571,22.214285714285715,214.57142857142858,187.57142857142858,195.42857142857142
2020-07-01,22.014285714285712,19.585714285714285,21.114285714285717,215.14285714285714,188.28571428571428,195.71428571428572
2020-07-02,21.24285714285714,18.842857142857145,20.285714285714285,212.42857142857142,188.71428571428572,195.28571428571428
2020-07-03,20.87142857142857,18.928571428571427,19.942857142857143,212.0,187.71428571428572,194.71428571428572
2020-07-04,20.599999999999998,18.88571428571429,19.75714285714286,207.42857142857142,186.85714285714286,193.57142857142858
2020-07-05,20.7,18.7,19.7,207.57142857142858,186.28571428571428,193.28571428571428
2020-07-06,20.985714285714288,18.7,19.842857142857145,206.14285714285714,186.28571428571428,192.85714285714286
2020-07-07,21.428571428571427,19.228571428571428,20.400000000000002,205.0,186.42857142857142,192.85714285714286
2020-07-08,22.24285714285714,19.771428571428572,21.114285714285717,203.0,186.14285714285714,192.14285714285714
2020-07-09,22.785714285714285,20.485714285714288,21.785714285714285,206.28571428571428,185.42857142857142,192.57142857142858
2020-07-10,23.2,20.97142857142857,22.242857142857144,207.71428571428572,186.14285714285714,193.0
2020-07-11,23.8,21.714285714285715,22.900000000000002,208.57142857142858,186.85714285714286,193.85714285714286
2020-07-12,24.2,22.41428571428571,23.442857142857143,209.42857142857142,187.14285714285714,194.14285714285714
2020-07-13,24.385714285714283,22.857142857142858,23.757142857142856,210.0,186.57142857142858,193.71428571428572
2020-07-14,24.428571428571427,23.071428571428573,23.842857142857145,209.28571428571428,187.14285714285714,194.14285714285714
2020-07-15,24.271428571428572,22.928571428571427,23.714285714285715,214.42857142857142,187.14285714285714,194.71428571428572
2020-07-16,24.157142857142862,22.542857142857144,23.47142857142857,211.71428571428572,187.57142857142858,195.28571428571428
2020-07-17,23.900000000000002,22.428571428571427,23.285714285714285,210.85714285714286,187.71428571428572,195.14285714285714
2020-07-18,23.542857142857144,22.057142857142853,22.871428571428574,218.57142857142858,188.57142857142858,197.14285714285714
2020-07-19,23.342857142857145,21.75714285714286,22.6,217.71428571428572,188.85714285714286,197.28571428571428
2020-07-20,23.2,21.614285714285717,22.428571428571427,219.0,189.57142857142858,198.28571428571428
2020-07-21,23.300000000000004,21.52857142857143,22.414285714285715,219.42857142857142,189.14285714285714,197.57142857142858
2020-07-22,23.442857142857147,21.771428571428572,22.542857142857144,216.0,189.57142857142858,198.42857142857142
2020-07-23,23.514285714285712,21.97142857142857,22.642857142857142,213.57142857142858,188.71428571428572,196.42857142857142
2020-07-24,23.61428571428571,21.971428571428568,22.714285714285715,216.57142857142858,188.71428571428572,196.42857142857142
2020-07-25,23.714285714285715,22.057142857142853,22.842857142857145,210.0,189.0,195.85714285714286
2020-07-26,23.914285714285715,22.228571428571428,23.02857142857143,212.42857142857142,189.14285714285714,196.71428571428572
2020-07-27,24.214285714285715,22.585714285714285,23.371428571428574,212.42857142857142,189.71428571428572,197.14285714285714
2020-07-28,24.428571428571427,22.985714285714288,23.699999999999996,213.71428571428572,190.28571428571428,198.42857142857142
2020-07-29,24.74285714285714,23.485714285714288,24.085714285714285,214.42857142857142,190.71428571428572,198.14285714285714
2020-07-30,25.099999999999998,24.014285714285712,24.54285714285714,220.57142857142858,192.71428571428572,200.28571428571428
2020-07-31,25.357142857142858,24.32857142857143,24.814285714285713,224.71428571428572,194.0,202.57142857142858
2020-08-01,25.642857142857142,24.685714285714287,25.11428571428571,226.85714285714286,194.57142857142858,203.14285714285714
2020-08-02,25.728571428571428,24.88571428571429,25.25714285714286,230.14285714285714,196.42857142857142,204.85714285714286
2020-08-03,25.62857142857143,24.8,25.199999999999996,241.57142857142858,192.57142857142858,205.42857142857142
2020-08-04,25.5,24.685714285714287,25.08571428571429,241.85714285714286,188.28571428571428,206.14285714285714
2020-08-05,25.25714285714286,24.24285714285714,24.8,247.42857142857142,178.28571428571428,207.0
2020-08-06,24.928571428571427,23.914285714285715,24.47142857142857,243.71428571428572,178.42857142857142,207.14285714285714
2020-08-07,24.685714285714283,23.62857142857143,24.185714285714287,241.42857142857142,179.14285714285714,207.71428571428572
2020-08-08,24.5,23.357142857142858,23.942857142857143,240.85714285714286,178.71428571428572,207.71428571428572
2020-08-09,24.32857142857143,23.257142857142856,23.814285714285713,239.0,179.57142857142858,208.28571428571428
2020-08-10,24.285714285714285,23.157142857142855,23.7,229.42857142857142,185.14285714285714,209.57142857142858
2020-08-11,24.442857142857143,23.157142857142855,23.714285714285715,232.71428571428572,191.42857142857142,210.85714285714286
2020-08-12,24.657142857142855,23.542857142857144,24.014285714285712,231.0,197.14285714285714,211.0
2020-08-13,24.95714285714286,23.814285714285713,24.285714285714285,231.71428571428572,195.42857142857142,211.0
2020-08-14,25.2,24.085714285714285,24.557142857142857,230.42857142857142,195.71428571428572,211.14285714285714
2020-08-15,25.342857142857145,24.142857142857142,24.75714285714286,231.57142857142858,196.0,212.14285714285714
2020-08-16,25.4,24.0,24.728571428571428,230.71428571428572,194.14285714285714,210.57142857142858
2020-08-17,25.442857142857143,24.057142857142857,24.785714285714285,228.42857142857142,193.57142857142858,209.42857142857142
2020-08-18,25.24285714285714,24.014285714285712,24.72857142857143,232.71428571428572,193.0,208.85714285714286
2020-08-19,25.042857142857144,23.885714285714283,24.514285714285712,235.42857142857142,198.85714285714286,209.71428571428572
2020-08-20,24.814285714285713,23.699999999999996,24.328571428571426,236.0,200.0,210.42857142857142
2020-08-21,24.599999999999998,23.471428571428568,24.114285714285717,240.71428571428572,197.71428571428572,211.28571428571428
2020-08-22,24.457142857142856,23.52857142857143,23.985714285714288,240.42857142857142,196.14285714285714,209.57142857142858
2020-08-23,24.32857142857143,23.614285714285717,23.95714285714286,240.42857142857142,197.14285714285714,210.42857142857142
2020-08-24,24.157142857142855,23.5,23.814285714285717,241.71428571428572,197.0,210.85714285714286
2020-08-25,24.08571428571429,23.457142857142856,23.74285714285714,234.71428571428572,193.14285714285714,209.14285714285714
2020-08-26,24.0,23.314285714285713,23.657142857142862,230.0,191.85714285714286,208.0
2020-08-27,23.814285714285717,23.057142857142857,23.428571428571427,228.14285714285714,190.71428571428572,206.28571428571428
2020-08-28,23.514285714285716,22.785714285714285,23.11428571428571,220.71428571428572,190.28571428571428,202.85714285714286
2020-08-29,23.25714285714286,22.45714285714286,22.828571428571426,218.42857142857142,189.85714285714286,201.71428571428572
2020-08-30,22.957142857142856,22.04285714285714,22.52857142857143,233.85714285714286,187.14285714285714,199.85714285714286
2020-08-31,22.62857142857143,21.685714285714287,22.17142857142857,232.28571428571428,185.57142857142858,198.28571428571428
2020-09-01,22.3,21.214285714285715,21.771428571428572,229.0,187.0,197.14285714285714
2020-09-02,21.942857142857143,20.900000000000002,21.41428571428571,225.28571428571428,186.28571428571428,195.85714285714286
2020-09-03,21.642857142857142,20.7,21.17142857142857,226.28571428571428,185.85714285714286,195.57142857142858
2020-09-04,21.657142857142855,20.62857142857143,21.142857142857142,229.33333333333334,186.0,195.5
2020-09-05,21.599999999999998,20.55,21.066666666666666,232.6,186.4,195.8
2020-09-06,21.557142857142857,20.566666666666666,21.0,209.4,187.0,195.8
2020-09-07,21.557142857142857,20.566666666666666,21.016666666666666,211.6,187.2,195.8
2020-09-08,21.442857142857143,20.566666666666666,20.933333333333334,212.0,187.8,196.8
2020-09-09,21.342857142857145,20.45,20.8,223.2,187.6,201.6
2020-09-10,21.314285714285713,20.383333333333333,20.733333333333334,222.6,188.0,201.4
2020-09-11,21.071428571428573,20.233333333333334,20.55,220.66666666666666,187.83333333333334,200.33333333333334
2020-09-12,20.828571428571426,19.914285714285715,20.271428571428572,219.42857142857142,187.0,198.85714285714286
2020-09-13,20.557142857142857,19.5,19.900000000000002,220.0,186.85714285714286,198.14285714285714
2020-09-14,20.24285714285714,19.214285714285715,19.585714285714285,227.85714285714286,184.0,198.71428571428572
2020-09-15,19.97142857142857,18.95714285714286,19.342857142857145,229.0,183.42857142857142,198.42857142857142
2020-09-16,19.62857142857143,18.642857142857142,19.02857142857143,226.57142857142858,184.0,196.42857142857142
2020-09-17,19.228571428571428,18.242857142857144,18.62857142857143,223.85714285714286,183.42857142857142,195.42857142857142
2020-09-18,18.82857142857143,17.871428571428574,18.22857142857143,226.14285714285714,183.14285714285714,196.85714285714286
2020-09-19,18.442857142857143,17.7,18.014285714285712,229.57142857142858,183.42857142857142,198.85714285714286
2020-09-20,18.057142857142857,17.45714285714286,17.7,227.14285714285714,183.14285714285714,198.28571428571428
2020-09-21,17.642857142857142,17.014285714285712,17.285714285714285,226.85714285714286,185.14285714285714,197.28571428571428
2020-09-22,17.228571428571428,16.52857142857143,16.84285714285714,235.42857142857142,185.57142857142858,198.85714285714286
2020-09-23,16.885714285714286,16.185714285714287,16.5,236.28571428571428,184.71428571428572,198.57142857142858
2020-09-24,16.585714285714285,15.885714285714286,16.214285714285715,237.42857142857142,184.42857142857142,198.57142857142858
2020-09-25,16.428571428571427,15.685714285714285,16.04285714285714,235.28571428571428,184.57142857142858,197.28571428571428
2020-09-26,16.285714285714285,15.557142857142859,15.914285714285715,230.28571428571428,184.85714285714286,195.28571428571428
2020-09-27,16.314285714285713,15.557142857142859,15.942857142857141,232.42857142857142,185.28571428571428,196.14285714285714
2020-09-28,16.45714285714286,15.714285714285714,16.085714285714285,224.85714285714286,187.14285714285714,197.85714285714286
2020-09-29,16.614285714285717,15.914285714285715,16.242857142857144,217.0,186.42857142857142,195.85714285714286
2020-09-30,16.785714285714285,16.085714285714285,16.414285714285715,210.42857142857142,180.85714285714286,194.28571428571428
2020-10-01,16.942857142857143,16.185714285714287,16.54285714285714,211.14285714285714,171.71428571428572,191.71428571428572
2020-10-02,16.957142857142856,16.22857142857143,16.571428571428573,211.85714285714286,172.28571428571428,192.28571428571428
2020-10-03,16.928571428571427,16.17142857142857,16.54285714285714,214.14285714285714,168.0,192.71428571428572
2020-10-04,16.814285714285713,16.142857142857146,16.47142857142857,217.0,167.57142857142858,194.14285714285714
2020-10-05,16.62857142857143,16.0,16.314285714285713,216.28571428571428,165.71428571428572,191.71428571428572
2020-10-06,16.442857142857143,15.857142857142858,16.157142857142855,215.14285714285714,166.0,191.85714285714286
2020-10-07,16.27142857142857,15.700000000000001,15.985714285714286,216.14285714285714,171.42857142857142,191.85714285714286
2020-10-08,16.114285714285717,15.485714285714286,15.842857142857142,216.71428571428572,178.42857142857142,194.71428571428572
2020-10-09,15.871428571428572,15.185714285714285,15.571428571428571,213.0,177.14285714285714,192.57142857142858
2020-10-10,15.642857142857142,14.957142857142857,15.314285714285715,209.42857142857142,180.71428571428572,191.28571428571428
2020-10-11,15.471428571428572,14.714285714285714,15.1,207.71428571428572,180.85714285714286,189.57142857142858
2020-10-12,15.314285714285715,14.5,14.914285714285713,207.42857142857142,181.0,189.85714285714286
2020-10-13,15.085714285714285,14.257142857142856,14.671428571428573,208.71428571428572,180.85714285714286,190.0
2020-10-14,14.785714285714286,14.0,14.4,213.14285714285714,180.57142857142858,191.0
2020-10-15,14.599999999999998,13.9,14.214285714285714,211.0,183.0,190.57142857142858
2020-10-16,14.557142857142855,13.857142857142858,14.171428571428573,212.85714285714286,183.28571428571428,191.14285714285714
2020-10-17,14.514285714285716,13.828571428571427,14.142857142857142,214.71428571428572,177.57142857142858,190.14285714285714
2020-10-18,14.371428571428572,13.757142857142856,14.057142857142859,217.0,177.28571428571428,189.57142857142858
2020-10-19,14.185714285714285,13.614285714285714,13.885714285714286,214.28571428571428,176.85714285714286,188.85714285714286
2020-10-20,14.014285714285716,13.471428571428573,13.742857142857144,214.42857142857142,177.0,189.14285714285714
2020-10-21,13.914285714285715,13.357142857142858,13.642857142857142,210.71428571428572,177.28571428571428,189.0
2020-10-22,13.757142857142858,13.257142857142858,13.5,212.28571428571428,177.42857142857142,190.0
2020-10-23,13.614285714285716,13.142857142857142,13.385714285714284,212.0,178.0,190.71428571428572
2020-10-24,13.599999999999998,13.085714285714285,13.342857142857142,212.28571428571428,184.57142857142858,193.71428571428572
2020-10-25,13.599999999999998,13.028571428571428,13.342857142857143,208.14285714285714,185.71428571428572,195.14285714285714
2020-10-26,13.528571428571428,12.928571428571429,13.257142857142856,209.28571428571428,185.71428571428572,195.42857142857142
2020-10-27,13.414285714285713,12.814285714285713,13.12857142857143,206.42857142857142,185.28571428571428,194.71428571428572
2020-10-28,13.242857142857144,12.628571428571428,12.942857142857141,203.28571428571428,184.71428571428572,193.0
2020-10-29,13.014285714285714,12.428571428571429,12.742857142857144,203.71428571428572,184.0,192.0
2020-10-30,12.785714285714286,12.228571428571428,12.514285714285716,208.28571428571428,183.0,191.0
2020-10-31,12.400000000000002,11.871428571428572,12.12857142857143,206.71428571428572,182.0,189.28571428571428
2020-11-01,11.971428571428573,11.457142857142856,11.685714285714283,203.85714285714286,180.42857142857142,187.28571428571428
2020-11-02,11.571428571428571,11.028571428571428,11.271428571428572,203.28571428571428,180.71428571428572,187.57142857142858
2020-11-03,11.285714285714286,10.642857142857142,10.914285714285713,201.42857142857142,180.28571428571428,186.42857142857142
2020-11-04,10.9,10.214285714285714,10.5,200.71428571428572,179.85714285714286,185.71428571428572
2020-11-05,10.585714285714285,9.87142857142857,10.171428571428573,197.0,179.42857142857142,184.71428571428572
2020-11-06,10.371428571428572,9.571428571428571,9.9,191.85714285714286,180.14285714285714,185.28571428571428
2020-11-07,10.3,9.5,9.857142857142858,192.28571428571428,181.14285714285714,186.14285714285714
2020-11-08,10.357142857142858,9.585714285714285,9.914285714285715,195.28571428571428,181.85714285714286,187.57142857142858
2020-11-09,10.542857142857143,9.828571428571427,10.12857142857143,197.85714285714286,181.85714285714286,188.42857142857142
2020-11-10,10.714285714285714,10.071428571428571,10.385714285714286,203.42857142857142,182.71428571428572,190.85714285714286
2020-11-11,11.057142857142855,10.414285714285715,10.72857142857143,209.42857142857142,182.57142857142858,192.85714285714286
2020-11-12,11.414285714285715,10.757142857142856,11.057142857142855,210.85714285714286,183.71428571428572,193.85714285714286
2020-11-13,11.657142857142857,10.985714285714286,11.299999999999999,211.85714285714286,183.85714285714286,193.85714285714286
2020-11-14,11.657142857142857,10.957142857142856,11.257142857142856,213.57142857142858,183.0,193.28571428571428
2020-11-15,11.485714285714286,10.785714285714286,11.071428571428571,213.71428571428572,182.28571428571428,192.14285714285714
2020-11-16,11.2,10.514285714285716,10.8,212.85714285714286,181.57142857142858,191.0
2020-11-17,10.9,10.242857142857142,10.5,208.71428571428572,181.28571428571428,189.14285714285714
2020-11-18,10.514285714285714,9.842857142857143,10.12857142857143,202.42857142857142,181.71428571428572,187.28571428571428
2020-11-19,9.971428571428572,9.285714285714286,9.585714285714285,200.28571428571428,180.71428571428572,186.0
2020-11-20,9.428571428571429,8.72857142857143,9.014285714285714,198.0,179.57142857142858,185.0
2020-11-21,9.128571428571428,8.314285714285715,8.671428571428573,195.71428571428572,179.42857142857142,184.85714285714286
2020-11-22,8.942857142857145,8.142857142857142,8.514285714285716,192.0,179.42857142857142,184.28571428571428
2020-11-23,8.785714285714286,8.0,8.357142857142858,188.71428571428572,179.42857142857142,183.28571428571428
2020-11-24,8.614285714285716,7.828571428571428,8.200000000000001,189.0,179.28571428571428,183.42857142857142
2020-11-25,8.457142857142857,7.728571428571429,8.042857142857143,189.0,179.0,183.42857142857142
2020-11-26,8.4,7.7,8.014285714285714,198.28571428571428,179.0,184.85714285714286
2020-11-27,8.442857142857143,7.771428571428571,8.114285714285714,201.57142857142858,179.57142857142858,185.57142857142858
2020-11-28,8.428571428571429,7.971428571428572,8.214285714285714,200.42857142857142,179.57142857142858,184.85714285714286
2020-11-29,8.4,7.957142857142856,8.2,203.14285714285714,180.0,185.71428571428572
2020-11-30,8.37142857142857,7.928571428571429,8.185714285714285,206.42857142857142,180.42857142857142,187.28571428571428
2020-12-01,8.414285714285715,7.957142857142856,8.2,209.28571428571428,180.57142857142858,187.57142857142858
2020-12-02,8.585714285714285,8.085714285714285,8.342857142857143,210.57142857142858,181.28571428571428,188.57142857142858
2020-12-03,8.7,8.114285714285716,8.4,202.71428571428572,182.0,188.42857142857142
2020-12-04,8.585714285714285,8.071428571428571,8.314285714285715,199.14285714285714,181.85714285714286,187.71428571428572
2020-12-05,8.442857142857141,7.914285714285714,8.157142857142857,199.71428571428572,182.0,188.14285714285714
2020-12-06,8.342857142857143,7.757142857142858,8.042857142857143,197.57142857142858,180.71428571428572,187.57142857142858
2020-12-07,8.185714285714285,7.542857142857144,7.828571428571428,194.71428571428572,179.85714285714286,186.57142857142858
2020-12-08,7.914285714285714,7.271428571428571,7.557142857142858,189.85714285714286,179.57142857142858,185.57142857142858
2020-12-09,7.5,6.8999999999999995,7.185714285714285,188.71428571428572,179.0,184.71428571428572
2020-12-10,7.214285714285714,6.628571428571428,6.914285714285714,189.0,178.28571428571428,184.0
2020-12-11,7.014285714285713,6.442857142857143,6.714285714285714,189.71428571428572,178.28571428571428,184.28571428571428
2020-12-12,6.8999999999999995,6.242857142857143,6.542857142857144,191.0,178.14285714285714,184.71428571428572
2020-12-13,6.771428571428571,6.214285714285714,6.428571428571429,190.57142857142858,178.85714285714286,184.42857142857142
2020-12-14,6.757142857142857,6.257142857142857,6.471428571428572,192.42857142857142,179.71428571428572,184.71428571428572
2020-12-15,6.771428571428571,6.271428571428571,6.514285714285714,195.0,179.57142857142858,184.57142857142858
2020-12-16,6.771428571428571,6.128571428571429,6.428571428571429,194.71428571428572,179.85714285714286,184.42857142857142
2020-12-17,6.528571428571429,5.914285714285714,6.2,193.14285714285714,180.0,184.0
2020-12-18,6.328571428571428,5.671428571428571,5.985714285714287,192.14285714285714,179.71428571428572,183.42857142857142
2020-12-19,6.014285714285713,5.3999999999999995,5.7,189.85714285714286,179.57142857142858,182.57142857142858
2020-12-20,5.6571428571428575,5.0,5.328571428571428,189.71428571428572,179.71428571428572,182.57142857142858
2020-12-21,5.242857142857143,4.557142857142857,4.885714285714285,189.57142857142858,180.14285714285714,183.28571428571428
2020-12-22,5.114285714285714,4.2,4.642857142857143,188.85714285714286,180.42857142857142,184.14285714285714
2020-12-23,5.057142857142858,4.257142857142857,4.685714285714285,191.0,180.42857142857142,184.85714285714286
2020-12-24,5.1000000000000005,4.3,4.728571428571429,192.71428571428572,181.0,185.85714285714286
2020-12-25,5.185714285714286,4.285714285714286,4.728571428571429,195.14285714285714,182.0,187.71428571428572
2020-12-26,5.485714285714286,4.4714285714285715,5.028571428571429,203.85714285714286,183.0,192.14285714285714
2020-12-27,5.785714285714286,4.585714285714286,5.200000000000001,206.42857142857142,184.0,194.28571428571428
2020-12-28,5.8999999999999995,4.742857142857142,5.342857142857143,204.85714285714286,184.14285714285714,193.57142857142858
2020-12-29,5.757142857142857,4.814285714285715,5.285714285714286,206.0,185.14285714285714,194.71428571428572
2020-12-30,5.614285714285714,4.628571428571428,5.085714285714286,204.57142857142858,185.71428571428572,194.57142857142858
2020-12-31,5.471428571428572,4.471428571428571,4.942857142857143,204.42857142857142,185.71428571428572,194.57142857142858
2021-01-01,5.257142857142858,4.371428571428571,4.814285714285714,203.71428571428572,185.71428571428572,193.71428571428572
2021-01-02,4.8999999999999995,4.1,4.457142857142856,195.71428571428572,185.14285714285714,189.71428571428572
2021-01-03,4.542857142857143,3.9285714285714284,4.214285714285714,193.71428571428572,184.57142857142858,188.14285714285714
2021-01-04,4.4,3.7857142857142856,4.071428571428571,194.28571428571428,184.57142857142858,188.28571428571428
2021-01-05,4.257142857142857,3.7,3.957142857142857,192.14285714285714,184.0,187.14285714285714
2021-01-06,4.1,3.6142857142857143,3.8428571428571425,193.28571428571428,184.14285714285714,188.0
2021-01-07,3.9857142857142853,3.585714285714286,3.7714285714285714,194.28571428571428,185.42857142857142,189.42857142857142
2021-01-08,3.9,3.557142857142857,3.714285714285714,198.57142857142858,186.14285714285714,190.71428571428572
2021-01-09,3.7571428571428567,3.4857142857142853,3.614285714285714,199.71428571428572,186.85714285714286,191.85714285714286
2021-01-10,3.6571428571428575,3.414285714285714,3.5428571428571423,200.0,187.14285714285714,192.0
2021-01-11,3.6,3.342857142857143,3.4714285714285715,199.42857142857142,186.57142857142858,191.71428571428572
2021-01-12,3.5571428571428574,3.214285714285714,3.4,199.42857142857142,186.28571428571428,191.57142857142858
2021-01-13,3.4285714285714284,3.1,3.285714285714285,199.0,186.14285714285714,191.14285714285714
2021-01-14,3.314285714285714,2.971428571428571,3.1714285714285713,198.28571428571428,185.14285714285714,189.71428571428572
2021-01-15,3.2142857142857144,2.857142857142857,3.057142857142857,193.57142857142858,184.57142857142858,188.57142857142858
2021-01-16,3.185714285714286,2.7857142857142856,3.0285714285714285,192.57142857142858,183.85714285714286,187.42857142857142
2021-01-17,3.1285714285714286,2.728571428571428,2.971428571428571,192.42857142857142,184.0,187.57142857142858
2021-01-18,3.0714285714285716,2.6714285714285713,2.914285714285714,197.85714285714286,184.57142857142858,189.85714285714286
2021-01-19,3.0,2.6571428571428575,2.857142857142857,200.14285714285714,186.14285714285714,192.0
2021-01-20,3.0571428571428574,2.6999999999999997,2.9,200.57142857142858,186.42857142857142,192.42857142857142
2021-01-21,3.1142857142857143,2.6999999999999997,2.9285714285714284,201.42857142857142,186.71428571428572,193.14285714285714
2021-01-22,3.1142857142857143,2.6142857142857143,2.8999999999999995,205.85714285714286,187.57142857142858,196.0
2021-01-23,3.0,2.5,2.757142857142857,211.71428571428572,188.57142857142858,198.14285714285714
2021-01-24,2.8857142857142857,2.2714285714285714,2.585714285714286,213.57142857142858,189.85714285714286,199.71428571428572
2021-01-25,2.7857142857142856,1.9571428571428573,2.357142857142857,210.42857142857142,189.28571428571428,198.71428571428572
2021-01-26,2.742857142857143,1.8714285714285714,2.3000000000000003,207.42857142857142,187.42857142857142,196.14285714285714
2021-01-27,2.5714285714285716,1.6857142857142855,2.1142857142857143,206.57142857142858,186.71428571428572,195.28571428571428
2021-01-28,2.414285714285714,1.5714285714285714,1.957142857142857,204.85714285714286,186.57142857142858,194.42857142857142
2021-01-29,2.3857142857142857,1.5,1.9142857142857144,201.14285714285714,185.0,191.28571428571428
2021-01-30,2.3285714285714287,1.3142857142857143,1.7857142857142858,196.28571428571428,184.0,190.14285714285714
2021-01-31,2.3285714285714287,1.3285714285714287,1.8,195.28571428571428,182.14285714285714,188.42857142857142
2021-02-01,2.3000000000000003,1.5,1.9,192.14285714285714,181.71428571428572,186.57142857142858
2021-02-02,2.1999999999999997,1.457142857142857,1.8285714285714287,192.14285714285714,181.85714285714286,186.71428571428572
2021-02-03,2.2,1.3714285714285714,1.8142857142857143,192.85714285714286,182.0,187.14285714285714
2021-02-04,2.1714285714285713,1.3571428571428572,1.8000000000000003,194.42857142857142,182.28571428571428,188.42857142857142
2021-02-05,2.1285714285714286,1.3857142857142857,1.7857142857142858,195.71428571428572,183.85714285714286,190.28571428571428
2021-02-06,2.1571428571428575,1.5142857142857142,1.8714285714285714,208.28571428571428,184.14285714285714,191.57142857142858
2021-02-07,2.0285714285714285,1.4428571428571428,1.7714285714285716,211.57142857142858,185.14285714285714,194.0
2021-02-08,1.9142857142857144,1.3000000000000003,1.6428571428571428,215.42857142857142,186.57142857142858,196.14285714285714
2021-02-09,1.8285714285714287,1.0714285714285714,1.5,217.28571428571428,186.57142857142858,196.71428571428572
2021-02-10,1.7428571428571427,1.0714285714285714,1.4285714285714286,216.28571428571428,186.28571428571428,196.14285714285714
2021-02-11,1.6428571428571428,0.9714285714285714,1.3428571428571427,215.28571428571428,185.85714285714286,194.85714285714286
2021-02-12,1.5,0.8428571428571429,1.2,215.28571428571428,184.71428571428572,194.14285714285714
2021-02-13,1.4142857142857144,0.7714285714285714,1.1428571428571428,203.14285714285714,184.42857142857142,191.85714285714286
2021-02-14,1.4714285714285715,0.8571428571428571,1.2,198.28571428571428,183.0,188.85714285714286
2021-02-15,1.4857142857142858,0.9285714285714286,1.2571428571428573,194.42857142857142,181.28571428571428,186.71428571428572
2021-02-16,1.5,1.0857142857142856,1.3142857142857143,193.14285714285714,181.42857142857142,186.14285714285714
2021-02-17,1.5285714285714287,1.0571428571428572,1.3571428571428572,194.57142857142858,181.57142857142858,186.28571428571428
2021-02-18,1.5571428571428574,0.9857142857142858,1.3285714285714287,193.85714285714286,181.14285714285714,186.0
2021-02-19,1.5571428571428572,1.042857142857143,1.3571428571428572,190.85714285714286,180.0,184.0
2021-02-20,1.5285714285714287,1.0571428571428572,1.3285714285714285,188.71428571428572,178.71428571428572,183.42857142857142
2021-02-21,1.4714285714285715,1.0285714285714287,1.2857142857142858,188.42857142857142,179.0,183.14285714285714
2021-02-22,1.5,1.0,1.2571428571428573,189.42857142857142,179.57142857142858,183.71428571428572
2021-02-23,1.4857142857142855,0.8571428571428571,1.157142857142857,191.14285714285714,179.42857142857142,184.71428571428572
2021-02-24,1.4285714285714286,0.8285714285714285,1.0714285714285714,190.28571428571428,180.0,185.28571428571428
2021-02-25,1.457142857142857,0.9285714285714286,1.1285714285714286,191.57142857142858,180.14285714285714,186.14285714285714
2021-02-26,1.4857142857142858,0.9,1.1285714285714286,195.28571428571428,181.42857142857142,188.0
2021-02-27,1.5714285714285714,0.9142857142857144,1.1714285714285713,197.28571428571428,183.28571428571428,189.42857142857142
2021-02-28,1.614285714285714,0.8857142857142856,1.1714285714285713,209.14285714285714,184.0,192.71428571428572
2021-03-01,1.6142857142857143,0.9000000000000001,1.1857142857142857,212.28571428571428,185.71428571428572,194.57142857142858
2021-03-02,1.6428571428571428,0.9285714285714287,1.2571428571428573,214.42857142857142,187.28571428571428,195.85714285714286
2021-03-03,1.5285714285714285,0.8428571428571429,1.1428571428571428,214.57142857142858,187.14285714285714,195.71428571428572
2021-03-04,1.3714285714285714,0.7142857142857143,1.0,214.42857142857142,187.57142857142858,195.14285714285714
2021-03-05,1.2714285714285716,0.6285714285714287,0.9000000000000001,212.14285714285714,187.28571428571428,194.57142857142858
2021-03-06,1.042857142857143,0.48571428571428577,0.7142857142857143,211.71428571428572,187.0,194.14285714285714
2021-03-07,0.8428571428571427,0.34285714285714286,0.5571428571428572,201.28571428571428,187.14285714285714,191.85714285714286
2021-03-08,0.7571428571428571,0.18571428571428572,0.42857142857142855,198.42857142857142,185.42857142857142,189.85714285714286
2021-03-09,0.7571428571428571,0.24285714285714288,0.4142857142857143,197.28571428571428,183.14285714285714,188.42857142857142
2021-03-10,0.8142857142857143,0.2857142857142857,0.4857142857142857,197.71428571428572,183.14285714285714,188.42857142857142
2021-03-11,0.9571428571428571,0.3714285714285714,0.5857142857142857,201.57142857142858,184.0,191.14285714285714
2021-03-12,1.2142857142857142,0.4571428571428572,0.7571428571428572,204.0,185.57142857142858,193.14285714285714
2021-03-13,1.542857142857143,0.6857142857142857,1.042857142857143,205.42857142857142,186.0,194.0
2021-03-14,1.8142857142857145,0.8571428571428571,1.2571428571428573,205.57142857142858,185.71428571428572,193.71428571428572
2021-03-15,1.8714285714285714,0.9428571428571428,1.3571428571428572,208.28571428571428,186.28571428571428,194.85714285714286
2021-03-16,1.7714285714285716,0.8142857142857142,1.2714285714285716,206.14285714285714,187.28571428571428,194.85714285714286
2021-03-17,1.8571428571428572,0.8857142857142858,1.3428571428571427,206.42857142857142,186.71428571428572,194.14285714285714
2021-03-18,1.9142857142857144,0.8714285714285713,1.3571428571428572,203.57142857142858,186.0,191.57142857142858
2021-03-19,1.7714285714285716,0.9142857142857144,1.3,201.42857142857142,184.85714285714286,189.57142857142858
2021-03-20,1.5857142857142856,0.7714285714285715,1.1428571428571428,200.85714285714286,185.28571428571428,190.0
2021-03-21,1.5285714285714285,0.7000000000000001,1.0857142857142859,200.14285714285714,185.0,189.85714285714286
2021-03-22,1.6428571428571428,0.7714285714285714,1.1428571428571428,196.57142857142858,184.0,188.57142857142858
2021-03-23,1.8714285714285717,0.9857142857142858,1.342857142857143,196.14285714285714,183.71428571428572,187.85714285714286
2021-03-24,2.0714285714285716,1.1285714285714286,1.5142857142857145,195.85714285714286,184.0,188.42857142857142
2021-03-25,2.2285714285714286,1.3285714285714287,1.7285714285714289,194.85714285714286,183.57142857142858,188.71428571428572
2021-03-26,2.6571428571428575,1.5142857142857145,2.0285714285714285,195.57142857142858,183.0,188.85714285714286
2021-03-27,2.9142857142857146,1.7714285714285716,2.2714285714285714,195.28571428571428,181.71428571428572,187.42857142857142
2021-03-28,3.1571428571428575,2.0571428571428574,2.5285714285714285,195.14285714285714,182.28571428571428,187.71428571428572
2021-03-29,3.2714285714285714,2.2714285714285714,2.6999999999999997,195.85714285714286,182.14285714285714,187.57142857142858
2021-03-30,3.314285714285714,2.4,2.814285714285714,196.85714285714286,182.0,187.57142857142858
2021-03-31,3.471428571428571,2.457142857142857,2.9285714285714284,196.57142857142858,181.0,187.0
2021-04-01,3.6142857142857143,2.642857142857143,3.1000000000000005,196.57142857142858,181.14285714285714,187.0
2021-04-02,3.5000000000000004,2.642857142857143,3.057142857142857,194.71428571428572,181.28571428571428,186.42857142857142
2021-04-03,3.4285714285714284,2.5857142857142854,3.0,193.28571428571428,181.71428571428572,186.57142857142858
2021-04-04,3.4285714285714284,2.4857142857142853,2.957142857142857,193.57142857142858,180.71428571428572,185.85714285714286
2021-04-05,3.457142857142857,2.4714285714285715,2.9714285714285715,192.0,180.57142857142858,185.42857142857142
2021-04-06,3.6142857142857143,2.5571428571428574,3.0857142857142854,190.42857142857142,180.42857142857142,185.14285714285714
2021-04-07,3.728571428571428,2.7714285714285714,3.257142857142857,189.0,180.85714285714286,184.71428571428572
2021-04-08,3.914285714285714,2.857142857142857,3.385714285714286,187.0,180.14285714285714,183.57142857142858
2021-04-09,4.042857142857143,3.114285714285714,3.585714285714286,186.42857142857142,179.28571428571428,182.71428571428572
2021-04-10,4.5285714285714285,3.442857142857143,4.028571428571429,187.28571428571428,178.71428571428572,182.57142857142858
2021-04-11,4.885714285714286,3.814285714285714,4.371428571428572,188.57142857142858,179.42857142857142,183.42857142857142
2021-04-12,5.1571428571428575,4.071428571428571,4.628571428571428,190.85714285714286,180.14285714285714,184.42857142857142
2021-04-13,5.3999999999999995,4.328571428571428,4.871428571428572,191.57142857142858,180.57142857142858,184.71428571428572
2021-04-14,5.700000000000001,4.614285714285715,5.1571428571428575,192.28571428571428,181.28571428571428,185.57142857142858
2021-04-15,6.014285714285714,4.871428571428572,5.385714285714285,193.71428571428572,181.42857142857142,186.28571428571428
2021-04-16,6.271428571428571,5.028571428571429,5.585714285714286,195.28571428571428,182.28571428571428,187.57142857142858
2021-04-17,6.242857142857142,5.171428571428572,5.6,196.85714285714286,183.14285714285714,188.42857142857142
2021-04-18,6.200000000000001,5.257142857142858,5.628571428571429,198.28571428571428,184.42857142857142,189.85714285714286
2021-04-19,6.3428571428571425,5.3428571428571425,5.728571428571429,198.0,184.85714285714286,190.28571428571428
2021-04-20,6.542857142857144,5.457142857142856,5.857142857142857,199.0,184.85714285714286,190.85714285714286
2021-04-21,6.485714285714286,5.5,5.8428571428571425,199.57142857142858,185.14285714285714,191.42857142857142
2021-04-22,6.328571428571428,5.414285714285714,5.771428571428572,199.71428571428572,185.71428571428572,191.85714285714286
2021-04-23,6.128571428571428,5.257142857142857,5.5857142857142845,199.71428571428572,185.71428571428572,191.71428571428572
2021-04-24,6.071428571428571,5.1000000000000005,5.471428571428572,196.85714285714286,185.14285714285714,190.42857142857142
2021-04-25,6.057142857142857,4.985714285714286,5.442857142857142,194.14285714285714,182.85714285714286,188.57142857142858
2021-04-26,6.014285714285714,5.042857142857143,5.485714285714286,193.42857142857142,182.28571428571428,188.0
2021-04-27,5.8428571428571425,5.0,5.4142857142857155,193.71428571428572,182.57142857142858,188.14285714285714
2021-04-28,5.871428571428572,4.857142857142857,5.314285714285715,193.57142857142858,181.28571428571428,186.85714285714286
2021-04-29,5.928571428571429,4.971428571428571,5.3999999999999995,193.14285714285714,180.57142857142858,185.85714285714286
2021-04-30,6.057142857142857,5.128571428571429,5.542857142857143,193.14285714285714,180.0,184.85714285714286
2021-05-01,6.471428571428571,5.3,5.8428571428571425,194.14285714285714,179.42857142857142,185.28571428571428
2021-05-02,6.642857142857143,5.428571428571429,5.957142857142856,194.42857142857142,179.57142857142858,185.28571428571428
2021-05-03,6.828571428571428,5.4142857142857155,6.042857142857144,195.0,179.71428571428572,185.42857142857142
2021-05-04,6.8999999999999995,5.457142857142857,6.114285714285714,194.14285714285714,179.28571428571428,184.71428571428572
2021-05-05,6.885714285714285,5.542857142857144,6.185714285714285,194.57142857142858,179.85714285714286,185.42857142857142
2021-05-06,6.928571428571429,5.628571428571428,6.257142857142858,195.28571428571428,180.28571428571428,186.42857142857142
2021-05-07,7.185714285714286,5.685714285714285,6.457142857142857,195.85714285714286,180.57142857142858,188.0
2021-05-08,6.985714285714287,5.671428571428572,6.357142857142857,195.71428571428572,180.85714285714286,187.57142857142858
2021-05-09,7.314285714285715,5.742857142857143,6.485714285714287,195.14285714285714,180.57142857142858,187.28571428571428
2021-05-10,7.571428571428571,5.957142857142856,6.657142857142857,195.0,180.85714285714286,187.28571428571428
2021-05-11,8.057142857142857,6.142857142857143,6.942857142857143,195.14285714285714,181.28571428571428,187.85714285714286
2021-05-12,8.642857142857142,6.471428571428572,7.485714285714287,197.57142857142858,181.85714285714286,188.85714285714286
2021-05-13,9.157142857142857,6.700000000000001,7.885714285714285,197.14285714285714,181.85714285714286,188.42857142857142
2021-05-14,9.714285714285714,7.257142857142858,8.428571428571429,196.57142857142858,182.85714285714286,188.28571428571428
2021-05-15,10.514285714285714,7.828571428571428,9.114285714285716,200.14285714285714,184.14285714285714,190.0
2021-05-16,11.057142857142859,8.514285714285714,9.828571428571427,201.57142857142858,185.71428571428572,191.42857142857142
2021-05-17,11.928571428571429,9.085714285714285,10.5,203.14285714285714,186.14285714285714,192.28571428571428
2021-05-18,12.571428571428571,9.700000000000001,11.185714285714287,209.85714285714286,187.28571428571428,194.71428571428572
2021-05-19,13.285714285714286,10.342857142857142,11.799999999999999,210.42857142857142,188.57142857142858,195.85714285714286
2021-05-20,14.057142857142859,10.985714285714286,12.442857142857145,215.42857142857142,190.28571428571428,198.14285714285714
2021-05-21,15.171428571428569,11.342857142857143,13.214285714285714,218.42857142857142,190.28571428571428,198.85714285714286
2021-05-22,16.02857142857143,12.414285714285713,14.157142857142858,217.57142857142858,190.28571428571428,199.0
2021-05-23,16.87142857142857,13.185714285714287,14.985714285714286,222.85714285714286,191.14285714285714,199.71428571428572
2021-05-24,17.42857142857143,12.885714285714286,15.385714285714286,223.85714285714286,191.0,200.28571428571428
2021-05-25,17.728571428571428,12.5,15.457142857142857,221.85714285714286,190.0,198.42857142857142
2021-05-26,17.871428571428574,12.414285714285715,15.585714285714287,219.28571428571428,189.14285714285714,197.14285714285714
2021-05-27,17.5,12.299999999999999,15.37142857142857,214.28571428571428,188.0,195.28571428571428
2021-05-28,16.599999999999998,12.014285714285716,14.828571428571431,213.0,187.14285714285714,194.71428571428572
2021-05-29,15.471428571428572,10.957142857142857,13.714285714285714,210.14285714285714,186.14285714285714,193.28571428571428
2021-05-30,14.471428571428572,10.12857142857143,12.77142857142857,203.71428571428572,184.85714285714286,191.71428571428572
2021-05-31,13.328571428571427,9.957142857142857,12.014285714285716,201.42857142857142,184.57142857142858,190.42857142857142
2021-06-01,12.471428571428572,10.014285714285716,11.457142857142857,196.85714285714286,184.14285714285714,189.57142857142858
2021-06-02,11.9,9.614285714285714,10.914285714285713,196.28571428571428,183.57142857142858,188.71428571428572
2021-06-03,12.071428571428571,9.700000000000001,10.985714285714286,196.71428571428572,182.71428571428572,188.42857142857142
2021-06-04,12.157142857142858,10.085714285714285,11.114285714285714,196.0,182.28571428571428,187.57142857142858
2021-06-05,12.842857142857143,10.6,11.714285714285714,199.71428571428572,182.0,187.28571428571428
2021-06-06,13.385714285714286,11.214285714285714,12.285714285714286,199.85714285714286,181.57142857142858,187.0
2021-06-07,14.257142857142856,12.257142857142856,13.142857142857142,199.14285714285714,181.42857142857142,186.57142857142858
2021-06-08,15.5,13.285714285714286,14.228571428571428,198.57142857142858,181.57142857142858,186.57142857142858
2021-06-09,16.6,14.657142857142858,15.400000000000002,199.28571428571428,181.42857142857142,187.0
2021-06-10,17.428571428571427,14.971428571428572,16.057142857142857,201.71428571428572,182.0,188.0
2021-06-11,17.77142857142857,15.042857142857144,16.357142857142858,203.85714285714286,183.0,189.57142857142858
2021-06-12,18.057142857142857,15.328571428571427,16.757142857142856,202.71428571428572,183.42857142857142,190.71428571428572
2021-06-13,18.414285714285715,15.42857142857143,16.914285714285715,203.28571428571428,183.57142857142858,190.85714285714286
2021-06-14,18.7,15.542857142857143,17.24285714285714,205.14285714285714,183.57142857142858,191.57142857142858
2021-06-15,18.67142857142857,15.785714285714286,17.4,206.42857142857142,183.71428571428572,192.14285714285714
2021-06-16,18.47142857142857,15.614285714285714,17.22857142857143,206.57142857142858,183.71428571428572,192.28571428571428
2021-06-17,18.099999999999998,15.685714285714285,17.057142857142857,204.28571428571428,183.71428571428572,191.28571428571428
2021-06-18,18.357142857142858,16.114285714285714,17.3,201.0,183.28571428571428,189.71428571428572
2021-06-19,18.32857142857143,16.285714285714285,17.314285714285713,199.57142857142858,183.28571428571428,189.14285714285714
2021-06-20,18.385714285714283,16.47142857142857,17.5,200.0,183.42857142857142,189.57142857142858
2021-06-21,18.32857142857143,16.7,17.485714285714288,200.85714285714286,183.71428571428572,190.0
2021-06-22,18.457142857142856,16.7,17.571428571428573,202.14285714285714,183.71428571428572,190.85714285714286
2021-06-23,18.414285714285715,16.65714285714286,17.557142857142857,201.57142857142858,183.57142857142858,190.28571428571428
2021-06-24,18.542857142857144,16.900000000000002,17.685714285714287,201.42857142857142,183.57142857142858,190.57142857142858
2021-06-25,18.67142857142857,17.057142857142857,17.82857142857143,201.28571428571428,183.57142857142858,190.71428571428572
2021-06-26,18.87142857142857,17.25714285714286,18.014285714285712,200.14285714285714,183.42857142857142,190.42857142857142
2021-06-27,18.87142857142857,17.47142857142857,18.114285714285714,200.71428571428572,183.42857142857142,190.28571428571428
2021-06-28,18.957142857142856,17.614285714285717,18.214285714285715,199.0,183.28571428571428,189.85714285714286
2021-06-29,19.185714285714283,17.67142857142857,18.2,196.28571428571428,183.0,188.0
2021-06-30,19.599999999999998,17.82857142857143,18.357142857142858,198.14285714285714,183.28571428571428,188.42857142857142
2021-07-01,20.114285714285717,18.04285714285714,18.857142857142858,199.71428571428572,183.28571428571428,188.42857142857142
2021-07-02,20.485714285714288,18.257142857142856,19.099999999999998,199.57142857142858,183.28571428571428,188.57142857142858
2021-07-03,20.585714285714285,17.928571428571427,19.0,200.42857142857142,183.57142857142858,188.57142857142858
2021-07-04,20.642857142857142,17.900000000000002,19.057142857142857,200.28571428571428,183.71428571428572,188.85714285714286
2021-07-05,20.428571428571427,17.714285714285715,18.857142857142858,201.71428571428572,184.14285714285714,189.57142857142858
2021-07-06,20.2,17.571428571428573,18.800000000000004,202.85714285714286,184.85714285714286,191.0
2021-07-07,20.114285714285717,17.742857142857144,18.914285714285715,202.14285714285714,185.14285714285714,191.0
2021-07-08,19.857142857142858,17.728571428571428,18.67142857142857,201.42857142857142,185.14285714285714,191.71428571428572
2021-07-09,19.471428571428568,17.62857142857143,18.485714285714288,203.71428571428572,185.85714285714286,192.85714285714286
2021-07-10,19.485714285714288,18.099999999999998,18.714285714285715,204.57142857142858,185.71428571428572,193.42857142857142
2021-07-11,19.571428571428573,18.185714285714283,18.771428571428572,206.42857142857142,185.57142857142858,194.85714285714286
2021-07-12,19.914285714285715,18.457142857142856,19.085714285714285,207.85714285714286,185.85714285714286,196.0
2021-07-13,20.25714285714286,18.857142857142858,19.414285714285715,208.85714285714286,186.57142857142858,196.85714285714286
2021-07-14,20.442857142857143,19.17142857142857,19.685714285714287,208.71428571428572,186.28571428571428,197.0
2021-07-15,20.657142857142855,19.642857142857142,20.042857142857144,207.85714285714286,186.28571428571428,196.42857142857142
2021-07-16,21.257142857142856,20.099999999999998,20.557142857142857,206.42857142857142,185.57142857142858,195.71428571428572
2021-07-17,21.7,20.5,21.0,206.0,185.42857142857142,195.85714285714286
2021-07-18,22.0,20.857142857142858,21.32857142857143,203.71428571428572,185.28571428571428,194.42857142857142
2021-07-19,22.185714285714287,20.985714285714288,21.557142857142857,202.28571428571428,185.0,192.85714285714286
2021-07-20,22.142857142857142,20.928571428571427,21.542857142857144,203.0,184.14285714285714,192.71428571428572
2021-07-21,22.242857142857144,20.95714285714286,21.571428571428573,204.14285714285714,184.71428571428572,193.42857142857142
2021-07-22,22.32857142857143,20.6,21.514285714285716,208.85714285714286,184.57142857142858,194.42857142857142
2021-07-23,22.185714285714287,20.271428571428572,21.32857142857143,210.0,184.71428571428572,195.0
2021-07-24,22.214285714285715,20.242857142857144,21.285714285714285,213.85714285714286,185.57142857142858,195.71428571428572
2021-07-25,22.485714285714288,20.271428571428572,21.442857142857143,219.0,185.85714285714286,196.57142857142858
2021-07-26,22.685714285714287,20.62857142857143,21.657142857142855,218.57142857142858,186.71428571428572,197.28571428571428
2021-07-27,22.900000000000002,21.0,21.97142857142857,220.42857142857142,188.14285714285714,198.28571428571428
2021-07-28,22.928571428571427,21.04285714285714,22.057142857142857,221.28571428571428,188.14285714285714,198.85714285714286
2021-07-29,22.857142857142858,21.357142857142858,22.11428571428571,217.57142857142858,188.42857142857142,197.85714285714286
2021-07-30,22.814285714285713,21.614285714285717,22.185714285714287,216.42857142857142,188.85714285714286,197.14285714285714
2021-07-31,22.642857142857142,21.514285714285712,22.1,213.0,189.0,196.85714285714286
2021-08-01,22.228571428571428,21.32857142857143,21.8,210.57142857142858,190.28571428571428,197.85714285714286
2021-08-02,21.87142857142857,21.02857142857143,21.47142857142857,209.71428571428572,189.71428571428572,197.28571428571428
2021-08-03,21.471428571428568,20.714285714285715,21.114285714285717,207.14285714285714,188.42857142857142,195.85714285714286
2021-08-04,21.157142857142855,20.385714285714283,20.771428571428572,206.14285714285714,188.57142857142858,195.42857142857142
2021-08-05,21.071428571428573,20.314285714285717,20.67142857142857,207.14285714285714,188.85714285714286,196.14285714285714
2021-08-06,21.157142857142855,20.37142857142857,20.728571428571428,209.0,189.14285714285714,197.0
2021-08-07,21.371428571428574,20.5,20.857142857142858,211.57142857142858,189.14285714285714,197.85714285714286
2021-08-08,21.77142857142857,20.9,21.24285714285714,209.14285714285714,188.28571428571428,196.42857142857142
2021-08-09,22.214285714285715,21.285714285714285,21.657142857142862,211.57142857142858,188.71428571428572,197.14285714285714
2021-08-10,22.657142857142855,21.685714285714287,22.071428571428573,211.57142857142858,189.42857142857142,197.14285714285714
2021-08-11,23.157142857142855,22.185714285714283,22.557142857142857,210.71428571428572,189.57142857142858,197.14285714285714
2021-08-12,23.571428571428573,22.614285714285717,22.985714285714288,208.71428571428572,189.85714285714286,196.71428571428572
2021-08-13,23.900000000000002,23.0,23.357142857142858,207.28571428571428,190.57142857142858,196.71428571428572
2021-08-14,24.24285714285714,23.400000000000002,23.714285714285715,204.14285714285714,190.57142857142858,195.57142857142858
2021-08-15,24.5,23.671428571428574,23.985714285714288,204.0,190.28571428571428,195.28571428571428
2021-08-16,24.642857142857142,23.75714285714286,24.11428571428571,203.14285714285714,190.14285714285714,195.0
2021-08-17,24.728571428571428,23.77142857142857,24.157142857142855,203.14285714285714,189.85714285714286,195.14285714285714
2021-08-18,24.642857142857142,23.771428571428572,24.142857142857142,203.0,190.0,195.28571428571428
2021-08-19,24.5,23.685714285714283,24.042857142857144,204.0,190.71428571428572,195.85714285714286
2021-08-20,24.32857142857143,23.557142857142857,23.885714285714283,205.57142857142858,190.42857142857142,196.14285714285714
2021-08-21,24.02857142857143,23.314285714285717,23.657142857142855,209.14285714285714,191.14285714285714,197.85714285714286
2021-08-22,23.95714285714286,23.085714285714285,23.47142857142857,213.0,192.28571428571428,199.42857142857142
2021-08-23,24.071428571428566,23.071428571428573,23.585714285714285,215.0,193.42857142857142,200.85714285714286
2021-08-24,24.085714285714285,23.057142857142857,23.614285714285717,215.28571428571428,194.0,201.57142857142858
2021-08-25,24.37142857142857,23.12857142857143,23.785714285714285,217.14285714285714,194.0,202.57142857142858
2021-08-26,24.8,23.38571428571429,24.114285714285717,218.28571428571428,193.71428571428572,202.71428571428572
2021-08-27,25.257142857142856,23.757142857142856,24.528571428571432,216.14285714285714,193.14285714285714,202.0
2021-08-28,25.685714285714287,23.75714285714286,24.771428571428572,213.42857142857142,192.28571428571428,200.57142857142858
2021-08-29,25.599999999999998,23.685714285714287,24.728571428571428,208.71428571428572,191.42857142857142,198.85714285714286
2021-08-30,25.342857142857145,23.657142857142855,24.500000000000004,205.57142857142858,190.42857142857142,197.0
2021-08-31,25.25714285714286,23.671428571428574,24.457142857142856,206.28571428571428,190.42857142857142,197.0
2021-09-01,24.942857142857143,23.599999999999998,24.271428571428572,205.57142857142858,191.0,196.28571428571428
2021-09-02,24.514285714285712,23.257142857142856,23.900000000000002,207.71428571428572,190.85714285714286,196.71428571428572
2021-09-03,23.928571428571427,22.6,23.314285714285713,208.42857142857142,191.0,197.28571428571428
2021-09-04,23.185714285714283,22.342857142857138,22.771428571428572,209.0,191.71428571428572,197.85714285714286
2021-09-05,22.814285714285713,22.057142857142853,22.428571428571427,214.0,192.0,198.57142857142858
2021-09-06,22.5,21.74285714285714,22.128571428571426,213.85714285714286,191.71428571428572,198.42857142857142
2021-09-07,22.099999999999998,21.442857142857143,21.785714285714285,213.0,191.14285714285714,198.0
2021-09-08,21.87142857142857,21.042857142857144,21.442857142857143,212.42857142857142,190.71428571428572,198.0
2021-09-09,21.642857142857142,20.842857142857145,21.214285714285715,209.85714285714286,189.57142857142858,197.14285714285714
2021-09-10,21.457142857142856,20.800000000000004,21.085714285714285,210.28571428571428,189.57142857142858,197.0
2021-09-11,21.428571428571427,20.728571428571428,21.057142857142857,217.71428571428572,189.42857142857142,198.0
2021-09-12,21.32857142857143,20.642857142857142,20.97142857142857,214.71428571428572,189.42857142857142,198.14285714285714
2021-09-13,21.185714285714287,20.5,20.814285714285713,220.0,189.42857142857142,198.85714285714286
2021-09-14,21.12857142857143,20.37142857142857,20.714285714285715,221.85714285714286,189.0,199.0
2021-09-15,20.914285714285715,20.25714285714286,20.571428571428573,221.14285714285714,188.57142857142858,198.14285714285714
2021-09-16,20.728571428571428,20.099999999999998,20.414285714285715,221.0,189.42857142857142,198.14285714285714
2021-09-17,20.614285714285717,19.914285714285715,20.25714285714286,219.71428571428572,189.0,197.14285714285714
2021-09-18,20.528571428571432,19.857142857142858,20.17142857142857,211.0,188.57142857142858,195.28571428571428
2021-09-19,20.485714285714288,19.885714285714283,20.157142857142855,209.28571428571428,188.42857142857142,194.85714285714286
2021-09-20,20.442857142857143,19.82857142857143,20.12857142857143,204.0,188.71428571428572,194.42857142857142
2021-09-21,20.37142857142857,19.714285714285715,20.042857142857144,205.57142857142858,189.14285714285714,194.42857142857142
2021-09-22,20.25714285714286,19.657142857142855,19.97142857142857,204.57142857142858,189.0,194.14285714285714
2021-09-23,20.17142857142857,19.571428571428573,19.87142857142857,204.42857142857142,189.0,194.14285714285714
2021-09-24,20.12857142857143,19.58571428571429,19.857142857142858,206.0,189.42857142857142,195.0
2021-09-25,20.08571428571429,19.542857142857144,19.814285714285713,205.85714285714286,189.42857142857142,195.14285714285714
2021-09-26,20.0,19.428571428571427,19.728571428571428,210.71428571428572,189.85714285714286,195.85714285714286
2021-09-27,19.928571428571427,19.342857142857145,19.657142857142855,213.0,189.57142857142858,196.14285714285714
2021-09-28,19.771428571428572,19.22857142857143,19.514285714285712,209.28571428571428,189.57142857142858,195.42857142857142
2021-09-29,19.61428571428571,19.071428571428573,19.342857142857145,210.57142857142858,189.57142857142858,195.85714285714286
2021-09-30,19.37142857142857,18.842857142857145,19.11428571428571,211.42857142857142,189.42857142857142,195.71428571428572
2021-10-01,19.042857142857144,18.514285714285712,18.785714285714285,211.28571428571428,189.28571428571428,195.28571428571428
2021-10-02,18.714285714285715,18.15714285714286,18.428571428571427,212.28571428571428,188.85714285714286,195.0
2021-10-03,18.357142857142858,17.842857142857145,18.085714285714285,208.42857142857142,188.14285714285714,194.14285714285714
2021-10-04,18.014285714285712,17.557142857142857,17.757142857142856,206.0,187.85714285714286,193.42857142857142
2021-10-05,17.757142857142856,17.37142857142857,17.542857142857144,207.0,187.71428571428572,193.42857142857142
2021-10-06,17.585714285714285,17.185714285714287,17.37142857142857,209.57142857142858,187.85714285714286,193.71428571428572
2021-10-07,17.571428571428573,17.12857142857143,17.32857142857143,208.42857142857142,187.71428571428572,193.71428571428572
2021-10-08,17.628571428571426,17.157142857142855,17.37142857142857,206.85714285714286,187.71428571428572,193.57142857142858
2021-10-09,17.714285714285715,17.242857142857144,17.47142857142857,206.14285714285714,188.0,193.71428571428572
2021-10-10,17.828571428571426,17.3,17.557142857142857,205.85714285714286,188.71428571428572,194.0
2021-10-11,17.87142857142857,17.314285714285713,17.585714285714285,206.57142857142858,189.28571428571428,194.42857142857142
2021-10-12,17.942857142857143,17.314285714285713,17.614285714285717,208.14285714285714,189.0,194.14285714285714
2021-10-13,18.0,17.37142857142857,17.67142857142857,207.71428571428572,188.85714285714286,193.85714285714286
2021-10-14,17.985714285714288,17.37142857142857,17.67142857142857,206.85714285714286,188.85714285714286,193.42857142857142
2021-10-15,17.928571428571427,17.37142857142857,17.642857142857146,206.42857142857142,188.42857142857142,192.85714285714286
2021-10-16,17.885714285714283,17.357142857142858,17.6,205.85714285714286,188.42857142857142,192.71428571428572
2021-10-17,17.871428571428574,17.4,17.614285714285717,205.71428571428572,186.85714285714286,192.28571428571428
2021-10-18,17.914285714285715,17.357142857142858,17.599999999999998,205.42857142857142,186.28571428571428,191.85714285714286
2021-10-19,17.785714285714285,17.15714285714286,17.442857142857143,200.71428571428572,186.14285714285714,191.14285714285714
2021-10-20,17.45714285714286,16.857142857142858,17.12857142857143,196.28571428571428,185.42857142857142,189.71428571428572
2021-10-21,17.228571428571428,16.571428571428573,16.857142857142858,194.85714285714286,184.71428571428572,188.85714285714286
2021-10-22,16.97142857142857,16.314285714285717,16.614285714285714,196.42857142857142,184.42857142857142,188.85714285714286
2021-10-23,16.671428571428574,16.0,16.314285714285713,197.14285714285714,184.71428571428572,189.42857142857142
2021-10-24,16.314285714285713,15.6,15.942857142857145,198.14285714285714,185.14285714285714,189.42857142857142
2021-10-25,15.985714285714286,15.285714285714286,15.62857142857143,197.0,185.0,189.14285714285714
2021-10-26,15.728571428571428,15.142857142857142,15.414285714285715,196.85714285714286,184.42857142857142,188.71428571428572
2021-10-27,15.6,15.042857142857143,15.299999999999999,197.0,184.28571428571428,188.57142857142858
2021-10-28,15.328571428571431,14.828571428571431,15.071428571428571,197.14285714285714,184.28571428571428,188.71428571428572
2021-10-29,15.028571428571428,14.457142857142856,14.728571428571428,196.14285714285714,184.42857142857142,188.71428571428572
2021-10-30,14.714285714285714,14.114285714285714,14.4,194.71428571428572,183.28571428571428,187.57142857142858
2021-10-31,14.414285714285715,13.842857142857143,14.128571428571428,194.85714285714286,183.57142857142858,187.57142857142858
2021-11-01,14.114285714285714,13.657142857142858,13.885714285714286,194.42857142857142,183.0,187.14285714285714
2021-11-02,13.87142857142857,13.385714285714286,13.642857142857142,196.28571428571428,183.57142857142858,188.42857142857142
2021-11-03,13.628571428571428,13.114285714285714,13.385714285714286,196.0,183.57142857142858,188.42857142857142
2021-11-04,13.385714285714286,12.914285714285715,13.171428571428573,195.42857142857142,183.42857142857142,188.0
2021-11-05,13.185714285714287,12.757142857142856,13.0,194.28571428571428,183.14285714285714,187.42857142857142
2021-11-06,13.0,12.614285714285714,12.828571428571427,193.28571428571428,183.14285714285714,186.85714285714286
2021-11-07,12.842857142857142,12.4,12.62857142857143,191.57142857142858,182.85714285714286,186.28571428571428
2021-11-08,12.700000000000001,12.171428571428569,12.457142857142856,191.42857142857142,182.85714285714286,186.14285714285714
2021-11-09,12.6,12.071428571428571,12.342857142857142,189.42857142857142,182.0,184.71428571428572
2021-11-10,12.528571428571428,12.0,12.27142857142857,190.14285714285714,181.85714285714286,184.71428571428572
2021-11-11,12.485714285714284,11.914285714285715,12.214285714285714,192.14285714285714,181.85714285714286,185.42857142857142
2021-11-12,12.442857142857141,11.857142857142858,12.142857142857142,192.57142857142858,181.71428571428572,185.71428571428572
2021-11-13,12.342857142857142,11.771428571428572,12.071428571428571,194.0,182.0,186.28571428571428
2021-11-14,12.214285714285714,11.7,11.971428571428572,194.85714285714286,182.14285714285714,186.71428571428572
2021-11-15,12.042857142857143,11.571428571428571,11.814285714285715,195.28571428571428,182.42857142857142,187.14285714285714
2021-11-16,11.842857142857143,11.342857142857142,11.62857142857143,195.57142857142858,182.85714285714286,187.28571428571428
2021-11-17,11.542857142857143,11.028571428571428,11.328571428571431,195.0,182.85714285714286,187.42857142857142
2021-11-18,11.214285714285714,10.714285714285714,10.985714285714284,195.71428571428572,182.14285714285714,187.14285714285714
2021-11-19,11.0,10.428571428571429,10.742857142857144,196.0,182.0,187.42857142857142
2021-11-20,10.785714285714286,10.12857142857143,10.471428571428572,194.57142857142858,181.85714285714286,186.85714285714286
2021-11-21,10.528571428571428,9.857142857142858,10.200000000000001,192.85714285714286,181.28571428571428,186.0
2021-11-22,10.314285714285715,9.6,9.971428571428573,192.28571428571428,181.0,185.42857142857142
2021-11-23,10.071428571428571,9.37142857142857,9.742857142857144,193.14285714285714,181.0,185.71428571428572
2021-11-24,9.842857142857142,9.071428571428571,9.471428571428573,192.57142857142858,181.14285714285714,185.42857142857142
2021-11-25,9.671428571428573,8.785714285714286,9.257142857142856,189.57142857142858,181.42857142857142,184.42857142857142
2021-11-26,9.37142857142857,8.6,9.014285714285714,188.57142857142858,181.28571428571428,183.57142857142858
2021-11-27,9.128571428571428,8.414285714285715,8.814285714285715,188.85714285714286,181.0,183.57142857142858
2021-11-28,8.885714285714284,8.085714285714287,8.542857142857143,188.42857142857142,181.28571428571428,183.57142857142858
2021-11-29,8.6,7.7857142857142865,8.242857142857144,188.0,180.85714285714286,183.28571428571428
2021-11-30,8.342857142857143,7.542857142857143,7.985714285714287,186.71428571428572,180.42857142857142,182.71428571428572
2021-12-01,8.114285714285714,7.385714285714286,7.8,188.42857142857142,180.42857142857142,183.57142857142858
2021-12-02,7.871428571428571,7.271428571428571,7.614285714285715,189.28571428571428,180.85714285714286,184.42857142857142
2021-12-03,7.700000000000001,7.028571428571429,7.4,194.85714285714286,181.71428571428572,186.57142857142858
2021-12-04,7.528571428571429,6.8,7.171428571428572,194.71428571428572,182.14285714285714,186.71428571428572
2021-12-05,7.357142857142857,6.700000000000001,7.028571428571429,196.0,182.14285714285714,186.85714285714286
2021-12-06,7.257142857142857,6.671428571428572,6.957142857142856,196.0,182.42857142857142,187.0
2021-12-07,7.142857142857143,6.6000000000000005,6.8428571428571425,200.0,182.85714285714286,188.57142857142858
2021-12-08,7.085714285714286,6.5,6.757142857142857,200.0,183.14285714285714,188.28571428571428
2021-12-09,6.971428571428571,6.342857142857143,6.628571428571428,199.42857142857142,183.14285714285714,187.85714285714286
2021-12-10,6.814285714285714,6.228571428571429,6.5,193.42857142857142,182.57142857142858,185.85714285714286
2021-12-11,6.6571428571428575,6.114285714285715,6.371428571428572,199.71428571428572,182.42857142857142,187.85714285714286
2021-12-12,6.714285714285714,6.128571428571428,6.385714285714286,209.85714285714286,182.42857142857142,190.85714285714286
2021-12-13,6.742857142857143,6.071428571428571,6.371428571428572,211.57142857142858,182.71428571428572,191.71428571428572
2021-12-14,6.714285714285714,6.014285714285714,6.328571428571428,208.85714285714286,182.85714285714286,190.85714285714286
2021-12-15,6.685714285714285,6.042857142857144,6.328571428571429,207.71428571428572,182.85714285714286,190.85714285714286
2021-12-16,6.642857142857143,6.057142857142857,6.314285714285715,210.42857142857142,183.14285714285714,191.85714285714286
2021-12-17,6.771428571428572,6.057142857142857,6.357142857142857,214.71428571428572,184.85714285714286,194.57142857142858
2021-12-18,6.8999999999999995,6.2,6.5,209.85714285714286,185.28571428571428,193.14285714285714
2021-12-19,6.814285714285715,6.142857142857143,6.442857142857143,198.71428571428572,185.57142857142858,190.28571428571428
2021-12-20,6.628571428571428,5.971428571428572,6.271428571428572,198.14285714285714,185.71428571428572,190.42857142857142
2021-12-21,6.428571428571429,5.728571428571429,6.071428571428571,203.71428571428572,186.0,192.28571428571428
2021-12-22,6.214285714285714,5.428571428571429,5.828571428571428,208.0,186.42857142857142,194.14285714285714
2021-12-23,6.042857142857143,5.2,5.642857142857144,207.0,187.14285714285714,194.42857142857142
2021-12-24,5.642857142857143,4.928571428571429,5.328571428571428,203.42857142857142,185.85714285714286,192.14285714285714
2021-12-25,5.185714285714286,4.5,4.885714285714286,202.14285714285714,185.71428571428572,191.85714285714286
2021-12-26,4.942857142857143,4.171428571428572,4.642857142857143,202.0,185.57142857142858,191.71428571428572
2021-12-27,4.771428571428572,4.042857142857143,4.485714285714286,201.71428571428572,185.85714285714286,191.42857142857142
2021-12-28,4.628571428571428,3.957142857142857,4.357142857142857,196.14285714285714,186.0,190.0
2021-12-29,4.542857142857143,3.942857142857143,4.271428571428571,194.71428571428572,186.0,189.57142857142858
2021-12-30,4.4714285714285715,3.9285714285714284,4.2,193.57142857142858,185.85714285714286,189.14285714285714
2021-12-31,4.485714285714286,3.942857142857143,4.2142857142857135,193.42857142857142,185.85714285714286,189.28571428571428
2022-01-01,4.557142857142858,4.042857142857143,4.3,193.42857142857142,185.85714285714286,189.28571428571428
2022-01-02,4.6000000000000005,4.171428571428572,4.328571428571428,194.0,186.28571428571428,189.57142857142858
2022-01-03,4.6571428571428575,4.114285714285715,4.3428571428571425,195.57142857142858,186.71428571428572,190.85714285714286
2022-01-04,4.585714285714286,4.014285714285714,4.257142857142857,195.85714285714286,187.28571428571428,191.28571428571428
2022-01-05,4.457142857142857,3.814285714285714,4.142857142857143,198.85714285714286,187.71428571428572,192.42857142857142
2022-01-06,4.228571428571429,3.542857142857143,3.885714285714286,207.14285714285714,191.42857142857142,198.28571428571428
2022-01-07,4.142857142857143,3.3285714285714287,3.757142857142857,214.42857142857142,192.42857142857142,200.57142857142858
2022-01-08,3.9857142857142853,3.1000000000000005,3.5714285714285716,217.71428571428572,193.85714285714286,202.28571428571428
2022-01-09,3.7142857142857144,2.771428571428572,3.314285714285714,222.0,194.71428571428572,204.57142857142858
2022-01-10,3.3857142857142852,2.557142857142857,3.0142857142857147,230.57142857142858,196.85714285714286,208.0
2022-01-11,3.1999999999999997,2.342857142857143,2.7857142857142856,231.57142857142858,197.57142857142858,209.14285714285714
2022-01-12,3.0714285714285716,2.1714285714285713,2.6285714285714286,228.0,197.0,207.28571428571428
2022-01-13,3.0142857142857147,1.9571428571428573,2.4428571428571426,222.28571428571428,193.28571428571428,202.85714285714286
2022-01-14,2.8428571428571425,1.8142857142857145,2.242857142857143,216.28571428571428,192.71428571428572,201.0
2022-01-15,2.757142857142857,1.7285714285714284,2.1714285714285713,215.42857142857142,191.57142857142858,200.42857142857142
2022-01-16,2.6285714285714286,1.6428571428571428,2.0285714285714285,213.0,190.71428571428572,199.14285714285714
2022-01-17,2.585714285714286,1.4857142857142858,1.9714285714285715,203.0,188.14285714285714,194.42857142857142
2022-01-18,2.4714285714285715,1.3285714285714287,1.8428571428571427,202.85714285714286,187.14285714285714,193.0
2022-01-19,2.342857142857143,1.2142857142857142,1.6714285714285713,205.0,187.14285714285714,194.28571428571428
2022-01-20,2.257142857142857,1.2,1.6857142857142855,205.14285714285714,186.85714285714286,193.57142857142858
2022-01-21,2.142857142857143,1.0857142857142856,1.5857142857142856,206.85714285714286,186.57142857142858,194.57142857142858
2022-01-22,2.071428571428571,1.042857142857143,1.5142857142857142,204.71428571428572,186.28571428571428,193.42857142857142
2022-01-23,2.0285714285714285,0.9285714285714286,1.5142857142857142,203.14285714285714,186.14285714285714,192.42857142857142
2022-01-24,1.8142857142857143,0.7857142857142857,1.3142857142857143,204.0,186.42857142857142,193.14285714285714
2022-01-25,1.8,0.8428571428571429,1.3714285714285714,202.0,186.0,192.57142857142858
2022-01-26,1.7571428571428573,0.9000000000000001,1.4,198.71428571428572,186.28571428571428,191.14285714285714
2022-01-27,1.7714285714285716,0.9285714285714286,1.4142857142857144,196.28571428571428,186.42857142857142,190.42857142857142
2022-01-28,1.7857142857142858,0.8714285714285713,1.3857142857142857,195.28571428571428,186.57142857142858,189.71428571428572
2022-01-29,1.6,0.6571428571428571,1.1714285714285713,198.0,187.57142857142858,191.57142857142858
2022-01-30,1.4857142857142858,0.6,1.0285714285714285,201.14285714285714,188.0,193.14285714285714
2022-01-31,1.5428571428571427,0.6714285714285714,1.1,201.42857142857142,187.85714285714286,193.0
2022-02-01,1.4714285714285713,0.6428571428571429,1.042857142857143,202.57142857142858,188.14285714285714,193.71428571428572
2022-02-02,1.4142857142857144,0.5714285714285714,0.9857142857142857,204.0,188.14285714285714,194.57142857142858
2022-02-03,1.2285714285714284,0.45714285714285713,0.8428571428571429,207.42857142857142,189.28571428571428,196.14285714285714
2022-02-04,1.0714285714285714,0.4428571428571429,0.7857142857142856,208.71428571428572,191.0,197.71428571428572
2022-02-05,1.0285714285714285,0.42857142857142855,0.7571428571428571,208.85714285714286,190.85714285714286,197.57142857142858
2022-02-06,0.9428571428571428,0.41428571428571426,0.7142857142857142,206.0,190.85714285714286,196.57142857142858
2022-02-07,0.8571428571428571,0.3285714285714286,0.6428571428571429,212.85714285714286,191.14285714285714,197.14285714285714
2022-02-08,0.7714285714285714,0.21428571428571427,0.5142857142857142,216.42857142857142,192.0,198.85714285714286
2022-02-09,0.6857142857142857,0.18571428571428572,0.47142857142857136,215.14285714285714,192.42857142857142,198.42857142857142
2022-02-10,0.6857142857142857,0.2285714285714286,0.48571428571428565,214.57142857142858,191.57142857142858,197.85714285714286
2022-02-11,0.6428571428571429,0.2285714285714286,0.457142857142857,214.14285714285714,191.28571428571428,197.57142857142858
2022-02-12,0.6571428571428571,0.2714285714285714,0.49999999999999994,215.85714285714286,191.71428571428572,198.57142857142858
2022-02-13,0.6857142857142857,0.3,0.5285714285714285,220.57142857142858,192.57142857142858,200.42857142857142
2022-02-14,0.6857142857142857,0.34285714285714286,0.5285714285714286,214.28571428571428,193.0,200.42857142857142
2022-02-15,0.7285714285714285,0.41428571428571426,0.6142857142857142,211.14285714285714,192.42857142857142,198.85714285714286
2022-02-16,0.7285714285714285,0.39999999999999997,0.5857142857142856,212.14285714285714,192.0,198.71428571428572
2022-02-17,0.6857142857142857,0.35714285714285715,0.557142857142857,210.28571428571428,191.85714285714286,198.28571428571428
2022-02-18,0.7571428571428572,0.32857142857142857,0.5428571428571428,209.85714285714286,191.57142857142858,198.0
2022-02-19,0.8,0.27142857142857146,0.5142857142857142,209.57142857142858,192.71428571428572,198.42857142857142
2022-02-20,0.7142857142857143,0.2,0.4142857142857142,207.14285714285714,192.85714285714286,198.57142857142858
2022-02-21,0.6142857142857144,0.14285714285714285,0.3428571428571428,208.0,193.0,199.14285714285714
2022-02-22,0.5142857142857143,0.07142857142857142,0.25714285714285706,207.57142857142858,193.85714285714286,199.57142857142858
2022-02-23,0.4857142857142857,0.042857142857142864,0.2428571428571428,208.85714285714286,194.71428571428572,200.42857142857142
2022-02-24,0.5,0.05714285714285715,0.25714285714285706,209.71428571428572,195.57142857142858,201.28571428571428
2022-02-25,0.4142857142857143,0.07142857142857142,0.2428571428571428,210.57142857142858,195.0,201.42857142857142
2022-02-26,0.3,0.08571428571428573,0.21428571428571422,207.42857142857142,193.0,198.71428571428572
2022-02-27,0.3,0.1142857142857143,0.22857142857142848,206.85714285714286,192.14285714285714,197.28571428571428
2022-02-28,0.34285714285714286,0.15714285714285717,0.2714285714285714,206.14285714285714,191.71428571428572,196.71428571428572
2022-03-01,0.3857142857142857,0.19999999999999998,0.3142857142857142,206.71428571428572,191.0,196.57142857142858
2022-03-02,0.41428571428571426,0.2571428571428572,0.3571428571428571,205.42857142857142,190.14285714285714,195.42857142857142
2022-03-03,0.39999999999999997,0.27142857142857146,0.3571428571428571,204.42857142857142,189.28571428571428,194.28571428571428
2022-03-04,0.39999999999999997,0.3,0.3857142857142856,202.57142857142858,188.85714285714286,192.57142857142858
2022-03-05,0.42857142857142855,0.32857142857142857,0.39999999999999997,203.28571428571428,188.71428571428572,192.57142857142858
2022-03-06,0.4428571428571429,0.34285714285714286,0.4142857142857142,201.28571428571428,188.57142857142858,191.71428571428572
2022-03-07,0.4428571428571429,0.34285714285714286,0.4142857142857142,200.57142857142858,188.42857142857142,191.28571428571428
2022-03-08,0.4428571428571429,0.3428571428571429,0.41428571428571426,199.71428571428572,187.85714285714286,190.42857142857142
2022-03-09,0.48571428571428577,0.34285714285714286,0.41428571428571426,197.71428571428572,187.85714285714286,190.14285714285714
2022-03-10,0.5285714285714286,0.38571428571428573,0.45714285714285713,196.71428571428572,187.71428571428572,189.85714285714286
2022-03-11,0.6,0.41428571428571426,0.5,195.71428571428572,187.57142857142858,189.85714285714286
2022-03-12,0.6714285714285715,0.4714285714285715,0.5714285714285714,194.71428571428572,187.57142857142858,189.71428571428572
2022-03-13,0.7428571428571429,0.5142857142857142,0.6428571428571429,204.28571428571428,187.57142857142858,190.85714285714286
2022-03-14,0.7857142857142857,0.5285714285714286,0.6571428571428571,208.57142857142858,186.85714285714286,190.28571428571428
2022-03-15,0.8142857142857143,0.5571428571428572,0.6857142857142857,208.42857142857142,187.0,190.28571428571428
2022-03-16,0.7999999999999999,0.5857142857142856,0.7,211.0,186.71428571428572,190.28571428571428
2022-03-17,0.7999999999999999,0.5857142857142857,0.7,213.0,186.28571428571428,190.28571428571428
2022-03-18,0.8142857142857143,0.6,0.7142857142857143,213.28571428571428,186.0,190.14285714285714
2022-03-19,0.7999999999999999,0.5857142857142856,0.7,214.28571428571428,185.85714285714286,190.14285714285714
2022-03-20,0.7999999999999999,0.6142857142857142,0.7,205.14285714285714,185.71428571428572,188.85714285714286
2022-03-21,0.8285714285714286,0.6714285714285715,0.7428571428571428,200.14285714285714,185.0,188.42857142857142
2022-03-22,0.9142857142857144,0.7,0.7857142857142857,201.0,184.0,188.0
2022-03-23,1.0142857142857145,0.7000000000000001,0.8428571428571427,200.85714285714286,184.0,188.42857142857142
2022-03-24,1.1428571428571428,0.7714285714285714,0.9285714285714285,199.71428571428572,184.71428571428572,188.71428571428572
2022-03-25,1.1857142857142857,0.8,0.9571428571428572,203.0,185.42857142857142,189.85714285714286
2022-03-26,1.2142857142857142,0.8142857142857143,0.9857142857142858,204.85714285714286,185.85714285714286,190.85714285714286
2022-03-27,1.2571428571428573,0.8428571428571429,1.0142857142857142,205.42857142857142,185.57142857142858,191.28571428571428
2022-03-28,1.3,0.8285714285714285,1.042857142857143,206.57142857142858,186.14285714285714,191.71428571428572
2022-03-29,1.2714285714285716,0.8142857142857143,1.0285714285714285,207.42857142857142,187.42857142857142,193.0
2022-03-30,1.2571428571428573,0.7857142857142857,0.9999999999999999,207.14285714285714,187.57142857142858,193.14285714285714
2022-03-31,1.242857142857143,0.7571428571428571,1.0,210.28571428571428,187.14285714285714,192.85714285714286
2022-04-01,1.2571428571428573,0.7285714285714285,1.0142857142857142,209.85714285714286,186.71428571428572,192.42857142857142
2022-04-02,1.3,0.7714285714285715,1.0571428571428572,208.14285714285714,186.14285714285714,191.28571428571428
2022-04-03,1.442857142857143,0.7857142857142857,1.1428571428571428,208.42857142857142,186.71428571428572,191.71428571428572
2022-04-04,1.5571428571428574,0.8857142857142856,1.2428571428571427,209.71428571428572,187.14285714285714,192.57142857142858
2022-04-05,1.7714285714285718,1.0285714285714287,1.4142857142857141,209.0,186.57142857142858,191.42857142857142
2022-04-06,1.9857142857142858,1.2142857142857142,1.614285714285714,206.71428571428572,186.14285714285714,190.42857142857142
2022-04-07,2.2,1.3857142857142857,1.7714285714285716,202.28571428571428,185.85714285714286,190.0
2022-04-08,2.3714285714285714,1.614285714285714,1.957142857142857,200.71428571428572,185.57142857142858,190.14285714285714
2022-04-09,2.5714285714285716,1.7714285714285711,2.1285714285714286,199.42857142857142,185.71428571428572,190.14285714285714
2022-04-10,2.628571428571429,1.9142857142857144,2.2285714285714286,198.42857142857142,185.14285714285714,189.28571428571428
2022-04-11,2.7,2.0,2.3,195.85714285714286,185.14285714285714,188.42857142857142
2022-04-12,2.8000000000000003,2.1,2.4,195.57142857142858,185.28571428571428,188.71428571428572
2022-04-13,2.9285714285714284,2.2285714285714286,2.5714285714285716,197.0,185.85714285714286,189.57142857142858
2022-04-14,3.0285714285714285,2.4285714285714284,2.742857142857143,198.28571428571428,186.42857142857142,190.42857142857142
2022-04-15,3.142857142857143,2.5285714285714285,2.857142857142857,196.71428571428572,186.71428571428572,189.71428571428572
2022-04-16,3.3285714285714287,2.6714285714285717,3.0142857142857147,198.28571428571428,187.0,190.42857142857142
2022-04-17,3.4428571428571426,2.742857142857143,3.1,198.14285714285714,187.28571428571428,190.57142857142858
2022-04-18,3.6,2.857142857142857,3.257142857142857,199.14285714285714,187.57142857142858,191.14285714285714
2022-04-19,3.7714285714285714,3.0,3.414285714285714,199.28571428571428,187.28571428571428,191.0
2022-04-20,3.842857142857143,3.1714285714285713,3.5,199.42857142857142,187.14285714285714,191.14285714285714
2022-04-21,3.9142857142857146,3.142857142857143,3.5285714285714285,200.42857142857142,187.71428571428572,192.14285714285714
2022-04-22,4.0,3.1999999999999997,3.585714285714286,203.0,188.28571428571428,193.71428571428572
2022-04-23,3.957142857142857,3.157142857142857,3.557142857142857,202.14285714285714,188.14285714285714,193.57142857142858
2022-04-24,4.042857142857143,3.257142857142857,3.6714285714285713,202.0,188.14285714285714,193.57142857142858
2022-04-25,4.085714285714286,3.3285714285714283,3.7142857142857144,201.28571428571428,187.71428571428572,192.85714285714286
2022-04-26,4.2,3.3571428571428568,3.8000000000000003,202.57142857142858,187.85714285714286,193.85714285714286
2022-04-27,4.3428571428571425,3.3285714285714287,3.8714285714285714,205.71428571428572,188.14285714285714,195.28571428571428
2022-04-28,4.314285714285714,3.314285714285714,3.857142857142857,204.71428571428572,187.14285714285714,194.14285714285714
2022-04-29,4.357142857142858,3.3428571428571425,3.8999999999999995,204.85714285714286,187.42857142857142,193.71428571428572
2022-04-30,4.542857142857143,3.5,4.057142857142857,205.57142857142858,187.57142857142858,194.0
2022-05-01,4.757142857142858,3.6857142857142855,4.242857142857143,205.57142857142858,187.14285714285714,193.85714285714286
2022-05-02,4.928571428571429,3.842857142857143,4.4,204.57142857142858,186.71428571428572,193.42857142857142
2022-05-03,5.128571428571428,3.985714285714286,4.557142857142858,203.28571428571428,186.14285714285714,192.28571428571428
2022-05-04,5.314285714285715,4.228571428571429,4.742857142857143,200.57142857142858,185.28571428571428,190.28571428571428
2022-05-05,5.7,4.6000000000000005,5.128571428571428,204.71428571428572,185.85714285714286,191.85714285714286
2022-05-06,5.942857142857143,4.828571428571428,5.371428571428572,204.57142857142858,185.0,191.28571428571428
2022-05-07,6.1571428571428575,4.957142857142857,5.528571428571428,204.57142857142858,184.57142857142858,190.85714285714286
2022-05-08,6.1571428571428575,4.957142857142856,5.542857142857143,204.85714285714286,184.71428571428572,190.85714285714286
2022-05-09,6.314285714285714,5.042857142857143,5.6571428571428575,205.57142857142858,185.0,191.14285714285714
2022-05-10,6.528571428571428,5.128571428571428,5.842857142857143,207.14285714285714,185.28571428571428,192.14285714285714
2022-05-11,6.785714285714286,5.314285714285714,6.114285714285714,209.42857142857142,186.71428571428572,193.71428571428572
2022-05-12,7.128571428571428,5.5,6.385714285714286,207.57142857142858,187.28571428571428,193.42857142857142
2022-05-13,7.671428571428572,5.928571428571429,6.857142857142857,210.28571428571428,189.0,195.57142857142858
2022-05-14,8.728571428571428,6.528571428571428,7.771428571428572,213.71428571428572,191.0,198.42857142857142
2022-05-15,9.657142857142857,7.385714285714285,8.657142857142857,216.85714285714286,192.42857142857142,200.71428571428572
2022-05-16,10.62857142857143,8.2,9.585714285714285,222.28571428571428,193.14285714285714,202.71428571428572
2022-05-17,11.614285714285716,9.228571428571428,10.514285714285716,224.14285714285714,194.28571428571428,204.42857142857142
2022-05-18,12.571428571428571,10.271428571428572,11.471428571428572,228.28571428571428,194.57142857142858,206.57142857142858
2022-05-19,13.257142857142856,10.814285714285713,12.071428571428571,230.0,194.57142857142858,207.28571428571428
2022-05-20,13.714285714285714,11.457142857142857,12.62857142857143,230.42857142857142,194.42857142857142,208.14285714285714
2022-05-21,13.714285714285714,11.928571428571429,12.785714285714286,229.0,193.85714285714286,207.28571428571428
2022-05-22,14.085714285714285,12.185714285714285,13.071428571428571,228.85714285714286,193.71428571428572,207.14285714285714
2022-05-23,14.357142857142858,12.157142857142857,13.042857142857143,227.57142857142858,193.28571428571428,207.42857142857142
2022-05-24,13.842857142857142,11.571428571428571,12.5,227.42857142857142,192.71428571428572,207.0
2022-05-25,13.471428571428572,10.728571428571428,11.957142857142857,221.85714285714286,191.71428571428572,204.42857142857142
2022-05-26,13.357142857142858,10.428571428571429,11.614285714285716,223.57142857142858,191.0,204.14285714285714
2022-05-27,13.328571428571427,9.985714285714286,11.4,220.71428571428572,189.57142857142858,202.0
2022-05-28,12.928571428571429,9.657142857142857,11.042857142857144,219.28571428571428,188.57142857142858,200.85714285714286
2022-05-29,12.442857142857141,9.385714285714284,10.7,217.57142857142858,187.42857142857142,199.28571428571428
2022-05-30,12.142857142857142,9.357142857142858,10.6,217.42857142857142,187.71428571428572,199.57142857142858
2022-05-31,12.757142857142858,9.742857142857144,11.1,215.85714285714286,188.0,198.85714285714286
2022-06-01,13.1,9.857142857142858,11.314285714285715,217.28571428571428,187.71428571428572,199.0
2022-06-02,13.185714285714287,9.814285714285715,11.599999999999998,212.14285714285714,187.28571428571428,197.42857142857142
2022-06-03,13.342857142857143,9.942857142857145,11.8,211.85714285714286,187.28571428571428,196.71428571428572
2022-06-04,13.799999999999999,10.0,12.071428571428571,212.14285714285714,187.0,196.42857142857142
2022-06-05,14.400000000000002,10.228571428571428,12.514285714285716,214.28571428571428,187.14285714285714,197.14285714285714
2022-06-06,14.87142857142857,10.771428571428572,13.085714285714285,210.71428571428572,186.14285714285714,194.85714285714286
2022-06-07,14.85714285714286,11.214285714285714,13.328571428571427,209.28571428571428,185.0,193.28571428571428
2022-06-08,15.085714285714285,12.028571428571428,13.828571428571427,207.28571428571428,184.71428571428572,192.28571428571428
2022-06-09,15.428571428571429,12.928571428571429,14.3,206.28571428571428,184.42857142857142,191.57142857142858
2022-06-10,15.571428571428571,13.242857142857144,14.528571428571427,204.85714285714286,183.57142857142858,190.42857142857142
2022-06-11,15.728571428571428,13.585714285714285,14.814285714285713,203.57142857142858,184.14285714285714,190.57142857142858
2022-06-12,15.885714285714284,13.985714285714286,15.028571428571427,202.85714285714286,184.71428571428572,191.28571428571428
2022-06-13,16.057142857142857,14.271428571428572,15.242857142857144,206.14285714285714,185.57142857142858,193.85714285714286
2022-06-14,16.3,14.571428571428571,15.528571428571428,208.14285714285714,185.85714285714286,195.71428571428572
2022-06-15,16.400000000000002,14.657142857142857,15.571428571428571,207.0,185.57142857142858,195.42857142857142
2022-06-16,16.685714285714287,14.8,15.785714285714286,208.0,185.71428571428572,196.0
2022-06-17,17.12857142857143,15.342857142857143,16.214285714285715,208.71428571428572,186.42857142857142,197.0
2022-06-18,17.557142857142857,15.885714285714284,16.642857142857142,208.14285714285714,185.85714285714286,196.14285714285714
2022-06-19,17.771428571428572,15.814285714285715,16.785714285714285,207.0,185.0,194.71428571428572
2022-06-20,17.37142857142857,14.87142857142857,16.185714285714287,204.42857142857142,184.42857142857142,192.0
2022-06-21,17.042857142857144,14.200000000000001,15.714285714285714,200.71428571428572,184.28571428571428,189.85714285714286
2022-06-22,16.771428571428572,13.62857142857143,15.442857142857145,200.14285714285714,184.42857142857142,189.57142857142858
2022-06-23,16.47142857142857,13.5,15.214285714285714,201.42857142857142,185.57142857142858,191.28571428571428
2022-06-24,16.057142857142857,13.257142857142856,14.87142857142857,201.57142857142858,185.71428571428572,192.0
2022-06-25,15.757142857142858,12.942857142857145,14.528571428571427,201.28571428571428,185.14285714285714,192.14285714285714
2022-06-26,15.700000000000001,12.971428571428572,14.457142857142856,200.42857142857142,184.71428571428572,191.57142857142858
2022-06-27,16.428571428571427,13.728571428571428,15.142857142857142,199.42857142857142,184.57142857142858,191.28571428571428
2022-06-28,17.085714285714285,14.685714285714285,15.9,199.85714285714286,184.57142857142858,191.57142857142858
2022-06-29,17.7,15.671428571428573,16.52857142857143,200.14285714285714,184.85714285714286,192.0
2022-06-30,18.3,15.985714285714286,17.014285714285712,198.85714285714286,184.14285714285714,190.71428571428572
2022-07-01,19.0,16.414285714285715,17.54285714285714,198.14285714285714,183.85714285714286,190.0
2022-07-02,19.585714285714285,17.04285714285714,18.242857142857144,198.71428571428572,184.42857142857142,190.14285714285714
2022-07-03,20.057142857142857,17.685714285714287,18.828571428571426,199.57142857142858,185.14285714285714,191.42857142857142
2022-07-04,20.25714285714286,18.314285714285717,19.3,200.42857142857142,186.42857142857142,192.71428571428572
2022-07-05,20.5,18.457142857142856,19.542857142857144,202.14285714285714,187.42857142857142,194.28571428571428
2022-07-06,20.771428571428572,18.785714285714285,19.91428571428571,204.0,188.14285714285714,195.42857142857142
2022-07-07,20.87142857142857,18.942857142857147,20.099999999999998,204.42857142857142,188.28571428571428,196.0
2022-07-08,20.97142857142857,19.014285714285712,20.24285714285714,206.57142857142858,188.57142857142858,197.42857142857142
2022-07-09,21.057142857142857,18.95714285714286,20.24285714285714,209.0,189.28571428571428,198.85714285714286
2022-07-10,20.928571428571427,18.585714285714285,19.95714285714286,212.71428571428572,189.28571428571428,201.0
2022-07-11,20.928571428571427,18.214285714285715,19.75714285714286,213.85714285714286,188.42857142857142,200.71428571428572
2022-07-12,20.957142857142856,18.32857142857143,19.785714285714285,212.85714285714286,187.28571428571428,199.0
2022-07-13,21.057142857142857,18.428571428571427,19.842857142857145,216.71428571428572,187.42857142857142,201.0
2022-07-14,21.142857142857142,18.74285714285714,20.0,216.14285714285714,187.14285714285714,200.0
2022-07-15,21.085714285714285,18.985714285714288,20.071428571428573,216.42857142857142,186.71428571428572,198.57142857142858
2022-07-16,21.157142857142855,19.12857142857143,20.142857142857142,216.85714285714286,185.57142857142858,198.14285714285714
2022-07-17,21.542857142857144,19.642857142857142,20.657142857142855,213.42857142857142,185.71428571428572,195.71428571428572
2022-07-18,21.900000000000002,20.414285714285715,21.157142857142855,213.42857142857142,186.28571428571428,196.28571428571428
2022-07-19,22.185714285714287,20.842857142857145,21.542857142857144,213.85714285714286,187.42857142857142,197.42857142857142
2022-07-20,22.52857142857143,21.114285714285717,21.842857142857145,210.85714285714286,187.42857142857142,196.0
2022-07-21,22.985714285714288,21.471428571428568,22.228571428571428,213.14285714285714,187.71428571428572,197.14285714285714
2022-07-22,23.62857142857143,21.971428571428568,22.8,211.42857142857142,188.28571428571428,197.85714285714286
2022-07-23,24.114285714285717,22.642857142857142,23.38571428571429,209.85714285714286,189.85714285714286,198.14285714285714
2022-07-24,24.428571428571427,23.157142857142855,23.75714285714286,209.57142857142858,190.0,198.71428571428572
2022-07-25,24.62857142857143,23.5,24.057142857142857,211.14285714285714,190.42857142857142,199.42857142857142
2022-07-26,24.814285714285713,23.67142857142857,24.214285714285715,212.57142857142858,191.0,200.57142857142858
2022-07-27,24.799999999999994,23.785714285714285,24.3,212.0,191.28571428571428,200.42857142857142
2022-07-28,24.728571428571428,23.88571428571429,24.314285714285717,214.28571428571428,193.28571428571428,202.14285714285714
2022-07-29,24.628571428571426,23.900000000000002,24.27142857142857,216.42857142857142,194.42857142857142,203.71428571428572
2022-07-30,24.52857142857143,23.814285714285713,24.17142857142857,221.28571428571428,194.57142857142858,204.28571428571428
2022-07-31,24.414285714285715,23.800000000000004,24.099999999999998,226.57142857142858,196.57142857142858,206.57142857142858
2022-08-01,24.3,23.62857142857143,23.957142857142856,227.14285714285714,197.57142857142858,207.42857142857142
2022-08-02,24.328571428571426,23.571428571428573,23.928571428571427,231.57142857142858,199.0,209.71428571428572
2022-08-03,24.357142857142858,23.628571428571433,23.957142857142856,235.42857142857142,200.28571428571428,212.28571428571428
2022-08-04,24.442857142857143,23.599999999999998,23.971428571428568,234.0,200.28571428571428,212.42857142857142
2022-08-05,24.485714285714288,23.642857142857142,23.985714285714284,235.0,201.14285714285714,213.28571428571428
2022-08-06,24.457142857142856,23.671428571428574,23.985714285714288,233.28571428571428,201.85714285714286,214.57142857142858
2022-08-07,24.6,23.642857142857142,24.02857142857143,231.42857142857142,201.0,213.71428571428572
2022-08-08,24.88571428571429,23.914285714285715,24.300000000000004,230.28571428571428,200.28571428571428,213.28571428571428
2022-08-09,25.014285714285716,23.87142857142857,24.385714285714283,228.0,200.0,212.28571428571428
2022-08-10,24.942857142857143,23.514285714285716,24.214285714285715,228.42857142857142,198.85714285714286,210.57142857142858
2022-08-11,24.800000000000004,23.285714285714285,24.0,228.42857142857142,197.14285714285714,209.57142857142858
2022-08-12,24.742857142857144,23.214285714285715,23.97142857142857,227.42857142857142,195.57142857142858,208.0
2022-08-13,24.72857142857143,23.04285714285714,23.88571428571429,227.85714285714286,195.0,207.14285714285714
2022-08-14,24.428571428571427,22.871428571428574,23.671428571428574,227.14285714285714,195.85714285714286,208.14285714285714
2022-08-15,24.085714285714285,22.471428571428568,23.28571428571429,229.42857142857142,197.71428571428572,209.71428571428572
2022-08-16,23.771428571428572,22.428571428571427,23.085714285714285,229.14285714285714,197.14285714285714,208.85714285714286
2022-08-17,23.657142857142855,22.599999999999998,23.08571428571429,227.42857142857142,199.0,210.42857142857142
2022-08-18,23.571428571428573,22.685714285714287,23.142857142857142,226.42857142857142,200.0,210.57142857142858
2022-08-19,23.328571428571426,22.485714285714288,22.914285714285715,226.71428571428572,200.14285714285714,210.71428571428572
2022-08-20,23.314285714285713,22.371428571428574,22.814285714285713,224.0,200.14285714285714,210.42857142857142
2022-08-21,23.5,22.557142857142853,22.985714285714288,222.42857142857142,198.71428571428572,208.28571428571428
2022-08-22,23.571428571428573,22.771428571428572,23.128571428571426,221.14285714285714,197.57142857142858,207.14285714285714
2022-08-23,23.642857142857142,22.842857142857145,23.2,220.85714285714286,197.42857142857142,207.14285714285714
2022-08-24,23.771428571428572,23.014285714285712,23.328571428571426,220.0,195.57142857142858,205.28571428571428
2022-08-25,24.014285714285712,23.214285714285715,23.514285714285716,221.0,195.28571428571428,205.14285714285714
2022-08-26,24.37142857142857,23.485714285714288,23.842857142857138,220.14285714285714,194.71428571428572,205.0
2022-08-27,24.37142857142857,23.671428571428574,23.942857142857143,220.71428571428572,194.42857142857142,204.85714285714286
2022-08-28,24.27142857142857,23.571428571428573,23.857142857142858,220.57142857142858,193.57142857142858,205.14285714285714
2022-08-29,24.271428571428572,23.428571428571427,23.785714285714285,220.0,192.85714285714286,204.85714285714286
2022-08-30,24.299999999999994,23.428571428571427,23.8,219.57142857142858,192.14285714285714,204.71428571428572
2022-08-31,24.328571428571426,23.400000000000002,23.814285714285713,219.57142857142858,193.0,205.14285714285714
2022-09-01,24.199999999999996,23.357142857142858,23.75714285714286,222.57142857142858,193.57142857142858,206.14285714285714
2022-09-02,24.0,23.114285714285717,23.514285714285716,223.85714285714286,194.71428571428572,206.28571428571428
2022-09-03,23.885714285714283,22.928571428571427,23.385714285714283,222.71428571428572,194.28571428571428,205.42857142857142
2022-09-04,23.800000000000004,22.857142857142858,23.314285714285717,222.14285714285714,194.85714285714286,205.0
2022-09-05,23.599999999999998,22.72857142857143,23.171428571428574,220.57142857142858,194.85714285714286,204.28571428571428
2022-09-06,23.242857142857144,22.4,22.82857142857143,220.71428571428572,195.71428571428572,205.57142857142858
2022-09-07,22.800000000000004,22.0,22.41428571428571,221.14285714285714,196.28571428571428,206.71428571428572
2022-09-08,22.514285714285716,21.642857142857142,22.085714285714285,216.42857142857142,196.14285714285714,205.42857142857142
2022-09-09,22.400000000000002,21.557142857142857,21.971428571428568,213.85714285714286,195.28571428571428,204.57142857142858
2022-09-10,22.342857142857138,21.571428571428573,21.957142857142856,214.71428571428572,196.28571428571428,205.71428571428572
2022-09-11,22.342857142857138,21.557142857142853,21.942857142857143,215.42857142857142,197.0,206.42857142857142
2022-09-12,22.400000000000002,21.642857142857142,22.0,215.28571428571428,197.0,206.28571428571428
2022-09-13,22.61428571428571,21.82857142857143,22.2,213.85714285714286,196.28571428571428,204.14285714285714
2022-09-14,22.857142857142858,22.071428571428573,22.442857142857147,212.28571428571428,195.0,202.57142857142858
2022-09-15,22.97142857142857,22.228571428571428,22.58571428571429,216.14285714285714,193.71428571428572,202.57142857142858
2022-09-16,22.885714285714283,22.114285714285717,22.5,222.71428571428572,194.0,204.14285714285714
2022-09-17,22.62857142857143,21.88571428571429,22.25714285714286,226.85714285714286,193.14285714285714,204.0
2022-09-18,22.314285714285717,21.54285714285714,21.928571428571427,229.85714285714286,192.14285714285714,202.85714285714286
2022-09-19,21.928571428571427,21.22857142857143,21.585714285714285,231.0,191.42857142857142,202.42857142857142
2022-09-20,21.485714285714288,20.842857142857145,21.157142857142855,231.57142857142858,191.0,202.57142857142858
2022-09-21,21.042857142857144,20.37142857142857,20.7,231.71428571428572,190.57142857142858,201.71428571428572
2022-09-22,20.614285714285717,19.97142857142857,20.271428571428572,228.0,190.85714285714286,200.71428571428572
2022-09-23,20.242857142857144,19.67142857142857,19.971428571428568,223.57142857142858,190.85714285714286,199.42857142857142
2022-09-24,19.928571428571427,19.2,19.585714285714285,216.71428571428572,190.57142857142858,197.57142857142858
2022-09-25,19.400000000000002,18.714285714285715,19.085714285714285,212.85714285714286,190.14285714285714,197.0
2022-09-26,18.885714285714283,18.185714285714287,18.571428571428573,215.42857142857142,190.14285714285714,197.42857142857142
2022-09-27,18.485714285714284,17.728571428571428,18.142857142857142,214.28571428571428,190.0,197.0
2022-09-28,18.1,17.34285714285714,17.742857142857144,211.42857142857142,189.57142857142858,196.14285714285714
2022-09-29,17.714285714285715,16.95714285714286,17.357142857142858,213.85714285714286,189.0,196.0
2022-09-30,17.32857142857143,16.628571428571426,16.97142857142857,211.71428571428572,188.42857142857142,194.85714285714286
2022-10-01,17.057142857142857,16.47142857142857,16.75714285714286,216.85714285714286,188.0,195.14285714285714
2022-10-02,17.014285714285716,16.47142857142857,16.728571428571428,218.0,188.0,195.28571428571428
2022-10-03,16.942857142857143,16.17142857142857,16.557142857142857,216.0,187.14285714285714,194.14285714285714
2022-10-04,16.642857142857142,15.785714285714286,16.228571428571428,216.57142857142858,186.28571428571428,193.0
2022-10-05,16.357142857142858,15.485714285714286,15.942857142857145,220.14285714285714,186.14285714285714,193.0
2022-10-06,16.17142857142857,15.228571428571428,15.714285714285714,220.57142857142858,186.28571428571428,192.71428571428572
2022-10-07,16.057142857142857,15.042857142857144,15.571428571428571,219.42857142857142,186.0,192.28571428571428
2022-10-08,15.942857142857141,14.957142857142857,15.485714285714284,218.57142857142858,186.28571428571428,192.57142857142858
2022-10-09,15.728571428571428,14.714285714285714,15.257142857142856,216.0,186.14285714285714,192.28571428571428
2022-10-10,15.5,14.671428571428573,15.085714285714287,213.42857142857142,186.57142857142858,192.28571428571428
2022-10-11,15.37142857142857,14.657142857142857,15.014285714285714,212.42857142857142,187.0,192.85714285714286
2022-10-12,15.271428571428572,14.514285714285714,14.9,213.0,186.85714285714286,192.85714285714286
2022-10-13,15.12857142857143,14.414285714285715,14.799999999999999,211.14285714285714,186.57142857142858,192.71428571428572
2022-10-14,14.957142857142857,14.314285714285715,14.657142857142857,212.42857142857142,186.71428571428572,193.42857142857142
2022-10-15,14.8,14.2,14.485714285714286,209.71428571428572,186.71428571428572,193.14285714285714
2022-10-16,14.72857142857143,14.128571428571428,14.414285714285715,214.71428571428572,187.14285714285714,193.85714285714286
2022-10-17,14.72857142857143,14.12857142857143,14.428571428571429,219.28571428571428,187.85714285714286,194.85714285714286
2022-10-18,14.728571428571428,14.171428571428569,14.442857142857145,221.85714285714286,188.57142857142858,195.42857142857142
2022-10-19,14.714285714285714,14.228571428571428,14.457142857142857,219.71428571428572,188.85714285714286,196.14285714285714
2022-10-20,14.6,14.099999999999998,14.342857142857142,218.71428571428572,189.28571428571428,196.28571428571428
2022-10-21,14.37142857142857,13.87142857142857,14.1,216.85714285714286,189.14285714285714,195.71428571428572
2022-10-22,14.142857142857142,13.6,13.87142857142857,216.0,188.71428571428572,194.71428571428572
2022-10-23,13.942857142857141,13.37142857142857,13.657142857142857,210.85714285714286,188.28571428571428,193.28571428571428
2022-10-24,13.771428571428572,13.214285714285714,13.5,205.85714285714286,187.28571428571428,191.85714285714286
2022-10-25,13.671428571428573,13.1,13.4,204.0,186.28571428571428,191.14285714285714
2022-10-26,13.685714285714285,13.042857142857143,13.385714285714284,202.71428571428572,186.0,190.28571428571428
2022-10-27,13.814285714285715,13.185714285714285,13.5,202.57142857142858,185.28571428571428,190.14285714285714
2022-10-28,14.057142857142855,13.3,13.700000000000001,204.57142857142858,185.42857142857142,190.85714285714286
2022-10-29,14.1,13.328571428571427,13.714285714285714,204.85714285714286,185.14285714285714,191.28571428571428
2022-10-30,14.071428571428571,13.3,13.685714285714285,206.28571428571428,185.71428571428572,192.14285714285714
2022-10-31,14.0,13.214285714285714,13.599999999999998,207.0,185.85714285714286,192.42857142857142
2022-11-01,13.857142857142858,13.071428571428571,13.471428571428572,207.28571428571428,186.28571428571428,192.71428571428572
2022-11-02,13.642857142857142,12.957142857142856,13.3,208.42857142857142,186.28571428571428,193.71428571428572
2022-11-03,13.385714285714284,12.72857142857143,13.057142857142859,210.85714285714286,187.28571428571428,195.14285714285714
2022-11-04,13.1,12.542857142857143,12.828571428571427,213.14285714285714,187.57142857142858,195.14285714285714
2022-11-05,13.0,12.485714285714286,12.771428571428572,215.28571428571428,188.85714285714286,196.85714285714286
2022-11-06,13.057142857142859,12.528571428571427,12.814285714285715,218.0,190.0,198.57142857142858
2022-11-07,13.157142857142857,12.628571428571428,12.914285714285715,217.14285714285714,190.14285714285714,198.71428571428572
2022-11-08,13.271428571428572,12.671428571428573,13.0,215.71428571428572,190.14285714285714,198.57142857142858
2022-11-09,13.228571428571428,12.5,12.87142857142857,213.71428571428572,190.28571428571428,197.57142857142858
2022-11-10,13.1,12.314285714285715,12.728571428571428,209.14285714285714,189.28571428571428,195.57142857142858
2022-11-11,12.885714285714286,12.085714285714285,12.5,205.57142857142858,189.42857142857142,195.57142857142858
2022-11-12,12.757142857142856,11.942857142857141,12.342857142857142,203.85714285714286,189.0,194.57142857142858
2022-11-13,12.6,11.842857142857143,12.214285714285714,199.71428571428572,187.42857142857142,192.71428571428572
2022-11-14,12.342857142857143,11.5,11.942857142857141,200.28571428571428,187.28571428571428,192.57142857142858
2022-11-15,11.942857142857141,11.1,11.514285714285716,199.0,187.0,191.71428571428572
2022-11-16,11.62857142857143,10.857142857142858,11.257142857142856,198.42857142857142,186.28571428571428,190.71428571428572
2022-11-17,11.342857142857143,10.642857142857142,11.0,198.0,186.14285714285714,190.42857142857142
2022-11-18,11.128571428571428,10.385714285714286,10.757142857142856,197.28571428571428,185.71428571428572,189.85714285714286
2022-11-19,10.757142857142856,10.014285714285716,10.414285714285715,195.14285714285714,184.71428571428572,188.71428571428572
2022-11-20,10.299999999999999,9.557142857142859,9.971428571428572,195.28571428571428,184.85714285714286,188.57142857142858
2022-11-21,9.87142857142857,9.114285714285716,9.542857142857143,194.14285714285714,185.14285714285714,188.28571428571428
2022-11-22,9.5,8.742857142857144,9.171428571428573,195.0,184.85714285714286,188.42857142857142
2022-11-23,9.228571428571428,8.385714285714286,8.87142857142857,195.57142857142858,185.0,188.85714285714286
2022-11-24,9.028571428571428,8.171428571428573,8.67142857142857,195.0,185.28571428571428,188.85714285714286
2022-11-25,8.842857142857143,8.071428571428571,8.528571428571428,195.57142857142858,184.85714285714286,188.42857142857142
2022-11-26,8.742857142857144,7.985714285714287,8.414285714285715,197.14285714285714,185.28571428571428,189.28571428571428
2022-11-27,8.657142857142857,7.885714285714285,8.314285714285715,196.28571428571428,184.85714285714286,188.71428571428572
2022-11-28,8.642857142857142,7.985714285714287,8.314285714285715,196.0,184.57142857142858,188.57142857142858
2022-11-29,8.72857142857143,8.1,8.428571428571429,195.71428571428572,184.71428571428572,189.0
2022-11-30,8.67142857142857,8.171428571428573,8.414285714285715,195.85714285714286,184.85714285714286,189.0
2022-12-01,8.557142857142857,8.057142857142859,8.285714285714286,197.42857142857142,185.28571428571428,190.0
2022-12-02,8.442857142857143,7.885714285714286,8.128571428571428,196.85714285714286,185.42857142857142,190.28571428571428
2022-12-03,8.3,7.714285714285714,7.971428571428571,195.28571428571428,185.14285714285714,189.42857142857142
2022-12-04,8.171428571428573,7.514285714285714,7.785714285714286,196.14285714285714,185.42857142857142,190.42857142857142
2022-12-05,8.0,7.328571428571429,7.614285714285714,195.85714285714286,185.28571428571428,190.28571428571428
2022-12-06,7.771428571428571,7.1000000000000005,7.357142857142857,196.71428571428572,185.57142857142858,190.28571428571428
2022-12-07,7.714285714285714,6.8999999999999995,7.242857142857142,198.71428571428572,185.42857142857142,190.71428571428572
2022-12-08,7.728571428571429,6.942857142857142,7.271428571428572,197.71428571428572,185.0,190.0
2022-12-09,7.757142857142857,7.014285714285713,7.3428571428571425,197.57142857142858,185.14285714285714,189.85714285714286
2022-12-10,7.728571428571429,6.957142857142856,7.314285714285715,197.71428571428572,186.0,190.42857142857142
2022-12-11,7.571428571428571,6.857142857142857,7.214285714285714,196.71428571428572,185.85714285714286,189.57142857142858
2022-12-12,7.442857142857143,6.785714285714286,7.114285714285715,196.28571428571428,185.85714285714286,189.14285714285714
2022-12-13,7.357142857142857,6.7,7.042857142857143,195.14285714285714,185.71428571428572,189.0
2022-12-14,7.128571428571428,6.585714285714286,6.857142857142857,193.42857142857142,185.71428571428572,188.57142857142858
2022-12-15,6.785714285714286,6.185714285714286,6.485714285714286,194.14285714285714,186.0,189.14285714285714
2022-12-16,6.542857142857143,5.9,6.228571428571429,192.85714285714286,185.28571428571428,188.28571428571428
2022-12-17,6.357142857142857,5.785714285714286,6.071428571428571,191.57142857142858,184.14285714285714,187.14285714285714
2022-12-18,6.271428571428571,5.742857142857143,6.0,191.0,183.85714285714286,186.71428571428572
2022-12-19,6.142857142857143,5.585714285714286,5.857142857142857,191.71428571428572,184.14285714285714,187.57142857142858
2022-12-20,5.985714285714286,5.471428571428571,5.742857142857143,192.14285714285714,184.42857142857142,187.57142857142858
2022-12-21,5.842857142857143,5.3428571428571425,5.614285714285714,192.0,184.85714285714286,188.28571428571428
2022-12-22,5.785714285714286,5.314285714285714,5.585714285714286,192.28571428571428,184.57142857142858,188.14285714285714
2022-12-23,5.685714285714286,5.228571428571429,5.485714285714286,192.85714285714286,184.85714285714286,188.42857142857142
2022-12-24,5.642857142857143,5.1571428571428575,5.428571428571429,200.42857142857142,185.0,190.85714285714286
2022-12-25,5.528571428571428,4.757142857142857,5.128571428571428,206.71428571428572,188.0,194.85714285714286
2022-12-26,5.185714285714285,4.328571428571428,4.728571428571428,209.57142857142858,189.42857142857142,196.85714285714286
2022-12-27,4.914285714285714,4.042857142857143,4.442857142857142,210.71428571428572,190.57142857142858,198.28571428571428
2022-12-28,4.742857142857143,3.7428571428571433,4.214285714285714,213.14285714285714,191.14285714285714,199.0
2022-12-29,4.642857142857143,3.528571428571429,4.014285714285714,214.28571428571428,191.85714285714286,200.14285714285714
2022-12-30,4.6,3.471428571428571,3.9571428571428577,215.42857142857142,192.14285714285714,201.0
2022-12-31,4.6000000000000005,3.4714285714285715,3.957142857142857,210.14285714285714,192.71428571428572,199.85714285714286
